timestamp,pm25,pm10,no2,so2,co,o3,temperature,humidity,wind_speed,wind_direction,rainfall,solar_radiation
2024-01-01 00:00:00,47.724031938336786,98.2709727044994,22.680115143041164,16.855077002728958,0.6925347109208515,38.52080639567355,,,,,,
2024-01-01 01:00:00,47.724031938336786,98.2709727044994,22.680115143041164,16.855077002728958,0.6925347109208515,38.52080639567355,,,,,,
2024-01-01 02:00:00,47.724031938336786,98.2709727044994,22.680115143041164,16.855077002728958,0.6925347109208515,38.52080639567355,,,,,,
2024-01-01 03:00:00,47.724031938336786,98.2709727044994,22.680115143041164,16.855077002728958,0.6925347109208515,38.52080639567355,,,,,,
2024-01-01 04:00:00,47.724031938336786,98.2709727044994,22.680115143041164,16.855077002728958,0.6925347109208515,38.52080639567355,,,,,,
2024-01-01 05:00:00,108.17,172.2,21.37,11.96,0.52,17.51,15.42,96.05,1.44,319.7,0.0,0.0
2024-01-01 06:00:00,102.1,158.4,22.22,11.98,0.56,18.28,15.27,96.14,1.43,317.04,0.0,0.0
2024-01-01 07:00:00,88.31,147.01,25.92,11.29,0.78,13.14,15.28,96.56,1.27,318.45,0.0,0.0
2024-01-01 08:00:00,84.49,157.55,29.82,11.86,0.93,23.59,17.66,88.41,0.98,345.21,0.0,0.0
2024-01-01 09:00:00,83.77,163.4,36.9,18.56,0.99,57.73,21.44,73.62,0.84,136.75,0.0,116.28
2024-01-01 10:00:00,92.44,174.28,43.19,30.25,1.16,89.35,23.8,65.22,0.79,117.72,0.0,285.27
2024-01-01 11:00:00,100.63,198.2,44.41,38.66,1.1,107.7,25.46,59.6,0.88,164.6,0.0,418.05
2024-01-01 12:00:00,99.57,201.19,30.23,32.7,0.78,113.41,26.94,54.47,0.59,166.79,0.0,486.55
2024-01-01 13:00:00,94.0,179.9,31.94,29.76,0.78,116.19,28.04,52.8,0.71,135.21,0.0,423.7
2024-01-01 14:00:00,89.77,161.27,23.78,26.16,0.59,123.58,28.31,51.23,0.6,204.16,0.0,301.85
2024-01-01 15:00:00,86.81,153.39,21.34,27.96,0.55,121.39,27.68,51.9,0.89,160.99,0.0,41.95
2024-01-01 16:00:00,85.29,142.94,31.26,26.4,0.68,106.94,26.54,53.47,0.99,105.99,0.0,0.0
2024-01-01 17:00:00,84.04,134.49,53.1,22.44,1.23,69.54,24.27,59.66,1.11,109.46,0.0,0.0
2024-01-01 18:00:00,82.16,138.76,100.59,14.96,2.48,23.68,22.14,66.52,1.27,101.49,0.0,0.0
2024-01-01 19:00:00,91.3,174.77,79.1,10.96,2.32,22.82,20.75,71.97,1.25,255.96,0.0,0.0
2024-01-01 20:00:00,100.92,197.78,94.52,13.27,3.09,10.27,19.72,75.8,1.3,323.74,0.0,0.0
2024-01-01 21:00:00,116.0,220.02,104.78,7.9,3.39,4.97,19.03,78.34,1.25,308.44,0.0,0.0
2024-01-01 22:00:00,132.6,249.56,65.1,5.7,2.19,1.09,18.0,88.12,1.35,303.43,0.0,0.0
2024-01-01 23:00:00,122.51,224.34,58.14,10.98,2.18,0.24,17.4,93.34,1.36,307.55,0.0,0.0
2024-01-02 00:00:00,110.18,201.1,51.48,8.6,1.95,2.25,16.83,92.53,1.35,301.03,0.0,0.0
2024-01-02 01:00:00,102.98,192.09,56.93,11.93,2.1,2.06,16.73,92.01,1.33,318.42,0.0,0.0
2024-01-02 02:00:00,100.73,184.74,54.57,11.1,2.35,1.47,16.26,94.73,1.08,311.54,0.0,0.0
2024-01-02 03:00:00,100.38,179.77,45.12,10.4,2.0,3.54,16.09,92.74,1.25,311.14,0.0,0.0
2024-01-02 04:00:00,97.18,177.32,24.54,10.21,0.96,9.84,15.83,93.78,1.33,302.7,0.0,0.0
2024-01-02 05:00:00,91.28,170.08,18.3,10.13,0.6,15.36,15.43,96.01,1.3,292.45,0.0,0.0
2024-01-02 06:00:00,85.43,158.14,17.97,9.64,0.7,14.44,15.19,96.82,1.25,225.82,0.0,0.0
2024-01-02 07:00:00,82.68,150.33,29.33,6.27,0.9,7.81,15.57,97.06,1.16,270.62,0.0,0.0
2024-01-02 08:00:00,82.17,150.82,35.42,7.36,1.04,17.74,18.18,88.64,1.35,348.14,0.0,0.0
2024-01-02 09:00:00,82.83,168.07,49.32,18.0,1.28,55.8,21.48,74.37,0.79,149.36,0.0,107.38
2024-01-02 10:00:00,87.26,192.3,45.45,32.08,1.14,85.74,24.03,65.02,0.72,120.46,0.0,278.38
2024-01-02 11:00:00,87.78,189.22,39.82,27.37,0.9,87.92,25.61,60.58,0.72,157.11,0.0,405.78
2024-01-02 12:00:00,84.78,167.74,29.36,21.38,0.6,90.17,26.85,58.06,0.82,142.04,0.0,448.98
2024-01-02 13:00:00,79.39,153.72,23.49,19.84,0.45,97.06,27.94,53.08,0.66,109.57,0.0,449.08
2024-01-02 14:00:00,73.34,135.33,29.03,23.9,0.48,98.48,28.12,50.18,0.72,126.42,0.0,334.52
2024-01-02 15:00:00,67.54,120.8,29.75,22.81,0.44,96.91,27.46,50.72,0.98,132.02,0.0,43.12
2024-01-02 16:00:00,61.69,111.62,25.07,20.11,0.4,97.14,26.29,52.68,0.99,98.24,0.0,0.0
2024-01-02 17:00:00,56.49,109.68,39.06,17.82,0.7,76.41,24.2,56.74,1.25,98.56,0.0,0.0
2024-01-02 18:00:00,56.67,112.42,62.54,13.44,1.26,37.98,21.57,64.94,1.28,95.75,0.0,0.0
2024-01-02 19:00:00,62.56,120.49,69.32,12.73,1.42,23.39,20.24,71.81,1.01,188.75,0.0,0.0
2024-01-02 20:00:00,66.16,126.83,85.92,8.25,2.04,3.89,19.17,78.63,1.36,313.48,0.0,0.0
2024-01-02 21:00:00,66.53,130.74,58.86,5.72,1.52,0.69,18.32,85.73,1.33,312.14,0.0,0.0
2024-01-02 22:00:00,71.0,137.34,71.78,6.5,2.91,1.67,17.76,88.53,1.16,300.46,0.0,0.0
2024-01-02 23:00:00,80.14,146.94,61.27,8.73,2.27,0.59,17.0,93.48,1.34,231.64,0.0,0.0
2024-01-03 00:00:00,81.46,152.34,54.22,12.92,2.43,3.06,16.52,94.15,1.12,323.29,0.0,0.0
2024-01-03 01:00:00,86.48,170.98,50.4,12.36,2.66,1.22,16.46,94.87,1.26,309.88,0.0,0.0
2024-01-03 02:00:00,87.28,175.93,36.01,11.08,1.69,0.64,15.94,96.44,1.33,308.93,0.0,0.0
2024-01-03 03:00:00,86.79,165.89,35.32,10.02,1.39,3.56,15.67,96.76,1.4,309.74,0.0,0.0
2024-01-03 04:00:00,88.59,160.94,19.98,9.58,0.73,16.73,15.3,96.62,1.26,309.61,0.0,0.0
2024-01-03 05:00:00,84.88,152.37,18.3,9.09,0.84,15.03,15.07,96.88,1.19,303.65,0.0,0.0
2024-01-03 06:00:00,80.76,143.67,21.61,8.93,0.88,10.27,14.87,97.03,1.06,295.83,0.0,0.0
2024-01-03 07:00:00,78.09,141.64,25.98,5.11,0.96,7.62,15.48,97.1,0.78,201.23,0.0,0.0
2024-01-03 08:00:00,75.74,144.95,36.44,13.52,1.24,28.99,18.17,86.38,0.82,42.74,0.0,0.0
2024-01-03 09:00:00,75.29,151.74,35.57,25.74,1.36,66.09,21.18,72.51,0.53,55.28,0.0,112.28
2024-01-03 10:00:00,78.97,162.86,42.52,39.38,1.27,85.43,23.63,65.95,0.85,69.56,0.0,258.42
2024-01-03 11:00:00,86.47,171.72,39.82,80.5,0.84,92.46,25.27,62.7,0.62,115.65,0.0,363.98
2024-01-03 12:00:00,85.08,165.5,26.61,67.95,0.51,100.73,26.06,61.09,1.13,156.66,0.0,343.85
2024-01-03 13:00:00,79.91,148.07,28.43,56.63,0.6,111.27,27.03,58.77,0.8,79.18,0.0,342.08
2024-01-03 14:00:00,74.81,128.39,28.19,51.91,0.54,115.89,27.3,56.81,0.54,221.22,0.0,241.38
2024-01-03 15:00:00,72.58,123.71,29.12,39.15,0.52,111.48,26.96,56.36,0.68,136.02,0.0,30.1
2024-01-03 16:00:00,73.29,116.5,27.73,25.52,0.53,90.94,26.12,59.31,0.72,102.82,0.0,0.0
2024-01-03 17:00:00,70.28,111.72,43.1,20.0,0.82,62.53,24.32,64.81,1.21,86.45,0.0,0.0
2024-01-03 18:00:00,67.76,110.26,69.99,22.34,1.36,34.58,22.41,70.51,1.26,105.16,0.0,0.0
2024-01-03 19:00:00,69.1,111.31,64.22,12.99,1.42,24.18,21.29,73.76,1.24,53.08,0.0,0.0
2024-01-03 20:00:00,68.53,112.29,62.57,8.2,1.54,17.7,20.35,77.12,1.12,247.62,0.0,0.0
2024-01-03 21:00:00,68.88,110.91,54.86,8.72,1.56,1.44,19.28,88.2,1.34,306.65,0.0,0.0
2024-01-03 22:00:00,70.42,117.65,65.73,9.83,2.98,2.19,18.94,89.68,0.76,228.64,0.0,0.0
2024-01-03 23:00:00,79.35,141.71,72.83,10.03,3.16,1.83,18.65,88.06,1.0,244.5,0.0,0.0
2024-01-04 00:00:00,85.88,151.98,60.19,8.36,2.24,3.16,18.29,89.78,0.68,200.94,0.0,0.0
2024-01-04 01:00:00,84.37,146.62,53.81,10.62,1.85,2.99,17.82,91.04,1.11,236.76,0.0,0.0
2024-01-04 02:00:00,84.25,144.84,52.14,3.6,1.99,2.83,17.55,92.0,1.26,232.41,0.0,0.0
2024-01-04 03:00:00,81.09,136.59,45.3,11.04,1.13,11.19,17.74,89.0,1.18,133.58,0.0,0.0
2024-01-04 04:00:00,77.12,127.14,19.28,11.12,0.51,34.57,18.34,86.0,0.91,141.0,0.0,0.0
2024-01-04 05:00:00,74.67,120.11,13.61,9.87,0.62,24.18,17.15,91.76,0.68,309.32,0.0,0.0
2024-01-04 06:00:00,74.6,114.3,26.72,9.83,0.86,8.46,16.52,94.31,1.3,309.62,0.0,0.0
2024-01-04 07:00:00,73.99,116.65,33.48,6.64,1.06,3.6,16.46,94.13,0.89,304.76,0.0,0.0
2024-01-04 08:00:00,75.09,123.13,43.47,15.16,1.16,9.72,18.6,85.76,1.16,249.02,0.0,0.0
2024-01-04 09:00:00,75.84,133.16,55.54,19.74,1.28,34.24,21.1,76.26,0.94,154.39,0.0,70.22
2024-01-04 10:00:00,81.02,150.36,48.88,33.78,1.17,66.64,23.22,69.25,0.37,221.75,0.0,205.68
2024-01-04 11:00:00,85.02,157.4,38.16,32.8,0.78,90.38,24.84,64.89,0.41,93.96,0.0,294.02
2024-01-04 12:00:00,82.69,146.05,30.6,28.52,0.68,105.43,25.73,60.68,0.77,174.16,0.0,252.88
2024-01-04 13:00:00,79.57,136.41,25.31,24.44,0.55,110.7,26.18,58.99,0.62,132.51,0.0,94.38
2024-01-04 14:00:00,76.5,130.16,27.47,24.8,0.52,114.03,26.38,57.99,0.85,113.31,0.0,124.4
2024-01-04 15:00:00,71.97,120.84,21.7,25.38,0.46,117.5,26.6,56.81,0.62,52.98,0.0,27.1
2024-01-04 16:00:00,69.28,116.88,41.36,26.8,0.68,92.14,25.7,60.76,0.98,118.56,0.0,0.0
2024-01-04 17:00:00,72.75,118.44,49.24,33.62,0.82,77.76,24.06,66.69,1.2,106.22,0.0,0.0
2024-01-04 18:00:00,71.08,124.73,75.38,29.64,1.5,37.83,22.63,72.13,1.22,100.25,0.0,0.0
2024-01-04 19:00:00,69.85,129.76,85.18,31.98,1.62,21.59,21.9,75.32,1.27,101.71,0.0,0.0
2024-01-04 20:00:00,74.82,134.83,76.42,22.19,1.68,22.82,21.37,77.56,1.2,103.66,0.0,0.0
2024-01-04 21:00:00,77.94,140.82,72.72,16.04,1.74,18.58,20.35,81.76,0.99,290.26,0.0,0.0
2024-01-04 22:00:00,82.18,147.76,70.94,16.59,1.72,16.18,19.48,85.2,1.27,341.46,0.0,0.0
2024-01-04 23:00:00,82.52,151.54,52.42,10.3,1.49,3.96,18.66,90.42,1.33,311.6,0.0,0.0
2024-01-05 00:00:00,83.92,149.43,45.36,12.8,1.94,2.86,18.02,94.77,1.29,332.15,0.0,0.0
2024-01-05 01:00:00,87.82,151.9,51.4,12.06,2.42,2.04,17.84,95.09,1.14,242.76,0.0,0.0
2024-01-05 02:00:00,88.36,152.94,41.28,10.95,2.24,2.16,17.43,95.82,0.68,108.26,0.0,0.0
2024-01-05 03:00:00,82.88,147.45,41.8,10.88,1.74,4.13,17.36,95.38,0.84,234.96,0.0,0.0
2024-01-05 04:00:00,82.58,150.13,34.48,11.48,1.57,6.4,17.12,95.47,0.86,268.24,0.0,0.0
2024-01-05 05:00:00,84.38,153.29,27.4,10.59,1.22,7.26,16.83,96.05,1.19,305.06,0.0,0.0
2024-01-05 06:00:00,80.26,148.54,29.23,10.26,1.29,3.32,16.52,96.8,0.95,254.33,0.0,0.0
2024-01-05 07:00:00,78.31,142.28,28.95,9.78,1.02,4.26,16.64,96.98,1.36,307.79,0.0,0.0
2024-01-05 08:00:00,76.19,138.78,39.86,9.58,1.29,8.46,18.78,90.73,0.9,241.96,0.0,0.0
2024-01-05 09:00:00,74.48,141.31,38.22,18.02,1.12,44.8,21.74,75.46,0.8,73.2,0.0,74.45
2024-01-05 10:00:00,77.18,146.75,39.39,32.47,1.1,75.69,23.69,66.99,0.44,222.62,0.0,224.62
2024-01-05 11:00:00,83.0,150.13,33.17,41.77,0.9,94.49,25.15,63.45,0.93,177.75,0.0,333.3
2024-01-05 12:00:00,82.14,147.45,35.37,34.32,0.81,96.8,26.75,58.23,0.7,175.63,0.0,382.68
2024-01-05 13:00:00,77.3,138.18,31.79,32.23,0.68,109.32,27.42,55.54,0.97,187.91,0.0,349.95
2024-01-05 14:00:00,74.11,129.82,30.82,27.43,0.58,101.88,27.81,53.02,1.11,150.59,0.0,282.88
2024-01-05 15:00:00,71.02,120.08,34.66,24.68,0.57,95.38,27.64,53.8,0.62,112.58,0.0,38.65
2024-01-05 16:00:00,66.16,109.97,45.1,17.93,0.82,70.34,26.84,55.15,1.14,182.6,0.0,0.0
2024-01-05 17:00:00,63.48,106.25,66.22,17.19,1.14,41.5,24.17,64.26,1.12,317.53,0.0,0.0
2024-01-05 18:00:00,64.84,115.07,112.15,24.51,3.44,8.1,22.74,69.85,1.17,111.95,0.0,0.0
2024-01-05 19:00:00,69.03,135.7,105.2,23.2,2.78,10.75,22.36,73.84,0.9,114.12,0.0,0.0
2024-01-05 20:00:00,74.02,146.23,94.96,15.16,2.57,9.11,21.14,80.1,0.55,144.71,0.0,0.0
2024-01-05 21:00:00,86.73,156.08,98.54,10.44,2.62,5.95,21.27,80.24,1.12,95.61,0.0,0.0
2024-01-05 22:00:00,97.75,165.28,54.86,13.13,1.38,19.2,21.06,80.76,0.96,148.79,0.0,0.0
2024-01-05 23:00:00,96.05,154.39,60.48,11.17,1.66,15.56,20.59,83.17,0.68,175.28,0.0,0.0
2024-01-06 00:00:00,88.98,145.91,39.3,11.51,0.81,34.53,21.15,80.68,0.84,89.86,0.0,0.0
2024-01-06 01:00:00,82.24,134.27,20.05,12.92,0.56,37.94,21.01,82.02,1.14,167.78,0.0,0.0
2024-01-06 02:00:00,76.33,120.85,19.17,13.42,0.51,43.8,20.58,82.88,1.16,123.44,0.0,0.0
2024-01-06 03:00:00,71.75,114.68,25.8,14.12,0.6,33.37,19.58,86.93,1.15,204.17,0.0,0.0
2024-01-06 04:00:00,73.21,115.85,29.22,12.26,0.68,16.29,19.26,90.46,1.3,306.83,0.0,0.0
2024-01-06 05:00:00,73.63,120.04,25.77,11.19,0.75,12.71,19.08,91.24,1.3,301.01,0.0,0.0
2024-01-06 06:00:00,71.77,121.4,22.59,6.36,0.65,19.18,19.06,89.49,1.36,319.8,0.0,0.0
2024-01-06 07:00:00,71.01,121.76,23.62,9.94,0.7,22.16,19.35,88.12,1.3,305.76,0.0,0.0
2024-01-06 08:00:00,69.65,119.1,26.8,15.26,0.8,23.53,20.23,84.94,1.16,176.29,0.0,0.0
2024-01-06 09:00:00,67.82,118.98,27.44,15.14,0.8117754054531379,43.27,21.68,77.13,0.96,29.18,0.0,8.98
2024-01-06 10:00:00,67.76,116.85,20.86,23.81,0.627021555837739,53.68,23.28,72.38,1.19,101.9,0.0,184.82
2024-01-06 11:00:00,49.700816125965645,98.70313484181221,25.18,21.00448755420509,0.52,51.07,23.37,72.98,1.18,185.94,0.0,145.38
2024-01-06 12:00:00,43.64143163535972,91.1173639031677,21.03,10.9,0.5,37.84653088730495,23.58,71.88,1.18,101.8,0.0,142.12
2024-01-06 13:00:00,25.73,82.74,15.31,24.74,0.5,40.913134686299166,24.4,67.73,0.77,55.53,0.0,228.42
2024-01-06 14:00:00,26.97,82.8,22.68,19.78,0.53,78.51,24.61,66.89,0.97,92.13,0.0,132.23
2024-01-06 15:00:00,38.45,83.8,22.78,22.4,0.6,75.42,24.08,67.52,0.84,98.47,0.0,8.48
2024-01-06 16:00:00,53.22,88.71,49.87483084254112,123.61,0.81,54.49,23.67,69.25,0.8,100.91,0.0,0.0
2024-01-06 17:00:00,59.1,95.28,41.10260426094141,72.56,0.88,49.23,22.7,72.68,0.89,107.47,0.0,0.0
2024-01-06 18:00:00,59.45,108.13,42.3,27.43,1.04,42.5,21.72,75.4,1.1,90.7,0.0,0.0
2024-01-06 19:00:00,66.44,111.04,51.16,20.19,1.47,20.2,20.75,79.24,1.02,240.42,0.0,0.0
2024-01-06 20:00:00,68.07,118.1,32.57,35.66,1.95,4.64,20.23,81.62,1.12,279.89,0.0,0.0
2024-01-06 21:00:00,72.03,140.75,73.97,22.57,2.07,3.92,19.6,84.24,1.29,298.79,0.0,0.0
2024-01-06 22:00:00,85.36,150.7,69.86,18.96,2.06,2.23,19.02,85.84,1.2,295.89,0.0,0.0
2024-01-06 23:00:00,92.21,155.35,59.1,14.2,1.35,4.04,18.47,87.32,1.25,303.85,0.0,0.0
2024-01-07 00:00:00,85.97,135.77,34.74,12.28,0.77,17.91,18.46,86.33,0.73,270.61,0.0,0.0
2024-01-07 01:00:00,42.546225828429606,91.53368827304045,24.11,10.48,0.62,19.85,18.2,87.32,0.94,336.42,0.0,0.0
2024-01-07 02:00:00,40.133430201022854,88.31695270319813,21.71,8.93,0.58,15.04,17.54,90.64,1.1,305.62,0.0,0.0
2024-01-07 03:00:00,38.367590357817434,85.76008446332625,17.91,7.97,0.54,15.41,17.29,92.69,0.89,316.35,0.0,0.0
2024-01-07 04:00:00,39.163907781553064,86.88489879942452,18.9,8.18,0.56,16.59,17.39,92.43,0.75,16.4,0.0,0.0
2024-01-07 05:00:00,39.89621816084076,88.05008762286359,19.42,8.45,0.59,17.52,17.28,92.81,0.69,43.24,0.0,0.0
2024-01-07 06:00:00,42.167075289703774,92.19644987820367,24.07,8.78,0.72,13.6,17.0,94.01,0.72,30.8,0.0,0.0
2024-01-07 07:00:00,42.61289294039785,92.58813207294263,27.18,5.27,0.73,14.22,17.3,92.32,0.85,23.07,0.0,0.0
2024-01-07 08:00:00,43.8496069261016,93.72412426157304,24.18,11.76,0.68,21.61,18.73,85.98,0.68,29.19,0.0,0.0
2024-01-07 09:00:00,47.87570104020572,98.77234748610525,22.24,14.57,0.74,39.76,20.85,76.96,1.22,122.72,0.0,92.38
2024-01-07 10:00:00,57.7107526983153,111.18848572466902,25.1,32.77,0.78,64.96,22.9,69.27,0.46,64.98,0.0,241.02
2024-01-07 11:00:00,53.74,97.9,25.36,37.73,0.76,86.08,24.51,64.06,0.57,90.6,0.0,369.75
2024-01-07 12:00:00,63.48,109.36,24.2,36.66,0.71,102.76,25.58,60.78,0.65,100.2,0.0,324.82
2024-01-07 13:00:00,67.15,110.02,24.86,32.49,0.66,114.3,26.39,59.8,0.7,113.42,0.0,214.7
2024-01-07 14:00:00,72.45,113.28,18.88,30.83,0.6,118.96,26.96,58.76,0.88,185.63,0.0,209.05
2024-01-07 15:00:00,71.27,112.19,18.9,57.2,0.58,121.18,26.7,59.38,0.65,268.38,0.0,39.02
2024-01-07 16:00:00,69.61,115.67,22.03,51.86,0.6,113.6,26.1,60.96,0.66,114.3,0.0,0.0
2024-01-07 17:00:00,71.44,119.32,38.8,48.0,0.9,83.16,24.26,66.27,1.04,129.66,0.0,0.0
2024-01-07 18:00:00,70.19,118.74,85.64,30.17,1.79,24.53,21.82,75.58,1.16,271.03,0.0,0.0
2024-01-07 19:00:00,82.66,138.35,71.54,21.36,1.59,16.1,20.93,79.54,0.91,325.56,0.0,0.0
2024-01-07 20:00:00,82.52,144.67,43.61,19.21,1.03,41.28,21.94,76.61,0.89,259.98,0.0,0.0
2024-01-07 21:00:00,79.3,133.0,20.34,12.89,0.62,52.06,21.76,78.01,1.19,100.44,0.0,0.0
2024-01-07 22:00:00,66.22,115.51,17.98,7.59,0.61,45.58,20.98,79.9,0.81,34.49,0.0,0.0
2024-01-07 23:00:00,67.49,101.19,20.18,10.58,0.62,41.84,20.45,80.45,0.95,19.96,0.0,0.0
2024-01-08 00:00:00,64.45,100.12,15.9,14.98,0.64,42.36,19.79,82.39,1.3,269.53,0.0,0.0
2024-01-08 01:00:00,57.04,98.01,14.8,12.78,0.69,40.16,19.19,84.67,1.2,180.16,0.0,0.0
2024-01-08 02:00:00,60.38,103.05,11.35,11.5,0.63,40.06,18.73,86.37,0.83,174.88,0.0,0.0
2024-01-08 03:00:00,61.29,98.55,10.45,10.56,0.64,36.96,18.02,89.26,0.8,322.46,0.0,0.0
2024-01-08 04:00:00,61.62,93.69,14.78,9.73,0.72,23.0,17.39,92.14,0.87,257.96,0.0,0.0
2024-01-08 05:00:00,57.71,93.97,13.18,9.57,0.68,21.48,17.13,93.77,1.37,311.99,0.0,0.0
2024-01-08 06:00:00,54.02,94.13,13.68,9.44,0.64,20.95,16.77,94.65,1.2,303.99,0.0,0.0
2024-01-08 07:00:00,51.28,91.67,16.84,7.68,0.76,18.42,16.99,94.75,1.34,314.85,0.0,0.0
2024-01-08 08:00:00,52.36,101.4,23.89,10.27,0.9,26.53,19.04,86.67,1.12,167.64,0.0,0.0
2024-01-08 09:00:00,58.37,113.28,21.8,24.38,0.86,60.08,21.77,75.35,0.72,23.82,0.0,114.18
2024-01-08 10:00:00,59.28,116.59,33.99,43.72,1.1,77.9,23.92,67.05,0.62,65.2,0.0,289.42
2024-01-08 11:00:00,63.49,124.95,37.17,37.81,1.03,89.48,25.88,59.71,0.68,141.05,0.0,437.38
2024-01-08 12:00:00,69.28,127.06,35.36,27.56,0.91,102.89,27.6,52.62,0.68,183.89,0.0,515.3
2024-01-08 13:00:00,64.41,121.6,32.52,22.66,0.8,112.96,29.1,48.52,0.56,100.54,0.0,482.85
2024-01-08 14:00:00,60.2,117.55,27.5,19.25,0.63,113.63,29.25,45.79,0.84,195.88,0.0,370.85
2024-01-08 15:00:00,60.57,108.94,28.37,17.58,0.57,106.67,28.61,46.92,0.74,91.66,0.0,65.5
2024-01-08 16:00:00,54.0,99.3,22.36,17.28,0.57,105.51,27.64,49.93,0.77,95.62,0.0,0.0
2024-01-08 17:00:00,53.14,93.94,74.22,16.5,1.34,49.06,25.31,58.18,0.93,85.25,0.0,0.0
2024-01-08 18:00:00,50.61,101.33,93.31,18.27,2.22,21.64,22.96,66.44,0.84,195.87,0.0,0.0
2024-01-08 19:00:00,61.72,118.18,92.59,25.02,2.04,12.35,21.6,69.41,1.28,318.02,0.0,0.0
2024-01-08 20:00:00,64.3,134.54,105.98,15.96,2.73,4.4,20.72,71.88,1.31,321.32,0.0,0.0
2024-01-08 21:00:00,79.34,155.82,79.44,11.1,3.06,4.07,19.92,81.06,1.31,328.51,0.0,0.0
2024-01-08 22:00:00,85.54,162.67,62.23,10.14,3.61,2.58,19.31,85.25,1.35,313.2,0.0,0.0
2024-01-08 23:00:00,84.78,160.87,57.7,8.92,2.38,1.52,18.62,86.22,1.32,165.13,0.0,0.0
2024-01-09 00:00:00,47.724031938336786,98.2709727044994,22.680115143041164,16.855077002728958,0.6925347109208515,38.52080639567355,,,,,,
2024-01-09 01:00:00,47.724031938336786,98.2709727044994,22.680115143041164,16.855077002728958,0.6925347109208515,38.52080639567355,,,,,,
2024-01-09 02:00:00,47.724031938336786,98.2709727044994,22.680115143041164,16.855077002728958,0.6925347109208515,38.52080639567355,,,,,,
2024-01-09 03:00:00,76.32,133.91,41.75,9.26,1.42,4.04,16.98,89.11,1.16,326.15,0.0,0.0
2024-01-09 04:00:00,80.76,137.24,30.83,8.9,1.0,5.9,16.74,89.45,1.27,304.65,0.0,0.0
2024-01-09 05:00:00,81.38,135.34,21.96,8.47,0.45,9.22,16.16,93.25,1.41,306.7,0.0,0.0
2024-01-09 06:00:00,67.58,116.28,22.31,8.46,0.46,11.83,16.33,90.49,1.55,233.61,0.0,0.0
2024-01-09 07:00:00,60.58,113.06,22.21,6.24,0.46,13.02,16.38,90.3,1.36,308.4,0.0,0.0
2024-01-09 08:00:00,61.36,109.21,32.16,10.33,0.69,21.6,19.03,81.11,0.72,93.19,0.0,0.0
2024-01-09 09:00:00,60.44,111.56,46.68,17.93,1.04,54.25,22.58,68.62,0.73,113.15,0.0,88.2
2024-01-09 10:00:00,64.51,125.76,42.41,24.04,0.91,84.77,24.98,60.17,0.97,123.99,0.0,297.23
2024-01-09 11:00:00,66.03,129.52,38.98,29.79,0.81,97.01,26.36,56.61,0.92,139.9,0.0,418.08
2024-01-09 12:00:00,65.41,123.84,31.98,26.54,0.72,103.62,28.07,53.13,0.8,169.61,0.0,444.9
2024-01-09 13:00:00,60.79,119.68,31.26,15.74,0.59,100.19,29.02,49.16,0.96,153.1,0.0,262.27
2024-01-09 14:00:00,74.67,103.05,36.64,14.26,0.67,88.12,28.76,49.38,1.19,179.68,0.0,160.72
2024-01-09 15:00:00,63.18824047312781,115.36009143679063,40.63,18.72,0.71,89.16,28.25,50.88,1.07,166.87,0.0,49.72
2024-01-09 16:00:00,68.50173542600479,123.31074268988931,46.68,48.0,0.67,76.71,27.07,54.72,0.82,145.88,0.0,0.0
2024-01-09 17:00:00,46.42,127.31,67.52,53.81,1.19,46.41,25.16,60.78,0.76,248.16,0.0,0.0
2024-01-09 18:00:00,120.85165965905122,222.5004738141031,133.91,43.24,4.13,5.24,23.56,66.26,1.21,213.37,0.0,0.0
2024-01-09 19:00:00,87.05,227.39,90.89,22.39,1.74,3.68,22.7,72.38,1.3,312.34,0.0,0.0
2024-01-09 20:00:00,86.19,192.13,77.95,22.29,1.48,4.81,22.35,73.76,1.14,255.54,0.0,0.0
2024-01-09 21:00:00,79.5,165.34,64.3,28.33,1.31,5.99,22.21,74.04,1.04,247.79,0.0,0.0
2024-01-09 22:00:00,69.69,149.82,63.71,20.95,1.58,1.92,21.74,78.36,1.22,304.61,0.0,0.0
2024-01-09 23:00:00,75.29,148.29,53.21,24.3,0.96,13.75,21.56,72.36,1.37,212.04,0.0,0.0
2024-01-10 00:00:00,68.51,141.1,30.57,20.7,0.61,28.53,21.24,73.97,1.25,318.9,0.0,0.0
2024-01-10 01:00:00,68.47,125.64,25.59,16.05,0.55,25.41,20.48,79.66,1.26,323.62,0.0,0.0
2024-01-10 02:00:00,62.55,112.36,24.46,18.11,0.53,31.12,20.9,76.37,0.9,318.39,0.0,0.0
2024-01-10 03:00:00,63.7,106.72,20.93,17.38,0.42,33.06,20.84,77.38,1.44,241.17,0.0,0.0
2024-01-10 04:00:00,59.14,105.1,16.2,16.84,0.4,38.96,20.72,75.42,1.27,327.48,0.0,0.0
2024-01-10 05:00:00,55.19,95.08,13.24,15.69,0.31,37.88,20.45,76.55,1.05,329.68,0.0,0.0
2024-01-10 06:00:00,52.64,88.73,16.56,15.4,0.42,37.36,20.35,77.64,1.22,323.33,0.0,0.0
2024-01-10 07:00:00,53.48,90.2,17.74,12.92,0.45,37.3,20.5,78.23,1.29,315.62,0.0,0.0
2024-01-10 08:00:00,58.3,89.02,19.38,15.14,0.54,38.26,21.32,76.4,1.02,334.48,0.0,0.0
2024-01-10 09:00:00,51.32,86.8,31.28,17.34,0.77,53.2,24.11,67.67,0.76,67.06,0.0,132.72
2024-01-10 10:00:00,52.59,94.34,42.16,40.92,0.99,90.14,27.1,57.73,0.55,88.52,0.0,273.92
2024-01-10 11:00:00,56.04,104.26,36.67,54.5,0.84,120.23,28.43,53.04,0.68,136.88,0.0,346.75
2024-01-10 12:00:00,60.18,110.42,31.77,50.08,0.8,134.32,29.34,50.89,0.73,197.4,0.0,411.25
2024-01-10 13:00:00,63.8,115.47,18.94,70.33,0.49,137.73,29.15,51.11,1.24,338.2,0.0,234.82
2024-01-10 14:00:00,60.33,111.45,14.53,68.02,0.34,112.73,29.2,51.73,1.18,266.28,0.0,210.38
2024-01-10 15:00:00,57.27,97.91,11.05,35.29,0.3,98.46,27.84,54.03,1.38,322.77,0.0,0.15
2024-01-10 16:00:00,51.88,90.95,15.2,26.11,0.37,79.66,26.21,59.36,1.35,305.88,0.0,0.0
2024-01-10 17:00:00,49.79,85.11,31.14,15.15,0.58,47.58,21.59,85.17,0.91,289.23,0.1,0.0
2024-01-10 18:00:00,48.17,88.29,62.28,6.78,1.44,23.16,20.99,86.2,0.75,220.02,0.0,0.0
2024-01-10 19:00:00,55.88,100.18,73.67,6.5,2.19,6.63,20.66,87.06,1.27,312.05,0.0,0.0
2024-01-10 20:00:00,66.99,114.95,48.34,6.24,1.4,0.99,20.29,92.44,1.22,305.2,0.0,0.0
2024-01-10 21:00:00,66.49,108.98,48.18,2.66,1.24,1.38,19.98,87.96,1.37,302.0,0.0,0.0
2024-01-10 22:00:00,55.24,103.25,48.22,9.24,1.16,1.77,19.79,87.19,1.36,313.28,0.0,0.0
2024-01-10 23:00:00,51.1,107.4,45.45,6.44,1.23,1.43,19.38,89.17,1.1,236.83,0.0,0.0
2024-01-11 00:00:00,53.21,109.25,43.12,10.56,1.16,6.9,20.06,85.14,0.86,216.67,0.0,0.0
2024-01-11 01:00:00,56.19,113.31,32.0,9.84,1.08,8.4,20.37,86.06,1.22,300.9,0.0,0.0
2024-01-11 02:00:00,55.33,109.67,20.07,10.32,0.73,14.25,20.34,86.76,1.2,310.2,0.0,0.0
2024-01-11 03:00:00,51.34,96.17,16.07,9.48,0.58,13.31,19.74,89.0,1.32,302.13,0.0,0.0
2024-01-11 04:00:00,51.58,93.37,16.88,8.76,0.52,11.34,18.49,91.98,1.2,300.62,0.0,0.0
2024-01-11 05:00:00,49.49,79.85,17.72,7.58,0.58,8.68,18.08,92.04,1.35,308.87,0.0,0.0
2024-01-11 06:00:00,46.36,80.25,19.3,5.73,0.57,7.36,17.74,93.02,1.25,299.46,0.0,0.0
2024-01-11 07:00:00,46.59,83.11,18.52,5.75,0.72,6.34,18.06,93.2,0.7,183.85,0.0,0.0
2024-01-11 08:00:00,46.44,84.68,21.98,10.86,0.84,16.71,20.05,83.76,1.03,107.16,0.0,0.0
2024-01-11 09:00:00,47.38,88.68,30.12,14.26,0.96,31.22,22.35,75.22,0.73,104.97,0.0,126.0
2024-01-11 10:00:00,50.25,95.0,30.94,22.23,0.99,51.95,24.52,68.83,1.07,97.08,0.0,303.9
2024-01-11 11:00:00,53.76,95.37,30.53,22.74,0.93,79.43,26.49,62.43,0.64,73.46,0.0,391.45
2024-01-11 12:00:00,53.58,98.09,41.8,39.52,0.99,93.63,27.83,58.53,0.86,128.52,0.0,395.78
2024-01-11 13:00:00,58.72,106.85,32.0,52.9,0.76,103.47,28.72,55.73,0.48,81.14,0.0,425.52
2024-01-11 14:00:00,55.3,111.24,45.27,67.45,0.85,95.3,29.3,54.07,0.67,120.75,0.0,287.95
2024-01-11 15:00:00,57.4,109.34,36.81,82.0,0.63,86.32,29.01,55.22,0.66,74.03,0.0,60.3
2024-01-11 16:00:00,56.94,103.0,54.87,95.12,0.84,70.89,28.19,56.43,1.02,119.82,0.0,0.0
2024-01-11 17:00:00,52.58,105.64,75.21,67.03,1.27,43.79,26.51,62.02,1.19,105.28,0.0,0.0
2024-01-11 18:00:00,49.8,107.23,78.58,48.24,1.58,28.87,24.83,67.24,0.9,117.5,0.0,0.0
2024-01-11 19:00:00,55.4,108.71,90.21,36.62,2.88,7.12,23.61,71.78,0.86,132.94,0.0,0.0
2024-01-11 20:00:00,52.51,109.12,74.47,24.8,1.99,7.18,22.67,74.84,0.91,202.0,0.0,0.0
2024-01-11 21:00:00,54.64,109.89,75.07,20.17,1.89,9.09,22.17,76.39,0.97,213.21,0.0,0.0
2024-01-11 22:00:00,56.2,108.2,38.12,14.66,1.04,30.22,22.11,75.57,0.48,203.28,0.0,0.0
2024-01-11 23:00:00,53.38,99.81,34.27,12.01,0.98,24.36,21.1,79.07,1.07,231.67,0.0,0.0
2024-01-12 00:00:00,52.42,94.29,32.69,13.83,0.9,20.95,20.4,82.14,1.22,310.58,0.0,0.0
2024-01-12 01:00:00,53.71,89.66,23.29,12.0,0.75,18.38,19.61,87.42,1.06,298.72,0.0,0.0
2024-01-12 02:00:00,44.26,88.78,17.77,10.73,0.54,19.83,19.31,88.44,1.17,313.66,0.0,0.0
2024-01-12 03:00:00,45.22,82.2,11.52,10.17,0.43,24.73,19.16,88.12,1.38,304.65,0.0,0.0
2024-01-12 04:00:00,41.76,77.76,10.79,9.29,0.41,22.26,18.61,89.58,1.18,302.26,0.0,0.0
2024-01-12 05:00:00,36.12,70.97,11.02,9.13,0.4,25.48,18.69,87.19,1.42,317.94,0.0,0.0
2024-01-12 06:00:00,34.74,61.74,11.66,9.12,0.37,25.28,18.08,88.68,1.33,312.81,0.0,0.0
2024-01-12 07:00:00,33.02,57.29,14.16,5.81,0.48,19.82,17.9,89.4,1.1,315.44,0.0,0.0
2024-01-12 08:00:00,31.69,58.08,22.13,10.25,0.62,28.19,20.39,78.97,0.91,190.78,0.0,0.0
2024-01-12 09:00:00,45.17,78.7,22.02,12.38,0.56,54.02,23.4,66.34,0.61,37.41,0.0,127.7
2024-01-12 10:00:00,47.08,87.45,22.95,20.58,0.5,67.3,25.42,60.66,0.71,41.39,0.0,315.38
2024-01-12 11:00:00,42.85,92.4,27.39,64.17,0.42,63.9,27.02,55.77,0.75,95.92,0.0,457.2
2024-01-12 12:00:00,48.49,90.51,44.73,186.45,0.43,63.39,28.26,53.98,0.66,76.63,0.0,512.0
2024-01-12 13:00:00,53.18,103.52,30.22,89.11,0.54,95.84,29.38,50.99,0.95,156.43,0.0,512.05
2024-01-12 14:00:00,53.15,108.0,26.43,64.24,0.48,111.28,29.84,50.3,0.96,306.91,0.0,372.6
2024-01-12 15:00:00,52.52,99.28,16.85,73.47,0.38,120.6,29.02,52.34,0.98,117.02,0.0,63.25
2024-01-12 16:00:00,59.64,107.56,20.42,54.45,0.5,91.43,28.04,57.02,0.98,175.5,0.0,0.0
2024-01-12 17:00:00,58.53,111.9,75.96,47.51,1.42,55.15,25.9,62.87,1.25,45.75,0.0,0.0
2024-01-12 18:00:00,69.88,127.18,113.1,39.27,2.83,16.25,23.96,69.44,0.88,161.16,0.0,0.0
2024-01-12 19:00:00,92.52,161.8,110.18,30.21,3.16,5.06,22.83,75.14,1.17,308.34,0.0,0.0
2024-01-12 20:00:00,112.01,204.41,70.65,17.26,1.66,1.55,21.61,84.3,1.33,307.18,0.0,0.0
2024-01-12 21:00:00,98.48,193.32,75.96,11.7,2.03,1.07,20.95,85.23,1.33,300.02,0.0,0.0
2024-01-12 22:00:00,92.49,189.36,74.22,16.24,1.99,0.85,20.16,87.45,1.36,316.04,0.0,0.0
2024-01-12 23:00:00,90.48,184.5,74.46,14.34,2.01,1.9,20.72,83.16,1.24,321.83,0.0,0.0
2024-01-13 00:00:00,97.57,194.97,45.82,21.59,0.91,10.68,20.01,84.44,1.2,296.08,0.0,0.0
2024-01-13 01:00:00,94.32,194.92,30.84,16.23,0.67,13.13,19.49,88.32,1.11,302.28,0.0,0.0
2024-01-13 02:00:00,88.71,172.22,25.49,13.58,0.57,13.54,19.04,87.78,1.1,301.99,0.0,0.0
2024-01-13 03:00:00,78.51,144.05,21.65,12.58,0.45,16.49,18.77,87.94,1.33,314.87,0.0,0.0
2024-01-13 04:00:00,72.92,127.21,19.63,11.36,0.39,14.17,18.25,90.11,0.82,270.9,0.0,0.0
2024-01-13 05:00:00,62.73,110.05,17.11,10.04,0.39,15.0,17.9,89.0,1.21,305.09,0.0,0.0
2024-01-13 06:00:00,47.91,97.58,21.32,8.89,0.47,8.19,17.28,93.12,0.88,283.36,0.0,0.0
2024-01-13 07:00:00,47.33,92.66,25.28,6.53,0.47,18.04,17.92,82.86,1.31,307.02,0.0,0.0
2024-01-13 08:00:00,49.51,91.16,29.91,9.86,0.49,30.77,20.27,72.17,0.48,183.85,0.0,0.05
2024-01-13 09:00:00,54.42,95.89,32.9,18.53,0.56,57.57,23.47,59.2,0.82,86.08,0.0,142.27
2024-01-13 10:00:00,50.31,99.18,32.03,26.8,0.44,66.46,25.19,55.11,0.74,82.35,0.0,334.22
2024-01-13 11:00:00,48.73,98.1,31.98,19.86,0.43,76.56,26.61,52.72,0.81,134.11,0.0,478.83
2024-01-13 12:00:00,49.86,95.55,27.46,19.74,0.4,85.65,28.14,50.66,0.86,202.08,0.0,545.65
2024-01-13 13:00:00,47.73,101.21,25.08,19.74,0.38,96.91,29.22,49.58,0.43,246.58,0.0,523.25
2024-01-13 14:00:00,55.0,91.42,24.29,20.77,0.31,104.96,30.32,47.9,0.62,254.73,0.0,393.58
2024-01-13 15:00:00,50.53,94.01,31.24,25.74,0.38,105.71,30.23,47.62,0.58,267.83,0.0,106.25
2024-01-13 16:00:00,53.5,97.62,36.7,23.73,0.59,85.1,29.1,51.06,0.92,173.86,0.0,0.02
2024-01-13 17:00:00,57.66,98.7,62.58,16.94,1.03,51.6,26.69,59.31,0.65,223.95,0.0,0.0
2024-01-13 18:00:00,59.21,108.66,88.56,16.38,2.03,26.42,24.46,66.67,0.75,276.84,0.0,0.0
2024-01-13 19:00:00,77.46,138.21,108.02,16.98,3.06,5.44,23.84,69.04,0.74,299.89,0.0,0.0
2024-01-13 20:00:00,96.45,178.37,76.18,9.63,1.4,12.42,22.8,72.43,1.14,293.45,0.0,0.0
2024-01-13 21:00:00,100.11,165.86,69.87,6.8,1.56,2.6,22.29,78.63,1.32,291.08,0.0,0.0
2024-01-13 22:00:00,91.92,175.29,68.53,12.42,1.37,3.56,22.37,76.08,1.27,154.46,0.0,0.0
2024-01-13 23:00:00,92.38,181.66,53.78,24.52,1.02,15.41,22.27,74.49,1.06,249.68,0.0,0.0
2024-01-14 00:00:00,90.76,170.05,32.53,21.54,0.68,27.62,21.61,74.19,1.04,300.14,0.0,0.0
2024-01-14 01:00:00,86.42,159.85,26.7,17.41,0.59,26.47,20.44,77.48,1.27,290.94,0.0,0.0
2024-01-14 02:00:00,78.72,132.19,22.32,14.08,0.39,28.17,19.7,78.51,1.17,302.8,0.0,0.0
2024-01-14 03:00:00,68.1,112.3,21.46,11.51,0.34,24.33,18.55,83.48,0.82,208.52,0.0,0.0
2024-01-14 04:00:00,61.76,99.41,16.68,9.43,0.25,21.4,17.5,88.83,1.32,298.04,0.0,0.0
2024-01-14 05:00:00,53.75,82.71,13.33,8.3,0.23,16.96,16.95,91.56,1.39,310.12,0.0,0.0
2024-01-14 06:00:00,39.33,79.55,17.44,7.52,0.31,16.9,17.1,87.77,1.42,307.92,0.0,0.0
2024-01-14 07:00:00,42.32,80.0,21.0,2.22,0.35,20.38,17.62,84.78,1.4,328.96,0.0,0.0
2024-01-14 08:00:00,46.96,77.82,21.47,6.18,0.43,31.86,20.06,76.11,1.41,323.88,0.0,0.15
2024-01-14 09:00:00,45.51,87.59,23.75,11.59,0.46,55.46,23.6,63.26,0.74,60.98,0.0,151.55
2024-01-14 10:00:00,52.36,92.38,26.64,20.62,0.58,85.43,26.06,56.5,0.83,218.68,0.0,329.22
2024-01-14 11:00:00,53.85,104.81,39.66,26.96,0.76,113.17,27.76,53.16,1.1,179.37,0.0,457.7
2024-01-14 12:00:00,61.16,123.6,34.06,27.36,0.63,118.79,29.23,51.22,0.71,192.2,0.0,519.62
2024-01-14 13:00:00,74.12,135.36,28.06,27.08,0.44,105.58,30.54,48.33,0.79,227.65,0.0,447.2
2024-01-14 14:00:00,67.85,128.96,26.95,23.65,0.45,102.34,30.55,48.46,0.89,142.9,0.0,245.6
2024-01-14 15:00:00,67.04,124.35,26.68,24.24,0.48,84.48,29.55,51.24,0.6,233.72,0.0,8.38
2024-01-14 16:00:00,66.12,116.37,43.63,21.74,0.77,59.97,28.61,56.13,0.87,183.58,0.0,0.0
2024-01-14 17:00:00,62.74,117.9,41.24,36.74,0.74,80.54,27.53,59.17,1.2,106.49,0.0,0.0
2024-01-14 18:00:00,64.81,124.42,55.92,29.89,1.07,55.66,24.75,67.98,0.76,198.08,0.0,0.0
2024-01-14 19:00:00,77.41,151.93,93.51,27.98,2.72,18.32,24.47,70.79,0.89,209.78,0.0,0.0
2024-01-14 20:00:00,95.02,193.95,83.51,24.97,2.01,11.48,23.26,76.45,1.26,297.25,0.0,0.0
2024-01-14 21:00:00,101.99,213.07,64.27,16.05,1.6,14.1,22.81,77.88,1.28,307.02,0.0,0.0
2024-01-14 22:00:00,103.28,210.04,61.16,16.59,1.44,18.02,22.9,76.54,1.1,299.8,0.0,0.0
2024-01-14 23:00:00,98.98,203.16,46.9,18.24,1.0,28.73,21.89,79.27,1.13,299.1,0.0,0.0
2024-01-15 00:00:00,96.2,184.84,20.38,15.0,0.36,37.39,20.95,78.78,1.09,233.32,0.0,0.0
2024-01-15 01:00:00,77.76,149.11,14.14,14.83,0.26,43.14,20.82,76.2,1.08,293.8,0.0,0.0
2024-01-15 02:00:00,67.31,116.64,16.16,13.74,0.27,40.86,20.22,78.46,1.38,324.54,0.0,0.0
2024-01-15 03:00:00,59.56,104.14,14.36,12.19,0.24,43.61,19.32,80.58,1.25,300.43,0.0,0.0
2024-01-15 04:00:00,56.71,91.77,15.14,11.02,0.25,38.96,18.36,84.78,1.3,302.06,0.0,0.0
2024-01-15 05:00:00,54.57,84.76,14.76,9.47,0.28,30.33,17.22,89.76,1.28,298.66,0.0,0.0
2024-01-15 06:00:00,50.34,79.27,17.12,8.92,0.34,27.83,16.97,90.0,1.3,317.82,0.0,0.0
2024-01-15 07:00:00,57.21,86.0,19.37,7.81,0.39,28.04,17.32,87.09,1.37,318.57,0.0,0.0
2024-01-15 08:00:00,54.2,85.39,14.57,6.06,0.43,42.96,19.66,76.04,0.96,96.34,0.0,0.2
2024-01-15 09:00:00,52.86,89.96,19.87,8.16,0.43,66.16,22.93,62.85,0.9,8.62,0.0,168.58
2024-01-15 10:00:00,55.33,89.92,26.9,19.3,0.57,82.82,25.09,54.91,0.62,73.12,0.0,365.8
2024-01-15 11:00:00,55.63,108.04,31.62,26.02,0.57,98.68,26.76,50.03,0.76,124.83,0.0,513.9
2024-01-15 12:00:00,52.91,104.42,27.01,26.59,0.48,110.44,28.19,47.68,0.71,106.67,0.0,587.85
2024-01-15 13:00:00,62.0,104.7,26.62,40.61,0.43,123.28,28.64,45.6,0.54,206.85,0.0,540.42
2024-01-15 14:00:00,58.28,106.97,18.47,37.6,0.37,139.82,29.03,45.93,0.7,100.79,0.0,422.2
2024-01-15 15:00:00,54.22,108.86,15.94,32.52,0.37,146.22,28.58,46.25,0.78,103.3,0.0,135.25
2024-01-15 16:00:00,52.97,98.2,20.34,39.24,0.46,135.62,27.58,48.78,0.84,262.44,0.0,0.05
2024-01-15 17:00:00,55.51,106.04,28.38,60.22,0.5,99.43,25.77,54.75,0.9,140.31,0.0,0.0
2024-01-15 18:00:00,66.35,116.97,134.7,52.67,2.68,13.5,23.63,61.63,0.88,180.63,0.0,0.0
2024-01-15 19:00:00,91.09,149.11,98.66,49.99,1.88,13.3,22.33,65.19,1.08,283.86,0.0,0.0
2024-01-15 20:00:00,90.58,166.92,83.0,26.69,1.84,7.54,21.07,71.4,1.05,299.92,0.0,0.0
2024-01-15 21:00:00,87.73,162.67,92.0,21.53,2.0,4.73,20.85,69.27,0.86,294.84,0.0,0.0
2024-01-15 22:00:00,89.47,169.66,57.75,20.07,1.08,24.04,20.16,69.91,1.0,294.2,0.0,0.0
2024-01-15 23:00:00,81.74,152.83,26.65,19.23,0.44,52.2,19.6,69.62,1.38,308.41,0.0,0.0
2024-01-16 00:00:00,69.65,142.7,15.66,9.32,0.28,54.71,18.29,74.28,1.31,300.02,0.0,0.0
2024-01-16 01:00:00,54.73,122.12,13.8,11.72,0.31,54.96,17.7,74.46,1.33,300.42,0.0,0.0
2024-01-16 02:00:00,50.3,104.62,13.61,11.06,0.3,48.73,16.76,77.44,1.35,293.86,0.0,0.0
2024-01-16 03:00:00,48.57,84.14,15.28,9.94,0.32,45.44,15.93,81.25,1.05,187.46,0.0,0.0
2024-01-16 04:00:00,47.14,82.06,15.73,9.31,0.37,39.73,15.49,83.48,0.96,301.32,0.0,0.0
2024-01-16 05:00:00,48.74,88.02,16.52,8.76,0.34,29.26,15.0,87.42,1.31,305.38,0.0,0.0
2024-01-16 06:00:00,46.82,84.73,19.73,10.66,0.44,38.29,14.87,83.22,1.2,298.98,0.0,0.0
2024-01-16 07:00:00,48.65,84.48,23.62,8.15,0.47,44.61,15.77,78.17,1.31,322.05,0.0,0.0
2024-01-16 08:00:00,47.67,87.08,24.24,9.2,0.45,58.14,18.33,68.51,0.96,21.39,0.0,0.18
2024-01-16 09:00:00,51.3,91.26,20.47,12.26,0.44,76.18,21.22,59.67,1.12,194.02,0.0,175.27
2024-01-16 10:00:00,49.77,102.72,33.46,13.63,0.7,81.96,23.57,55.46,0.66,81.16,0.0,370.15
2024-01-16 11:00:00,54.5,108.98,26.29,18.82,0.53,97.0,25.11,54.32,0.64,80.46,0.0,505.08
2024-01-16 12:00:00,59.02,117.94,29.24,25.16,0.62,105.84,26.42,53.42,0.78,205.4,0.0,589.45
2024-01-16 13:00:00,71.06,124.58,21.56,19.86,0.44,114.78,27.8,49.92,0.63,163.65,0.0,566.83
2024-01-16 14:00:00,63.04,113.98,20.08,21.75,0.35,110.83,28.72,45.63,0.74,300.55,0.0,467.9
2024-01-16 15:00:00,54.14,107.65,31.15,23.12,0.49,103.15,28.94,42.93,0.71,207.58,0.0,167.18
2024-01-16 16:00:00,50.72,101.51,36.25,26.21,0.59,87.74,28.09,42.4,1.23,174.22,0.0,0.42
2024-01-16 17:00:00,54.2,94.76,37.29,23.96,0.68,77.92,26.09,49.61,0.92,132.74,0.0,0.0
2024-01-16 18:00:00,51.07,99.54,77.19,18.58,1.38,42.32,22.98,58.61,1.17,311.33,0.0,0.0
2024-01-16 19:00:00,59.36,114.38,69.71,17.59,1.25,28.6,21.08,65.02,1.12,248.65,0.0,0.0
2024-01-16 20:00:00,63.88,131.86,99.58,13.51,2.72,4.7,20.36,72.43,0.96,257.52,0.0,0.0
2024-01-16 21:00:00,73.06,143.26,69.8,7.87,1.57,7.37,18.58,81.14,1.06,236.29,0.0,0.0
2024-01-16 22:00:00,67.31,150.48,58.67,8.43,1.53,3.98,17.87,87.51,1.27,295.68,0.0,0.0
2024-01-16 23:00:00,72.39,153.25,67.51,4.7,1.94,2.58,17.76,87.71,1.04,254.74,0.0,0.0
2024-01-17 00:00:00,79.84,164.37,50.6,9.62,1.8,3.17,17.41,92.57,1.23,312.72,0.0,0.0
2024-01-17 01:00:00,102.62,187.26,47.04,6.58,2.02,0.98,17.05,94.08,1.36,304.05,0.0,0.0
2024-01-17 02:00:00,102.02,182.7,47.56,9.69,1.82,1.09,16.6,95.74,1.38,307.12,0.0,0.0
2024-01-17 03:00:00,98.15,185.94,31.08,10.46,0.76,13.82,16.26,91.74,1.39,308.18,0.0,0.0
2024-01-17 04:00:00,100.98,179.91,19.35,10.88,0.4,22.37,15.51,93.42,1.3,301.59,0.0,0.0
2024-01-17 05:00:00,91.49,164.86,20.12,11.88,0.38,25.53,15.24,91.59,1.36,302.83,0.0,0.0
2024-01-17 06:00:00,77.39,146.33,21.17,12.91,0.38,27.1,15.28,89.24,1.48,310.68,0.0,0.0
2024-01-17 07:00:00,74.99,137.03,24.39,9.95,0.49,28.26,16.01,86.82,1.44,320.69,0.0,0.0
2024-01-17 08:00:00,77.58,139.08,29.46,18.1,0.58,35.16,18.1,79.87,0.88,103.38,0.0,0.0
2024-01-17 09:00:00,79.44,148.6,33.02,19.9,0.72,48.52,20.42,73.96,1.03,21.64,0.0,57.97
2024-01-17 10:00:00,82.56,155.48,31.6,25.82,0.76,65.56,22.4,71.76,0.73,50.77,0.0,161.78
2024-01-17 11:00:00,85.67,166.12,43.68,27.81,0.99,81.65,24.68,67.46,0.43,143.74,0.0,289.15
2024-01-17 12:00:00,96.84,174.56,40.67,24.3,0.87,102.57,26.27,64.36,0.87,192.71,0.0,281.88
2024-01-17 13:00:00,104.38,180.62,25.92,17.4,0.55,93.6,26.94,63.06,0.85,275.74,0.0,177.92
2024-01-17 14:00:00,102.46,168.98,33.95,19.6,0.68,91.6,28.3,59.02,0.86,161.91,0.0,233.25
2024-01-17 15:00:00,104.24,164.86,36.44,13.72,0.76,79.48,27.54,60.65,1.06,180.32,0.0,23.62
2024-01-17 16:00:00,93.03,158.65,33.72,13.4,0.81,72.84,27.29,61.35,1.19,171.13,0.0,0.0
2024-01-17 17:00:00,89.55,149.18,47.26,10.45,1.1,41.18,25.73,68.41,0.94,284.7,0.0,0.0
2024-01-17 18:00:00,83.86,152.83,80.4,14.46,1.8,19.51,23.93,74.36,0.83,140.15,0.0,0.0
2024-01-17 19:00:00,79.39,173.73,103.85,13.03,3.82,7.69,23.43,76.87,0.97,139.38,0.0,0.0
2024-01-17 20:00:00,89.22,182.73,83.16,12.06,2.18,19.42,23.12,78.59,1.09,99.52,0.0,0.0
2024-01-17 21:00:00,90.54,189.88,50.48,10.5,1.46,24.58,22.32,82.34,0.76,183.26,0.0,0.0
2024-01-17 22:00:00,87.56,182.04,66.69,12.68,2.15,7.43,21.53,86.03,0.97,219.09,0.0,0.0
2024-01-17 23:00:00,92.86,194.67,56.75,9.16,1.37,10.82,21.45,83.98,0.91,167.7,0.0,0.0
2024-01-18 00:00:00,92.93,188.68,32.28,6.79,0.88,20.93,20.88,84.78,0.74,260.36,0.0,0.0
2024-01-18 01:00:00,118.74,214.08,23.2,9.76,0.57,19.15,20.16,87.5,0.84,257.42,0.0,0.0
2024-01-18 02:00:00,97.54,199.35,17.0,8.98,0.72,16.99,19.9,90.58,1.07,220.74,0.0,0.0
2024-01-18 03:00:00,73.34,155.0,19.08,8.62,0.46,13.87,19.3,91.68,1.11,265.25,0.0,0.0
2024-01-18 04:00:00,66.0,143.21,17.9,8.1,0.63,9.14,18.91,94.14,1.1,317.25,0.0,0.0
2024-01-18 05:00:00,63.54,134.72,19.79,8.24,0.72,5.27,18.9,93.99,1.3,314.8,0.0,0.0
2024-01-18 06:00:00,67.11,146.93,22.55,9.28,0.61,7.2,19.31,91.86,1.06,243.02,0.0,0.0
2024-01-18 07:00:00,69.27,149.21,18.26,7.72,0.54,22.9,19.43,84.6,0.75,64.14,0.0,0.0
2024-01-18 08:00:00,66.1,127.2,20.32,8.05,0.59,32.38,20.46,76.94,0.91,116.89,0.0,0.0
2024-01-18 09:00:00,66.37,128.02,20.48,13.41,0.53,48.92,21.5,69.15,1.1,106.03,0.0,52.0
2024-01-18 10:00:00,62.62,131.37,28.04,19.67,0.63,61.47,23.33,63.98,0.73,128.56,0.0,204.42
2024-01-18 11:00:00,64.01,137.46,28.37,22.2,0.66,79.05,24.96,62.46,0.76,42.96,0.0,343.62
2024-01-18 12:00:00,67.36,141.64,25.26,20.5,0.58,94.76,26.12,62.24,0.76,84.86,0.0,369.42
2024-01-18 13:00:00,77.21,138.27,30.45,13.12,0.59,105.8,26.99,60.18,0.82,80.7,0.0,351.72
2024-01-18 14:00:00,80.09,146.93,21.56,16.76,0.5,116.32,27.28,59.99,0.95,192.54,0.0,267.95
2024-01-18 15:00:00,73.19,144.7,23.18,16.44,0.5,112.78,26.32,62.6,1.1,169.91,0.0,0.92
2024-01-18 16:00:00,76.28,143.65,27.38,16.01,0.53,96.06,25.74,64.26,1.01,200.38,0.0,0.0
2024-01-18 17:00:00,75.1,135.82,26.69,22.43,0.47,77.98,24.43,64.67,0.74,41.02,0.0,0.0
2024-01-18 18:00:00,73.2,127.63,32.75,23.73,0.54,65.81,23.04,63.22,0.85,30.8,0.0,0.0
2024-01-18 19:00:00,72.95,126.97,33.69,22.81,0.64,62.75,22.17,61.78,0.73,37.32,0.0,0.0
2024-01-18 20:00:00,67.58,125.47,35.57,18.69,0.58,59.7,21.7,61.57,0.8,22.86,0.0,0.0
2024-01-18 21:00:00,64.3,116.34,35.16,17.59,0.66,54.75,21.06,62.69,0.98,182.75,0.0,0.0
2024-01-18 22:00:00,60.9,118.06,34.56,15.97,0.64,51.58,20.59,64.56,0.84,173.33,0.0,0.0
2024-01-18 23:00:00,64.27,117.9,28.91,19.07,0.52,55.43,20.16,64.57,0.8,257.8,0.0,0.0
2024-01-19 00:00:00,67.11,111.92,18.64,20.5,0.53,66.8,20.48,60.57,1.1,181.7,0.0,0.0
2024-01-19 01:00:00,69.94,111.52,18.87,21.67,0.45,64.98,20.2,61.95,0.96,83.88,0.0,0.0
2024-01-19 02:00:00,66.84,103.27,20.54,35.75,0.47,67.02,20.22,60.86,0.86,239.14,0.0,0.0
2024-01-19 03:00:00,57.16,99.38,11.79,17.98,0.51,73.26,19.25,61.5,1.0,22.92,0.0,0.0
2024-01-19 04:00:00,60.28,102.32,12.24,15.44,0.52,71.74,18.44,62.67,1.06,252.84,0.0,0.0
2024-01-19 05:00:00,59.51,95.63,12.25,13.01,0.5,68.55,17.53,66.38,1.14,318.24,0.0,0.0
2024-01-19 06:00:00,57.49,96.86,15.26,12.68,0.52,61.95,16.6,70.06,1.26,299.34,0.0,0.0
2024-01-19 07:00:00,61.84,97.97,21.28,12.8,0.64,53.53,16.62,70.65,0.68,245.84,0.0,0.0
2024-01-19 08:00:00,65.06,105.87,27.32,10.04,0.72,59.06,18.44,62.22,0.98,200.74,0.0,0.2
2024-01-19 09:00:00,61.25,107.17,21.79,11.38,0.6,70.42,20.52,54.38,0.86,31.46,0.0,110.15
2024-01-19 10:00:00,62.4,114.25,24.17,18.14,0.64,78.5,22.55,51.87,0.94,104.19,0.0,274.88
2024-01-19 11:00:00,59.68,112.94,22.4,40.23,0.64,88.43,24.22,52.3,0.88,132.5,0.0,406.1
2024-01-19 12:00:00,67.26,116.48,19.89,35.9,0.63,94.86,25.52,54.35,0.9,28.56,0.0,487.98
2024-01-19 13:00:00,67.47,124.48,23.58,27.5,0.63,101.39,26.64,54.48,0.86,152.72,0.0,478.8
2024-01-19 14:00:00,69.74,109.89,18.43,32.94,0.56,110.41,26.9,54.62,0.78,129.61,0.0,370.88
2024-01-19 15:00:00,66.38,119.92,17.8,34.69,0.57,105.12,26.64,57.53,0.78,74.02,0.0,126.7
2024-01-19 16:00:00,64.94,127.44,20.58,61.14,0.58,94.14,25.61,60.58,0.68,54.09,0.0,0.0
2024-01-19 17:00:00,72.57,128.28,20.44,33.24,0.65,94.0,24.4,62.38,1.0,96.84,0.0,0.0
2024-01-19 18:00:00,66.15,126.02,42.28,19.07,1.03,69.14,23.22,66.2,1.15,101.42,0.0,0.0
2024-01-19 19:00:00,74.74,131.8,32.02,18.14,0.94,64.76,22.69,68.6,0.89,77.5,0.0,0.0
2024-01-19 20:00:00,72.71,129.86,30.33,14.19,0.97,55.71,21.82,70.78,0.81,61.71,0.0,0.0
2024-01-19 21:00:00,69.18,133.12,37.2,13.5,1.02,45.51,21.4,68.12,1.12,94.4,0.0,0.0
2024-01-19 22:00:00,71.46,135.94,26.17,11.32,0.74,55.2,20.87,67.66,1.14,72.51,0.0,0.0
2024-01-19 23:00:00,72.08,128.35,19.73,13.79,0.63,55.06,20.1,69.12,1.08,86.58,0.0,0.0
2024-01-20 00:00:00,68.28,124.28,16.07,12.64,0.59,51.72,19.48,71.25,0.86,57.6,0.0,0.0
2024-01-20 01:00:00,72.0,121.78,15.96,14.52,0.62,49.28,18.96,70.58,0.82,20.8,0.0,0.0
2024-01-20 02:00:00,68.78,116.37,20.71,21.23,0.66,40.83,18.35,71.75,0.66,34.84,0.0,0.0
2024-01-20 03:00:00,65.32,114.24,16.36,18.34,0.55,43.46,17.98,72.05,0.63,194.82,0.0,0.0
2024-01-20 04:00:00,65.68,109.98,15.12,21.72,0.61,44.24,17.63,72.95,0.92,196.84,0.0,0.0
2024-01-20 05:00:00,67.06,95.98,15.57,21.99,0.68,41.01,17.19,73.54,1.01,187.54,0.0,0.0
2024-01-20 06:00:00,68.52,106.66,18.44,21.46,0.65,38.18,16.84,74.55,0.98,116.62,0.0,0.0
2024-01-20 07:00:00,70.96,112.44,29.41,28.42,0.81,29.33,17.34,76.21,0.75,54.42,0.0,0.0
2024-01-20 08:00:00,77.82,124.22,33.16,43.39,0.94,29.74,18.79,74.64,0.93,193.03,0.0,1.5
2024-01-20 09:00:00,81.32,138.37,32.44,61.56,1.1,32.38,20.31,73.44,0.78,59.16,0.0,34.92
2024-01-20 10:00:00,81.56,159.65,38.13,65.85,1.23,41.38,22.2,70.06,1.0,130.16,0.0,248.8
2024-01-20 11:00:00,88.76,164.21,32.77,48.83,1.09,55.41,23.8,68.67,0.95,155.14,0.0,281.92
2024-01-20 12:00:00,94.76,167.41,26.53,46.39,0.89,75.4,25.74,65.92,0.45,44.33,0.0,365.6
2024-01-20 13:00:00,78.96,140.04,32.39,51.28,0.84,86.54,27.65,60.26,1.12,178.13,0.0,403.32
2024-01-20 14:00:00,69.27,132.3,34.01,45.27,0.8,89.5,28.38,56.64,1.07,188.37,0.0,232.72
2024-01-20 15:00:00,71.49,132.04,31.73,35.45,0.85,86.48,28.06,56.98,1.17,187.67,0.0,73.72
2024-01-20 16:00:00,66.57,126.6,34.32,35.34,0.92,82.68,27.54,59.58,1.08,160.55,0.0,0.0
2024-01-20 17:00:00,83.95,147.34,41.41,22.6,0.96,57.52,25.94,66.02,0.62,240.01,0.0,0.0
2024-01-20 18:00:00,86.86,156.44,75.83,19.78,2.28,26.36,23.7,73.6,1.23,321.64,0.0,0.0
2024-01-20 19:00:00,98.75,184.34,112.67,14.48,5.09,3.96,22.84,77.56,0.92,251.57,0.0,0.0
2024-01-20 20:00:00,119.26,236.97,59.82,11.02,1.84,3.42,22.91,80.75,1.17,313.98,0.0,0.0
2024-01-20 21:00:00,116.86,213.93,93.71,9.36,4.23,3.16,23.13,83.22,0.89,197.65,0.0,0.0
2024-01-20 22:00:00,120.57,229.9,40.73,14.24,1.2,26.11,22.22,81.0,1.39,259.61,0.0,0.0
2024-01-20 23:00:00,102.9,190.94,18.7,29.76,0.72,42.14,20.9,78.17,0.97,106.26,0.0,0.0
2024-01-21 00:00:00,98.1,176.23,15.4,31.47,0.47,45.26,20.0,78.38,0.96,178.23,0.0,0.0
2024-01-21 01:00:00,100.35,167.81,20.26,39.62,0.51,43.65,19.5,78.56,0.94,271.95,0.0,0.0
2024-01-21 02:00:00,98.17,157.05,13.82,28.48,0.5,49.46,19.13,78.8,0.95,173.58,0.0,0.0
2024-01-21 03:00:00,94.06,143.52,15.66,27.69,0.49,44.82,18.83,80.24,1.32,159.74,0.0,0.0
2024-01-21 04:00:00,93.12,147.18,10.57,24.18,0.42,45.34,18.1,82.64,1.17,313.35,0.0,0.0
2024-01-21 05:00:00,88.0,130.05,10.46,21.52,0.4,40.48,17.32,84.69,1.3,304.42,0.0,0.0
2024-01-21 06:00:00,81.06,135.13,13.32,20.16,0.44,33.11,16.81,86.6,1.43,310.95,0.0,0.0
2024-01-21 07:00:00,82.82,143.39,16.12,20.61,0.54,28.64,16.76,85.7,1.14,152.58,0.0,0.0
2024-01-21 08:00:00,86.0,144.85,15.54,17.16,0.6,32.47,18.37,78.65,0.96,88.73,0.0,0.55
2024-01-21 09:00:00,87.94,146.4,17.2,27.82,0.62,44.08,20.51,71.73,0.7,29.7,0.0,90.92
2024-01-21 10:00:00,93.76,151.53,23.49,40.23,0.77,61.56,22.32,67.86,0.74,132.14,0.0,251.68
2024-01-21 11:00:00,97.66,166.28,23.79,44.44,0.86,88.9,24.03,65.32,0.78,188.74,0.0,365.2
2024-01-21 12:00:00,102.2,180.17,33.12,70.56,0.88,115.07,25.49,61.91,0.59,126.51,0.0,423.52
2024-01-21 13:00:00,117.16,192.68,32.8,84.1,0.79,133.08,26.58,57.64,0.43,176.48,0.0,411.02
2024-01-21 14:00:00,120.18,194.98,33.08,68.41,0.84,144.24,27.38,56.98,0.68,113.4,0.0,301.62
2024-01-21 15:00:00,117.26,193.33,28.49,58.36,0.82,145.98,27.13,57.86,0.9,104.25,0.0,80.97
2024-01-21 16:00:00,111.44,195.78,38.49,47.61,0.94,126.1,26.36,60.21,0.88,121.35,0.0,0.0
2024-01-21 17:00:00,115.61,189.86,43.37,35.31,0.97,102.82,25.03,64.9,1.09,99.92,0.0,0.0
2024-01-21 18:00:00,113.07,190.29,52.6,45.76,1.15,64.1,23.49,70.18,1.11,125.13,0.0,0.0
2024-01-21 19:00:00,121.0,200.74,78.2,45.9,1.82,21.56,22.35,75.55,1.04,150.59,0.0,0.0
2024-01-21 20:00:00,129.33,209.3,78.13,34.14,1.74,10.6,21.38,80.03,1.24,299.59,0.0,0.0
2024-01-21 21:00:00,135.79,220.88,70.0,36.27,1.63,22.74,21.34,79.29,1.52,243.0,0.0,0.0
2024-01-21 22:00:00,131.06,225.7,26.2,50.49,0.58,65.57,20.81,68.24,1.24,339.18,0.0,0.0
2024-01-21 23:00:00,107.4,198.76,16.13,27.0,0.53,72.97,19.5,70.44,1.51,153.7,0.0,0.0
2024-01-22 00:00:00,104.5,176.97,15.04,21.96,0.55,69.07,18.52,71.25,1.29,310.74,0.0,0.0
2024-01-22 01:00:00,105.22,165.27,15.15,20.44,0.55,65.02,17.82,71.05,1.36,234.22,0.0,0.0
2024-01-22 02:00:00,97.57,152.36,15.83,26.08,0.46,60.6,17.03,68.86,1.17,206.32,0.0,0.0
2024-01-22 03:00:00,89.99,139.49,15.31,19.44,0.49,58.82,16.24,70.79,1.44,151.97,0.0,0.0
2024-01-22 04:00:00,84.52,133.16,13.0,14.78,0.39,56.1,15.31,74.14,1.2,292.64,0.0,0.0
2024-01-22 05:00:00,82.36,125.59,13.59,14.27,0.45,52.3,15.2,71.07,1.3,226.42,0.0,0.0
2024-01-22 06:00:00,77.2,120.78,19.13,16.48,0.42,48.68,15.34,69.98,1.43,299.38,0.0,0.0
2024-01-22 07:00:00,73.0,123.96,21.1,15.32,0.49,48.78,15.74,68.27,1.25,317.7,0.0,0.0
2024-01-22 08:00:00,67.77,125.78,21.49,12.3,0.51,52.14,17.51,61.94,1.0,98.01,0.0,0.82
2024-01-22 09:00:00,69.41,121.84,22.53,23.66,0.61,61.82,19.86,57.84,0.97,36.77,0.0,94.58
2024-01-22 10:00:00,82.28,130.92,29.1,43.9,0.7,65.89,21.9,57.39,0.81,77.55,0.0,217.38
2024-01-22 11:00:00,78.91,137.42,26.33,55.31,0.63,77.23,23.76,58.02,0.54,77.11,0.0,349.8
2024-01-22 12:00:00,82.96,148.08,31.9,45.42,0.77,86.66,25.34,58.56,0.55,147.76,0.0,414.5
2024-01-22 13:00:00,87.68,152.9,25.66,45.48,0.76,98.62,26.19,58.97,0.76,170.69,0.0,397.95
2024-01-22 14:00:00,89.14,155.9,21.17,40.27,0.64,106.34,26.79,59.47,0.54,101.14,0.0,253.5
2024-01-22 15:00:00,82.12,148.35,22.54,40.65,0.67,106.08,26.92,59.54,0.53,101.33,0.0,115.08
2024-01-22 16:00:00,87.78,139.66,21.57,36.74,0.63,101.06,26.16,62.4,1.06,90.38,0.0,0.0
2024-01-22 17:00:00,84.15,137.96,23.65,30.42,0.72,89.3,24.95,65.88,0.87,98.0,0.0,0.0
2024-01-22 18:00:00,81.02,138.85,35.82,47.69,0.95,66.25,23.39,70.7,0.64,120.42,0.0,0.0
2024-01-22 19:00:00,86.68,153.04,57.36,56.8,1.28,36.74,22.31,74.46,0.96,275.99,0.0,0.0
2024-01-22 20:00:00,98.94,182.33,64.65,64.48,1.36,37.99,22.44,71.88,1.03,138.32,0.0,0.0
2024-01-22 21:00:00,132.03,216.36,41.41,59.36,0.92,67.28,22.6,67.61,1.0,90.08,0.0,0.0
2024-01-22 22:00:00,136.4,212.0,41.33,46.77,0.94,58.98,22.12,70.8,1.17,93.86,0.0,0.0
2024-01-22 23:00:00,126.98,202.49,31.0,36.07,0.79,54.34,21.5,75.32,0.86,72.46,0.0,0.0
2024-01-23 00:00:00,116.35,184.87,21.68,33.33,0.71,47.53,21.24,77.19,0.97,242.11,0.0,0.0
2024-01-23 01:00:00,113.7,181.98,24.08,33.64,0.86,40.61,20.15,80.72,0.7,223.44,0.0,0.0
2024-01-23 02:00:00,111.56,172.17,23.48,28.28,0.9,32.81,19.9,82.16,1.1,215.11,0.0,0.0
2024-01-23 03:00:00,114.16,174.96,20.51,30.27,0.8,39.41,20.28,80.69,0.61,123.13,0.0,0.0
2024-01-23 04:00:00,106.31,164.67,15.54,32.33,0.77,46.9,20.25,80.6,1.02,278.37,0.0,0.0
2024-01-23 05:00:00,100.65,158.56,11.86,31.6,0.7,50.48,19.65,84.5,1.29,322.35,0.0,0.0
2024-01-23 06:00:00,103.84,150.69,14.19,34.25,0.74,42.92,19.24,87.32,0.69,268.57,0.0,0.0
2024-01-23 07:00:00,107.66,155.35,20.7,41.48,0.89,37.12,19.72,86.29,1.23,322.31,0.0,0.0
2024-01-23 08:00:00,101.18,155.43,20.59,34.9,0.95,41.82,20.6,83.2,0.89,107.02,0.0,0.0
2024-01-23 09:00:00,103.86,163.32,22.7,28.12,1.05,37.08,20.71,83.98,0.87,102.31,0.0,0.0
2024-01-23 10:00:00,105.55,164.36,25.74,41.44,1.12,46.84,21.51,80.77,0.82,55.6,0.0,10.82
2024-01-23 11:00:00,102.18,153.6,34.33,58.8,1.11,55.95,22.08,78.25,0.9,91.47,0.0,54.08
2024-01-23 12:00:00,103.46,155.12,32.55,74.68,1.02,69.16,23.83,73.0,0.57,62.29,0.0,307.8
2024-01-23 13:00:00,106.74,163.41,32.54,75.66,0.96,77.64,24.47,71.02,0.5,72.48,0.0,248.75
2024-01-23 14:00:00,107.31,163.76,33.26,89.18,0.83,75.48,24.8,70.26,0.84,136.47,0.0,258.92
2024-01-23 15:00:00,101.17,166.89,29.22,116.1,0.75,81.0,24.71,70.06,0.75,131.88,0.0,86.15
2024-01-23 16:00:00,92.75,159.05,31.78,56.38,0.88,75.74,23.83,73.17,0.96,105.18,0.0,0.0
2024-01-23 17:00:00,90.86,158.2,23.34,45.24,0.76,72.6,22.7,76.16,0.73,78.68,0.0,0.0
2024-01-23 18:00:00,92.16,149.31,34.82,44.58,0.98,50.94,21.61,79.34,1.16,89.42,0.0,0.0
2024-01-23 19:00:00,96.17,153.62,49.63,39.73,1.27,38.92,21.06,79.38,1.14,89.4,0.0,0.0
2024-01-23 20:00:00,98.72,151.16,32.99,22.49,1.06,39.85,20.43,81.64,0.8,97.14,0.0,0.0
2024-01-23 21:00:00,90.92,158.5,34.75,24.84,1.14,29.96,19.8,84.48,0.72,101.1,0.0,0.0
2024-01-23 22:00:00,92.4,161.9,33.25,21.41,1.1,26.25,19.29,86.76,0.58,116.23,0.0,0.0
2024-01-23 23:00:00,89.68,147.59,23.73,24.01,0.88,37.52,18.81,84.1,0.69,240.78,0.0,0.0
2024-01-24 00:00:00,84.1,149.82,22.47,23.52,0.8,38.0,18.27,81.53,1.06,299.4,0.0,0.0
2024-01-24 01:00:00,80.58,148.28,23.43,22.56,0.9,31.36,17.02,84.46,1.23,302.14,0.0,0.0
2024-01-24 02:00:00,82.13,141.51,20.6,22.2,0.62,33.78,16.54,79.87,1.41,302.46,0.0,0.0
2024-01-24 03:00:00,79.03,131.41,16.91,25.4,0.49,41.43,15.92,75.57,1.4,305.86,0.0,0.0
2024-01-24 04:00:00,72.65,123.34,18.73,26.36,0.48,44.77,15.39,73.08,1.33,312.32,0.0,0.0
2024-01-24 05:00:00,67.53,117.44,20.72,31.1,0.48,50.58,15.01,72.42,1.26,318.1,0.0,0.0
2024-01-24 06:00:00,60.9,123.46,18.72,33.1,0.49,55.54,14.6,72.54,1.47,315.4,0.0,0.0
2024-01-24 07:00:00,61.22,124.0,19.96,29.99,0.49,52.24,14.44,71.37,1.46,312.66,0.0,0.0
2024-01-24 08:00:00,62.54,119.6,22.38,23.92,0.58,55.06,16.36,63.46,1.46,325.62,0.0,5.08
2024-01-24 09:00:00,62.81,124.2,23.79,44.0,0.5,63.66,19.0,54.91,1.31,250.7,0.0,155.2
2024-01-24 10:00:00,58.8,126.06,26.77,62.5,0.5,74.18,21.27,50.56,1.14,172.81,0.0,343.32
2024-01-24 11:00:00,66.68,129.45,27.15,59.14,0.5,89.86,23.34,45.08,0.75,46.63,0.0,498.08
2024-01-24 12:00:00,69.3,123.13,33.26,96.48,0.48,97.35,25.01,41.23,0.64,104.22,0.0,576.1
2024-01-24 13:00:00,68.79,122.56,33.9,114.48,0.35,98.95,25.9,37.52,0.92,94.23,0.0,582.4
2024-01-24 14:00:00,50.23,115.33,20.94,23.81,0.32,115.02,26.62,35.18,0.96,322.38,0.0,513.0
2024-01-24 15:00:00,56.91,93.21,18.9,20.36,0.3,113.29,26.42,34.81,1.21,321.9,0.0,243.55
2024-01-24 16:00:00,47.94,83.25,14.63,18.59,0.28,109.81,25.39,34.66,1.3,333.65,0.0,0.0
2024-01-24 17:00:00,42.71,74.9,17.95,12.3,0.44,92.83,23.36,37.27,1.15,309.28,0.0,0.0
2024-01-24 18:00:00,43.89,74.12,41.09,13.38,0.71,64.22,20.91,45.67,0.86,284.32,0.0,0.0
2024-01-24 19:00:00,47.83,82.24,58.65,14.62,1.08,41.25,19.49,49.81,0.86,215.9,0.0,0.0
2024-01-24 20:00:00,50.4,92.34,77.38,17.23,1.43,20.12,18.36,52.48,0.76,178.86,0.0,0.0
2024-01-24 21:00:00,57.54,104.82,86.12,14.18,1.72,6.5,17.06,61.25,1.16,317.01,0.0,0.0
2024-01-24 22:00:00,64.14,112.63,61.4,20.19,1.12,31.37,17.28,53.14,1.42,308.65,0.0,0.0
2024-01-24 23:00:00,62.84,104.83,32.76,13.99,0.7,36.41,15.4,63.72,1.34,300.67,0.0,0.0
2024-01-25 00:00:00,64.81,104.98,35.65,13.48,0.59,26.79,13.73,74.24,1.44,301.4,0.0,0.0
2024-01-25 01:00:00,54.04,105.5,22.41,11.74,0.35,38.99,13.7,59.98,1.54,299.65,0.0,0.0
2024-01-25 02:00:00,48.22,79.46,18.08,12.18,0.27,48.17,13.76,53.64,1.48,304.23,0.0,0.0
2024-01-25 03:00:00,39.37,67.15,14.76,12.01,0.24,53.2,13.58,52.01,1.48,305.27,0.0,0.0
2024-01-25 04:00:00,38.36,61.74,13.16,13.12,0.25,56.47,13.28,53.0,1.38,309.91,0.0,0.0
2024-01-25 05:00:00,35.0,52.91,20.29,12.04,0.36,48.16,12.25,57.08,1.26,293.13,0.0,0.0
2024-01-25 06:00:00,37.76,58.64,42.55,11.68,0.59,27.07,11.36,64.16,0.9,294.95,0.0,0.0
2024-01-25 07:00:00,44.98,67.6,27.0,11.59,0.35,35.82,12.0,65.78,1.48,309.96,0.0,0.0
2024-01-25 08:00:00,48.58,72.77,37.56,11.64,0.58,45.05,15.52,52.54,1.08,179.82,0.0,10.02
2024-01-25 09:00:00,48.84,80.03,29.78,31.4,0.53,70.14,19.27,47.4,0.82,31.73,0.0,194.68
2024-01-25 10:00:00,51.42,95.52,40.11,55.61,0.57,70.93,21.78,42.31,0.6,68.65,0.0,384.45
2024-01-25 11:00:00,53.26,99.63,34.59,59.7,0.46,79.13,23.46,39.97,0.72,53.17,0.0,527.28
2024-01-25 12:00:00,67.35,111.02,34.38,87.21,0.45,88.57,24.72,40.02,0.74,68.83,0.0,567.98
2024-01-25 13:00:00,61.65,107.97,24.44,54.24,0.37,105.77,25.69,35.98,0.57,40.79,0.0,576.65
2024-01-25 14:00:00,65.04,104.11,28.86,95.03,0.4,103.15,25.74,35.08,0.76,56.99,0.0,462.9
2024-01-25 15:00:00,61.64,100.19,24.76,66.81,0.37,110.37,25.52,35.24,0.84,111.56,0.0,204.45
2024-01-25 16:00:00,56.84,97.55,19.51,40.52,0.4,109.88,24.01,37.64,1.01,340.8,0.0,0.0
2024-01-25 17:00:00,50.92,90.73,28.24,36.62,0.52,92.06,22.07,42.7,0.94,301.6,0.0,0.0
2024-01-25 18:00:00,54.58,92.93,78.63,37.82,1.21,45.54,19.3,50.48,1.12,143.85,0.0,0.0
2024-01-25 19:00:00,70.85,116.46,134.14,27.7,2.05,10.32,17.82,55.93,1.12,268.41,0.0,0.0
2024-01-25 20:00:00,89.04,148.77,136.5,21.51,2.7,3.33,16.89,62.67,1.16,167.57,0.0,0.0
2024-01-25 21:00:00,95.68,186.03,117.48,22.08,3.2,3.0,16.3,67.09,1.33,318.61,0.0,0.0
2024-01-25 22:00:00,111.7,202.03,98.48,12.7,2.65,2.62,15.34,76.46,0.64,241.03,0.0,0.0
2024-01-25 23:00:00,113.78,210.46,92.33,13.18,2.33,1.61,14.57,80.82,1.39,306.72,0.0,0.0
2024-01-26 00:00:00,110.44,214.16,73.5,9.6,1.59,2.57,13.56,87.54,1.39,300.68,0.0,0.0
2024-01-26 01:00:00,114.45,219.47,77.8,15.02,1.61,2.17,13.56,83.94,1.43,299.98,0.0,0.0
2024-01-26 02:00:00,117.37,219.8,64.68,17.31,1.22,9.88,13.52,79.24,1.57,312.33,0.0,0.0
2024-01-26 03:00:00,129.86,202.64,31.54,20.62,0.4,32.87,13.2,75.81,1.54,309.26,0.0,0.0
2024-01-26 04:00:00,103.63,175.16,26.5,16.91,0.35,32.4,12.06,79.54,1.38,307.66,0.0,0.0
2024-01-26 05:00:00,93.32,153.96,23.52,15.01,0.31,34.12,11.9,81.67,1.37,298.82,0.0,0.0
2024-01-26 06:00:00,84.5,143.64,28.84,8.49,0.3,25.08,11.38,85.1,1.41,303.8,0.0,0.0
2024-01-26 07:00:00,88.65,139.57,32.44,11.0,0.38,21.92,12.32,77.17,1.45,310.68,0.0,0.0
2024-01-26 08:00:00,80.35,128.88,43.17,21.82,0.5,34.3,15.66,64.32,1.08,179.22,0.0,19.95
2024-01-26 09:00:00,87.68,141.74,38.6,26.58,0.48,66.44,20.08,52.1,0.53,46.15,0.0,200.9
2024-01-26 10:00:00,83.67,141.51,35.58,47.36,0.51,94.54,22.68,45.68,0.78,83.69,0.0,381.0
2024-01-26 11:00:00,81.5,135.22,38.92,53.27,0.46,97.08,24.28,43.78,1.0,132.57,0.0,540.9
2024-01-26 12:00:00,83.58,139.21,32.24,50.81,0.35,114.55,25.4,39.84,0.96,132.39,0.0,578.78
2024-01-26 13:00:00,73.74,131.69,25.35,35.35,0.29,123.19,26.22,37.22,0.64,148.39,0.0,546.38
2024-01-26 14:00:00,74.82,118.04,27.63,33.33,0.26,131.55,26.85,35.62,0.7,179.58,0.0,464.78
2024-01-26 15:00:00,72.07,110.36,23.66,86.51,0.19,129.48,26.77,35.66,0.73,126.66,0.0,224.65
2024-01-26 16:00:00,64.91,103.79,31.74,140.22,0.21,113.25,25.56,38.58,0.7,54.13,0.0,0.35
2024-01-26 17:00:00,66.34,104.46,60.38,110.59,0.6,73.75,23.15,44.25,0.97,179.4,0.0,0.0
2024-01-26 18:00:00,75.09,112.26,155.91,69.65,2.85,11.66,20.22,53.05,0.96,223.47,0.0,0.0
2024-01-26 19:00:00,118.05,189.56,148.74,39.83,2.79,9.56,18.81,57.04,1.14,230.52,0.0,0.0
2024-01-26 20:00:00,166.77,358.94,127.54,25.25,2.47,4.72,17.52,66.79,1.19,221.87,0.0,0.0
2024-01-26 21:00:00,168.81,256.4,96.48,17.5,1.57,2.16,16.32,74.47,1.37,307.34,0.0,0.0
2024-01-26 22:00:00,138.04,178.36,73.21,12.7,1.28,2.11,15.46,83.99,1.38,308.52,0.0,0.0
2024-01-26 23:00:00,116.16,152.86,64.74,8.8,1.39,1.46,15.19,82.35,1.48,237.06,0.0,0.0
2024-01-27 00:00:00,103.25,142.7,81.26,21.82,1.5,4.94,15.3,71.76,0.81,249.9,0.0,0.0
2024-01-27 01:00:00,100.73,186.99,52.92,30.05,0.89,22.67,15.05,69.44,1.67,164.29,0.0,0.0
2024-01-27 02:00:00,104.32,169.24,27.72,26.74,0.44,48.3,14.42,71.58,1.46,237.29,0.0,0.0
2024-01-27 03:00:00,96.52,116.25,25.9,20.37,0.66,41.69,13.4,77.23,0.57,204.8,0.0,0.0
2024-01-27 04:00:00,91.14,126.6,22.05,18.42,0.42,41.66,13.18,77.4,1.52,318.12,0.0,0.0
2024-01-27 05:00:00,88.65,105.88,19.67,17.99,0.34,45.02,13.06,76.9,1.6,237.73,0.0,0.0
2024-01-27 06:00:00,72.47,104.82,21.49,18.94,0.34,42.76,12.75,78.58,1.42,297.91,0.0,0.0
2024-01-27 07:00:00,69.68,117.83,29.81,17.62,0.52,32.9,13.38,77.82,1.68,87.38,0.0,0.0
2024-01-27 08:00:00,74.42,125.58,26.11,16.86,0.53,48.7,16.34,67.0,1.13,90.04,0.0,21.0
2024-01-27 09:00:00,71.44,113.73,47.32,16.7,0.74,69.15,20.99,51.6,1.02,198.11,0.0,203.5
2024-01-27 10:00:00,76.99,126.9,44.96,21.8,0.71,105.46,23.88,42.05,0.52,54.29,0.0,356.7
2024-01-27 11:00:00,75.37,136.32,45.54,39.9,0.62,117.1,24.97,40.43,0.62,89.25,0.0,381.55
2024-01-27 12:00:00,72.16,143.7,37.3,76.44,0.41,114.41,26.03,38.75,0.73,32.89,0.0,433.68
2024-01-27 13:00:00,65.27,127.06,35.36,105.15,0.3,116.42,26.39,38.73,0.81,54.11,0.0,485.1
2024-01-27 14:00:00,69.45,105.94,38.46,146.18,0.28,109.06,27.23,38.11,0.8,112.98,0.0,454.28
2024-01-27 15:00:00,72.15,100.17,57.67,42.25241356394628,0.39,98.48,27.04,37.58,0.82,86.19,0.0,212.75
2024-01-27 16:00:00,68.31,115.18,52.24,39.74605168201194,0.36,94.4,25.97,39.44,1.05,109.06,0.0,0.0
2024-01-27 17:00:00,70.06,97.1,65.97,150.07,0.55,78.79,24.54,42.67,1.24,105.42,0.0,0.0
2024-01-27 18:00:00,64.04,128.25,132.18,42.8,2.01,14.98,22.18,48.94,0.78,158.83,0.0,0.0
2024-01-27 19:00:00,77.29,147.3,134.5,25.37,2.63,7.84,20.21,54.96,0.75,49.92,0.0,0.0
2024-01-27 20:00:00,88.39,169.74,114.42,27.14,2.45,10.82,19.0,60.32,0.96,171.39,0.0,0.0
2024-01-27 21:00:00,99.33,194.43,130.34,16.61,2.55,3.81,17.84,63.88,1.21,233.83,0.0,0.0
2024-01-27 22:00:00,107.65,212.85,100.58,12.86,2.35,2.35,16.79,78.41,1.4,209.23,0.0,0.0
2024-01-27 23:00:00,104.91,205.94,93.12,10.24,2.05,2.02,16.06,80.53,0.12,0.8,0.0,0.0
2024-01-28 00:00:00,107.59,187.78,94.12,18.78,1.72,1.77,15.38,82.94,1.22,219.86,0.0,0.0
2024-01-28 01:00:00,122.36,204.89,83.83,18.2,1.57,2.94,15.23,81.36,,0.96,0.0,0.0
2024-01-28 02:00:00,47.724031938336786,98.2709727044994,22.680115143041164,16.855077002728958,0.6925347109208515,38.52080639567355,,,,,,
2024-01-28 03:00:00,101.93,161.59,29.22,14.24,0.53,23.7,14.06,82.98,1.42,79.7,0.0,0.0
2024-01-28 04:00:00,95.96,141.98,25.96,13.56,0.45,27.25,13.98,79.56,1.36,318.72,0.0,0.0
2024-01-28 05:00:00,84.47,126.23,21.9,14.24,0.25,32.19,13.66,79.48,1.47,230.24,0.0,0.0
2024-01-28 06:00:00,74.47,115.13,22.94,13.62,0.26,32.22,13.24,81.21,1.46,303.13,0.0,0.0
2024-01-28 07:00:00,71.31,115.04,34.03,12.96,0.36,20.83,13.12,83.17,1.45,77.51,0.0,0.0
2024-01-28 08:00:00,80.75,121.27,36.8,7.73,0.4,18.94,14.57,79.95,,0.73,0.0,0.0
2024-01-28 09:00:00,74.04,113.22,45.6,22.31,0.6,64.64,20.76,55.35,0.54,11.22,0.0,176.32
2024-01-28 10:00:00,72.11,122.84,38.99,31.38,0.57,96.27,23.88,45.33,0.52,31.72,0.0,357.45
2024-01-28 11:00:00,76.07,129.27,44.67,23.22,0.56,98.19,25.54,42.05,0.57,164.98,0.0,506.82
2024-01-28 12:00:00,76.34,131.32,30.29,31.92,0.3,106.04,27.35,39.51,0.55,0.01,0.0,584.93
2024-01-28 13:00:00,72.6,130.35,29.17,35.25,0.28,122.21,28.72,38.1,0.45,73.22,0.0,564.15
2024-01-28 14:00:00,65.58,114.26,22.93,46.98,0.2,135.07,28.93,36.8,0.26,33.31,0.0,426.8
2024-01-28 15:00:00,58.42,107.85,29.52,56.14,0.22,133.43,29.24,35.17,0.48,106.8,0.0,221.77
2024-01-28 16:00:00,60.45,102.11,28.57,54.55,0.28,128.25,28.22,36.08,0.61,196.23,0.0,2.72
2024-01-28 17:00:00,67.2,106.47,69.55,36.09,0.84,78.54,25.75,42.68,0.5,219.88,0.0,0.0
2024-01-28 18:00:00,81.38,114.86,125.37,46.08,2.13,29.9,22.52,51.42,0.86,142.26,0.0,0.0
2024-01-28 19:00:00,105.46,155.42,86.92,71.31,1.84,17.74,20.9,59.1,1.12,196.93,0.0,0.0
2024-01-28 20:00:00,122.17,193.94,78.4,48.05,1.33,12.09,19.05,70.89,1.47,104.29,0.0,0.0
2024-01-28 21:00:00,115.02,187.0,65.91,24.3,1.16,4.26,17.86,81.03,1.42,155.01,0.0,0.0
2024-01-28 22:00:00,102.98,175.59,72.04,24.48,1.64,1.58,17.34,82.9,1.19,93.18,0.0,0.0
2024-01-28 23:00:00,98.8,170.73,67.04,22.35,1.55,1.04,16.46,84.92,1.38,313.53,0.0,0.0
2024-01-29 00:00:00,47.724031938336786,98.2709727044994,22.680115143041164,16.855077002728958,0.6925347109208515,38.52080639567355,,,,,,
2024-01-29 01:00:00,129.84,216.84,72.07,27.9,1.81,1.57,15.73,86.15,1.38,202.54,0.0,0.0
2024-01-29 02:00:00,150.67,239.39,62.36,44.2,1.33,6.84,15.44,83.05,1.18,152.15,0.0,0.0
2024-01-29 03:00:00,141.21,234.38,48.94,38.14,1.3,10.95,14.95,84.49,1.02,334.14,0.0,0.0
2024-01-29 04:00:00,131.24,216.9,37.57,33.25,1.12,13.55,14.68,85.19,0.67,155.14,0.0,0.0
2024-01-29 05:00:00,130.91,205.15,32.7,28.44,0.77,14.74,14.7,81.74,1.48,78.61,0.0,0.0
2024-01-29 06:00:00,122.76,186.86,26.81,35.5,0.45,24.08,14.24,81.81,1.42,157.62,0.0,0.0
2024-01-29 07:00:00,113.22,165.67,30.95,36.95,0.48,21.23,14.48,81.68,1.32,158.56,0.0,0.0
2024-01-29 08:00:00,106.55,154.73,36.13,50.61,0.7,31.38,17.55,71.9,0.91,154.62,0.0,10.38
2024-01-29 09:00:00,106.18,167.34,49.66,61.0,0.98,54.9,21.4,59.18,0.92,48.36,0.0,157.1
2024-01-29 10:00:00,105.3,184.26,65.91,65.57,1.17,88.46,24.58,48.84,0.66,230.89,0.0,324.65
2024-01-29 11:00:00,108.85,194.01,50.47,56.44,0.92,120.16,26.89,44.64,0.91,160.68,0.0,457.7
2024-01-29 12:00:00,107.98,184.32,34.14,52.14,0.6,115.45,28.95,40.22,0.96,186.05,0.0,555.92
2024-01-29 13:00:00,101.42,172.01,33.26,49.38,0.6,115.94,30.02,39.12,0.95,156.86,0.0,539.1
2024-01-29 14:00:00,94.17,160.25,35.75,41.95,0.57,110.47,30.4,38.43,1.36,173.2,0.0,434.45
2024-01-29 15:00:00,90.8,142.79,35.76,41.52,0.57,114.36,30.05,38.62,1.42,169.5,0.0,199.75
2024-01-29 16:00:00,87.87,141.84,47.96,38.78,0.78,102.5,29.28,40.8,1.22,176.67,0.0,1.42
2024-01-29 17:00:00,78.83,141.66,52.63,31.12,0.9,78.62,27.76,44.18,1.09,203.02,0.0,0.0
2024-01-29 18:00:00,86.01,148.23,88.39,31.1,1.66,38.8,24.1,54.07,1.01,223.99,0.0,0.0
2024-01-29 19:00:00,91.05,158.64,100.32,25.98,1.9,24.46,22.22,59.58,1.27,313.1,0.0,0.0
2024-01-29 20:00:00,104.43,179.32,129.83,21.16,4.94,5.39,21.44,63.0,1.15,275.6,0.0,0.0
2024-01-29 21:00:00,133.4,219.86,100.94,19.05,2.15,2.65,20.4,67.27,1.25,288.22,0.0,0.0
2024-01-29 22:00:00,117.73,208.91,66.95,20.75,1.32,9.79,19.42,72.05,1.34,293.4,0.0,0.0
2024-01-29 23:00:00,109.83,181.79,48.58,26.38,0.88,29.15,19.14,71.78,0.8,308.88,0.0,0.0
2024-01-30 00:00:00,99.28,177.71,38.92,24.87,0.64,42.67,18.77,72.11,1.04,262.81,0.0,0.0
2024-01-30 01:00:00,95.44,164.63,26.67,21.83,0.55,43.79,18.02,77.78,1.26,320.86,0.0,0.0
2024-01-30 02:00:00,90.71,158.02,23.01,21.96,0.6,50.1,17.87,74.92,1.29,326.35,0.0,0.0
2024-01-30 03:00:00,94.81,155.22,21.74,21.1,0.6,43.72,17.57,78.25,1.31,309.38,0.0,0.0
2024-01-30 04:00:00,100.39,160.21,17.64,19.59,0.51,44.09,17.37,76.02,0.83,208.8,0.0,0.0
2024-01-30 05:00:00,109.76,171.54,16.09,19.1,0.39,48.62,16.78,77.77,1.46,317.8,0.0,0.0
2024-01-30 06:00:00,106.87,151.16,18.7,19.78,0.45,46.22,16.45,79.48,1.49,313.1,0.0,0.0
2024-01-30 07:00:00,100.06,139.42,24.18,20.48,0.57,40.54,16.62,79.48,1.2,306.47,0.0,0.0
2024-01-30 08:00:00,97.96,133.26,31.42,22.23,0.76,46.06,19.08,71.87,0.88,247.88,0.0,9.9
2024-01-30 09:00:00,100.05,149.07,37.14,29.66,0.76,74.11,22.31,59.85,1.06,174.81,0.0,145.5
2024-01-30 10:00:00,97.42,157.55,27.7,33.61,0.64,96.27,24.7,50.9,0.61,54.21,0.0,318.08
2024-01-30 11:00:00,92.53,151.13,29.1,62.08,0.57,102.12,26.28,47.76,0.6,45.28,0.0,450.18
2024-01-30 12:00:00,89.52,146.77,27.74,145.78,0.42,111.25,27.45,46.08,0.82,31.9,0.0,534.17
2024-01-30 13:00:00,91.05,143.84,39.25,134.53,0.66,123.42,28.56,44.79,0.99,128.97,0.0,507.22
2024-01-30 14:00:00,93.66,151.29,37.32,92.52,0.66,143.88,28.94,42.9,0.9,148.51,0.0,368.4
2024-01-30 15:00:00,89.38,152.47,26.0,93.48,0.49,159.61,29.22,42.12,0.8,120.99,0.0,178.28
2024-01-30 16:00:00,85.2,145.65,19.63,85.6,0.45,149.94,27.96,45.25,0.79,230.35,0.0,0.0
2024-01-30 17:00:00,76.33,143.5,72.12,67.78,1.3,100.16,26.39,50.38,1.0,161.11,0.0,0.0
2024-01-30 18:00:00,78.04,153.62,135.74,48.64,3.3,24.2,24.32,57.44,1.11,178.32,0.0,0.0
2024-01-30 19:00:00,97.22,235.55,165.97,48.43,7.63,6.54,22.48,65.18,1.26,219.92,0.0,0.0
2024-01-30 20:00:00,153.53,404.82,139.96,45.72,4.93,4.38,21.3,69.82,1.08,313.66,0.0,0.0
2024-01-30 21:00:00,179.12,351.88,100.34,34.43,2.22,1.96,20.13,77.37,1.36,309.76,0.0,0.0
2024-01-30 22:00:00,163.7,223.08,66.83,21.38,1.59,1.64,18.95,82.74,1.45,310.63,0.0,0.0
2024-01-30 23:00:00,138.0,151.8,63.12,36.19,1.42,9.52,18.81,79.05,1.25,306.22,0.0,0.0
2024-01-31 00:00:00,128.21,192.5,46.3,24.64,0.93,12.86,18.22,84.91,1.31,297.09,0.0,0.0
2024-01-31 01:00:00,122.59,191.29,41.56,21.34,1.06,8.35,17.64,88.97,1.1,271.54,0.0,0.0
2024-01-31 02:00:00,122.94,174.71,45.94,19.67,1.09,3.8,17.4,88.4,1.35,315.11,0.0,0.0
2024-01-31 03:00:00,122.93,181.39,34.9,19.2,0.92,9.81,17.53,84.93,1.37,324.83,0.0,0.0
2024-01-31 04:00:00,116.61,177.44,25.52,22.18,0.45,21.14,17.45,81.11,1.42,305.05,0.0,0.0
2024-01-31 05:00:00,110.57,142.93,20.12,20.77,0.34,25.14,16.86,84.66,1.39,300.15,0.0,0.0
2024-01-31 06:00:00,99.16,137.79,23.42,19.39,0.42,21.1,16.51,86.48,1.32,307.35,0.0,0.0
2024-01-31 07:00:00,94.52,128.39,29.43,19.4,0.52,19.1,17.06,82.0,1.15,312.74,0.0,0.0
2024-01-31 08:00:00,88.24,125.64,37.57,22.2,0.64,22.87,18.96,74.91,1.11,319.33,0.0,0.0
2024-01-31 09:00:00,89.23,153.63,41.91,26.4,0.82,44.57,21.88,61.91,0.74,122.3,0.0,74.75
2024-01-31 10:00:00,82.06,153.78,43.03,28.26,0.88,74.86,24.22,53.19,0.54,101.95,0.0,222.85
2024-01-31 11:00:00,84.2,153.66,46.2,30.58,0.96,96.77,26.28,51.35,0.97,167.54,0.0,364.12
2024-01-31 12:00:00,93.24,175.4,37.35,26.23,0.67,97.96,28.26,48.48,1.22,176.74,0.0,436.12
2024-01-31 13:00:00,88.2,163.85,33.05,26.08,0.58,104.12,29.53,45.73,1.38,174.63,0.0,402.52
2024-01-31 14:00:00,83.0,158.39,43.03,28.56,0.54,93.56,29.67,45.44,1.16,198.56,0.0,255.75
2024-01-31 15:00:00,89.86,144.94,51.12,25.78,0.64,84.86,29.48,47.26,1.3,179.64,0.0,125.05
2024-01-31 16:00:00,90.36,134.87,40.47,20.18,0.76,89.43,28.92,48.62,1.22,178.75,0.0,0.5
2024-01-31 17:00:00,82.74,134.26,47.16,24.58,0.84,73.91,27.7,51.91,1.13,168.48,0.0,0.0
2024-01-31 18:00:00,89.92,165.06,83.49,19.73,1.88,34.84,25.1,60.53,0.54,144.61,0.0,0.0
2024-01-31 19:00:00,99.17,190.66,109.88,20.28,3.13,6.1,23.7,65.28,0.86,295.1,0.0,0.0
2024-01-31 20:00:00,119.6,216.13,94.1,14.75,2.05,13.95,22.78,67.43,1.28,289.93,0.0,0.0
2024-01-31 21:00:00,116.36,202.74,118.38,15.72,4.28,5.35,22.04,70.7,0.94,279.58,0.0,0.0
2024-01-31 22:00:00,135.14,243.77,107.46,18.03,2.97,3.24,21.08,74.76,0.89,240.18,0.0,0.0
2024-01-31 23:00:00,141.0,261.05,48.58,17.1,1.18,3.16,19.92,82.74,1.32,319.5,0.0,0.0
2024-02-01 00:00:00,120.76,205.78,46.12,20.87,0.86,13.55,20.02,78.75,0.95,311.58,0.0,0.0
2024-02-01 01:00:00,115.86,194.72,41.61,21.17,0.6,21.31,19.84,78.52,0.57,320.07,0.0,0.0
2024-02-01 02:00:00,108.29,168.18,29.95,19.48,0.55,29.42,19.28,81.98,0.88,275.65,0.0,0.0
2024-02-01 03:00:00,102.18,154.91,22.86,16.37,0.41,23.56,18.55,86.32,1.39,311.06,0.0,0.0
2024-02-01 04:00:00,95.76,140.99,18.84,14.83,0.42,19.17,18.24,87.16,1.34,314.12,0.0,0.0
2024-02-01 05:00:00,89.8,132.61,17.4,15.13,0.34,28.03,17.97,85.03,1.34,298.27,0.0,0.0
2024-02-01 06:00:00,83.58,130.44,26.88,15.44,0.51,20.9,18.04,85.04,1.06,211.06,0.0,0.0
2024-02-01 07:00:00,83.76,131.06,31.13,13.95,0.58,12.83,18.13,87.09,1.04,185.53,0.0,0.0
2024-02-01 08:00:00,85.44,132.72,43.54,14.97,0.98,11.75,20.82,78.85,1.13,165.59,0.0,0.82
2024-02-01 09:00:00,88.78,166.98,66.96,35.97,1.33,41.28,23.54,68.6,1.08,182.36,0.0,85.35
2024-02-01 10:00:00,104.08,206.2,51.81,34.25,1.09,65.43,25.24,61.58,0.8,143.14,0.0,188.9
2024-02-01 11:00:00,101.1,190.23,33.51,24.64,0.53,82.86,26.87,56.42,0.65,225.87,0.0,317.32
2024-02-01 12:00:00,95.6,172.96,36.24,22.85,0.6,99.18,28.33,52.31,0.84,188.35,0.0,403.92
2024-02-01 13:00:00,97.06,171.0,35.92,28.48,0.62,123.45,29.88,47.15,0.84,153.7,0.0,386.02
2024-02-01 14:00:00,100.0,162.88,34.62,28.48,0.52,136.41,30.25,45.56,0.68,173.68,0.0,260.73
2024-02-01 15:00:00,89.72,154.88,29.32,20.81,0.46,129.26,30.09,45.95,0.83,105.12,0.0,97.6
2024-02-01 16:00:00,90.04,145.87,33.72,24.06,0.53,111.85,29.35,48.0,0.94,108.94,0.0,0.88
2024-02-01 17:00:00,84.38,147.45,42.29,22.64,0.69,76.75,27.41,55.39,0.82,161.93,0.0,0.0
2024-02-01 18:00:00,82.13,145.97,115.15,28.21,2.62,17.71,25.44,61.56,0.84,138.8,0.0,0.0
2024-02-01 19:00:00,89.06,170.0,87.71,27.51,1.98,19.41,24.16,66.01,0.83,185.62,0.0,0.0
2024-02-01 20:00:00,91.91,179.1,90.98,20.43,2.16,9.01,23.26,71.22,1.34,317.06,0.0,0.0
2024-02-01 21:00:00,93.64,187.54,64.62,31.48,1.36,24.21,23.9,69.22,0.77,251.28,0.0,0.0
2024-02-01 22:00:00,97.14,182.12,45.7,33.94,0.97,33.03,22.79,72.57,1.25,330.68,0.0,0.0
2024-02-01 23:00:00,90.84,174.41,27.56,25.62,0.4,56.32,22.01,66.35,1.27,302.21,0.0,0.0
2024-02-02 00:00:00,81.97,148.18,20.0,25.03,0.37,52.19,20.82,65.78,1.32,308.26,0.0,0.0
2024-02-02 01:00:00,81.28,134.0,17.93,25.86,0.36,51.08,20.25,64.95,1.45,304.46,0.0,0.0
2024-02-02 02:00:00,75.2,110.77,22.34,23.26,0.42,44.68,19.56,67.98,1.23,294.83,0.0,0.0
2024-02-02 03:00:00,73.4,107.4,18.34,19.55,0.41,41.98,18.57,71.41,1.51,319.38,0.0,0.0
2024-02-02 04:00:00,64.26,97.28,23.14,19.14,0.51,35.44,17.9,74.12,1.18,306.05,0.0,0.0
2024-02-02 05:00:00,60.89,92.91,22.38,18.5,0.4,37.22,17.92,72.7,1.57,324.67,0.0,0.0
2024-02-02 06:00:00,57.1,94.35,19.35,20.48,0.39,40.9,17.78,71.19,1.36,321.16,0.0,0.0
2024-02-02 07:00:00,56.16,92.98,24.43,18.65,0.48,34.18,18.19,71.12,1.51,324.2,0.0,0.0
2024-02-02 08:00:00,57.12,92.1,27.86,26.6,0.52,45.66,20.38,64.94,1.21,341.24,0.0,37.28
2024-02-02 09:00:00,59.96,108.37,21.44,30.71,0.44,63.98,23.18,57.68,1.01,104.21,0.0,202.28
2024-02-02 10:00:00,57.96,109.74,16.6,20.78,0.43,79.66,25.06,52.63,1.27,183.73,0.0,412.1
2024-02-02 11:00:00,53.52,104.98,16.63,25.07,0.42,90.74,27.13,48.65,1.2,188.7,0.0,535.22
2024-02-02 12:00:00,50.45,107.63,14.37,22.16,0.33,103.0,29.24,44.04,0.92,180.74,0.0,573.2
2024-02-02 13:00:00,50.59,108.2,25.36,76.49,0.35,101.24,29.96,42.82,0.84,47.27,0.0,515.88
2024-02-02 14:00:00,51.3,102.69,31.68,162.03,0.32,94.94,29.66,43.63,0.85,41.88,0.0,232.7
2024-02-02 15:00:00,53.26,100.0,30.04,111.56,0.32,96.04,29.44,43.75,0.75,202.22,0.0,96.88
2024-02-02 16:00:00,55.52,103.73,26.96,55.9,0.44,93.46,29.0,44.43,0.71,94.56,0.0,0.38
2024-02-02 17:00:00,55.0,96.63,39.33,27.42,0.76,75.94,27.15,49.04,1.1,110.92,0.0,0.0
2024-02-02 18:00:00,56.05,97.9,53.91,15.68,1.0,48.04,24.68,55.07,1.15,59.97,0.0,0.0
2024-02-02 19:00:00,55.58,108.46,70.01,16.9,1.42,20.96,22.82,62.3,1.26,331.69,0.0,0.0
2024-02-02 20:00:00,64.24,121.62,97.33,17.08,2.68,3.09,21.84,68.32,0.96,301.77,0.0,0.0
2024-02-02 21:00:00,63.52,135.93,75.38,13.04,2.33,1.63,20.73,74.28,1.3,313.18,0.0,0.0
2024-02-02 22:00:00,74.02,158.04,62.56,11.96,1.46,8.04,20.9,68.61,1.49,314.19,0.0,0.0
2024-02-02 23:00:00,72.15,145.06,35.4,16.08,0.7,26.71,20.3,67.36,1.47,305.89,0.0,0.0
2024-02-03 00:00:00,59.82,127.86,21.24,16.72,0.4,36.14,19.83,66.28,1.45,303.5,0.0,0.0
2024-02-03 01:00:00,53.61,116.93,15.69,15.94,0.32,43.02,19.22,66.05,1.48,310.55,0.0,0.0
2024-02-03 02:00:00,49.76,95.35,13.3,14.94,0.3,46.59,18.98,65.47,1.5,319.54,0.0,0.0
2024-02-03 03:00:00,45.42,84.09,13.21,14.13,0.29,44.14,17.79,68.71,1.4,299.05,0.0,0.0
2024-02-03 04:00:00,38.9,81.04,16.82,13.55,0.36,38.35,16.71,71.14,1.02,255.46,0.0,0.0
2024-02-03 05:00:00,38.38,74.41,16.65,13.16,0.29,35.85,15.97,74.26,1.37,308.71,0.0,0.0
2024-02-03 06:00:00,41.35,73.11,17.95,13.66,0.28,36.92,15.94,70.58,1.46,312.37,0.0,0.0
2024-02-03 07:00:00,47.23,74.47,41.77,9.34,0.87,15.26,16.18,71.71,0.79,273.83,0.0,0.0
2024-02-03 08:00:00,49.69,86.64,30.09,12.75,0.61,38.04,19.4,61.55,0.81,118.89,0.0,71.47
2024-02-03 09:00:00,49.34,99.26,39.6,16.04,0.7,62.89,23.19,50.28,0.9,126.01,0.0,360.85
2024-02-03 10:00:00,52.85,120.05,30.24,23.4,0.66,83.54,25.66,42.35,0.82,74.76,0.0,548.38
2024-02-03 11:00:00,59.5,117.22,27.12,18.02,0.48,85.02,27.46,38.49,0.77,109.2,0.0,646.65
2024-02-03 12:00:00,51.83,111.83,20.76,12.8,0.35,91.48,28.78,36.79,0.74,107.75,0.0,665.02
2024-02-03 13:00:00,46.3,107.52,20.29,12.82,0.3,94.28,29.75,34.98,0.54,143.54,0.0,597.05
2024-02-03 14:00:00,45.76,96.28,17.86,25.5,0.27,105.26,30.07,35.59,0.77,182.96,0.0,438.02
2024-02-03 15:00:00,41.66,89.44,22.88,22.06,0.35,113.34,29.91,36.33,0.62,168.73,0.0,235.4
2024-02-03 16:00:00,41.3,85.09,17.45,31.75,0.34,120.46,28.84,37.94,0.78,133.2,0.0,9.15
2024-02-03 17:00:00,51.36,86.14,91.93,39.66,1.64,44.58,26.9,44.55,0.98,196.02,0.0,0.0
2024-02-03 18:00:00,64.22,104.48,121.61,75.64,2.62,13.04,24.45,49.7,1.14,186.2,0.0,0.0
2024-02-03 19:00:00,85.75,137.05,109.49,63.67,2.67,5.04,22.44,56.7,1.2,281.21,0.0,0.0
2024-02-03 20:00:00,92.93,161.63,81.36,25.0,1.85,3.36,21.08,68.47,1.31,315.96,0.0,0.0
2024-02-03 21:00:00,90.97,170.61,79.15,19.35,2.11,4.33,20.42,70.04,1.4,308.26,0.0,0.0
2024-02-03 22:00:00,89.65,176.04,72.6,20.32,1.68,1.9,19.25,72.99,1.18,321.6,0.0,0.0
2024-02-03 23:00:00,79.21,168.92,73.02,19.89,1.98,1.59,19.03,74.5,1.44,315.08,0.0,0.0
2024-02-04 00:00:00,78.52,160.22,67.03,29.39,1.09,4.32,19.21,69.24,1.23,271.18,0.0,0.0
2024-02-04 01:00:00,80.95,166.33,57.16,24.01,0.99,5.66,18.35,72.7,0.96,208.57,0.0,0.0
2024-02-04 02:00:00,78.15,172.32,48.46,22.5,1.22,6.0,17.13,80.63,1.27,312.64,0.0,0.0
2024-02-04 03:00:00,90.87,179.88,44.32,26.42,0.93,7.74,17.22,78.68,1.41,312.09,0.0,0.0
2024-02-04 04:00:00,102.31,187.41,28.0,21.25,0.6,18.83,17.37,75.11,1.49,320.3,0.0,0.0
2024-02-04 05:00:00,104.02,172.86,22.49,17.51,0.39,23.98,17.02,75.14,1.43,316.2,0.0,0.0
2024-02-04 06:00:00,86.43,147.85,25.78,17.31,0.43,26.66,16.47,76.8,1.3,324.46,0.0,0.0
2024-02-04 07:00:00,79.6,140.54,22.88,15.72,0.36,25.78,16.76,77.91,1.33,317.31,0.0,0.0
2024-02-04 08:00:00,76.58,116.14,25.32,24.02,0.44,36.7,19.82,66.15,1.23,332.78,0.0,66.62
2024-02-04 09:00:00,70.74,115.93,33.11,25.8,0.56,62.1,23.88,52.19,0.8,54.12,0.0,357.92
2024-02-04 10:00:00,64.96,119.27,41.22,26.7,0.78,93.55,26.79,42.05,0.98,162.14,0.0,529.02
2024-02-04 11:00:00,69.05,125.84,34.18,71.7,0.48,88.2,28.88,38.52,0.99,125.26,0.0,623.1
2024-02-04 12:00:00,65.14,122.25,27.56,60.58,0.36,100.14,30.22,37.9,0.84,120.67,0.0,641.85
2024-02-04 13:00:00,63.83,122.66,21.11,37.62,0.37,116.09,31.6,36.05,0.81,138.73,0.0,570.55
2024-02-04 14:00:00,62.66,117.98,14.54,27.62,0.22,116.8,32.06,35.66,0.58,59.22,0.0,420.22
2024-02-04 15:00:00,58.36,107.82,21.94,29.56,0.32,112.77,32.14,35.3,0.65,123.7,0.0,227.2
2024-02-04 16:00:00,54.81,104.77,30.49,29.2,0.46,99.86,31.22,36.26,1.14,162.55,0.0,21.25
2024-02-04 17:00:00,49.44,100.38,28.44,28.94,0.47,87.53,28.81,42.94,0.72,90.4,0.0,0.0
2024-02-04 18:00:00,64.55,109.78,115.66,27.42,2.74,13.04,26.18,49.4,0.7,203.14,0.0,0.0
2024-02-04 19:00:00,85.38,150.38,109.08,27.23,2.7,9.19,24.25,54.32,0.75,241.12,0.0,0.0
2024-02-04 20:00:00,94.25,174.58,95.07,27.63,1.93,6.62,22.75,60.45,0.96,310.52,0.0,0.0
2024-02-04 21:00:00,107.27,188.72,104.09,26.99,2.32,5.32,21.86,61.8,1.22,226.58,0.0,0.0
2024-02-04 22:00:00,123.4,212.01,78.36,26.32,1.56,2.96,20.69,69.36,1.37,314.08,0.0,0.0
2024-02-04 23:00:00,113.61,185.02,65.31,13.2,1.42,2.69,19.61,72.25,1.32,310.57,0.0,0.0
2024-02-05 00:00:00,96.07,170.73,54.42,17.6,1.27,2.08,19.01,80.28,1.42,314.13,0.0,0.0
2024-02-05 01:00:00,97.83,174.12,48.93,22.08,1.66,3.75,18.54,81.0,1.4,309.37,0.0,0.0
2024-02-05 02:00:00,92.98,161.11,40.77,19.49,1.26,4.47,18.19,82.1,1.4,307.55,0.0,0.0
2024-02-05 03:00:00,90.57,154.46,35.59,21.35,0.83,11.99,17.91,79.69,1.31,280.06,0.0,0.0
2024-02-05 04:00:00,91.18,156.36,29.39,30.42,0.57,25.14,17.88,77.64,1.34,318.13,0.0,0.0
2024-02-05 05:00:00,87.71,148.05,25.49,27.97,0.46,24.24,17.37,82.08,1.36,308.02,0.0,0.0
2024-02-05 06:00:00,81.41,137.65,27.2,26.0,0.48,19.13,17.14,84.52,1.21,300.08,0.0,0.0
2024-02-05 07:00:00,80.09,137.67,30.05,20.32,0.75,16.34,17.95,80.55,1.08,271.98,0.0,0.0
2024-02-05 08:00:00,85.32,139.0,41.59,36.2,0.89,27.26,20.8,69.56,1.03,176.03,0.0,41.45
2024-02-05 09:00:00,85.38,173.62,49.15,53.42,1.06,54.72,24.4,57.92,0.9,208.16,0.0,279.27
2024-02-05 10:00:00,75.59015558483767,137.95544185322973,59.75,40.02,1.29,63.94,27.81,50.84,1.48,170.06,0.0,455.15
2024-02-05 11:00:00,120.15,184.13,34.59,31.39,0.76,69.25661748251673,30.34,48.75,1.19,180.71,0.0,565.17
2024-02-05 12:00:00,105.18,172.56,26.56,16.53,0.44,60.74659054744809,32.24,46.54,1.11,189.07,0.0,580.48
2024-02-05 13:00:00,85.75,148.5,23.48,18.82,0.6098966752887107,88.58,33.18,42.75,1.0,191.26,0.0,516.42
2024-02-05 14:00:00,76.67,128.24,23.88,31.66823181803377,0.5337547472867055,92.0,33.9,41.57,0.55,249.14,0.0,375.48
2024-02-05 15:00:00,73.59,122.07,26.58,30.978086856516807,0.5895567234883053,87.58,33.73,41.06,1.0,178.87,0.0,172.32
2024-02-05 16:00:00,71.84,125.28,31.8,30.755061999025845,0.73,82.96,32.83,42.81,0.7,192.2,0.0,9.83
2024-02-05 17:00:00,69.53,121.08,32.29082023886247,16.41,0.97,69.55,31.02,45.91,0.62,265.39,0.0,0.0
2024-02-05 18:00:00,73.18,128.12,58.8651670365893,18.32,2.03,26.53,28.28,53.64,0.74,64.9,0.0,0.0
2024-02-05 19:00:00,79.09,147.64,58.829361074553496,14.32,2.06,19.78,26.45,58.76,1.09,234.4,0.0,0.0
2024-02-05 20:00:00,88.14,161.67,103.36288134620034,14.7,3.8,8.86,25.16,64.17,1.19,285.54,0.0,0.0
2024-02-05 21:00:00,99.02,185.08,134.46,20.18,3.31,3.04,24.39,67.73,1.22,291.67,0.0,0.0
2024-02-05 22:00:00,106.02,199.51,105.12,18.02,2.29,2.25,22.82,74.6,0.94,249.24,0.0,0.0
2024-02-05 23:00:00,114.3,209.06,116.11,16.05,2.85,2.59,22.13,75.83,0.89,298.0,0.0,0.0
2024-02-06 00:00:00,120.01,215.58,90.09,14.62,1.57,0.77,20.96,80.79,1.4,314.2,0.0,0.0
2024-02-06 01:00:00,123.41,212.17,106.19,28.66,1.69,3.29,20.64,77.24,1.11,307.61,0.0,0.0
2024-02-06 02:00:00,128.78,216.85,80.14,31.22,1.13,10.74,20.27,76.64,1.12,315.22,0.0,0.0
2024-02-06 03:00:00,126.78,213.7,55.4,26.34,0.75,15.53,19.73,78.71,1.29,321.46,0.0,0.0
2024-02-06 04:00:00,115.2,193.04,35.97,18.22,0.38,21.17,19.16,78.96,1.37,316.87,0.0,0.0
2024-02-06 05:00:00,93.21,163.8,28.06,17.55,0.18,28.08,18.84,79.31,1.23,321.82,0.0,0.0
2024-02-06 06:00:00,73.85,134.18,37.31,18.62,0.26,26.82,18.65,77.61,1.11,202.27,0.0,0.0
2024-02-06 07:00:00,72.06,113.51,49.53,16.26,0.48,15.55,19.13,79.73,1.39,322.31,0.0,0.0
2024-02-06 08:00:00,77.9,142.12,73.56,49.77,0.67,26.2,22.28,67.55,1.18,260.79,0.0,51.2
2024-02-06 09:00:00,77.04,166.92,37.96,37.4,0.28,63.51,26.71,54.5,0.9,28.31,0.0,324.82
2024-02-06 10:00:00,70.48,146.81,27.7,32.99,0.17,73.01,28.63,50.48,1.01,335.19,0.0,521.78
2024-02-06 11:00:00,67.98,134.74,44.61,31.74,0.27,78.88,30.63,45.64,0.71,234.18,0.0,601.1
2024-02-06 12:00:00,65.19,126.66,39.96,21.92,0.32,86.58,32.46,42.54,1.14,201.66,0.0,614.85
2024-02-06 13:00:00,59.04,108.4,36.24,19.42,0.26,87.68,33.57,39.64,1.23,166.63,0.0,544.02
2024-02-06 14:00:00,52.76,100.58,32.2,20.84,0.27,91.84,34.2,37.69,1.12,181.17,0.0,412.12
2024-02-06 15:00:00,49.16,101.24,37.86,18.09,0.3,83.99,34.54,37.09,0.57,196.08,0.0,225.9
2024-02-06 16:00:00,49.22,95.87,33.17,13.84,0.25,77.15,33.36,37.45,0.64,293.62,0.0,22.82
2024-02-06 17:00:00,47.59,96.65,35.2,19.42,0.29,71.07,31.16,40.56,0.75,322.34,0.0,0.0
2024-02-06 18:00:00,44.15,100.12,65.65,24.32,0.66,46.04,27.68,47.26,1.2,312.31,0.0,0.0
2024-02-06 19:00:00,53.0,104.08,114.36,21.99,1.83,13.56,25.62,52.24,1.18,315.7,0.0,0.0
2024-02-06 20:00:00,63.46,114.8,76.44,17.57,0.99,23.16,25.38,56.26,1.12,309.12,0.0,0.0
2024-02-06 21:00:00,60.98,119.18,51.03,17.54,0.57,36.56,25.34,59.49,1.06,186.67,0.0,0.0
2024-02-06 22:00:00,60.54,114.36,28.96,15.43,0.26,50.06,24.14,64.68,1.2,99.65,0.0,0.0
2024-02-06 23:00:00,63.04,112.68,17.7,20.73,0.16,62.27,23.21,67.0,1.34,95.21,0.0,0.0
2024-02-07 00:00:00,63.32,109.82,12.97,11.92,0.3,63.3,22.28,70.33,1.31,9.7,0.0,0.0
2024-02-07 01:00:00,64.03,103.52,12.93,14.23,0.32,58.93,21.4,73.78,0.93,30.05,0.0,0.0
2024-02-07 02:00:00,66.99,98.07,13.72,14.58,0.38,56.4,20.79,76.72,1.04,103.9,0.0,0.0
2024-02-07 03:00:00,65.69,100.67,17.29,14.69,0.41,50.32,20.26,79.19,1.37,265.17,0.0,0.0
2024-02-07 04:00:00,65.1,102.17,17.66,13.02,0.36,44.74,19.73,81.58,1.26,343.79,0.0,0.0
2024-02-07 05:00:00,68.2,100.47,17.82,18.92,0.34,39.14,19.37,82.9,1.22,338.48,0.0,0.0
2024-02-07 06:00:00,66.78,100.07,15.9,17.71,0.34,38.25,18.88,84.62,1.06,333.12,0.0,0.0
2024-02-07 07:00:00,66.29,100.3,22.27,17.28,0.42,31.38,19.14,83.55,0.87,101.66,0.0,0.0
2024-02-07 08:00:00,67.44,104.06,23.05,11.79,0.49,40.39,21.03,75.86,0.97,36.51,0.0,47.7
2024-02-07 09:00:00,69.18,107.22,23.45,15.4,0.59,53.41,23.3,68.16,0.93,15.58,0.0,331.38
2024-02-07 10:00:00,66.73,106.55,28.2,15.32,0.58,65.46,25.5,61.89,0.88,131.5,0.0,514.67
2024-02-07 11:00:00,68.69,110.36,35.06,13.92,0.64,87.98,27.76,55.79,0.99,280.97,0.0,602.67
2024-02-07 12:00:00,71.38,117.33,44.54,63.02,0.61,103.23,29.9,49.82,0.6,152.4,0.0,610.28
2024-02-07 13:00:00,66.34,117.24,53.96,141.09,0.52,88.76,30.99,46.86,0.68,65.18,0.0,530.5
2024-02-07 14:00:00,69.98,123.4,48.07,98.69,0.58,99.92,31.59,44.82,1.19,138.23,0.0,416.72
2024-02-07 15:00:00,71.92,127.72,54.2,74.14,0.68,109.74,31.96,44.08,1.26,139.12,0.0,207.5
2024-02-07 16:00:00,70.01,129.08,64.49,62.61,0.85,113.46,31.18,45.37,1.38,160.06,0.0,22.75
2024-02-07 17:00:00,71.59,144.91,82.88,54.33,1.15,89.74,29.34,50.54,1.16,210.64,0.0,0.0
2024-02-07 18:00:00,74.61,158.48,129.4,39.42,2.06,44.64,26.69,57.95,1.03,233.77,0.0,0.0
2024-02-07 19:00:00,78.0,167.34,156.61,39.28,2.51,16.92,25.92,60.4,1.15,71.92,0.0,0.0
2024-02-07 20:00:00,82.86,169.9,106.85,42.96,1.7,24.55,25.07,64.07,1.07,275.1,0.0,0.0
2024-02-07 21:00:00,89.03,165.52,51.83,33.23,0.74,45.61,25.01,63.8,1.47,267.1,0.0,0.0
2024-02-07 22:00:00,85.5,151.44,28.99,30.4,0.41,53.8,23.85,63.6,1.25,100.82,0.0,0.0
2024-02-07 23:00:00,66.5,134.33,20.96,24.48,0.35,65.32,22.95,61.16,1.45,91.88,0.0,0.0
2024-02-08 00:00:00,48.12,117.22,18.58,30.67,0.29,65.84,21.96,58.91,1.35,87.1,0.0,0.0
2024-02-08 01:00:00,43.09,100.62,38.3,66.55,0.3,48.14,20.84,60.64,1.09,324.06,0.0,0.0
2024-02-08 02:00:00,45.44,101.08,28.55,43.95,0.29,53.3,20.01,62.33,1.28,317.94,0.0,0.0
2024-02-08 03:00:00,46.73,99.68,14.27,18.53,0.26,63.98,19.42,62.9,1.6,323.62,0.0,0.0
2024-02-08 04:00:00,40.12,87.14,11.8,13.61,0.26,64.44,18.56,62.95,1.61,331.62,0.0,0.0
2024-02-08 05:00:00,34.99,75.79,9.83,11.74,0.24,66.71,17.92,61.14,1.49,331.98,0.0,0.0
2024-02-08 06:00:00,30.4,69.94,21.89,37.26,0.28,59.78,17.55,59.01,1.36,334.16,0.0,0.0
2024-02-08 07:00:00,30.94,67.1,29.48,42.83,0.3,61.12,17.93,51.05,1.31,96.0,0.0,0.0
2024-02-08 08:00:00,30.54,67.62,17.64,10.66,0.27,77.56,18.89,42.72,1.49,8.67,0.0,43.48
2024-02-08 09:00:00,23.36,72.85,12.16,10.59,0.28,82.17,20.83,39.65,1.21,20.69,0.0,371.32
2024-02-08 10:00:00,25.24,79.41,18.03,12.37,0.27,85.06,23.02,38.26,1.12,19.45,0.0,524.2
2024-02-08 11:00:00,32.3,86.55,43.82,38.29,0.24,71.89,24.9,38.39,0.98,11.27,0.0,637.98
2024-02-08 12:00:00,33.68,89.44,49.52,189.12,0.24,73.66,26.38,36.95,1.06,32.42,0.0,648.15
2024-02-08 13:00:00,33.48,89.99,43.74,138.23,0.24,76.36,27.68,36.34,0.78,36.13,0.0,582.8
2024-02-08 14:00:00,35.12,94.14,60.05,182.14,0.21,67.79,28.29,35.82,1.12,251.06,0.0,448.48
2024-02-08 15:00:00,33.97,91.38,22.38,52.56,0.2,88.23,28.14,36.68,1.23,257.5,0.0,264.0
2024-02-08 16:00:00,33.28,79.3,24.25,38.45,0.25,87.48,27.36,38.57,1.06,261.94,0.0,44.85
2024-02-08 17:00:00,29.68,75.15,46.66,125.54,0.32,66.8,25.6,42.82,0.86,176.61,0.0,0.0
2024-02-08 18:00:00,28.46,80.78,85.22,75.89,0.84,40.66,23.54,46.8,0.69,92.31,0.0,0.0
2024-02-08 19:00:00,37.01,89.41,93.46,17.37,1.14,31.56,22.6,48.48,0.76,116.39,0.0,0.0
2024-02-08 20:00:00,40.26,94.9,58.9,16.0,0.78,46.96,21.98,49.15,0.71,126.27,0.0,0.0
2024-02-08 21:00:00,39.89,97.76,56.42,20.48,0.78,43.93,20.87,50.52,0.77,323.3,0.0,0.0
2024-02-08 22:00:00,40.49,97.8,45.99,20.03,0.63,49.24,20.02,49.8,1.23,334.13,0.0,0.0
2024-02-08 23:00:00,37.42,89.7,26.31,10.5,0.36,65.33,19.81,46.24,1.1,8.62,0.0,0.0
2024-02-09 00:00:00,34.39,80.62,19.97,9.25,0.31,66.07,18.53,49.23,0.86,188.69,0.0,0.0
2024-02-09 01:00:00,32.06,73.88,24.0,17.78,0.42,59.42,17.55,52.15,0.83,199.0,0.0,0.0
2024-02-09 02:00:00,33.57,69.79,20.98,17.49,0.4,57.72,16.7,53.03,1.13,324.0,0.0,0.0
2024-02-09 03:00:00,35.92,64.5,16.52,13.34,0.34,58.94,15.81,53.84,1.36,309.44,0.0,0.0
2024-02-09 04:00:00,31.34,58.31,15.08,14.36,0.31,58.84,15.38,53.3,1.25,310.97,0.0,0.0
2024-02-09 05:00:00,26.36,56.5,16.63,19.31,0.35,58.46,15.3,52.31,1.52,318.64,0.0,0.0
2024-02-09 06:00:00,27.58,62.23,18.66,15.64,0.32,56.96,15.11,53.34,1.52,328.37,0.0,0.0
2024-02-09 07:00:00,34.14,69.02,26.32,15.19,0.44,53.95,15.57,52.67,1.53,336.62,0.0,0.0
2024-02-09 08:00:00,35.99,71.47,29.06,13.01,0.47,65.66,18.14,44.97,1.32,99.55,0.0,53.25
2024-02-09 09:00:00,36.28,78.48,27.45,15.14,0.44,79.37,21.19,36.82,1.13,22.78,0.0,421.08
2024-02-09 10:00:00,38.96,85.79,32.86,19.96,0.41,83.27,23.76,33.62,1.17,38.54,0.0,604.9
2024-02-09 11:00:00,42.2,89.87,31.06,42.22,0.36,88.96,25.9,31.41,0.73,54.04,0.0,683.7
2024-02-09 12:00:00,43.05,85.01,35.56,40.03,0.34,90.55,27.4,30.61,0.8,52.42,0.0,693.5
2024-02-09 13:00:00,37.98,76.72,38.66,45.04,0.39,96.09,28.36,30.61,0.71,87.78,0.0,626.7
2024-02-09 14:00:00,36.28,76.86,35.67,71.07,0.33,101.51,28.8,31.53,0.62,64.04,0.0,480.92
2024-02-09 15:00:00,33.02,75.64,37.03,78.66,0.34,105.76,28.69,32.58,0.68,215.64,0.0,291.62
2024-02-09 16:00:00,30.97,72.13,37.93,79.25,0.37,103.34,27.89,34.54,0.66,59.28,0.0,60.2
2024-02-09 17:00:00,33.7,71.02,43.91,65.1,0.44,90.87,25.91,37.78,1.01,84.95,0.0,0.0
2024-02-09 18:00:00,37.48,73.61,102.0,57.54,1.08,52.3,23.93,41.2,1.18,128.94,0.0,0.0
2024-02-09 19:00:00,40.17,81.8,161.64,25.71,1.91,10.36,22.08,45.06,0.96,107.58,0.0,0.0
2024-02-09 20:00:00,42.57,93.57,144.74,17.02,1.68,9.77,20.54,49.0,1.14,289.77,0.0,0.0
2024-02-09 21:00:00,46.97,103.13,173.28,15.84,2.1,2.99,20.16,47.74,0.8,237.58,0.0,0.0
2024-02-09 22:00:00,52.7,108.03,126.19,12.28,1.4,19.68,19.83,45.62,1.23,317.44,0.0,0.0
2024-02-09 23:00:00,52.52,108.51,78.66,12.36,0.98,33.93,19.49,45.66,0.87,257.37,0.0,0.0
2024-02-10 00:00:00,51.36,108.56,95.54,25.95,0.98,18.01,18.41,49.61,1.04,236.09,0.0,0.0
2024-02-10 01:00:00,55.06,115.69,84.56,27.67,1.03,20.47,17.96,53.46,1.02,305.76,0.0,0.0
2024-02-10 02:00:00,63.59,122.7,69.6,30.77,0.86,26.16,17.65,55.08,0.87,245.67,0.0,0.0
2024-02-10 03:00:00,68.88,121.41,54.78,28.44,0.83,29.67,16.99,58.03,1.02,315.92,0.0,0.0
2024-02-10 04:00:00,68.35,112.09,40.91,28.75,0.56,39.01,16.86,59.02,1.09,304.38,0.0,0.0
2024-02-10 05:00:00,64.97,103.3,28.28,19.3,0.38,45.16,16.51,60.26,1.48,307.62,0.0,0.0
2024-02-10 06:00:00,58.08,96.52,26.52,15.69,0.34,41.11,16.18,65.18,1.54,311.65,0.0,0.0
2024-02-10 07:00:00,51.13,86.94,33.43,13.72,0.48,39.9,17.06,61.6,1.28,319.65,0.0,0.0
2024-02-10 08:00:00,46.45,86.66,41.08,13.96,0.56,46.55,19.48,54.7,1.17,174.32,0.0,0.4
2024-02-10 09:00:00,45.6,90.55,49.8,30.58,0.67,61.92,21.46,48.45,0.66,41.98,0.0,33.18
2024-02-10 10:00:00,48.61,96.78,53.38,35.19,0.69,80.59,23.5,44.22,0.83,87.26,0.0,151.15
2024-02-10 11:00:00,55.02,105.93,59.13,36.25,0.74,81.68,24.03,46.41,1.1,129.7,0.0,58.12
2024-02-10 12:00:00,58.94,117.92,61.45,38.68,0.72,82.75,24.72,50.7,0.91,115.86,0.0,89.18
2024-02-10 13:00:00,62.45,126.24,41.81,38.0,0.62,95.81,26.51,51.75,0.74,270.48,0.0,239.18
2024-02-10 14:00:00,68.76,130.74,50.27,35.34,0.66,99.63,28.47,53.76,0.68,173.27,0.0,309.32
2024-02-10 15:00:00,72.31,135.85,41.0,37.66,0.52,110.28,28.67,56.42,0.52,92.38,0.0,166.7
2024-02-10 16:00:00,70.91,135.96,41.26,32.71,0.69,110.65,28.1,58.02,1.01,32.53,0.0,15.62
2024-02-10 17:00:00,76.12,148.14,47.45,31.47,0.78,99.62,26.46,61.36,0.76,42.67,0.0,0.0
2024-02-10 18:00:00,80.37,159.22,62.56,44.24,0.95,76.26,24.82,65.94,0.84,49.66,0.0,0.0
2024-02-10 19:00:00,88.14,157.8,65.86,41.78,1.1,59.9,24.0,68.3,0.78,27.72,0.0,0.0
2024-02-10 20:00:00,95.05,166.88,77.77,52.83,1.28,48.48,23.63,69.84,0.52,26.87,0.0,0.0
2024-02-10 21:00:00,96.29,175.57,69.16,47.86,1.27,53.78,23.3,69.54,0.92,78.1,0.0,0.0
2024-02-10 22:00:00,103.68,173.53,55.58,41.52,0.81,70.53,23.14,66.32,0.89,67.15,0.0,0.0
2024-02-10 23:00:00,106.84,172.47,37.6,40.48,0.75,74.05,22.66,66.12,0.89,32.9,0.0,0.0
2024-02-11 00:00:00,104.14,166.4,29.72,42.99,0.5,87.74,23.56,62.81,0.64,197.94,0.0,0.0
2024-02-11 01:00:00,98.02,158.65,36.19,42.82,0.54,76.46,22.57,69.72,0.65,159.66,0.0,0.0
2024-02-11 02:00:00,95.2,147.99,32.13,43.35,0.56,68.51,20.95,75.66,0.6,158.65,0.0,0.0
2024-02-11 03:00:00,87.09,139.8,33.2,32.3,0.58,53.78,19.69,81.68,1.1,313.54,0.0,0.0
2024-02-11 04:00:00,89.54,140.6,36.39,25.36,0.59,36.62,19.59,83.81,0.76,214.15,0.0,0.0
2024-02-11 05:00:00,96.74,146.74,34.19,21.75,0.53,36.54,19.22,84.3,0.76,239.3,0.0,0.0
2024-02-11 06:00:00,94.32,145.35,48.68,23.18,0.66,35.8,19.83,80.23,0.66,85.37,0.0,0.0
2024-02-11 07:00:00,93.48,138.66,35.93,26.74,0.67,54.69,20.42,75.05,0.88,79.32,0.0,0.0
2024-02-11 08:00:00,91.62,137.18,38.63,30.92,0.76,63.52,21.93,68.94,0.78,69.02,0.0,3.45
2024-02-11 09:00:00,92.06,135.39,42.62,31.02,0.77,70.39,23.54,65.85,0.72,90.42,0.0,21.7
2024-02-11 10:00:00,91.75,137.07,40.89,32.47,0.78,71.55,24.58,66.28,1.23,151.45,0.0,138.57
2024-02-11 11:00:00,95.08,144.75,40.24,30.57,0.68,68.14,25.78,68.36,0.86,145.66,0.0,102.72
2024-02-11 12:00:00,99.76,154.03,40.89,28.53,0.7,61.38,26.64,70.56,1.31,163.39,0.0,54.22
2024-02-11 13:00:00,98.3,155.46,43.82,30.18,0.68,62.24,28.17,67.34,1.18,172.98,0.0,119.82
2024-02-11 14:00:00,96.11,151.59,42.89,34.6,0.62,69.01,29.49,63.27,0.96,202.64,0.0,189.77
2024-02-11 15:00:00,86.74,142.32,38.33,29.3,0.6,74.76,30.7,58.95,0.77,192.96,0.0,155.07
2024-02-11 16:00:00,81.24,132.29,34.87,23.35,0.5,78.9,30.24,59.36,0.89,139.52,0.0,17.32
2024-02-11 17:00:00,91.09,126.98,31.77,17.31,0.57,62.25,27.26,71.98,1.09,84.49,0.0,0.0
2024-02-11 18:00:00,84.03,127.84,31.8,18.14,0.47,73.68,22.35,72.34,1.18,99.3,0.0,0.0
2024-02-11 19:00:00,66.42,121.51,56.0,11.76,0.82,39.88,21.56,81.68,0.96,271.66,0.0,0.0
2024-02-11 20:00:00,68.32,113.15,70.53,10.04,1.32,12.85,20.68,89.38,0.82,275.0,0.0,0.0
2024-02-11 21:00:00,77.49,118.89,76.9,9.33,1.49,6.3,21.08,89.28,0.67,131.8,0.0,0.0
2024-02-11 22:00:00,79.07,121.18,51.96,9.07,0.83,28.69,21.98,81.52,0.91,154.37,0.05,0.0
2024-02-11 23:00:00,80.61,108.29,40.45,8.06,0.56,37.86,21.0,81.41,0.52,202.62,0.0,0.0
2024-02-12 00:00:00,68.73,92.21,30.62,11.04,0.43,30.48,20.71,84.06,0.72,193.39,0.0,0.0
2024-02-12 01:00:00,52.66,85.09,32.69,11.54,0.61,25.73,20.84,85.16,0.98,325.14,0.0,0.0
2024-02-12 02:00:00,56.82,87.05,31.05,16.03,0.69,26.25,20.5,87.3,1.15,185.86,0.0,0.0
2024-02-12 03:00:00,57.44,80.1,20.78,17.26,0.38,35.34,20.37,85.39,0.76,36.98,0.0,0.0
2024-02-12 04:00:00,47.29,72.04,24.05,19.93,0.37,43.65,20.13,86.08,0.6,57.92,0.0,0.0
2024-02-12 05:00:00,44.58,71.86,33.9,17.32,0.41,42.62,19.99,85.46,0.78,114.77,0.0,0.0
2024-02-12 06:00:00,41.48,65.57,28.75,17.86,0.43,40.05,20.0,86.64,1.06,98.72,0.0,0.0
2024-02-12 07:00:00,37.36,63.4,25.6,16.03,0.58,41.95,20.5,83.52,0.82,74.38,0.0,0.0
2024-02-12 08:00:00,41.18,70.08,43.08,21.51,0.85,39.83,21.88,79.14,1.05,106.48,0.0,6.05
2024-02-12 09:00:00,55.02,81.27,43.87,29.28,1.04,42.45,23.17,76.64,1.3,144.94,0.0,183.65
2024-02-12 10:00:00,66.83,95.12,38.53,23.99,0.94,53.08,24.58,75.48,1.54,155.7,0.0,239.92
2024-02-12 11:00:00,69.17,107.09,33.3,19.66,0.7,69.54,26.42,69.66,1.43,151.71,0.0,384.18
2024-02-12 12:00:00,71.5,115.54,29.73,15.76,0.67,75.42,28.2,63.68,1.38,160.0,0.0,498.15
2024-02-12 13:00:00,71.55,112.93,35.94,30.626233706890165,0.68,76.55,29.97,51.74,1.53,168.56,0.0,484.1
2024-02-12 14:00:00,67.66,106.3,36.53,32.22151941139616,0.62,83.84,29.82,51.9,1.56,175.5,0.0,327.92
2024-02-12 15:00:00,65.72,104.73,40.6,34.26788661589937,0.61,88.87,29.54,53.64,1.64,163.18,0.0,141.72
2024-02-12 16:00:00,67.11,103.48,44.44,27.38,0.7,92.78,28.88,55.12,1.67,165.95,0.0,13.08
2024-02-12 17:00:00,73.23,108.56,54.66,33.5,0.8,79.66,27.98,58.46,0.94,143.94,0.0,0.0
2024-02-12 18:00:00,77.43,116.65,59.28,29.68,1.02,57.62,25.61,66.5,1.16,242.19,0.0,0.0
2024-02-12 19:00:00,80.24,121.36,72.27,13.73,1.44,23.29,24.14,73.22,1.21,254.54,0.0,0.0
2024-02-12 20:00:00,83.44,134.28,140.94,16.27,2.56,6.3,24.58,68.82,1.18,78.81,0.0,0.0
2024-02-12 21:00:00,82.5,143.96,115.52,13.46,2.02,11.34,24.56,65.48,1.17,139.97,0.0,0.0
2024-02-12 22:00:00,86.19,144.39,70.64,8.2,1.06,23.2,24.83,60.88,1.44,150.78,0.0,0.0
2024-02-12 23:00:00,86.09,141.6,69.97,11.74,0.88,18.2,23.18,66.87,0.82,100.71,0.0,0.0
2024-02-13 00:00:00,76.23,130.67,76.6,11.52,0.87,10.37,22.63,69.32,1.2,129.98,0.0,0.0
2024-02-13 01:00:00,68.66,120.07,53.95,12.13,0.48,20.51,21.76,71.7,0.96,113.62,0.0,0.0
2024-02-13 02:00:00,61.46,111.93,35.67,12.21,0.31,28.62,21.7,72.3,0.82,73.55,0.0,0.0
2024-02-13 03:00:00,56.56,101.12,23.04,11.61,0.32,34.84,21.62,72.72,1.09,91.31,0.0,0.0
2024-02-13 04:00:00,60.08,94.06,28.06,12.05,0.43,30.22,20.95,79.09,0.84,198.5,0.0,0.0
2024-02-13 05:00:00,65.57,95.32,34.1,11.81,0.55,21.0,19.9,86.1,0.72,219.43,0.0,0.0
2024-02-13 06:00:00,69.4,100.82,52.78,11.08,0.92,10.24,19.67,88.5,0.48,241.0,0.0,0.0
2024-02-13 07:00:00,71.25,110.08,54.2,9.28,0.98,10.27,20.28,85.42,0.57,119.34,0.0,0.0
2024-02-13 08:00:00,70.2,111.41,45.71,9.3,0.72,30.93,22.13,75.54,1.58,159.89,0.0,21.72
2024-02-13 09:00:00,66.22,107.23,42.1,28.49,0.76,38.72,23.78,70.95,1.69,163.61,0.0,230.05
2024-02-13 10:00:00,62.08,105.38,40.0,34.59,0.63,54.82,25.86,64.04,1.76,159.67,0.0,394.9
2024-02-13 11:00:00,60.35,101.28,36.64,20.18,0.5,64.01,28.08,50.97,1.83,163.72,0.0,488.45
2024-02-13 12:00:00,56.54,94.65,33.83,23.4,0.42,74.72,28.96,49.64,1.91,166.78,0.0,524.33
2024-02-13 13:00:00,48.36,92.92,36.25,19.35,0.46,78.07,30.31,46.06,1.72,179.1,0.0,526.15
2024-02-13 14:00:00,47.58,96.6,39.84,16.71,0.5,77.88,30.36,46.71,1.72,174.16,0.0,325.23
2024-02-13 15:00:00,47.09,93.21,41.24,15.32,0.54,77.01,30.46,46.29,1.48,171.52,0.0,138.28
2024-02-13 16:00:00,42.52,89.3,50.38,19.77,0.58,74.02,30.32,46.3,1.66,156.49,0.0,15.22
2024-02-13 17:00:00,42.8,91.02,70.64,20.12,0.83,48.77,29.16,48.58,1.3,189.15,0.0,0.0
2024-02-13 18:00:00,46.6,91.95,109.48,24.83,1.67,15.76,26.48,55.8,1.03,38.36,0.0,0.0
2024-02-13 19:00:00,49.48,97.11,107.82,23.26,1.47,11.35,25.32,57.9,1.0,47.94,0.0,0.0
2024-02-13 20:00:00,49.77,100.16,122.38,15.89,1.62,4.77,24.82,60.15,0.98,139.08,0.0,0.0
2024-02-13 21:00:00,48.11,104.46,114.88,18.95,1.68,8.88,24.42,62.42,0.63,80.26,0.0,0.0
2024-02-13 22:00:00,56.17,115.97,75.89,20.71,0.88,25.42,24.28,61.83,1.27,182.98,0.0,0.0
2024-02-13 23:00:00,64.14,119.63,49.99,15.68,0.48,34.44,22.9,66.29,1.22,260.08,0.0,0.0
2024-02-14 00:00:00,59.41,110.44,47.33,14.68,0.54,22.45,20.96,75.15,1.34,308.45,0.0,0.0
2024-02-14 01:00:00,58.63,113.24,58.94,24.94,1.65,18.34,21.26,71.97,0.97,186.77,0.0,0.0
2024-02-14 02:00:00,65.82,119.14,42.24,23.22,0.81,25.62,21.37,70.68,0.86,138.33,0.0,0.0
2024-02-14 03:00:00,70.69,114.97,36.79,19.49,0.5,22.43,20.71,73.77,0.85,217.24,0.0,0.0
2024-02-14 04:00:00,67.81,114.28,29.95,16.06,0.54,23.83,20.01,78.43,1.23,300.6,0.0,0.0
2024-02-14 05:00:00,65.59,108.94,33.98,13.55,0.6,15.54,19.26,82.77,0.49,215.71,0.0,0.0
2024-02-14 06:00:00,68.4,106.08,42.33,12.21,0.76,7.86,19.14,84.54,0.79,248.44,0.0,0.0
2024-02-14 07:00:00,67.11,104.28,39.47,7.9,0.75,4.12,20.0,84.57,1.12,274.34,0.0,0.0
2024-02-14 08:00:00,63.71,105.65,86.89,17.41,1.52,10.7,22.7,73.09,1.23,194.62,0.0,39.92
2024-02-14 09:00:00,63.31,117.8,60.91,29.62,1.05,37.88,25.4,62.49,1.63,175.92,0.0,307.15
2024-02-14 10:00:00,64.83,130.29,49.17,25.62,0.88,56.68,26.56,61.24,1.5,180.75,0.0,318.77
2024-02-14 11:00:00,65.99,130.77,45.45,26.76,0.74,65.9,28.56,56.37,1.52,180.8,0.0,457.1
2024-02-14 12:00:00,57.61,120.38,35.7,17.46,0.64,73.0,29.84,53.32,1.62,179.45,0.0,554.3
2024-02-14 13:00:00,50.52,110.25,36.53,14.27,0.64,75.66,29.96,53.18,1.69,173.13,0.0,425.5
2024-02-14 14:00:00,50.36,100.8,32.62,15.21,0.58,88.77,31.23,47.04,1.48,172.71,0.0,453.1
2024-02-14 15:00:00,46.11,97.64,36.49,16.28,0.6,92.99,31.5,45.37,1.8,165.61,0.0,245.95
2024-02-14 16:00:00,45.92,96.09,53.63,12.38,0.78,80.68,30.61,46.23,1.69,171.68,0.0,1.65
2024-02-14 17:00:00,47.37,98.9,51.79,13.88,0.79,73.31,29.7,48.62,0.98,183.59,0.0,0.0
2024-02-14 18:00:00,51.09,106.49,157.31,14.24,2.58,14.16,27.3,55.59,1.02,164.22,0.0,0.0
2024-02-14 19:00:00,63.04,115.44,133.03,10.0,2.41,11.31,25.74,62.0,1.27,323.46,0.0,0.0
2024-02-14 20:00:00,71.34,135.88,133.79,9.83,3.49,6.4,24.92,67.34,1.31,303.09,0.0,0.0
2024-02-14 21:00:00,76.76,151.5,121.63,7.53,3.58,2.46,24.15,73.09,0.91,199.26,0.0,0.0
2024-02-14 22:00:00,81.27,164.6,116.43,7.65,2.64,1.4,23.1,74.45,1.38,307.4,0.0,0.0
2024-02-14 23:00:00,81.32,174.84,95.68,17.33,1.63,12.22,23.49,72.89,1.13,258.1,0.0,0.0
2024-02-15 00:00:00,74.52,160.23,31.44,20.75,0.37,46.2,23.68,69.13,1.03,101.63,0.0,0.0
2024-02-15 01:00:00,69.78,140.4,22.08,17.29,0.3,53.72,23.03,71.23,1.16,99.71,0.0,0.0
2024-02-15 02:00:00,73.84,129.18,17.98,13.89,0.28,54.86,22.3,74.06,1.35,177.25,0.0,0.0
2024-02-15 03:00:00,74.05,119.7,15.07,15.75,0.23,55.82,21.51,77.89,1.2,259.8,0.0,0.0
2024-02-15 04:00:00,76.84,117.6,13.84,16.82,0.25,51.0,20.93,81.96,1.14,178.55,0.0,0.0
2024-02-15 05:00:00,84.52,121.67,10.8,12.86,0.22,52.26,20.61,82.67,0.99,103.99,0.0,0.0
2024-02-15 06:00:00,86.0,123.03,13.47,12.08,0.33,47.91,20.27,83.49,0.99,182.61,0.0,0.0
2024-02-15 07:00:00,85.56,121.88,14.21,7.72,0.31,52.4,20.6,81.61,1.28,87.76,0.0,0.0
2024-02-15 08:00:00,83.72,123.15,17.1,12.24,0.34,56.54,21.65,77.96,1.31,7.81,0.0,28.25
2024-02-15 09:00:00,82.65,128.37,18.11,10.65,0.36,61.28,23.64,72.28,0.84,37.52,0.0,253.35
2024-02-15 10:00:00,86.88,132.84,29.28,30.54,0.41,68.32,25.74,66.59,0.7,58.78,0.0,434.92
2024-02-15 11:00:00,93.9,138.94,33.05,55.1,0.39,79.38,27.92,60.13,0.72,70.97,0.0,575.65
2024-02-15 12:00:00,99.26,142.55,22.9,45.47,0.27,90.73,29.13,56.92,0.79,105.64,0.0,598.9
2024-02-15 13:00:00,94.34,135.84,22.9,70.63,0.22,103.45,30.28,53.54,0.88,36.22,0.0,540.33
2024-02-15 14:00:00,88.06,127.91,42.99,154.22,0.34,104.2,30.63,52.86,0.68,85.57,0.0,377.3
2024-02-15 15:00:00,88.08,128.66,41.26,132.92,0.35,112.21,30.63,54.08,0.58,49.59,0.0,177.92
2024-02-15 16:00:00,87.14,129.67,32.07,54.19,0.35,112.52,29.8,55.13,0.65,87.8,0.0,11.58
2024-02-15 17:00:00,87.62,129.64,40.38,56.94,0.44,90.76,28.29,60.2,0.94,66.44,0.0,0.0
2024-02-15 18:00:00,92.02,133.46,55.96,52.2,0.68,64.64,26.97,65.86,1.02,244.93,0.0,0.0
2024-02-15 19:00:00,90.51,136.44,74.04,46.92,1.08,39.79,26.14,69.33,1.13,211.38,0.0,0.0
2024-02-15 20:00:00,86.69,136.82,37.88,39.47,0.39,75.78,25.03,67.18,1.52,322.14,0.0,0.0
2024-02-15 21:00:00,74.47,128.15,22.13,30.05,0.23,81.09,24.35,66.39,1.03,120.66,0.0,0.0
2024-02-15 22:00:00,68.96,117.43,42.96,46.14,0.41,59.55,23.88,69.44,1.13,175.76,0.0,0.0
2024-02-15 23:00:00,74.07,110.67,27.14,29.16,0.29,66.84,23.52,67.17,1.01,184.1,0.0,0.0
2024-02-16 00:00:00,67.28,103.27,24.39,16.87,0.44,55.74,22.26,71.61,1.63,321.87,0.0,0.0
2024-02-16 01:00:00,62.77,94.16,15.79,16.27,0.33,56.92,21.16,74.83,1.48,318.98,0.0,0.0
2024-02-16 02:00:00,53.76,83.97,16.34,13.81,0.31,44.85,20.06,77.65,1.21,286.04,0.0,0.0
2024-02-16 03:00:00,44.08,72.79,17.0,14.23,0.31,40.06,20.12,78.58,1.5,304.04,0.0,0.0
2024-02-16 04:00:00,42.57,65.7,16.27,11.92,0.31,35.2,19.34,81.95,1.36,306.73,0.0,0.0
2024-02-16 05:00:00,43.67,64.32,15.72,12.0,0.33,36.97,19.52,80.52,1.11,295.61,0.0,0.0
2024-02-16 06:00:00,44.23,65.78,21.15,12.19,0.4,32.98,19.82,78.84,0.98,305.28,0.0,0.0
2024-02-16 07:00:00,43.21,68.3,29.37,12.64,0.66,34.76,20.49,76.36,1.1,316.33,0.0,0.0
2024-02-16 08:00:00,46.4,75.2,35.68,12.23,0.76,44.34,22.53,69.77,1.08,261.65,0.0,16.2
2024-02-16 09:00:00,53.5,92.1,37.4,14.57,0.82,62.84,24.78,63.3,0.9,146.87,0.0,248.08
2024-02-16 10:00:00,59.93,111.07,51.78,23.21,1.1,77.93,27.17,57.75,1.44,164.06,0.0,480.98
2024-02-16 11:00:00,72.12,129.38,37.54,23.42,0.71,87.67,28.37,57.01,0.94,122.23,0.0,496.05
2024-02-16 12:00:00,78.37,138.68,32.75,22.14,0.69,101.44,30.25,53.3,0.82,118.19,0.0,630.42
2024-02-16 13:00:00,76.32,134.22,26.2,23.85,0.59,119.17,31.29,49.52,0.83,106.61,0.0,580.35
2024-02-16 14:00:00,75.89,126.98,26.88,21.86,0.55,119.5,32.13,46.47,0.66,87.89,0.0,398.05
2024-02-16 15:00:00,70.06,122.43,17.28,20.66,0.47,122.48,31.81,46.81,1.08,106.94,0.0,197.23
2024-02-16 16:00:00,67.02,115.13,15.33,16.76,0.48,119.79,31.74,45.93,0.69,116.54,0.0,23.18
2024-02-16 17:00:00,69.4,107.96,22.39,16.79,0.56,104.38,30.07,49.28,0.86,86.58,0.0,0.0
2024-02-16 18:00:00,71.74,111.41,99.92,18.19,1.61,51.61,27.79,59.94,0.57,117.34,0.0,0.0
2024-02-16 19:00:00,78.15,122.98,100.85,29.1,1.56,34.96,25.76,68.14,0.92,226.61,0.0,0.0
2024-02-16 20:00:00,86.25,134.84,123.4,32.17,1.9,14.03,24.72,71.74,1.32,314.24,0.0,0.0
2024-02-16 21:00:00,89.08,149.35,120.62,28.43,2.22,2.87,23.82,76.63,1.2,238.82,0.0,0.0
2024-02-16 22:00:00,94.22,163.28,124.67,23.19,2.98,3.04,23.26,79.06,1.1,248.54,0.0,0.0
2024-02-16 23:00:00,109.26,185.04,125.82,22.35,2.67,2.42,22.98,76.96,1.26,236.92,0.0,0.0
2024-02-17 00:00:00,116.5,195.13,67.78,25.8,0.88,24.82,22.9,74.87,1.15,315.44,0.0,0.0
2024-02-17 01:00:00,103.78,175.74,27.7,21.85,0.38,46.42,22.29,76.52,1.09,302.03,0.0,0.0
2024-02-17 02:00:00,92.29,154.8,26.57,18.29,0.38,36.6,22.05,80.64,0.9,195.52,0.0,0.0
2024-02-17 03:00:00,88.06,134.64,24.39,17.08,0.32,35.33,21.87,78.9,0.99,302.08,0.0,0.0
2024-02-17 04:00:00,80.81,115.5,24.24,14.59,0.3,29.93,21.17,82.25,1.09,237.52,0.0,0.0
2024-02-17 05:00:00,74.96,106.54,39.82,14.98,0.37,23.26,21.37,78.18,1.0,254.48,0.0,0.0
2024-02-17 06:00:00,74.3,103.76,46.14,15.59,0.39,29.72,20.7,77.53,0.68,199.33,0.0,0.0
2024-02-17 07:00:00,74.88,105.41,46.14,10.41,0.5,25.9,20.6,78.38,1.03,298.9,0.0,0.0
2024-02-17 08:00:00,75.72,112.91,35.15,16.75,0.47,44.12,22.93,69.81,0.99,102.07,0.0,31.1
2024-02-17 09:00:00,75.51,119.15,41.74,21.15,0.57,69.92,25.78,59.07,0.6,56.26,0.0,212.42
2024-02-17 10:00:00,74.11,121.94,39.82,23.09,0.57,85.98,28.12,53.79,0.69,98.87,0.0,491.88
2024-02-17 11:00:00,79.03,125.54,44.48,24.59,0.64,99.99,29.96,50.16,0.92,132.0,0.0,627.02
2024-02-17 12:00:00,80.96,129.39,38.49,31.85,0.45,112.49,31.59,46.25,0.64,174.97,0.0,653.75
2024-02-17 13:00:00,72.94,126.96,36.26,32.53,0.35,119.71,33.44,37.68,0.67,159.79,0.0,592.58
2024-02-17 14:00:00,68.22,122.28,33.62,29.72,0.29,118.23,33.96,35.26,0.67,206.68,0.0,437.9
2024-02-17 15:00:00,68.46,111.5,44.94,22.58,0.44,99.65,33.6,34.14,1.28,183.42,0.0,150.52
2024-02-17 16:00:00,62.87,101.7,55.74,18.08,0.62,91.56,32.24,36.6,1.39,171.41,0.0,1.18
2024-02-17 17:00:00,57.84,103.08,66.89,16.66,0.6,63.06,29.96,40.94,0.52,210.74,0.0,0.0
2024-02-17 18:00:00,59.27,104.66,106.42,18.51,1.18,37.68,27.64,45.46,0.79,160.17,0.0,0.0
2024-02-17 19:00:00,57.22,108.88,135.26,14.99,1.68,16.76,25.96,48.66,1.19,301.39,0.0,0.0
2024-02-17 20:00:00,63.87,114.08,118.95,8.82,1.64,9.66,24.45,57.44,1.24,309.43,0.0,0.0
2024-02-17 21:00:00,69.17,125.54,135.33,7.11,2.23,2.96,23.56,60.84,1.1,305.03,0.0,0.0
2024-02-17 22:00:00,70.15,136.64,103.88,7.8,1.48,1.94,22.84,66.92,1.2,318.82,0.0,0.0
2024-02-17 23:00:00,75.21,140.5,84.92,15.55,1.23,4.3,22.5,68.79,1.32,315.43,0.0,0.0
2024-02-18 00:00:00,73.27,141.24,81.85,21.7,1.09,7.69,22.85,66.42,1.06,306.79,0.0,0.0
2024-02-18 01:00:00,69.26,138.84,65.82,20.64,0.73,19.52,22.88,61.94,0.86,236.27,0.0,0.0
2024-02-18 02:00:00,68.89,134.39,48.15,15.9,0.55,22.35,22.11,66.87,1.0,197.76,0.0,0.0
2024-02-18 03:00:00,67.67,125.88,43.61,16.1,0.59,22.4,22.3,67.03,1.37,253.57,0.0,0.0
2024-02-18 04:00:00,62.88,119.03,47.66,24.3,0.55,24.42,22.48,68.7,0.92,275.4,0.0,0.0
2024-02-18 05:00:00,65.58,121.36,46.08,23.18,0.58,21.97,21.51,73.62,0.88,304.61,0.0,0.0
2024-02-18 06:00:00,68.12,126.63,48.31,18.34,0.61,16.45,21.44,75.42,0.68,230.18,0.0,0.0
2024-02-18 07:00:00,67.61,128.73,69.05,17.75,0.93,11.34,22.02,74.7,0.8,264.0,0.0,0.0
2024-02-18 08:00:00,73.28,138.96,55.52,24.52,0.92,39.01,24.38,69.78,0.78,177.42,0.0,7.95
2024-02-18 09:00:00,80.8,159.0,54.62,42.66,1.11,61.06,26.26,64.24,0.88,27.79,0.0,64.88
2024-02-18 10:00:00,94.61,172.47,51.69,54.36,1.11,90.2,28.13,55.82,0.59,187.15,0.0,239.7
2024-02-18 11:00:00,108.78,179.23,51.08,36.52,0.69,102.76,31.22,40.96,0.7,202.21,0.0,552.35
2024-02-18 12:00:00,101.38,168.68,33.58,21.09,0.36,102.15,32.97,35.47,0.52,257.62,0.0,606.55
2024-02-18 13:00:00,82.98,142.98,32.78,14.36,0.31,95.3,34.26,30.76,1.26,183.7,0.0,617.85
2024-02-18 14:00:00,62.69,117.31,29.14,6.63,0.21,85.48,34.5,26.83,1.38,186.1,0.0,481.15
2024-02-18 15:00:00,48.93,87.49,36.79,9.56,0.31,91.72,34.3,28.58,1.58,172.86,0.0,278.75
2024-02-18 16:00:00,47.06,70.51,41.4,12.7,0.37,96.73,33.27,30.78,1.55,178.9,0.0,32.5
2024-02-18 17:00:00,47.19,75.45,54.02,11.3,0.6,75.1,31.58,34.24,1.39,174.42,0.0,0.0
2024-02-18 18:00:00,55.36,88.41,135.78,11.96,1.98,18.44,27.8,43.57,0.89,263.32,0.0,0.0
2024-02-18 19:00:00,72.28,122.67,176.9,9.6,3.46,7.28,26.2,47.63,1.08,104.16,0.0,0.0
2024-02-18 20:00:00,117.58,270.8,177.75,15.33,4.42,6.19,25.86,48.89,0.78,153.56,0.0,0.0
2024-02-18 21:00:00,150.24,328.65,161.1,12.18,2.92,4.63,26.3,47.25,0.93,182.81,0.0,0.0
2024-02-18 22:00:00,139.98,257.99,121.77,12.49,1.35,7.36,26.71,47.44,1.62,167.64,0.0,0.0
2024-02-18 23:00:00,121.66,204.5,67.88,11.44,0.59,25.0,25.56,49.3,1.35,239.92,0.0,0.0
2024-02-19 00:00:00,98.43,139.09,56.99,15.32,0.49,31.3,23.18,54.77,1.0,216.5,0.0,0.0
2024-02-19 01:00:00,85.14,113.82,39.8,16.07,0.24,35.61,21.91,62.36,1.27,317.19,0.0,0.0
2024-02-19 02:00:00,53.64,68.98,30.82,25.42,0.31,43.68,21.55,61.63,0.95,242.57,0.0,0.0
2024-02-19 03:00:00,55.98,78.29,29.91,26.12,0.26,34.88,21.07,64.84,1.0,258.82,0.0,0.0
2024-02-19 04:00:00,57.67,78.55,34.01,28.25,0.26,28.2,20.91,64.3,0.82,252.88,0.0,0.0
2024-02-19 05:00:00,56.24,77.61,32.28,22.93,0.28,22.21,20.48,70.37,0.85,253.63,0.0,0.0
2024-02-19 06:00:00,54.11,83.64,43.59,24.44,0.44,12.12,21.12,65.91,0.49,210.6,0.0,0.0
2024-02-19 07:00:00,53.76,79.76,45.92,29.34,0.49,13.61,21.96,65.54,1.04,169.65,0.0,0.0
2024-02-19 08:00:00,55.97,106.1,58.07,37.49,0.74,22.11,23.91,60.6,0.96,257.71,0.0,5.32
2024-02-19 09:00:00,61.0,150.64,70.1,54.54,0.85,51.52,26.98,47.87,0.84,174.64,0.0,313.85
2024-02-19 10:00:00,61.61,142.2,44.57,39.49,0.46,77.78,30.23,39.57,1.1,257.24,0.0,545.52
2024-02-19 11:00:00,57.23,100.36,33.0,20.8,0.28,90.57,32.22,36.36,0.87,248.26,0.0,652.88
2024-02-19 12:00:00,54.7,92.48,36.82,11.03,0.33,93.81,33.48,33.56,1.61,180.78,0.0,675.0
2024-02-19 13:00:00,54.97,98.48,32.6,14.74,0.32,97.8,33.81,33.1,1.98,169.11,0.0,604.97
2024-02-19 14:00:00,52.21,93.26,31.51,13.04,0.26,99.59,34.07,33.22,1.84,181.26,0.0,445.4
2024-02-19 15:00:00,45.65,81.53,34.14,12.69,0.31,101.89,34.33,33.14,1.78,174.01,0.0,254.52
2024-02-19 16:00:00,42.88,69.23,41.75,12.07,0.43,90.1,33.96,31.86,1.72,173.97,0.0,28.08
2024-02-19 17:00:00,37.96,68.2,58.92,7.47,0.67,71.75,32.54,34.31,1.57,173.42,0.0,0.0
2024-02-19 18:00:00,35.51,71.95,98.06,7.44,1.28,34.56,28.9,41.8,0.62,257.1,0.0,0.0
2024-02-19 19:00:00,44.9,88.95,131.35,17.58,2.0,8.84,27.54,45.02,0.86,249.5,0.0,0.0
2024-02-19 20:00:00,49.29,116.21,135.86,17.19,1.79,9.84,26.54,46.79,0.65,183.08,0.0,0.0
2024-02-19 21:00:00,47.4,122.0,112.02,18.6,1.33,28.8,26.39,46.56,0.9,255.88,0.0,0.0
2024-02-19 22:00:00,48.68,104.81,58.98,15.54,0.54,50.6,26.06,47.93,0.91,270.0,0.0,0.0
2024-02-19 23:00:00,48.14,90.95,41.93,27.92,0.34,59.98,26.29,48.01,1.3,163.68,0.0,0.0
2024-02-20 00:00:00,46.28,95.14,28.03,34.39,0.42,56.84,25.69,50.38,0.93,213.67,0.0,0.0
2024-02-20 01:00:00,49.62,101.62,32.62,26.22,0.54,46.38,24.64,53.56,0.34,97.92,0.0,0.0
2024-02-20 02:00:00,46.96,97.14,36.84,41.86,0.42,42.74,23.38,56.74,0.42,245.71,0.0,0.0
2024-02-20 03:00:00,45.8,88.34,38.81,32.07,0.44,34.07,22.15,60.66,0.94,286.38,0.0,0.0
2024-02-20 04:00:00,52.32,88.82,36.24,33.68,0.5,39.54,21.48,61.9,1.38,300.98,0.0,0.0
2024-02-20 05:00:00,55.56,93.53,27.6,23.27,0.41,52.34,21.6,60.76,1.1,238.18,0.0,0.0
2024-02-20 06:00:00,54.86,93.16,66.71,25.02,0.8,23.37,22.03,59.98,0.84,265.46,0.0,0.0
2024-02-20 07:00:00,58.57,103.77,62.62,24.4,0.92,21.85,21.93,61.5,1.3,309.19,0.0,0.0
2024-02-20 08:00:00,66.19,125.55,65.66,32.65,0.89,37.72,25.38,52.92,0.9,319.11,0.0,20.4
2024-02-20 09:00:00,64.08,132.79,42.02,21.04,0.58,66.77,30.07,37.54,1.23,312.68,0.0,370.28
2024-02-20 10:00:00,54.14,112.35,19.23,18.22,0.19,78.7,32.41,30.82,1.25,338.48,0.0,582.42
2024-02-20 11:00:00,44.1,91.24,18.39,18.49,0.2,89.73,33.41,30.22,0.84,258.6,0.0,669.72
2024-02-20 12:00:00,37.42,78.81,22.7,19.28,0.24,100.54,34.8,28.11,0.7,107.18,0.0,688.2
2024-02-20 13:00:00,33.96,64.6,28.71,17.61,0.34,100.17,35.57,27.32,0.69,188.5,0.0,632.17
2024-02-20 14:00:00,33.19,61.36,31.08,21.03,0.37,109.81,34.88,29.6,0.94,223.24,0.0,335.12
2024-02-20 15:00:00,28.68,61.76,43.09,15.12,0.5,90.81,33.92,31.35,0.92,164.84,0.0,60.2
2024-02-20 16:00:00,26.33,59.47,44.16,13.22,0.58,85.78,33.64,32.3,1.38,164.9,0.0,36.1
2024-02-20 17:00:00,32.2,60.11,57.93,14.88,0.77,68.77,32.16,36.5,1.04,110.18,0.0,0.0
2024-02-20 18:00:00,41.75,66.17,99.1,23.01,1.43,39.91,29.9,40.81,0.86,166.46,0.0,0.0
2024-02-20 19:00:00,48.95,84.56,141.95,55.87,2.12,17.18,28.47,42.52,0.54,158.75,0.0,0.0
2024-02-20 20:00:00,51.46,107.82,143.66,46.22,2.43,14.16,26.54,47.86,0.66,291.9,0.0,0.0
2024-02-20 21:00:00,53.38,117.03,138.14,35.26,2.07,6.5,24.75,54.2,0.93,327.14,0.0,0.0
2024-02-20 22:00:00,55.31,123.37,113.11,23.71,1.63,7.97,23.73,60.21,0.67,246.18,0.0,0.0
2024-02-20 23:00:00,55.62,128.56,93.06,22.65,1.45,10.96,23.27,62.28,0.69,258.03,0.0,0.0
2024-02-21 00:00:00,53.5,127.05,89.09,19.18,0.92,18.22,22.96,60.48,1.02,304.97,0.0,0.0
2024-02-21 01:00:00,53.39,125.58,55.5,17.82,0.66,24.59,21.58,64.95,1.1,327.72,0.0,0.0
2024-02-21 02:00:00,52.76,113.5,41.18,33.42,0.42,34.59,21.32,59.19,0.89,312.91,0.0,0.0
2024-02-21 03:00:00,46.24,100.15,35.67,21.63,0.32,35.18,20.8,57.92,1.14,313.63,0.0,0.0
2024-02-21 04:00:00,43.58,89.77,24.89,16.26,0.22,41.37,20.45,58.58,1.24,326.94,0.0,0.0
2024-02-21 05:00:00,44.32,77.55,21.2,15.8,0.19,46.43,20.24,60.03,1.11,298.85,0.0,0.0
2024-02-21 06:00:00,43.36,68.34,51.26,17.13,0.45,25.97,19.45,62.99,0.98,307.27,0.0,0.0
2024-02-21 07:00:00,42.26,78.57,68.27,17.86,0.88,13.76,20.04,63.78,1.04,320.65,0.0,0.0
2024-02-21 08:00:00,46.47,112.67,58.48,24.97,0.63,38.02,24.26,53.36,1.36,259.21,0.0,21.05
2024-02-21 09:00:00,51.2,126.94,28.02,17.6,0.22,69.92,28.7,41.9,1.16,321.82,0.0,447.8
2024-02-21 10:00:00,49.31,111.38,33.82,22.88,0.3,77.61,30.62,38.07,0.91,316.79,0.0,608.1
2024-02-21 11:00:00,46.67,99.34,36.99,18.34,0.39,81.78,32.11,34.98,1.11,191.78,0.0,701.98
2024-02-21 12:00:00,41.58,91.54,26.36,14.7,0.2,87.42,33.54,32.81,1.04,230.13,0.0,735.42
2024-02-21 13:00:00,37.82,79.44,30.04,15.98,0.28,89.11,34.25,31.12,1.23,179.92,0.0,666.98
2024-02-21 14:00:00,32.31,68.64,33.49,10.57,0.27,83.96,35.58,27.99,0.71,266.21,0.0,533.05
2024-02-21 15:00:00,27.67,66.1,24.35,14.9,0.16,89.78,35.09,26.33,0.68,260.02,0.0,337.0
2024-02-21 16:00:00,24.12,71.76,36.51,11.38,0.35,81.16,33.76,28.52,0.95,247.25,0.0,46.68
2024-02-21 17:00:00,17.26,76.46,35.22,8.42,0.28,71.15,32.28,29.34,0.7,261.27,0.0,0.0
2024-02-21 18:00:00,17.83,76.9,62.86,11.32,0.76,43.25,30.4,32.14,0.8,148.39,0.0,0.0
2024-02-21 19:00:00,20.3,72.3,70.0,10.68,0.87,27.19,28.62,33.31,0.7,145.07,0.0,0.0
2024-02-21 20:00:00,18.64,67.68,62.54,11.97,0.57,26.98,27.28,34.86,0.77,326.64,0.0,0.0
2024-02-21 21:00:00,23.36,63.74,46.14,8.93,0.34,24.6,24.94,41.44,1.46,336.37,0.0,0.0
2024-02-21 22:00:00,24.78,61.26,34.98,21.49,0.16,31.2,24.21,42.98,1.36,339.69,0.0,0.0
2024-02-21 23:00:00,24.42,58.8,24.52,8.47,0.11,39.59,23.08,45.35,1.04,188.46,0.0,0.0
2024-02-22 00:00:00,24.42,56.29,17.4,11.68,0.22,39.02,22.06,49.18,1.13,132.39,0.0,0.0
2024-02-22 01:00:00,21.13,57.5,21.78,12.22,0.27,33.06,20.98,54.6,1.1,331.69,0.0,0.0
2024-02-22 02:00:00,22.88,56.66,19.62,13.31,0.24,32.08,20.51,57.43,0.81,256.87,0.0,0.0
2024-02-22 03:00:00,23.11,52.42,13.9,12.64,0.18,36.69,20.43,52.65,1.06,300.12,0.0,0.0
2024-02-22 04:00:00,22.33,47.27,14.33,16.56,0.2,42.07,20.12,55.07,0.89,294.77,0.0,0.0
2024-02-22 05:00:00,23.42,52.61,15.64,19.38,0.2,47.28,20.24,57.54,0.9,308.31,0.0,0.0
2024-02-22 06:00:00,20.62,55.26,15.97,15.11,0.2,49.02,20.02,59.37,0.79,250.99,0.0,0.0
2024-02-22 07:00:00,21.48,51.13,25.78,10.7,0.33,41.16,20.5,62.98,1.18,297.62,0.0,0.0
2024-02-22 08:00:00,31.73,56.14,21.29,11.2,0.3,60.65,24.09,52.96,1.34,324.98,0.0,19.08
2024-02-22 09:00:00,32.07,67.34,18.8,9.24,0.26,73.66,26.53,49.0,1.32,316.12,0.0,454.28
2024-02-22 10:00:00,29.05,78.01,25.86,13.81,0.36,74.8,28.19,46.53,1.25,308.68,0.0,630.45
2024-02-22 11:00:00,49.23438389871853,94.3492801497549,23.29,10.07,0.29,78.5,29.54,43.17,1.06,314.6,0.0,703.32
2024-02-22 12:00:00,45.54,81.8,23.95,12.65,0.32,81.2,30.96,39.66,0.92,309.7,0.0,736.2
2024-02-22 13:00:00,45.73,79.27,18.66,16.34,0.26,82.06,32.16,35.74,1.03,322.24,0.0,667.35
2024-02-22 14:00:00,36.48,72.52,26.24,15.66,0.32,77.6,32.97,32.44,0.88,289.85,0.0,536.45
2024-02-22 15:00:00,37.61,75.92,34.1,16.01,0.39,74.81,33.19,31.28,0.76,280.88,0.0,318.0
2024-02-22 16:00:00,35.84,71.69,25.05,16.95,0.34,78.7,31.64,32.36,1.0,309.84,0.0,31.92
2024-02-22 17:00:00,33.78,70.76,23.43,17.39,0.32,78.08,30.33,33.36,1.09,309.27,0.0,0.0
2024-02-22 18:00:00,38.58,75.09,44.16,19.19,0.48,54.36,27.94,36.34,1.1,324.94,0.0,0.0
2024-02-22 19:00:00,35.14,66.88,30.56,11.43,0.36,60.09,26.22,40.68,1.32,315.27,0.0,0.0
2024-02-22 20:00:00,36.24,66.61,20.06,12.12,0.29,66.19,25.21,42.08,1.28,326.88,0.0,0.0
2024-02-22 21:00:00,35.03,71.08,23.93,14.4,0.35,58.23,23.51,45.54,1.22,299.58,0.0,0.0
2024-02-22 22:00:00,31.6,70.96,29.22,10.03,0.39,49.92,22.54,47.96,1.16,297.63,0.0,0.0
2024-02-22 23:00:00,33.48,72.3,24.5,11.73,0.4,49.36,21.58,51.29,1.21,288.9,0.0,0.0
2024-02-23 00:00:00,33.13,82.55,26.49,13.29,0.4,36.71,20.11,63.68,1.4,298.93,0.0,0.0
2024-02-23 01:00:00,39.56,84.38,24.08,13.6,0.37,32.16,19.02,67.49,1.31,305.5,0.0,0.0
2024-02-23 02:00:00,36.83,81.35,27.78,14.31,0.41,33.38,19.52,62.2,0.79,310.74,0.0,0.0
2024-02-23 03:00:00,37.05,82.99,19.68,15.06,0.33,50.91,19.72,60.94,1.37,305.06,0.0,0.0
2024-02-23 04:00:00,35.82,86.88,18.76,15.66,0.32,40.32,18.71,68.57,1.51,306.66,0.0,0.0
2024-02-23 05:00:00,43.13,92.37,15.36,13.14,0.28,43.47,18.03,70.56,1.47,307.94,0.0,0.0
2024-02-23 06:00:00,40.16,94.12,18.7,12.21,0.36,42.32,17.75,70.53,1.47,316.18,0.0,0.0
2024-02-23 07:00:00,43.12,85.55,22.48,11.04,0.45,45.79,18.55,65.9,1.34,313.88,0.0,0.0
2024-02-23 08:00:00,42.82,85.5,21.26,16.84,0.39,52.59,21.45,60.12,1.18,253.24,0.0,12.12
2024-02-23 09:00:00,46.76,92.52,30.25,36.07,0.45,67.27,24.84,52.62,0.5,36.09,0.0,433.5
2024-02-23 10:00:00,46.24,99.07,32.8,36.7,0.49,87.92,27.03,46.23,1.03,9.76,0.0,588.55
2024-02-23 11:00:00,60.25,106.36,53.04,131.3,0.45,86.3,28.76,41.06,0.52,145.03,0.0,672.55
2024-02-23 12:00:00,62.14,110.68,23.7,69.4,0.34,111.3,29.86,38.75,0.89,110.84,0.0,708.65
2024-02-23 13:00:00,66.78,117.36,35.6,65.93,0.46,114.32,30.68,37.29,0.64,174.79,0.0,615.05
2024-02-23 14:00:00,55.81,118.72,37.62,71.65,0.5,125.28,30.64,37.22,0.9,181.74,0.0,453.62
2024-02-23 15:00:00,48.18,121.08,34.63,55.74,0.43,119.27,30.62,37.52,1.04,196.32,0.0,209.3
2024-02-23 16:00:00,53.33,121.86,32.72,44.8,0.4,116.7,30.23,38.92,0.64,92.39,0.0,34.15
2024-02-23 17:00:00,41.8,117.36,25.39,45.34,0.41,107.57,28.6,42.36,0.8,55.49,0.0,0.0
2024-02-23 18:00:00,47.33,122.73,43.01,39.4,0.64,82.24,27.12,45.28,0.97,103.82,0.0,0.0
2024-02-23 19:00:00,58.08,120.39,119.02,51.25,1.6,30.8,25.93,48.28,1.08,130.33,0.0,0.0
2024-02-23 20:00:00,61.92,128.39,109.97,62.19,1.45,20.39,24.01,57.35,1.32,303.16,0.0,0.0
2024-02-23 21:00:00,73.3,139.64,97.5,24.39,1.43,9.36,22.21,66.29,1.33,312.44,0.0,0.0
2024-02-23 22:00:00,79.28,141.94,92.04,21.92,1.39,7.6,21.38,68.72,1.22,301.73,0.0,0.0
2024-02-23 23:00:00,71.66,147.28,96.18,28.18,1.54,11.51,21.56,66.68,1.46,317.33,0.0,0.0
2024-02-24 00:00:00,71.97,154.02,33.46,27.98,0.35,44.12,21.0,62.86,1.41,310.79,0.0,0.0
2024-02-24 01:00:00,73.62,140.74,20.71,18.14,0.24,49.94,19.93,60.28,1.18,298.19,0.0,0.0
2024-02-24 02:00:00,70.63,123.14,18.98,14.46,0.22,45.72,19.51,59.26,1.49,308.28,0.0,0.0
2024-02-24 03:00:00,64.52,111.87,17.77,13.46,0.19,47.56,19.13,60.16,1.49,320.64,0.0,0.0
2024-02-24 04:00:00,62.3,95.25,15.96,12.08,0.15,53.66,18.69,57.78,1.44,315.75,0.0,0.0
2024-02-24 05:00:00,50.36,84.08,15.18,11.72,0.18,52.93,18.25,58.38,1.49,310.53,0.0,0.0
2024-02-24 06:00:00,49.18,79.68,17.91,14.15,0.21,52.26,18.13,58.57,1.57,316.05,0.0,0.0
2024-02-24 07:00:00,47.56,77.92,25.08,12.04,0.32,50.3,18.59,58.22,1.48,325.11,0.0,0.0
2024-02-24 08:00:00,48.83,79.21,29.56,19.78,0.35,59.19,21.3,50.79,1.06,118.4,0.0,15.92
2024-02-24 09:00:00,52.57,87.05,39.32,32.77,0.47,70.61,24.82,45.2,0.96,88.0,0.0,413.17
2024-02-24 10:00:00,57.6,104.37,43.3,35.26,0.52,86.12,27.1,42.84,0.76,108.92,0.0,591.45
2024-02-24 11:00:00,63.31,114.92,39.98,30.48,0.44,105.01,28.58,41.83,0.56,105.27,0.0,682.9
2024-02-24 12:00:00,65.49,120.0,41.74,28.09,0.48,116.5,30.2,39.3,1.12,166.21,0.0,700.7
2024-02-24 13:00:00,65.45,118.58,34.98,24.87,0.38,116.24,31.43,36.02,0.77,110.48,0.0,621.1
2024-02-24 14:00:00,62.9,114.72,24.5,23.63,0.26,123.22,31.76,35.6,0.74,326.0,0.0,314.48
2024-02-24 15:00:00,59.62,104.49,34.53,24.84,0.43,116.37,31.79,35.03,0.78,191.32,0.0,193.25
2024-02-24 16:00:00,57.58,110.26,44.59,20.27,0.5,112.7,31.01,36.86,0.64,190.17,0.0,16.4
2024-02-24 17:00:00,63.18,110.03,35.48,24.32,0.45,110.61,29.79,39.37,0.87,120.91,0.0,0.0
2024-02-24 18:00:00,64.8,109.42,58.42,38.18,0.76,82.84,27.57,44.16,0.58,200.89,0.0,0.0
2024-02-24 19:00:00,64.05,120.02,99.47,37.2,1.39,43.55,25.26,50.08,0.97,290.22,0.0,0.0
2024-02-24 20:00:00,73.8,137.01,149.75,28.07,2.31,11.02,23.68,59.42,1.3,313.84,0.0,0.0
2024-02-24 21:00:00,84.15,161.2,140.63,18.96,2.28,3.5,22.69,64.69,1.1,293.55,0.0,0.0
2024-02-24 22:00:00,84.75,175.36,84.0,39.56,1.06,40.11,23.28,56.11,1.26,336.16,0.0,0.0
2024-02-24 23:00:00,77.28,163.44,39.2,36.99,0.46,63.84,22.48,53.35,1.11,302.62,0.0,0.0
2024-02-25 00:00:00,70.81,150.27,35.6,27.89,0.36,56.67,20.86,58.55,1.03,251.88,0.0,0.0
2024-02-25 01:00:00,68.86,133.25,29.69,22.12,0.32,57.42,20.03,58.23,1.05,294.76,0.0,0.0
2024-02-25 02:00:00,65.88,119.39,25.71,19.71,0.24,55.0,19.97,54.74,0.94,291.36,0.0,0.0
2024-02-25 03:00:00,60.27,99.42,26.02,21.68,0.22,55.97,19.82,53.99,1.06,322.77,0.0,0.0
2024-02-25 04:00:00,53.07,102.3,19.08,28.09,0.22,64.35,20.09,54.6,1.38,322.57,0.0,0.0
2024-02-25 05:00:00,48.98,90.14,23.33,29.1,0.22,57.4,18.94,59.32,0.96,282.06,0.0,0.0
2024-02-25 06:00:00,54.7,99.48,21.26,37.85,0.26,57.35,18.44,61.72,1.43,310.23,0.0,0.0
2024-02-25 07:00:00,49.41,102.5,27.08,29.98,0.3,51.4,19.12,59.95,1.14,90.76,0.0,0.0
2024-02-25 08:00:00,50.0,102.05,28.57,34.48,0.35,65.67,21.43,55.96,0.92,42.88,0.0,22.18
2024-02-25 09:00:00,56.38,108.21,30.32,30.87,0.41,77.13,24.04,54.44,0.84,33.69,0.0,359.65
2024-02-25 10:00:00,62.16,118.01,23.86,33.0,0.4,87.63,26.23,53.37,0.69,43.66,0.0,524.83
2024-02-25 11:00:00,63.5,110.12,27.53,35.93,0.44,97.28,28.06,53.39,0.66,94.52,0.0,611.08
2024-02-25 12:00:00,66.75,114.06,34.18,57.32,0.51,111.51,29.3,52.14,0.93,88.51,0.0,619.95
2024-02-25 13:00:00,74.62,122.42,27.76,74.04,0.4,130.44,30.48,48.08,0.82,64.34,0.0,566.95
2024-02-25 14:00:00,68.88,121.05,22.54,63.28,0.37,137.79,31.17,44.46,0.77,72.68,0.0,410.35
2024-02-25 15:00:00,74.03,127.15,22.06,84.79,0.34,140.85,30.87,46.82,0.84,130.45,0.0,197.6
2024-02-25 16:00:00,77.75,126.32,24.3,79.74,0.34,129.51,30.08,49.85,0.7,43.6,0.0,13.2
2024-02-25 17:00:00,78.21,125.96,30.72,80.24,0.4,119.96,28.96,52.68,0.86,66.32,0.0,0.0
2024-02-25 18:00:00,82.98,130.04,31.43,51.39,0.55,107.74,27.64,56.06,1.02,82.57,0.0,0.0
2024-02-25 19:00:00,87.2,128.09,59.68,42.7,0.99,78.94,26.56,60.03,1.02,101.68,0.0,0.0
2024-02-25 20:00:00,86.79,135.32,51.57,28.22,0.78,77.05,26.27,62.34,1.06,93.01,0.0,0.0
2024-02-25 21:00:00,94.06,141.29,51.83,32.77,0.89,67.42,25.92,64.19,1.03,81.27,0.0,0.0
2024-02-25 22:00:00,93.26,138.35,46.4,44.96,0.77,67.97,25.62,65.14,1.03,86.85,0.0,0.0
2024-02-25 23:00:00,84.9,138.46,26.43,32.4,0.48,79.33,25.16,66.07,1.15,84.8,0.0,0.0
2024-02-26 00:00:00,84.07,137.57,20.52,28.72,0.48,79.81,24.47,67.21,1.11,72.59,0.0,0.0
2024-02-26 01:00:00,79.27,126.72,24.3,29.56,0.52,72.02,24.12,68.65,1.06,83.21,0.0,0.0
2024-02-26 02:00:00,85.66,129.27,21.86,28.82,0.48,70.12,23.47,71.65,1.13,74.2,0.0,0.0
2024-02-26 03:00:00,79.22,124.8,18.04,28.12,0.5,70.82,23.48,72.36,0.93,50.58,0.0,0.0
2024-02-26 04:00:00,75.41,126.3,19.83,27.32,0.55,59.52,22.66,73.79,1.19,109.2,0.0,0.0
2024-02-26 05:00:00,71.54,124.96,20.02,25.64,0.43,60.83,21.78,70.98,1.27,351.68,0.0,0.0
2024-02-26 06:00:00,79.09,118.15,19.85,26.74,0.42,62.8,21.93,67.61,1.29,182.54,0.0,0.0
2024-02-26 07:00:00,69.84,108.72,21.3,24.9,0.48,62.58,22.37,66.23,1.03,26.82,0.0,0.0
2024-02-26 08:00:00,63.25,116.66,33.26,33.18,0.73,57.05,23.64,66.23,0.98,83.56,0.0,23.5
2024-02-26 09:00:00,74.51,131.24,43.51,41.41,0.96,59.94,25.73,65.3,1.27,124.98,0.0,247.18
2024-02-26 10:00:00,78.79,141.9,40.21,34.63,0.94,63.59,27.66,62.94,1.44,150.06,0.0,408.7
2024-02-26 11:00:00,81.62,145.87,33.1,31.34,0.68,67.22,28.9,62.16,2.18,159.64,0.0,365.4
2024-02-26 12:00:00,72.35,140.62,31.07,25.57,0.58,62.14,29.93,59.81,1.36,156.35,0.0,212.8
2024-02-26 13:00:00,70.02,127.75,32.46,16.98,0.71,59.06,30.1,59.56,1.4,163.83,0.0,80.88
2024-02-26 14:00:00,62.95,115.49,28.97,17.9,0.6,56.34,30.5,58.38,2.02,168.1,0.0,235.72
2024-02-26 15:00:00,56.22,102.71,27.18,14.74,0.57,55.82,30.38,57.73,1.77,158.79,0.0,99.92
2024-02-26 16:00:00,48.01,92.7,25.19,13.91,0.6,56.24,29.77,58.34,1.66,152.6,0.0,15.62
2024-02-26 17:00:00,50.66,83.37,39.95,12.82,0.8,43.3,29.14,60.96,1.26,152.59,0.0,0.0
2024-02-26 18:00:00,51.21,91.62,58.51,9.93,1.2,29.18,27.91,64.95,1.18,121.8,0.0,0.0
2024-02-26 19:00:00,52.25,90.62,62.63,11.66,1.12,23.67,27.12,68.55,0.97,64.51,0.0,0.0
2024-02-26 20:00:00,55.02,88.28,53.24,7.54,1.02,24.31,26.52,69.84,0.98,94.8,0.0,0.0
2024-02-26 21:00:00,52.72,92.58,70.15,10.96,1.2,15.78,26.26,69.16,0.8,97.3,0.0,0.0
2024-02-26 22:00:00,52.89,95.34,72.79,15.12,1.21,12.23,25.58,71.44,1.12,302.93,0.0,0.0
2024-02-26 23:00:00,52.46,105.96,56.38,16.64,0.94,20.42,25.21,74.17,1.11,97.89,0.0,0.0
2024-02-27 00:00:00,56.81,121.9,30.67,18.26,0.61,34.59,24.72,74.63,0.94,140.43,0.0,0.0
2024-02-27 01:00:00,52.66,110.38,34.02,17.42,0.56,33.86,24.36,74.16,0.86,197.26,0.0,0.0
2024-02-27 02:00:00,57.81,90.01,22.94,16.98,0.43,45.68,24.29,73.87,0.9,132.8,0.0,0.0
2024-02-27 03:00:00,54.11,87.49,20.47,15.84,0.6,38.87,24.28,77.44,0.91,210.87,0.0,0.0
2024-02-27 04:00:00,54.3,82.97,22.92,13.34,0.5,28.4,23.6,80.52,1.22,312.77,0.0,0.0
2024-02-27 05:00:00,65.84,80.62,22.57,12.34,0.49,24.15,22.76,84.11,1.44,320.37,0.0,0.0
2024-02-27 06:00:00,70.9,84.42,22.75,12.37,0.44,24.24,22.28,83.12,1.11,184.71,0.0,0.0
2024-02-27 07:00:00,62.46,78.99,35.8,13.62,0.67,22.94,23.49,79.1,0.88,87.65,0.0,0.0
2024-02-27 08:00:00,64.85,84.22,52.08,14.84,1.04,34.44,25.33,74.48,1.57,156.99,0.0,31.78
2024-02-27 09:00:00,64.41,104.43,39.48,33.73,0.81,46.16,27.26,67.16,1.32,169.33,0.0,340.2
2024-02-27 10:00:00,68.74,105.82,39.2,31.88,0.8,57.19,29.44,60.72,1.26,205.56,0.0,517.4
2024-02-27 11:00:00,64.56,106.69,27.07,23.01,0.57,65.06,30.83,55.52,0.93,238.92,0.0,479.75
2024-02-27 12:00:00,56.78,101.77,25.86,17.07,0.47,67.74,32.51,49.62,0.63,234.44,0.0,531.42
2024-02-27 13:00:00,52.3,94.7,23.86,13.99,0.49,73.3,32.83,47.28,0.76,238.48,0.0,360.18
2024-02-27 14:00:00,46.96,89.58,30.48,12.8,0.5,76.11,33.97,42.95,0.79,202.94,0.0,388.05
2024-02-27 15:00:00,41.34,78.43,24.28,11.89,0.44,79.64,33.94,42.11,0.72,225.1,0.0,166.78
2024-02-27 16:00:00,42.51,73.25,17.0,12.47,0.42,87.12,32.44,49.27,1.19,170.21,0.0,16.55
2024-02-27 17:00:00,46.31,76.69,16.3,14.92,0.46,78.13,30.98,54.62,0.95,176.26,0.0,0.0
2024-02-27 18:00:00,43.11,89.98,27.71,8.02,0.59,56.54,28.66,60.71,1.32,304.56,0.0,0.0
2024-02-27 19:00:00,44.34,87.58,48.48,11.27,1.04,38.69,27.8,62.8,1.37,310.31,0.0,0.0
2024-02-27 20:00:00,50.71,93.87,43.96,8.39,0.93,36.47,27.06,63.51,1.01,230.21,0.0,0.0
2024-02-27 21:00:00,49.42,92.55,36.47,8.72,0.67,38.22,26.47,64.16,1.51,251.83,0.0,0.0
2024-02-27 22:00:00,49.96,94.52,62.62,77.97,0.34,44.05,25.02,61.83,1.66,15.68,0.0,0.0
2024-02-27 23:00:00,40.61,121.09,12.65,21.18,0.26,71.86,24.06,59.88,0.88,29.68,0.0,0.0
2024-02-28 00:00:00,34.47,84.44,15.42,14.44,0.27,66.04,23.38,59.94,1.16,12.8,0.0,0.0
2024-02-28 01:00:00,25.63,58.4,11.14,11.09,0.24,66.23,22.67,61.72,1.01,20.16,0.0,0.0
2024-02-28 02:00:00,24.1,40.51,11.39,11.31,0.27,62.2,21.78,64.61,0.59,172.49,0.0,0.0
2024-02-28 03:00:00,22.15,32.12,18.11,11.6,0.3,52.2,21.37,66.58,1.2,208.07,0.0,0.0
2024-02-28 04:00:00,17.53,24.84,16.94,13.83,0.32,51.83,20.85,68.41,1.06,298.39,0.0,0.0
2024-02-28 05:00:00,14.84,27.25,15.16,15.98,0.32,48.05,20.41,71.08,1.42,303.74,0.0,0.0
2024-02-28 06:00:00,16.92,37.78,15.24,14.32,0.3,48.92,20.24,72.49,1.18,313.86,0.0,0.0
2024-02-28 07:00:00,14.93,37.3,33.51,13.72,0.55,39.14,21.34,70.56,1.0,237.14,0.0,0.0
2024-02-28 08:00:00,26.65,49.44,41.08,9.84,0.71,50.98,23.67,67.94,1.08,116.61,0.0,31.88
2024-02-28 09:00:00,36.15,68.96,31.98,11.26,0.76,65.94,25.68,63.75,0.79,93.25,0.0,269.2
2024-02-28 10:00:00,34.91,75.28,47.9,14.13,0.97,85.35,27.84,57.98,0.84,153.76,0.0,521.02
2024-02-28 11:00:00,42.54,85.1,39.66,15.08,0.81,92.47,29.96,53.69,0.94,138.2,0.0,681.5
2024-02-28 12:00:00,43.7,92.15,28.94,18.6,0.56,99.53,31.8,48.79,0.76,139.46,0.0,769.02
2024-02-28 13:00:00,45.22,89.36,17.86,17.94,0.45,44.702883543329,33.09,44.42,0.6,104.32,0.0,710.72
2024-02-28 14:00:00,42.89,86.1,19.7,24.74,0.46,99.7,33.62,42.93,0.86,242.75,0.0,545.28
2024-02-28 15:00:00,43.61,80.91,15.66,21.35,0.4,101.36,33.42,41.84,0.9,60.29,0.0,239.75
2024-02-28 16:00:00,35.52,74.97,18.0,15.77,0.44,100.49,33.15,41.06,0.85,66.61,0.0,26.65
2024-02-28 17:00:00,41.84,79.66,19.71,46.94,0.4,90.48,30.13,48.22,1.28,183.88,0.0,0.0
2024-02-28 18:00:00,47.54,100.27,66.22,86.32,1.02,52.9,27.87,54.72,0.65,173.47,0.0,0.0
2024-02-28 19:00:00,42.7,107.1,105.0,61.24,1.69,23.62,26.46,59.29,0.67,248.21,0.0,0.0
2024-02-28 20:00:00,53.48,114.12,94.35,52.77,1.53,21.76,26.08,61.92,0.83,224.69,0.0,0.0
2024-02-28 21:00:00,68.1,122.36,61.73,36.67,1.16,28.19,24.49,66.96,1.35,304.55,0.0,0.0
2024-02-28 22:00:00,64.47,125.69,68.6,24.72,1.19,14.78,23.51,73.14,1.32,312.18,0.0,0.0
2024-02-28 23:00:00,61.19,124.79,54.83,17.48,0.98,22.78,23.34,69.81,1.16,302.73,0.0,0.0
2024-02-29 00:00:00,57.52,117.76,32.11,16.24,0.47,35.35,22.94,70.33,1.18,302.81,0.0,0.0
2024-02-29 01:00:00,53.12,95.73,34.2,14.35,0.48,25.19,21.72,79.3,1.18,304.28,0.0,0.0
2024-02-29 02:00:00,51.78,92.18,33.96,12.76,0.47,19.27,21.03,80.33,0.95,312.6,0.0,0.0
2024-02-29 03:00:00,55.77,83.55,27.51,11.86,0.4,20.65,20.8,80.8,1.23,318.86,0.0,0.0
2024-02-29 04:00:00,56.0,77.73,30.0,13.3,0.4,22.63,20.44,78.9,1.03,293.07,0.0,0.0
2024-02-29 05:00:00,51.23,78.78,33.64,11.98,0.44,17.17,19.95,79.72,0.9,236.73,0.0,0.0
2024-02-29 06:00:00,50.54,84.48,25.52,12.98,0.38,27.07,19.68,78.58,1.46,325.47,0.0,0.0
2024-02-29 07:00:00,45.3,81.09,22.76,14.14,0.42,34.86,20.64,74.32,1.38,318.03,0.0,0.0
2024-02-29 08:00:00,46.69,81.41,23.91,15.44,0.45,53.11,23.37,64.42,1.03,13.76,0.0,20.1
2024-02-29 09:00:00,47.74,92.14,30.04,16.77,0.54,77.06,26.94,53.67,0.96,81.14,0.0,406.88
2024-02-29 10:00:00,47.64,93.44,41.91,17.86,0.7,91.72,29.5,48.29,0.75,79.3,0.0,620.75
2024-02-29 11:00:00,51.8,101.44,34.52,55.32,0.48,96.18,31.27,45.48,0.74,106.68,0.0,756.75
2024-02-29 12:00:00,52.8,107.03,28.71,50.92,0.46,103.73,32.43,44.09,0.63,132.36,0.0,778.08
2024-02-29 13:00:00,53.36,100.97,32.03,46.57,0.59,115.68,33.68,41.7,0.94,202.58,0.0,700.1
2024-02-29 14:00:00,50.45,102.83,31.44,33.98,0.49,114.54,34.59,39.49,0.66,133.64,0.0,528.83
2024-02-29 15:00:00,55.22,96.21,14.68,26.44,0.32,108.28,32.88,41.5,0.81,193.17,0.0,21.32
2024-02-29 16:00:00,51.24,92.21,38.15,21.96,0.7,70.65,33.34,37.69,1.08,187.33,0.0,6.02
2024-02-29 17:00:00,46.72,88.2,23.14,15.07,0.48,67.94,31.52,41.5,0.99,184.16,0.0,0.0
2024-02-29 18:00:00,51.18,82.94,36.94,16.08,0.66,48.47,28.94,49.03,1.45,314.35,0.0,0.0
2024-02-29 19:00:00,49.72,90.14,20.67,27.66,0.34,85.46,27.16,54.95,1.5,267.39,0.0,0.0
2024-02-29 20:00:00,48.34,92.15,52.7,44.05,0.73,49.34,26.4,55.08,1.07,209.81,0.0,0.0
2024-02-29 21:00:00,48.42,102.56,105.21,39.18,1.58,15.51,25.67,59.44,1.31,308.94,0.0,0.0
2024-02-29 22:00:00,63.28,124.15,65.36,37.94,0.88,23.44,25.18,61.64,1.35,320.95,0.0,0.0
2024-02-29 23:00:00,58.56,121.4,39.57,35.37,0.49,37.4,24.85,58.84,1.25,334.13,0.0,0.0
2024-03-01 00:00:00,56.44,115.21,20.66,20.95,0.32,47.69,23.24,64.39,1.12,317.42,0.0,0.0
2024-03-01 01:00:00,49.55,102.38,24.57,22.12,0.36,38.08,22.28,69.23,1.26,294.62,0.0,0.0
2024-03-01 02:00:00,54.32,94.36,42.26,19.4,0.48,18.12,21.76,73.63,0.98,205.6,0.0,0.0
2024-03-01 03:00:00,49.34,92.94,30.96,15.96,0.39,19.91,20.97,79.78,1.44,307.11,0.0,0.0
2024-03-01 04:00:00,47.08,88.67,32.78,15.89,0.46,14.95,20.94,76.81,1.47,315.34,0.0,0.0
2024-03-01 05:00:00,47.88,87.88,26.55,17.52,0.36,26.21,20.6,76.99,1.66,323.18,0.0,0.0
2024-03-01 06:00:00,48.97,97.43,29.47,15.05,0.43,24.3,19.82,79.75,1.02,273.55,0.0,0.0
2024-03-01 07:00:00,49.18,93.16,29.06,13.46,0.47,24.4,20.58,78.01,1.38,316.26,0.0,0.02
2024-03-01 08:00:00,51.09,95.24,23.71,16.18,0.46,43.74,23.42,66.1,1.3,172.59,0.0,34.02
2024-03-01 09:00:00,52.12,99.69,38.55,27.62,0.68,70.19,27.21,54.89,0.62,109.21,0.0,432.05
2024-03-01 10:00:00,61.62,110.36,57.31,24.9,0.98,100.79,30.69,46.04,0.68,136.46,0.0,642.33
2024-03-01 11:00:00,61.55,121.91,40.63,25.71,0.66,118.38,33.51,40.83,0.64,126.26,0.0,772.3
2024-03-01 12:00:00,66.39,129.47,31.95,33.06,0.46,97.82,35.78,34.23,0.66,263.96,0.0,798.52
2024-03-01 13:00:00,59.36,114.93,35.62,34.56,0.45,85.46,37.07,28.69,1.08,188.1,0.0,747.8
2024-03-01 14:00:00,55.02,100.53,26.83,28.84,0.35,88.64,37.43,26.46,0.64,216.72,0.0,573.1
2024-03-01 15:00:00,48.62,88.5,21.27,25.24,0.3,92.83,37.35,26.46,0.58,148.41,0.0,328.5
2024-03-01 16:00:00,41.28,82.53,6.12,19.91,0.21,95.73,35.8,27.13,0.88,183.3,0.0,36.08
2024-03-01 17:00:00,39.78,78.1,3.11,25.68,0.78,75.57,33.59,30.65,1.12,87.48,0.0,0.0
2024-03-01 18:00:00,40.7,84.47,3.02,31.78,2.02,28.39,31.12,34.79,0.92,53.8,0.0,0.0
2024-03-01 19:00:00,46.54,95.28,1.9,17.7,2.94,7.17,29.65,38.01,1.04,99.65,0.0,0.0
2024-03-01 20:00:00,53.62,115.45,57.20126827809462,20.26,2.04,13.74,28.26,41.91,1.18,236.42,0.0,0.0
2024-03-01 21:00:00,60.6,133.45,38.01093097394111,11.1,1.34,17.62,26.59,49.69,1.18,309.9,0.0,0.0
2024-03-01 22:00:00,68.32,133.04,93.8,11.89,1.5,6.27,25.54,53.51,1.36,312.65,0.0,0.0
2024-03-01 23:00:00,62.88,130.05,73.41,13.78,1.29,8.54,24.83,58.44,1.16,321.34,0.0,0.0
2024-03-02 00:00:00,64.08,129.36,76.47,10.84,0.95,6.64,24.44,57.96,1.08,315.6,0.0,0.0
2024-03-02 01:00:00,57.86,130.65,62.59,16.45,0.82,11.68,23.74,61.46,1.33,327.02,0.0,0.0
2024-03-02 02:00:00,57.6,131.12,40.87,21.45,0.55,23.1,23.34,57.63,1.01,247.38,0.0,0.0
2024-03-02 03:00:00,52.14,116.11,36.75,20.84,0.52,22.64,24.19,55.46,1.24,331.48,0.0,0.0
2024-03-02 04:00:00,56.81,116.55,32.78,22.56,0.44,25.14,24.1,58.98,1.24,309.42,0.0,0.0
2024-03-02 05:00:00,51.87,111.6,31.68,22.39,0.36,28.36,23.94,57.89,0.92,201.32,0.0,0.0
2024-03-02 06:00:00,51.71,106.98,40.21,20.57,0.46,19.44,23.74,59.7,0.92,240.18,0.0,0.0
2024-03-02 07:00:00,46.36,101.21,31.13,16.96,0.34,32.6,24.32,58.27,1.42,324.77,0.0,0.0
2024-03-02 08:00:00,42.77,91.78,24.59,14.77,0.34,38.22,24.94,57.44,1.13,179.5,0.0,0.0
2024-03-02 09:00:00,43.29,87.73,35.25,26.79,0.53,38.23,26.33,56.3,1.3,259.94,0.0,127.4
2024-03-02 10:00:00,41.63,101.92,18.54,20.66,0.28,57.64,28.52,50.41,1.21,101.92,0.0,328.82
2024-03-02 11:00:00,39.19,94.02,14.17,12.26,0.26,62.72,28.76,50.61,1.21,101.8,0.0,51.28
2024-03-02 12:00:00,33.3,86.92,18.7,15.37,0.29,67.65,28.87,50.11,1.09,14.46,0.0,14.18
2024-03-02 13:00:00,35.65,89.98,19.04,17.92,0.3,68.76,29.58,48.14,0.77,28.12,0.0,223.7
2024-03-02 14:00:00,39.29,92.97,22.48,26.39,0.31,76.31,31.6,44.61,0.8,62.16,0.0,480.7
2024-03-02 15:00:00,40.01,84.02,29.6,49.34,0.3,80.83,31.72,44.05,0.71,45.46,0.0,261.65
2024-03-02 16:00:00,31.57,78.04,30.07,28.86,0.36,83.32,30.79,45.58,0.87,69.3,0.0,33.75
2024-03-02 17:00:00,36.1,77.25,27.06,25.06,0.38,77.68,29.54,47.88,1.04,89.67,0.0,0.0
2024-03-02 18:00:00,34.48,85.19,31.58,17.77,0.43,66.88,28.32,51.57,0.88,76.71,0.0,0.0
2024-03-02 19:00:00,39.94,79.74,38.3,18.29,0.62,55.38,27.34,54.4,0.99,68.92,0.0,0.0
2024-03-02 20:00:00,43.7,82.2,50.79,22.66,0.75,46.64,26.75,56.25,0.96,80.4,0.0,0.0
2024-03-02 21:00:00,48.17,90.63,56.17,17.08,0.88,37.22,26.13,59.98,0.94,82.4,0.0,0.0
2024-03-02 22:00:00,49.74,96.3,59.1,11.81,0.91,26.27,24.95,63.89,0.62,149.98,0.0,0.0
2024-03-02 23:00:00,46.9,95.55,58.35,15.6,0.83,22.37,24.85,64.94,0.74,163.86,0.0,0.0
2024-03-03 00:00:00,52.27,101.9,41.0,17.78,0.6,30.68,24.47,65.93,0.6,259.34,0.0,0.0
2024-03-03 01:00:00,52.09,100.2,37.62,14.33,0.62,19.59,21.49,86.64,1.19,312.89,0.2,0.0
2024-03-03 02:00:00,72.74,105.74,26.86,11.0,0.53,16.01,20.63,91.1,0.81,292.56,0.0,0.0
2024-03-03 03:00:00,78.22,99.93,34.2,11.22,0.49,13.26,20.98,89.24,1.0,209.12,0.0,0.0
2024-03-03 04:00:00,78.49,96.46,27.58,10.42,0.48,14.94,21.06,84.82,1.34,305.78,0.0,0.0
2024-03-03 05:00:00,73.25,87.77,22.17,10.86,0.38,17.77,20.81,84.9,1.48,323.24,0.0,0.0
2024-03-03 06:00:00,68.49,86.06,17.57,11.72,0.4,22.86,20.78,83.78,1.43,251.53,0.0,0.0
2024-03-03 07:00:00,53.13,86.28,17.39,13.47,0.4,30.81,21.88,78.4,0.94,258.74,0.0,0.0
2024-03-03 08:00:00,53.51,84.32,27.26,29.36,0.53,40.48,24.42,69.25,1.12,22.02,0.0,20.1
2024-03-03 09:00:00,56.37,85.61,20.15,40.87,0.54,70.25,27.49,57.8,1.01,200.92,0.0,361.78
2024-03-03 10:00:00,54.71,90.45,26.82,58.54,0.51,80.92,29.7,52.16,0.91,168.67,0.05,504.02
2024-03-03 11:00:00,61.46,102.52,15.91,53.07,0.33,88.76,31.12,48.5,1.08,94.84,0.0,685.78
2024-03-03 12:00:00,65.65,102.55,20.95,28.94,0.32,77.16,32.71,42.74,0.72,316.88,0.0,678.05
2024-03-03 13:00:00,60.29,95.02,24.88,22.86,0.39,80.88,33.6,41.41,0.44,170.25,0.0,625.38
2024-03-03 14:00:00,42.3,85.58,23.48,15.46,0.36,75.83,33.42,41.14,0.7,243.86,0.0,218.78
2024-03-03 15:00:00,41.72,64.74,12.87,8.73,0.35,73.93,34.56,34.74,0.67,226.6,0.0,283.75
2024-03-03 16:00:00,38.94,64.59,16.39,13.04,0.41,73.5,33.9,35.47,0.62,245.42,0.0,45.1
2024-03-03 17:00:00,34.71,68.18,22.17,11.15,0.42,65.78,32.88,36.01,0.63,208.25,0.0,0.0
2024-03-03 18:00:00,30.1,64.11,26.18,8.58,0.53,49.46,31.09,38.81,0.35,305.74,0.0,0.0
2024-03-03 19:00:00,31.52,58.44,39.14,15.28,0.61,37.59,28.96,44.82,0.95,329.21,0.0,0.0
2024-03-03 20:00:00,34.15,64.92,41.2,18.0,0.56,33.97,27.4,50.15,1.06,179.16,0.0,0.0
2024-03-03 21:00:00,32.95,56.86,28.21,12.46,0.4,39.66,26.29,53.34,1.22,265.25,0.0,0.0
2024-03-03 22:00:00,29.07,51.74,26.66,9.23,0.36,41.37,25.55,54.9,1.07,264.31,0.0,0.0
2024-03-03 23:00:00,33.61,55.29,24.46,12.84,0.32,39.24,25.11,57.68,0.79,306.54,0.0,0.0
2024-03-04 00:00:00,38.37,56.35,11.32,10.24,0.23,40.66,25.4,58.34,1.31,315.57,0.0,0.0
2024-03-04 01:00:00,29.58,53.88,11.21,11.62,0.25,39.76,24.86,61.04,1.38,326.29,0.0,0.0
2024-03-04 02:00:00,29.89,48.46,10.9,14.57,0.26,42.82,24.32,62.93,1.36,331.16,0.0,0.0
2024-03-04 03:00:00,25.87,45.67,13.5,14.01,0.26,36.63,23.03,69.65,0.93,234.6,0.0,0.0
2024-03-04 04:00:00,23.77,48.67,15.2,10.83,0.27,30.12,22.55,72.15,1.15,306.24,0.0,0.0
2024-03-04 05:00:00,29.41,54.12,18.11,9.81,0.27,25.55,22.32,74.06,1.21,292.4,0.0,0.0
2024-03-04 06:00:00,32.28,57.46,23.42,10.41,0.32,21.18,21.53,75.62,1.28,322.63,0.0,0.0
2024-03-04 07:00:00,25.62,55.23,24.68,10.78,0.35,30.48,22.59,64.43,1.32,328.92,0.0,0.0
2024-03-04 08:00:00,28.27,56.62,21.38,18.36,0.32,44.35,24.51,55.67,1.4,263.64,0.0,25.68
2024-03-04 09:00:00,26.92,60.1,30.69,68.46,0.29,48.35,26.24,46.64,1.23,91.16,0.0,424.25
2024-03-04 10:00:00,19.97,64.87,50.75,150.04,0.26,45.72,28.01,37.54,1.29,173.48,0.0,632.35
2024-03-04 11:00:00,22.01,68.69,75.5,31.222937415415917,0.29,42.48,29.84,36.82,0.94,34.98,0.0,745.92
2024-03-04 12:00:00,30.63,85.63,72.09,190.34,0.45,49.79,30.86,35.03,1.11,209.94,0.0,768.35
2024-03-04 13:00:00,32.52,104.59,50.38,138.8,0.36,72.24,32.08,34.09,0.42,140.81,0.0,724.68
2024-03-04 14:00:00,36.2,95.88,35.12,72.18,0.33,98.16,33.34,33.25,0.82,148.2,0.0,576.55
2024-03-04 15:00:00,34.55,87.61,22.29,49.53,0.29,111.48,32.86,34.84,0.81,240.14,0.0,205.0
2024-03-04 16:00:00,37.45,87.56,36.34,44.24,0.44,99.58,32.37,36.87,0.66,141.98,0.0,32.33
2024-03-04 17:00:00,46.14,88.48,28.56,40.53,0.38,100.1,31.27,38.93,1.02,137.46,0.0,0.0
2024-03-04 18:00:00,47.06,89.98,52.86,60.34,0.68,63.21,28.67,42.93,0.9,315.75,0.0,0.0
2024-03-04 19:00:00,49.7,94.39,153.74,68.68,3.1,10.87,27.02,46.66,1.06,253.13,0.0,0.0
2024-03-04 20:00:00,57.63,134.82,142.77,47.7,1.94,2.27,24.91,56.96,1.3,314.34,0.0,0.0
2024-03-04 21:00:00,58.49,146.38,84.79,28.68,0.96,23.72,24.69,49.4,1.28,323.77,0.0,0.0
2024-03-04 22:00:00,47.3,112.68,35.73,8.98,0.45,47.51,24.61,42.13,1.52,322.16,0.0,0.0
2024-03-04 23:00:00,39.64,85.3,25.65,12.35,0.33,55.62,23.64,44.09,1.48,334.28,0.0,0.0
2024-03-05 00:00:00,33.11,76.99,17.1,11.16,0.18,61.54,22.59,46.32,1.44,325.92,0.0,0.0
2024-03-05 01:00:00,29.8,58.76,19.39,10.12,0.19,56.94,21.87,46.25,1.36,328.62,0.0,0.0
2024-03-05 02:00:00,30.68,60.22,17.88,11.6,0.18,52.89,20.58,49.53,1.34,313.35,0.0,0.0
2024-03-05 03:00:00,26.68,51.67,17.13,14.68,0.17,50.37,19.65,50.53,1.36,303.57,0.0,0.0
2024-03-05 04:00:00,26.31,53.78,22.11,16.74,0.16,47.1,19.1,51.6,1.44,310.38,0.0,0.0
2024-03-05 05:00:00,23.54,54.99,16.49,13.68,0.16,55.12,19.5,49.08,1.45,316.69,0.0,0.0
2024-03-05 06:00:00,29.57,52.0,24.81,9.55,0.24,45.38,18.32,55.37,1.0,306.02,0.0,0.0
2024-03-05 07:00:00,31.97,50.82,21.01,11.29,0.29,48.53,19.56,58.12,1.36,167.07,0.0,0.0
2024-03-05 08:00:00,32.17,59.89,17.08,4.89,0.3,58.46,21.57,56.75,1.24,17.92,0.0,33.2
2024-03-05 09:00:00,26.22,59.1,24.58,51.66,0.28,57.2,24.34,51.74,1.36,177.73,0.0,466.2
2024-03-05 10:00:00,34.87,62.89,45.13,91.43,0.32,58.83,27.5,44.99,0.8,24.32,0.0,659.0
2024-03-05 11:00:00,35.58,79.18,30.38,24.54,0.4,88.91,30.22,39.24,0.7,45.39,0.0,782.35
2024-03-05 12:00:00,28.73,78.68,33.8,32.93,0.42,98.19,32.21,36.04,0.63,153.88,0.0,810.75
2024-03-05 13:00:00,32.58,79.29,35.98,31.66,0.4,108.61,33.33,33.14,0.58,252.66,0.0,747.02
2024-03-05 14:00:00,39.81,82.64,39.08,29.01,0.48,112.95,34.13,32.02,1.26,135.64,0.0,595.9
2024-03-05 15:00:00,37.3,87.04,33.37,32.97,0.42,111.94,34.53,33.15,0.64,138.28,0.0,304.48
2024-03-05 16:00:00,41.6,89.63,20.53,31.92,0.27,114.01,32.96,35.64,0.91,56.28,0.0,1.32
2024-03-05 17:00:00,49.17,79.29,28.24,26.99,0.42,101.68,31.94,38.31,0.96,58.92,0.0,0.0
2024-03-05 18:00:00,57.17,77.28,77.25,28.82,1.14,66.12,29.68,42.4,1.03,86.14,0.0,0.0
2024-03-05 19:00:00,53.6,100.66,119.72,23.54,2.05,26.45,27.19,50.61,1.18,231.04,0.0,0.0
2024-03-05 20:00:00,60.48,134.68,155.18,21.64,2.42,7.4,25.84,55.09,1.21,255.08,0.0,0.0
2024-03-05 21:00:00,67.54,148.86,143.37,31.13,2.36,11.59,25.18,57.28,1.37,253.86,0.0,0.0
2024-03-05 22:00:00,79.22,160.81,25.37,7.95,0.3,65.49,25.91,45.34,1.48,7.26,0.0,0.0
2024-03-05 23:00:00,50.82,125.24,18.37,6.84,0.28,65.12,24.58,46.99,1.14,262.54,0.0,0.0
2024-03-06 00:00:00,44.15,92.04,17.22,5.44,0.19,66.18,23.98,46.72,0.98,100.59,0.0,0.0
2024-03-06 01:00:00,30.13,56.32,14.2,4.87,0.17,67.47,23.16,48.07,1.12,323.88,0.0,0.0
2024-03-06 02:00:00,26.53,58.53,17.03,7.71,0.2,59.86,21.88,50.91,1.09,296.36,0.0,0.0
2024-03-06 03:00:00,25.59,58.31,15.66,7.59,0.18,57.15,21.01,55.15,1.44,303.77,0.0,0.0
2024-03-06 04:00:00,25.26,49.72,16.27,7.74,0.17,49.37,20.2,60.71,1.36,303.33,0.0,0.0
2024-03-06 05:00:00,28.0,42.23,17.4,6.09,0.18,48.53,19.98,62.41,1.49,313.88,0.0,0.0
2024-03-06 06:00:00,27.79,36.55,21.19,7.32,0.23,48.04,19.65,60.36,1.02,292.76,0.0,0.0
2024-03-06 07:00:00,28.28,44.29,28.61,7.66,0.37,45.29,20.79,58.09,1.4,341.81,0.0,0.0
2024-03-06 08:00:00,28.8,52.9,34.16,6.98,0.41,55.48,23.97,49.49,1.32,258.67,0.0,28.98
2024-03-06 09:00:00,29.72,72.06,32.1,9.93,0.43,70.77,26.94,45.16,0.9,120.32,0.0,373.88
2024-03-06 10:00:00,35.04,84.17,52.25,22.47,0.79,77.56,29.44,43.11,0.93,142.82,0.0,571.33
2024-03-06 11:00:00,40.96,93.99,40.36,27.77,0.54,91.86,31.1,42.41,0.92,130.85,0.0,718.68
2024-03-06 12:00:00,39.94,94.04,37.24,29.44,0.51,107.23,33.64,39.33,0.57,108.76,0.0,742.52
2024-03-06 13:00:00,47.79,95.98,30.91,28.38,0.45,112.1,35.38,35.94,0.88,148.75,0.0,652.25
2024-03-06 14:00:00,41.7,93.4,33.2,20.82,0.47,94.52,36.25,33.96,1.19,190.62,0.0,513.4
2024-03-06 15:00:00,45.07,97.26,32.11,12.44,0.48,88.37,36.33,33.41,1.5,180.89,0.0,282.77
2024-03-06 16:00:00,43.96,92.61,33.84,9.91,0.51,85.66,35.35,34.01,1.22,215.89,0.0,16.2
2024-03-06 17:00:00,42.62,88.85,22.67,11.87,0.55,74.2,33.95,36.53,0.76,307.97,0.0,0.0
2024-03-06 18:00:00,46.93,89.88,10.57,12.52,0.57,60.81,31.29,41.58,0.85,325.25,0.0,0.0
2024-03-06 19:00:00,43.58,86.1,50.38,24.28,0.92,47.28,29.02,48.45,1.28,315.7,0.0,0.0
2024-03-06 20:00:00,45.69,94.78,31.2,41.35,0.45,69.74,29.1,45.93,1.48,93.88,0.0,0.0
2024-03-06 21:00:00,43.27,98.69,26.28,28.65,0.34,69.42,27.7,47.61,1.14,101.14,0.0,0.0
2024-03-06 22:00:00,39.37,95.36,25.03,14.06,0.48,69.23,26.68,49.06,0.82,131.16,0.0,0.0
2024-03-06 23:00:00,35.89,93.05,18.63,8.58,0.44,65.54,24.87,52.99,0.7,307.32,0.0,0.0
2024-03-07 00:00:00,41.36,92.85,20.8,7.78,0.44,63.96,24.34,53.96,1.06,313.96,0.0,0.0
2024-03-07 01:00:00,40.29,85.27,20.36,13.49,0.4,68.23,23.52,55.82,1.22,298.78,0.0,0.0
2024-03-07 02:00:00,35.78,78.04,18.38,11.05,0.37,52.19,21.98,66.25,1.47,313.45,0.0,0.0
2024-03-07 03:00:00,46.68,72.69,16.92,9.86,0.35,63.6,21.96,59.89,1.48,318.85,0.0,0.0
2024-03-07 04:00:00,30.56,68.09,15.24,10.22,0.33,66.64,21.64,58.77,1.42,325.78,0.0,0.0
2024-03-07 05:00:00,22.56,67.42,21.84,9.58,0.34,62.62,21.2,59.22,0.91,298.76,0.0,0.0
2024-03-07 06:00:00,24.39,66.14,18.88,8.92,0.35,57.41,20.22,63.12,1.32,311.61,0.0,0.0
2024-03-07 07:00:00,28.42,65.66,25.13,11.44,0.43,56.55,21.12,59.8,1.47,321.37,0.0,0.0
2024-03-07 08:00:00,34.41,71.95,21.63,16.57,0.41,69.22,23.5,52.8,1.43,258.24,0.0,43.85
2024-03-07 09:00:00,34.9,82.71,22.57,26.78,0.45,80.59,26.41,49.21,1.14,97.8,0.0,452.4
2024-03-07 10:00:00,34.17,89.42,27.96,23.47,2.37,0.0,29.04,47.75,0.92,23.82,0.0,653.93
2024-03-07 11:00:00,89.57829857819775,149.96614270971443,46.96,111.61,0.6,123.13444641822,31.1,44.84,0.59,123.13,0.0,770.02
2024-03-07 12:00:00,51.36,113.88,43.8,161.24,0.5292134390042729,102.36,32.77,37.36,0.9,198.57,0.0,814.78
2024-03-07 13:00:00,42.62,105.82,20.88,174.6,0.12983489543339508,86.32,34.28,32.87,0.95,334.9,0.0,726.62
2024-03-07 14:00:00,50.64,102.66,1.26,26.182711986012414,0.29,101.2,35.19,30.06,0.77,104.64,0.0,577.88
2024-03-07 15:00:00,45.24,87.95,1.14,24.28573485192882,0.34,95.61,35.36,28.1,0.9,138.65,0.0,339.25
2024-03-07 16:00:00,45.88,81.98,15.13779775593078,16.96,0.34,94.68,34.24,28.56,0.7,84.61,0.0,19.68
2024-03-07 17:00:00,39.2,73.8,0.21,31.37,0.55,90.15,32.62,31.65,0.98,81.62,0.0,0.0
2024-03-07 18:00:00,36.05,77.63,10.42,39.06,2.15,28.56,29.74,38.22,0.98,218.95,0.0,0.0
2024-03-07 19:00:00,45.05,97.41,74.29,25.12,1.47,24.88,27.33,46.69,1.41,309.49,0.0,0.0
2024-03-07 20:00:00,54.5,121.3,79.12,32.96,1.32,40.0,27.9,45.68,1.28,325.82,0.0,0.0
2024-03-07 21:00:00,62.66,125.5,45.38,29.06,0.75,63.56,27.88,45.14,1.36,345.64,0.0,0.0
2024-03-07 22:00:00,53.5,107.88,21.12,7.11,0.38,71.93,26.99,41.16,1.38,155.93,0.0,0.0
2024-03-07 23:00:00,41.5,97.97,20.03,7.09,0.36,66.75,25.42,43.42,1.48,320.94,0.0,0.0
2024-03-08 00:00:00,46.54,84.88,19.99,7.84,0.3,61.45,24.01,45.72,1.04,261.17,0.0,0.0
2024-03-08 01:00:00,33.22,78.57,28.57,9.28,0.37,55.12,23.16,47.08,0.88,274.22,0.0,0.0
2024-03-08 02:00:00,35.35,72.16,21.62,12.5,0.32,49.32,21.96,50.82,1.18,227.44,0.0,0.0
2024-03-08 03:00:00,33.67,65.81,21.52,12.1,0.34,42.34,21.06,59.93,1.47,302.59,0.0,0.0
2024-03-08 04:00:00,37.8,79.86,19.84,11.5,0.29,46.76,20.76,55.73,1.37,312.6,0.0,0.0
2024-03-08 05:00:00,31.76,69.24,19.6,10.65,0.27,51.26,20.0,57.91,1.47,311.18,0.0,0.0
2024-03-08 06:00:00,28.84,70.64,25.66,8.84,0.34,46.17,19.28,60.83,1.4,305.73,0.0,0.0
2024-03-08 07:00:00,28.64,70.93,25.36,8.52,0.41,58.35,21.2,53.58,1.61,317.79,0.0,0.0
2024-03-08 08:00:00,32.69,73.59,23.6,6.78,0.42,72.0,24.12,46.89,1.14,102.32,0.0,51.12
2024-03-08 09:00:00,33.27,77.5,34.11,16.43,0.54,88.78,27.74,41.76,0.66,70.0,0.0,455.22
2024-03-08 10:00:00,42.58,87.21,19.70926645325103,17.67,0.53,103.3,30.0,38.37,0.67,77.44,0.0,661.38
2024-03-08 11:00:00,44.92,93.78,21.162891628945566,26.46,0.5,113.72,32.28,36.81,0.45,98.72,0.0,788.3
2024-03-08 12:00:00,57.68,106.99,20.99091693673152,25.33,0.45,119.32,33.38,35.06,0.8,163.12,0.0,819.18
2024-03-08 13:00:00,51.91,98.15,16.922457022824283,20.47,0.35,118.15,34.32,32.32,0.8,122.5,0.0,703.32
2024-03-08 14:00:00,42.74,87.69,16.218793677698326,20.6,0.35,124.16,34.24,32.13,0.7,117.1,0.0,399.32
2024-03-08 15:00:00,42.7,88.14,10.28,40.75,0.32,132.14,34.49,31.66,0.8,107.94,0.0,238.48
2024-03-08 16:00:00,44.62,87.84,1.22,118.66,0.39,122.52,33.47,32.95,0.93,113.54,0.0,24.25
2024-03-08 17:00:00,40.78,89.14,21.18,120.06,0.58,104.78,32.27,34.75,0.83,147.77,0.0,0.0
2024-03-08 18:00:00,47.27,99.37,60.01,69.78,1.51,58.3,30.08,39.17,0.91,157.56,0.0,0.0
2024-03-08 19:00:00,53.05,111.97,46.02,50.24,1.17,48.04,27.0,47.94,1.06,320.48,0.0,0.0
2024-03-08 20:00:00,71.38,120.26,53.89,42.64,1.83,21.16,25.78,54.56,1.1,314.04,0.0,0.0
2024-03-08 21:00:00,65.14,139.05,66.37,30.78,2.62,4.04,25.27,56.24,1.38,311.1,0.0,0.0
2024-03-08 22:00:00,79.15,171.23,39.42,34.05,1.17,40.31,25.22,50.17,1.27,312.06,0.0,0.0
2024-03-08 23:00:00,77.74,137.3,25.2,28.96,0.69,45.4,24.12,50.17,1.41,308.05,0.0,0.0
2024-03-09 00:00:00,74.7,127.63,19.1,18.04,0.36,51.62,23.32,51.18,1.24,294.7,0.0,0.0
2024-03-09 01:00:00,49.66,105.62,16.2,6.83,0.29,51.06,21.64,56.17,1.34,310.48,0.0,0.0
2024-03-09 02:00:00,50.03,90.26,14.02,11.12,0.27,49.02,20.94,58.7,1.44,306.64,0.0,0.0
2024-03-09 03:00:00,42.76,81.45,12.83,10.64,0.21,54.38,21.24,52.57,1.54,309.52,0.0,0.0
2024-03-09 04:00:00,39.33,71.34,11.99,11.52,0.2,56.64,20.8,53.36,0.99,304.5,0.0,0.0
2024-03-09 05:00:00,33.89,69.41,12.36,11.91,0.22,56.21,20.62,52.98,1.01,305.05,0.0,0.0
2024-03-09 06:00:00,37.32,66.08,17.84,12.98,0.33,47.0,19.6,57.52,0.73,297.71,0.0,0.0
2024-03-09 07:00:00,33.89,67.13,25.63,14.92,0.58,35.22,20.98,59.09,1.15,250.31,0.0,0.0
2024-03-09 08:00:00,37.02,79.3,25.14,22.16,0.54,60.13,24.4,46.94,1.09,26.5,0.0,44.35
2024-03-09 09:00:00,35.93,83.15,19.49,23.06,0.39,76.81,27.42,40.0,0.87,48.78,0.0,474.05
2024-03-09 10:00:00,37.55,84.04,25.82,38.42,0.38,82.32,29.9,37.02,0.91,95.03,0.0,667.5
2024-03-09 11:00:00,36.29,87.42,25.9,37.38,0.55,98.32,31.79,36.82,1.13,155.66,0.0,784.9
2024-03-09 12:00:00,46.75,97.03,22.15,37.23,0.41,115.74,33.7,34.84,0.52,98.92,0.0,809.42
2024-03-09 13:00:00,46.74,99.22,20.69,35.15,0.34,121.78,35.0,32.78,0.84,59.0,0.0,705.8
2024-03-09 14:00:00,51.87,100.28,12.85,32.02,0.24,130.91,35.32,31.44,0.71,182.99,0.0,545.65
2024-03-09 15:00:00,50.28,100.0,10.21,29.46,0.22,132.23,35.3,30.86,0.83,35.26,0.0,271.9
2024-03-09 16:00:00,50.44,87.35,19.63,90.9,0.32,121.15,34.04,32.14,0.82,35.88,0.0,16.62
2024-03-09 17:00:00,53.07,96.6,33.81,161.56,0.41,107.94,32.83,33.52,1.03,143.64,0.0,0.0
2024-03-09 18:00:00,60.06,121.24,67.86,104.76,1.25,56.32,29.82,40.26,0.93,237.03,0.0,0.0
2024-03-09 19:00:00,68.25,131.93,113.6,80.58,3.46,8.11,28.2,43.52,0.72,264.64,0.0,0.0
2024-03-09 20:00:00,79.09,166.45,103.69,48.08,3.07,6.1,26.42,48.26,1.1,308.1,0.0,0.0
2024-03-09 21:00:00,97.7,200.14,87.34,37.25,2.44,4.85,25.1,57.62,1.33,308.75,0.0,0.0
2024-03-09 22:00:00,102.29,224.74,73.8,39.5,2.08,7.9,24.78,56.0,1.11,272.3,0.0,0.0
2024-03-09 23:00:00,92.1,215.91,36.27,39.4,0.9,38.7,24.8,51.03,1.48,321.52,0.0,0.0
2024-03-10 00:00:00,90.85,191.47,18.72,24.85,0.31,55.22,24.17,51.17,1.45,313.9,0.0,0.0
2024-03-10 01:00:00,76.44,145.69,16.17,23.86,0.26,55.88,23.73,52.06,1.39,303.12,0.0,0.0
2024-03-10 02:00:00,52.45,113.47,18.74,20.08,0.25,52.15,23.03,51.52,1.2,275.4,0.0,0.0
2024-03-10 03:00:00,54.48,98.48,18.01,17.0,0.32,60.72,22.85,49.84,0.74,250.99,0.0,0.0
2024-03-10 04:00:00,50.91,89.85,19.25,14.76,0.26,46.53,21.39,54.44,0.62,266.75,0.0,0.0
2024-03-10 05:00:00,47.06,81.12,20.35,11.5,0.33,35.77,20.58,62.68,1.11,301.99,0.0,0.0
2024-03-10 06:00:00,44.96,86.3,26.58,12.96,0.36,33.43,20.83,58.62,0.75,307.58,0.0,0.0
2024-03-10 07:00:00,39.58,78.41,23.05,10.28,0.41,41.61,22.4,55.85,0.85,182.38,0.0,0.0
2024-03-10 08:00:00,39.62,82.39,24.57,29.74,0.55,69.34,25.86,48.62,0.97,141.0,0.0,40.0
2024-03-10 09:00:00,51.64,98.2,27.38,50.84,0.64,91.22,28.87,43.53,1.03,113.34,0.0,424.4
2024-03-10 10:00:00,66.3,116.6,29.5,40.66,0.57,99.2,30.95,41.94,0.87,142.76,0.0,614.02
2024-03-10 11:00:00,61.03,138.52,24.17,34.44,0.5,111.47,33.33,39.2,0.82,138.78,0.0,723.48
2024-03-10 12:00:00,62.43,145.56,19.94,32.74,0.4,120.02,35.25,34.49,1.44,139.55,0.0,737.9
2024-03-10 13:00:00,66.86,134.43,18.77,33.03,0.28,115.16,36.38,29.49,1.38,189.83,0.0,686.58
2024-03-10 14:00:00,57.96,124.94,20.94,27.06,0.34,115.16,37.02,29.63,1.25,178.92,0.0,516.85
2024-03-10 15:00:00,62.64,118.29,17.18,23.67,0.3,115.37,37.08,28.91,0.98,200.56,0.0,263.85
2024-03-10 16:00:00,60.7,115.59,21.77,30.66,0.38,117.07,36.12,29.2,1.5,180.41,0.0,27.85
2024-03-10 17:00:00,55.64,112.48,27.39,23.42,0.48,97.4,34.98,30.44,0.62,137.53,0.0,0.0
2024-03-10 18:00:00,56.37,114.79,32.83,21.5,0.76,79.82,31.92,35.96,0.99,160.61,0.0,0.0
2024-03-10 19:00:00,61.42,118.7,65.06,14.69,1.97,35.28,29.35,43.06,1.08,296.9,0.0,0.0
2024-03-10 20:00:00,73.24,148.82,80.44,15.72,2.16,15.71,28.2,49.39,1.36,310.1,0.0,0.0
2024-03-10 21:00:00,84.76,169.56,38.84,22.7,1.09,37.57,27.07,53.68,1.23,254.86,0.0,0.0
2024-03-10 22:00:00,86.11,176.72,83.7,28.83,3.19,6.38,27.32,55.64,0.59,240.26,0.0,0.0
2024-03-10 23:00:00,113.93,216.12,58.3,33.39,1.24,20.67,26.72,60.78,1.1,246.9,0.0,0.0
2024-03-11 00:00:00,115.58,214.96,35.27,25.8,0.78,24.12,25.81,65.4,1.22,304.77,0.0,0.0
2024-03-11 01:00:00,100.35,193.02,24.72,33.8,0.47,31.04,25.84,65.81,0.69,299.6,0.0,0.0
2024-03-11 02:00:00,81.63,162.16,18.88,43.74,0.27,31.89,26.26,63.82,0.66,179.92,0.0,0.0
2024-03-11 03:00:00,72.44,124.17,16.63,33.74,0.27,30.78,25.99,64.78,0.56,54.15,0.0,0.0
2024-03-11 04:00:00,59.66,104.11,18.4,31.08,0.36,24.93,25.22,68.4,0.94,240.27,0.0,0.0
2024-03-11 05:00:00,62.36,103.27,21.44,27.88,0.44,27.17,23.42,69.36,1.38,300.0,0.0,0.0
2024-03-11 06:00:00,68.69,110.26,27.26,24.62,0.51,21.98,22.59,71.81,1.01,266.92,0.0,0.0
2024-03-11 07:00:00,58.56,111.35,32.17,16.98,0.76,12.87,24.2,68.82,1.27,308.75,0.0,0.0
2024-03-11 08:00:00,65.12,123.61,34.79,25.22,0.71,44.88,27.16,56.25,1.23,252.53,0.0,45.98
2024-03-11 09:00:00,70.58,147.21,21.16,37.86,0.46,77.04,30.0,50.8,0.95,179.03,0.0,442.68
2024-03-11 10:00:00,76.12,138.52,21.22,29.49,0.43,94.79,33.01,42.18,0.56,104.53,0.0,618.55
2024-03-11 11:00:00,71.35,134.66,22.5,23.47,0.4,102.83,35.05,34.73,0.58,104.86,0.0,735.75
2024-03-11 12:00:00,76.68,126.15,16.97,19.94,0.3,111.33,36.72,30.72,0.75,189.98,0.0,749.7
2024-03-11 13:00:00,63.42,115.61,16.78,18.65,0.25,108.62,37.45,28.01,0.56,108.55,0.0,701.02
2024-03-11 14:00:00,60.8,106.82,21.53,17.46,0.33,108.72,37.48,27.45,1.19,124.76,0.0,533.38
2024-03-11 15:00:00,53.37,94.28,24.01,16.69,0.42,104.63,37.88,27.37,0.85,189.48,0.0,314.73
2024-03-11 16:00:00,46.82,96.72,23.11,16.22,0.38,109.78,36.84,29.25,0.75,108.35,0.0,36.28
2024-03-11 17:00:00,46.65,93.69,34.69,14.45,0.88,92.36,35.72,32.75,1.25,165.0,0.0,0.0
2024-03-11 18:00:00,52.05,101.46,38.49,16.24,1.06,70.13,32.48,36.19,0.93,160.44,0.0,0.0
2024-03-11 19:00:00,49.25,102.34,63.88,9.59,2.21,31.06,30.0,39.86,0.79,308.43,0.0,0.0
2024-03-11 20:00:00,53.21,114.63,53.05,11.22,1.15,39.7,28.74,41.57,1.34,300.42,0.0,0.0
2024-03-11 21:00:00,60.38,106.17,28.84,7.14,0.53,43.64,28.78,40.6,1.27,304.08,0.0,0.0
2024-03-11 22:00:00,41.56,105.39,21.37,9.04,0.3,47.92,28.1,38.52,0.9,323.88,0.0,0.0
2024-03-11 23:00:00,37.96,87.33,20.27,11.12,0.36,38.92,26.47,42.98,1.19,308.02,0.0,0.0
2024-03-12 00:00:00,47.05,80.1,30.14,11.12,0.77,22.92,25.08,48.06,1.16,279.36,0.0,0.0
2024-03-12 01:00:00,51.7,110.12,26.92,11.35,0.61,17.06,24.08,57.8,1.5,310.8,0.0,0.0
2024-03-12 02:00:00,48.33,101.84,25.95,16.04,0.54,16.9,23.66,56.05,1.46,310.94,0.0,0.0
2024-03-12 03:00:00,43.68,94.34,20.12,14.89,0.4,21.17,22.56,60.54,1.56,310.75,0.0,0.0
2024-03-12 04:00:00,39.68,91.44,15.23,11.96,0.38,28.77,22.29,57.22,1.47,310.35,0.0,0.0
2024-03-12 05:00:00,32.11,86.35,14.89,10.76,0.38,31.0,22.22,55.4,1.44,314.9,0.0,0.0
2024-03-12 06:00:00,32.44,83.44,14.57,10.3,0.44,31.31,21.82,57.24,1.48,322.8,0.0,0.0
2024-03-12 07:00:00,41.43,84.93,19.94,9.2,0.57,25.95,23.43,56.08,1.5,327.68,0.0,0.0
2024-03-12 08:00:00,47.51,85.33,22.84,9.88,0.58,46.72,26.85,46.91,1.33,336.18,0.0,58.88
2024-03-12 09:00:00,39.43,98.72,33.06,26.05,0.8,80.52,31.02,39.34,0.67,58.06,0.0,452.38
2024-03-12 10:00:00,39.47,113.56,39.68,29.44,0.96,111.79,34.11,34.2,0.5,138.79,0.0,634.08
2024-03-12 11:00:00,47.51,113.93,26.41,46.21,0.59,128.47,35.69,31.19,0.59,198.97,0.0,741.28
2024-03-12 12:00:00,42.4,115.68,25.9,53.85,0.65,134.29,37.17,29.12,0.97,253.21,0.0,757.38
2024-03-12 13:00:00,49.4,121.45,25.52,46.54,0.59,109.55,38.09,27.33,1.08,192.54,0.0,707.4
2024-03-12 14:00:00,48.28,115.6,21.46,31.12,0.45,100.97,38.8,26.62,0.62,237.04,0.0,514.88
2024-03-12 15:00:00,51.18,100.72,19.94,10.2,0.36,76.19,38.16,26.82,0.78,288.34,0.0,230.12
2024-03-12 16:00:00,43.21,94.54,23.26,11.13,0.55,68.66,36.86,27.43,0.9,298.92,0.0,20.02
2024-03-12 17:00:00,37.39,74.78,16.41,13.02,0.53,64.67,35.67,28.19,0.99,308.57,0.0,0.0
2024-03-12 18:00:00,38.89,78.01,45.57,23.95,1.17,41.42,33.15,31.88,0.66,299.9,0.0,0.0
2024-03-12 19:00:00,40.41,91.57,61.61,15.56,1.4,20.66,30.23,38.59,1.27,304.28,0.0,0.0
2024-03-12 20:00:00,50.85,116.5,49.07,29.55,1.24,28.94,28.42,41.67,1.06,306.44,0.0,0.0
2024-03-12 21:00:00,54.62,126.5,37.11,20.98,1.22,28.12,27.24,44.7,1.21,237.58,0.0,0.0
2024-03-12 22:00:00,56.65,129.16,32.27,8.41,0.91,35.56,27.88,41.01,0.78,303.88,0.0,0.0
2024-03-12 23:00:00,52.44,127.42,20.28,9.57,0.48,41.21,27.62,41.49,0.8,278.96,0.0,0.0
2024-03-13 00:00:00,57.29,113.77,16.83,8.74,0.3,38.69,25.75,44.19,1.23,296.63,0.0,0.0
2024-03-13 01:00:00,49.65,94.93,14.63,8.86,0.32,31.96,25.02,46.54,1.33,311.8,0.0,0.0
2024-03-13 02:00:00,41.23,84.39,16.73,10.6,0.31,31.01,24.7,47.89,0.93,256.59,0.0,0.0
2024-03-13 03:00:00,36.35,71.54,16.32,9.86,0.52,20.76,23.25,60.07,1.36,300.9,0.0,0.0
2024-03-13 04:00:00,38.37,76.1,22.54,13.86,0.7,14.96,22.96,57.06,1.0,243.27,0.0,0.0
2024-03-13 05:00:00,30.62,74.64,33.82,16.61,0.64,9.66,23.79,51.61,1.09,212.27,0.0,0.0
2024-03-13 06:00:00,41.54,89.46,29.94,15.13,0.54,12.75,22.13,56.38,1.06,328.42,0.0,0.0
2024-03-13 07:00:00,40.8,89.98,33.6,31.12,1.45,12.58,23.06,57.6,1.31,323.95,0.0,0.0
2024-03-13 08:00:00,51.83,116.73,30.25,18.19,0.72,37.5,28.1,42.57,1.05,327.97,0.0,60.68
2024-03-13 09:00:00,43.14,116.62,14.75,15.86,0.29,62.65,31.1,35.24,1.29,175.7,0.0,455.35
2024-03-13 10:00:00,41.89,94.88,24.19,16.35,0.53,73.79,33.76,31.7,0.72,200.52,0.0,655.38
2024-03-13 11:00:00,40.34,90.18,19.17,12.74,0.37,79.76,35.94,28.7,0.53,164.6,0.0,762.25
2024-03-13 12:00:00,43.41,93.57,16.85,12.71,0.35,77.89,36.94,27.42,0.87,140.81,0.0,795.58
2024-03-13 13:00:00,35.68,82.2,21.72,9.74,0.44,77.13,38.44,25.91,0.74,239.95,0.0,745.45
2024-03-13 14:00:00,30.18,78.5,18.54,9.16,0.4,75.44,38.92,25.1,0.72,240.46,0.0,567.02
2024-03-13 15:00:00,25.51,71.83,20.73,8.93,0.36,69.78,38.93,23.99,0.51,237.22,0.0,358.88
2024-03-13 16:00:00,23.18,68.83,21.06,11.37,0.4,72.72,37.39,24.15,0.67,278.32,0.0,53.48
2024-03-13 17:00:00,16.34,71.34,18.82,11.11,0.37,73.58,35.68,26.1,1.03,307.73,0.0,0.0
2024-03-13 18:00:00,19.98,73.12,23.68,7.21,0.56,60.28,32.96,28.72,1.18,332.38,0.0,0.0
2024-03-13 19:00:00,20.86,71.2,42.72,12.7,0.98,40.39,30.32,31.4,0.88,239.67,0.0,0.0
2024-03-13 20:00:00,21.84,73.25,62.94,21.51,1.62,21.68,28.7,35.42,0.86,311.88,0.0,0.0
2024-03-13 21:00:00,45.93,93.76,33.92,13.32,0.72,38.58,27.27,33.93,1.13,319.52,0.0,0.0
2024-03-13 22:00:00,36.7,88.74,41.88,14.68,1.08,30.6,25.99,33.86,1.22,288.63,0.0,0.0
2024-03-13 23:00:00,41.89,92.01,21.67,15.27,0.53,39.9,24.94,34.67,1.13,264.12,0.0,0.0
2024-03-14 00:00:00,39.96,83.37,16.38,20.24,0.35,48.28,24.12,33.84,0.8,233.46,0.0,0.0
2024-03-14 01:00:00,29.9,79.6,10.75,14.81,0.27,52.26,23.64,34.42,0.91,305.48,0.0,0.0
2024-03-14 02:00:00,36.54,73.74,12.01,13.83,0.26,49.89,23.23,37.22,1.16,284.36,0.0,0.0
2024-03-14 03:00:00,28.23,69.23,9.54,15.13,0.21,57.9,23.62,34.35,1.06,305.42,0.0,0.0
2024-03-14 04:00:00,34.61,70.08,13.87,15.99,0.24,52.03,22.82,36.94,1.13,272.53,0.0,0.0
2024-03-14 05:00:00,33.48,63.8,13.28,19.56,0.27,53.61,22.36,39.02,0.62,160.22,0.0,0.0
2024-03-14 06:00:00,36.72,62.4,24.9,17.08,0.42,39.63,21.92,39.61,0.45,185.9,0.0,0.0
2024-03-14 07:00:00,35.02,72.33,32.18,16.04,0.53,30.14,22.52,44.27,0.76,203.54,0.0,0.0
2024-03-14 08:00:00,38.37,77.22,27.27,22.44,0.49,51.26,26.27,35.98,0.88,176.26,0.0,86.25
2024-03-14 09:00:00,40.1,108.45,16.57,23.92,0.29,72.15,29.58,30.33,1.2,268.17,0.0,495.8
2024-03-14 10:00:00,34.05,91.89,9.56,17.97,0.22,79.1,32.24,27.66,1.32,264.68,0.0,697.8
2024-03-14 11:00:00,43.22,90.06,7.72,7.76,0.18,79.58,33.98,25.6,1.25,18.47,0.0,805.78
2024-03-14 12:00:00,41.24,95.12,13.14,9.73,0.3,80.08,35.83,23.76,0.97,82.01,0.0,813.5
2024-03-14 13:00:00,39.47,84.56,19.82,7.93,0.39,93.72,36.59,23.99,1.0,152.92,0.0,708.77
2024-03-14 14:00:00,34.39,79.26,20.58,13.72,0.36,96.8,37.01,23.32,0.94,147.7,0.0,560.62
2024-03-14 15:00:00,33.2,89.72,15.75,13.49,0.43,96.64,37.29,23.4,0.86,209.76,0.0,333.45
2024-03-14 16:00:00,40.48,95.51,2.98,8.69,0.38,98.19,35.83,24.76,0.79,108.71,0.0,44.98
2024-03-14 17:00:00,36.36,90.82,8.02,9.84,0.37,75.57,34.41,24.43,0.96,235.44,0.0,0.0
2024-03-14 18:00:00,35.47,88.67,48.02,17.9,1.1,37.18,31.77,26.78,0.65,320.17,0.0,0.0
2024-03-14 19:00:00,40.78,102.48,44.75,18.51,1.06,29.85,28.39,31.95,0.98,315.41,0.0,0.0
2024-03-14 20:00:00,42.68,114.52,58.26,29.61,1.35,14.5,27.23,34.5,0.9,301.33,0.0,0.0
2024-03-14 21:00:00,54.28,122.46,59.73,29.75,1.74,9.62,26.62,34.05,1.25,327.58,0.0,0.0
2024-03-14 22:00:00,63.44,133.71,29.48,11.24,0.65,26.03,25.57,35.55,1.25,249.68,0.0,0.0
2024-03-14 23:00:00,52.47,123.1,18.34,12.0,0.34,38.88,25.9,32.85,1.18,317.14,0.0,0.0
2024-03-15 00:00:00,51.75,112.39,21.36,10.38,0.38,36.22,24.41,37.72,0.97,266.14,0.0,0.0
2024-03-15 01:00:00,43.55,103.7,17.41,10.86,0.38,37.25,22.64,45.25,1.12,316.1,0.0,0.0
2024-03-15 02:00:00,40.4,103.04,12.73,10.36,0.34,39.76,21.96,47.52,1.19,303.83,0.0,0.0
2024-03-15 03:00:00,46.72,97.68,14.12,10.43,0.37,34.16,21.52,51.2,1.43,313.05,0.0,0.0
2024-03-15 04:00:00,44.47,91.44,13.68,13.48,0.33,38.22,21.1,49.86,1.34,318.58,0.0,0.0
2024-03-15 05:00:00,41.4,88.39,16.7,15.82,0.34,39.94,21.06,46.01,1.08,291.44,0.0,0.0
2024-03-15 06:00:00,40.81,82.6,17.55,13.72,0.32,42.03,20.58,47.57,1.15,316.28,0.0,0.0
2024-03-15 07:00:00,38.66,78.93,36.23,12.94,0.92,20.42,22.24,47.29,1.08,199.31,0.0,0.0
2024-03-15 08:00:00,42.06,97.8,37.74,25.31,0.87,39.86,25.01,41.82,1.33,175.0,0.0,102.65
2024-03-15 09:00:00,49.25,135.88,34.56,40.8,0.78,70.85,29.02,34.0,1.1,130.68,0.0,477.75
2024-03-15 10:00:00,49.09,135.51,39.68,108.91,0.77,89.2,31.8,30.44,0.85,102.58,0.0,666.55
2024-03-15 11:00:00,50.62,140.58,22.06,55.62,0.42,107.66,33.8,28.3,1.01,184.71,0.0,758.5
2024-03-15 12:00:00,48.11,130.69,23.24,41.44,0.43,113.2,35.49,25.44,0.81,202.03,0.0,771.58
2024-03-15 13:00:00,48.96,121.57,21.44,43.1,0.36,115.2,36.3,23.8,0.64,283.21,0.0,712.0
2024-03-15 14:00:00,48.11,114.63,20.04,47.11,0.38,117.63,37.31,23.7,0.49,200.94,0.0,545.2
2024-03-15 15:00:00,47.62,108.18,23.24,30.57,0.41,110.93,36.96,23.66,0.79,198.44,0.0,259.68
2024-03-15 16:00:00,47.11,109.34,25.65,22.19,0.53,102.91,36.31,24.91,0.47,217.35,0.0,36.9
2024-03-15 17:00:00,43.46,108.12,40.09,17.56,0.89,79.61,35.2,26.26,0.61,151.6,0.0,0.0
2024-03-15 18:00:00,47.56,131.73,41.44,21.93,1.12,64.37,32.55,29.03,0.65,314.46,0.0,0.0
2024-03-15 19:00:00,48.38,138.12,66.51,18.92,1.86,27.96,29.52,35.51,1.01,295.24,0.0,0.0
2024-03-15 20:00:00,67.49,149.42,55.12,27.84,1.42,34.54,27.95,40.06,1.27,318.84,0.0,0.0
2024-03-15 21:00:00,65.55,148.52,61.28,18.13,1.88,21.78,27.43,41.25,0.76,134.94,0.0,0.0
2024-03-15 22:00:00,77.29,162.61,85.54,16.4,2.12,10.42,27.95,38.78,1.24,312.34,0.0,0.0
2024-03-15 23:00:00,74.64,164.12,74.32,21.02,1.91,17.25,28.0,38.69,1.12,278.27,0.0,0.0
2024-03-16 00:00:00,84.08,181.67,34.22,19.32,0.62,41.39,26.3,43.1,1.11,311.24,0.0,0.0
2024-03-16 01:00:00,74.56,158.93,35.24,18.21,0.79,27.52,24.8,47.37,1.6,315.4,0.0,0.0
2024-03-16 02:00:00,67.92,146.23,24.68,26.11,0.44,49.19,24.93,42.26,0.99,245.71,0.0,0.0
2024-03-16 03:00:00,60.86,132.2,31.79,32.25,0.53,40.04,24.4,45.54,0.69,224.92,0.0,0.0
2024-03-16 04:00:00,68.29,134.24,20.58,23.66,0.41,47.8,23.81,48.76,0.98,292.4,0.0,0.0
2024-03-16 05:00:00,63.04,137.7,19.62,19.24,0.38,43.93,23.34,50.28,1.32,319.49,0.0,0.0
2024-03-16 06:00:00,65.74,126.59,30.43,20.38,0.61,32.6,23.27,51.48,0.94,287.8,0.0,0.0
2024-03-16 07:00:00,59.58,120.38,30.56,21.06,0.6,39.28,24.17,52.08,1.41,314.76,0.0,0.0
2024-03-16 08:00:00,62.59,139.79,25.7,21.49,0.5,60.36,26.56,45.98,1.19,189.99,0.0,71.12
2024-03-16 09:00:00,54.28,143.87,30.62,26.57,0.69,76.29,29.45,40.9,0.74,86.32,0.0,282.78
2024-03-16 10:00:00,65.52,149.68,40.7,28.88,0.88,89.76,31.47,41.27,0.95,145.79,0.0,511.98
2024-03-16 11:00:00,73.56,149.54,31.4,41.69,0.61,103.73,33.94,40.84,0.71,116.88,0.0,631.85
2024-03-16 12:00:00,82.46,160.11,31.8,46.58,0.58,121.67,35.73,39.33,0.58,117.78,0.0,614.58
2024-03-16 13:00:00,74.92,157.32,34.95,46.44,0.66,127.56,36.57,39.03,0.57,250.52,0.0,422.9
2024-03-16 14:00:00,76.53,154.46,28.24,40.58,0.5,110.03,35.88,40.83,0.79,79.93,0.0,91.22
2024-03-16 15:00:00,71.37,144.12,6.24,33.56,0.5,99.82,31.9,51.45,1.39,232.45,0.0,21.38
2024-03-16 16:00:00,74.98,189.75,4.97,24.11,0.31,90.22,26.5,62.42,1.67,100.42,0.0,8.82
2024-03-16 17:00:00,63.11,127.01,5.74,21.33,0.5,73.68,26.87,60.16,1.1,116.39,0.0,0.0
2024-03-16 18:00:00,63.75,116.27,28.0,24.73,0.56,53.22,26.28,64.43,0.86,159.7,0.0,0.0
2024-03-16 19:00:00,68.48,103.94,57.77,41.05,1.37,27.91,26.88,60.93,0.82,87.65,0.0,0.0
2024-03-16 20:00:00,62.44,116.11,69.17,20.51,1.83,14.52,26.53,61.22,0.84,269.44,0.0,0.0
2024-03-16 21:00:00,73.38,130.52,45.3,13.75,1.11,26.55,25.55,67.72,0.97,99.18,0.0,0.0
2024-03-16 22:00:00,69.61,122.94,33.78,17.8,0.84,31.12,25.16,68.73,0.92,196.78,0.0,0.0
2024-03-16 23:00:00,63.91,120.99,21.7,17.33,0.56,52.85,25.46,64.28,0.85,87.15,0.0,0.0
2024-03-17 00:00:00,58.5,102.12,17.9,19.41,0.42,59.16,25.03,64.03,0.88,62.57,0.0,0.0
2024-03-17 01:00:00,55.66,87.11,15.72,15.74,0.42,58.93,24.4,66.34,1.04,77.04,0.0,0.0
2024-03-17 02:00:00,47.65,81.97,14.97,11.75,0.36,55.74,23.82,68.63,0.68,125.46,0.0,0.0
2024-03-17 03:00:00,49.84,81.53,15.86,10.45,0.4,45.41,23.04,73.13,0.97,109.14,0.0,0.0
2024-03-17 04:00:00,56.57,84.68,17.08,14.98,0.57,42.22,22.75,73.84,0.96,260.95,0.0,0.0
2024-03-17 05:00:00,57.2,72.29,19.28,17.39,0.58,37.68,22.38,75.22,1.0,251.66,0.0,0.0
2024-03-17 06:00:00,62.89,80.76,26.48,15.78,0.64,31.06,22.47,74.14,0.71,222.18,0.0,0.0
2024-03-17 07:00:00,60.66,81.82,24.0,13.02,0.63,35.92,23.76,70.83,0.94,28.64,0.0,0.05
2024-03-17 08:00:00,60.75,81.16,21.5,14.32,0.62,53.18,25.85,63.8,0.97,47.27,0.0,52.53
2024-03-17 09:00:00,64.13,90.15,23.78,18.6,0.68,62.97,28.16,58.41,0.81,83.89,0.0,387.28
2024-03-17 10:00:00,57.94,93.28,25.9,19.84,0.72,69.08,30.12,55.89,0.95,142.39,0.05,578.72
2024-03-17 11:00:00,64.74,101.72,23.51,25.72,0.67,83.68,32.4,51.76,0.7,149.98,0.0,682.9
2024-03-17 12:00:00,66.44,114.97,17.44,30.14,0.54,100.16,34.48,47.52,0.67,105.55,0.0,685.53
2024-03-17 13:00:00,66.58,115.38,16.44,23.75,0.49,109.24,35.6,43.85,0.85,115.22,0.0,615.38
2024-03-17 14:00:00,63.49,97.48,18.65,24.43,0.52,109.48,36.34,41.16,0.71,139.45,0.0,340.32
2024-03-17 15:00:00,58.46,95.86,17.13,26.62,0.44,108.68,36.06,41.11,0.7,114.02,0.0,150.48
2024-03-17 16:00:00,58.6,89.04,19.82,20.44,0.48,103.26,36.1,39.88,1.04,128.28,0.0,12.2
2024-03-17 17:00:00,59.7,98.32,27.7,21.86,0.63,86.35,34.85,41.61,1.37,194.58,0.0,0.0
2024-03-17 18:00:00,69.46,108.59,13.6,24.96,0.36,88.46,27.46,61.05,1.63,97.86,0.0,0.0
2024-03-17 19:00:00,46.11,107.05,15.68,14.24,0.43,75.2,27.96,55.86,1.03,28.26,0.0,0.0
2024-03-17 20:00:00,57.94,95.86,22.72,15.31,0.48,54.07,24.54,79.09,1.08,162.54,1.2,0.0
2024-03-17 21:00:00,47.724031938336786,98.2709727044994,22.680115143041164,16.855077002728958,0.6925347109208515,38.52080639567355,,,,,,
2024-03-17 22:00:00,79.62,92.98,30.3,3.28,0.6,27.98,22.7,88.26,0.76,107.35,0.0,0.0
2024-03-17 23:00:00,112.01,115.8,29.28,0.35,0.57,23.01,22.81,86.31,1.0,182.75,0.0,0.0
2024-03-18 00:00:00,40.014417963302755,85.88084903544942,19.14,13.880179416689456,0.36,26.58,22.82,88.2,1.28,259.27,0.05,0.0
2024-03-18 01:00:00,65.21,67.04,18.9,6.12,0.36,32.4,24.06,79.54,1.54,239.46,0.0,0.0
2024-03-18 02:00:00,23.15,35.75,20.42,13.6,0.4,22.3,23.58,82.6,0.76,150.77,0.0,0.0
2024-03-18 03:00:00,32.42,48.56,24.15,13.07,0.48,11.26,22.88,85.33,0.85,216.78,0.0,0.0
2024-03-18 04:00:00,34.44,47.74,22.61,14.74,0.44,16.06,22.72,83.85,0.79,131.55,0.0,0.0
2024-03-18 05:00:00,30.11,48.28,22.15,14.02,0.55,8.61,22.02,89.36,0.65,255.37,0.0,0.0
2024-03-18 06:00:00,49.41,51.3,21.16,13.85,0.53,9.34,21.82,91.29,0.72,191.71,0.0,0.0
2024-03-18 07:00:00,51.47,58.21,24.81,12.34,0.62,11.98,23.2,86.2,0.9,195.52,0.0,0.0
2024-03-18 08:00:00,48.38,66.57,29.78,8.93,0.73,29.12,25.69,75.8,0.63,86.04,0.0,45.3
2024-03-18 09:00:00,48.02,88.3,31.15,13.8,0.96,39.18,27.89,67.64,1.32,155.79,0.0,384.98
2024-03-18 10:00:00,45.56,80.69,27.99,15.26,0.84,44.13,29.58,64.53,1.3,159.76,0.0,569.17
2024-03-18 11:00:00,47.96,76.86,23.7,15.33,0.61,57.22,31.61,59.02,1.16,180.6,0.0,690.8
2024-03-18 12:00:00,46.9,79.12,25.26,24.26,0.63,70.68,32.78,55.4,1.49,174.74,0.0,658.8
2024-03-18 13:00:00,54.96,82.8,23.0,27.03,0.59,84.29,33.48,53.66,1.24,181.16,0.0,559.52
2024-03-18 14:00:00,55.01,86.61,24.09,17.07,0.61,86.7,34.77,49.58,1.16,167.08,0.0,484.25
2024-03-18 15:00:00,56.9,91.1,25.66,17.22,0.63,90.35,34.67,48.31,1.75,166.46,0.0,282.7
2024-03-18 16:00:00,55.1,91.71,25.49,15.65,0.58,85.76,34.33,46.69,1.53,167.49,0.0,25.57
2024-03-18 17:00:00,53.06,91.94,32.9,25.83,0.73,78.94,33.13,49.08,1.27,232.32,0.0,0.0
2024-03-18 18:00:00,55.57,100.6,25.34,36.77,0.48,64.76,28.4,60.08,1.16,112.08,0.0,0.0
2024-03-18 19:00:00,49.5,98.34,46.08,20.84,1.27,39.66,27.76,59.57,1.03,165.26,0.0,0.0
2024-03-18 20:00:00,61.64,97.2,55.91,12.31,1.28,27.56,27.71,61.92,0.84,102.74,0.0,0.0
2024-03-18 21:00:00,76.16,120.72,71.08,11.59,1.6,10.46,26.46,67.9,1.33,239.5,0.0,0.0
2024-03-18 22:00:00,70.86,122.85,21.96,12.48,0.44,38.33,25.02,71.4,1.15,192.14,0.0,0.0
2024-03-18 23:00:00,58.51,104.92,42.16,24.06,0.84,20.86,24.6,71.7,0.37,133.54,0.0,0.0
2024-03-19 00:00:00,52.77,98.03,19.26,20.1,0.35,39.72,24.54,70.94,1.05,69.06,0.0,0.0
2024-03-19 01:00:00,41.42,87.27,9.86,12.24,0.26,50.77,23.84,72.59,1.02,77.46,0.0,0.0
2024-03-19 02:00:00,42.74,64.58,10.03,12.0,0.25,52.14,23.78,71.72,0.96,88.2,0.0,0.0
2024-03-19 03:00:00,40.63,62.31,8.92,12.29,0.26,48.52,23.09,75.01,0.91,82.6,0.0,0.0
2024-03-19 04:00:00,30.38,52.74,13.14,16.34,0.29,37.8,22.77,76.44,0.93,65.91,0.0,0.0
2024-03-19 05:00:00,30.74,47.09,15.7,17.04,0.3,33.28,22.56,77.67,0.93,73.51,0.0,0.0
2024-03-19 06:00:00,36.09,45.24,15.38,14.42,0.32,33.78,22.6,77.22,0.87,64.9,0.0,0.0
2024-03-19 07:00:00,29.2,47.33,17.8,11.82,0.42,34.44,23.52,73.92,0.72,71.54,0.0,0.0
2024-03-19 08:00:00,37.64,51.35,21.84,6.84,0.55,34.21,24.42,71.49,0.93,60.54,0.0,0.0
2024-03-19 09:00:00,39.78,59.84,21.5,9.2,0.58,35.67,24.76,71.94,1.14,23.31,0.0,13.92
2024-03-19 10:00:00,39.04,69.55,19.4,12.65,0.54,40.0,25.56,70.3,1.09,196.57,0.0,248.8
2024-03-19 11:00:00,41.22,64.48,17.66,12.58,0.57,58.77,28.42,62.05,0.97,126.64,0.0,610.08
2024-03-19 12:00:00,36.26,68.75,22.46,15.27,0.62,66.48,29.61,59.14,0.79,144.33,0.0,376.3
2024-03-19 13:00:00,37.3,74.1,27.28,25.36,0.67,73.18,30.52,56.56,1.08,117.8,0.0,421.72
2024-03-19 14:00:00,36.93,83.27,15.62,29.13,0.44,87.74,32.4,52.33,0.74,117.52,0.0,519.98
2024-03-19 15:00:00,39.43,93.06,17.24,36.9,0.46,106.22,32.54,48.96,0.98,193.85,0.0,295.5
2024-03-19 16:00:00,45.24,96.4,48.91,159.34,0.51,62.9,30.96,55.09,0.96,130.75,0.15,5.95
2024-03-19 17:00:00,53.52,104.56,64.91,39.26,0.97,26.27,24.13,87.34,1.07,216.5,0.7,0.0
2024-03-19 18:00:00,57.3,109.74,38.44,21.83,0.88,44.54,21.98,81.37,1.17,209.76,0.45,0.0
2024-03-19 19:00:00,50.1,102.26,54.76,12.99,1.4,16.4,20.58,94.72,0.5,179.68,0.25,0.0
2024-03-19 20:00:00,58.03,95.36,40.22,7.39,1.0,26.5,20.86,89.16,0.98,144.16,0.0,0.0
2024-03-19 21:00:00,52.88,85.14,26.24,6.76,0.56,34.66,20.99,83.78,1.03,172.8,0.0,0.0
2024-03-19 22:00:00,49.38,86.02,18.25,6.23,0.48,32.0,20.73,85.01,1.1,323.34,0.0,0.0
2024-03-19 23:00:00,45.08,77.46,23.19,8.74,0.59,18.26,20.6,88.5,1.35,328.22,0.0,0.0
2024-03-20 00:00:00,46.97,73.26,26.6,9.55,0.64,14.63,20.42,88.64,0.86,140.27,0.0,0.0
2024-03-20 01:00:00,44.22,69.9,23.53,8.26,0.44,14.81,19.45,90.88,0.62,303.56,0.0,0.0
2024-03-20 02:00:00,43.74,69.67,15.57,7.95,0.44,17.55,19.52,91.86,0.61,250.81,0.0,0.0
2024-03-20 03:00:00,49.32,73.56,13.48,8.12,0.46,15.93,19.26,93.08,0.83,315.19,0.0,0.0
2024-03-20 04:00:00,47.52,71.1,20.54,9.6,0.55,11.78,18.9,93.02,0.45,238.75,0.0,0.0
2024-03-20 05:00:00,48.78,68.14,19.34,8.05,0.56,5.37,18.4,94.9,0.54,171.34,0.0,0.0
2024-03-20 06:00:00,39.64,65.78,25.1,7.64,0.65,3.9,18.48,95.53,0.45,145.1,0.0,0.0
2024-03-20 07:00:00,43.07,69.59,20.64,4.56,0.6,15.75,20.02,90.32,0.92,175.08,0.0,0.0
2024-03-20 08:00:00,46.03,66.1,22.25,8.84,0.71,36.09,22.09,79.29,0.8,117.0,0.0,81.08
2024-03-20 09:00:00,49.24,66.35,27.74,10.4,0.94,48.99,24.32,70.18,0.87,163.02,0.0,507.5
2024-03-20 10:00:00,49.02,69.22,29.83,14.17,0.85,59.48,26.08,64.64,1.16,168.04,0.0,698.5
2024-03-20 11:00:00,45.44,73.07,24.02,15.25,0.59,68.81,28.36,58.04,0.95,157.82,0.0,810.72
2024-03-20 12:00:00,43.19,69.23,20.79,20.02,0.52,84.1,30.24,51.49,1.48,213.94,0.0,831.08
2024-03-20 13:00:00,42.88,70.99,27.02,62.62,0.56,86.32,32.03,43.58,1.5,166.37,0.0,756.95
2024-03-20 14:00:00,35.12,77.41,22.44,22.61,0.52,85.37,32.53,38.42,1.64,179.65,0.0,603.33
2024-03-20 15:00:00,37.38,79.03,28.2,12.34,0.52,84.39,33.03,33.52,1.3,187.91,0.0,362.0
2024-03-20 16:00:00,35.49,75.56,35.13,14.19,0.66,77.85,32.01,34.96,1.52,177.28,0.0,28.0
2024-03-20 17:00:00,36.62,79.75,57.38,14.92,1.09,54.82,30.98,36.16,1.37,160.68,0.0,0.0
2024-03-20 18:00:00,43.39,81.3,38.95,23.2,0.64,49.02,27.58,39.58,1.15,93.34,0.0,0.0
2024-03-20 19:00:00,36.22,80.33,50.66,9.49,0.95,34.81,25.76,42.3,1.06,67.82,0.0,0.0
2024-03-20 20:00:00,33.54,74.97,53.21,10.25,0.97,29.18,24.82,44.0,0.76,136.15,0.0,0.0
2024-03-20 21:00:00,35.83,73.77,48.0,7.62,1.02,17.04,23.17,50.17,1.15,299.61,0.0,0.0
2024-03-20 22:00:00,33.52,71.41,72.83,7.41,1.64,2.62,22.21,56.32,0.95,290.88,0.0,0.0
2024-03-20 23:00:00,43.2,100.06,66.05,8.76,1.49,14.809214157759452,21.1,66.19,1.1,245.52,0.0,0.0
2024-03-21 00:00:00,53.24,121.02,52.32,13.34,1.24,25.066730901250466,20.62,72.13,0.45,217.39,0.0,0.0
2024-03-21 01:00:00,55.04,119.63,53.47,11.25,1.36,21.587200231413753,20.29,73.78,0.68,222.52,0.0,0.0
2024-03-21 02:00:00,56.16,120.6,46.59,9.68,1.2,24.145902625573225,19.82,77.9,1.05,319.93,0.0,0.0
2024-03-21 03:00:00,54.74,118.32,46.77,10.4,1.1,26.778945904026696,19.7,73.82,1.05,164.95,0.0,0.0
2024-03-21 04:00:00,47.42,106.98,28.31,13.17,0.5,10.37,19.7,68.32,0.78,160.24,0.0,0.0
2024-03-21 05:00:00,45.36,98.94,28.54,16.27,0.57,11.57,19.1,68.87,0.34,217.56,0.0,0.0
2024-03-21 06:00:00,45.67,86.94,28.68,12.44,0.44,19.67,19.79,64.27,0.58,126.23,0.0,0.0
2024-03-21 07:00:00,36.26,85.72,26.96,9.07,0.52,23.08,21.19,61.88,0.63,129.18,0.0,0.3
2024-03-21 08:00:00,35.39,77.66,33.92,14.04,0.7,36.88,23.88,55.24,1.02,118.54,0.0,77.9
2024-03-21 09:00:00,40.54,86.27,32.62,30.39,0.79,47.1,26.18,54.45,1.09,143.56,0.0,508.78
2024-03-21 10:00:00,46.73,92.4,29.49,47.97,0.7,51.26,28.48,52.83,1.04,177.36,0.0,708.9
2024-03-21 11:00:00,47.34,93.93,24.88,31.09,0.55,74.35,31.18,46.88,1.31,183.88,0.0,814.0
2024-03-21 12:00:00,45.33,99.46,24.8,24.92,0.48,84.62,33.24,41.11,1.3,186.79,0.0,824.15
2024-03-21 13:00:00,44.55,98.09,21.9,14.0,0.43,83.12,34.72,35.06,1.09,197.36,0.0,755.15
2024-03-21 14:00:00,38.5,92.66,23.38,8.17,0.41,84.01,35.28,31.06,1.15,182.59,0.0,594.6
2024-03-21 15:00:00,43.22,93.23,23.84,10.99,0.39,85.17,35.56,30.71,0.83,192.94,0.0,328.75
2024-03-21 16:00:00,41.98,84.68,36.06,10.12,0.64,75.63,34.72,30.95,1.49,176.73,0.0,4.6
2024-03-21 17:00:00,46.92,86.26,32.73,7.58,0.57,68.94,32.74,32.47,0.76,330.02,0.0,0.0
2024-03-21 18:00:00,47.57,81.97,91.5,5.1,2.3,16.51,29.77,37.96,0.81,158.78,0.0,0.0
2024-03-21 19:00:00,50.18,105.79,103.47,10.69,3.02,0.21,28.15,43.45,1.23,300.79,0.0,0.0
2024-03-21 20:00:00,60.24,136.74,85.96,9.48,1.86,0.42,26.9,54.06,1.32,310.35,0.0,0.0
2024-03-21 21:00:00,66.18,138.56,56.92,10.85,2.77,0.0,25.65,64.39,1.08,273.04,0.0,0.0
2024-03-21 22:00:00,76.95,181.01,33.02,10.22,6.26,0.67,24.95,61.83,0.89,176.36,0.0,0.0
2024-03-21 23:00:00,104.73,342.93,46.54,6.98,2.62,0.0,23.44,72.04,1.01,323.14,0.0,0.0
2024-03-22 00:00:00,95.28,178.16,65.23,10.46,1.8,21.7656647795989,23.2,65.5,0.8,250.62,0.0,0.0
2024-03-22 01:00:00,76.83,120.5,68.98,11.49,1.22,35.2687989430465,22.68,62.2,1.08,298.12,0.0,0.0
2024-03-22 02:00:00,66.18,141.39,51.5,8.94,1.15,27.25255861257186,21.76,78.68,1.26,312.33,0.0,0.0
2024-03-22 03:00:00,72.2,149.22,47.76,9.3,0.71,39.632908347998196,21.52,73.82,1.42,320.64,0.0,0.0
2024-03-22 04:00:00,72.75,123.48,32.17,9.25,0.3,4.6,21.6,64.17,1.58,318.13,0.0,0.0
2024-03-22 05:00:00,70.34,113.09,23.25,8.98,0.15,9.66,20.85,65.39,1.39,310.04,0.0,0.0
2024-03-22 06:00:00,62.19,110.74,39.31,9.12,0.45,4.58,20.47,67.6,0.61,262.24,0.0,0.0
2024-03-22 07:00:00,67.52,113.38,39.73,6.49,0.67,7.63,22.63,65.05,0.57,187.65,0.0,0.0
2024-03-22 08:00:00,62.93,125.27,39.56,19.1,0.55,43.26,26.33,54.87,0.64,121.76,0.0,57.85
2024-03-22 09:00:00,61.18,140.68,31.84,29.71,0.42,69.78,29.04,47.05,0.76,206.5,0.0,479.62
2024-03-22 10:00:00,64.75,129.51,35.11,26.55,0.53,86.5,31.78,39.88,0.86,168.35,0.0,683.28
2024-03-22 11:00:00,61.61,133.77,23.33,18.83,0.2,97.54,34.49,32.72,0.74,245.74,0.0,800.95
2024-03-22 12:00:00,54.76,101.68,26.05,17.32,0.14,104.64,36.65,27.03,0.44,263.33,0.0,802.95
2024-03-22 13:00:00,55.84,104.08,20.69,15.7,0.13,109.5,37.39,25.26,0.94,277.06,0.0,713.4
2024-03-22 14:00:00,51.47,102.98,14.88,15.36,0.27,112.36,37.8,25.17,0.91,17.82,0.0,525.2
2024-03-22 15:00:00,46.31,83.94,13.26,15.3,0.32,118.46,37.53,24.9,0.9,43.66,0.0,291.05
2024-03-22 16:00:00,42.82,74.08,17.59,56.76,0.4,117.19,36.55,26.19,1.01,113.98,0.0,2.25
2024-03-22 17:00:00,43.83,84.79,75.26,69.4,1.32,74.95,34.9,28.46,1.09,110.29,0.0,0.0
2024-03-22 18:00:00,45.84,110.2,135.88,64.01,3.12,17.0,31.87,33.76,0.98,148.38,0.0,0.0
2024-03-22 19:00:00,61.68,157.7,116.32,43.24,2.37,15.06,29.32,38.17,1.1,271.86,0.0,0.0
2024-03-22 20:00:00,79.78,180.92,105.22,26.9,2.22,5.73,27.4,47.71,1.36,311.02,0.0,0.0
2024-03-22 21:00:00,85.21,178.66,86.48,14.88,1.92,2.27,26.07,56.62,1.28,249.74,0.0,0.0
2024-03-22 22:00:00,84.86,186.98,98.58,18.46,2.6,2.69,26.2,50.98,1.0,306.97,0.0,0.0
2024-03-22 23:00:00,83.96,188.0,91.35,25.51,2.19,3.27,25.28,52.7,1.07,322.21,0.0,0.0
2024-03-23 00:00:00,90.9,191.34,69.48,22.92,1.32,4.53,23.96,61.01,0.88,286.17,0.0,0.0
2024-03-23 01:00:00,80.18,182.89,48.42,17.72,0.93,9.6,23.1,65.32,1.01,297.6,0.0,0.0
2024-03-23 02:00:00,77.81,160.6,51.57,23.68,1.0,11.01,22.87,63.78,1.06,288.45,0.0,0.0
2024-03-23 03:00:00,82.25,152.5,32.96,14.21,0.52,11.18,21.5,75.14,1.38,305.64,0.0,0.0
2024-03-23 04:00:00,80.15,144.56,25.44,11.68,0.38,17.2,21.12,76.0,1.22,301.5,0.0,0.0
2024-03-23 05:00:00,79.2,128.85,22.2,11.57,0.35,21.66,20.42,75.56,1.4,308.01,0.0,0.0
2024-03-23 06:00:00,71.8,123.52,24.66,14.16,0.5,21.2,20.43,73.46,1.04,317.32,0.0,0.0
2024-03-23 07:00:00,73.56,130.82,31.87,11.9,0.65,20.22,22.72,64.55,0.98,249.89,0.0,0.1
2024-03-23 08:00:00,74.92,127.99,40.72,21.37,0.86,46.3,26.02,55.2,0.81,262.69,0.0,33.88
2024-03-23 09:00:00,81.69,140.49,44.22,23.26,0.83,68.5,29.79,47.29,0.76,181.56,0.0,457.6
2024-03-23 10:00:00,80.57,155.32,31.73,23.73,0.6,90.32,32.22,40.04,1.04,183.86,0.0,644.85
2024-03-23 11:00:00,75.65,146.68,30.61,27.25,0.6,109.82,34.9,35.37,0.88,198.28,0.0,746.2
2024-03-23 12:00:00,78.76,142.29,24.31,31.18,0.41,127.75,37.17,29.98,0.78,199.8,0.0,756.88
2024-03-23 13:00:00,69.76,135.73,26.43,25.98,0.4,127.0,38.94,25.08,0.7,205.81,0.0,676.32
2024-03-23 14:00:00,59.68,137.29,19.58,22.08,0.24,132.73,38.99,23.86,0.88,166.39,0.0,453.9
2024-03-23 15:00:00,59.0,141.84,15.09,16.61,0.21,132.13,38.31,24.71,0.9,94.43,0.0,170.65
2024-03-23 16:00:00,57.72,131.09,29.05,16.43,0.42,120.45,37.63,25.73,0.76,94.68,0.0,6.12
2024-03-23 17:00:00,54.18,123.9,52.08,17.74,0.86,89.96,35.55,29.05,0.94,189.12,0.0,0.0
2024-03-23 18:00:00,60.4,119.82,150.52,16.97,3.17,8.13,32.54,34.58,1.14,227.53,0.0,0.0
2024-03-23 19:00:00,72.55,150.49,132.72,16.65,4.13,3.14,29.81,39.34,1.14,182.59,0.0,0.0
2024-03-23 20:00:00,79.05,181.46,118.86,10.57,2.96,0.25,27.87,46.38,1.08,322.37,0.0,0.0
2024-03-23 21:00:00,80.48,185.76,95.16,9.1,2.48,1.09,26.73,54.85,0.9,240.26,0.0,0.0
2024-03-23 22:00:00,87.26,195.57,83.6,8.41,4.49,0.0,26.32,55.35,0.91,236.58,0.0,0.0
2024-03-23 23:00:00,96.09,227.2,87.12,13.48,2.16,0.08,26.06,51.16,1.06,198.68,0.0,0.0
2024-03-24 00:00:00,97.94,210.04,84.52,25.8,1.44,4.79,25.06,51.48,1.2,303.46,0.0,0.0
2024-03-24 01:00:00,100.69,220.01,53.7,29.91,1.11,13.34,24.36,51.71,1.42,308.28,0.0,0.0
2024-03-24 02:00:00,104.76,216.96,50.86,38.93,0.69,14.98,23.86,51.06,0.98,257.24,0.0,0.0
2024-03-24 03:00:00,112.1,214.9,40.94,25.09,0.58,11.68,22.98,60.28,1.13,283.6,0.0,0.0
2024-03-24 04:00:00,110.18,202.91,42.27,24.75,0.44,14.32,22.97,56.83,0.88,274.95,0.0,0.0
2024-03-24 05:00:00,103.11,183.76,46.67,27.32,0.5,8.65,22.68,55.48,0.73,250.44,0.0,0.0
2024-03-24 06:00:00,92.17,181.2,45.68,20.4,0.59,3.25,21.96,65.34,0.92,318.31,0.0,0.0
2024-03-24 07:00:00,110.37,175.6,45.79,20.07,1.02,4.39,23.69,64.98,0.65,253.76,0.0,0.0
2024-03-24 08:00:00,113.32,186.68,54.8,33.35,0.8,47.07,27.71,47.9,1.05,49.23,0.0,25.6
2024-03-24 09:00:00,107.2,196.86,58.92,32.04,0.86,100.54,31.32,38.45,0.84,120.55,0.0,369.55
2024-03-24 10:00:00,104.8,197.57,51.33,27.62,0.81,145.14,33.94,35.59,0.87,126.41,0.0,561.25
2024-03-24 11:00:00,108.28,203.94,30.44,20.24,0.35,118.36,36.94,32.92,0.97,154.84,0.0,731.38
2024-03-24 12:00:00,95.26,175.33,19.98,13.5,0.1,92.5,38.72,26.83,1.36,195.44,0.0,771.18
2024-03-24 13:00:00,72.5,137.0,17.14,11.88,0.05,98.73,39.54,24.68,0.74,189.64,0.0,716.12
2024-03-24 14:00:00,59.7,100.54,18.14,11.4,0.07,100.55,39.42,24.69,1.27,189.66,0.0,441.48
2024-03-24 15:00:00,58.07,91.27,17.4,8.25,0.01,102.47,39.14,25.1,1.07,200.68,0.0,249.1
2024-03-24 16:00:00,48.91,86.18,26.02,11.21,0.21,92.76,38.39,26.19,0.84,206.09,0.0,3.85
2024-03-24 17:00:00,53.53,82.02,41.97,11.03,0.5,75.37,36.63,29.65,0.45,175.28,0.0,0.0
2024-03-24 18:00:00,58.4,86.14,85.04,11.24,1.72,31.02,33.03,36.53,0.91,243.75,0.0,0.0
2024-03-24 19:00:00,63.85,106.9,106.76,13.14,2.53,8.29,30.84,41.89,1.27,260.92,0.0,0.0
2024-03-24 20:00:00,87.98,146.35,100.97,22.44,1.64,18.65,31.6,40.98,0.9,193.74,0.0,0.0
2024-03-24 21:00:00,125.08,175.65,84.31,27.87,1.87,28.2,32.38,42.78,1.72,172.27,0.0,0.0
2024-03-24 22:00:00,147.09,219.7,50.51,14.02,1.32,35.33,30.58,47.86,1.14,235.58,0.0,0.0
2024-03-24 23:00:00,127.22,185.86,35.27,24.04,0.84,40.36,30.02,49.1,1.15,200.73,0.0,0.0
2024-03-25 00:00:00,99.32,144.06,21.33,30.99,0.75,41.8,29.17,52.18,1.15,284.05,0.0,0.0
2024-03-25 01:00:00,76.46,126.98,19.2,30.36,0.83,39.36,28.19,53.6,0.8,217.2,0.0,0.0
2024-03-25 02:00:00,77.55,114.43,19.02,31.15,0.95,34.46,27.64,54.62,0.46,195.87,0.0,0.0
2024-03-25 03:00:00,91.55,135.82,19.48,31.94,1.02,26.0,26.75,57.53,0.68,258.63,0.0,0.0
2024-03-25 04:00:00,126.94,188.39,17.23,27.3,0.72,26.17,26.44,58.22,0.64,138.16,0.0,0.0
2024-03-25 05:00:00,91.13,140.68,13.84,23.82,0.49,35.29,26.66,56.86,0.67,156.94,0.0,0.0
2024-03-25 06:00:00,79.3,126.91,17.02,22.07,0.6,32.37,25.98,59.15,0.97,230.4,0.0,0.0
2024-03-25 07:00:00,75.44,110.92,14.94,22.1,0.57,31.49,26.52,60.72,1.09,252.05,0.0,0.0
2024-03-25 08:00:00,67.79,109.76,18.42,20.99,0.71,52.83,29.42,52.92,0.71,79.38,0.0,20.48
2024-03-25 09:00:00,68.5,119.48,17.6,19.3,0.68,76.94,32.52,46.26,0.82,183.84,0.0,413.9
2024-03-25 10:00:00,71.02,117.84,12.49,15.05,0.45,82.0,35.78,39.42,0.74,216.77,0.0,609.17
2024-03-25 11:00:00,68.7,107.08,9.12,13.15,0.27,86.57,38.3,32.27,0.84,239.57,0.0,725.2
2024-03-25 12:00:00,52.6,95.91,10.76,15.58,0.23,94.12,39.42,29.71,0.75,251.53,0.0,728.62
2024-03-25 13:00:00,48.28,88.1,8.95,15.27,0.26,97.0,39.22,29.53,0.76,269.84,0.0,320.6
2024-03-25 14:00:00,54.13,88.84,7.03,15.15,0.24,102.0,39.49,30.13,0.83,150.13,0.0,405.28
2024-03-25 15:00:00,53.89,95.52,9.66,14.26,0.27,101.85,39.45,30.11,0.88,141.18,0.0,260.42
2024-03-25 16:00:00,48.1,89.22,12.44,11.7,0.28,95.49,36.89,34.64,1.97,167.8,0.0,3.08
2024-03-25 17:00:00,47.0,84.78,15.2,11.24,0.34,84.66,34.82,37.48,1.71,165.92,0.0,0.0
2024-03-25 18:00:00,48.5,81.9,24.86,10.22,0.53,62.93,32.63,42.97,0.99,124.8,0.0,0.0
2024-03-25 19:00:00,49.8,84.94,24.01,10.32,0.53,64.47,30.78,49.48,1.63,174.3,0.0,0.0
2024-03-25 20:00:00,56.22,81.92,18.3,10.53,0.43,55.25,29.85,51.55,1.01,306.79,0.0,0.0
2024-03-25 21:00:00,58.46,80.84,14.83,12.58,0.38,63.75,29.76,49.77,0.66,286.15,0.0,0.0
2024-03-25 22:00:00,48.12,70.47,13.35,15.19,0.32,61.76,29.0,49.92,0.87,333.62,0.0,0.0
2024-03-25 23:00:00,44.45,70.28,12.56,14.21,0.3,52.56,27.13,56.99,1.24,308.18,0.0,0.0
2024-03-26 00:00:00,48.33,76.31,15.31,18.5,0.42,49.68,26.68,56.8,1.24,298.44,0.0,0.0
2024-03-26 01:00:00,47.21,72.87,17.25,21.2,0.43,45.47,26.67,57.32,1.13,301.12,0.0,0.0
2024-03-26 02:00:00,49.47,78.59,13.48,22.12,0.4,39.94,25.96,60.06,0.68,176.12,0.0,0.0
2024-03-26 03:00:00,51.8,86.98,13.33,24.68,0.48,39.74,25.79,59.26,0.91,282.12,0.0,0.0
2024-03-26 04:00:00,52.63,77.62,16.98,23.62,0.59,29.4,24.61,64.16,1.16,257.22,0.0,0.0
2024-03-26 05:00:00,51.42,79.99,13.22,19.57,0.48,27.65,23.14,70.61,1.33,308.39,0.0,0.0
2024-03-26 06:00:00,51.36,81.47,17.82,16.46,0.5,16.46,22.84,73.76,0.86,158.23,0.0,0.0
2024-03-26 07:00:00,48.22,84.6,20.88,14.97,0.6,16.12,24.84,69.37,1.36,312.95,0.0,0.0
2024-03-26 08:00:00,51.72,83.75,22.58,27.29,0.86,50.65,28.32,55.93,1.25,334.67,0.0,10.75
2024-03-26 09:00:00,57.21,102.54,30.26,38.7,1.01,73.54,31.21,48.7,0.84,242.15,0.0,444.12
2024-03-26 10:00:00,65.53,112.73,28.91,37.45,0.9,96.24,33.34,44.31,0.75,128.06,0.0,635.22
2024-03-26 11:00:00,64.02,114.65,24.95,31.42,0.72,106.44,35.95,37.94,1.06,110.76,0.0,747.25
2024-03-26 12:00:00,67.62,108.97,14.76,29.4,0.5,106.88,38.12,31.83,1.07,168.75,0.0,768.25
2024-03-26 13:00:00,56.07,98.33,17.46,18.6,0.52,100.86,39.36,28.59,0.8,175.89,0.0,643.7
2024-03-26 14:00:00,50.66,100.02,19.74,17.2,0.54,96.56,39.79,27.96,0.69,226.15,0.0,415.55
2024-03-26 15:00:00,50.65,99.81,17.42,18.15,0.45,102.99,38.79,28.3,1.38,212.31,0.0,209.58
2024-03-26 16:00:00,56.12,90.08,11.07,18.86,0.47,110.06,37.76,30.51,0.95,17.45,0.0,6.3
2024-03-26 17:00:00,50.25,88.98,30.11,47.49,0.66,99.62,36.37,32.75,0.63,60.25,0.0,0.0
2024-03-26 18:00:00,55.62,92.96,53.16,65.25,1.15,76.35,34.0,36.12,0.9,142.35,0.0,0.0
2024-03-26 19:00:00,58.24,107.56,77.88,53.79,1.72,34.0,31.4,41.56,1.28,299.42,0.0,0.0
2024-03-26 20:00:00,63.76,129.93,115.21,43.8,3.04,4.18,30.74,43.72,0.96,209.19,0.0,0.0
2024-03-26 21:00:00,78.98,160.97,111.0,39.15,2.83,7.16,30.34,45.07,0.82,210.88,0.0,0.0
2024-03-26 22:00:00,82.58,178.36,97.57,31.56,2.7,6.39,29.85,47.57,1.0,221.7,0.0,0.0
2024-03-26 23:00:00,86.52,184.92,56.5,28.25,1.6,24.53,29.67,49.67,1.32,243.78,0.0,0.0
2024-03-27 00:00:00,83.16,167.34,25.72,38.48,0.76,48.06,28.84,54.0,1.15,313.47,0.0,0.0
2024-03-27 01:00:00,82.8,161.51,25.41,33.93,0.72,43.9,27.97,56.67,0.89,131.65,0.0,0.0
2024-03-27 02:00:00,86.43,153.39,25.08,31.21,0.61,43.03,27.99,55.95,0.93,111.37,0.0,0.0
2024-03-27 03:00:00,87.22,151.69,22.64,32.92,0.48,48.52,27.73,57.68,0.96,107.96,0.0,0.0
2024-03-27 04:00:00,78.85,131.27,20.52,32.95,0.53,40.47,26.66,60.3,0.6,156.65,0.0,0.0
2024-03-27 05:00:00,71.31,115.76,21.36,28.44,0.47,28.41,26.06,61.58,0.57,290.3,0.0,0.0
2024-03-27 06:00:00,71.58,120.88,31.43,24.86,0.71,13.37,25.74,63.58,0.72,281.21,0.0,0.0
2024-03-27 07:00:00,70.68,116.34,38.17,33.73,0.73,20.84,27.62,58.79,0.73,136.21,0.0,0.0
2024-03-27 08:00:00,72.05,120.72,33.52,57.68,0.64,40.26,29.72,52.35,1.54,168.27,0.0,10.18
2024-03-27 09:00:00,78.65,120.54,28.83,45.68,0.64,54.49,31.97,47.98,1.38,167.5,0.0,413.15
2024-03-27 10:00:00,70.89,120.56,26.71,36.04,0.64,73.05,34.28,42.7,1.6,183.6,0.0,601.17
2024-03-27 11:00:00,60.15,115.43,21.05,23.15,0.42,78.95,36.47,37.87,1.52,173.36,0.0,713.98
2024-03-27 12:00:00,55.35,104.12,18.75,16.45,0.33,84.35,38.08,34.12,1.11,193.89,0.0,733.6
2024-03-27 13:00:00,50.94,104.21,19.72,15.52,0.32,88.71,38.9,32.1,1.47,186.5,0.0,667.68
2024-03-27 14:00:00,48.4,102.32,18.4,11.39,0.3,94.22,39.6,30.24,1.19,207.52,0.0,511.65
2024-03-27 15:00:00,45.09,104.0,23.58,13.2,0.34,91.84,39.42,29.34,1.35,182.18,0.0,291.58
2024-03-27 16:00:00,42.68,97.77,33.02,9.2,0.53,84.1,38.83,29.67,1.19,179.87,0.0,0.25
2024-03-27 17:00:00,46.61,87.81,50.2,10.86,0.86,66.88,37.51,32.37,1.43,169.9,0.0,0.0
2024-03-27 18:00:00,48.78,97.14,77.31,12.04,1.52,33.33,34.91,36.1,1.03,190.48,0.0,0.0
2024-03-27 19:00:00,50.7,100.48,101.35,11.46,2.09,9.02,32.52,39.43,1.06,309.15,0.0,0.0
2024-03-27 20:00:00,53.7,102.56,85.96,19.95,1.82,16.35,31.5,40.69,0.98,252.44,0.0,0.0
2024-03-27 21:00:00,58.6,112.77,94.65,18.08,1.99,10.94,30.97,41.66,0.96,100.49,0.0,0.0
2024-03-27 22:00:00,59.82,113.05,44.04,15.47,0.73,44.33,29.98,43.91,1.3,285.13,0.0,0.0
2024-03-27 23:00:00,58.52,110.6,39.12,11.82,0.64,17.98,28.16,53.75,1.29,312.52,0.0,0.0
2024-03-28 00:00:00,59.23,110.25,30.3,13.91,0.62,14.7,27.15,61.48,1.42,306.4,0.0,0.0
2024-03-28 01:00:00,51.43,105.46,27.24,14.05,0.63,12.63,26.4,64.14,1.3,308.92,0.0,0.0
2024-03-28 02:00:00,52.76,102.74,30.18,13.57,0.71,9.11,26.38,62.53,1.06,311.78,0.0,0.0
2024-03-28 03:00:00,59.58,105.67,29.89,13.46,0.68,3.29,25.72,68.68,1.36,308.58,0.0,0.0
2024-03-28 04:00:00,61.87,109.72,32.42,15.12,0.77,2.73,25.2,67.43,0.93,215.74,0.0,0.0
2024-03-28 05:00:00,56.08,101.0,32.55,15.74,0.77,2.75,24.75,70.37,1.22,297.48,0.0,0.0
2024-03-28 06:00:00,58.24,105.14,34.07,14.84,0.86,0.54,24.7,70.97,1.28,297.72,0.0,0.0
2024-03-28 07:00:00,55.26,112.04,47.32,11.4,1.23,7.05,27.38,62.51,0.87,128.9,0.0,0.0
2024-03-28 08:00:00,61.59,134.91,40.68,34.56,0.9,40.02,30.57,47.12,1.59,164.98,0.0,7.6
2024-03-28 09:00:00,63.47,150.98,29.45,28.02,0.79,55.92,33.4,43.45,1.49,168.56,0.0,441.92
2024-03-28 10:00:00,61.23,125.86,27.27,24.61,0.74,73.7,36.0,39.04,1.01,222.71,0.0,617.62
2024-03-28 11:00:00,58.7,130.53,25.18,18.85,0.55,72.76,38.16,34.4,1.04,204.35,0.0,724.85
2024-03-28 12:00:00,56.03,114.67,22.66,13.96,0.52,82.0,39.33,31.3,1.34,199.45,0.0,728.08
2024-03-28 13:00:00,52.18,106.25,24.81,10.66,0.5,93.22,40.17,29.54,1.0,212.48,0.0,535.88
2024-03-28 14:00:00,51.43,100.12,25.74,8.09,0.54,93.74,40.53,28.83,1.47,173.02,0.0,467.82
2024-03-28 15:00:00,51.31,109.21,26.29,8.24,0.54,94.47,40.81,28.19,1.17,185.02,0.0,251.08
2024-03-28 16:00:00,53.68,93.19,30.28,10.63,0.68,87.28,40.12,29.22,0.47,216.51,0.0,0.0
2024-03-28 17:00:00,49.64,102.72,47.55,10.48,0.97,66.58,38.9,30.67,1.03,172.65,0.0,0.0
2024-03-28 18:00:00,48.57,107.89,104.68,9.59,2.41,16.4,35.49,36.61,0.81,86.92,0.0,0.0
2024-03-28 19:00:00,68.6,119.3,110.51,11.13,4.22,3.26,33.2,41.31,1.24,57.67,0.0,0.0
2024-03-28 20:00:00,71.02,159.94,109.16,14.83,3.75,0.0,32.08,43.3,1.16,186.03,0.0,0.0
2024-03-28 21:00:00,85.17,197.82,105.79,12.28,4.33,0.04,31.31,44.75,0.97,239.9,0.0,0.0
2024-03-28 22:00:00,102.71,201.24,94.63,12.15,2.76,7.76,31.26,44.18,0.89,270.78,0.0,0.0
2024-03-28 23:00:00,90.0,183.99,34.18,20.94,0.67,36.13,31.92,41.78,0.37,249.76,0.0,0.0
2024-03-29 00:00:00,76.41,158.57,19.56,32.92,0.27,44.01,31.01,42.17,0.9,255.0,0.0,0.0
2024-03-29 01:00:00,68.05,135.89,35.31,37.0,0.38,30.49,29.51,45.62,0.57,180.1,0.0,0.0
2024-03-29 02:00:00,60.72,126.86,20.96,29.44,0.3,35.85,28.94,46.02,0.75,248.87,0.0,0.0
2024-03-29 03:00:00,53.58,117.58,23.64,25.72,0.35,31.69,28.18,47.7,0.64,76.11,0.0,0.0
2024-03-29 04:00:00,56.48,115.61,27.77,27.22,0.35,27.42,27.88,47.96,0.58,127.1,0.0,0.0
2024-03-29 05:00:00,55.19,111.24,20.8,23.0,0.3,30.38,27.1,50.92,0.95,244.95,0.0,0.0
2024-03-29 06:00:00,58.28,110.17,26.39,17.4,0.54,12.83,26.4,60.14,1.34,312.36,0.0,0.0
2024-03-29 07:00:00,62.54,117.14,28.78,14.52,0.57,24.85,27.92,54.57,1.03,265.22,0.0,0.0
2024-03-29 08:00:00,62.01,116.75,46.6,15.48,0.97,43.78,31.33,46.7,1.21,153.14,0.0,10.05
2024-03-29 09:00:00,64.96,139.51,62.91,29.49,1.22,75.33,33.89,42.91,1.43,163.82,0.0,355.92
2024-03-29 10:00:00,86.72,167.98,35.58,26.41,0.67,95.39,37.27,35.88,0.7,183.5,0.0,552.28
2024-03-29 11:00:00,80.16,162.25,24.34,19.8,0.37,94.58,40.28,29.11,0.88,197.7,0.0,643.6
2024-03-29 12:00:00,75.5,152.05,21.88,16.73,0.26,98.76,41.77,27.05,1.21,119.89,0.0,661.65
2024-03-29 13:00:00,71.31,137.5,13.9,15.75,0.1,105.25,41.65,26.45,1.04,166.48,0.0,480.98
2024-03-29 14:00:00,69.0,119.46,25.6,18.09,0.31,108.32,41.9,26.74,0.87,144.48,0.0,317.27
2024-03-29 15:00:00,65.68,121.14,22.54,17.96,0.23,109.43,41.11,27.35,0.85,113.52,0.0,76.38
2024-03-29 16:00:00,65.04,111.11,25.67,15.99,0.31,95.18,40.37,28.27,0.66,284.6,0.0,2.75
2024-03-29 17:00:00,64.42,111.07,90.71,14.1,1.5,37.63,37.98,34.72,0.79,123.98,0.0,0.0
2024-03-29 18:00:00,78.86,117.2,72.55,9.53,1.39,42.11,36.02,36.85,0.81,314.77,0.0,0.0
2024-03-29 19:00:00,77.85,130.92,120.14,10.41,3.25,5.74,34.4,39.92,1.18,166.94,0.0,0.0
2024-03-29 20:00:00,89.56,150.34,53.42,6.55,1.35,56.54,32.62,44.37,1.48,225.42,0.0,0.0
2024-03-29 21:00:00,84.89,183.56,20.18,5.98,0.24,87.35,31.95,44.96,1.23,310.69,0.0,0.0
2024-03-29 22:00:00,76.64,137.47,45.11,11.86,0.68,56.3,31.42,47.68,1.22,248.68,0.0,0.0
2024-03-29 23:00:00,67.41,118.48,7.62,10.12,0.06,75.4,29.98,50.44,1.43,329.77,0.0,0.0
2024-03-30 00:00:00,64.66,100.19,7.55,10.68,0.25,69.99,30.43,48.31,1.13,241.46,0.0,0.0
2024-03-30 01:00:00,53.92,93.86,11.44,14.82,0.3,59.72,29.36,51.54,0.98,313.98,0.0,0.0
2024-03-30 02:00:00,50.59,89.87,12.06,14.58,0.29,53.04,28.53,56.29,1.18,301.94,0.0,0.0
2024-03-30 03:00:00,53.37,89.07,10.92,13.25,0.31,42.13,27.63,59.3,0.98,250.11,0.0,0.0
2024-03-30 04:00:00,51.66,86.88,19.79,13.85,0.46,27.41,27.41,59.63,0.68,243.36,0.0,0.0
2024-03-30 05:00:00,51.62,87.65,19.28,14.52,0.43,21.01,27.33,62.63,0.84,233.17,0.0,0.0
2024-03-30 06:00:00,55.0,93.46,18.44,14.76,0.38,21.84,27.28,61.13,0.96,249.83,0.0,0.0
2024-03-30 07:00:00,53.92,90.53,20.6,13.47,0.46,29.4,28.49,58.26,0.89,189.8,0.0,0.0
2024-03-30 08:00:00,54.34,93.92,29.68,23.11,0.68,49.42,31.29,51.12,1.01,84.82,0.0,9.62
2024-03-30 09:00:00,57.31,105.38,23.46,17.53,0.6,76.5,33.78,43.46,0.93,84.6,0.0,354.45
2024-03-30 10:00:00,57.5,109.91,30.58,50.25,0.63,88.16,35.91,38.52,1.15,140.19,0.0,524.83
2024-03-30 11:00:00,60.12,101.12,33.16,72.19,0.59,97.22,37.39,35.51,1.27,150.3,0.0,619.4
2024-03-30 12:00:00,76.2,109.95,19.94,52.36,0.38,118.34,38.58,33.8,0.87,106.17,0.0,649.7
2024-03-30 13:00:00,63.72,108.31,20.23,29.35,0.42,119.46,39.32,32.79,0.96,117.68,0.0,577.85
2024-03-30 14:00:00,59.09,100.82,28.85,26.06,0.51,116.58,39.41,32.55,0.82,143.62,0.0,331.3
2024-03-30 15:00:00,56.15,105.01,15.86,25.47,0.36,127.76,39.2,33.36,0.86,98.37,0.0,155.2
2024-03-30 16:00:00,55.61,98.12,15.98,27.95,0.36,126.98,38.49,35.01,0.9,77.27,0.0,5.7
2024-03-30 17:00:00,56.04,92.88,21.78,32.9,0.51,115.99,37.12,37.33,1.1,102.67,0.0,0.0
2024-03-30 18:00:00,62.53,103.91,43.71,83.74,0.82,80.24,34.83,41.8,1.08,302.0,0.0,0.0
2024-03-30 19:00:00,67.1,109.84,74.34,102.11,1.23,55.82,33.2,48.45,0.98,130.57,0.6,0.0
2024-03-30 20:00:00,74.73,122.09,36.78,22.42,0.52,53.91,24.8,87.25,0.9,204.99,0.95,0.0
2024-03-30 21:00:00,73.16,126.82,56.85,22.33,1.24,37.97,26.84,74.12,0.94,119.4,0.0,0.0
2024-03-30 22:00:00,70.76,119.25,52.49,22.86,1.02,39.81,27.52,70.65,0.96,96.95,0.0,0.0
2024-03-30 23:00:00,70.64,119.26,36.18,21.82,0.69,48.79,27.17,71.56,0.98,178.07,0.0,0.0
2024-03-31 00:00:00,69.1,110.61,15.81,15.2,0.42,49.69,27.43,70.27,0.95,217.72,0.0,0.0
2024-03-31 01:00:00,88.13,160.39,9.38,16.29,0.31,68.13,27.18,67.06,1.27,247.76,0.0,0.0
2024-03-31 02:00:00,88.17,129.55,8.98,14.86,0.34,58.82,27.28,67.18,0.64,243.0,0.0,0.0
2024-03-31 03:00:00,63.26,101.94,12.83,13.08,0.44,38.41,26.5,72.1,0.78,253.7,0.0,0.0
2024-03-31 04:00:00,62.55,96.32,14.62,12.53,0.47,28.27,25.4,76.8,1.35,307.49,0.0,0.0
2024-03-31 05:00:00,67.74,98.95,23.94,11.65,0.54,17.92,25.12,79.64,0.71,166.16,0.0,0.0
2024-03-31 06:00:00,65.9,99.31,20.19,10.26,0.5,11.66,24.91,81.68,0.55,194.79,0.0,0.0
2024-03-31 07:00:00,68.22,97.38,29.22,7.19,0.7,11.21,26.83,76.36,0.92,146.7,0.0,0.0
2024-03-31 08:00:00,68.44,102.23,16.73,14.34,0.54,42.24,28.97,66.06,1.11,180.2,0.0,17.58
2024-03-31 09:00:00,58.41,94.82,7.69,11.77,0.38,59.74,29.9,59.84,1.31,261.61,0.0,158.4
2024-03-31 10:00:00,59.49,89.96,10.18,12.87,0.42,77.66,32.69,52.54,0.79,140.47,0.0,589.83
2024-03-31 11:00:00,56.22,90.96,20.1,16.45,0.47,94.0,35.55,43.23,1.01,206.34,0.0,699.4
2024-03-31 12:00:00,58.14,88.09,19.98,25.78,0.44,103.61,36.81,39.92,1.7,164.52,0.0,719.5
2024-03-31 13:00:00,59.21,91.04,16.44,16.61,0.36,101.36,37.35,38.22,1.78,180.43,0.0,656.68
2024-03-31 14:00:00,61.5,89.4,13.93,9.64,0.34,99.7,37.62,38.28,1.74,178.36,0.0,487.7
2024-03-31 15:00:00,54.22,82.9,15.68,5.95,0.36,104.28,37.3,38.62,1.91,173.46,0.0,271.52
2024-03-31 16:00:00,50.18,81.4,22.03,8.89,0.45,98.08,36.68,39.94,1.9,165.8,0.0,4.97
2024-03-31 17:00:00,52.73,82.44,33.06,9.59,0.62,83.98,35.81,41.13,1.7,169.88,0.0,0.0
2024-03-31 18:00:00,52.43,93.6,43.05,13.33,0.97,67.89,34.72,42.96,1.54,171.49,0.0,0.0
2024-03-31 19:00:00,79.67,115.9,55.38,13.27,1.18,42.94,33.3,47.02,1.44,174.96,0.0,0.0
2024-03-31 20:00:00,84.44,122.78,79.06,10.09,1.58,23.57,31.44,51.84,1.11,279.44,0.0,0.0
2024-03-31 21:00:00,81.04,128.2,77.39,9.04,1.68,23.61,30.99,52.28,0.79,231.71,0.0,0.0
2024-03-31 22:00:00,76.2,125.8,44.26,9.43,0.94,33.34,30.34,54.4,0.92,308.58,0.0,0.0
2024-03-31 23:00:00,78.31,130.97,60.39,11.59,1.36,10.19,29.57,57.38,0.9,237.45,0.0,0.0
2024-04-01 00:00:00,73.79,139.86,48.62,13.62,1.07,10.35,28.23,62.62,1.0,210.55,0.0,0.0
2024-04-01 01:00:00,76.59,133.6,47.68,11.08,0.93,4.79,27.15,68.86,1.25,293.34,0.0,0.0
2024-04-01 02:00:00,86.37,134.72,40.17,14.31,0.77,8.99,26.78,66.7,0.72,192.26,0.0,0.0
2024-04-01 03:00:00,88.41,141.38,36.56,17.42,0.81,12.25,26.17,65.54,0.71,170.34,0.0,0.0
2024-04-01 04:00:00,80.03,138.23,33.15,15.88,0.57,11.17,25.47,66.32,1.3,318.17,0.0,0.0
2024-04-01 05:00:00,73.46,126.08,28.48,10.74,0.44,5.74,24.68,74.96,1.38,311.33,0.0,0.0
2024-04-01 06:00:00,73.67,121.46,30.49,15.91,0.44,16.24,24.7,64.05,1.28,309.3,0.0,0.0
2024-04-01 07:00:00,65.27,113.04,29.43,9.66,0.5,17.68,26.96,59.7,1.38,316.24,0.0,0.0
2024-04-01 08:00:00,47.724031938336786,98.2709727044994,22.680115143041164,16.855077002728958,0.6925347109208515,38.52080639567355,,,,,,
2024-04-01 09:00:00,47.724031938336786,98.2709727044994,22.680115143041164,16.855077002728958,0.6925347109208515,38.52080639567355,,,,,,
2024-04-01 10:00:00,47.724031938336786,98.2709727044994,22.680115143041164,16.855077002728958,0.6925347109208515,38.52080639567355,,,,,,
2024-04-01 11:00:00,47.724031938336786,98.2709727044994,22.680115143041164,16.855077002728958,0.6925347109208515,38.52080639567355,,,,,,
2024-04-01 12:00:00,47.724031938336786,98.2709727044994,22.680115143041164,16.855077002728958,0.6925347109208515,38.52080639567355,,,,,,
2024-04-01 13:00:00,47.724031938336786,98.2709727044994,22.680115143041164,16.855077002728958,0.6925347109208515,38.52080639567355,,,,,,
2024-04-01 14:00:00,47.724031938336786,98.2709727044994,22.680115143041164,16.855077002728958,0.6925347109208515,38.52080639567355,,,,,,
2024-04-01 15:00:00,47.724031938336786,98.2709727044994,22.680115143041164,16.855077002728958,0.6925347109208515,38.52080639567355,,,,,,
2024-04-01 16:00:00,47.724031938336786,98.2709727044994,22.680115143041164,16.855077002728958,0.6925347109208515,38.52080639567355,,,,,,
2024-04-01 17:00:00,47.724031938336786,98.2709727044994,22.680115143041164,16.855077002728958,0.6925347109208515,38.52080639567355,,,,,,
2024-04-01 18:00:00,47.724031938336786,98.2709727044994,22.680115143041164,16.855077002728958,0.6925347109208515,38.52080639567355,,,,,,
2024-04-01 19:00:00,47.724031938336786,98.2709727044994,22.680115143041164,16.855077002728958,0.6925347109208515,38.52080639567355,,,,,,
2024-04-01 20:00:00,47.724031938336786,98.2709727044994,22.680115143041164,16.855077002728958,0.6925347109208515,38.52080639567355,,,,,,
2024-04-01 21:00:00,75.48,130.39,34.75,9.37,0.46,43.09,28.29,46.93,1.28,296.59,0.0,0.0
2024-04-01 22:00:00,72.57,126.23,24.23,12.2,0.35,44.64,27.96,44.42,1.18,289.8,0.0,0.0
2024-04-01 23:00:00,59.65,115.8,42.32,13.48,0.73,30.18,27.56,41.41,1.11,250.98,0.0,0.0
2024-04-02 00:00:00,46.17,97.27,25.81,13.12,0.25,43.19,25.98,42.63,1.07,282.88,0.0,0.0
2024-04-02 01:00:00,40.93,91.57,34.15,11.41,0.29,36.76,25.14,43.86,1.09,237.75,0.0,0.0
2024-04-02 02:00:00,41.04,87.74,18.2,14.72,0.16,52.74,24.16,40.65,1.04,289.1,0.0,0.0
2024-04-02 03:00:00,42.0,83.84,16.73,16.23,0.18,48.59,23.5,42.2,1.16,316.76,0.0,0.0
2024-04-02 04:00:00,44.1,84.89,11.64,13.58,0.09,51.04,23.27,43.58,1.27,316.48,0.0,0.0
2024-04-02 05:00:00,43.2,81.84,13.96,13.64,0.11,40.84,22.19,47.83,1.34,314.4,0.0,0.0
2024-04-02 06:00:00,36.19,88.2,27.45,17.69,0.32,33.3,23.17,45.7,1.08,225.09,0.0,0.0
2024-04-02 07:00:00,42.66,74.14,41.69,12.68,0.66,28.5,25.27,46.1,0.86,173.59,0.0,0.0
2024-04-02 08:00:00,52.72,88.64,48.55,17.74,0.76,48.71,28.88,39.08,0.96,217.31,0.0,20.72
2024-04-02 09:00:00,53.22,112.29,36.07,22.9,0.54,78.67,32.54,32.03,0.65,266.5,0.0,514.52
2024-04-02 10:00:00,55.24,131.74,26.11,15.13,0.39,89.59,34.45,29.8,0.72,172.44,0.0,702.72
2024-04-02 11:00:00,54.61,127.56,30.83,12.05,0.43,99.18,36.86,28.18,0.68,195.11,0.0,793.22
2024-04-02 12:00:00,52.7,128.66,19.25,12.36,0.24,98.16,38.67,27.09,0.46,166.31,0.0,802.62
2024-04-02 13:00:00,56.24,113.79,21.83,11.91,0.26,94.52,39.54,26.95,0.93,229.4,0.0,718.6
2024-04-02 14:00:00,55.86,107.79,22.26,11.22,0.24,91.16,40.06,27.26,0.96,247.58,0.0,567.52
2024-04-02 15:00:00,41.36,103.64,21.85,7.92,0.2,91.77,40.04,27.25,0.96,294.79,0.0,323.6
2024-04-02 16:00:00,43.01,91.42,18.86,12.08,0.23,98.0,38.39,29.02,1.17,298.96,0.0,19.2
2024-04-02 17:00:00,43.99,87.21,30.42,13.69,0.45,91.31,36.79,30.19,0.77,306.25,0.0,0.0
2024-04-02 18:00:00,48.08,95.91,69.33,14.53,1.54,52.14,33.74,34.16,0.7,304.68,0.0,0.0
2024-04-02 19:00:00,55.77,108.34,105.32,13.23,2.39,15.64,31.53,37.72,0.95,231.1,0.0,0.0
2024-04-02 20:00:00,72.07,136.56,102.86,8.64,2.2,5.24,29.67,42.8,1.23,304.54,0.0,0.0
2024-04-02 21:00:00,69.65,141.12,65.12,12.56,1.13,16.46,28.12,48.62,1.4,315.22,0.0,0.0
2024-04-02 22:00:00,61.29,137.21,32.91,11.23,0.46,45.02,28.84,40.1,1.22,296.93,0.0,0.0
2024-04-02 23:00:00,53.22,118.29,19.55,13.01,0.14,52.74,28.07,36.81,1.15,288.1,0.0,0.0
2024-04-03 00:00:00,55.26,87.56,9.189227010421485,14.889907358938453,0.13,34.05,26.1,41.03,1.26,290.33,0.0,0.0
2024-04-03 01:00:00,33.61046554720109,75.5672161312151,8.93,8.67,0.13,29.3,25.95,41.73,1.22,323.79,0.0,0.0
2024-04-03 02:00:00,38.22,54.08,42.94,14.12,0.28,11.85,25.52,43.24,0.96,182.33,0.0,0.0
2024-04-03 03:00:00,50.71,74.27,22.25,12.82,0.24,20.43,23.94,52.61,1.19,309.98,0.0,0.0
2024-04-03 04:00:00,43.9,75.97,14.7,13.07,0.21,21.15,23.26,52.14,1.4,312.46,0.0,0.0
2024-04-03 05:00:00,42.78,77.44,18.64,14.87,0.3,16.07,23.22,54.2,1.26,312.97,0.0,0.0
2024-04-03 06:00:00,50.06,96.88,18.14,15.88,0.3,15.06,22.77,55.41,1.33,317.0,0.0,0.0
2024-04-03 07:00:00,58.08,102.29,23.86,13.78,0.42,25.99,24.68,53.22,1.42,332.92,0.0,0.0
2024-04-03 08:00:00,61.63,105.4,24.44,12.53,0.48,45.32,28.58,45.17,1.37,264.58,0.0,41.7
2024-04-03 09:00:00,61.5,109.68,22.24,21.42,0.56,73.52,32.1,39.09,1.35,351.68,0.0,401.68
2024-04-03 10:00:00,53.32,117.26,25.36,105.87,0.55,113.41,35.63,33.13,0.96,125.48,0.0,634.25
2024-04-03 11:00:00,65.76,126.04,33.42,122.64,0.55,125.62,37.82,29.9,0.63,95.06,0.0,731.05
2024-04-03 12:00:00,69.3,127.64,25.9,84.22,0.42,153.75,39.47,28.8,0.79,61.04,0.0,710.68
2024-04-03 13:00:00,65.13,124.06,21.2,52.82,0.33,147.4,39.33,28.84,1.13,26.6,0.0,586.83
2024-04-03 14:00:00,60.1,116.03,22.1,38.5,0.34,139.62,39.46,28.84,0.65,129.67,0.0,336.02
2024-04-03 15:00:00,55.82,115.72,23.76,34.82,0.42,138.99,39.52,28.79,1.38,89.85,0.0,264.45
2024-04-03 16:00:00,58.34,119.42,19.82,29.15,0.42,121.88,38.08,30.94,0.75,224.59,0.0,10.72
2024-04-03 17:00:00,59.4,118.26,29.45,23.34,0.66,93.54,35.98,37.62,0.87,346.94,0.0,0.0
2024-04-03 18:00:00,63.59,121.4,100.99,47.72,1.92,49.57,33.21,40.05,0.94,314.24,0.0,0.0
2024-04-03 19:00:00,62.41,134.36,107.51,51.75,2.12,40.78,31.5,40.15,1.08,306.02,0.0,0.0
2024-04-03 20:00:00,61.98,148.66,80.46,63.1,1.68,42.03,30.8,42.25,1.01,233.42,0.0,0.0
2024-04-03 21:00:00,74.86,169.71,95.46,44.58,2.25,15.6,29.22,47.77,1.11,239.07,0.0,0.0
2024-04-03 22:00:00,81.16,176.13,120.42,26.9,2.97,4.66,28.12,53.87,1.4,311.36,0.0,0.0
2024-04-03 23:00:00,87.37,188.35,79.87,26.48,2.31,8.67,27.46,54.7,0.89,258.68,0.0,0.0
2024-04-04 00:00:00,93.95,190.97,75.8,24.02,1.8,9.37,26.66,57.45,0.94,266.36,0.0,0.0
2024-04-04 01:00:00,90.47,186.54,58.71,29.22,1.11,12.99,25.6,57.7,1.48,308.5,0.0,0.0
2024-04-04 02:00:00,90.7,179.29,35.72,26.36,0.53,25.83,25.28,54.01,1.29,304.56,0.0,0.0
2024-04-04 03:00:00,85.29,159.54,27.3,20.08,0.42,25.06,24.61,57.61,1.44,327.04,0.0,0.0
2024-04-04 04:00:00,82.66,150.94,21.14,20.19,0.26,31.78,24.1,55.38,1.29,304.9,0.0,0.0
2024-04-04 05:00:00,67.83,131.3,19.22,19.47,0.17,30.27,23.62,56.4,1.21,328.12,0.0,0.0
2024-04-04 06:00:00,70.71,126.61,22.32,20.73,0.14,30.46,24.4,51.56,1.31,319.86,0.0,0.0
2024-04-04 07:00:00,60.32,124.55,21.05,18.22,0.2,39.28,26.56,50.5,1.34,333.2,0.0,0.0
2024-04-04 08:00:00,61.04,118.25,12.06,16.62,0.06,59.38,30.2,41.16,1.27,322.68,0.0,22.78
2024-04-04 09:00:00,61.98,116.76,10.91,18.68,0.02,70.78,32.09,37.26,1.5,13.28,0.0,327.1
2024-04-04 10:00:00,47.724031938336786,98.2709727044994,22.680115143041164,16.855077002728958,0.6925347109208515,38.52080639567355,,,,,,
2024-04-04 11:00:00,47.724031938336786,98.2709727044994,22.680115143041164,16.855077002728958,0.6925347109208515,38.52080639567355,,,,,,
2024-04-04 12:00:00,53.08,109.4,29.66,23.08,0.26,116.57,38.65,30.01,1.08,178.17,0.0,700.95
2024-04-04 13:00:00,59.91,108.57,22.34,17.32,0.16,107.84,39.58,29.34,1.26,158.73,0.0,610.2
2024-04-04 14:00:00,56.4,105.16,22.46,12.23,0.12,107.3,39.94,29.28,0.79,156.79,0.0,438.38
2024-04-04 15:00:00,62.06,107.42,26.28,12.87,0.15,100.12,39.81,29.84,0.52,258.93,0.0,169.3
2024-04-04 16:00:00,57.23,101.68,22.83,15.42,0.14,96.74,38.94,30.77,0.81,278.6,0.0,30.02
2024-04-04 17:00:00,49.66,97.15,31.37,13.32,0.68,82.82,37.14,33.43,0.8,279.89,0.0,0.0
2024-04-04 18:00:00,47.8,100.83,68.96,14.77,2.4,40.01,34.14,36.5,1.18,269.33,0.0,0.0
2024-04-04 19:00:00,54.74,109.84,84.72,14.01,6.81,4.27,32.03,40.46,0.96,258.08,0.0,0.0
2024-04-04 20:00:00,74.77,152.28,58.43,15.55,2.4,22.36,30.96,41.74,1.19,302.58,0.0,0.0
2024-04-04 21:00:00,72.95,157.17,28.98,17.21,0.7,26.67,30.06,40.39,1.16,296.29,0.0,0.0
2024-04-04 22:00:00,63.03,131.15,23.23,14.41,0.49,20.22,28.67,42.58,1.29,299.39,0.0,0.0
2024-04-04 23:00:00,47.27,106.96,15.9,15.41,0.37,23.09,27.57,43.19,1.25,308.32,0.0,0.0
2024-04-05 00:00:00,41.76,91.36,15.71,16.52,0.18,24.41,27.18,45.04,1.3,303.37,0.0,0.0
2024-04-05 01:00:00,32.56,86.58,10.8,17.33,0.12,26.76,26.88,46.09,1.16,321.79,0.0,0.0
2024-04-05 02:00:00,40.04,81.88,9.62,20.87,0.11,29.51,26.08,45.7,1.01,273.19,0.0,0.0
2024-04-05 03:00:00,43.36,85.81,19.96,17.66,0.29,21.82,25.15,51.26,0.97,255.81,0.0,0.0
2024-04-05 04:00:00,39.46,85.38,19.72,17.98,0.22,24.77,24.35,49.25,0.77,299.77,0.0,0.0
2024-04-05 05:00:00,41.87,78.38,22.16,15.08,0.34,12.72,23.32,57.73,1.04,295.33,0.0,0.0
2024-04-05 06:00:00,44.71,81.42,48.25,16.2,0.82,3.23,23.76,58.14,0.88,251.81,0.0,0.0
2024-04-05 07:00:00,45.16,99.31,50.06,16.42,0.83,9.25,26.23,52.99,0.58,258.93,0.0,0.0
2024-04-05 08:00:00,51.56,106.76,26.6,32.98,0.31,35.91,29.76,42.72,1.27,264.58,0.0,31.52
2024-04-05 09:00:00,57.98,113.51,26.24,72.49,0.17,36.58,32.66,37.86,1.1,89.58,0.0,501.6
2024-04-05 10:00:00,55.67,115.18,38.36,132.5,0.18,36.15,34.64,35.58,1.1,117.49,0.0,700.98
2024-04-05 11:00:00,56.69,131.42,13.92,25.36,0.15,46.8,37.12,32.95,0.84,232.78,0.0,787.05
2024-04-05 12:00:00,55.59,118.46,22.02,21.56,0.3,56.16,38.59,31.45,0.62,264.47,0.0,774.75
2024-04-05 13:00:00,44.9,105.25,16.05,16.98,0.11,89.1,39.94,29.36,1.18,310.67,0.0,717.98
2024-04-05 14:00:00,40.02,95.22,13.92,13.84,0.1,87.5,40.17,28.68,1.12,294.51,0.0,561.9
2024-04-05 15:00:00,33.15,87.17,16.28,13.31,0.05,87.43,39.87,29.13,1.16,312.39,0.0,264.92
2024-04-05 16:00:00,34.82,77.38,15.27,9.82,0.1,88.02,38.39,29.92,1.21,317.07,0.0,30.4
2024-04-05 17:00:00,37.19,77.75,12.79,15.18,0.12,84.41,36.57,32.28,1.31,318.77,0.0,0.0
2024-04-05 18:00:00,35.79,75.02,39.71,17.19,0.64,59.35,33.76,35.18,1.08,341.03,0.0,0.0
2024-04-05 19:00:00,34.78,80.2,92.08,33.56,2.0,15.96,31.72,37.62,1.27,308.31,0.0,0.0
2024-04-05 20:00:00,38.74,99.12,65.91,23.72,1.32,19.77,29.59,42.66,1.37,314.76,0.0,0.0
2024-04-05 21:00:00,45.61,106.1,31.39,15.14,0.43,38.34,29.71,41.85,1.48,289.04,0.0,0.0
2024-04-05 22:00:00,39.99,104.5,23.84,16.67,0.32,38.23,29.57,40.76,1.31,271.13,0.0,0.0
2024-04-05 23:00:00,36.94,101.05,22.52,15.81,0.29,35.84,28.7,42.36,1.3,286.97,0.0,0.0
2024-04-06 00:00:00,43.22,100.38,22.05,15.07,0.3,40.51,28.08,42.84,1.08,282.21,0.0,0.0
2024-04-06 01:00:00,41.89,88.87,10.84,13.9,0.23,54.23,27.54,42.78,0.96,275.48,0.0,0.0
2024-04-06 02:00:00,39.28,84.56,9.18,13.49,0.24,51.19,26.08,46.34,1.22,292.1,0.0,0.0
2024-04-06 03:00:00,40.8,80.72,10.33,15.19,0.18,57.36,26.17,44.65,1.12,273.11,0.0,0.0
2024-04-06 04:00:00,30.32,63.1,9.99,16.58,0.17,50.21,25.48,45.77,1.2,277.77,0.0,0.0
2024-04-06 05:00:00,27.7,66.61,22.22,20.39,0.33,37.03,25.12,46.37,1.22,263.09,0.0,0.0
2024-04-06 06:00:00,32.42,76.1,37.88,22.44,0.63,24.14,25.08,48.83,1.0,236.53,0.0,0.0
2024-04-06 07:00:00,52.7,87.9,30.51,18.92,0.5,27.73,27.01,48.36,1.13,306.07,0.0,0.0
2024-04-06 08:00:00,44.03,92.84,17.22,19.24,0.34,57.58,29.94,40.44,1.46,251.89,0.0,36.12
2024-04-06 09:00:00,37.47,102.02,10.72,10.57,0.23,72.16,32.6,36.16,1.55,85.7,0.0,459.02
2024-04-06 10:00:00,37.25,97.36,11.51,12.64,0.18,81.18,34.91,33.62,1.37,260.03,0.0,672.8
2024-04-06 11:00:00,35.15,96.84,11.22,12.86,0.16,87.66,36.35,31.85,1.35,178.92,0.0,770.62
2024-04-06 12:00:00,30.37,86.67,14.63,6.88,0.13,91.56,37.56,30.44,1.08,263.35,0.0,769.7
2024-04-06 13:00:00,53.99359117802569,100.95283070071471,17.63,28.697795456728606,0.31,91.34,38.15,30.05,0.71,174.32,0.0,486.48
2024-04-06 14:00:00,40.33,92.78,16.19,18.441648536776743,0.2,48.71558004106369,39.03,29.68,0.74,279.21,0.0,484.0
2024-04-06 15:00:00,33.03,86.92,9.7,3.86,0.15,36.47611811127442,38.24,29.97,1.2,340.46,0.0,182.65
2024-04-06 16:00:00,24.44,75.64,9.46,3.14,0.25,91.85,37.48,31.12,1.3,323.34,0.0,33.38
2024-04-06 17:00:00,25.3,72.94,9.599293350915492,6.34,0.31,85.02,35.66,33.44,1.04,313.52,0.0,0.0
2024-04-06 18:00:00,25.13,58.97,18.56606086441964,6.59,0.67,58.3,32.72,36.01,1.28,300.08,0.0,0.0
2024-04-06 19:00:00,23.68,64.68,55.72,6.9,2.22,20.55,31.26,37.5,1.33,298.26,0.0,0.0
2024-04-06 20:00:00,36.33,74.77,44.91,17.07,1.0,17.27,29.23,42.3,1.38,309.74,0.0,0.0
2024-04-06 21:00:00,38.65,94.94,44.97,20.4,0.99,18.75,28.69,41.66,1.16,307.62,0.0,0.0
2024-04-06 22:00:00,35.45,96.42,27.42,14.11,0.78,38.22,28.79,38.48,1.13,290.88,0.0,0.0
2024-04-06 23:00:00,41.09,97.52,27.6,15.85,0.77,34.47,28.19,39.62,1.0,274.44,0.0,0.0
2024-04-07 00:00:00,39.33,91.88,30.59,15.67,0.59,23.5,27.44,41.82,0.98,292.78,0.0,0.0
2024-04-07 01:00:00,41.81,85.76,27.36,15.42,0.55,20.45,25.74,48.91,1.46,307.91,0.0,0.0
2024-04-07 02:00:00,44.99,84.59,20.34,13.8,0.4,22.8,26.18,50.28,1.34,307.98,0.0,0.0
2024-04-07 03:00:00,42.88,80.96,16.83,12.19,0.36,25.84,26.04,50.33,1.33,309.79,0.0,0.0
2024-04-07 04:00:00,42.44,80.94,13.49,13.2,0.29,32.24,25.48,48.2,1.34,311.46,0.25,0.0
2024-04-07 05:00:00,42.78,86.49,19.42,10.84,0.41,18.32,19.7,84.38,0.72,230.83,0.05,0.0
2024-04-07 06:00:00,71.0,88.37,18.49,10.44,0.4,12.6,20.95,78.66,1.06,237.1,0.0,0.0
2024-04-07 07:00:00,49.52,81.11,28.12,8.41,0.92,8.57,24.03,66.19,0.94,236.92,0.0,0.0
2024-04-07 08:00:00,49.97,94.28,27.09,19.14,0.66,20.49,24.9,60.44,0.68,205.94,0.0,0.0
2024-04-07 09:00:00,43.58,102.65,24.39,15.97,0.59,48.5,28.22,54.26,0.75,48.95,0.0,190.58
2024-04-07 10:00:00,51.34,95.34,29.45,10.2,0.64,52.42,27.63,56.14,0.73,254.73,0.0,0.0
2024-04-07 11:00:00,50.64,95.57,18.53,13.3,0.41,62.44,27.16,56.7,1.08,53.24,0.0,3.8
2024-04-07 12:00:00,53.43,88.39,31.43,22.57,0.74,60.55,27.76,55.33,0.95,149.19,0.0,23.7
2024-04-07 13:00:00,51.38,99.04,25.78,27.13,0.6,62.67,27.21,59.66,1.22,96.15,0.0,5.7
2024-04-07 14:00:00,48.58,96.75,25.6,23.92,0.66,82.2,29.1,52.99,1.13,58.84,0.0,143.55
2024-04-07 15:00:00,47.32,100.86,22.13,29.62,0.45,86.67,29.9,49.08,1.02,71.98,0.0,102.43
2024-04-07 16:00:00,36.05,91.92,23.79,20.52,0.43,73.88,29.16,49.71,0.92,95.21,0.0,0.0
2024-04-07 17:00:00,41.61,91.42,38.19,23.66,0.63,55.43,28.66,50.27,1.14,50.66,0.0,0.0
2024-04-07 18:00:00,46.12,92.58,29.97,29.45,0.69,49.94,27.79,51.72,0.8,58.19,0.0,0.0
2024-04-07 19:00:00,48.82,95.08,38.55,14.52,1.2,27.04,24.22,70.75,0.74,275.5,0.05,0.0
2024-04-07 20:00:00,71.89,124.48,52.57,12.22,1.88,10.71,24.7,68.62,0.98,163.57,0.0,0.0
2024-04-07 21:00:00,69.04,125.92,55.12,16.98,1.94,12.2,25.2,65.47,0.52,99.38,0.0,0.0
2024-04-07 22:00:00,81.73,151.16,49.29,14.15,1.49,12.24,24.56,67.66,0.78,183.9,0.0,0.0
2024-04-07 23:00:00,78.02,156.09,40.44,18.4,1.14,10.6,23.74,72.28,0.9,249.32,0.0,0.0
2024-04-08 00:00:00,70.43,135.46,33.35,17.95,0.93,9.9,23.27,74.93,0.77,165.49,0.0,0.0
2024-04-08 01:00:00,69.08,130.14,26.41,20.78,0.6,23.96,23.68,70.0,0.98,105.2,0.0,0.0
2024-04-08 02:00:00,58.66,115.52,12.44,18.11,0.29,47.01,23.62,67.27,1.0,130.13,0.0,0.0
2024-04-08 03:00:00,53.0,101.53,8.82,14.73,0.19,73.1,23.05,68.19,1.32,132.39,0.0,0.0
2024-04-08 04:00:00,49.99,82.53,9.07,12.34,0.17,70.59,22.05,71.94,1.06,78.95,0.0,0.0
2024-04-08 05:00:00,40.63,69.56,11.29,12.52,0.19,67.01,21.69,74.56,0.9,78.16,0.0,0.0
2024-04-08 06:00:00,33.44,66.42,13.41,14.44,0.26,64.08,21.8,77.14,1.0,78.8,0.0,0.0
2024-04-08 07:00:00,36.97,67.83,11.84,5.66,0.46,78.9,22.5,77.37,1.14,46.52,0.0,0.0
2024-04-08 08:00:00,42.79,79.82,16.58,10.0,0.61,83.62,24.21,72.13,0.97,87.06,0.0,53.32
2024-04-08 09:00:00,45.89,78.74,15.88,10.1,0.62,89.77,25.05,69.74,1.0,87.26,0.0,139.2
2024-04-08 10:00:00,41.69,79.39,20.86,11.98,0.73,95.55,27.29,64.11,0.86,102.84,0.05,461.3
2024-04-08 11:00:00,55.91,91.36,18.12,9.28,0.68,98.38,28.32,61.32,0.7,71.53,0.0,154.57
2024-04-08 12:00:00,57.78,86.35,20.89,6.86,0.68,100.09,30.8,52.67,0.93,129.25,0.0,307.05
2024-04-08 13:00:00,62.88,92.74,12.02,8.29,0.49,110.73,31.17,53.04,1.06,52.32,0.0,291.33
2024-04-08 14:00:00,60.83,96.91,10.45,12.35,0.49,115.34,32.21,51.41,1.02,36.47,0.0,308.9
2024-04-08 15:00:00,57.12,83.32,14.48,9.87,0.51,116.18,32.85,49.44,0.75,80.72,0.0,158.62
2024-04-08 16:00:00,45.8,84.02,20.55,12.74,0.62,105.46,32.23,50.14,1.19,115.72,0.0,15.5
2024-04-08 17:00:00,51.36,87.14,24.94,9.51,0.74,95.16,30.9,51.8,1.1,102.32,0.0,0.0
2024-04-08 18:00:00,56.22,93.51,29.28,7.26,1.0,77.8,29.82,52.9,1.11,113.96,0.0,0.0
2024-04-08 19:00:00,63.98,93.36,30.99,7.58,1.06,65.34,28.87,54.76,1.15,84.45,0.0,0.0
2024-04-08 20:00:00,65.69,104.53,24.12,7.68,0.9,68.34,28.08,57.64,1.12,91.15,0.0,0.0
2024-04-08 21:00:00,64.43,102.84,18.08,11.03,0.63,73.38,27.54,59.68,1.28,74.81,0.0,0.0
2024-04-08 22:00:00,49.79,100.9,10.9,11.25,0.51,76.44,26.43,65.83,1.24,63.38,0.0,0.0
2024-04-08 23:00:00,52.66,91.59,8.51,14.63,0.48,81.4,25.89,66.37,1.38,43.31,0.0,0.0
2024-04-09 00:00:00,55.32,80.82,9.0,11.2,0.46,67.2,22.82,81.7,1.18,84.91,0.4,0.0
2024-04-09 01:00:00,54.65,83.86,9.64,12.38,0.4,61.42,21.56,85.76,1.09,136.79,0.0,0.0
2024-04-09 02:00:00,55.06,74.74,11.02,19.42,0.4,58.78,20.3,92.52,1.38,117.49,0.85,0.0
2024-04-09 03:00:00,53.79,71.41,5.61,13.03,0.42,71.66,20.26,91.71,1.16,124.71,0.0,0.0
2024-04-09 04:00:00,52.09,64.25,9.07,9.5,0.45,59.55,19.73,95.5,0.44,126.27,0.0,0.0
2024-04-09 05:00:00,42.41,57.78,13.78,8.2,0.49,41.0,19.45,96.38,0.4,242.61,0.0,0.0
2024-04-09 06:00:00,40.51,57.72,16.57,5.18,0.5,56.24,20.43,88.78,0.76,85.7,0.0,0.0
2024-04-09 07:00:00,38.07,55.2,17.74,4.38,0.57,48.59,20.54,88.53,0.8,223.69,0.0,0.0
2024-04-09 08:00:00,46.39,68.23,25.01,5.15,0.85,37.31,21.02,88.37,0.98,166.3,0.0,0.0
2024-04-09 09:00:00,44.24,75.26,21.43,6.14,0.87,49.94,23.74,79.92,1.55,122.45,0.0,276.42
2024-04-09 10:00:00,52.86,83.78,17.26,11.05,0.77,73.85,27.24,67.96,2.16,162.84,0.0,437.62
2024-04-09 11:00:00,55.3,87.3,16.64,13.4,0.67,81.56,28.14,65.35,2.22,165.08,0.0,553.88
2024-04-09 12:00:00,45.32,87.5,14.8,13.74,0.5,90.41,30.49,55.58,1.99,163.2,0.0,678.38
2024-04-09 13:00:00,51.2,94.42,14.56,12.5,0.48,98.56,31.83,52.49,1.74,156.8,0.0,656.12
2024-04-09 14:00:00,50.44,97.07,14.68,7.52,0.47,101.31,33.11,49.64,1.46,153.94,0.0,510.67
2024-04-09 15:00:00,58.96,99.42,20.19,8.64,0.55,92.73,32.19,50.03,1.4,145.43,0.0,24.6
2024-04-09 16:00:00,58.58,99.14,24.66,8.47,0.66,79.48,31.38,53.35,1.13,126.41,0.0,6.05
2024-04-09 17:00:00,63.64,105.57,25.55,6.08,0.74,73.96,30.72,53.26,1.28,132.97,0.0,0.0
2024-04-09 18:00:00,62.35,104.27,30.54,8.36,0.9,64.36,29.27,55.33,1.16,115.01,0.0,0.0
2024-04-09 19:00:00,53.95,98.1,31.46,3.95,0.94,53.97,28.32,56.34,1.19,97.9,0.0,0.0
2024-04-09 20:00:00,56.83,107.51,25.36,5.1,0.86,50.25,27.56,61.71,1.19,78.1,0.0,0.0
2024-04-09 21:00:00,48.5,105.98,16.99,5.56,0.55,32.46,22.57,83.04,1.72,297.44,3.25,0.0
2024-04-09 22:00:00,78.61,101.63,7.72,3.83,0.41,27.24,19.92,,1.14,60.82,0.35,0.0
2024-04-09 23:00:00,72.11,82.3,17.88,6.9,0.63,17.56,20.32,,1.23,84.89,0.0,0.0
2024-04-10 00:00:00,62.41,80.88,17.33,8.32,0.55,14.72,20.18,,0.84,73.9,0.05,0.0
2024-04-10 01:00:00,56.87,62.38,12.92,8.22,0.47,12.01,19.69,,0.98,219.23,0.0,0.0
2024-04-10 02:00:00,50.85,72.68,13.01,7.92,0.5,10.46,19.54,,0.96,244.62,0.0,0.0
2024-04-10 03:00:00,49.0,71.51,11.85,9.66,0.64,16.98,19.57,,1.06,50.04,0.0,0.0
2024-04-10 04:00:00,49.61,79.64,8.2,9.41,0.52,16.54,19.41,,1.1,173.91,0.0,0.0
2024-04-10 05:00:00,52.57,76.27,7.07,7.62,0.46,13.92,18.98,,1.19,305.42,0.0,0.0
2024-04-10 06:00:00,47.99,66.21,13.27,6.99,0.52,11.18,19.15,,0.98,304.16,0.0,0.0
2024-04-10 07:00:00,47.03,70.75,10.37,0.9,0.49,26.88,20.84,93.42,1.08,272.37,0.0,0.0
2024-04-10 08:00:00,46.11,78.53,17.18,8.82,0.8,56.42,23.69,80.95,0.93,79.0,0.0,10.28
2024-04-10 09:00:00,34.9,69.85,15.32,10.03,0.75,82.29,26.3,65.8,1.01,105.86,0.0,434.58
2024-04-10 10:00:00,37.63,75.64,21.15,13.3,0.84,91.38,28.44,58.42,0.97,121.04,0.0,636.67
2024-04-10 11:00:00,44.64,85.68,21.46,13.39,0.77,102.89,29.63,54.64,1.26,148.68,0.05,679.3
2024-04-10 12:00:00,68.2,96.42,16.43,12.67,0.57,112.12,30.87,54.18,0.97,143.04,0.0,680.82
2024-04-10 13:00:00,61.15,98.21,17.1,15.55,0.65,117.36,31.88,52.4,1.15,151.31,0.0,423.72
2024-04-10 14:00:00,59.7,105.18,11.02,15.49,0.52,131.24,32.49,51.82,0.9,60.15,0.0,387.05
2024-04-10 15:00:00,57.79,87.85,13.02,16.56,0.51,139.92,33.06,50.28,0.81,75.74,0.0,191.2
2024-04-10 16:00:00,57.24,89.03,12.84,10.47,0.52,130.33,33.09,50.12,0.93,75.8,0.0,42.08
2024-04-10 17:00:00,60.51,92.24,14.8,13.86,0.6,121.59,32.39,51.58,1.07,96.06,0.0,0.0
2024-04-10 18:00:00,55.01,94.87,28.62,28.3,0.78,74.84,29.55,56.08,1.67,182.08,0.0,0.0
2024-04-10 19:00:00,58.13,113.72,8.06,20.14,0.23,93.11,25.5,53.16,2.22,19.26,0.0,0.0
2024-04-10 20:00:00,49.02,117.14,16.22,57.66,0.23,85.7,24.62,55.32,1.93,22.53,0.0,0.0
2024-04-10 21:00:00,41.47,89.27,7.02,10.4,0.22,92.4,24.56,55.31,1.91,104.92,0.0,0.0
2024-04-10 22:00:00,32.75,76.48,8.1,25.15,0.17,91.25,22.34,63.51,2.05,28.38,0.0,0.0
2024-04-10 23:00:00,24.79,90.53,4.23,5.85,0.17,89.12,20.35,73.61,1.57,34.05,0.0,0.0
2024-04-11 00:00:00,29.58,65.52,5.68,7.48,0.26,70.36,19.27,82.48,1.13,105.68,0.1,0.0
2024-04-11 01:00:00,21.56,56.1,6.0,8.33,0.26,67.16,18.43,87.6,1.18,116.72,0.1,0.0
2024-04-11 02:00:00,29.61,44.94,6.78,6.97,0.27,55.22,17.74,95.26,1.01,128.49,0.6,0.0
2024-04-11 03:00:00,26.49,45.44,5.02,6.35,0.27,52.37,17.8,97.22,0.89,164.43,0.0,0.0
2024-04-11 04:00:00,25.03,41.32,5.68,6.66,0.27,55.56,17.78,95.54,1.2,197.49,0.0,0.0
2024-04-11 05:00:00,18.33,29.93,5.72,6.32,0.3,57.24,18.23,92.6,2.05,187.19,0.0,0.0
2024-04-11 06:00:00,12.92,26.61,5.88,5.99,0.3,46.76,18.04,95.67,1.14,150.5,0.45,0.0
2024-04-11 07:00:00,12.21,24.95,9.99,3.82,0.42,39.27,18.09,97.69,1.16,110.29,0.05,0.0
2024-04-11 08:00:00,13.58,32.81,7.52,4.18,0.45,41.84,18.08,97.62,1.14,329.49,0.65,0.0
2024-04-11 09:00:00,20.68,36.52,9.95,11.703628286038587,0.47,38.01,18.19,98.21,1.13,200.94,0.15,0.0
2024-04-11 10:00:00,27.11,39.45,23.49,14.276972759947059,0.84,36.69,18.55,98.22,1.12,76.76,1.0,0.0
2024-04-11 11:00:00,25.64,41.54,20.32,17.67814337642988,0.69,54.6,18.87,97.5,1.31,107.19,0.3,0.0
2024-04-11 12:00:00,26.74,46.69,29.48,6.31,0.87,46.3,19.55,88.86,1.52,176.7,0.0,0.0
2024-04-11 13:00:00,27.72,40.33,28.5,12.1,0.87,34.12,19.76,93.02,0.8,208.89,0.05,12.15
2024-04-11 14:00:00,27.82,47.04,21.32,13.68,0.66,54.68,22.06,79.47,0.9,161.74,0.0,161.85
2024-04-11 15:00:00,35.61,55.1,14.51,11.27,0.48,67.84,23.9,69.66,1.3,103.61,0.0,163.35
2024-04-11 16:00:00,35.27,56.6,11.32,7.39,0.46,70.3,24.3,67.3,1.0,72.9,0.0,35.8
2024-04-11 17:00:00,25.8,52.62,31.07,3.54,1.08,41.62,23.63,73.03,0.79,182.27,0.0,0.0
2024-04-11 18:00:00,31.46,66.87,50.78,8.17,2.74,8.24,22.26,80.87,1.03,240.72,0.0,0.0
2024-04-11 19:00:00,44.03,93.15,48.4,4.39,3.49,1.49,21.7,84.5,0.85,115.84,0.0,0.0
2024-04-11 20:00:00,50.57,118.15,45.3,3.8,3.08,1.1,21.42,85.61,0.88,174.52,0.0,0.0
2024-04-11 21:00:00,50.51,127.44,45.68,0.9,3.81,1.47,21.27,85.86,0.86,258.61,0.0,0.0
2024-04-11 22:00:00,71.36,152.96,49.28,3.96,3.23,0.8,20.98,86.56,0.98,102.7,0.0,0.0
2024-04-11 23:00:00,62.25,144.75,49.38,6.14,2.66,1.58,21.52,82.15,1.19,81.82,0.0,0.0
2024-04-12 00:00:00,47.724031938336786,98.2709727044994,22.680115143041164,16.855077002728958,0.6925347109208515,38.52080639567355,,,,,,
2024-04-12 01:00:00,47.724031938336786,98.2709727044994,22.680115143041164,16.855077002728958,0.6925347109208515,38.52080639567355,,,,,,
2024-04-12 02:00:00,47.724031938336786,98.2709727044994,22.680115143041164,16.855077002728958,0.6925347109208515,38.52080639567355,,,,,,
2024-04-12 03:00:00,47.724031938336786,98.2709727044994,22.680115143041164,16.855077002728958,0.6925347109208515,38.52080639567355,,,,,,
2024-04-12 04:00:00,47.724031938336786,98.2709727044994,22.680115143041164,16.855077002728958,0.6925347109208515,38.52080639567355,,,,,,
2024-04-12 05:00:00,47.724031938336786,98.2709727044994,22.680115143041164,16.855077002728958,0.6925347109208515,38.52080639567355,,,,,,
2024-04-12 06:00:00,47.724031938336786,98.2709727044994,22.680115143041164,16.855077002728958,0.6925347109208515,38.52080639567355,,,,,,
2024-04-12 07:00:00,37.24,66.1,14.69,5.74,0.07,50.53,18.15,98.35,1.79,140.63,0.2,0.0
2024-04-12 08:00:00,37.8,65.52,12.59,4.24,0.12,47.16,18.56,96.87,1.12,105.38,0.0,0.0
2024-04-12 09:00:00,33.84,55.58,30.4,6.64,1.21,27.72,19.71,89.96,1.28,136.64,0.0,0.0
2024-04-12 10:00:00,29.46,50.18,23.68,8.56,0.96,51.5,21.44,78.32,1.68,155.0,0.0,115.2
2024-04-12 11:00:00,26.12,52.86,19.49,9.9,0.62,59.57,23.47,72.78,1.14,98.48,0.0,155.7
2024-04-12 12:00:00,28.06,51.26,16.32,9.15,0.53,71.91,25.82,66.87,0.96,77.79,0.0,373.22
2024-04-12 13:00:00,27.35,54.07,13.84,8.72,0.46,75.43,27.74,61.66,0.98,91.68,0.0,555.52
2024-04-12 14:00:00,22.9,61.18,15.0,5.24,0.51,76.55,29.07,58.06,0.96,137.6,0.0,523.5
2024-04-12 15:00:00,25.22,59.51,18.22,8.87,0.58,75.66,29.51,52.66,1.12,156.73,0.0,240.55
2024-04-12 16:00:00,22.73,55.79,21.6,8.57,0.6,71.52,28.87,55.16,1.33,139.45,0.0,57.78
2024-04-12 17:00:00,25.41,56.96,30.98,5.44,0.94,58.04,27.6,58.88,1.0,126.78,0.0,0.0
2024-04-12 18:00:00,38.32,70.84,34.57,6.16,0.97,45.25,25.64,65.53,1.15,99.74,0.0,0.0
2024-04-12 19:00:00,33.46,64.53,46.94,5.28,2.06,15.66,23.96,72.09,0.94,95.84,0.0,0.0
2024-04-12 20:00:00,52.06,87.97,57.92,9.63,3.66,3.34,23.28,73.8,0.82,227.04,0.0,0.0
2024-04-12 21:00:00,52.84,102.12,59.0,6.18,2.16,7.8,23.18,71.17,1.17,66.15,0.0,0.0
2024-04-12 22:00:00,52.06,107.66,53.04,11.64,4.1,2.33,22.5,76.25,1.01,201.07,0.0,0.0
2024-04-12 23:00:00,60.0,151.51,51.38,8.25,2.78,0.82,21.66,79.99,1.03,329.62,0.0,0.0
2024-04-13 00:00:00,64.05,144.08,53.88,11.49,2.0,0.64,22.19,77.69,0.79,122.37,0.0,0.0
2024-04-13 01:00:00,62.68,146.77,40.7,11.92,1.06,10.53,22.56,75.15,0.87,95.71,0.0,0.0
2024-04-13 02:00:00,62.92,138.22,19.06,10.88,0.39,26.74,22.16,79.46,1.54,255.36,0.6,0.0
2024-04-13 03:00:00,52.02,124.0,6.51,10.4,0.0,56.56,19.59,95.6,1.9,21.41,0.6,0.0
2024-04-13 04:00:00,49.0,95.44,5.26,11.99,0.0,63.2,20.37,88.7,1.37,46.76,0.0,0.0
2024-04-13 05:00:00,43.85,84.49,6.54,11.38,0.01,53.74,20.38,89.36,1.6,258.48,0.75,0.0
2024-04-13 06:00:00,45.47,79.47,6.12,9.5,0.02,65.92,18.94,97.9,1.16,250.16,1.35,0.0
2024-04-13 07:00:00,42.27,60.6,22.62,7.48,0.24,41.4,19.17,98.32,1.0,118.61,0.35,0.0
2024-04-13 08:00:00,51.28,52.85,23.75,10.74,0.34,48.48,19.39,97.46,1.47,148.28,0.05,0.0
2024-04-13 09:00:00,43.89,57.52,21.91,6.72,0.54,49.85,19.93,94.64,1.74,159.39,0.05,0.0
2024-04-13 10:00:00,43.33,55.04,25.48,9.52,0.74,42.36,21.28,88.92,1.44,163.29,0.0,22.82
2024-04-13 11:00:00,39.97,52.99,18.27,10.35,0.43,52.34,23.52,81.48,1.52,149.29,0.0,337.18
2024-04-13 12:00:00,36.53,60.12,18.16,10.02,0.37,58.62,25.72,74.28,1.43,153.17,0.0,472.1
2024-04-13 13:00:00,38.45,66.93,15.9,5.7,0.26,62.36,28.12,66.36,1.34,155.4,0.0,709.02
2024-04-13 14:00:00,38.83,67.58,14.36,7.48,0.16,71.3,29.18,62.19,1.4,176.0,0.0,560.8
2024-04-13 15:00:00,35.3,62.73,14.67,9.03,0.18,71.56,29.29,61.52,1.62,175.88,0.0,228.22
2024-04-13 16:00:00,32.33,53.44,17.34,4.7,0.24,64.45,28.82,61.02,1.71,169.57,0.0,95.38
2024-04-13 17:00:00,34.55,50.14,20.73,4.9,0.37,56.93,27.98,62.78,1.6,165.68,0.0,0.0
2024-04-13 18:00:00,29.75,59.45,31.43,15.835966528698997,1.06,36.4,26.6,67.5,1.37,159.7,0.0,0.0
2024-04-13 19:00:00,38.63,73.02,34.62,15.604572384647309,1.13,28.86,25.34,73.26,1.04,176.16,0.0,0.0
2024-04-13 20:00:00,46.06,78.53,38.09,7.57,1.3,16.6,23.64,79.91,0.74,303.3,0.0,0.0
2024-04-13 21:00:00,38.75,83.6,42.08,8.94,2.19,4.03,22.53,86.47,1.12,313.66,0.0,0.0
2024-04-13 22:00:00,56.9,90.32,39.41,11.25,2.95,3.38,22.14,89.38,1.11,327.04,0.0,0.0
2024-04-13 23:00:00,60.19,124.35,34.1,11.63,2.69,0.53,21.72,92.12,1.21,281.28,0.0,0.0
2024-04-14 00:00:00,61.16,121.42,30.6,14.79,2.88,0.61,21.7,92.26,0.85,116.15,0.0,0.0
2024-04-14 01:00:00,59.94,127.85,39.55,11.84,2.25,0.48,21.28,93.46,1.06,256.8,0.0,0.0
2024-04-14 02:00:00,60.53,142.57,35.43,14.84,1.42,1.47,20.99,94.75,1.06,130.16,0.0,0.0
2024-04-14 03:00:00,62.93,134.81,28.49,13.9,0.71,2.27,20.82,94.4,0.88,188.78,0.0,0.0
2024-04-14 04:00:00,60.91,112.11,29.42,13.77,0.6,1.52,20.62,94.82,1.04,287.28,0.0,0.0
2024-04-14 05:00:00,56.79,114.62,22.47,13.64,0.46,2.68,20.78,93.86,1.23,315.52,0.0,0.0
2024-04-14 06:00:00,53.36,105.84,18.17,14.6,0.37,5.08,21.3,92.9,1.17,264.73,0.0,0.0
2024-04-14 07:00:00,52.53,96.06,15.64,11.72,0.29,8.93,22.57,87.9,1.22,42.59,0.0,0.0
2024-04-14 08:00:00,52.33,97.54,14.24,19.55,0.38,25.93,24.77,77.96,1.11,27.41,0.0,27.55
2024-04-14 09:00:00,42.1,84.04,19.91,20.09,0.49,56.47,27.74,65.81,1.13,137.5,0.0,426.62
2024-04-14 10:00:00,48.0,89.49,16.8,22.38,0.35,79.17,29.44,59.31,1.17,133.32,0.0,647.65
2024-04-14 11:00:00,38.56,89.05,18.6,26.84,0.27,84.55,31.33,55.56,1.16,151.65,0.0,756.85
2024-04-14 12:00:00,46.89,80.45,15.47,28.91,0.17,88.04,32.51,52.05,1.51,159.28,0.0,772.6
2024-04-14 13:00:00,41.13,84.56,12.42,29.82,0.09,95.94,33.78,48.94,0.88,204.73,0.0,702.0
2024-04-14 14:00:00,50.13,92.68,12.94,32.23,0.09,102.19,34.62,47.24,1.06,192.49,0.0,544.22
2024-04-14 15:00:00,44.27,88.87,11.94,27.46,0.1,95.32,34.66,46.39,0.93,173.06,0.0,166.92
2024-04-14 16:00:00,43.98,83.02,14.58,25.0,0.18,95.01,34.38,46.62,1.23,173.16,0.0,64.92
2024-04-14 17:00:00,44.12,77.18,25.02,18.88,0.44,73.2,33.17,49.88,0.9,182.54,0.0,0.0
2024-04-14 18:00:00,53.74,80.06,62.55,19.4,2.09,26.1,30.65,58.05,1.23,132.02,0.0,0.0
2024-04-14 19:00:00,58.78,104.14,79.86,17.49,4.04,3.89,28.76,64.99,1.05,252.0,0.0,0.0
2024-04-14 20:00:00,90.74,159.63,79.46,17.77,4.72,4.46,27.8,67.83,1.16,241.66,0.0,0.0
2024-04-14 21:00:00,107.26,225.7,71.12,19.06,4.84,2.96,27.6,67.57,0.87,96.09,0.0,0.0
2024-04-14 22:00:00,107.52,220.25,61.41,17.34,2.76,3.24,26.77,70.45,1.33,281.54,0.0,0.0
2024-04-14 23:00:00,101.14,197.11,42.65,15.82,1.2,7.84,26.58,71.1,1.29,316.66,0.0,0.0
2024-04-15 00:00:00,93.88,168.79,36.05,16.74,0.9,10.98,25.28,74.84,0.89,253.83,0.0,0.0
2024-04-15 01:00:00,74.93,131.86,23.26,14.43,0.39,12.77,24.48,81.58,1.31,305.76,0.0,0.0
2024-04-15 02:00:00,66.26,136.93,18.56,13.7,0.26,12.17,24.16,83.96,1.07,247.43,0.0,0.0
2024-04-15 03:00:00,61.8,113.84,15.06,13.44,0.14,13.27,23.89,83.88,0.9,240.34,0.0,0.0
2024-04-15 04:00:00,61.26,93.5,11.13,13.79,0.0,17.83,23.54,80.94,1.4,314.33,0.0,0.0
2024-04-15 05:00:00,52.56,88.56,15.08,13.75,0.06,18.57,23.14,82.97,1.12,246.72,0.0,0.0
2024-04-15 06:00:00,54.64,73.8,23.91,13.68,0.3,10.3,23.69,82.44,0.54,208.61,0.0,0.0
2024-04-15 07:00:00,51.75,90.73,23.4,5.84,0.3,16.35,25.88,76.86,1.02,115.23,0.0,0.0
2024-04-15 08:00:00,53.79,93.73,21.9,7.59,0.34,49.33,28.78,66.26,1.06,72.26,0.0,2.65
2024-04-15 09:00:00,51.0,105.11,27.76,10.0,0.6,87.19,31.51,56.27,1.14,131.08,0.0,417.5
2024-04-15 10:00:00,56.05,96.81,19.38,15.09,0.32,80.88,33.38,50.9,1.09,158.21,0.0,657.05
2024-04-15 11:00:00,50.03,94.1,16.68,13.18,0.47,93.75,35.21,45.82,0.91,165.9,0.0,741.12
2024-04-15 12:00:00,50.52,92.58,13.72,16.69,0.42,94.92,36.54,42.69,0.65,149.75,0.0,579.58
2024-04-15 13:00:00,49.63,89.47,14.3,12.24,0.44,90.69,36.6,41.75,0.92,201.1,0.0,516.33
2024-04-15 14:00:00,56.04,84.86,15.26,12.06,0.52,89.26,36.78,41.33,1.72,180.3,0.0,547.48
2024-04-15 15:00:00,49.31,85.26,16.92,12.6,0.5,94.12,36.46,41.66,1.53,168.62,0.0,168.25
2024-04-15 16:00:00,44.24,82.07,21.42,11.54,0.71,82.24,35.32,43.56,1.31,146.55,0.0,1.72
2024-04-15 17:00:00,49.72,82.22,43.71,6.15,1.34,40.5,33.48,50.49,0.8,154.26,0.0,0.0
2024-04-15 18:00:00,59.49,90.71,25.16,17.53,0.73,56.18,31.65,53.66,1.22,317.68,0.0,0.0
2024-04-15 19:00:00,58.43,92.35,20.9,18.18,0.62,57.01,29.16,58.82,1.16,308.99,0.0,0.0
2024-04-15 20:00:00,60.45,85.13,8.26,14.5,0.25,68.25,28.0,61.86,1.36,328.97,0.0,0.0
2024-04-15 21:00:00,42.85,72.96,36.44,13.12,0.98,33.24,28.58,53.46,0.8,239.7,0.0,0.0
2024-04-15 22:00:00,44.02,72.68,20.89,13.9,0.42,33.19,27.74,57.81,0.81,331.5,0.0,0.0
2024-04-15 23:00:00,42.24,70.97,15.15,16.38,0.3,45.81,27.44,60.46,0.82,328.27,0.0,0.0
2024-04-16 00:00:00,41.57,72.18,7.14,18.58,0.21,48.5,26.14,66.3,1.03,321.4,0.0,0.0
2024-04-16 01:00:00,33.04,60.12,8.86,18.34,0.24,40.58,25.62,68.8,1.27,341.02,0.0,0.0
2024-04-16 02:00:00,30.6,63.14,11.12,17.43,0.27,32.36,25.04,73.49,0.72,291.21,0.0,0.0
2024-04-16 03:00:00,24.97,56.06,7.43,16.97,0.22,29.1,24.0,77.22,1.35,310.35,0.0,0.0
2024-04-16 04:00:00,26.68,47.44,7.59,17.36,0.24,29.38,23.76,76.76,1.28,309.06,0.0,0.0
2024-04-16 05:00:00,33.59,52.28,7.24,17.71,0.24,30.88,23.64,76.18,1.43,324.82,0.0,0.0
2024-04-16 06:00:00,32.31,56.74,7.84,17.96,0.31,26.01,24.09,75.2,1.55,321.03,0.0,0.0
2024-04-16 07:00:00,36.72,58.1,9.87,14.76,0.44,37.35,26.57,68.32,1.25,257.06,0.0,0.0
2024-04-16 08:00:00,35.93,64.4,15.42,21.59,0.58,64.01,29.35,59.45,0.8,71.31,0.0,0.88
2024-04-16 09:00:00,35.74,78.07,24.09,21.0,0.85,98.59,31.82,52.6,0.92,144.06,0.0,436.05
2024-04-16 10:00:00,47.97,81.68,18.14,21.28,0.63,106.33,34.16,45.69,0.44,178.84,0.0,689.45
2024-04-16 11:00:00,39.74,86.14,15.15,19.3,0.52,83.12,36.04,41.63,0.88,185.56,0.0,780.38
2024-04-16 12:00:00,41.98,75.04,14.88,15.38,0.42,83.33,37.32,40.26,0.48,181.81,0.0,776.62
2024-04-16 13:00:00,40.67,72.19,14.15,21.3,0.44,89.34,38.01,38.11,1.07,206.6,0.0,668.75
2024-04-16 14:00:00,43.48,71.5,16.97,31.96,0.46,95.06,38.0,38.05,1.36,169.2,0.0,562.78
2024-04-16 15:00:00,41.6,80.17,13.79,29.89,0.4,99.79,37.33,39.62,0.94,197.16,0.0,132.88
2024-04-16 16:00:00,43.39,69.49,15.58,19.02,0.48,76.72,32.39,50.82,1.29,172.36,0.0,0.0
2024-04-16 17:00:00,38.6,70.73,20.37,27.11,0.5,69.77,30.35,53.54,1.18,96.24,0.0,0.0
2024-04-16 18:00:00,30.31,70.12,29.04,30.52,0.82,57.77,29.98,53.6,1.05,126.47,0.0,0.0
2024-04-16 19:00:00,51.27,80.03,34.79,26.19,1.01,31.55,28.42,60.53,1.38,308.72,0.0,0.0
2024-04-16 20:00:00,58.32,92.36,44.17,27.83,1.05,15.77,27.62,63.56,1.2,320.91,0.0,0.0
2024-04-16 21:00:00,52.46,105.6,38.46,25.01,0.98,14.47,27.19,66.54,1.32,318.3,0.0,0.0
2024-04-16 22:00:00,55.65,116.04,28.33,20.79,0.75,18.52,26.47,70.78,1.38,299.46,0.0,0.0
2024-04-16 23:00:00,45.14,104.06,17.18,21.46,0.5,23.29,25.9,72.86,1.35,303.87,0.0,0.0
2024-04-17 00:00:00,44.79,86.38,14.27,24.14,0.4,30.46,25.88,69.3,1.1,290.8,0.0,0.0
2024-04-17 01:00:00,48.25,88.9,19.22,26.86,0.51,21.32,25.29,71.4,1.05,155.66,0.0,0.0
2024-04-17 02:00:00,61.93,102.5,14.73,25.71,0.4,16.67,24.62,73.95,1.25,241.12,0.0,0.0
2024-04-17 03:00:00,64.0,96.4,11.6,26.46,0.33,26.59,24.8,70.9,1.48,321.5,0.0,0.0
2024-04-17 04:00:00,54.27,90.41,10.35,29.58,0.28,27.54,23.92,74.38,1.18,313.86,0.0,0.0
2024-04-17 05:00:00,48.37,88.29,11.61,27.16,0.34,22.5,23.04,78.74,1.33,325.28,0.0,0.0
2024-04-17 06:00:00,47.83,83.03,12.4,25.28,0.4,15.35,23.67,77.64,1.28,340.16,0.0,0.0
2024-04-17 07:00:00,45.24,90.96,12.21,28.12,0.45,30.75,26.78,66.74,1.36,341.74,0.0,0.0
2024-04-17 08:00:00,36.78,95.16,10.2,30.79,0.39,57.5,30.16,52.65,1.31,184.08,0.0,5.5
2024-04-17 09:00:00,38.13,88.6,7.0,22.09,0.28,72.6,32.51,44.26,1.56,22.27,0.0,473.78
2024-04-17 10:00:00,49.37,90.77,8.44,19.24,0.25,87.06,34.71,38.99,1.16,24.46,0.0,713.9
2024-04-17 11:00:00,37.83,77.26,14.08,20.83,0.3,97.22,36.99,33.08,0.46,35.04,0.0,798.9
2024-04-17 12:00:00,31.92,77.5,14.23,21.26,0.32,114.0,38.46,30.48,0.84,110.29,0.0,804.45
2024-04-17 13:00:00,26.98,78.74,18.59,24.3,0.34,129.61,39.13,30.36,1.0,152.77,0.0,717.92
2024-04-17 14:00:00,30.79,85.1,19.53,34.69,0.3,124.49,39.56,30.52,0.79,249.09,0.0,562.3
2024-04-17 15:00:00,30.09,76.95,7.04,26.61,0.11,102.24,39.01,31.01,1.0,329.93,0.0,139.65
2024-04-17 16:00:00,42.03,78.84,8.59,23.27,0.2,99.89,38.72,32.09,0.6,167.34,0.0,20.03
2024-04-17 17:00:00,36.17,72.66,32.19,24.12,0.84,76.59,36.75,36.71,0.9,127.7,0.0,0.0
2024-04-17 18:00:00,40.87,81.46,71.43,27.77,2.21,32.92,33.98,42.28,0.76,238.09,0.0,0.0
2024-04-17 19:00:00,44.7,93.27,76.46,23.54,2.76,15.43,31.72,48.97,1.19,297.2,0.0,0.0
2024-04-17 20:00:00,51.78,112.19,50.77,23.16,1.56,24.89,30.21,51.5,1.09,290.24,0.0,0.0
2024-04-17 21:00:00,44.58,114.04,76.0,29.75,2.92,1.49,29.49,53.14,1.33,303.41,0.0,0.0
2024-04-17 22:00:00,55.92,127.24,43.76,28.0,1.13,13.71,28.39,54.8,1.32,324.88,0.0,0.0
2024-04-17 23:00:00,64.77,139.53,39.2,26.36,1.03,11.17,27.91,55.21,1.31,238.79,0.0,0.0
2024-04-18 00:00:00,59.83,131.99,21.46,20.63,0.43,24.26,27.44,51.03,1.4,314.07,0.0,0.0
2024-04-18 01:00:00,50.27,102.22,15.62,19.85,0.28,27.26,26.53,50.67,1.36,322.42,0.0,0.0
2024-04-18 02:00:00,41.87,105.46,15.44,24.6,0.2,26.34,26.83,51.26,1.32,338.94,0.0,0.0
2024-04-18 03:00:00,43.7,96.22,10.6,22.3,0.12,33.33,27.26,50.88,1.22,327.32,0.0,0.0
2024-04-18 04:00:00,35.96,74.76,10.5,20.15,0.14,29.18,25.7,55.58,1.19,301.23,0.0,0.0
2024-04-18 05:00:00,36.16,73.84,8.17,16.56,0.32,43.9318357402244,24.76,56.77,1.36,310.72,0.0,0.0
2024-04-18 06:00:00,38.16,74.49,15.48,20.52,0.38,46.68997913473872,24.29,60.98,1.26,293.92,0.0,0.0
2024-04-18 07:00:00,35.97,74.92,20.05,20.5,0.49,43.4370686963556,26.71,56.04,1.23,337.62,0.0,0.0
2024-04-18 08:00:00,29.08,74.65,15.58,17.77,0.46,54.48,30.01,45.64,0.84,282.88,0.0,2.92
2024-04-18 09:00:00,40.0,86.3,16.6,19.98,0.46,104.62,33.15,38.1,0.88,53.14,0.0,439.98
2024-04-18 10:00:00,39.41,82.27,16.81,19.08,0.52,121.98,35.22,35.76,0.92,61.91,0.0,688.08
2024-04-18 11:00:00,44.52,95.06,18.52,25.35,0.53,140.99,36.94,33.35,0.93,110.63,0.0,766.42
2024-04-18 12:00:00,42.54,94.38,14.28,46.93,0.33,139.31,38.51,30.24,0.85,72.96,0.0,779.0
2024-04-18 13:00:00,38.07,90.07,20.41,69.98,0.36,144.54,39.46,27.81,0.89,109.28,0.0,706.88
2024-04-18 14:00:00,33.47,96.1,14.12,44.35,0.26,146.51,39.76,27.32,0.79,110.72,0.0,554.35
2024-04-18 15:00:00,36.27,90.02,16.32,86.32,0.2,141.2,39.19,27.62,0.79,96.6,0.0,122.02
2024-04-18 16:00:00,37.5,92.24,19.37,80.84,0.34,134.75,38.61,28.64,0.68,163.77,0.0,6.78
2024-04-18 17:00:00,48.66,95.24,41.07,67.35,0.84,105.95,36.99,32.47,0.83,112.18,0.0,0.0
2024-04-18 18:00:00,51.66,96.13,63.94,42.78,1.42,49.25,34.26,38.42,1.25,326.04,0.0,0.0
2024-04-18 19:00:00,49.34,104.5,112.61,40.03,4.07,13.89,32.8,40.39,0.94,203.61,0.0,0.0
2024-04-18 20:00:00,61.61,138.94,97.64,34.14,2.92,12.84,31.99,42.5,1.02,261.5,0.0,0.0
2024-04-18 21:00:00,73.32,160.65,58.06,24.79,1.7,15.64,30.4,47.1,1.32,309.46,0.0,0.0
2024-04-18 22:00:00,75.02,164.02,57.13,22.04,1.67,6.68,28.94,55.33,1.45,316.43,0.0,0.0
2024-04-18 23:00:00,72.9,156.34,46.84,26.82,1.54,5.78,28.62,54.48,1.14,309.91,0.0,0.0
2024-04-19 00:00:00,69.84,149.58,33.91,31.58,1.09,8.82,27.62,56.49,1.31,288.2,0.0,0.0
2024-04-19 01:00:00,69.71,156.96,25.74,28.17,0.86,7.93,26.73,59.31,1.43,314.74,0.0,0.0
2024-04-19 02:00:00,74.82,165.52,36.48,51.0,1.14,4.74,26.66,58.71,1.28,242.15,0.0,0.0
2024-04-19 03:00:00,80.72,173.98,29.67,34.57,0.76,3.91,26.48,62.95,1.31,235.92,0.0,0.0
2024-04-19 04:00:00,93.8,186.58,25.64,25.08,0.81,1.23,26.05,67.63,0.98,242.96,0.0,0.0
2024-04-19 05:00:00,94.26,180.71,22.0,26.01,0.8,8.25,25.44,64.94,0.94,310.96,0.0,0.0
2024-04-19 06:00:00,87.31,169.12,21.98,24.74,0.6,14.34,25.46,61.55,0.57,169.76,0.0,0.0
2024-04-19 07:00:00,88.26,163.91,32.53,25.63,1.08,13.95,28.07,59.06,0.93,203.42,0.0,1.92
2024-04-19 08:00:00,84.05,163.72,12.2,31.6,0.22,65.36,32.04,45.67,1.44,105.57,0.0,78.02
2024-04-19 09:00:00,72.81,138.15,7.77,31.23,0.15,91.24,35.4,36.4,1.0,61.79,0.0,589.42
2024-04-19 10:00:00,52.65,114.4,13.57,35.95,0.2,107.32,38.01,31.68,1.02,222.8,0.0,788.18
2024-04-19 11:00:00,49.21,107.28,16.31,24.34,0.2,113.54,39.84,27.47,0.74,174.63,0.0,844.55
2024-04-19 12:00:00,52.86,102.57,13.19,23.69,0.08,122.43,40.91,27.06,0.74,160.35,0.0,841.5
2024-04-19 13:00:00,48.39,86.58,12.71,16.63,0.1,107.24,41.87,25.38,0.64,203.62,0.0,761.35
2024-04-19 14:00:00,43.82,80.55,11.5,18.45,0.28,116.91,41.74,26.17,0.83,176.07,0.0,583.42
2024-04-19 15:00:00,35.58,71.53,14.64,19.51,0.36,119.96,41.4,26.95,0.76,137.93,0.0,199.68
2024-04-19 16:00:00,35.79,73.75,24.23,23.96,0.53,113.39,40.64,27.88,1.32,174.24,0.0,71.08
2024-04-19 17:00:00,39.82,77.31,43.8,24.67,1.02,73.93,38.47,33.52,1.22,114.0,0.0,0.0
2024-04-19 18:00:00,41.68,95.53,34.94,23.68,1.02,58.2,35.03,39.2,1.24,259.55,0.0,0.0
2024-04-19 19:00:00,54.28,105.05,51.06,21.86,1.72,24.3,33.15,44.16,0.87,87.52,0.0,0.0
2024-04-19 20:00:00,57.14,129.72,63.1,20.65,2.13,11.35,32.2,45.9,1.01,229.4,0.0,0.0
2024-04-19 21:00:00,58.15,127.54,47.9,23.16,1.58,24.24,31.5,48.42,0.85,114.65,0.0,0.0
2024-04-19 22:00:00,63.93,132.38,33.3,21.87,1.12,25.46,31.07,50.16,1.26,317.43,0.0,0.0
2024-04-19 23:00:00,57.73,123.57,44.24,22.7,1.38,18.5,30.86,44.74,0.86,273.97,0.0,0.0
2024-04-20 00:00:00,46.73,117.72,20.76,20.08,0.34,37.26,30.04,41.92,1.11,265.58,0.0,0.0
2024-04-20 01:00:00,47.64,107.26,21.64,22.68,0.4,29.37,29.2,45.56,1.33,307.73,0.0,0.0
2024-04-20 02:00:00,49.85,104.29,13.14,22.94,0.2,38.12,28.54,45.53,1.27,323.0,0.0,0.0
2024-04-20 03:00:00,46.05,95.58,13.58,22.83,0.18,44.97,28.15,45.82,0.89,313.02,0.0,0.0
2024-04-20 04:00:00,41.11,90.02,6.73,20.27,0.06,54.51,28.94,44.3,1.4,299.24,0.0,0.0
2024-04-20 05:00:00,41.36,71.23,5.86,17.99,0.05,53.05,28.5,44.66,1.19,320.63,0.0,0.0
2024-04-20 06:00:00,30.77,71.94,6.8,15.22,0.06,50.23,28.14,45.87,1.15,326.12,0.0,0.0
2024-04-20 07:00:00,31.08,66.62,11.08,18.66,0.19,45.35,29.18,46.49,1.06,321.02,0.0,15.78
2024-04-20 08:00:00,37.04,61.04,8.78,18.64,0.13,57.4,32.11,41.34,1.27,91.25,0.0,132.5
2024-04-20 09:00:00,42.33,60.57,5.61,14.71,0.09,70.16,34.6,37.03,1.27,93.21,0.0,544.08
2024-04-20 10:00:00,32.76,68.64,5.43,12.92,0.11,82.26,36.31,35.18,1.18,92.58,0.0,731.65
2024-04-20 11:00:00,35.9,74.88,9.85,13.68,0.21,92.16,38.35,32.57,0.79,60.66,0.0,831.9
2024-04-20 12:00:00,33.21,81.23,12.36,13.0,0.37,97.15,39.75,30.06,0.76,180.3,0.0,836.52
2024-04-20 13:00:00,30.88,73.51,10.15,20.88,0.35,119.14,40.63,28.79,0.55,95.42,0.0,725.08
2024-04-20 14:00:00,32.39,68.32,11.98,38.21,0.38,138.5,40.56,29.01,0.91,77.16,0.0,587.85
2024-04-20 15:00:00,33.44,72.93,18.21,29.78,0.5,130.89,40.25,29.4,0.81,108.16,0.0,189.15
2024-04-20 16:00:00,47.39,80.25,28.4,24.24,0.62,119.39,39.66,29.77,0.93,156.28,0.0,56.35
2024-04-20 17:00:00,41.43,85.05,27.12,20.19,0.74,93.12,37.44,35.35,0.82,284.25,0.0,0.0
2024-04-20 18:00:00,46.96,87.76,61.91,16.42,1.92,38.69,35.02,39.52,0.91,115.76,0.0,0.0
2024-04-20 19:00:00,43.01,93.93,86.88,17.2,3.43,8.5,33.25,42.65,1.31,238.64,0.0,0.0
2024-04-20 20:00:00,55.31,115.41,57.01,16.16,1.84,10.18,31.9,47.82,1.21,310.02,0.0,0.0
2024-04-20 21:00:00,53.44,117.67,47.01,11.98,1.44,12.32,30.43,54.79,1.08,317.46,0.0,0.0
2024-04-20 22:00:00,57.1,132.68,27.74,12.96,0.88,24.68,29.48,58.79,1.09,254.8,0.1,0.0
2024-04-20 23:00:00,51.91,132.51,15.59,16.3,0.42,45.92,29.34,54.08,0.89,214.24,0.0,0.0
2024-04-21 00:00:00,53.26,106.96,18.27,17.34,0.31,41.81,28.47,56.46,0.91,290.75,0.0,0.0
2024-04-21 01:00:00,35.5,95.0,13.49,19.3,0.25,46.23,28.54,55.89,0.9,324.76,0.0,0.0
2024-04-21 02:00:00,34.2,90.8,9.35,18.47,0.22,47.58,28.51,59.88,1.21,332.84,0.0,0.0
2024-04-21 03:00:00,35.9,84.19,8.85,16.02,0.16,45.32,27.78,62.64,0.66,317.44,0.0,0.0
2024-04-21 04:00:00,34.03,81.26,16.6,15.79,0.25,32.39,27.23,64.66,0.67,254.4,0.0,0.0
2024-04-21 05:00:00,36.22,74.98,25.45,14.2,0.44,19.34,26.43,67.28,1.06,217.28,0.0,0.0
2024-04-21 06:00:00,38.01,77.11,18.22,17.08,0.53,18.41,26.12,68.35,1.25,320.03,0.0,0.0
2024-04-21 07:00:00,38.22,80.09,16.95,15.48,0.43,24.34,28.23,60.6,1.21,334.11,0.0,14.22
2024-04-21 08:00:00,40.47,80.53,7.21,17.57,0.2,50.5,31.75,42.98,1.26,266.55,0.0,125.38
2024-04-21 09:00:00,31.76,70.64,4.43,19.33,0.16,70.69,34.01,34.98,1.48,345.43,0.0,582.65
2024-04-21 10:00:00,30.06,71.72,3.26,15.28,0.13,77.62,35.77,32.18,1.31,117.95,0.0,765.13
2024-04-21 11:00:00,31.75,62.2,5.68,15.91,0.21,88.09,37.75,29.86,1.01,175.48,0.0,851.32
2024-04-21 12:00:00,23.25,61.99,6.23,18.38,0.21,95.25,39.12,28.67,1.04,181.09,0.0,850.6
2024-04-21 13:00:00,20.82,61.04,9.09,14.97,0.23,95.37,40.48,27.48,0.97,232.61,0.0,697.15
2024-04-21 14:00:00,23.73,62.62,13.0,17.85,0.31,89.45,40.19,27.95,0.79,252.47,0.0,502.78
2024-04-21 15:00:00,37.27,68.9,11.49,15.08,0.27,91.1,39.33,29.17,0.76,72.7,0.0,192.62
2024-04-21 16:00:00,34.39,64.18,10.64,17.32,0.3,91.64,39.1,30.07,0.75,122.18,0.0,75.18
2024-04-21 17:00:00,33.98,62.46,11.35,17.76,0.4,84.51,37.37,33.48,1.05,123.24,0.0,0.0
2024-04-21 18:00:00,36.9,69.09,40.75,19.17,1.28,43.2,34.4,40.05,1.12,325.45,0.0,0.0
2024-04-21 19:00:00,27.14,75.42,59.98,20.5,1.84,15.16,32.92,44.0,1.36,289.36,0.0,0.0
2024-04-21 20:00:00,32.36,96.36,30.59,20.17,0.86,28.93,32.76,41.1,1.03,248.3,0.0,0.0
2024-04-21 21:00:00,28.46,87.81,36.51,24.14,1.28,19.15,33.05,38.38,0.92,133.44,0.0,0.0
2024-04-21 22:00:00,52.55,101.22,38.35,29.84,1.29,27.32,32.6,36.7,1.04,262.16,0.0,0.0
2024-04-21 23:00:00,51.72,106.79,28.76,27.94,1.0,36.1,31.75,40.38,1.11,255.66,0.0,0.0
2024-04-22 00:00:00,52.6,106.43,20.17,19.66,0.39,42.82,30.85,41.54,1.12,287.68,0.0,0.0
2024-04-22 01:00:00,48.55,98.91,8.19,24.58,0.26,49.85,30.98,40.55,1.23,258.44,0.0,0.0
2024-04-22 02:00:00,47.22,102.48,6.64,25.17,0.2,62.58,30.4,41.52,1.25,60.94,0.0,0.0
2024-04-22 03:00:00,40.48,89.2,6.5,19.11,0.2,55.61,29.5,44.34,1.11,83.85,0.0,0.0
2024-04-22 04:00:00,45.32,75.22,6.77,23.98,0.18,52.46,29.02,45.35,1.12,119.67,0.0,0.0
2024-04-22 05:00:00,39.64,69.64,5.18,23.34,0.15,55.24,27.22,55.26,1.42,259.86,0.0,0.0
2024-04-22 06:00:00,37.21,66.4,3.94,34.67,0.12,65.56,26.29,59.44,1.22,41.51,0.0,0.0
2024-04-22 07:00:00,35.53,68.29,7.77,23.44,0.23,60.92,26.71,59.45,1.17,204.17,0.0,8.45
2024-04-22 08:00:00,34.09,82.62,12.4,25.23,0.26,45.51,24.53,73.85,0.9,201.67,1.25,21.82
2024-04-22 09:00:00,28.84,69.1,14.3,18.17,0.32,33.67,23.68,86.31,0.93,183.39,0.0,205.78
2024-04-22 10:00:00,34.56,74.29,6.97,18.89,0.27,34.07,25.74,79.94,1.14,346.15,0.15,495.48
2024-04-22 11:00:00,25.63,57.43,3.96,18.68,0.2,55.45,28.66,65.16,1.36,346.18,0.0,495.62
2024-04-22 12:00:00,29.4,52.92,8.22,21.7,0.34,68.76,30.16,58.04,1.12,50.0,0.0,424.48
2024-04-22 13:00:00,27.83,56.08,11.94,31.96,0.34,67.34,25.96,75.0,0.94,164.75,2.35,40.0
2024-04-22 14:00:00,32.61,69.77,9.57,18.63,0.4,46.46,23.84,90.75,1.09,250.43,0.0,93.08
2024-04-22 15:00:00,28.09,68.66,9.84,16.02,0.31,33.52,24.74,83.21,1.4,340.22,0.0,10.12
2024-04-22 16:00:00,20.6,59.02,12.68,14.81,0.44,47.43,24.91,77.39,0.9,334.69,0.05,59.35
2024-04-22 17:00:00,22.74,58.39,11.06,17.34,0.47,45.8,25.46,74.32,1.36,185.69,0.0,4.38
2024-04-22 18:00:00,28.38,54.36,31.61,21.44,1.14,21.87,25.17,74.33,0.9,228.6,0.0,0.0
2024-04-22 19:00:00,34.1,79.4,27.88,22.6,0.88,22.43,24.44,78.44,1.36,332.73,0.0,0.0
2024-04-22 20:00:00,38.97,93.09,18.53,18.98,0.68,21.09,24.36,81.11,0.96,266.33,0.0,0.0
2024-04-22 21:00:00,44.52,87.12,31.47,19.85,1.35,6.54,24.42,84.02,0.71,242.3,0.0,0.0
2024-04-22 22:00:00,41.13,96.03,30.43,16.35,1.16,8.34,25.09,78.21,1.54,167.94,0.0,0.0
2024-04-22 23:00:00,34.44,86.93,24.47,18.18,0.57,13.46,25.1,74.51,0.9,153.24,0.0,0.0
2024-04-23 00:00:00,38.42,86.83,16.26,20.31,0.38,12.87,23.73,79.19,1.03,241.99,0.0,0.0
2024-04-23 01:00:00,32.69,85.53,17.85,18.1,0.52,4.04,23.3,86.19,0.82,182.11,0.0,0.0
2024-04-23 02:00:00,40.12,95.9,15.84,21.69,0.44,14.29,23.98,79.87,0.83,77.42,0.0,0.0
2024-04-23 03:00:00,37.78,85.43,12.51,21.94,0.5,11.63,23.35,83.32,1.33,107.47,0.0,0.0
2024-04-23 04:00:00,42.64,85.44,7.54,20.61,0.41,19.78,22.77,84.56,0.89,53.57,0.0,0.0
2024-04-23 05:00:00,37.69,70.9,12.34,18.1,0.43,8.64,22.28,87.66,0.75,169.28,0.0,0.0
2024-04-23 06:00:00,28.46,67.23,13.55,16.55,0.5,5.2,22.64,87.36,0.54,240.2,0.0,0.0
2024-04-23 07:00:00,29.93,58.9,13.38,12.63,0.5,28.26,24.95,76.12,1.03,63.36,0.0,11.23
2024-04-23 08:00:00,30.07,58.32,16.68,18.86,0.58,50.16,27.11,67.48,0.94,122.19,0.0,95.55
2024-04-23 09:00:00,37.3,63.38,14.86,17.04,0.53,71.08,29.44,58.95,0.86,109.74,0.0,596.8
2024-04-23 10:00:00,39.0,68.92,10.81,22.26,0.38,84.29,31.64,53.04,0.97,235.38,0.05,785.02
2024-04-23 11:00:00,36.96,66.51,11.17,17.03,0.34,95.36,33.65,48.26,0.83,131.27,0.0,867.38
2024-04-23 12:00:00,27.06,57.62,19.47,14.61,0.38,103.03,35.33,42.38,1.14,172.15,0.0,781.82
2024-04-23 13:00:00,22.15,52.84,17.07,19.33,0.37,104.36,36.2,40.43,0.83,234.79,0.0,638.88
2024-04-23 14:00:00,28.13,54.78,12.38,15.45,0.36,107.0,37.12,39.3,0.85,308.09,0.0,513.1
2024-04-23 15:00:00,29.49,50.84,14.24,20.5,0.48,108.14,36.88,39.69,0.52,293.87,0.0,230.35
2024-04-23 16:00:00,33.96,68.21,21.71,18.03,0.68,92.04,35.93,40.33,0.92,150.67,0.0,44.75
2024-04-23 17:00:00,34.72,75.7,27.02,13.86,0.97,69.6,34.59,45.83,0.65,119.24,0.0,3.8
2024-04-23 18:00:00,40.35,66.75,38.23,13.56,1.26,49.49,33.12,46.47,0.74,152.57,0.0,0.0
2024-04-23 19:00:00,43.76,68.62,21.96,8.5,0.7,55.7,30.78,53.92,1.74,334.87,0.0,0.0
2024-04-23 20:00:00,46.9,69.0,5.56,4.47,0.31,88.13,26.9,62.64,1.71,263.11,0.0,0.0
2024-04-23 21:00:00,34.28,67.6,13.26,27.5,0.32,72.92,26.21,61.34,1.38,29.4,0.0,0.0
2024-04-23 22:00:00,33.89,55.72,16.34,10.28,0.47,73.44,26.15,64.29,0.96,83.44,0.0,0.0
2024-04-23 23:00:00,35.86,60.6,12.33,11.08,0.43,64.71,25.49,67.91,1.13,219.16,0.0,0.0
2024-04-24 00:00:00,34.64,56.34,18.5,33.95,0.46,47.67,24.88,69.53,0.53,135.01,0.0,0.0
2024-04-24 01:00:00,28.09,59.14,22.01,41.44,0.41,41.22,25.22,68.93,1.35,166.15,0.0,0.0
2024-04-24 02:00:00,30.44,65.11,11.8,23.9,0.38,47.33,24.66,69.76,1.43,164.42,0.0,0.0
2024-04-24 03:00:00,26.24,54.12,13.48,27.77,0.42,38.56,24.0,72.52,0.46,232.78,0.0,0.0
2024-04-24 04:00:00,26.2,57.89,12.23,21.84,0.39,32.57,23.14,76.98,1.26,324.74,0.0,0.0
2024-04-24 05:00:00,30.79,60.59,12.5,19.34,0.38,29.1,22.72,78.72,1.12,306.75,0.0,0.0
2024-04-24 06:00:00,34.56,63.82,10.63,12.38,0.35,27.54,22.92,78.53,0.88,315.63,0.0,0.0
2024-04-24 07:00:00,36.34,67.85,11.29,18.01,0.4,37.57,25.25,70.66,1.19,253.89,0.0,26.25
2024-04-24 08:00:00,37.17,71.6,13.46,19.64,0.46,53.8,27.7,63.74,0.9,240.16,0.0,89.72
2024-04-24 09:00:00,26.76,66.97,14.12,27.15,0.48,81.94,30.36,55.15,0.88,185.37,0.0,599.75
2024-04-24 10:00:00,30.32,69.79,17.47,28.73,0.61,91.27,32.84,48.32,0.53,161.2,0.0,784.82
2024-04-24 11:00:00,29.59,64.26,16.93,21.04,0.53,108.32,34.72,43.96,0.81,157.82,0.0,858.4
2024-04-24 12:00:00,31.06,66.69,15.16,20.26,0.48,122.33,36.49,41.3,0.52,235.33,0.0,863.88
2024-04-24 13:00:00,40.47,68.18,13.66,20.09,0.44,126.64,37.47,38.76,0.81,102.24,0.0,755.4
2024-04-24 14:00:00,38.88,74.5,12.48,18.09,0.34,116.62,38.31,34.52,0.84,173.89,0.0,562.38
2024-04-24 15:00:00,35.01,56.62,14.62,8.61,0.36,102.65,38.41,32.34,0.77,184.16,0.0,217.68
2024-04-24 16:00:00,26.25,51.26,19.91,13.28,0.57,103.46,37.62,34.74,1.26,163.24,0.0,65.35
2024-04-24 17:00:00,29.0,52.53,21.02,11.38,0.66,91.72,36.26,37.4,0.98,164.07,0.0,1.42
2024-04-24 18:00:00,30.61,60.57,9.45,13.85,0.37,86.43,31.17,48.58,1.36,167.97,0.0,0.0
2024-04-24 19:00:00,30.78,60.32,23.35,45.2,0.74,58.63,29.69,51.15,0.87,263.56,0.0,0.0
2024-04-24 20:00:00,44.88,78.51,32.01,40.49,0.91,37.89,29.21,53.14,1.41,305.08,0.0,0.0
2024-04-24 21:00:00,49.16,88.69,24.3,22.29,0.7,40.68,28.67,55.45,1.25,309.55,0.0,0.0
2024-04-24 22:00:00,35.9,78.69,9.23,12.96,0.29,63.16,28.44,51.99,1.2,328.3,0.0,0.0
2024-04-24 23:00:00,28.31,58.41,6.44,12.3,0.23,69.16,28.07,53.51,1.22,327.58,0.0,0.0
2024-04-25 00:00:00,25.98,49.64,8.64,11.5,0.22,58.43,27.04,57.34,1.3,310.08,0.0,0.0
2024-04-25 01:00:00,22.47,45.31,10.63,12.51,0.24,51.19,26.56,57.22,1.2,335.42,0.0,0.0
2024-04-25 02:00:00,25.18,52.14,24.33,12.66,0.24,36.8,25.86,62.17,1.41,310.58,0.0,0.0
2024-04-25 03:00:00,35.01,53.04,12.74,13.05,0.23,38.5,25.58,61.3,1.12,297.25,0.0,0.0
2024-04-25 04:00:00,31.35,50.8,11.46,14.07,0.23,32.83,24.98,61.66,1.08,250.27,0.0,0.0
2024-04-25 05:00:00,24.28,47.49,10.34,13.88,0.24,38.83,24.77,60.43,1.2,323.16,0.0,0.0
2024-04-25 06:00:00,29.02,41.88,11.57,9.07,0.27,39.66,24.87,61.6,1.2,298.65,0.0,0.0
2024-04-25 07:00:00,21.18,34.51,26.7,10.51,0.66,33.24,27.46,56.77,0.84,270.92,0.0,14.9
2024-04-25 08:00:00,26.34,56.54,19.93,20.73,0.44,57.73,30.77,49.52,0.86,331.59,0.0,110.1
2024-04-25 09:00:00,29.34,59.67,18.45,13.11,0.43,71.82,34.12,43.86,0.91,324.09,0.0,441.9
2024-04-25 10:00:00,28.75,64.14,11.8,11.0,0.36,80.45,34.98,42.38,1.18,336.81,0.0,467.9
2024-04-25 11:00:00,27.49,52.28,10.88,18.77,0.3,85.78,35.02,41.22,1.13,336.24,0.0,336.95
2024-04-25 12:00:00,35.03,49.82,15.68,16.48,0.41,106.7,37.16,36.63,0.72,121.27,0.0,864.42
2024-04-25 13:00:00,26.11,43.09,17.65,12.47,0.43,109.3,39.15,31.83,0.68,150.39,0.0,798.5
2024-04-25 14:00:00,33.94,50.42,14.45,9.68,0.34,105.08,39.53,30.64,0.66,114.54,0.0,572.9
2024-04-25 15:00:00,39.71,54.08,17.94,11.64,0.41,107.36,39.36,31.34,0.84,145.99,0.0,204.9
2024-04-25 16:00:00,35.63,52.59,12.97,13.62,0.36,113.36,38.48,33.38,0.76,78.96,0.0,31.88
2024-04-25 17:00:00,37.88,60.3,12.43,10.34,0.36,90.79,35.6,37.44,1.47,346.5,0.0,0.0
2024-04-25 18:00:00,33.08,50.53,8.69,9.12,0.34,82.97,32.22,41.67,1.28,326.14,0.0,0.0
2024-04-25 19:00:00,25.7,48.48,16.22,5.3,0.45,64.78,30.8,44.78,1.41,329.16,0.0,0.0
2024-04-25 20:00:00,26.2,53.56,8.28,9.66,0.27,79.74,30.26,44.1,1.36,12.32,0.0,0.0
2024-04-25 21:00:00,31.42,49.12,18.98,61.62,0.45,64.08,29.4,46.88,0.92,239.08,0.0,0.0
2024-04-25 22:00:00,35.56,55.98,9.35,10.28,0.26,70.89,29.26,46.5,1.27,251.31,0.0,0.0
2024-04-25 23:00:00,36.86,53.3,6.31,14.38,0.22,79.67,29.01,48.18,1.15,120.15,0.0,0.0
2024-04-26 00:00:00,26.72,45.29,9.52,26.46,0.24,79.32,28.21,52.84,1.21,322.63,0.0,0.0
2024-04-26 01:00:00,25.86,45.65,3.62,10.57,0.22,90.38,27.2,56.96,1.69,335.68,0.0,0.0
2024-04-26 02:00:00,38.48,45.71,4.26,8.97,0.18,83.41,28.48,48.11,0.92,339.61,0.0,0.0
2024-04-26 03:00:00,28.24,39.35,5.64,16.24,0.19,64.42,27.8,51.11,1.18,313.38,0.0,0.0
2024-04-26 04:00:00,30.17,41.91,5.2,13.01,0.21,70.25,26.26,60.76,1.29,326.93,0.05,0.0
2024-04-26 05:00:00,28.07,37.24,5.67,9.74,0.25,52.46,25.74,67.41,1.04,173.02,0.0,0.0
2024-04-26 06:00:00,28.6,31.24,22.3,9.6,0.49,42.44,27.06,60.01,0.66,194.54,0.0,0.0
2024-04-26 07:00:00,21.22,34.86,24.35,12.14,0.7,31.64,27.2,61.48,0.8,213.38,0.0,0.0
2024-04-26 08:00:00,30.02,66.17,22.26,6.44,0.74,33.34,27.26,65.3,0.97,314.04,0.0,24.72
2024-04-26 09:00:00,31.44,43.98,9.14,8.99,0.39,49.91,28.8,61.85,1.18,332.12,0.0,388.88
2024-04-26 10:00:00,36.14,53.12,10.11,13.08,0.4,74.24,32.94,51.2,1.14,339.66,0.05,559.67
2024-04-26 11:00:00,31.78,58.85,8.12,9.77,0.41,73.03,33.26,51.9,1.07,338.08,0.0,106.88
2024-04-26 12:00:00,36.26,58.07,9.68,9.1,0.43,72.23,34.06,49.84,1.18,12.23,0.0,473.42
2024-04-26 13:00:00,26.47,49.9,12.6,11.6,0.55,94.2,35.14,47.59,1.27,39.62,0.0,232.45
2024-04-26 14:00:00,28.98,60.77,16.33,11.86,0.76,84.56,34.49,51.22,1.18,35.54,0.0,100.78
2024-04-26 15:00:00,41.55,68.42,24.24,8.35,1.01,68.64,33.91,54.82,1.19,195.6,0.0,118.55
2024-04-26 16:00:00,44.3,74.42,26.32,17.08,1.16,79.13,34.21,54.56,1.23,48.0,0.0,47.25
2024-04-26 17:00:00,52.63,93.11,34.57,17.86,1.4,58.6,33.01,56.73,0.7,157.06,0.0,0.62
2024-04-26 18:00:00,50.67,116.6,68.32,21.73,2.62,18.55,32.02,58.23,0.98,195.57,0.0,0.0
2024-04-26 19:00:00,53.82,127.7,31.87,19.65,1.06,52.79,31.37,50.2,0.86,180.52,0.0,0.0
2024-04-26 20:00:00,52.07,120.66,39.48,12.26,1.19,40.65,30.41,50.17,1.03,71.87,0.0,0.0
2024-04-26 21:00:00,47.16,102.78,30.94,12.95,0.96,47.5,30.07,50.78,1.03,197.75,0.0,0.0
2024-04-26 22:00:00,53.18,101.06,5.89,10.25,0.31,78.6,28.08,59.54,1.51,256.1,0.0,0.0
2024-04-26 23:00:00,43.06,79.25,6.6,10.15,0.31,73.8,29.05,51.98,1.48,327.03,0.0,0.0
2024-04-27 00:00:00,37.76,66.26,17.48,10.14,0.4,48.72,27.38,59.86,1.25,74.44,0.0,0.0
2024-04-27 01:00:00,33.35,63.61,13.9,6.52,0.32,33.3,23.92,82.3,0.75,259.96,0.35,0.0
2024-04-27 02:00:00,40.14,63.79,8.69,9.4,0.28,30.96,22.72,88.02,0.63,187.38,0.1,0.0
2024-04-27 03:00:00,32.57,63.66,9.91,9.44,0.27,28.22,23.18,83.37,0.85,138.19,0.0,0.0
2024-04-27 04:00:00,36.14,51.88,10.36,11.09,0.32,27.34,24.48,74.23,0.92,20.99,0.0,0.0
2024-04-27 05:00:00,25.98,47.18,10.7,15.31,0.4,29.84,25.1,65.83,1.2,259.93,0.0,0.0
2024-04-27 06:00:00,28.66,48.3,13.5,13.56,0.43,27.2,25.32,65.3,1.23,314.35,0.0,0.0
2024-04-27 07:00:00,30.13,44.84,24.76,10.95,0.79,18.33,26.29,66.84,0.68,169.96,0.0,39.8
2024-04-27 08:00:00,36.27,65.52,23.83,24.4,0.67,47.92,28.94,58.11,0.81,75.17,0.0,131.15
2024-04-27 09:00:00,33.58,77.24,22.05,12.6,0.7,72.88,31.49,50.11,0.71,108.81,0.0,574.0
2024-04-27 10:00:00,42.66,73.72,18.43,16.12,0.62,85.73,33.15,46.06,0.64,130.35,0.0,744.2
2024-04-27 11:00:00,38.66,76.64,14.72,19.49,0.54,117.54,35.12,43.38,0.93,63.49,0.0,825.25
2024-04-27 12:00:00,39.78,66.14,20.85,20.82,0.72,166.39,36.93,40.59,0.95,256.4,0.0,826.25
2024-04-27 13:00:00,38.33,71.61,16.1,16.52,0.54,156.13,38.43,34.9,0.46,106.41,0.0,744.3
2024-04-27 14:00:00,41.5,79.52,12.14,17.64,0.4,146.4,38.73,34.08,1.16,46.62,0.0,541.08
2024-04-27 15:00:00,39.67,79.52,6.87,17.73,0.31,145.28,38.39,34.86,1.14,101.92,0.0,221.38
2024-04-27 16:00:00,42.91,74.37,5.62,21.08,0.29,138.08,37.91,35.96,1.0,21.51,0.0,39.67
2024-04-27 17:00:00,49.18,74.1,7.3,21.6,0.35,118.77,36.56,39.8,1.1,197.96,0.0,0.05
2024-04-27 18:00:00,52.24,76.78,41.74,14.4,1.26,58.34,33.67,47.55,1.0,235.82,0.0,0.0
2024-04-27 19:00:00,54.88,78.62,62.5,14.85,2.0,22.22,31.73,55.45,1.25,293.9,0.0,0.0
2024-04-27 20:00:00,54.62,109.91,83.56,9.24,2.97,3.76,30.86,58.52,1.0,309.94,0.0,0.0
2024-04-27 21:00:00,68.37,124.72,93.26,12.75,3.21,0.24,30.48,55.39,1.02,214.28,0.0,0.0
2024-04-27 22:00:00,80.74,143.73,60.87,11.42,2.17,10.01,30.07,55.53,0.79,209.03,0.0,0.0
2024-04-27 23:00:00,76.83,148.17,38.07,11.24,1.51,17.23,29.35,57.92,0.97,312.16,0.0,0.0
2024-04-28 00:00:00,69.44,129.12,27.77,13.13,0.77,18.44,28.36,63.94,1.3,313.34,0.0,0.0
2024-04-28 01:00:00,68.36,126.83,20.01,14.56,0.43,26.36,27.72,63.92,1.4,310.24,0.0,0.0
2024-04-28 02:00:00,55.36,118.92,13.54,18.23,0.24,36.83,27.68,63.02,1.47,321.92,0.0,0.0
2024-04-28 03:00:00,63.75,111.44,14.04,15.31,0.25,32.8,27.25,63.34,0.81,284.4,0.0,0.0
2024-04-28 04:00:00,55.02,99.17,14.23,14.22,0.24,30.14,26.46,65.38,0.74,193.72,0.0,0.0
2024-04-28 05:00:00,52.65,93.94,11.73,13.7,0.22,27.6,26.49,66.73,1.24,308.77,0.0,0.0
2024-04-28 06:00:00,69.91,92.65,9.34,15.6,0.14,69.46,26.25,70.82,0.85,182.86,0.05,0.0
2024-04-28 07:00:00,55.33,87.66,11.53,8.14,0.21,59.19,25.22,78.04,1.6,207.75,0.05,7.18
2024-04-28 08:00:00,42.68,86.85,8.36,13.98,0.13,57.72,26.87,74.4,1.69,269.48,0.0,192.62
2024-04-28 09:00:00,46.96,82.7,7.15,19.23,0.11,71.64,28.84,65.1,1.6,179.92,0.0,392.95
2024-04-28 10:00:00,51.96,76.8,8.48,30.94,0.08,77.59,30.16,61.06,1.56,178.08,0.0,479.15
2024-04-28 11:00:00,50.24,67.71,6.07,29.76,0.06,92.95,32.22,55.38,1.57,350.42,0.0,777.1
2024-04-28 12:00:00,50.42,71.48,11.5,21.61,0.05,94.46,34.36,50.02,1.09,101.18,0.0,710.08
2024-04-28 13:00:00,42.84,64.93,25.46,92.6,0.06,95.38,35.87,43.04,1.14,102.86,0.0,719.0
2024-04-28 14:00:00,31.86,69.96,5.87,19.7,0.05,118.38,36.64,39.54,1.01,36.62,0.0,494.22
2024-04-28 15:00:00,36.71,60.76,5.78,18.59,0.06,120.3,36.38,39.39,1.14,113.78,0.0,227.38
2024-04-28 16:00:00,30.52,65.78,5.57,17.75,0.04,114.93,35.99,39.55,1.04,103.44,0.0,43.45
2024-04-28 17:00:00,39.9,69.82,7.58,25.52,0.1,99.2,34.62,43.6,1.11,252.73,0.0,0.0
2024-04-28 18:00:00,43.46,65.22,23.25,60.69,0.4,74.86,32.94,47.56,1.14,69.9,0.0,0.0
2024-04-28 19:00:00,44.19,67.72,38.02,44.49,0.95,54.1,31.9,48.67,1.06,72.92,0.0,0.0
2024-04-28 20:00:00,38.97,73.18,44.92,25.62,1.26,41.64,30.96,49.36,1.2,71.95,0.0,0.0
2024-04-28 21:00:00,42.52,76.87,43.23,18.23,1.24,24.44,29.89,53.44,0.79,131.79,0.0,0.0
2024-04-28 22:00:00,46.01,86.22,35.1,30.32,0.99,23.32,28.76,56.6,0.59,92.05,0.0,0.0
2024-04-28 23:00:00,51.09,86.3,49.46,31.11,1.41,6.68,27.8,61.47,0.88,214.94,0.0,0.0
2024-04-29 00:00:00,54.37,93.72,45.49,26.72,1.2,1.48,26.98,65.89,0.95,297.96,0.0,0.0
2024-04-29 01:00:00,56.71,103.57,40.68,19.87,1.26,31.45557426384334,26.11,72.38,1.1,294.15,0.0,0.0
2024-04-29 02:00:00,59.42,105.4,34.52,17.47,1.13,33.301948533378365,25.36,76.18,1.38,307.65,0.0,0.0
2024-04-29 03:00:00,56.97,106.42,30.13,17.05,1.07,32.99845370305552,25.04,77.52,1.34,301.71,0.0,0.0
2024-04-29 04:00:00,57.67,115.78,21.84,17.38,0.83,4.65,25.17,76.14,1.19,298.33,0.0,0.0
2024-04-29 05:00:00,62.19,120.23,16.19,22.05,0.55,25.18,26.56,65.78,0.56,243.32,0.0,0.0
2024-04-29 06:00:00,63.34,111.43,12.88,24.15,0.29,64.67,27.88,60.61,1.35,220.5,0.0,1.02
2024-04-29 07:00:00,55.81,96.88,9.33,14.95,0.32,59.01,28.47,63.17,1.36,348.97,0.0,34.7
2024-04-29 08:00:00,45.22,84.81,11.27,16.79,0.34,58.54,29.82,61.05,0.97,192.85,0.0,157.85
2024-04-29 09:00:00,38.21,83.36,15.09,18.45,0.4,72.22,32.5,53.86,0.98,157.81,0.0,454.98
2024-04-29 10:00:00,42.84,75.89,20.49,19.52,0.72,102.36,35.28,45.46,0.86,149.68,0.0,652.75
2024-04-29 11:00:00,48.28,80.88,14.92,14.15,0.39,97.97,36.5,42.92,0.76,195.88,0.0,386.08
2024-04-29 12:00:00,49.7,82.14,13.04,13.82,0.42,87.09,36.01,45.22,0.66,198.62,0.0,209.98
2024-04-29 13:00:00,45.58,77.92,13.79,16.81,0.38,100.52,38.39,37.12,0.85,212.8,0.0,668.88
2024-04-29 14:00:00,34.98,72.78,18.6,16.3,0.41,105.67,39.78,34.32,0.86,193.27,0.0,511.55
2024-04-29 15:00:00,42.36,59.48,15.42,24.15,0.34,114.51,39.87,34.52,0.48,234.6,0.0,250.65
2024-04-29 16:00:00,42.38,76.55,21.46,25.02,0.54,110.42,38.87,37.97,0.47,229.29,0.0,65.9
2024-04-29 17:00:00,62.32,86.82,31.54,23.12,0.85,95.97,37.8,41.1,0.82,188.04,0.0,2.33
2024-04-29 18:00:00,61.4,92.08,32.33,14.85,1.16,68.47,35.16,47.08,1.08,251.46,0.0,0.0
2024-04-29 19:00:00,65.85,99.96,30.24,13.01,1.38,30.98,33.04,53.81,1.11,183.61,0.0,0.0
2024-04-29 20:00:00,62.06,112.99,61.64,10.38,2.67,10.34,32.39,56.54,0.84,149.78,0.0,0.0
2024-04-29 21:00:00,66.92,118.21,84.67,11.17,3.13,6.8,32.44,55.43,0.78,98.53,0.0,0.0
2024-04-29 22:00:00,80.13,131.4,48.38,12.86,1.37,42.29,31.98,55.26,1.1,127.04,0.0,0.0
2024-04-29 23:00:00,81.85,136.94,30.55,19.21,1.21,31.7,30.94,59.13,1.23,345.4,0.0,0.0
2024-04-30 00:00:00,84.26,148.16,17.93,24.09,0.6,38.64,29.64,60.78,0.8,251.77,0.0,0.0
2024-04-30 01:00:00,74.31,138.66,13.48,16.56,0.44,32.91,28.42,65.84,1.42,315.03,0.0,0.0
2024-04-30 02:00:00,70.85,132.42,8.52,13.4,0.18,49.08,28.35,62.36,1.18,312.04,0.0,0.0
2024-04-30 03:00:00,58.7,105.52,9.24,12.13,0.16,55.91,28.94,59.03,1.23,266.17,0.05,0.0
2024-04-30 04:00:00,53.8,95.25,7.85,6.54,0.19,40.36,24.26,88.68,0.75,201.71,1.1,0.0
2024-04-30 05:00:00,71.63,100.38,11.08,8.23,0.27,21.42,23.87,95.49,1.01,298.74,0.0,0.0
2024-04-30 06:00:00,72.53,89.0,8.47,8.09,0.21,21.02,23.97,95.13,1.5,317.05,0.0,0.0
2024-04-30 07:00:00,53.36,80.77,7.51,8.15,0.24,31.77,25.32,83.72,1.23,341.34,0.05,36.98
2024-04-30 08:00:00,51.76,81.73,8.56,11.2,0.29,36.38,28.98,71.72,1.17,171.45,0.0,181.98
2024-04-30 09:00:00,46.64,71.06,6.8,22.35,0.14,62.98,32.96,52.93,1.25,327.52,0.0,589.52
2024-04-30 10:00:00,39.72,65.88,6.01,20.44,0.06,78.12,35.22,42.1,1.32,261.02,0.0,750.58
2024-04-30 11:00:00,38.47,68.03,7.13,16.66,0.03,94.81,37.32,36.86,1.1,268.44,0.0,820.32
2024-04-30 12:00:00,43.97,69.41,12.88,14.26,0.45,95.82,38.81,32.74,0.84,254.07,0.0,832.2
2024-04-30 13:00:00,35.93,70.32,16.24,12.8,0.4,105.94,39.91,30.17,0.77,181.22,0.0,753.5
2024-04-30 14:00:00,37.54,79.94,19.52,13.24,0.49,105.25,40.59,28.51,0.66,207.67,0.0,489.2
2024-04-30 15:00:00,28.01,71.9,15.68,6.93,0.39,89.05,40.75,27.77,0.75,318.8,0.0,215.98
2024-04-30 16:00:00,27.93,76.54,21.28,9.47,0.52,76.89,39.83,28.52,0.73,323.24,0.0,30.05
2024-04-30 17:00:00,34.22,75.26,39.25,5.97,0.96,53.27,37.71,32.9,0.45,248.57,0.0,0.0
2024-04-30 18:00:00,42.2,72.86,78.57,8.26,3.08,22.54,34.32,40.1,0.66,247.87,0.0,0.0
2024-04-30 19:00:00,45.62,95.17,85.72,15.43,5.56,4.65,32.8,43.78,0.91,281.7,0.0,0.0
2024-04-30 20:00:00,57.53,154.24,43.76,11.68,1.21,32.7,32.83,37.11,0.7,291.51,0.0,0.0
2024-04-30 21:00:00,46.59,118.9,29.06,8.54,0.74,42.36,31.11,39.94,1.24,299.29,0.0,0.0
2024-04-30 22:00:00,40.03,106.76,21.53,7.37,0.58,43.07,29.88,40.59,1.28,300.12,0.0,0.0
2024-04-30 23:00:00,43.06,94.13,26.95,12.36,0.71,33.21,28.78,43.56,1.18,275.54,0.0,0.0
2024-05-01 00:00:00,50.4,94.84,27.99,16.4,0.65,16.05,27.04,53.69,1.34,306.53,0.0,0.0
2024-05-01 01:00:00,52.59,102.53,41.34,47.61,0.86,1.29,26.08,58.7,1.37,320.8,0.0,0.0
2024-05-01 02:00:00,83.32,151.68,26.18,33.46,0.38,21.21,26.15,50.52,1.28,309.05,0.0,0.0
2024-05-01 03:00:00,60.4,130.72,17.55,18.46,0.25,31.97,25.88,47.28,1.2,303.12,0.0,0.0
2024-05-01 04:00:00,34.4,100.93,14.75,14.08,0.22,30.95,25.29,52.2,1.23,248.6,0.0,0.0
2024-05-01 05:00:00,42.45,95.55,10.03,14.97,0.16,39.02,25.76,46.5,0.87,44.28,0.0,0.0
2024-05-01 06:00:00,42.88,91.6,30.44,14.43,0.76,10.84,26.56,46.86,1.11,173.77,0.0,0.0
2024-05-01 07:00:00,52.04,103.27,32.52,9.96,0.72,15.02,27.99,49.32,1.13,177.92,0.0,25.75
2024-05-01 08:00:00,48.39,106.82,17.51,12.15,0.34,56.54,31.14,39.06,0.78,267.81,0.0,187.88
2024-05-01 09:00:00,34.98,99.27,8.9,6.56,0.15,75.52,33.97,32.48,1.18,338.71,0.0,643.25
2024-05-01 10:00:00,38.54,96.52,10.17,11.48,0.15,84.88,35.96,29.42,1.12,339.01,0.0,808.28
2024-05-01 11:00:00,27.52,96.74,12.58,11.38,0.21,87.8,37.74,26.06,0.88,302.58,0.0,865.4
2024-05-01 12:00:00,30.81,95.72,16.42,9.47,0.25,83.22,39.34,24.23,0.79,265.85,0.0,881.45
2024-05-01 13:00:00,33.8,85.7,14.25,10.16,0.19,86.63,40.39,23.21,0.74,272.13,0.0,791.62
2024-05-01 14:00:00,34.86,87.84,13.38,11.23,0.16,90.51,40.53,22.92,0.74,301.34,0.0,472.45
2024-05-01 15:00:00,28.25,83.04,11.08,13.01,0.13,92.88,39.94,23.61,1.03,310.77,0.0,180.95
2024-05-01 16:00:00,26.73,79.76,15.53,12.62,0.18,90.82,39.36,24.45,0.81,314.13,0.0,29.83
2024-05-01 17:00:00,30.79,82.3,18.86,9.11,0.4,74.21,37.56,27.53,0.52,240.9,0.0,0.5
2024-05-01 18:00:00,38.03,77.53,20.2,9.55,0.36,62.18,34.88,28.02,1.22,339.52,0.0,0.0
2024-05-01 19:00:00,27.36,72.84,13.49,6.19,0.3,64.6,33.26,28.3,1.38,324.89,0.0,0.0
2024-05-01 20:00:00,20.08,69.87,17.95,6.7,0.48,53.39,31.42,31.06,1.21,303.78,0.0,0.0
2024-05-01 21:00:00,25.54,72.36,22.78,7.4,0.65,43.79,29.91,33.53,1.3,293.33,0.0,0.0
2024-05-01 22:00:00,32.82,80.31,28.74,4.93,0.78,34.56,28.5,36.75,1.28,283.3,0.0,0.0
2024-05-01 23:00:00,41.3,87.22,50.05,5.88,1.39,9.97,27.02,40.82,1.05,247.15,0.0,0.0
2024-05-02 00:00:00,42.33,106.18,51.29,11.08,1.25,0.84,25.71,51.22,1.19,295.48,0.0,0.0
2024-05-02 01:00:00,52.29,120.81,27.01,27.46,0.57,11.32,24.85,51.89,1.39,328.24,0.0,0.0
2024-05-02 02:00:00,62.16,139.82,18.71,23.48,0.36,26.54,24.44,47.83,1.36,306.97,0.0,0.0
2024-05-02 03:00:00,57.34,132.7,13.08,17.58,0.28,35.21,24.3,45.48,1.36,309.53,0.0,0.0
2024-05-02 04:00:00,38.95,108.1,10.12,14.19,0.26,41.41,23.46,47.6,1.25,303.52,0.0,0.0
2024-05-02 05:00:00,36.46,93.81,8.4,11.52,0.34,43.98,22.7,47.32,1.18,288.18,0.0,0.0
2024-05-02 06:00:00,41.42,96.17,9.27,10.16,0.28,42.85,23.44,44.2,1.12,312.86,0.0,0.0
2024-05-02 07:00:00,41.8,88.18,11.86,11.82,0.35,52.69,26.58,40.67,1.19,261.09,0.0,7.05
2024-05-02 08:00:00,42.5,95.06,12.86,26.9,0.28,75.33,29.8,31.54,1.43,92.82,0.0,160.15
2024-05-02 09:00:00,32.96,104.09,11.47,16.61,0.26,97.14,32.81,27.27,1.16,23.27,0.0,720.05
2024-05-02 10:00:00,33.94,118.37,16.08,44.11,0.34,115.7,34.67,26.37,0.81,58.73,0.0,878.28
2024-05-02 11:00:00,42.14,123.52,23.18,111.62,0.29,116.24,36.88,22.6,0.65,111.1,0.0,948.8
2024-05-02 12:00:00,52.71,123.9,16.9,53.81,0.15,123.85,38.18,20.0,0.76,31.4,0.0,946.75
2024-05-02 13:00:00,38.85,121.14,16.75,37.38,0.22,126.56,38.8,19.41,0.59,208.04,0.0,859.1
2024-05-02 14:00:00,44.88,119.43,13.56,9.15,0.18,118.95,39.54,19.21,0.74,203.6,0.0,482.02
2024-05-02 15:00:00,36.92,107.17,14.22,8.9,0.21,111.22,39.15,19.53,0.99,286.08,0.0,144.7
2024-05-02 16:00:00,27.45,97.74,14.68,8.6,0.26,100.36,38.04,21.26,0.95,324.28,0.0,33.55
2024-05-02 17:00:00,32.11,88.36,15.33,9.0,0.27,93.04,36.09,23.58,0.98,250.95,0.0,0.0
2024-05-02 18:00:00,32.51,84.48,65.9,11.12,2.67,43.92,32.82,26.93,1.02,249.82,0.0,0.0
2024-05-02 19:00:00,39.0,89.63,86.8,7.61,2.71,0.2,29.86,34.62,1.1,314.38,0.0,0.0
2024-05-02 20:00:00,43.72,100.06,58.8,8.26,2.11,11.89,28.21,38.86,1.28,322.13,0.0,0.0
2024-05-02 21:00:00,41.68,99.74,37.87,11.27,0.86,30.9,27.73,33.59,1.4,314.17,0.0,0.0
2024-05-02 22:00:00,36.32,111.89,32.62,15.96,0.86,34.17,27.12,36.61,1.3,309.18,0.0,0.0
2024-05-02 23:00:00,42.26,116.58,20.26,15.54,0.5,64.63,27.5,31.54,0.83,295.09,0.0,0.0
2024-05-03 00:00:00,38.91,107.12,16.96,12.02,0.28,65.4,26.6,32.64,0.94,276.5,0.0,0.0
2024-05-03 01:00:00,48.63,110.11,12.73,14.33,0.22,63.13,25.28,34.88,1.32,309.46,0.0,0.0
2024-05-03 02:00:00,52.86,100.44,10.32,13.28,0.19,64.83,24.7,37.61,1.18,316.69,0.0,0.0
2024-05-03 03:00:00,48.75,103.49,7.91,13.79,0.18,66.72,23.93,37.45,1.13,312.09,0.0,0.0
2024-05-03 04:00:00,37.95,93.39,8.2,15.13,0.17,64.34,23.08,38.17,1.24,302.94,0.0,0.0
2024-05-03 05:00:00,37.46,88.24,11.27,14.17,0.18,53.98,22.49,40.43,1.22,239.86,0.0,0.0
2024-05-03 06:00:00,37.09,96.12,11.42,13.53,0.21,50.85,22.64,41.81,1.46,329.24,0.0,0.0
2024-05-03 07:00:00,45.78,93.17,13.59,10.38,0.27,55.02,25.33,40.37,1.47,337.86,0.0,5.92
2024-05-03 08:00:00,43.44,102.01,14.77,32.08,0.32,91.79,29.92,31.69,1.27,107.7,0.0,166.38
2024-05-03 09:00:00,40.36,105.6,14.3,16.8,0.3,115.65,33.56,25.54,1.02,111.92,0.0,684.18
2024-05-03 10:00:00,43.58,112.78,23.06,20.08,0.52,140.22,35.59,24.2,0.88,84.66,0.0,835.32
2024-05-03 11:00:00,44.79,119.7,22.66,18.56,0.48,162.89,37.69,23.21,0.64,96.35,0.0,907.65
2024-05-03 12:00:00,48.97,124.17,20.58,63.73,0.37,169.35,38.91,20.42,0.78,103.88,0.0,907.8
2024-05-03 13:00:00,52.26,129.52,19.54,96.5,0.27,182.61,39.96,19.88,0.51,153.17,0.0,798.78
2024-05-03 14:00:00,48.62,134.05,19.62,108.54,0.22,182.6,40.17,19.77,0.84,128.44,0.0,397.3
2024-05-03 15:00:00,54.8,138.06,26.96,87.84,0.39,169.93,39.82,20.07,1.14,128.76,0.0,130.93
2024-05-03 16:00:00,56.88,128.49,27.31,43.94,0.45,154.79,39.1,20.5,0.81,251.27,0.0,21.4
2024-05-03 17:00:00,51.65,133.41,20.4,7.57,0.41,113.62,37.13,23.7,0.88,169.88,0.0,0.0
2024-05-03 18:00:00,51.98,120.46,102.1,9.42,2.89,22.61,33.46,30.03,1.1,157.3,0.0,0.0
2024-05-03 19:00:00,71.65,142.11,98.81,16.74,3.72,19.62,31.98,31.84,0.99,86.4,0.0,0.0
2024-05-03 20:00:00,66.75,167.18,72.31,12.74,2.34,16.3,30.64,33.48,1.06,131.04,0.0,0.0
2024-05-03 21:00:00,85.18,179.51,70.74,13.24,2.13,11.87,29.12,35.64,1.26,320.69,0.0,0.0
2024-05-03 22:00:00,74.25,176.23,68.74,12.5,2.03,6.18,27.77,43.36,1.39,319.06,0.0,0.0
2024-05-03 23:00:00,74.36,164.72,56.21,22.7,1.72,7.21,26.61,42.46,1.31,317.2,0.0,0.0
2024-05-04 00:00:00,78.24,186.08,35.77,22.59,1.09,20.52,26.11,45.54,1.27,320.64,0.0,0.0
2024-05-04 01:00:00,106.93,194.98,24.6,20.63,0.72,38.03,25.27,43.06,1.36,321.86,0.0,0.0
2024-05-04 02:00:00,105.08,193.97,17.93,15.98,0.51,49.48,25.37,44.08,0.92,238.28,0.0,0.0
2024-05-04 03:00:00,93.34,172.17,19.79,13.28,0.38,46.63,24.62,46.04,0.85,209.78,0.0,0.0
2024-05-04 04:00:00,89.0,158.34,7.8,4.72,0.48,32.68,24.37,54.99,1.4,319.38,0.0,0.0
2024-05-04 05:00:00,79.04,141.44,10.41,14.29,0.39,49.31,24.07,46.5,1.14,317.48,0.0,0.0
2024-05-04 06:00:00,75.08,132.12,11.32,16.19,0.45,47.47,24.24,45.7,1.35,336.74,0.0,0.0
2024-05-04 07:00:00,72.24,128.85,10.84,13.27,0.38,57.76,27.01,41.86,1.39,263.12,0.0,6.78
2024-05-04 08:00:00,73.7,124.89,32.83,10.98,0.78,82.04,30.42,37.46,0.88,150.2,0.0,152.7
2024-05-04 09:00:00,79.66,138.94,29.68,17.26,0.78,118.53,33.33,32.9,1.14,113.76,0.0,640.3
2024-05-04 10:00:00,80.72,147.12,16.62,31.72,0.43,155.5,36.11,27.67,1.09,44.21,0.0,805.32
2024-05-04 11:00:00,60.9,149.98,18.41,48.67,0.4,166.3,38.64,22.01,0.78,67.22,0.0,866.42
2024-05-04 12:00:00,53.76,137.28,21.86,86.61,0.36,174.22,40.2,20.0,0.95,168.62,0.0,868.62
2024-05-04 13:00:00,53.76,130.72,32.16,77.72,0.51,178.66,40.58,19.29,1.15,199.82,0.0,638.9
2024-05-04 14:00:00,59.8,139.02,18.67,63.63,0.25,181.22,40.65,19.86,0.85,185.03,0.0,346.92
2024-05-04 15:00:00,65.85,132.55,24.49,56.42,0.35,187.86,40.6,20.4,0.96,119.3,0.0,150.0
2024-05-04 16:00:00,64.25,136.07,24.03,58.22,0.37,186.31,39.85,22.18,0.8,77.51,0.0,51.9
2024-05-04 17:00:00,61.9,135.2,42.69,60.88,1.02,140.65,38.08,25.59,1.09,206.25,0.0,0.62
2024-05-04 18:00:00,65.8,139.78,108.02,70.28,3.03,55.47,34.34,30.18,1.18,250.11,0.0,0.0
2024-05-04 19:00:00,77.79,170.0,86.47,69.54,2.26,38.68,31.66,34.66,1.35,307.23,0.0,0.0
2024-05-04 20:00:00,98.75,198.12,74.45,35.11,2.34,17.23,29.9,46.58,0.91,231.44,0.0,0.0
2024-05-04 21:00:00,102.48,222.36,87.9,47.22,2.88,6.81,28.96,48.18,1.26,312.91,0.0,0.0
2024-05-04 22:00:00,92.71,205.68,50.71,72.11,1.36,33.58,28.33,38.33,1.26,330.93,0.0,0.0
2024-05-04 23:00:00,92.76,215.08,49.18,72.15,1.41,23.7,27.84,41.12,1.27,325.52,0.0,0.0
2024-05-05 00:00:00,99.85,250.18,53.78,84.6,1.7,23.09,26.96,42.08,1.11,303.97,0.0,0.0
2024-05-05 01:00:00,113.43,271.75,45.68,93.26,1.57,44.42,26.44,42.36,0.94,296.54,0.0,0.0
2024-05-05 02:00:00,133.28,280.13,32.53,60.73,0.48,59.11,26.21,40.86,0.65,269.76,0.0,0.0
2024-05-05 03:00:00,111.04,238.74,21.39,44.61,0.32,55.13,25.6,44.1,1.2,297.7,0.0,0.0
2024-05-05 04:00:00,94.67,193.78,14.52,31.45,0.19,56.08,25.37,43.27,1.28,316.79,0.0,0.0
2024-05-05 05:00:00,84.09,160.07,9.72,21.74,0.14,65.01,25.5,42.77,1.14,289.74,0.0,0.0
2024-05-05 06:00:00,65.33,118.99,40.89,24.15,0.63,22.93,26.06,43.74,1.12,235.15,0.0,0.0
2024-05-05 07:00:00,54.7,125.83,19.03,21.89,0.33,45.4,29.14,43.24,1.04,98.04,0.0,9.45
2024-05-05 08:00:00,56.04,134.56,8.14,15.6,0.08,79.52,32.9,31.41,1.25,174.59,0.0,204.35
2024-05-05 09:00:00,49.72,115.64,6.35,17.45,0.09,100.18,35.91,28.13,1.4,173.4,0.0,652.83
2024-05-05 10:00:00,52.82,114.71,5.53,23.24,0.04,105.11,38.32,26.55,1.63,92.32,0.0,816.95
2024-05-05 11:00:00,47.72,111.51,4.07,19.02,0.0,111.16,40.08,24.5,1.53,187.68,0.0,886.0
2024-05-05 12:00:00,39.65,102.02,9.54,15.28,0.03,107.14,41.9,23.46,0.72,85.21,0.0,883.6
2024-05-05 13:00:00,42.14,90.2,14.88,13.2,0.14,98.1,42.54,23.44,0.66,206.49,0.0,800.18
2024-05-05 14:00:00,35.32,102.56,13.45,10.19,0.08,88.92,42.93,22.81,0.8,244.8,0.0,393.75
2024-05-05 15:00:00,35.07,88.56,9.98,7.36,0.04,88.18,42.32,23.86,0.97,291.24,0.0,126.2
2024-05-05 16:00:00,33.17,80.17,6.49,6.24,0.01,81.26,41.3,23.78,1.16,303.48,0.0,18.0
2024-05-05 17:00:00,24.62,68.9,5.35,10.1,0.0,75.53,39.63,25.84,1.19,311.42,0.0,0.0
2024-05-05 18:00:00,23.8,63.83,9.71,11.25,0.02,59.34,37.07,29.2,1.11,328.73,0.0,0.0
2024-05-05 19:00:00,18.86,60.79,13.99,12.0,0.22,43.56,35.76,32.2,1.41,330.76,0.0,0.0
2024-05-05 20:00:00,29.18,69.79,14.98,10.94,0.26,41.15,34.56,35.12,1.28,325.97,0.0,0.0
2024-05-05 21:00:00,24.25,65.71,17.13,12.37,0.28,36.5,33.21,36.92,0.93,267.58,0.0,0.0
2024-05-05 22:00:00,32.65,70.74,48.46,16.99,2.52,14.04,32.12,40.9,0.99,177.99,0.0,0.0
2024-05-05 23:00:00,45.64,116.45,48.64,16.87,2.09,3.86482630573445,31.88,42.42,0.8,223.6,0.0,0.0
2024-05-06 00:00:00,54.88,132.96,36.58,11.47,0.8,2.58,31.37,42.76,1.06,137.63,0.0,0.0
2024-05-06 01:00:00,50.44,121.12,30.24,16.93,0.65,0.74,30.08,46.69,0.96,161.64,0.0,0.0
2024-05-06 02:00:00,50.47,119.62,23.1,17.35,0.42,9.16,29.97,45.1,0.89,256.9,0.0,0.0
2024-05-06 03:00:00,48.22,113.99,8.39,12.14,0.1,27.73,30.48,41.66,0.82,317.56,0.0,0.0
2024-05-06 04:00:00,39.05,89.52,3.59,9.38,0.01,31.43,30.45,41.02,0.95,317.97,0.0,0.0
2024-05-06 05:00:00,36.75,67.14,4.66,9.84,0.04,28.58,30.56,39.86,0.79,313.99,0.0,0.0
2024-05-06 06:00:00,27.0,66.46,16.26,10.38,0.38,12.31,30.33,43.1,0.98,183.24,0.0,0.0
2024-05-06 07:00:00,27.53,58.27,19.18,13.37,0.39,16.44,31.83,42.8,0.72,208.76,0.0,57.97
2024-05-06 08:00:00,31.37,65.77,12.06,9.35,0.14,30.86,33.07,41.34,1.12,170.83,0.0,244.52
2024-05-06 09:00:00,24.93,61.02,7.58,13.2,0.06,51.77,36.02,36.74,1.4,341.58,0.0,670.48
2024-05-06 10:00:00,24.62,70.34,8.78,13.6,0.12,60.04,37.48,34.9,1.1,246.27,0.0,840.2
2024-05-06 11:00:00,21.0,66.26,8.18,12.14,0.11,72.28,39.02,32.73,0.56,120.75,0.0,903.9
2024-05-06 12:00:00,23.62,58.9,7.21,11.46,0.22,67.16,40.76,30.18,0.59,287.86,0.0,903.15
2024-05-06 13:00:00,21.39,60.54,15.04,4.62,0.32,66.61,41.72,28.25,0.8,254.41,0.0,827.18
2024-05-06 14:00:00,25.81,68.96,12.09,6.66,0.25,69.96,42.12,26.34,1.01,307.07,0.0,369.7
2024-05-06 15:00:00,19.3,61.36,12.88,12.69,0.22,72.04,41.87,26.69,0.9,298.89,0.0,105.28
2024-05-06 16:00:00,15.02,52.93,12.88,14.07,0.26,72.48,41.0,27.42,0.96,307.97,0.0,3.15
2024-05-06 17:00:00,16.87,60.96,11.77,14.98,0.25,70.85,39.63,28.75,1.16,330.38,0.0,0.0
2024-05-06 18:00:00,16.66,47.04,26.09,16.09,0.66,47.88,37.26,30.65,1.2,324.81,0.0,0.0
2024-05-06 19:00:00,23.09,56.46,33.28,16.8,0.72,34.08,35.22,34.2,1.31,316.45,0.0,0.0
2024-05-06 20:00:00,26.1,64.01,20.4,12.76,0.59,37.68,35.28,36.21,1.16,331.56,0.0,0.0
2024-05-06 21:00:00,26.72,67.44,15.5,14.72,0.42,47.74,35.09,35.06,1.26,332.69,0.0,0.0
2024-05-06 22:00:00,23.56,64.28,12.3,13.41,0.35,50.14,34.05,35.61,1.1,305.17,0.0,0.0
2024-05-06 23:00:00,25.9,59.33,14.02,6.88,0.37,42.38,33.14,36.92,1.27,284.23,0.0,0.0
2024-05-07 00:00:00,23.01,60.36,11.98,13.34,0.36,38.87,31.92,39.34,1.22,303.06,0.0,0.0
2024-05-07 01:00:00,22.58,59.44,10.25,14.79,0.35,29.29,30.61,45.59,1.27,321.19,0.0,0.0
2024-05-07 02:00:00,29.88,63.2,20.03,15.49,0.43,17.19,30.46,48.66,0.7,202.63,0.0,0.0
2024-05-07 03:00:00,32.93,75.93,17.63,14.76,0.46,17.72,29.05,54.96,0.39,194.71,0.0,0.0
2024-05-07 04:00:00,23.58,64.15,18.82,14.99,0.4,15.2,29.26,54.54,0.92,154.35,0.0,0.0
2024-05-07 05:00:00,23.61,62.81,20.51,16.15,0.44,14.44,29.09,55.05,0.6,231.0,0.0,0.0
2024-05-07 06:00:00,23.56,69.36,19.85,17.72,0.52,11.71,28.7,55.5,0.83,271.28,0.0,0.0
2024-05-07 07:00:00,24.74,71.35,22.26,27.92,0.7,29.15,31.57,47.09,1.1,142.6,0.0,31.48
2024-05-07 08:00:00,29.66,77.1,22.31,32.77,0.72,50.62,33.28,50.43,1.65,166.46,0.0,182.88
2024-05-07 09:00:00,42.74,108.06,21.12,27.27,0.84,53.09,34.66,52.53,1.74,163.13,0.0,581.75
2024-05-07 10:00:00,45.39,100.36,19.16,21.94,0.82,53.04,36.27,49.24,1.54,159.12,0.0,697.65
2024-05-07 11:00:00,47.22213559722724,97.98370721592097,16.24,21.41,0.7,40.90708102733029,36.82,46.9,1.58,168.51,0.0,626.72
2024-05-07 12:00:00,16.3,100.0,18.38,19.78,0.6327922658910937,28.78947330574926,38.11,46.78,1.86,169.64,0.0,842.68
2024-05-07 13:00:00,21.21,113.91,13.94,17.01,0.3685782882653948,82.06,37.36,47.86,1.99,165.13,0.0,740.65
2024-05-07 14:00:00,28.73,106.48,13.32,24.274045982874615,0.43,87.84,37.25,44.3,1.98,161.81,0.0,449.88
2024-05-07 15:00:00,33.98,99.82,10.06,6.15,0.42,75.86,33.58,51.42,2.12,168.42,0.0,179.3
2024-05-07 16:00:00,35.52,92.73,11.58639480214074,6.06,0.36,87.84,31.73,54.29,1.34,106.35,0.0,47.28
2024-05-07 17:00:00,36.98,96.67,11.666487655138416,7.45,0.36,73.18,25.3,72.13,1.18,149.99,0.0,0.0
2024-05-07 18:00:00,31.96,102.38,25.82,5.94,0.68,59.72,28.4,56.69,1.31,157.04,0.0,0.0
2024-05-07 19:00:00,29.85,83.67,28.01,4.88,0.82,48.83,28.29,59.92,0.87,153.99,0.0,0.0
2024-05-07 20:00:00,29.17,75.35,29.62,7.28,0.88,43.46,27.62,61.1,0.63,182.76,0.0,0.0
2024-05-07 21:00:00,26.32,69.63,18.02,8.62,0.6,51.3,26.74,62.56,0.99,235.91,0.0,0.0
2024-05-07 22:00:00,29.13,65.12,19.19,9.81,0.63,55.65,27.24,59.38,1.17,206.31,0.0,0.0
2024-05-07 23:00:00,28.1,66.98,15.96,5.31,0.45,60.68,27.31,58.62,1.92,170.72,0.0,0.0
2024-05-08 00:00:00,26.78,66.12,10.15,15.29,0.26,53.39,26.52,62.78,1.52,170.83,0.0,0.0
2024-05-08 01:00:00,28.0,59.8,9.68,26.8,0.25,52.25,25.73,64.45,1.16,137.38,0.0,0.0
2024-05-08 02:00:00,24.04,54.06,9.13,19.09,0.26,42.02,24.89,70.48,1.09,61.59,0.0,0.0
2024-05-08 03:00:00,23.88,49.33,7.48,12.63,0.34,43.44,23.96,75.37,0.98,46.55,0.0,0.0
2024-05-08 04:00:00,19.08,42.68,6.8,12.14,0.32,45.15,24.03,74.39,0.9,66.96,0.0,0.0
2024-05-08 05:00:00,19.95,37.7,8.57,9.34,0.3,42.19,24.19,73.43,0.69,124.48,0.0,0.0
2024-05-08 06:00:00,21.84,40.47,11.86,9.11,0.39,35.75,24.82,71.76,1.08,246.32,0.0,0.0
2024-05-08 07:00:00,22.13,41.92,15.81,6.36,0.56,37.88,26.32,67.56,1.13,178.78,0.0,57.65
2024-05-08 08:00:00,24.49,41.74,15.87,12.0,0.54,52.52,28.3,60.14,1.43,180.92,0.0,196.2
2024-05-08 09:00:00,23.0,50.16,18.9,28.67,0.62,65.48,30.6,53.62,1.42,194.86,0.05,550.02
2024-05-08 10:00:00,25.66,52.18,14.86,15.24,0.58,75.9,32.61,49.74,1.13,209.78,0.0,745.98
2024-05-08 11:00:00,24.58,54.26,15.44,13.14,0.52,85.57,34.95,45.67,0.8,257.49,0.0,820.88
2024-05-08 12:00:00,23.59,62.54,18.26,13.44,0.58,95.74,36.59,42.65,0.72,244.05,0.0,819.98
2024-05-08 13:00:00,24.04,65.78,22.7,14.04,0.55,93.9,38.02,39.52,0.78,261.78,0.0,742.18
2024-05-08 14:00:00,24.67,66.56,11.62,13.96,0.41,108.35,38.34,38.65,0.82,178.8,0.0,343.78
2024-05-08 15:00:00,27.49,64.98,10.4,13.54,0.37,110.28,38.48,37.65,0.38,173.3,0.0,142.45
2024-05-08 16:00:00,30.84,59.78,22.62,12.51,0.66,96.1,37.96,37.92,1.18,164.56,0.0,19.58
2024-05-08 17:00:00,33.5,64.62,35.05,12.14,1.06,76.11,37.28,38.82,1.01,150.07,0.0,0.18
2024-05-08 18:00:00,37.2,76.85,63.05,8.76,2.02,34.37,35.14,42.88,1.15,52.44,0.0,0.0
2024-05-08 19:00:00,38.84,87.91,76.73,9.58,2.99,18.16,34.06,47.19,1.04,103.22,0.0,0.0
2024-05-08 20:00:00,43.64,95.14,44.07,13.19,1.42,36.95,32.66,52.41,1.21,68.39,0.0,0.0
2024-05-08 21:00:00,52.66,101.66,28.97,11.58,1.07,45.9,31.93,53.03,0.94,90.72,0.0,0.0
2024-05-08 22:00:00,52.4,101.72,24.58,11.59,0.83,47.62,31.28,54.33,0.88,71.86,0.0,0.0
2024-05-08 23:00:00,49.69,94.75,25.87,9.94,0.83,38.44,30.45,57.05,1.02,110.41,0.0,0.0
2024-05-09 00:00:00,54.87,91.82,23.52,9.79,0.62,31.13,29.67,60.14,1.16,73.02,0.0,0.0
2024-05-09 01:00:00,53.9,92.09,13.14,12.06,0.44,42.91,29.35,61.6,1.1,81.85,0.0,0.0
2024-05-09 02:00:00,51.7,88.11,8.88,11.08,0.35,49.52,29.6,60.24,1.08,135.4,0.0,0.0
2024-05-09 03:00:00,42.87,80.85,7.91,10.32,0.31,46.1,29.1,61.75,1.01,138.24,0.0,0.0
2024-05-09 04:00:00,39.07,74.78,12.21,8.77,0.32,34.2,27.93,65.95,1.0,182.17,0.0,0.0
2024-05-09 05:00:00,44.06,69.9,13.24,8.59,0.29,36.65,27.6,66.65,0.68,178.69,0.0,0.0
2024-05-09 06:00:00,42.14,65.25,14.11,9.02,0.39,38.57,28.28,65.39,0.74,158.56,0.0,0.0
2024-05-09 07:00:00,41.0,66.5,18.74,11.78,0.58,45.27,29.62,61.93,1.5,166.7,0.0,45.18
2024-05-09 08:00:00,41.46,65.4,19.3,15.68,0.53,59.54,31.09,59.25,1.68,165.2,0.0,149.68
2024-05-09 09:00:00,39.22,62.87,19.29,23.16,0.45,69.06,28.13,69.5,1.5,287.77,3.25,9.82
2024-05-09 10:00:00,28.43,55.03,11.925498982857919,22.263898087460415,0.23761937608987155,77.71,20.73,97.22,1.31,119.08,0.4,0.0
2024-05-09 11:00:00,47.724031938336786,98.2709727044994,22.680115143041164,16.855077002728958,0.6925347109208515,38.52080639567355,,,,,,
2024-05-09 12:00:00,41.08,56.54,21.44,4.94,0.49,62.42,21.54,93.63,1.27,152.9,0.1,61.62
2024-05-09 13:00:00,50.93,58.24,24.45,10.23,0.69,63.32,23.58,79.79,1.66,155.26,0.0,149.43
2024-05-09 14:00:00,31.44,54.05,18.81,7.33,0.49,72.9,25.96,68.93,1.27,143.9,0.0,317.77
2024-05-09 15:00:00,25.27,53.09,19.21,4.68,0.46,75.81,26.45,66.59,1.91,171.71,0.0,128.93
2024-05-09 16:00:00,26.74,51.36,24.14,6.88,0.58,69.24,28.13,61.47,1.51,178.01,0.0,21.28
2024-05-09 17:00:00,28.44,53.34,36.1,13.59,1.16,50.04,28.31,60.86,1.18,167.44,0.0,0.0
2024-05-09 18:00:00,34.89,55.27,30.9,14.59,0.89,32.57,26.33,68.56,1.07,333.59,0.0,0.0
2024-05-09 19:00:00,33.53,53.63,47.06,10.59,1.33,19.35,25.84,69.91,0.66,152.85,0.0,0.0
2024-05-09 20:00:00,23.92,55.38,46.97,7.56,1.43,16.28,25.59,71.68,1.28,135.47,0.0,0.0
2024-05-09 21:00:00,27.92,64.12,44.91,11.5,1.38,13.78,24.74,75.75,0.44,89.61,0.0,0.0
2024-05-09 22:00:00,41.85,82.23,44.19,8.9,1.31,6.49,24.03,79.46,0.7,177.56,0.0,0.0
2024-05-09 23:00:00,42.5,93.76,40.97,8.78,1.42,2.15,24.2,81.03,0.43,186.38,0.0,0.0
2024-05-10 00:00:00,39.5,95.99,42.38,4.86,1.7,3.749986127152905,24.44,82.03,0.79,114.32,0.0,0.0
2024-05-10 01:00:00,38.12,101.26,33.83,5.29,1.01,11.13,24.56,80.89,0.89,122.42,0.0,0.0
2024-05-10 02:00:00,30.83,86.38,11.14,6.06,0.25,33.57,24.08,78.32,0.99,84.54,0.0,0.0
2024-05-10 03:00:00,24.02,68.45,8.01,5.33,0.22,34.15,23.79,79.8,0.89,93.25,0.0,0.0
2024-05-10 04:00:00,25.36,61.2,6.93,4.8,0.2,31.71,23.48,81.52,0.77,109.46,0.0,0.0
2024-05-10 05:00:00,29.04,58.22,7.56,4.72,0.2,24.12,23.16,84.27,0.88,87.94,0.0,0.0
2024-05-10 06:00:00,27.17,55.97,8.3,4.57,0.26,28.99,23.64,83.32,1.03,119.2,0.0,0.0
2024-05-10 07:00:00,25.47,47.32,11.48,4.08,0.35,38.26,24.98,78.54,1.35,156.47,0.0,26.0
2024-05-10 08:00:00,24.21,41.43,14.26,6.39,0.42,44.85,26.88,72.4,1.62,170.35,0.0,197.5
2024-05-10 09:00:00,18.93,47.94,17.54,14.19,0.67,48.35,29.15,66.83,1.57,163.33,0.0,596.0
2024-05-10 10:00:00,18.08,56.01,21.86,21.84,0.68,49.65,31.05,62.91,1.6,174.27,0.0,763.32
2024-05-10 11:00:00,27.43,63.26,18.09,14.85,0.56,65.34,32.26,61.76,1.88,167.58,0.0,845.35
2024-05-10 12:00:00,48.59,66.83,21.2,12.82,0.58,80.88,34.13,56.65,1.45,176.88,0.0,850.78
2024-05-10 13:00:00,61.89,74.83,18.98,15.37,0.56,91.26,35.36,53.94,1.46,170.48,0.0,767.9
2024-05-10 14:00:00,55.53,82.59,16.35,16.36,0.55,102.97,36.02,51.52,1.51,169.78,0.0,340.6
2024-05-10 15:00:00,51.78,82.66,15.74,16.24,0.57,107.3,36.36,50.82,1.48,163.52,0.0,123.32
2024-05-10 16:00:00,52.02,85.16,22.86,12.46,0.72,105.24,36.04,50.35,1.58,163.04,0.0,17.47
2024-05-10 17:00:00,43.01,81.04,36.22,12.88,1.1,73.41,35.19,52.02,1.34,157.92,0.0,0.0
2024-05-10 18:00:00,39.15,85.59,43.98,9.28,1.53,47.81,33.18,56.14,1.12,94.93,0.0,0.0
2024-05-10 19:00:00,44.81,99.62,59.86,11.88,1.93,25.72,32.2,56.93,1.12,102.8,0.0,0.0
2024-05-10 20:00:00,52.56,109.1,40.3,7.29,1.27,30.21,30.7,62.28,1.31,242.98,0.0,0.0
2024-05-10 21:00:00,45.72,107.97,11.75,12.98,0.36,89.08,30.2,51.97,1.78,344.34,0.0,0.0
2024-05-10 22:00:00,31.76,94.56,12.82,11.41,0.49,77.57,29.39,54.4,0.59,221.14,0.0,0.0
2024-05-10 23:00:00,29.84,82.54,24.21,11.8,0.6,56.82,28.85,58.5,1.13,162.41,0.0,0.0
2024-05-11 00:00:00,32.47,83.86,14.67,2.18,0.35,56.3,27.74,62.92,0.8,220.32,0.0,0.0
2024-05-11 01:00:00,30.04,82.75,14.88,6.83,0.34,48.17,27.36,64.24,0.81,185.64,0.0,0.0
2024-05-11 02:00:00,31.05,79.46,14.36,8.56,0.32,43.9,27.09,67.69,1.06,315.09,0.0,0.0
2024-05-11 03:00:00,33.32,75.53,6.2,7.3,0.24,45.13,26.22,71.34,1.4,325.62,0.0,0.0
2024-05-11 04:00:00,27.95,65.53,4.92,4.53,0.21,42.06,25.74,70.88,1.28,314.3,0.0,0.0
2024-05-11 05:00:00,21.72,57.98,5.48,4.65,0.21,42.61,26.09,68.26,1.38,343.13,0.0,0.0
2024-05-11 06:00:00,21.08,64.1,10.12,6.14,0.35,39.74,26.37,66.82,0.86,252.36,0.0,0.0
2024-05-11 07:00:00,26.48,68.61,23.24,4.71,0.75,21.56,27.51,67.78,0.67,195.88,0.0,62.85
2024-05-11 08:00:00,32.27,70.78,23.89,7.01,0.69,37.82,28.97,64.71,1.55,173.47,0.0,153.38
2024-05-11 09:00:00,39.22,76.61,21.81,7.54,0.74,57.82,30.36,59.12,1.47,183.43,0.0,385.38
2024-05-11 10:00:00,38.36,76.54,25.96,15.03,0.86,65.32,31.83,55.49,1.29,164.31,0.0,267.08
2024-05-11 11:00:00,37.03,82.67,23.67,13.98,0.65,80.63,33.47,52.87,1.56,167.58,0.0,772.72
2024-05-11 12:00:00,39.51,88.55,19.5,12.88,0.52,110.82,35.78,44.28,1.52,162.96,0.0,861.68
2024-05-11 13:00:00,29.43,52.3,18.78,15.71,0.46,114.38,37.48,39.78,0.98,148.72,0.0,777.02
2024-05-11 14:00:00,42.42,88.7,22.22,15.34,0.47,115.94,37.66,39.46,1.02,139.45,0.0,305.25
2024-05-11 15:00:00,40.04,103.46,13.12,14.38,0.31,131.4,37.73,38.47,0.97,166.59,0.0,126.55
2024-05-11 16:00:00,40.64,115.09,5.86,7.71,0.25,130.96,37.25,39.61,0.72,125.65,0.0,30.22
2024-05-11 17:00:00,38.48,89.96,35.02,6.36,0.93,83.54,35.97,45.24,0.93,186.32,0.0,0.0
2024-05-11 18:00:00,45.29,145.6,53.9,8.28,1.52,50.11,33.52,50.24,1.2,238.72,0.0,0.0
2024-05-11 19:00:00,29.13,100.78,58.79,4.82,2.21,32.58,31.78,55.6,1.1,303.14,0.0,0.0
2024-05-11 20:00:00,37.14,104.1,76.25,2.72,2.5,6.86,30.39,66.62,1.32,309.09,0.0,0.0
2024-05-11 21:00:00,43.52,114.33,69.62,2.92,4.27,2.36,29.9,65.57,1.26,298.99,0.0,0.0
2024-05-11 22:00:00,55.14,143.77,54.04,5.59,4.9,2.92,29.42,70.06,1.23,299.34,0.0,0.0
2024-05-11 23:00:00,64.37,163.8,52.98,3.93,2.1,3.12,28.72,69.52,0.99,260.08,0.0,0.0
2024-05-12 00:00:00,70.22,166.23,45.86,7.32,1.24,6.08,28.2,69.55,1.4,323.76,0.0,0.0
2024-05-12 01:00:00,67.54,151.0,27.08,7.32,0.7,12.08,27.54,70.53,1.32,316.93,0.0,0.0
2024-05-12 02:00:00,62.02,142.02,18.17,6.88,0.37,19.86,27.01,73.64,1.3,287.2,0.0,0.0
2024-05-12 03:00:00,53.86,122.6,15.26,8.26,0.26,29.63,26.75,69.56,1.31,301.55,0.0,0.0
2024-05-12 04:00:00,57.52,120.34,18.48,7.4,0.23,13.93,26.38,77.69,1.36,331.38,0.0,0.0
2024-05-12 05:00:00,60.1,121.44,24.55,12.43,0.41,9.41,26.41,75.33,0.62,169.68,0.0,0.0
2024-05-12 06:00:00,65.58,128.75,29.16,13.0,0.73,7.1,27.5,73.56,0.84,90.76,0.0,0.0
2024-05-12 07:00:00,66.66,134.04,26.68,14.26,0.69,26.29,29.22,68.29,1.17,25.26,0.0,22.48
2024-05-12 08:00:00,70.2,139.9,29.12,13.19,0.7,71.34,31.61,58.29,1.12,153.22,0.0,191.42
2024-05-12 09:00:00,71.0,145.82,23.27,16.58,0.36,93.17,33.76,52.54,1.34,150.37,0.0,578.65
2024-05-12 10:00:00,77.32,141.07,18.09,16.22,0.16,111.24,35.37,47.32,1.12,165.07,0.0,728.1
2024-05-12 11:00:00,71.4,124.09,14.92,15.36,0.09,122.3,37.02,44.66,0.9,115.68,0.0,786.2
2024-05-12 12:00:00,67.45,113.79,10.92,12.83,0.06,123.92,37.72,43.2,1.12,105.62,0.0,699.88
2024-05-12 13:00:00,58.16,98.12,8.96,10.25,0.04,117.34,37.76,42.96,0.9,150.57,0.0,286.65
2024-05-12 14:00:00,42.95,89.85,27.9,11.64,0.85,61.31,33.63,50.83,0.86,231.48,0.0,0.0
2024-05-12 15:00:00,41.08,93.54,14.28,13.58,0.42,69.84,30.8,53.73,1.01,296.86,0.0,0.0
2024-05-12 16:00:00,41.86,91.34,19.38,7.97,0.48,64.52,30.91,54.7,1.01,273.38,0.0,18.25
2024-05-12 17:00:00,47.21,89.74,18.57,15.14,0.45,71.14,30.69,53.16,1.04,294.93,0.0,0.0
2024-05-12 18:00:00,52.97,86.93,22.6,12.78,0.55,62.68,29.98,54.67,0.87,313.19,0.0,0.0
2024-05-12 19:00:00,51.22,82.85,20.63265769237792,12.48,0.6,57.49,29.19,55.06,0.64,250.52,0.0,0.0
2024-05-12 20:00:00,49.2,85.04,26.29,9.4,0.59,55.75,28.37,56.76,0.69,242.0,0.0,0.0
2024-05-12 21:00:00,50.62,81.8,35.45,10.54,0.97,33.76,28.28,57.45,0.89,153.72,0.0,0.0
2024-05-12 22:00:00,44.4,75.6,23.07,13.4,0.56,48.58,28.28,56.92,1.36,133.5,0.0,0.0
2024-05-12 23:00:00,38.3,70.23,11.73,14.22,0.33,74.47,27.46,66.58,2.23,164.56,0.0,0.0
2024-05-13 00:00:00,30.06,68.64,8.68,12.5,0.24,83.11,26.35,68.54,1.62,176.4,0.0,0.0
2024-05-13 01:00:00,24.92,61.22,5.9,12.29,0.21,79.26,25.99,69.46,0.77,199.09,0.0,0.0
2024-05-13 02:00:00,29.45,53.54,5.38,13.1,0.24,67.2,25.8,72.23,1.06,236.8,0.0,0.0
2024-05-13 03:00:00,25.56,48.57,4.78,13.98,0.21,70.87,25.59,72.28,0.94,300.28,0.0,0.0
2024-05-13 04:00:00,27.5,48.13,6.04,8.34,0.24,60.5,25.1,76.12,1.19,194.82,0.0,0.0
2024-05-13 05:00:00,24.73,43.42,4.29,6.94,0.23,56.97,24.46,78.81,1.03,319.55,0.0,0.0
2024-05-13 06:00:00,26.28,43.03,6.2,6.32,0.26,49.57,24.5,78.71,0.99,97.98,0.0,0.0
2024-05-13 07:00:00,31.0,42.87,8.46,5.92,0.27,43.87,24.76,79.59,1.36,339.8,0.0,3.32
2024-05-13 08:00:00,29.92,40.34,9.34,11.23,0.33,47.17,25.98,75.04,0.82,167.51,0.0,111.45
2024-05-13 09:00:00,31.91,42.38,10.1,18.43,0.32,58.13,27.9,68.33,1.21,173.91,0.0,276.75
2024-05-13 10:00:00,31.52,44.46,17.08,17.26,0.62,66.97,29.83,62.88,0.77,132.59,0.0,576.35
2024-05-13 11:00:00,28.58,46.72,18.08,12.33,0.62,90.75,31.06,58.91,1.12,151.73,0.0,477.28
2024-05-13 12:00:00,30.15,53.6,20.91,10.18,0.62,95.61,32.07,56.26,1.12,146.52,0.0,541.1
2024-05-13 13:00:00,34.27,61.32,22.53,14.66,0.64,118.04,34.1,50.56,0.98,159.98,0.0,786.88
2024-05-13 14:00:00,33.16,65.19,11.44,14.77,0.35,143.17,35.33,47.36,0.6,197.4,0.0,419.95
2024-05-13 15:00:00,37.62,63.94,11.65,13.84,0.38,147.46,35.6,47.04,0.8,67.9,0.0,167.98
2024-05-13 16:00:00,36.79,57.83,17.55,7.99,0.56,145.28,35.38,47.15,0.72,118.72,0.0,45.02
2024-05-13 17:00:00,31.21,62.56,19.52,7.99,0.66,133.1,34.42,49.43,0.78,176.26,0.0,0.0
2024-05-13 18:00:00,29.8,64.21,56.74,4.77,2.27,48.22,32.68,53.8,0.7,139.16,0.0,0.0
2024-05-13 19:00:00,26.19,73.21,60.21,5.96,2.2,25.83,31.1,56.94,0.92,83.62,0.0,0.0
2024-05-13 20:00:00,32.48,84.53,42.54,9.85,2.05,19.04,30.01,58.8,1.08,178.61,0.0,0.0
2024-05-13 21:00:00,43.13,105.04,66.39,13.78,2.62,8.18,28.82,63.28,0.98,114.6,0.0,0.0
2024-05-13 22:00:00,53.29,121.04,37.23,7.86,1.35,12.9,27.65,71.04,0.97,316.47,0.0,0.0
2024-05-13 23:00:00,55.4,118.85,28.26,12.42,1.15,12.9,27.22,69.65,1.14,328.97,0.0,0.0
2024-05-14 00:00:00,46.05,116.71,20.7,11.37,0.88,9.01,26.38,76.75,1.02,162.92,0.0,0.0
2024-05-14 01:00:00,43.7,114.68,16.6,11.99,0.8,6.55,25.83,81.57,1.07,325.15,0.0,0.0
2024-05-14 02:00:00,57.25,111.72,15.29,9.68,0.64,5.29,25.27,84.16,1.2,309.82,0.0,0.0
2024-05-14 03:00:00,64.72,109.94,15.61,10.54,0.54,8.8,25.31,79.43,0.98,257.52,0.0,0.0
2024-05-14 04:00:00,60.2,106.32,11.88,8.19,0.39,10.04,24.97,80.86,1.21,248.91,0.0,0.0
2024-05-14 05:00:00,50.57,95.62,10.01,8.85,0.3,13.86,25.08,71.92,1.37,325.18,0.0,0.0
2024-05-14 06:00:00,40.06,90.54,10.2,10.02,0.24,28.44,25.88,66.42,1.34,321.8,0.0,2.62
2024-05-14 07:00:00,33.81,86.5,10.94,18.65,0.35,50.14,27.96,60.61,1.23,175.35,0.0,39.4
2024-05-14 08:00:00,35.6,78.6,12.48,20.5,0.24,71.95,30.95,54.02,0.95,260.47,0.0,195.08
2024-05-14 09:00:00,40.96,75.95,11.34,34.6,0.22,102.0,33.47,47.65,0.96,243.5,0.0,594.72
2024-05-14 10:00:00,42.33,74.86,18.37,56.26,0.38,117.84,35.39,43.18,0.77,178.49,0.0,755.25
2024-05-14 11:00:00,43.0,79.74,11.74,42.73,0.2,124.33,36.67,41.14,0.88,108.24,0.0,827.85
2024-05-14 12:00:00,44.23,85.5,16.51,22.88,0.26,127.31,37.81,39.82,1.07,160.89,0.0,831.18
2024-05-14 13:00:00,40.52,79.85,22.08,21.2,0.31,123.66,38.32,37.02,1.12,158.36,0.0,772.22
2024-05-14 14:00:00,39.48,79.42,20.4,14.3,0.23,121.9,38.42,35.96,1.07,167.74,0.0,352.92
2024-05-14 15:00:00,43.34,78.15,17.23,13.52,0.22,124.5,38.01,36.56,0.88,150.76,0.0,148.7
2024-05-14 16:00:00,42.54,76.67,9.66,11.7,0.15,122.8,36.27,39.65,1.24,264.63,0.0,45.72
2024-05-14 17:00:00,44.58,81.59,7.78,7.26,0.29,105.5,31.92,45.45,1.71,263.32,0.0,6.45
2024-05-14 18:00:00,46.1,83.85,13.4,27.88,0.38,88.8,31.31,45.52,1.47,88.66,0.0,0.0
2024-05-14 19:00:00,37.07,82.92,19.93,29.88,0.57,70.77,30.01,49.34,1.16,309.55,0.0,0.0
2024-05-14 20:00:00,32.36,82.96,24.22,19.41,0.72,52.61,28.98,53.06,0.84,252.46,0.0,0.0
2024-05-14 21:00:00,35.8,78.4,19.18,23.37,0.53,66.93,29.46,50.9,0.97,136.98,0.0,0.0
2024-05-14 22:00:00,37.53,81.35,15.91,16.26,0.48,69.99,29.28,51.62,0.95,108.44,0.0,0.0
2024-05-14 23:00:00,37.19,78.91,14.23,15.06,0.52,61.7,28.33,55.28,1.34,241.32,0.0,0.0
2024-05-15 00:00:00,32.35,80.47,8.7,18.86,0.31,79.28,28.92,51.06,1.52,96.94,0.0,0.0
2024-05-15 01:00:00,28.37,74.46,11.44,37.2,0.22,69.07,28.16,54.94,1.34,332.68,0.0,0.0
2024-05-15 02:00:00,29.1,65.98,7.24,8.98,0.23,65.96,26.57,60.95,1.15,305.54,0.0,0.0
2024-05-15 03:00:00,29.72,62.84,8.8,8.14,0.26,60.55,25.8,64.1,1.03,301.51,0.0,0.0
2024-05-15 04:00:00,33.33,58.06,10.81,8.96,0.31,60.26,26.06,62.76,1.35,211.04,0.0,0.0
2024-05-15 05:00:00,32.87,56.52,11.13,18.02,0.34,52.36,26.47,60.59,1.68,172.42,0.0,0.0
2024-05-15 06:00:00,36.88,56.74,12.1,17.76,0.4,46.45,26.53,62.15,1.25,175.16,0.0,0.0
2024-05-15 07:00:00,31.88,59.78,15.38,18.77,0.48,41.4,26.92,63.65,0.77,205.72,0.0,19.32
2024-05-15 08:00:00,32.4,66.16,12.86,16.63,0.46,59.29,29.12,58.21,0.56,162.46,0.0,192.72
2024-05-15 09:00:00,37.52,70.1,16.72,24.46,0.63,89.54,32.01,50.72,0.63,157.25,0.0,419.4
2024-05-15 10:00:00,44.53,76.54,17.74,24.3,0.87,93.16,32.65,48.06,1.38,154.24,0.0,284.6
2024-05-15 11:00:00,46.67,77.1,22.170153067153244,20.61,0.57,105.19,33.98,46.05,1.23,143.44,0.0,588.63
2024-05-15 12:00:00,39.34,80.98,11.48,10.86,0.48,114.04,34.26,42.8,1.34,146.97,0.0,420.88
2024-05-15 13:00:00,41.51,76.65,12.71,10.44,0.55,114.06,34.08,41.77,1.32,146.02,0.0,321.45
2024-05-15 14:00:00,45.1,77.15,9.84,14.04,0.48,127.76,35.14,40.4,1.0,162.39,0.0,358.88
2024-05-15 15:00:00,48.26,79.48,7.62,12.24,0.41,127.28,35.58,40.88,0.88,117.56,0.0,160.3
2024-05-15 16:00:00,46.95,76.49,6.16,11.5,0.41,117.27,35.22,42.91,0.64,252.78,0.0,58.42
2024-05-15 17:00:00,44.34,71.92,8.37,11.76,0.5,106.42,34.68,45.3,0.93,178.09,0.0,12.7
2024-05-15 18:00:00,46.33,74.66,27.76,13.17,1.89,47.85,33.09,49.38,0.91,153.56,0.0,0.0
2024-05-15 19:00:00,49.05,78.87,44.58,10.63,2.74,15.48,31.41,52.39,1.06,66.57,0.0,0.0
2024-05-15 20:00:00,52.25,101.59,48.54,6.36,3.84,4.46,30.46,55.4,1.2,176.15,0.0,0.0
2024-05-15 21:00:00,59.33,121.87,38.68,7.19,2.59,7.07,29.3,62.26,1.24,318.74,0.0,0.0
2024-05-15 22:00:00,67.74,129.23,32.48,12.46,2.2,23.6,29.33,59.46,0.7,258.81,0.0,0.0
2024-05-15 23:00:00,66.31,133.06,18.67,14.18,1.06,61.06,29.96,53.68,0.97,106.92,0.0,0.0
2024-05-16 00:00:00,62.55,117.82,6.94,12.29,0.22,84.32,29.78,53.05,0.99,126.85,0.0,0.0
2024-05-16 01:00:00,61.34,108.34,5.3,15.42,0.24,72.66,28.56,57.15,0.74,227.77,0.0,0.0
2024-05-16 02:00:00,62.22,102.5,5.98,19.93,0.34,59.94,27.85,60.12,0.97,313.92,0.0,0.0
2024-05-16 03:00:00,66.42,96.35,4.77,19.52,0.27,53.36,26.8,65.24,0.96,303.85,0.0,0.0
2024-05-16 04:00:00,63.49,92.0,4.75,11.9,0.25,51.07,26.13,68.08,1.11,305.23,0.0,0.0
2024-05-16 05:00:00,59.95,87.71,4.09,9.52,0.17,41.54,25.49,74.34,1.35,309.45,0.0,0.0
2024-05-16 06:00:00,53.01,82.08,4.1,7.06,0.32,39.96,26.39,72.43,0.95,240.33,0.0,0.2
2024-05-16 07:00:00,46.24,82.87,6.72,15.1,0.326303223944591,51.27,28.59,64.81,0.92,122.64,0.0,35.1
2024-05-16 08:00:00,52.29,82.82,9.3,16.69,0.27083694481983533,76.33,30.6,58.39,0.78,161.28,0.0,182.88
2024-05-16 09:00:00,53.73,87.79,13.4,18.68,0.29843683275573246,89.12,32.08,54.09,1.35,157.55,0.0,526.5
2024-05-16 10:00:00,61.82,94.31,13.8,16.83,0.29925563199847116,95.68,33.68,51.36,1.16,167.46,0.0,675.68
2024-05-16 11:00:00,62.26,105.23,9.72,19.61,0.63,113.91,35.37,47.72,1.02,143.45,0.0,751.3
2024-05-16 12:00:00,65.36,109.67,9.31,11.39,0.54,120.6,37.06,43.96,0.97,193.16,0.0,747.52
2024-05-16 13:00:00,61.64,105.08,9.83,6.64,0.49,127.33,38.32,40.75,0.62,181.15,0.0,690.9
2024-05-16 14:00:00,55.55,98.4,9.2,10.67,0.48,135.7,38.44,39.24,0.68,139.46,0.0,397.45
2024-05-16 15:00:00,56.04,102.15,5.45,13.44,0.35,135.44,38.3,38.47,0.93,136.7,0.0,168.55
2024-05-16 16:00:00,60.15,103.14,3.89,15.41,0.36,133.95,36.99,41.52,1.22,257.6,0.0,32.58
2024-05-16 17:00:00,58.89,106.1,6.07,11.29,0.32,104.46,28.98,59.68,1.14,77.32,0.1,0.0
2024-05-16 18:00:00,54.4,105.54,14.76,1.33,0.8,68.0,26.82,67.32,1.39,209.86,0.0,0.0
2024-05-16 19:00:00,53.38,100.48,17.28,4.09,0.86,61.3,28.15,59.58,1.07,163.72,0.0,0.0
2024-05-16 20:00:00,48.26,92.22,15.84,5.72,0.89,43.56,28.22,61.71,1.12,300.22,0.0,0.0
2024-05-16 21:00:00,46.87,90.88,27.6,3.96,1.96,11.15,28.92,62.64,0.93,217.31,0.0,0.0
2024-05-16 22:00:00,57.84,97.98,27.08,3.16,1.56,8.38,27.97,68.66,0.94,307.54,0.0,0.0
2024-05-16 23:00:00,58.24,98.48,20.66,4.65,1.41,12.23,27.9,66.84,1.02,286.11,0.0,0.0
2024-05-17 00:00:00,61.46,114.13,19.13,14.67,0.92,14.34,27.84,63.61,1.23,323.58,0.0,0.0
2024-05-17 01:00:00,62.81,124.59,12.17,24.92,0.68,34.47,27.82,61.27,1.0,314.76,0.0,0.0
2024-05-17 02:00:00,59.17,122.6,11.82,27.14,0.52,24.96,27.35,65.04,1.0,206.61,0.0,0.0
2024-05-17 03:00:00,63.84,118.92,12.39,23.04,0.42,23.76,27.69,63.63,1.34,189.99,0.0,0.0
2024-05-17 04:00:00,67.23,112.62,8.28,11.66,0.24,39.56,27.54,69.38,1.57,170.63,0.0,0.0
2024-05-17 05:00:00,63.06,106.25,5.92,10.9,0.2,40.86,26.59,76.02,1.85,167.37,0.0,0.0
2024-05-17 06:00:00,59.62,97.86,6.0,12.95,0.22,35.0,26.16,78.23,1.6,175.67,0.0,0.0
2024-05-17 07:00:00,51.5,87.82,7.34,10.36,0.3,23.5,26.18,79.91,1.44,162.87,0.0,45.82
2024-05-17 08:00:00,42.8,69.3,8.41,14.27,0.38,28.31,28.05,73.56,0.62,191.49,0.0,229.55
2024-05-17 09:00:00,37.06,63.75,7.24,14.08,0.28,48.52,30.04,65.14,0.53,278.98,0.0,247.18
2024-05-17 10:00:00,34.38,63.11,7.96,15.15,0.45,56.21,30.52,62.64,0.61,222.8,0.0,257.5
2024-05-17 11:00:00,40.14,61.13,8.21,12.48,0.57,66.18,31.12,60.79,1.19,146.18,0.0,281.37
2024-05-17 12:00:00,39.14,57.86,9.72,5.58,0.55,67.62,32.06,60.28,0.88,153.38,0.0,410.55
2024-05-17 13:00:00,37.59,58.39,9.62,2.33,0.61,83.83,33.1,59.17,1.29,151.75,0.0,478.7
2024-05-17 14:00:00,43.21,60.86,11.21,21.282254229683723,0.56,73.71,33.46,59.72,1.1,142.54,0.0,325.08
2024-05-17 15:00:00,38.47,69.25,10.01,20.71112065652353,0.58,74.62,33.51,60.21,0.99,136.05,0.0,170.0
2024-05-17 16:00:00,36.66,75.44,11.59,17.62,0.66,77.84,33.1,60.26,1.1,141.33,0.0,93.55
2024-05-17 17:00:00,52.09,81.87,12.89,18.17,0.78,73.44,32.88,59.08,0.7,121.99,0.0,0.3
2024-05-17 18:00:00,60.9,90.22,14.91,13.36,0.8,67.66,31.86,61.22,1.05,75.36,0.0,0.0
2024-05-17 19:00:00,60.88,95.73,20.49,15.57,1.36,38.18,30.79,63.62,0.78,113.83,0.0,0.0
2024-05-17 20:00:00,56.49,94.62,26.68,8.71,1.9,17.95,29.88,64.34,0.93,118.52,0.0,0.0
2024-05-17 21:00:00,52.3,93.02,18.37,8.3,0.98,29.0,29.84,61.49,1.62,155.4,0.0,0.0
2024-05-17 22:00:00,44.26,83.89,10.66,5.66,0.56,19.24,28.74,64.61,1.51,167.79,0.0,0.0
2024-05-17 23:00:00,36.25,65.44,8.66,4.45,0.4,14.07,28.22,66.66,1.48,166.03,0.0,0.0
2024-05-18 00:00:00,27.54,50.89,6.8,12.27,0.19,13.7,27.51,69.19,1.32,164.66,0.0,0.0
2024-05-18 01:00:00,20.3,46.27,4.46,15.02,0.11,16.11,26.78,69.97,1.6,171.38,0.0,0.0
2024-05-18 02:00:00,14.8,36.12,4.61,12.99,0.11,15.28,26.11,72.87,1.5,174.28,0.0,0.0
2024-05-18 03:00:00,10.83,25.61,5.34,12.43,0.1,10.55,25.33,76.78,0.93,213.12,0.0,0.0
2024-05-18 04:00:00,8.47,18.79,4.96,5.62,0.09,8.86,25.02,78.31,0.74,182.37,0.0,0.0
2024-05-18 05:00:00,6.24,15.62,5.64,10.58,0.11,6.54,24.69,78.51,0.81,188.2,0.0,0.0
2024-05-18 06:00:00,8.75,19.66,6.23,17.3,0.23,3.86,25.41,77.77,0.74,265.75,0.0,0.0
2024-05-18 07:00:00,9.16,28.65,5.86,33.87,0.22,11.31,26.8,72.52,0.74,222.79,0.0,26.15
2024-05-18 08:00:00,9.05,26.3,6.03,22.87,0.27,19.4,28.65,67.84,0.54,198.86,0.0,173.7
2024-05-18 09:00:00,7.46,22.02,8.36,22.33,0.44,29.86,30.86,61.23,0.59,226.74,0.0,597.9
2024-05-18 10:00:00,5.52,31.4,7.76,25.52,0.34,47.16,32.36,57.52,1.03,137.83,0.0,762.22
2024-05-18 11:00:00,0.07,26.589727195056465,8.36,19.75,0.37,69.03,33.84,53.27,0.99,144.29,0.0,770.25
2024-05-18 12:00:00,23.64,70.18,6.76,11.02,0.35,70.13,35.02,48.98,0.78,150.37,0.0,689.75
2024-05-18 13:00:00,22.02,59.88,7.25,11.86,0.36,68.45,35.84,45.94,1.03,156.45,0.0,779.35
2024-05-18 14:00:00,23.03,47.55,8.54,9.64,0.37,63.16,36.16,42.9,0.98,170.83,0.0,393.3
2024-05-18 15:00:00,18.98,48.02,7.02,13.64,0.21,75.19,36.34,43.87,0.83,86.76,0.0,122.05
2024-05-18 16:00:00,21.1,53.34,7.1,12.9,0.36,56.85,36.02,43.62,0.94,135.66,0.0,59.65
2024-05-18 17:00:00,25.44,55.17,8.78,9.64,0.34,43.05,35.24,44.68,0.49,128.0,0.0,0.0
2024-05-18 18:00:00,28.64,57.91,14.68,11.73,1.02,28.32,33.63,49.85,0.84,85.86,0.0,0.0
2024-05-18 19:00:00,31.8,67.68,26.02,12.63,1.84,6.26,32.3,55.05,0.99,96.39,0.0,0.0
2024-05-18 20:00:00,50.58,89.38,20.34,11.79,1.1,29.86,32.61,55.6,1.44,151.42,0.0,0.0
2024-05-18 21:00:00,40.58,96.37,16.67,8.44,0.84,34.32,32.09,57.52,1.59,155.35,0.0,0.0
2024-05-18 22:00:00,47.03,93.42,16.0,7.7,0.76,23.38,31.44,58.79,1.56,171.28,0.0,0.0
2024-05-18 23:00:00,47.57,96.72,14.62,7.74,0.44,17.22,30.24,61.56,1.13,195.74,0.0,0.0
2024-05-19 00:00:00,44.08,82.9,8.96,4.55,0.23,16.73,29.01,64.23,0.91,283.3,0.0,0.0
2024-05-19 01:00:00,36.56,59.31,6.95,2.1,0.16,17.31,29.1,63.04,1.32,162.26,0.0,0.0
2024-05-19 02:00:00,26.02,54.17,4.84,6.32,0.15,21.53,29.0,65.51,1.56,174.6,0.0,0.0
2024-05-19 03:00:00,18.56,36.9,4.74,8.16,0.16,20.96,28.38,69.37,1.54,170.34,0.0,0.0
2024-05-19 04:00:00,13.32,32.52,6.04,10.06,0.17,13.7,27.77,72.86,1.31,167.87,0.0,0.0
2024-05-19 05:00:00,12.58,32.9,5.58,9.94,0.2,11.74,27.23,75.74,0.52,211.61,0.0,0.0
2024-05-19 06:00:00,25.94,41.12,6.2,11.03,0.39,9.15,27.69,75.17,1.19,187.09,0.0,0.0
2024-05-19 07:00:00,19.38,35.53,7.19,19.88,0.45,11.95,28.7,73.56,1.2,173.29,0.0,24.3
2024-05-19 08:00:00,26.17,44.62,6.15,14.55,0.34,32.76,30.6,65.93,1.06,196.69,0.0,175.28
2024-05-19 09:00:00,19.95,38.58,6.24,9.16,0.33,43.66,32.48,60.19,1.23,199.63,0.0,596.72
2024-05-19 10:00:00,16.96,40.83,6.24,3.59,0.28,49.86,34.4,54.0,0.93,225.47,0.0,750.18
2024-05-19 11:00:00,20.03,42.42,6.3,2.92,0.3,55.55,36.1,48.78,0.89,210.18,0.0,820.15
2024-05-19 12:00:00,29.89,61.89,3.98,4.17,0.25,62.96,37.38,45.76,0.74,131.09,0.0,812.95
2024-05-19 13:00:00,29.38,51.89,4.1,4.54,0.24,77.58,37.89,44.53,0.84,179.74,0.0,727.5
2024-05-19 14:00:00,24.97,42.35,5.13,0.68,0.31,88.19,38.32,41.98,1.28,157.78,0.0,380.95
2024-05-19 15:00:00,20.52,48.72,5.43,2.42,0.26,99.48,38.47,40.16,0.88,107.27,0.0,134.2
2024-05-19 16:00:00,15.44,44.1,8.26,34.32,0.26,101.53,37.92,38.75,0.89,65.87,0.0,55.55
2024-05-19 17:00:00,15.68,47.72,8.68,61.6,0.22,87.66,35.54,42.69,1.51,253.58,0.0,0.0
2024-05-19 18:00:00,34.2,72.18,4.49,7.63,0.27,93.48,32.33,43.12,1.14,312.25,0.0,0.0
2024-05-19 19:00:00,24.15,73.54,11.1,6.75,0.78,70.4,32.56,41.27,0.73,259.33,0.0,0.0
2024-05-19 20:00:00,43.24,69.75,13.84,5.26,0.77,61.3,32.29,43.86,0.75,127.22,0.0,0.0
2024-05-19 21:00:00,34.61,68.79,13.25,4.12,0.7,44.99,31.24,46.84,0.85,175.45,0.0,0.0
2024-05-19 22:00:00,30.38,67.25,20.6,9.02,1.41,15.09,30.67,48.68,0.68,233.74,0.0,0.0
2024-05-19 23:00:00,39.98,90.97,29.42,6.35,2.03,0.0,29.91,52.77,0.65,105.8,0.0,0.0
2024-05-20 00:00:00,61.1,120.39,18.19,13.07,0.64,32.98,30.79,54.16,1.38,159.27,0.0,0.0
2024-05-20 01:00:00,52.38,108.76,6.46,17.72,0.18,38.53,30.96,58.2,1.66,162.96,0.0,0.0
2024-05-20 02:00:00,46.75,85.52,5.33,22.6,0.16,29.32,30.35,61.99,1.35,155.49,0.0,0.0
2024-05-20 03:00:00,39.26,69.5,5.82,23.08,0.12,22.9,28.85,67.75,1.0,249.85,0.0,0.0
2024-05-20 04:00:00,28.07,49.04,6.68,20.57,0.15,16.08,28.22,71.24,0.84,228.23,0.0,0.0
2024-05-20 05:00:00,22.38,49.89,6.62,19.17,0.16,12.65,28.18,72.02,0.7,166.11,0.0,0.0
2024-05-20 06:00:00,34.16,54.11,5.78,15.56,0.22,9.59,28.76,71.46,0.74,193.3,0.0,0.0
2024-05-20 07:00:00,30.47,52.18,6.53,16.61,0.39,13.95,29.7,67.74,1.45,162.8,0.0,21.78
2024-05-20 08:00:00,30.78,59.13,8.94,17.75,0.48,31.04,31.38,63.18,1.55,158.6,0.0,159.1
2024-05-20 09:00:00,24.83,61.61,11.56,20.49,0.58,53.26,33.47,58.2,1.37,163.42,0.0,554.9
2024-05-20 10:00:00,22.19,62.69,10.72,19.37,0.5,64.99,34.93,54.36,0.98,170.13,0.0,711.02
2024-05-20 11:00:00,32.77,65.88,8.5,14.66,0.33,73.18,36.23,50.88,0.96,209.08,0.0,798.05
2024-05-20 12:00:00,43.59,71.74,6.24,11.15,0.26,73.49,37.54,46.9,1.08,121.3,0.0,795.52
2024-05-20 13:00:00,39.91,70.21,9.27,16.86,0.3,84.04,38.71,43.61,0.88,182.06,0.0,719.15
2024-05-20 14:00:00,33.86,67.74,6.42,24.82,0.25,96.91,39.25,41.98,0.74,136.88,0.0,384.52
2024-05-20 15:00:00,33.05,60.35,7.0,25.88,0.3,96.59,39.58,41.32,0.81,139.47,0.0,120.57
2024-05-20 16:00:00,32.67,55.16,9.0,21.98,0.52,91.37,38.87,41.93,0.86,168.28,0.0,55.52
2024-05-20 17:00:00,28.32,57.96,13.41,14.53,0.86,76.38,38.06,43.17,1.08,148.73,0.0,0.0
2024-05-20 18:00:00,52.15,88.8,17.63,10.68,1.03,49.36,36.38,46.72,0.78,56.06,0.0,0.0
2024-05-20 19:00:00,54.35,91.96,29.49,14.47,2.76,18.61,34.51,51.54,0.92,63.78,0.0,0.0
2024-05-20 20:00:00,58.66,104.25,39.61,13.94,3.19,0.57,34.12,52.18,1.08,63.59,0.0,0.0
2024-05-20 21:00:00,62.2,124.98,38.39,10.71,2.67,2.93,34.23,50.83,0.91,177.95,0.0,0.0
2024-05-20 22:00:00,51.84,120.12,22.9,11.7,0.81,19.44,33.47,51.94,0.87,265.24,0.0,0.0
2024-05-20 23:00:00,59.46,120.21,19.53,7.14,0.65,15.62,31.7,59.0,1.17,244.3,0.0,0.0
2024-05-21 00:00:00,68.85,129.3,12.24,18.99,0.2,21.55,31.08,61.5,1.0,322.27,0.0,0.0
2024-05-21 01:00:00,51.65,106.44,9.23,21.95,0.1,26.64,30.88,60.97,0.43,168.9,0.0,0.0
2024-05-21 02:00:00,52.47,93.23,6.14,25.6,0.0,32.23,30.5,61.59,0.74,127.4,0.0,0.0
2024-05-21 03:00:00,43.12,81.84,6.31,24.77,0.03,27.26,29.61,64.83,0.89,169.53,0.0,0.0
2024-05-21 04:00:00,41.85,71.72,7.4,23.94,0.03,20.53,29.13,67.39,0.84,170.3,0.0,0.0
2024-05-21 05:00:00,32.58,66.67,8.12,23.15,0.04,11.81,28.51,72.96,1.08,325.42,0.0,0.0
2024-05-21 06:00:00,42.74,74.27,9.57,24.19,0.28,5.83,29.52,68.79,0.91,130.0,0.0,0.0
2024-05-21 07:00:00,42.62,79.3,10.22,28.43,0.38,19.46,31.42,61.95,1.44,149.74,0.0,33.4
2024-05-21 08:00:00,40.78,80.06,10.74,32.43,0.26,35.65,33.0,58.44,1.44,149.29,0.0,171.02
2024-05-21 09:00:00,41.3,85.36,10.28,30.42,0.27,56.36,34.89,53.8,1.13,121.13,0.0,333.32
2024-05-21 10:00:00,30.43,77.06,8.69,20.96,0.22,55.84,34.21,56.29,0.93,96.1,0.0,393.0
2024-05-21 11:00:00,39.87,84.15,11.74,36.92,0.2,51.52,33.25,59.88,1.07,51.88,0.0,204.1
2024-05-21 12:00:00,48.74,104.84,9.36,21.5,0.18,71.06,34.58,57.85,1.09,43.12,0.0,481.12
2024-05-21 13:00:00,52.38,102.33,8.56,17.62,0.24,102.6,38.36,47.76,0.92,97.38,0.0,678.52
2024-05-21 14:00:00,47.42,96.76,8.56,18.26,0.12,108.85,39.34,43.61,0.61,107.02,0.0,286.88
2024-05-21 15:00:00,40.5,94.16,6.34,16.66,0.18,118.6,40.07,38.6,0.97,127.79,0.0,106.3
2024-05-21 16:00:00,32.78,74.0,7.81,51.41,0.34,103.66,39.17,36.98,0.82,37.18,0.0,11.48
2024-05-21 17:00:00,37.18,75.49,11.53,61.42,0.81,91.6,37.76,42.4,0.87,171.29,0.0,0.0
2024-05-21 18:00:00,51.84,90.18,35.31,49.78,2.23,35.45,35.36,48.86,1.08,256.67,0.0,0.0
2024-05-21 19:00:00,62.4,115.86,39.58,47.82,2.98,8.14,33.61,53.27,1.06,103.07,0.0,0.0
2024-05-21 20:00:00,67.11,151.63,46.72,36.08,3.82,1.05,33.3,53.62,0.98,43.79,0.0,0.0
2024-05-21 21:00:00,77.94,166.97,39.81,25.34,3.36,2.64,32.74,53.24,0.86,90.98,0.0,0.0
2024-05-21 22:00:00,76.88,165.37,28.96,21.21,1.83,15.63,33.0,52.02,1.35,152.54,0.0,0.0
2024-05-21 23:00:00,72.93,155.94,17.16,17.38,0.83,29.94,32.4,54.05,1.33,157.2,0.0,0.0
2024-05-22 00:00:00,55.49,150.0,9.18,13.92,0.17,35.58,31.53,56.92,0.78,87.9,0.0,0.0
2024-05-22 01:00:00,58.05,130.43,5.46,12.69,0.06,36.49,30.78,59.38,0.68,215.86,0.0,0.0
2024-05-22 02:00:00,51.96,95.34,2.76,12.01,0.0,57.94,31.12,55.77,1.37,143.2,0.0,0.0
2024-05-22 03:00:00,45.08,64.23,2.38,7.05,0.0,61.24,30.49,55.08,1.1,149.64,0.0,0.0
2024-05-22 04:00:00,33.89,63.39,2.66,9.12,0.0,55.86,30.09,56.64,1.42,165.61,0.0,0.0
2024-05-22 05:00:00,32.59,55.19,3.02,10.41,0.0,46.47,29.59,59.46,1.03,138.58,0.0,0.0
2024-05-22 06:00:00,28.84,47.88,4.27,10.89,0.04,40.81,29.4,61.43,1.21,148.54,0.0,0.0
2024-05-22 07:00:00,32.16,59.12,5.22,7.84,0.16,44.04,30.16,61.1,1.51,166.0,0.0,26.48
2024-05-22 08:00:00,35.23,59.96,6.58,14.28,0.18,47.5,31.6,59.06,1.54,167.1,0.0,169.95
2024-05-22 09:00:00,28.82,54.7,12.11,30.66,0.32,55.13,33.17,55.99,1.68,170.94,0.0,546.72
2024-05-22 10:00:00,31.17,61.97,11.51,31.38,0.31,64.12,35.19,52.52,1.42,169.79,0.0,713.25
2024-05-22 11:00:00,27.53,60.33,9.86,29.55,0.26,80.06,37.71,46.85,0.42,210.62,0.0,788.8
2024-05-22 12:00:00,38.76,64.51,10.06,22.44,0.22,89.87,39.53,43.36,0.63,234.37,0.0,789.15
2024-05-22 13:00:00,43.86,72.37,10.15,20.81,0.26,101.48,40.31,41.46,0.7,273.21,0.0,701.65
2024-05-22 14:00:00,50.45,75.19,9.96,18.14,0.4,113.35,40.1,41.18,0.96,198.9,0.0,378.22
2024-05-22 15:00:00,41.05,78.9,10.11,17.19,0.42,110.45,40.72,39.81,0.49,213.08,0.0,105.98
2024-05-22 16:00:00,37.11,69.27,11.34,14.44,0.57,105.89,39.17,41.28,1.09,262.6,0.0,48.5
2024-05-22 17:00:00,32.02,89.53,6.57,8.4,0.24,89.19,31.41,56.04,1.76,331.32,0.0,0.0
2024-05-22 18:00:00,43.28,80.83,16.73,11.52,0.4,81.57,31.7,50.82,1.03,176.89,0.0,0.0
2024-05-22 19:00:00,36.69,82.5,30.51,10.78,0.78,64.31,31.53,51.68,1.3,148.36,0.0,0.0
2024-05-22 20:00:00,42.13,89.49,40.17,11.99,0.86,51.22,31.44,51.6,1.05,217.44,0.0,0.0
2024-05-22 21:00:00,40.53,86.27,41.28,9.93,0.92,39.8,31.13,54.81,1.05,156.59,0.0,0.0
2024-05-22 22:00:00,45.69,87.83,21.89,8.99,0.53,65.2,30.3,57.9,1.7,160.69,0.0,0.0
2024-05-22 23:00:00,35.24,79.46,19.88,7.12,0.39,73.03,29.3,60.72,1.67,170.97,0.0,0.0
2024-05-23 00:00:00,46.6,78.49,10.36,8.64,0.22,67.4,28.76,63.78,0.7,289.43,0.0,0.0
2024-05-23 01:00:00,33.82,72.07,10.02,16.1,0.22,67.76,28.6,64.06,1.18,169.24,0.0,0.0
2024-05-23 02:00:00,36.57,63.77,9.4,19.72,0.21,69.13,28.07,65.86,0.91,172.6,0.0,0.0
2024-05-23 03:00:00,36.45,62.66,10.5,19.76,0.2,61.74,27.35,68.03,1.15,329.36,0.0,0.0
2024-05-23 04:00:00,30.99,51.48,8.84,13.68,0.2,56.78,26.5,71.34,1.21,314.6,0.0,0.0
2024-05-23 05:00:00,28.3,55.76,13.4,9.75,0.23,37.38,25.78,75.8,1.12,298.37,0.0,0.0
2024-05-23 06:00:00,33.94,57.04,19.66,9.0,0.42,27.25,27.24,72.11,0.87,198.17,0.0,0.0
2024-05-23 07:00:00,31.44,61.66,27.66,7.52,0.56,31.77,28.55,67.51,1.42,149.19,0.0,25.8
2024-05-23 08:00:00,45.58,66.8,15.43,9.5,0.51,53.1,29.84,64.61,1.49,160.24,0.0,179.58
2024-05-23 09:00:00,34.83,71.64,14.27,13.94,0.6,64.89,32.39,57.71,1.05,175.68,0.0,574.02
2024-05-23 10:00:00,37.5,73.96,20.13,16.74,0.58,85.59,34.97,50.82,0.95,221.5,0.0,716.28
2024-05-23 11:00:00,35.41,92.58,11.79,16.87,0.37,98.4,37.69,43.84,0.82,188.04,0.0,787.42
2024-05-23 12:00:00,31.35,83.84,17.41,14.6,0.4,103.2,40.05,37.19,0.57,260.19,0.0,789.88
2024-05-23 13:00:00,33.98,81.05,14.13,14.46,0.29,113.85,40.98,36.62,0.84,151.49,0.0,712.9
2024-05-23 14:00:00,42.94,77.4,15.39,12.6,0.33,117.66,41.24,35.05,0.33,271.85,0.0,426.0
2024-05-23 15:00:00,41.91,77.5,13.25,11.25,0.27,120.2,41.56,33.71,0.68,213.23,0.0,119.1
2024-05-23 16:00:00,33.64,68.72,12.21,9.25,0.33,131.58,40.24,37.24,1.04,41.74,0.0,39.72
2024-05-23 17:00:00,29.94,66.94,12.21,5.2,0.42,115.19,38.75,39.87,1.26,125.79,0.0,1.02
2024-05-23 18:00:00,39.46,77.8,14.85,26.93,0.44,91.38,35.55,46.69,0.87,212.71,0.0,0.0
2024-05-23 19:00:00,44.95,83.94,67.46,47.63,1.3,55.38,34.92,48.19,0.83,290.28,0.0,0.0
2024-05-23 20:00:00,52.95,104.69,80.3,37.02,2.04,23.13,33.95,51.83,0.93,205.78,0.0,0.0
2024-05-23 21:00:00,62.91,117.85,96.9,25.37,2.28,9.18,34.24,49.52,0.9,118.28,0.0,0.0
2024-05-23 22:00:00,43.6,127.81,70.33,20.4,1.0,24.0,33.73,49.77,0.58,186.74,0.0,0.0
2024-05-23 23:00:00,51.6,124.75,58.47,15.48,0.64,33.94,32.62,51.26,0.9,256.04,0.0,0.0
2024-05-24 00:00:00,57.38,122.15,34.22,11.18,0.41,38.92,31.86,53.36,1.12,322.68,0.0,0.0
2024-05-24 01:00:00,56.66,113.96,37.9,18.15,0.49,34.94,31.46,53.56,1.11,334.24,0.0,0.0
2024-05-24 02:00:00,46.27,105.06,30.3,17.96,0.45,30.8,30.32,59.08,0.96,244.23,0.0,0.0
2024-05-24 03:00:00,52.39,99.35,28.99,15.21,0.4,31.63,29.78,60.74,1.26,235.58,0.0,0.0
2024-05-24 04:00:00,51.93,99.49,26.66,15.9,0.39,29.79,29.67,61.07,0.86,325.76,0.0,0.0
2024-05-24 05:00:00,47.28,97.64,27.03,14.24,0.41,24.75,29.33,64.15,0.8,133.4,0.0,0.0
2024-05-24 06:00:00,56.82,102.27,31.58,19.88,0.43,35.95,30.78,59.2,0.98,122.48,0.0,1.5
2024-05-24 07:00:00,44.59,100.41,26.83,17.46,0.48,54.19,31.54,58.12,1.37,158.12,0.0,31.42
2024-05-24 08:00:00,52.18,88.26,25.37,10.98,0.55,67.29,32.93,56.15,1.5,170.52,0.0,187.88
2024-05-24 09:00:00,41.34,82.85,28.86,9.93,0.7,91.0,35.06,49.69,1.47,177.51,0.0,541.38
2024-05-24 10:00:00,37.72,84.52,28.04,10.04,0.67,100.06,36.82,45.47,1.24,174.22,0.0,700.92
2024-05-24 11:00:00,36.66,77.08,20.69,8.7,0.42,110.0,38.83,41.96,0.74,180.19,0.0,776.32
2024-05-24 12:00:00,41.09,83.57,23.04,8.25,0.42,119.88,40.48,37.34,0.6,197.53,0.0,786.92
2024-05-24 13:00:00,47.86,83.0,20.76,8.22,0.34,122.76,41.48,34.95,0.72,283.03,0.0,636.88
2024-05-24 14:00:00,42.21,81.67,32.4,9.0,0.48,115.34,41.92,33.66,0.63,153.02,0.0,352.25
2024-05-24 15:00:00,46.77,83.89,28.52,9.99,0.38,116.94,42.11,32.66,0.59,228.66,0.0,112.22
2024-05-24 16:00:00,39.64,79.98,41.06,6.74,0.6,111.44,41.82,32.57,0.79,180.06,0.0,73.2
2024-05-24 17:00:00,33.51,82.22,27.15,8.19,0.47,100.0,40.12,36.36,0.99,192.84,0.0,1.1
2024-05-24 18:00:00,40.3,100.61,56.16,7.82,1.05,56.29,37.67,42.44,0.56,157.04,0.0,0.0
2024-05-24 19:00:00,41.0,104.4,72.84,14.78,1.42,40.81,36.75,43.34,0.69,243.82,0.0,0.0
2024-05-24 20:00:00,52.5,115.97,87.23,14.28,1.71,33.75,35.29,42.62,0.94,175.64,0.0,0.0
2024-05-24 21:00:00,48.14,116.69,81.87,16.93,1.63,25.41,34.39,42.81,0.94,233.15,0.0,0.0
2024-05-24 22:00:00,57.73,120.89,85.1,23.5,1.76,17.89,33.31,45.88,0.89,294.04,0.0,0.0
2024-05-24 23:00:00,60.97,146.2,82.7,20.12,1.82,14.45,32.69,47.9,0.69,135.79,0.0,0.0
2024-05-25 00:00:00,73.62,170.77,48.34,11.84,0.9,31.24,32.33,52.66,0.53,127.46,0.0,0.0
2024-05-25 01:00:00,77.0,163.76,29.92,8.53,0.52,34.56,31.33,58.89,0.84,107.2,0.0,0.0
2024-05-25 02:00:00,76.76,135.06,27.16,7.89,0.46,40.1,30.98,61.29,0.69,101.12,0.0,0.0
2024-05-25 03:00:00,57.28,110.86,20.28,7.62,0.4,54.52,30.79,60.67,1.07,121.59,0.0,0.0
2024-05-25 04:00:00,41.74,79.68,15.87,5.99,0.28,66.38,30.02,60.13,0.63,110.45,0.0,0.0
2024-05-25 05:00:00,45.57,64.74,14.39,5.2,0.26,64.87,29.32,62.06,0.84,58.37,0.0,0.0
2024-05-25 06:00:00,42.23,72.83,15.8,5.7,0.28,59.93,29.68,62.64,0.98,50.66,0.0,0.0
2024-05-25 07:00:00,52.8,66.02,23.72,6.17,0.39,63.18,30.68,60.81,0.84,81.74,0.0,27.42
2024-05-25 08:00:00,46.11,74.88,22.59,8.01,0.39,73.2,32.32,58.48,0.88,69.36,0.0,192.42
2024-05-25 09:00:00,42.63,75.82,20.28,15.08,0.4,83.52,33.84,56.66,0.62,62.64,0.0,539.0
2024-05-25 10:00:00,48.9,75.19,20.32,14.66,0.43,109.85,35.64,52.65,0.82,46.35,0.0,718.85
2024-05-25 11:00:00,41.58,74.98,17.12,25.56,0.37,126.85,37.48,48.55,0.9,24.15,0.0,787.9
2024-05-25 12:00:00,55.5,98.97,42.81,96.82,0.39,127.84,39.3,44.8,0.99,16.84,0.0,769.42
2024-05-25 13:00:00,68.69,134.86,42.45,148.03,0.27,125.6,40.49,39.31,0.97,38.92,0.0,704.18
2024-05-25 14:00:00,68.1,129.91,18.88,66.67,0.25,141.98,41.29,36.94,1.02,51.09,0.0,464.15
2024-05-25 15:00:00,73.48,112.19,17.37,33.8,0.28,138.32,41.04,36.66,0.89,80.7,0.0,150.45
2024-05-25 16:00:00,55.98,105.23,23.26,24.08,0.32,125.5,40.38,37.59,0.81,81.51,0.0,69.05
2024-05-25 17:00:00,60.04,96.58,30.98,43.26,0.57,112.56,39.25,39.95,0.83,89.9,0.0,0.7
2024-05-25 18:00:00,67.7,106.5,42.3,30.8,0.82,94.03,37.76,43.49,0.88,204.32,0.0,0.0
2024-05-25 19:00:00,63.92,110.17,78.88,25.78,1.64,45.14,36.15,46.99,1.16,34.1,0.0,0.0
2024-05-25 20:00:00,71.96,118.66,134.93,19.38,3.32,0.15,35.18,49.94,1.08,185.62,0.0,0.0
2024-05-25 21:00:00,90.9,145.69,127.0,17.56,3.32,1.85,34.51,51.06,1.05,115.44,0.0,0.0
2024-05-25 22:00:00,94.24,154.7,96.66,12.22,2.09,7.83,33.48,54.04,1.15,310.74,0.0,0.0
2024-05-25 23:00:00,99.23,160.28,82.37,7.58,2.08,4.08,32.59,61.44,1.08,235.01,0.0,0.0
2024-05-26 00:00:00,90.08,161.76,49.28,9.05,0.78,28.25,33.59,56.16,0.96,191.91,0.0,0.0
2024-05-26 01:00:00,71.09,149.0,25.21,7.6,0.39,42.67,32.46,60.12,0.64,188.27,0.0,0.0
2024-05-26 02:00:00,65.8,128.07,23.2,10.56,0.39,36.9,31.66,63.27,0.53,27.97,0.0,0.0
2024-05-26 03:00:00,66.0,119.38,24.69,14.01,0.37,33.26,31.18,64.79,1.14,252.26,0.0,0.0
2024-05-26 04:00:00,74.76,111.77,29.69,15.75,0.51,26.0,30.98,64.32,0.72,260.25,0.0,0.0
2024-05-26 05:00:00,63.19,113.27,34.12,13.72,0.53,13.9,30.08,68.84,1.28,237.9,0.0,0.0
2024-05-26 06:00:00,56.65,125.91,36.36,10.76,0.63,11.03,30.81,67.92,0.95,211.58,0.0,0.15
2024-05-26 07:00:00,53.96,125.49,29.97,9.22,0.56,24.66,31.94,64.4,0.53,235.02,0.0,53.42
2024-05-26 08:00:00,57.77,116.08,31.9,10.26,0.59,41.68,33.16,60.74,0.67,185.86,0.0,160.35
2024-05-26 09:00:00,68.08,119.66,26.3,14.68,0.57,69.05,34.92,55.68,1.21,259.81,0.0,291.33
2024-05-26 10:00:00,70.81,127.4,32.88,22.25,0.62,85.76,37.99,46.79,0.76,282.64,0.0,548.8
2024-05-26 11:00:00,75.63,124.32,30.26,18.59,0.49,102.07,40.74,38.59,0.89,296.27,0.0,662.55
2024-05-26 12:00:00,69.19,118.22,27.3,12.94,0.36,114.52,42.56,33.26,0.66,336.41,0.0,557.05
2024-05-26 13:00:00,58.26,105.18,10.94,8.18,0.12,115.2,42.96,29.38,1.06,17.75,0.0,291.9
2024-05-26 14:00:00,48.03,101.8,34.41,11.64,0.42,110.0,41.94,33.42,0.48,202.8,0.0,209.12
2024-05-26 15:00:00,61.68,111.78,27.18,18.68,0.3,92.01,39.64,34.85,0.88,123.69,0.0,0.0
2024-05-26 16:00:00,55.76,102.0,62.94,45.32,0.96,45.89,38.81,36.12,0.68,300.59,0.0,9.9
2024-05-26 17:00:00,60.71,125.81,98.41,33.41,1.56,31.54,38.92,40.67,0.32,262.65,0.0,10.72
2024-05-26 18:00:00,61.34,139.93,106.99,22.55,2.26,18.57,36.45,44.61,0.44,196.6,0.0,0.0
2024-05-26 19:00:00,69.4,151.32,100.64,14.78,2.37,5.46,35.1,45.85,0.7,229.3,0.0,0.0
2024-05-26 20:00:00,75.28,169.56,91.92,14.7,1.66,13.1,33.84,47.42,0.84,249.82,0.0,0.0
2024-05-26 21:00:00,77.38,164.27,56.66,21.18,0.92,29.51,33.8,46.56,0.82,223.3,0.0,0.0
2024-05-26 22:00:00,80.6,145.02,28.02,11.0,0.37,57.13,34.61,43.6,1.25,311.53,0.0,0.0
2024-05-26 23:00:00,58.26,131.9,23.81,12.39,0.28,59.53,33.9,47.03,1.04,231.6,0.0,0.0
2024-05-27 00:00:00,51.62,121.35,18.68,14.25,0.3,53.79,32.58,49.18,0.8,328.56,0.0,0.0
2024-05-27 01:00:00,40.89,102.44,15.24,9.97,0.26,59.0,32.63,47.34,0.78,269.86,0.0,0.0
2024-05-27 02:00:00,37.97,87.09,23.42,12.49,0.34,51.62,31.85,49.04,0.79,144.0,0.0,0.0
2024-05-27 03:00:00,38.36,80.3,26.21,19.46,0.26,48.16,30.66,51.35,0.57,106.9,0.0,0.0
2024-05-27 04:00:00,39.51,79.2,14.02,19.26,0.22,56.69,30.18,53.66,0.68,205.74,0.0,0.0
2024-05-27 05:00:00,40.16,82.19,12.94,12.11,0.21,53.99,30.45,55.18,0.84,327.28,0.0,0.0
2024-05-27 06:00:00,40.39,84.12,12.32,10.66,0.23,53.28,31.35,54.86,1.15,314.48,0.0,0.0
2024-05-27 07:00:00,34.17,81.82,12.06,8.91,0.26,55.46,33.59,50.85,1.22,327.12,0.0,53.08
2024-05-27 08:00:00,34.7,81.82,12.58,9.09,0.29,56.27,35.81,46.96,1.3,329.0,0.0,291.35
2024-05-27 09:00:00,42.47,95.72,14.09,11.66,0.27,65.57,38.88,40.61,1.28,343.65,0.0,530.28
2024-05-27 10:00:00,41.28,97.12,12.82,11.7,0.24,77.69,41.5,35.02,1.39,255.69,0.0,702.6
2024-05-27 11:00:00,33.97,94.58,18.94,10.68,0.33,82.82,43.55,30.88,1.09,321.1,0.0,689.4
2024-05-27 12:00:00,28.5,91.83,12.56,6.12,0.24,92.14,44.66,28.14,1.14,341.5,0.0,736.6
2024-05-27 13:00:00,20.58,89.57,17.77,8.08,0.28,91.74,45.39,25.84,1.23,326.09,0.0,683.12
2024-05-27 14:00:00,18.3,93.34,26.64,6.3,0.41,87.38,45.56,26.4,0.94,294.17,0.0,445.3
2024-05-27 15:00:00,35.73,100.83,16.28,8.52,0.24,91.13,44.41,25.78,1.1,345.87,0.0,146.8
2024-05-27 16:00:00,30.25,100.16,12.6,5.96,0.17,88.48,44.27,21.62,1.35,338.47,0.0,77.95
2024-05-27 17:00:00,38.4,104.66,12.86,5.31,0.17,83.99,42.78,22.34,1.27,333.52,0.0,1.23
2024-05-27 18:00:00,41.85,103.06,32.1,6.88,0.91,54.65,40.09,28.18,0.83,262.22,0.0,0.0
2024-05-27 19:00:00,52.52,108.94,42.83,13.57,1.19,39.05,37.09,42.74,1.51,160.97,0.0,0.0
2024-05-27 20:00:00,62.17,123.6,41.25,24.42,1.11,33.65,35.32,45.46,1.52,174.29,0.0,0.0
2024-05-27 21:00:00,71.61,134.48,41.85,26.13,0.89,24.87,34.74,47.61,1.4,158.88,0.0,0.0
2024-05-27 22:00:00,81.3,137.94,39.64,23.8,0.77,22.84,34.43,49.23,0.96,158.26,0.0,0.0
2024-05-27 23:00:00,74.93,137.73,41.59,21.02,0.72,17.64,33.74,50.23,0.63,70.92,0.0,0.0
2024-05-28 00:00:00,83.95,143.0,28.45,13.29,0.4,29.39,33.61,46.68,0.83,182.11,0.0,0.0
2024-05-28 01:00:00,63.12,122.66,26.31,13.7,0.38,36.99,33.76,45.87,0.37,220.26,0.0,0.0
2024-05-28 02:00:00,51.79,107.79,22.39,13.41,0.34,37.52,33.59,46.56,0.51,130.86,0.0,0.0
2024-05-28 03:00:00,59.44,111.84,19.99,15.28,0.34,37.95,32.81,48.45,0.95,281.06,0.0,0.0
2024-05-28 04:00:00,59.26,108.31,21.14,13.1,0.31,33.39,32.06,51.6,0.48,192.5,0.0,0.0
2024-05-28 05:00:00,66.34,97.95,23.43,13.32,0.33,30.19,31.42,53.73,0.77,257.45,0.0,0.0
2024-05-28 06:00:00,71.06,109.03,27.98,12.6,0.64,23.17,31.72,55.0,0.69,113.4,0.0,0.0
2024-05-28 07:00:00,57.59,104.55,26.72,11.79,0.61,30.54,33.66,51.88,0.82,241.73,0.0,11.22
2024-05-28 08:00:00,65.69,106.74,18.08,11.51,0.36,41.82,35.73,48.32,1.04,308.43,0.0,287.77
2024-05-28 09:00:00,55.8,102.02,18.99,9.17,0.4,45.24,37.6,44.7,0.95,299.78,0.0,594.48
2024-05-28 10:00:00,64.91,105.08,22.56,11.1,0.51,49.16,39.24,41.77,0.85,296.64,0.0,722.62
2024-05-28 11:00:00,55.7,107.02,17.64,10.77,0.33,56.56,41.04,38.28,0.94,314.37,0.0,779.02
2024-05-28 12:00:00,52.96,118.85,21.52,8.16,0.37,61.84,42.81,34.46,0.77,290.93,0.0,796.4
2024-05-28 13:00:00,44.8,107.88,26.32,10.38,0.42,65.38,44.08,32.23,0.78,269.79,0.0,726.45
2024-05-28 14:00:00,35.72,103.53,22.68,9.96,0.32,72.23,44.44,31.15,0.76,295.78,0.0,456.7
2024-05-28 15:00:00,39.63,99.46,19.98,7.48,0.29,79.18,44.46,29.71,0.88,285.19,0.0,134.93
2024-05-28 16:00:00,44.28,102.94,24.71,7.12,0.3,81.13,44.1,27.62,0.98,298.33,0.0,88.48
2024-05-28 17:00:00,40.34,102.68,22.38,9.75,0.28,83.14,42.96,26.86,1.16,306.64,0.0,7.35
2024-05-28 18:00:00,36.61,103.51,25.32,9.05,0.37,69.65,40.76,29.73,1.23,326.91,0.0,0.0
2024-05-28 19:00:00,40.37,102.96,48.53,12.44,0.69,42.44,38.06,33.78,0.97,238.89,0.0,0.0
2024-05-28 20:00:00,41.03,104.04,71.73,12.7,2.3,7.92,36.58,36.81,0.68,136.79,0.0,0.0
2024-05-28 21:00:00,37.96,117.16,73.34,9.83,1.73,10.07,35.21,41.21,0.68,160.98,0.0,0.0
2024-05-28 22:00:00,67.79,134.89,78.24,7.08,1.77,2.32,33.4,47.38,0.77,257.22,0.0,0.0
2024-05-28 23:00:00,68.32,144.22,75.47,7.04,1.46,1.15,33.05,48.54,0.71,212.3,0.0,0.0
2024-05-29 00:00:00,69.55,155.02,37.18,9.09,0.35,28.28,33.77,44.65,0.7,243.21,0.0,0.0
2024-05-29 01:00:00,58.86,128.39,27.41,9.32,0.29,27.91,32.59,46.89,1.02,229.02,0.0,0.0
2024-05-29 02:00:00,47.21,111.6,27.08,19.6,0.3,24.16,31.99,47.09,1.08,278.12,0.0,0.0
2024-05-29 03:00:00,48.04,103.12,23.97,17.47,0.33,25.41,31.53,48.16,1.02,324.0,0.0,0.0
2024-05-29 04:00:00,50.66,108.04,12.47,12.89,0.16,42.47,32.64,46.58,1.31,304.41,0.0,0.0
2024-05-29 05:00:00,49.04,107.41,12.56,10.76,0.18,44.11,32.11,48.9,1.2,288.74,0.0,0.0
2024-05-29 06:00:00,52.59,109.06,13.74,10.6,0.18,43.28,31.96,50.67,1.3,317.61,0.0,0.0
2024-05-29 07:00:00,41.63,96.84,15.7,7.15,0.25,41.32,33.16,48.91,0.84,319.39,0.0,24.25
2024-05-29 08:00:00,43.29,94.06,18.85,9.68,0.32,45.12,35.26,45.9,0.78,304.0,0.0,300.77
2024-05-29 09:00:00,41.54,99.22,20.56,7.82,0.36,50.56,37.67,41.86,0.88,310.72,0.0,591.83
2024-05-29 10:00:00,44.76,104.36,18.6,9.93,0.3,59.17,39.43,38.32,0.99,315.23,0.0,710.55
2024-05-29 11:00:00,45.94,101.28,20.54,7.66,0.36,64.56,41.32,35.26,0.48,262.36,0.0,766.8
2024-05-29 12:00:00,45.52,110.01,24.64,9.57,0.35,71.12,42.93,31.18,0.61,281.89,0.0,807.52
2024-05-29 13:00:00,35.37,104.73,24.71,9.3,0.33,81.24,44.3,28.18,0.53,289.84,0.0,745.4
2024-05-29 14:00:00,36.02,95.0,23.42,8.49,0.26,85.86,44.88,24.28,0.82,257.67,0.0,481.42
2024-05-29 15:00:00,32.63,90.27,24.19,9.35,0.24,85.66,44.27,25.11,0.64,283.46,0.0,109.35
2024-05-29 16:00:00,43.65,92.57,30.94,9.49,0.3,78.88,43.96,24.0,0.57,250.47,0.0,72.2
2024-05-29 17:00:00,41.72,92.9,40.29,7.43,0.51,61.58,42.72,24.15,0.32,196.9,0.0,0.1
2024-05-29 18:00:00,40.46,101.97,45.64,4.49,0.6,51.89,40.25,25.57,0.62,186.63,0.0,0.0
2024-05-29 19:00:00,43.68,93.13,76.36,8.02,1.63,13.44,37.32,28.76,0.55,254.74,0.0,0.0
2024-05-29 20:00:00,44.43,95.2,82.6,6.04,1.37,14.72,36.86,30.11,0.68,145.3,0.0,0.0
2024-05-29 21:00:00,57.93,105.88,60.66,7.12,1.06,21.04,36.15,33.81,0.98,132.84,0.0,0.0
2024-05-29 22:00:00,59.04,128.38,47.83,9.16,0.68,24.64,33.94,38.67,0.66,292.87,0.0,0.0
2024-05-29 23:00:00,55.82,116.15,37.91,12.74,0.47,26.97,33.53,40.61,1.14,263.51,0.0,0.0
2024-05-30 00:00:00,53.39,117.86,25.12309559956734,17.501150735949285,0.7778885080410054,37.45666190409206,32.76,41.98,1.16,254.59,0.0,0.0
2024-05-30 01:00:00,53.46,104.22,24.410777610207283,18.102426510494226,0.7271788120933109,40.45865871512464,31.86,44.81,1.23,317.25,0.0,0.0
2024-05-30 02:00:00,42.54,92.5,21.09506138406309,15.744650123639882,0.6597601157313304,36.85496630992202,31.48,47.44,1.1,240.74,0.0,0.0
2024-05-30 03:00:00,43.95,88.38,21.221884921090723,16.289846037814264,0.6474594718862767,38.54381811625412,32.15,44.98,1.11,305.08,0.0,0.0
2024-05-30 04:00:00,45.51,90.88,21.73972313704182,16.59138157738998,0.6601696916574532,38.87928795785076,31.66,47.13,1.1,305.24,0.0,0.0
2024-05-30 05:00:00,50.35,93.65,23.079644355115054,17.740025819032244,0.6810103105589478,41.00314218191483,31.93,48.98,0.97,317.81,0.0,0.0
2024-05-30 06:00:00,55.54,94.89,24.423912686108746,19.04568375225983,0.6969059062197401,43.65640048188172,32.13,52.05,0.96,312.48,0.0,0.0
2024-05-30 07:00:00,51.11,96.8,23.435262943701662,17.804355082433652,0.6944068280937824,40.746938842469675,33.25,51.78,1.19,311.93,0.0,13.18
2024-05-30 08:00:00,41.48,89.75,20.686967682336167,15.584690640923098,0.6472035950772734,36.85535504400823,35.27,48.4,1.23,323.75,0.0,326.88
2024-05-30 09:00:00,41.72,96.1,21.085701937965222,15.376130083239058,0.6714031298186409,35.611297136849984,37.4,44.42,1.12,336.74,0.0,604.12
2024-05-30 10:00:00,43.8,101.2,21.870645500018917,15.702673067259932,0.6949377517276232,35.67487407533762,39.58,40.12,0.92,335.07,0.0,737.88
2024-05-30 11:00:00,53.03,107.46,24.478193632244107,17.851387620675386,0.7383264487002821,39.512796874651734,42.17,34.97,1.04,183.8,0.0,810.15
2024-05-30 12:00:00,50.4,116.86,22.49,10.47,0.31,76.86,43.1,31.42,0.77,266.08,0.0,799.0
2024-05-30 13:00:00,44.25,106.9,19.64,11.76,0.3,79.11,43.66,29.13,0.99,214.28,0.0,754.2
2024-05-30 14:00:00,30.75,95.53,22.53,8.76,0.32,78.96,43.32,29.7,0.78,110.99,0.0,350.58
2024-05-30 15:00:00,3.67,42.6,26.51,9.53,0.31,68.14,43.6,27.42,0.94,276.46,0.0,138.52
2024-05-30 16:00:00,18.73,83.0,18.84,8.3,0.25,73.53,42.86,27.8,0.6,231.12,0.0,47.02
2024-05-30 17:00:00,48.58,81.86,30.41,7.64,0.56,60.98,42.25,29.04,0.61,260.2,0.0,2.28
2024-05-30 18:00:00,40.4,88.98,44.51,10.16,0.77,44.0,39.94,30.21,0.74,349.35,0.0,0.0
2024-05-30 19:00:00,34.74,88.58,60.03,11.6,1.04,24.34,37.57,32.17,1.03,342.4,0.0,0.0
2024-05-30 20:00:00,33.27,94.25,69.52,19.06,1.0,13.22,35.72,34.81,1.01,259.7,0.0,0.0
2024-05-30 21:00:00,31.7,103.73,62.38,19.55,0.76,11.9,35.18,35.36,1.1,178.52,0.0,0.0
2024-05-30 22:00:00,36.19,111.67,45.51,11.83,0.54,21.34,34.58,37.88,0.7,186.38,0.0,0.0
2024-05-30 23:00:00,58.47,110.6,31.57,14.53,0.38,25.77,34.2,39.62,1.02,88.4,0.0,0.0
2024-05-31 00:00:00,53.53,104.44,24.55,10.45,0.32,29.16,33.31,41.45,0.87,172.57,0.0,0.0
2024-05-31 01:00:00,47.32,98.0,37.19,20.18,0.48,26.08,32.93,44.14,0.65,80.54,0.0,0.0
2024-05-31 02:00:00,52.24,100.02,16.12,17.79,0.28,40.98,31.94,47.69,0.63,294.2,0.0,0.0
2024-05-31 03:00:00,46.2,95.04,16.25,20.17,0.29,41.46,31.78,46.23,0.85,297.18,0.0,0.0
2024-05-31 04:00:00,44.01,95.8,15.93,31.38,0.25,47.84,32.08,44.31,1.23,313.84,0.0,0.0
2024-05-31 05:00:00,53.58,105.27,15.18,30.4,0.25,46.06,31.16,47.11,1.13,313.44,0.0,0.0
2024-05-31 06:00:00,52.31,107.95,15.89,29.6,0.26,43.68,31.77,48.51,1.14,324.38,0.0,0.0
2024-05-31 07:00:00,47.96,107.88,15.13,24.04,0.28,47.38,33.37,47.36,1.14,325.96,0.0,22.02
2024-05-31 08:00:00,44.91,113.27,12.97,18.7,0.27,58.36,35.5,44.63,1.31,324.9,0.0,321.73
2024-05-31 09:00:00,46.91,120.82,16.91,16.24,0.34,63.96,37.96,41.49,1.28,328.47,0.0,576.58
2024-05-31 10:00:00,54.46,127.23,17.68,17.63,0.38,74.02,40.22,36.56,1.25,246.7,0.0,721.28
2024-05-31 11:00:00,50.97,126.22,22.59,16.56,0.4,79.58,42.44,29.86,0.94,231.96,0.0,799.42
2024-05-31 12:00:00,48.54,121.6,26.74,15.04,0.43,75.71,43.79,26.33,0.7,293.45,0.0,805.98
2024-05-31 13:00:00,40.81,121.48,25.32,13.13,0.37,71.05,45.03,23.18,0.76,265.53,0.0,737.58
2024-05-31 14:00:00,30.72,112.6,25.64,12.84,0.36,74.35,44.54,24.4,0.6,267.29,0.0,493.3
2024-05-31 15:00:00,26.2,97.78,19.1,12.8,0.26,77.14,43.99,25.52,0.98,316.1,0.0,140.67
2024-05-31 16:00:00,29.25,96.68,20.64,12.46,0.29,70.66,43.27,25.01,0.85,319.04,0.0,67.52
2024-05-31 17:00:00,30.97,100.36,21.09,12.58,0.3,69.57,41.87,26.12,1.22,318.29,0.0,0.0
2024-05-31 18:00:00,34.5,98.52,27.0,10.4,0.47,55.25,39.62,28.93,1.24,245.84,0.0,0.0
2024-05-31 19:00:00,29.94,93.39,55.66,12.28,0.74,32.27,36.96,31.01,1.1,259.96,0.0,0.0
2024-05-31 20:00:00,33.68,96.4,62.77,13.57,2.27,3.23,35.56,33.34,1.0,302.44,0.0,0.0
2024-05-31 21:00:00,39.87,118.46,76.78,19.54,1.14,7.54,34.43,36.58,1.28,321.55,0.0,0.0
2024-05-31 22:00:00,45.48,134.78,58.94,18.84,0.82,18.25,33.97,37.57,1.08,329.71,0.0,0.0
2024-05-31 23:00:00,50.52,133.28,55.52,15.33,0.86,16.94,33.08,40.39,0.78,257.86,0.0,0.0
2024-06-01 00:00:00,55.08,130.45,35.19,14.78,0.52,29.46,32.65,41.53,1.04,184.85,0.0,0.0
2024-06-01 01:00:00,50.8,127.1,32.44,17.15,0.39,30.9,31.83,43.56,1.15,181.57,0.0,0.0
2024-06-01 02:00:00,46.73,119.03,23.91,17.57,0.32,36.33,30.98,45.1,1.17,247.86,0.0,0.0
2024-06-01 03:00:00,41.98,96.32,18.44,18.08,0.28,42.65,31.3,44.98,0.33,207.18,0.0,0.0
2024-06-01 04:00:00,41.05,96.06,11.4,15.92,0.2,51.42,31.76,43.64,1.06,315.69,0.0,0.0
2024-06-01 05:00:00,41.04,91.65,12.61,15.27,0.21,46.98,30.56,46.94,0.83,231.23,0.0,0.0
2024-06-01 06:00:00,39.53,88.85,15.57,17.29,0.24,39.52,31.28,48.06,1.15,247.09,0.0,0.0
2024-06-01 07:00:00,35.34,87.4,14.4,13.59,0.25,46.32,33.68,43.62,1.08,336.11,0.0,28.62
2024-06-01 08:00:00,34.86,83.9,13.06,14.92,0.24,55.93,36.23,40.22,1.27,331.97,0.0,318.65
2024-06-01 09:00:00,30.62,88.49,9.31,10.42,0.26,71.11,39.29,35.93,1.25,334.09,0.0,602.97
2024-06-01 10:00:00,28.59,96.33,12.37,11.33,0.28,76.24,41.2,32.91,1.14,338.58,0.0,703.0
2024-06-01 11:00:00,34.23,94.49,11.0,9.95,0.27,83.12,42.74,29.08,0.75,245.32,0.0,728.4
2024-06-01 12:00:00,29.8,89.96,23.59,12.26,0.46,78.33,43.3,26.98,0.58,243.17,0.0,596.52
2024-06-01 13:00:00,37.66,90.21,16.9,12.4,0.28,87.38,43.78,26.96,0.79,116.21,0.0,607.17
2024-06-01 14:00:00,35.56,100.34,17.63,8.89,0.32,79.98,44.17,25.94,0.48,227.02,0.0,483.25
2024-06-01 15:00:00,33.2,84.92,17.81,11.78,0.34,80.63,43.99,25.98,0.82,225.96,0.0,186.32
2024-06-01 16:00:00,25.98,90.63,17.09,12.55,0.32,81.63,42.88,27.58,0.98,106.17,0.0,45.42
2024-06-01 17:00:00,28.52,93.79,35.32,7.98,0.55,59.73,41.9,29.26,0.69,63.68,0.0,1.05
2024-06-01 18:00:00,36.17,95.19,60.96,9.74,1.04,36.2,39.05,35.02,1.07,159.2,0.0,0.0
2024-06-01 19:00:00,40.96,108.86,67.46,12.41,2.92,4.06,37.02,38.9,0.99,331.78,0.0,0.0
2024-06-01 20:00:00,44.63,119.09,73.84,11.84,1.66,10.03,36.83,38.61,0.79,220.36,0.0,0.0
2024-06-01 21:00:00,36.41,119.51,55.28,7.12,0.96,21.67,35.88,36.23,1.27,299.07,0.0,0.0
2024-06-01 22:00:00,33.67,117.01,37.6,9.28,0.83,21.99,34.97,36.48,1.14,276.57,0.0,0.0
2024-06-01 23:00:00,34.4,109.97,53.6,7.78,0.96,12.42,35.01,35.76,0.87,266.94,0.0,0.0
2024-06-02 00:00:00,37.82,111.49,48.7,13.32,0.78,11.02,34.69,38.24,0.5,176.16,0.0,0.0
2024-06-02 01:00:00,46.8,117.7,30.84,10.5,0.54,15.58,32.94,42.78,1.03,339.77,0.0,0.0
2024-06-02 02:00:00,49.9,116.84,26.72,13.17,0.52,18.52,32.82,43.25,0.82,208.42,0.0,0.0
2024-06-02 03:00:00,46.98,114.46,19.76,16.94,0.44,28.86,32.78,43.24,1.07,282.39,0.0,0.0
2024-06-02 04:00:00,39.01,110.02,18.47,17.14,0.36,34.63,33.82,42.31,0.98,232.5,0.0,0.0
2024-06-02 05:00:00,39.03,102.84,5.53,11.6,0.22,58.6,32.96,47.29,0.9,287.05,0.0,0.0
2024-06-02 06:00:00,33.11,95.29,6.04,9.99,0.22,57.98,31.84,49.9,1.24,321.02,0.0,0.0
2024-06-02 07:00:00,35.92,83.11,4.87,9.63,0.21,55.47,32.3,48.22,1.39,325.74,0.0,0.0
2024-06-02 08:00:00,35.97,72.66,6.24,7.27,0.26,55.91,32.92,44.34,1.21,334.88,0.0,8.1
2024-06-02 09:00:00,31.75,65.09,9.61,7.18,0.3,56.68,33.06,44.0,1.33,354.52,0.0,25.15
2024-06-02 10:00:00,26.99,64.48,7.78,10.93,0.3,63.76,34.07,44.32,1.36,265.9,0.0,128.02
2024-06-02 11:00:00,30.27,70.19,9.51,12.41,0.32,73.72,36.01,42.47,1.21,19.2,0.0,346.05
2024-06-02 12:00:00,32.32,76.27,4.74,11.74,0.24,83.2,38.29,37.51,1.35,112.38,0.0,565.7
2024-06-02 13:00:00,33.59,74.62,6.77,11.18,0.25,88.24,39.78,34.6,0.74,174.86,0.0,627.33
2024-06-02 14:00:00,33.3,69.12,12.68,8.8,0.32,91.44,40.34,32.62,1.16,255.54,0.0,480.45
2024-06-02 15:00:00,32.27,65.82,19.78,12.43,0.4,89.13,40.17,33.08,0.94,165.99,0.0,167.35
2024-06-02 16:00:00,33.68,70.36,11.46,8.04,0.31,90.05,39.71,33.65,0.85,107.15,0.0,69.12
2024-06-02 17:00:00,24.7,67.91,13.62,9.06,0.36,82.45,38.9,36.3,0.63,112.38,0.0,0.0
2024-06-02 18:00:00,22.67,67.16,25.33,7.15,0.52,61.71,36.77,41.63,1.18,248.73,0.0,0.0
2024-06-02 19:00:00,32.74,71.88,35.93,11.3,0.81,40.42,35.02,45.14,0.81,225.98,0.0,0.0
2024-06-02 20:00:00,36.24,83.91,64.76,17.74,1.49,14.02,34.93,44.22,1.1,306.85,0.0,0.0
2024-06-02 21:00:00,42.43,98.88,46.27,17.53,1.86,21.97,34.18,48.83,0.88,253.66,0.15,0.0
2024-06-02 22:00:00,55.86,120.78,42.2,11.4,0.88,11.52,28.18,75.15,0.95,247.68,0.0,0.0
2024-06-02 23:00:00,43.92,115.47,51.95,10.39,1.07,6.8,30.0,65.57,0.83,236.64,0.0,0.0
2024-06-03 00:00:00,35.85,96.46,24.29,12.74,0.39,24.33,30.44,62.12,1.04,226.32,0.0,0.0
2024-06-03 01:00:00,34.17,91.52,19.0,27.81,0.35,34.94,30.27,59.87,1.26,183.65,0.0,0.0
2024-06-03 02:00:00,34.92,87.95,20.64,52.34,0.36,32.77,29.79,60.56,1.14,174.2,0.0,0.0
2024-06-03 03:00:00,38.34,85.5,24.24,82.98,0.36,30.59,29.51,60.68,1.12,154.26,0.0,0.0
2024-06-03 04:00:00,42.05,78.06,18.67,61.5,0.32,37.65,29.56,60.6,1.35,171.41,0.0,0.0
2024-06-03 05:00:00,35.18,74.88,15.41,30.08,0.33,37.39,29.19,61.27,1.14,201.12,0.0,0.0
2024-06-03 06:00:00,28.26,74.97,19.54,25.7,0.44,32.16,29.15,62.72,1.47,166.21,0.0,0.0
2024-06-03 07:00:00,28.54,73.06,19.93,30.36,0.63,27.33,29.34,65.67,1.6,173.58,0.0,44.9
2024-06-03 08:00:00,39.69,79.16,19.95,22.95,0.67,31.29,30.1,65.75,1.37,174.47,0.0,61.18
2024-06-03 09:00:00,39.25,74.66,20.68,18.28,0.73,45.34,31.68,61.68,1.8,172.36,0.05,472.58
2024-06-03 10:00:00,38.56,84.16,20.92,13.2,0.72,60.13,34.8,53.5,1.23,180.04,0.0,710.38
2024-06-03 11:00:00,32.16,82.48,18.58,11.26,0.54,73.68,37.2,46.3,0.95,218.34,0.0,791.22
2024-06-03 12:00:00,29.32,75.27,17.05,12.96,0.52,81.81,38.66,42.09,0.99,201.51,0.0,795.85
2024-06-03 13:00:00,27.42,76.59,19.68,11.78,0.48,82.08,40.29,37.66,0.64,242.6,0.0,732.18
2024-06-03 14:00:00,34.22,76.33,16.95,12.78,0.38,85.42,40.5,35.72,0.96,225.72,0.0,490.88
2024-06-03 15:00:00,34.51,77.08,17.22,9.5,0.38,86.44,40.36,35.5,0.94,230.85,0.0,148.82
2024-06-03 16:00:00,34.44,74.6,20.19,12.12,0.38,87.24,40.26,35.51,0.84,300.0,0.0,59.2
2024-06-03 17:00:00,30.32,69.15,19.62,11.38,0.44,83.21,39.11,37.58,0.69,269.61,0.0,0.0
2024-06-03 18:00:00,25.5,73.34,37.04,11.42,0.84,55.2,37.34,41.26,0.91,254.89,0.0,0.0
2024-06-03 19:00:00,29.76,78.84,70.23,9.38,2.11,20.33,35.47,45.58,1.08,205.15,0.0,0.0
2024-06-03 20:00:00,32.8,87.26,55.21,12.82,2.69,26.28,34.64,47.67,1.17,162.35,0.0,0.0
2024-06-03 21:00:00,44.18,102.46,12.2,10.82,0.34,65.54,27.34,73.37,1.8,289.46,0.0,0.0
2024-06-03 22:00:00,46.46,97.17,18.6,9.95,0.5,51.91,27.18,74.29,1.87,164.68,0.2,0.0
2024-06-03 23:00:00,39.37,77.54,17.86,9.78,0.4,45.68,27.92,71.76,1.42,194.21,0.0,0.0
2024-06-04 00:00:00,31.65,59.77,12.64,7.36,0.28,48.52,27.61,73.09,1.26,186.99,0.0,0.0
2024-06-04 01:00:00,27.64,54.34,12.79,14.2,0.25,47.08,28.21,67.27,0.93,239.12,0.0,0.0
2024-06-04 02:00:00,24.24,47.63,8.47,16.77,0.25,57.78,28.48,63.6,0.93,273.82,0.0,0.0
2024-06-04 03:00:00,25.6,43.89,5.62,11.79,0.23,57.0,28.0,65.9,1.0,195.28,0.0,0.0
2024-06-04 04:00:00,25.87,46.29,5.44,10.75,0.22,58.74,27.35,67.48,1.04,313.47,0.0,0.0
2024-06-04 05:00:00,20.93,39.74,7.32,10.32,0.22,57.24,27.1,68.81,1.31,317.65,0.0,0.0
2024-06-04 06:00:00,22.89,36.02,9.96,9.82,0.26,48.4,27.85,68.94,1.4,329.5,0.0,0.05
2024-06-04 07:00:00,22.64,36.25,9.93,8.44,0.3,41.48,29.03,67.33,1.17,332.96,0.0,57.7
2024-06-04 08:00:00,22.14,40.92,12.38,11.03,0.36,47.02,31.16,59.94,1.1,326.57,0.0,224.1
2024-06-04 09:00:00,20.93,49.63,17.97,10.35,0.55,52.81,33.61,54.37,0.7,320.27,0.0,460.02
2024-06-04 10:00:00,25.38,54.93,18.06,10.64,0.45,65.76,36.72,46.85,0.94,326.09,0.0,647.05
2024-06-04 11:00:00,23.48,55.69,23.03,14.29,0.56,69.5,34.47,52.8,1.42,196.65,0.0,235.68
2024-06-04 12:00:00,28.33,58.8,30.96,16.33,0.79,55.56,33.11,56.18,1.54,178.69,0.0,135.35
2024-06-04 13:00:00,29.82,60.64,27.96,15.14,0.7,66.56,34.97,53.44,1.21,179.82,0.0,328.05
2024-06-04 14:00:00,28.28,72.06,26.4,15.19,0.64,76.88,37.65,43.97,0.98,194.49,0.0,374.35
2024-06-04 15:00:00,27.18,66.81,19.53,11.39,0.46,82.36,38.38,40.38,0.97,187.35,0.0,200.38
2024-06-04 16:00:00,27.38,70.05,23.92,9.47,0.51,86.48,38.67,40.02,0.7,200.2,0.0,63.25
2024-06-04 17:00:00,30.3,70.74,49.02,12.09,0.98,64.5,37.26,45.34,1.17,214.78,0.0,0.0
2024-06-04 18:00:00,30.52,71.29,27.34,13.24,0.5,63.07,34.58,48.74,1.31,310.49,0.0,0.0
2024-06-04 19:00:00,27.48,71.9,45.78,12.4,1.18,36.21,33.65,51.6,0.98,243.01,0.0,0.0
2024-06-04 20:00:00,32.82,82.54,53.9,9.33,1.23,25.17,33.29,53.29,0.58,64.14,0.0,0.0
2024-06-04 21:00:00,35.48,86.24,34.01,7.69,0.87,32.49,33.35,52.01,1.09,218.94,0.0,0.0
2024-06-04 22:00:00,33.25,89.12,21.97,8.25,0.51,48.1,33.01,51.65,1.07,193.91,0.0,0.0
2024-06-04 23:00:00,26.42,83.41,15.77,10.41,0.4,52.98,32.24,54.39,0.96,201.24,0.0,0.0
2024-06-05 00:00:00,28.78,71.57,15.4,10.06,0.36,43.7,31.35,57.7,0.46,241.12,0.0,0.0
2024-06-05 01:00:00,36.17,68.15,10.32,9.46,0.3,44.46,31.36,57.4,0.46,249.36,0.0,0.0
2024-06-05 02:00:00,28.54,66.49,8.43,10.65,0.28,52.19,31.1,56.93,0.87,301.91,0.0,0.0
2024-06-05 03:00:00,24.11,55.58,7.79,11.37,0.26,54.11,30.63,57.47,0.94,288.38,0.0,0.0
2024-06-05 04:00:00,27.24,55.28,7.38,10.9,0.24,51.98,29.35,61.14,0.95,308.78,0.0,0.0
2024-06-05 05:00:00,23.42,56.28,7.86,10.58,0.24,50.3,28.46,65.21,1.03,320.82,0.0,0.0
2024-06-05 06:00:00,21.48,46.3,8.82,10.22,0.26,49.55,29.06,64.58,1.18,326.97,0.0,14.95
2024-06-05 07:00:00,22.93,42.25,6.28,8.67,0.27,52.92,30.21,61.42,1.32,349.12,0.0,66.78
2024-06-05 08:00:00,18.38,43.83,5.7,5.77,0.27,61.75,32.44,53.79,1.25,175.23,0.0,319.75
2024-06-05 09:00:00,20.96,56.24,6.07,5.44,0.29,72.06,34.42,48.37,1.26,18.79,0.0,515.52
2024-06-05 10:00:00,22.18,77.62,8.27,18.26,0.27,80.91,35.22,45.69,1.17,102.02,0.0,534.42
2024-06-05 11:00:00,26.56,74.79,23.76,80.81,0.28,87.34,36.8,40.53,0.67,120.71,0.0,546.28
2024-06-05 12:00:00,25.75,69.54,24.29,86.47,0.3,99.29,37.83,39.03,0.64,43.68,0.0,549.4
2024-06-05 13:00:00,22.88,72.43,25.41,62.86,0.46,123.42,37.96,39.5,0.79,128.6,0.0,514.33
2024-06-05 14:00:00,31.62,72.84,13.64,37.54,0.32,136.81,39.02,37.86,0.96,205.0,0.0,500.35
2024-06-05 15:00:00,32.78,77.56,18.09,16.35,0.41,130.92,39.33,37.27,0.46,101.18,0.0,244.55
2024-06-05 16:00:00,28.83,74.79,12.89,9.25,0.31,112.94,38.98,37.49,1.11,238.52,0.0,101.75
2024-06-05 17:00:00,29.37,65.78,12.61,7.01,0.31,106.25,38.41,37.69,0.99,335.01,0.0,4.97
2024-06-05 18:00:00,23.77,62.52,17.1,6.18,0.38,82.96,36.79,41.1,1.16,321.5,0.0,0.0
2024-06-05 19:00:00,28.01,56.62,25.06,3.46,0.7,55.46,35.02,45.46,1.17,331.91,0.0,0.0
2024-06-05 20:00:00,27.78,62.18,33.08,8.41,4.13,1.25,34.01,47.91,0.76,174.96,0.0,0.0
2024-06-05 21:00:00,34.12,99.28,74.8,8.74,1.35,32.22,33.56,49.22,1.0,85.35,0.0,0.0
2024-06-05 22:00:00,38.07,103.58,41.28,23.22,0.74,44.92,33.99,48.24,0.92,173.66,0.0,0.0
2024-06-05 23:00:00,31.31,95.2,26.66,57.42,0.44,47.78,33.79,47.36,0.39,160.38,0.0,0.0
2024-06-06 00:00:00,31.31,83.42,23.11,17.57,0.41,51.91,33.34,48.18,0.56,145.88,0.0,0.0
2024-06-06 01:00:00,32.37,77.06,17.02,8.64,0.34,46.22,32.04,51.21,0.83,188.66,0.0,0.0
2024-06-06 02:00:00,26.97,61.54,19.71,6.14,0.36,45.21,31.0,53.92,1.08,195.84,0.0,0.0
2024-06-06 03:00:00,31.92,57.39,18.18,12.15,0.32,47.91,31.3,54.06,1.64,173.46,0.0,0.0
2024-06-06 04:00:00,28.6,62.18,10.99,11.73,0.31,49.5,30.48,59.22,1.55,175.02,0.0,0.0
2024-06-06 05:00:00,31.15,55.47,13.01,16.93,0.35,40.42,30.2,60.0,0.98,211.25,0.0,0.0
2024-06-06 06:00:00,29.62,53.18,12.82,9.7,0.36,33.0,30.95,58.13,0.59,204.21,0.0,0.0
2024-06-06 07:00:00,24.86,57.74,15.79,7.8,0.41,34.87,31.87,57.43,0.72,270.75,0.0,32.15
2024-06-06 08:00:00,29.54,55.14,15.48,7.98,0.39,47.35,33.82,53.76,1.11,322.14,0.0,262.62
2024-06-06 09:00:00,28.62,60.11,10.15,8.62,0.34,62.93,35.99,48.52,1.19,332.08,0.0,535.33
2024-06-06 10:00:00,31.11,64.49,13.68,6.63,0.3,75.76,38.0,43.11,1.21,168.26,0.0,691.85
2024-06-06 11:00:00,30.36,66.57,11.06,9.76,0.25,85.07,39.53,38.89,1.39,255.77,0.0,760.65
2024-06-06 12:00:00,30.82,69.08,7.85,6.83,0.25,86.03,40.7,36.01,1.04,100.66,0.0,823.4
2024-06-06 13:00:00,29.14,67.23,14.7,30.17,0.32,83.8,40.81,36.24,1.16,64.69,0.0,578.6
2024-06-06 14:00:00,32.89,72.1,15.68,9.94,0.45,65.68,34.27,50.54,1.92,173.83,0.0,122.55
2024-06-06 15:00:00,29.05,76.74,26.34,8.65,0.5,73.64,33.02,51.69,1.14,150.92,0.0,130.55
2024-06-06 16:00:00,35.34,76.0,26.88,6.2,0.46,80.79,35.11,44.66,0.96,96.41,0.0,117.95
2024-06-06 17:00:00,33.98,69.44,40.79,5.29,0.86,64.32,35.64,44.82,1.42,172.62,0.0,5.32
2024-06-06 18:00:00,35.69,71.52,35.05,14.88,0.72,64.74,35.19,46.24,0.62,278.78,0.0,0.0
2024-06-06 19:00:00,28.9,73.22,47.6,15.06,1.23,39.93,34.19,48.94,1.1,163.9,0.0,0.0
2024-06-06 20:00:00,32.52,83.67,37.92,16.51,1.04,32.67,33.07,55.14,1.32,176.58,0.0,0.0
2024-06-06 21:00:00,37.69,95.48,35.73,22.88,0.76,26.0,31.92,58.8,0.82,203.74,0.0,0.0
2024-06-06 22:00:00,33.97,99.06,25.09,16.14,0.58,29.63,30.68,63.26,1.34,183.59,0.0,0.0
2024-06-06 23:00:00,34.53,89.73,20.3,10.78,0.46,34.93,29.47,66.2,1.6,167.32,0.0,0.0
2024-06-07 00:00:00,30.59,76.04,17.39,10.63,0.32,38.44,29.08,67.36,1.28,177.13,0.0,0.0
2024-06-07 01:00:00,28.28,65.28,16.94,15.34,0.32,39.19,29.28,66.24,0.64,171.56,0.0,0.0
2024-06-07 02:00:00,24.19,62.81,15.87,17.23,0.34,37.33,29.18,66.65,1.32,189.82,0.0,0.0
2024-06-07 03:00:00,28.04,56.3,15.24,16.73,0.35,31.24,28.61,69.33,0.56,166.29,0.0,0.0
2024-06-07 04:00:00,27.44,59.76,13.17,10.17,0.33,31.06,28.65,68.98,0.44,215.42,0.0,0.0
2024-06-07 05:00:00,25.25,52.52,14.5,7.68,0.37,27.72,28.58,69.92,0.8,150.35,0.0,0.0
2024-06-07 06:00:00,25.04,51.92,16.22,7.64,0.43,27.73,28.75,68.84,1.26,167.43,0.0,0.05
2024-06-07 07:00:00,27.26,48.07,20.68,9.13,0.59,25.68,29.42,67.47,0.85,182.2,0.0,36.0
2024-06-07 08:00:00,28.52,55.5,15.35,6.92,0.43,39.02,31.67,61.27,0.88,263.04,0.0,220.5
2024-06-07 09:00:00,21.8,61.77,16.01,5.7,0.49,27.95761787894849,33.58,56.34,0.72,220.34,0.0,540.8
2024-06-07 10:00:00,21.83,62.88,20.82,9.49,0.64,27.3319369490436,35.45,52.13,0.98,168.93,0.0,689.4
2024-06-07 11:00:00,21.03,65.5,19.32,5.81,0.37,80.12,37.14,47.58,1.03,181.5,0.0,771.12
2024-06-07 12:00:00,27.589385937279424,47.82,18.7,3.95,0.53,92.56,38.89,43.52,0.7,181.2,0.0,792.02
2024-06-07 13:00:00,17.2,64.41,18.811627540814232,28.442848649242208,0.5,106.6,39.62,42.05,1.06,176.66,0.0,706.68
2024-06-07 14:00:00,26.71,63.59,15.828297151452311,10.99,0.48,110.46,40.32,39.83,0.98,139.18,0.0,562.08
2024-06-07 15:00:00,19.51,74.91,9.86,11.47,0.45,113.2,40.38,39.34,1.02,129.85,0.0,194.25
2024-06-07 16:00:00,24.66,72.01,18.58,10.22,0.55,105.19,40.13,38.19,1.12,149.99,0.0,75.58
2024-06-07 17:00:00,31.95,74.14,19.04,12.51,0.54,105.31,39.46,38.94,0.57,108.52,0.0,2.88
2024-06-07 18:00:00,35.7,85.76,21.54,14.0,0.66,91.09,37.11,43.37,1.07,147.07,0.0,0.0
2024-06-07 19:00:00,36.93,108.52,21.76,20.6,0.62,83.66,34.34,49.36,0.99,326.75,0.0,0.0
2024-06-07 20:00:00,41.34,111.17,46.16,7.9,1.32,34.45,33.44,57.3,0.86,248.52,0.0,0.0
2024-06-07 21:00:00,46.14,112.46,54.64,14.35,1.51,26.31,33.53,53.08,1.04,332.04,0.0,0.0
2024-06-07 22:00:00,50.52,109.45,29.97,18.0,0.86,57.42,34.24,50.99,1.44,138.96,0.0,0.0
2024-06-07 23:00:00,49.7,105.4,21.03,41.72,0.64,63.54,33.9,54.0,1.68,173.67,0.0,0.0
2024-06-08 00:00:00,46.77,101.04,14.2,52.8,0.41,66.45,33.09,56.21,1.6,175.74,0.0,0.0
2024-06-08 01:00:00,46.08,93.37,9.54,36.96,0.36,58.87,32.28,58.58,1.61,173.2,0.0,0.0
2024-06-08 02:00:00,40.63,84.37,11.18,31.04,0.36,52.17,31.7,59.8,1.44,170.08,0.0,0.0
2024-06-08 03:00:00,32.8,75.44,9.67,21.74,0.37,53.87,31.26,58.26,1.08,168.1,0.0,0.0
2024-06-08 04:00:00,30.52,70.12,11.08,14.8,0.35,53.93,30.44,58.32,0.68,194.4,0.0,0.0
2024-06-08 05:00:00,36.72,71.04,9.18,11.08,0.35,51.7,29.32,61.16,0.94,302.53,0.0,0.0
2024-06-08 06:00:00,34.5,65.17,8.74,9.16,0.31,53.83,29.06,62.0,1.26,327.4,0.0,0.0
2024-06-08 07:00:00,32.09,67.96,10.92,4.9,0.33,63.33,30.12,58.62,1.13,321.87,0.0,17.38
2024-06-08 08:00:00,26.25,50.05,5.4,3.6,0.3,75.34,32.39,52.16,1.25,92.51,0.0,253.58
2024-06-08 09:00:00,25.07,50.84,5.54,6.06,0.32,87.94,34.72,46.98,1.01,124.06,0.0,526.05
2024-06-08 10:00:00,31.4,58.26,16.82,3.2,0.57,88.48,36.94,42.41,0.66,301.9,0.0,678.15
2024-06-08 11:00:00,29.15,56.18,12.72,1.53,0.45,101.87,38.39,39.41,0.73,256.52,0.0,731.22
2024-06-08 12:00:00,24.93,66.17,11.17,1.43,0.34,109.43,39.57,36.47,0.84,221.72,0.0,790.1
2024-06-08 13:00:00,28.97,70.92,5.02,2.73,0.26,111.77,40.25,34.34,0.88,177.78,0.0,739.65
2024-06-08 14:00:00,30.32,61.8,16.21,2.52,0.44,105.94,40.85,33.8,0.89,211.06,0.0,553.08
2024-06-08 15:00:00,31.41,61.62,13.52,0.58,0.41,107.34,40.72,33.08,1.05,189.54,0.0,225.2
2024-06-08 16:00:00,27.46,62.84,18.17,1.73,0.49,97.42,39.3,35.51,0.95,178.64,0.0,62.65
2024-06-08 17:00:00,31.67,71.31,15.9,2.35,0.43,93.31,37.55,39.65,1.12,200.7,0.0,17.68
2024-06-08 18:00:00,33.7,75.21,6.23,6.31,0.31,93.78,32.41,53.52,1.58,181.81,0.0,0.0
2024-06-08 19:00:00,37.04,82.04,22.12,46.47,0.42,65.55,29.89,63.3,1.31,181.83,0.0,0.0
2024-06-08 20:00:00,35.96,89.58,32.86,43.09,0.75,53.45,30.98,57.66,1.34,198.18,0.05,0.0
2024-06-08 21:00:00,35.44,89.68,28.61,12.61,0.7,35.93,26.19,87.98,1.08,162.75,1.8,0.0
2024-06-08 22:00:00,45.83,95.89,27.76,6.79,0.8,14.96,26.22,94.71,0.48,125.04,0.05,0.0
2024-06-08 23:00:00,50.93,86.31,41.7,4.24,1.42,5.16,27.16,89.85,1.05,203.16,0.0,0.0
2024-06-09 00:00:00,47.85,96.06,27.0,8.5,0.62,11.6,27.38,84.06,0.94,221.02,0.0,0.0
2024-06-09 01:00:00,47.99,92.45,16.86,8.5,0.45,18.34,27.5,79.57,0.6,91.13,0.0,0.0
2024-06-09 02:00:00,46.37,87.05,15.66,8.9,0.46,19.04,27.64,75.79,1.03,245.74,0.0,0.0
2024-06-09 03:00:00,42.06,90.81,16.3,10.73,0.46,18.18,28.08,73.98,0.74,332.05,0.0,0.0
2024-06-09 04:00:00,44.48,88.06,16.58,12.92,0.46,20.21,27.88,75.81,1.2,240.27,0.0,0.0
2024-06-09 05:00:00,45.27,93.07,16.31,12.72,0.44,20.2,27.53,76.93,1.21,328.66,0.0,0.0
2024-06-09 06:00:00,41.36,86.15,12.97,12.05,0.4,27.31,27.64,76.18,1.03,264.67,0.0,0.0
2024-06-09 07:00:00,43.92,84.28,11.79,9.6,0.39,36.85,28.97,70.32,1.17,250.92,0.0,30.52
2024-06-09 08:00:00,43.73,81.93,12.05,12.09,0.42,55.44,31.36,62.26,0.66,216.08,0.0,244.6
2024-06-09 09:00:00,38.83,74.42,10.18,9.71,0.35,74.01,32.97,57.06,0.75,109.54,0.0,541.38
2024-06-09 10:00:00,41.34,68.0,7.24,11.22,0.36,84.78,34.67,52.82,0.82,86.93,0.0,681.12
2024-06-09 11:00:00,34.94,68.59,9.37,10.88,0.37,94.04,36.17,49.14,0.43,219.9,0.0,701.85
2024-06-09 12:00:00,35.5,62.91,10.22,10.79,0.37,107.26,36.92,47.35,0.59,99.64,0.0,708.12
2024-06-09 13:00:00,34.86,63.56,5.89,11.3,0.33,123.27,38.34,44.06,0.88,166.6,0.0,719.88
2024-06-09 14:00:00,32.22,64.88,13.54,33.14,0.4,122.31,38.86,41.17,1.06,104.6,0.0,575.33
2024-06-09 15:00:00,38.82,73.78,21.94,94.35,0.44,134.27,39.25,40.5,1.07,142.74,0.0,264.38
2024-06-09 16:00:00,65.54,85.38,18.92,69.98,0.46,135.29,38.51,42.63,0.95,128.93,0.0,99.85
2024-06-09 17:00:00,62.98,109.46,27.19,37.3,0.74,117.32,37.3,45.97,1.27,171.94,0.0,0.72
2024-06-09 18:00:00,64.32,112.66,29.62,34.41,0.82,97.8,36.11,49.18,1.02,258.02,0.0,0.0
2024-06-09 19:00:00,73.7,119.64,36.69,24.94,1.01,69.24,34.35,53.18,1.3,319.85,0.0,0.0
2024-06-09 20:00:00,72.94,123.76,10.11,14.6,0.4,87.58,32.75,53.44,1.32,319.9,0.0,0.0
2024-06-09 21:00:00,65.04,98.08,17.19,14.9,0.56,69.9,31.63,56.1,1.05,252.86,0.0,0.0
2024-06-09 22:00:00,48.54,90.89,35.81,10.71,0.97,44.81,31.96,57.54,0.84,137.59,0.0,0.0
2024-06-09 23:00:00,51.52,86.58,25.5,9.57,0.64,41.5,31.6,58.94,0.55,239.49,0.0,0.0
2024-06-10 00:00:00,48.8,88.5,18.86,13.89,0.32,38.92,31.74,57.34,1.14,197.24,0.0,0.0
2024-06-10 01:00:00,42.6,75.64,12.62,11.67,0.28,40.96,31.33,58.64,1.38,174.04,0.0,0.0
2024-06-10 02:00:00,33.89,65.65,8.16,10.44,0.26,37.57,30.79,60.76,1.04,179.92,0.0,0.0
2024-06-10 03:00:00,33.81,60.69,9.57,13.07,0.34,43.93,30.39,60.99,0.67,148.63,0.0,0.0
2024-06-10 04:00:00,31.66,55.28,7.18,13.83,0.34,59.53,29.64,62.16,0.89,291.35,0.0,0.0
2024-06-10 05:00:00,28.01,58.74,10.06,11.41,0.36,56.04,28.58,66.46,1.2,316.4,0.0,0.0
2024-06-10 06:00:00,32.51,56.04,7.94,8.91,0.35,54.8,28.52,68.3,1.34,322.98,0.0,0.0
2024-06-10 07:00:00,30.77,59.41,5.17,5.43,0.32,70.91,29.66,63.88,1.28,327.88,0.0,35.48
2024-06-10 08:00:00,39.05,55.98,5.6,2.84,0.35,74.5,31.69,57.85,1.34,326.72,0.0,283.35
2024-06-10 09:00:00,37.68,53.99,9.29,4.77,0.4,86.42,33.9,52.2,1.25,339.42,0.0,546.95
2024-06-10 10:00:00,33.82,58.62,4.56,8.8,0.34,99.28,35.68,47.26,1.2,115.69,0.0,712.3
2024-06-10 11:00:00,32.97,56.9,7.77,10.37,0.36,107.3,37.6,44.18,0.74,195.14,0.0,794.72
2024-06-10 12:00:00,37.87,65.0,4.87,11.61,0.32,107.8,38.67,42.18,0.89,248.44,0.0,799.72
2024-06-10 13:00:00,42.61,66.99,13.15,44.43,0.38,107.82,39.64,40.04,0.67,100.02,0.0,699.0
2024-06-10 14:00:00,43.81,65.68,14.35,56.62,0.36,117.34,39.88,38.68,1.08,21.03,0.0,444.15
2024-06-10 15:00:00,45.7,79.72,18.09,28.04,0.5,117.12,39.51,39.17,0.71,224.47,0.0,190.45
2024-06-10 16:00:00,48.88,88.66,18.43,16.4,0.54,110.6,39.55,38.81,0.84,144.07,0.0,88.68
2024-06-10 17:00:00,48.58,94.65,9.06,13.61,0.41,107.87,38.76,40.43,1.2,256.99,0.0,10.0
2024-06-10 18:00:00,50.8,95.67,13.84,23.36,0.5,88.38,37.08,42.97,1.22,165.0,0.0,0.0
2024-06-10 19:00:00,60.89,105.85,15.89,22.92,0.48,71.7,34.61,48.79,1.37,310.22,0.0,0.0
2024-06-10 20:00:00,53.22,99.62,11.52,6.62,0.44,64.96,32.77,53.93,1.48,314.42,0.0,0.0
2024-06-10 21:00:00,44.28,90.42,8.3,4.21,0.39,59.61,31.89,56.09,1.42,317.31,0.0,0.0
2024-06-10 22:00:00,38.47,78.93,8.32,3.84,0.38,58.21,31.23,57.36,1.43,323.39,0.0,0.0
2024-06-10 23:00:00,32.87,67.33,8.11,2.51,0.37,59.22,30.73,57.86,1.27,313.28,0.0,0.0
2024-06-11 00:00:00,38.05,61.17,7.38,4.24,0.34,60.77,30.32,58.96,1.16,305.74,0.0,0.0
2024-06-11 01:00:00,35.64,57.28,6.2,4.19,0.35,66.28,30.02,60.39,1.42,326.55,0.0,0.0
2024-06-11 02:00:00,30.67,57.52,5.68,3.58,0.33,66.88,29.78,61.17,1.28,315.47,0.0,0.0
2024-06-11 03:00:00,35.59,57.02,5.29,3.37,0.3,67.86,29.17,61.59,1.36,314.12,0.0,0.0
2024-06-11 04:00:00,31.41,59.96,4.15,3.38,0.32,63.02,28.88,62.69,1.2,315.76,0.0,0.0
2024-06-11 05:00:00,33.71,57.84,4.35,2.68,0.3,59.75,28.36,64.74,1.26,315.23,0.0,0.0
2024-06-11 06:00:00,30.69,55.4,5.38,2.84,0.34,55.3,28.78,65.15,1.27,321.12,0.0,0.0
2024-06-11 07:00:00,32.53,53.38,6.56,2.85,0.35,55.35,30.16,62.96,1.43,252.86,0.0,25.72
2024-06-11 08:00:00,35.25,53.6,6.84,1.43,0.4,64.72,32.46,57.15,1.28,343.68,0.0,263.23
2024-06-11 09:00:00,35.61,58.19,8.91,7.31,0.42,80.51,34.7,51.46,0.92,44.66,0.0,549.45
2024-06-11 10:00:00,43.0,64.94,14.25,21.01,0.58,101.6,36.6,47.28,0.59,61.18,0.0,703.9
2024-06-11 11:00:00,42.5,73.16,11.52,28.33,0.5,113.26,38.64,42.99,0.87,241.7,0.0,784.52
2024-06-11 12:00:00,44.96,79.74,17.61,38.58,0.55,128.28,40.28,39.6,0.56,314.56,0.0,791.22
2024-06-11 13:00:00,56.32,100.58,7.63,28.35,0.41,124.82,41.24,36.9,0.77,128.12,0.0,687.42
2024-06-11 14:00:00,57.36,97.86,17.45,23.81,0.54,119.24,41.52,34.99,0.6,194.32,0.0,570.08
2024-06-11 15:00:00,55.11,103.76,14.9,28.22,0.44,115.73,41.76,32.22,0.76,114.25,0.0,228.48
2024-06-11 16:00:00,53.91,107.3,8.94,12.82,0.38,86.17,37.78,41.49,1.44,260.22,0.0,133.82
2024-06-11 17:00:00,57.75,104.43,5.14,4.63,0.32,75.15,33.98,47.49,1.64,327.48,0.0,7.08
2024-06-11 18:00:00,45.36,96.58,10.58,2.66,0.43,67.0,32.64,50.59,1.44,315.83,0.0,0.0
2024-06-11 19:00:00,37.67,90.39,13.18,4.49,0.4,58.98,31.5,54.48,1.44,308.67,0.0,0.0
2024-06-11 20:00:00,39.6,83.5,10.74,3.19,0.46,54.91,31.66,53.08,1.32,177.19,0.0,0.0
2024-06-11 21:00:00,37.15,73.13,19.4,2.97,0.67,34.4,31.59,53.64,1.03,275.03,0.0,0.0
2024-06-11 22:00:00,32.38,67.93,12.25,3.65,0.48,37.89,30.23,60.34,1.33,305.5,0.0,0.0
2024-06-11 23:00:00,36.13,73.61,14.52,4.64,0.46,38.44,30.06,60.84,0.68,153.43,0.0,0.0
2024-06-12 00:00:00,34.93,73.99,10.73,2.71,0.34,35.81,29.21,65.43,1.18,301.32,0.0,0.0
2024-06-12 01:00:00,40.03,80.75,7.07,5.29,0.32,35.55,28.21,69.21,1.0,310.33,0.0,0.0
2024-06-12 02:00:00,30.55,72.47,4.23,3.7,0.32,40.1,28.52,66.65,0.7,278.34,0.0,0.0
2024-06-12 03:00:00,33.76,67.9,3.09,2.92,0.29,38.42,27.54,72.43,1.23,301.53,0.0,0.0
2024-06-12 04:00:00,38.14,63.0,4.03,2.52,0.3,32.25,26.48,78.76,0.99,315.44,0.0,0.0
2024-06-12 05:00:00,35.87,58.83,9.91,2.94,0.39,27.22,26.4,79.35,0.73,200.17,0.0,0.0
2024-06-12 06:00:00,30.38,56.36,10.69,3.51,0.41,27.81,26.68,77.58,0.94,315.97,0.0,0.0
2024-06-12 07:00:00,35.89,57.62,13.64,2.84,0.48,48.67,27.28,76.37,1.1,302.7,0.0,3.52
2024-06-12 08:00:00,35.55,58.48,16.87,1.63,0.56,54.67,28.74,71.44,0.9,301.68,0.0,181.8
2024-06-12 09:00:00,33.84,59.09,11.42,1.74,0.4,69.35,30.69,63.39,1.21,319.43,0.0,429.4
2024-06-12 10:00:00,28.67,48.58,6.4,1.96,0.32,80.4,33.23,55.99,1.41,320.98,0.0,691.17
2024-06-12 11:00:00,35.39,49.99,8.1,7.67,0.35,79.2,35.49,50.2,1.17,307.33,0.0,766.13
2024-06-12 12:00:00,27.91,48.8,9.09,8.44,0.31,87.69,36.43,44.91,1.19,238.65,0.0,584.48
2024-06-12 13:00:00,32.75,48.27,5.77,8.18,0.31,91.18,36.04,45.22,1.15,162.84,0.0,161.17
2024-06-12 14:00:00,31.1,45.84,20.98,24.765814242177107,0.62,83.56,36.71,44.53,0.58,296.52,0.0,131.18
2024-06-12 15:00:00,29.87,57.92,27.12,12.74,0.76,75.02,37.05,44.7,0.65,211.4,0.0,122.82
2024-06-12 16:00:00,30.65,62.49,27.19,10.81,0.86,69.87,36.56,47.0,1.27,178.23,0.0,50.03
2024-06-12 17:00:00,31.38,63.23,31.62,9.8,1.05,56.52,35.35,51.4,1.02,193.32,0.0,0.0
2024-06-12 18:00:00,32.25,73.89,24.75,9.35,0.81,52.96,34.48,54.87,0.52,253.71,0.0,0.0
2024-06-12 19:00:00,33.83,79.39,23.18,12.26,0.76,49.51,33.7,57.59,0.9,311.65,0.0,0.0
2024-06-12 20:00:00,37.63,78.43,26.84,13.53,0.76,45.02,33.35,58.1,0.94,312.09,0.0,0.0
2024-06-12 21:00:00,29.59,76.93,21.17,11.22,0.65,44.3,32.93,59.26,0.51,273.08,0.0,0.0
2024-06-12 22:00:00,35.03,70.54,15.1,8.98,0.46,33.47,32.22,62.34,0.85,292.47,0.0,0.0
2024-06-12 23:00:00,29.75,65.3,11.92,11.98,0.35,17.17,31.58,64.42,0.99,298.26,0.0,0.0
2024-06-13 00:00:00,33.2,66.31,8.42,13.62,0.32,16.5,31.06,65.9,0.96,305.11,0.0,0.0
2024-06-13 01:00:00,37.93,61.23,4.29,12.8,0.28,19.08,30.66,66.84,1.1,298.46,0.0,0.0
2024-06-13 02:00:00,32.76,59.06,2.97,12.39,0.28,18.68,30.18,69.4,1.04,302.65,0.0,0.0
2024-06-13 03:00:00,31.36,58.26,2.72,12.14,0.27,18.75,29.86,70.06,1.16,299.47,0.0,0.0
2024-06-13 04:00:00,29.47,54.77,2.21,13.9,0.25,27.78,29.56,62.14,1.16,302.58,0.0,0.0
2024-06-13 05:00:00,25.33,50.85,3.28,14.01,0.28,27.1,28.96,63.43,1.03,295.88,0.0,0.0
2024-06-13 06:00:00,28.93,53.8,5.61,14.7,0.28,27.22,28.91,64.93,1.06,308.67,0.0,0.0
2024-06-13 07:00:00,42.06,53.88,11.47,11.06,0.36,45.16,29.14,64.77,1.06,298.83,0.0,0.0
2024-06-13 08:00:00,30.65,47.01,11.15,11.09,0.41,44.14,29.54,63.4,1.12,314.61,0.0,5.5
2024-06-13 09:00:00,29.16,52.18,14.99,12.56,0.52,45.97,30.56,59.6,0.97,313.65,0.0,66.05
2024-06-13 10:00:00,22.84,50.66,19.57,15.92,0.68,49.74,32.06,56.54,0.76,289.76,0.0,205.95
2024-06-13 11:00:00,27.12,52.34,14.3,12.85,0.52,62.74,35.71,49.0,0.68,312.16,0.0,763.65
2024-06-13 12:00:00,26.15,53.49,10.19,11.18,0.38,75.04,37.77,44.26,0.96,321.26,0.0,595.85
2024-06-13 13:00:00,24.82,60.34,8.96,12.65,0.38,82.58,38.15,42.76,1.18,251.5,0.0,590.95
2024-06-13 14:00:00,27.9,63.38,12.3,14.09,0.45,89.81,39.34,40.24,0.88,300.45,0.0,527.92
2024-06-13 15:00:00,32.46,63.31,11.74,14.65,0.47,89.52,39.16,40.3,0.86,316.8,0.0,249.02
2024-06-13 16:00:00,33.12,65.46,22.34,10.18,0.7,77.99,38.96,39.88,0.84,266.96,0.0,81.17
2024-06-13 17:00:00,35.86,65.84,19.94,9.22,0.57,78.11,37.95,42.13,0.82,279.35,0.0,3.5
2024-06-13 18:00:00,32.13,64.34,23.2,12.71,0.79,60.12,36.62,44.65,0.54,262.05,0.0,0.0
2024-06-13 19:00:00,32.37,63.2,22.59,12.69,0.8,53.38,35.42,46.42,0.41,196.15,0.0,0.0
2024-06-13 20:00:00,37.5,74.36,23.16,14.11,0.66,51.7,34.53,48.89,1.02,312.68,0.0,0.0
2024-06-13 21:00:00,38.69,73.63,21.27,16.3,0.68,47.81,33.97,49.97,0.87,311.03,0.0,0.0
2024-06-13 22:00:00,44.06,70.2,20.78,11.4,0.65,40.89,33.42,52.64,0.87,199.98,0.0,0.0
2024-06-13 23:00:00,33.66,73.53,14.67,10.82,0.46,41.87,31.64,56.31,1.56,186.68,0.0,0.0
2024-06-14 00:00:00,28.18,69.86,10.52,6.72,0.38,42.84,31.15,58.6,1.35,193.29,0.0,0.0
2024-06-14 01:00:00,30.06,72.23,7.04,12.18,0.34,38.02,30.84,61.59,0.78,211.29,0.0,0.0
2024-06-14 02:00:00,33.65,67.9,5.06,14.02,0.28,36.0,30.33,63.84,0.49,207.09,0.0,0.0
2024-06-14 03:00:00,28.85,63.92,5.02,14.72,0.27,34.34,29.92,65.55,0.68,256.07,0.0,0.0
2024-06-14 04:00:00,32.94,61.6,4.69,14.04,0.27,33.08,29.46,67.75,0.88,321.45,0.0,0.0
2024-06-14 05:00:00,26.89,59.77,6.87,15.2,0.29,29.62,29.09,67.56,0.96,306.86,0.0,0.0
2024-06-14 06:00:00,19.38,56.42,9.72,15.17,0.33,29.56,29.3,66.18,0.97,301.73,0.0,1.38
2024-06-14 07:00:00,15.96,62.68,8.48,13.86,0.29,35.46,30.35,62.7,1.1,317.82,0.0,36.98
2024-06-14 08:00:00,20.73,56.04,8.93,9.73,0.34,39.34,31.84,59.01,1.1,324.28,0.0,170.88
2024-06-14 09:00:00,25.02,54.27,14.08,8.57,0.6,41.46,34.12,53.07,0.95,311.91,0.0,298.02
2024-06-14 10:00:00,18.82,52.72,15.99,13.28,0.52,52.21,35.72,49.02,0.91,243.56,0.0,400.18
2024-06-14 11:00:00,18.74,55.21,18.56,11.92,0.66,61.98,37.22,45.69,0.9,303.56,0.0,384.95
2024-06-14 12:00:00,26.08,59.98,15.42,12.96,0.53,67.27,38.47,42.78,0.9,304.4,0.0,479.0
2024-06-14 13:00:00,29.74,72.26,16.29,16.56,0.56,69.32,39.32,40.68,0.84,297.02,0.0,575.83
2024-06-14 14:00:00,27.75,73.03,9.43,16.46,0.36,77.04,39.6,39.13,1.02,329.77,0.0,498.42
2024-06-14 15:00:00,26.17,76.01,11.69,16.03,0.35,77.58,39.73,37.52,0.81,331.64,0.0,224.98
2024-06-14 16:00:00,29.32,73.45,5.91,17.24,0.26,82.07,38.3,39.63,0.99,179.78,0.0,32.02
2024-06-14 17:00:00,31.98,68.7,13.31,12.07,0.47,49.8,31.1,63.07,1.34,295.56,0.1,0.0
2024-06-14 18:00:00,37.78,72.54,22.02,11.4,0.86,34.68,30.24,65.69,1.1,233.32,0.0,0.0
2024-06-14 19:00:00,40.85,83.11,15.86,11.85,0.66,32.27,28.65,73.08,0.73,256.24,0.1,0.0
2024-06-14 20:00:00,35.92,73.2,18.56,9.86,0.61,29.84,28.71,70.11,0.74,301.06,0.0,0.0
2024-06-14 21:00:00,36.23,61.9,18.52,12.26,0.6,30.87,28.94,67.05,0.78,292.44,0.0,0.0
2024-06-14 22:00:00,25.72,56.5,19.07,10.52,0.62,29.82,28.93,64.9,1.1,196.69,0.0,0.0
2024-06-14 23:00:00,19.69,47.42,18.24,11.28,0.54,25.0,28.35,67.76,1.15,169.24,0.0,0.0
2024-06-15 00:00:00,16.22,45.59,12.78,11.92,0.32,29.42,27.99,68.62,1.49,169.37,0.0,0.0
2024-06-15 01:00:00,20.56,41.86,4.82,12.17,0.22,40.59,27.58,69.02,0.8,260.47,0.0,0.0
2024-06-15 02:00:00,15.06,35.56,3.41,12.21,0.2,40.64,26.88,72.04,1.06,309.59,0.0,0.0
2024-06-15 03:00:00,12.91,33.34,7.14,13.56,0.3,31.89,26.8,74.15,0.93,328.8,0.0,0.0
2024-06-15 04:00:00,16.12,34.69,12.93,27.28,0.41,24.65,26.94,74.21,1.22,313.22,0.0,0.0
2024-06-15 05:00:00,13.34,36.4,12.1,26.02,0.33,23.65,27.01,74.84,1.02,313.64,0.0,0.0
2024-06-15 06:00:00,17.99,40.03,11.61,18.09,0.34,22.12,27.53,74.33,0.94,322.94,0.0,0.2
2024-06-15 07:00:00,20.44,45.96,7.12,12.95,0.29,30.84,29.26,68.97,1.08,339.77,0.0,53.35
2024-06-15 08:00:00,23.69,39.59,10.12,11.87,0.41,35.82,31.95,60.42,1.03,314.15,0.0,316.15
2024-06-15 09:00:00,23.12,46.02,12.41,10.72,0.49,41.36,33.98,55.43,1.12,306.5,0.0,571.62
2024-06-15 10:00:00,25.03,43.9,9.24,10.2,0.33,52.08,35.43,51.78,1.23,313.75,0.0,745.9
2024-06-15 11:00:00,24.92,47.27,17.13,13.52,0.56,52.28,37.27,47.62,0.83,275.2,0.0,792.72
2024-06-15 12:00:00,19.59,58.63,12.66,11.82,0.46,63.86,38.44,44.03,1.02,323.48,0.0,636.55
2024-06-15 13:00:00,30.04,78.9,11.01,11.66,0.39,68.0,39.22,40.96,0.59,306.69,0.0,528.3
2024-06-15 14:00:00,43.72,70.26,4.34,13.72,0.27,73.69,39.23,40.24,1.11,271.73,0.0,341.0
2024-06-15 15:00:00,44.68,67.44,5.49,10.03,0.27,77.94,38.4,41.22,1.29,205.2,0.0,94.9
2024-06-15 16:00:00,26.48,57.27,18.94,4.54,0.64,67.92,39.18,39.14,0.86,116.01,0.0,55.18
2024-06-15 17:00:00,27.12,65.56,29.99,7.8,1.0,45.59,37.47,42.99,1.44,172.3,0.0,0.0
2024-06-15 18:00:00,24.96,69.98,26.81,5.47,0.97,39.18,36.13,46.05,0.7,252.46,0.0,0.0
2024-06-15 19:00:00,27.84,74.62,38.44,12.82,1.17,18.84,35.09,49.45,0.62,138.74,0.0,0.0
2024-06-15 20:00:00,32.53,89.49,27.79,14.3,0.86,32.94,35.02,47.84,0.9,312.72,0.0,0.0
2024-06-15 21:00:00,42.63,84.49,23.63,15.21,0.78,35.14,34.37,50.06,0.56,305.04,0.0,0.0
2024-06-15 22:00:00,34.69,87.05,15.26,11.1,0.46,37.27,33.42,54.39,0.57,310.24,0.0,0.0
2024-06-15 23:00:00,34.02,74.58,9.69,12.66,0.33,36.04,32.43,57.57,1.16,321.6,0.0,0.0
2024-06-16 00:00:00,27.96,60.08,10.88,18.97,0.33,28.2,31.88,59.76,1.21,307.3,0.0,0.0
2024-06-16 01:00:00,28.79,62.2,5.97,16.78,0.28,29.8,31.27,61.54,1.12,305.57,0.0,0.0
2024-06-16 02:00:00,22.9,50.96,4.11,14.74,0.26,30.21,30.46,63.95,1.13,314.61,0.0,0.0
2024-06-16 03:00:00,27.79,48.39,3.94,14.03,0.26,30.33,29.88,65.78,1.21,309.22,0.0,0.0
2024-06-16 04:00:00,28.46,44.62,3.62,13.47,0.26,32.42,29.3,67.16,1.17,314.12,0.0,0.0
2024-06-16 05:00:00,20.5,37.06,7.88,12.99,0.3,28.34,28.6,69.5,0.94,320.62,0.0,0.0
2024-06-16 06:00:00,15.01,35.14,7.18,13.46,0.32,23.53,29.02,69.35,1.12,328.36,0.0,0.12
2024-06-16 07:00:00,11.62,39.64,17.14,13.19,0.56,18.04,30.12,65.97,0.83,285.73,0.0,7.18
2024-06-16 08:00:00,14.34,40.3,16.72,17.12,0.55,27.58,31.83,60.74,0.62,310.65,0.0,250.65
2024-06-16 09:00:00,19.02,48.91,9.56,17.93,0.37,46.93,34.08,53.88,1.32,235.79,0.0,516.3
2024-06-16 10:00:00,29.41,47.56,6.7,14.3,0.34,54.82,35.52,51.04,1.17,342.27,0.0,553.85
2024-06-16 11:00:00,23.19,50.12,9.45,15.46,0.37,58.66,36.08,49.52,1.12,322.38,0.0,569.58
2024-06-16 12:00:00,27.36,51.5,7.58,14.98,0.35,63.62,36.64,48.04,1.08,268.07,0.0,452.08
2024-06-16 13:00:00,25.82,53.9,11.44,12.74,0.46,64.84,37.53,46.59,0.94,229.66,0.0,537.05
2024-06-16 14:00:00,23.92,56.08,15.64,15.8,0.53,62.28,38.58,42.29,0.62,236.4,0.0,563.1
2024-06-16 15:00:00,25.36,55.38,15.89,14.46,0.51,63.63,38.23,42.28,0.93,187.19,0.0,207.2
2024-06-16 16:00:00,35.03,55.74,24.17,15.39,0.74,53.92,38.1,41.62,1.16,178.11,0.0,88.05
2024-06-16 17:00:00,27.72,64.97,7.8,15.4,0.34,67.34,33.66,53.12,1.47,248.34,0.0,2.85
2024-06-16 18:00:00,33.58,62.36,14.05,13.97,0.45,56.87,32.35,50.14,1.0,302.53,0.0,0.0
2024-06-16 19:00:00,27.25,47.58,21.17,13.36,0.74,42.07,32.25,52.82,1.01,291.89,0.0,0.0
2024-06-16 20:00:00,32.74,48.58,12.66,12.05,0.43,40.12,31.32,59.68,1.27,308.26,0.0,0.0
2024-06-16 21:00:00,29.88,48.4,19.58,10.81,0.78,22.86,30.91,62.26,0.9,226.5,0.0,0.0
2024-06-16 22:00:00,28.55,50.57,27.26,11.32,0.85,22.64,32.14,57.52,1.29,174.68,0.0,0.0
2024-06-16 23:00:00,36.17,51.74,17.98,15.44,0.54,31.13,31.04,60.26,1.27,170.75,0.0,0.0
2024-06-17 00:00:00,31.68,57.82,14.49,17.06,0.4,32.8,30.42,63.04,1.4,170.47,0.0,0.0
2024-06-17 01:00:00,30.44,53.04,7.96,21.49,0.32,39.55,29.99,61.54,1.23,177.56,0.0,0.0
2024-06-17 02:00:00,25.32,43.0,8.38,19.67,0.28,33.83,29.53,62.45,1.35,187.29,0.0,0.0
2024-06-17 03:00:00,21.04,41.22,4.24,15.1,0.24,36.52,29.66,64.87,0.68,201.55,0.0,0.0
2024-06-17 04:00:00,25.46,40.83,3.14,14.61,0.24,37.68,29.49,66.48,0.56,287.05,0.0,0.0
2024-06-17 05:00:00,19.28,38.91,4.32,12.86,0.3,36.04,29.12,67.4,0.85,317.39,0.0,0.0
2024-06-17 06:00:00,16.55,39.22,10.52,16.55,0.38,28.52,29.25,68.32,0.66,274.32,0.0,0.0
2024-06-17 07:00:00,15.82,43.51,16.28,16.28,0.5,21.05,29.47,68.83,0.65,262.97,0.0,6.32
2024-06-17 08:00:00,14.98,48.72,13.46,21.7,0.44,25.92,31.08,64.44,0.83,284.73,0.0,209.9
2024-06-17 09:00:00,19.11,51.19,13.85,20.12,0.53,33.97,33.52,57.98,0.88,285.65,0.0,538.0
2024-06-17 10:00:00,25.87,45.9,12.7,20.48,0.53,49.71,36.1,51.56,0.89,317.3,0.0,752.3
2024-06-17 11:00:00,24.11,54.39,4.88,14.93,0.3,63.97,37.67,47.99,1.11,341.33,0.0,805.7
2024-06-17 12:00:00,23.06,48.54,4.1,15.52,0.28,73.94,38.9,46.57,0.93,180.76,0.0,688.55
2024-06-17 13:00:00,21.68,45.81,3.1,15.83,0.27,77.71,39.63,43.64,1.14,175.62,0.0,610.12
2024-06-17 14:00:00,19.82,48.47,10.02,15.42,0.41,78.48,40.18,41.74,0.55,77.98,0.0,534.0
2024-06-17 15:00:00,22.81,51.64,18.59,15.28,0.56,76.65,38.68,43.87,0.82,192.6,0.0,82.48
2024-06-17 16:00:00,31.88,62.68,8.39,10.74,0.33,55.9,28.31,77.54,1.4,323.12,7.45,0.0
2024-06-17 17:00:00,28.67,61.45,17.05,12.15,0.43,33.94,23.71,96.96,1.61,240.18,2.4,0.0
2024-06-17 18:00:00,22.52,45.27,17.42,10.32,0.51,28.64,23.92,97.25,1.46,306.0,0.05,0.0
2024-06-17 19:00:00,24.97,45.92,24.34,8.7,0.88,17.0,24.39,97.3,0.53,288.4,0.0,0.0
2024-06-17 20:00:00,21.23,46.05,28.64,9.69,1.14,6.88,24.45,97.28,0.63,282.45,0.0,0.0
2024-06-17 21:00:00,25.6,53.21,28.62,9.69,1.34,4.92,25.4,95.54,1.07,202.46,0.0,0.0
2024-06-17 22:00:00,33.32,60.57,15.73,9.62,0.63,17.56,26.1,86.03,1.67,183.96,0.0,0.0
2024-06-17 23:00:00,28.25,51.78,11.5,12.37,0.53,21.51,25.98,86.56,1.1,177.02,0.0,0.0
2024-06-18 00:00:00,22.45,50.14,7.55,12.17,0.37,22.86,25.77,87.22,0.84,191.06,0.0,0.0
2024-06-18 01:00:00,24.76,51.3,5.75,11.74,0.3,21.74,25.46,89.12,1.32,318.37,0.0,0.0
2024-06-18 02:00:00,18.2,42.86,3.84,11.23,0.26,21.51,25.25,89.42,1.48,326.92,0.0,0.0
2024-06-18 03:00:00,14.63,36.84,3.08,10.93,0.26,18.04,25.1,90.83,1.03,243.01,0.0,0.0
2024-06-18 04:00:00,18.35,36.31,4.78,10.81,0.32,17.07,25.14,90.52,1.01,219.3,0.0,0.0
2024-06-18 05:00:00,15.9,34.88,8.33,10.95,0.38,12.38,25.17,90.15,0.81,157.51,0.0,0.0
2024-06-18 06:00:00,22.53,34.8,14.48,7.15,0.75,6.52,25.65,88.9,1.22,169.62,0.0,0.0
2024-06-18 07:00:00,23.52,45.14,16.85,12.04,0.7,10.07,27.31,82.69,0.88,178.62,0.0,36.4
2024-06-18 08:00:00,21.28,45.88,15.14,10.11,0.56,18.19,29.79,74.18,0.9,315.34,0.0,166.28
2024-06-18 09:00:00,20.09,52.96,19.65,11.64,0.89,20.6,31.38,69.61,0.69,273.1,0.0,307.45
2024-06-18 10:00:00,30.21,57.94,19.25,12.27,0.97,30.01,33.23,66.96,0.89,207.36,0.0,667.2
2024-06-18 11:00:00,30.76,65.7,13.36,9.42,0.54,39.13,35.29,57.89,0.82,288.24,0.0,777.88
2024-06-18 12:00:00,35.37,62.3,11.11,10.65,0.42,51.58,35.76,57.12,1.08,319.72,0.0,826.8
2024-06-18 13:00:00,37.09,64.36,10.89,7.16,0.47,55.14,36.77,53.29,0.74,304.34,0.0,762.85
2024-06-18 14:00:00,30.67,58.8,15.2,11.55,0.56,56.59,37.44,50.49,0.61,285.29,0.0,620.02
2024-06-18 15:00:00,24.66,62.16,13.81,14.82,0.5,58.23,37.52,49.63,0.76,300.92,0.0,195.4
2024-06-18 16:00:00,26.8,60.85,11.88,16.25,0.34,51.79,35.39,55.47,1.4,258.36,0.0,49.0
2024-06-18 17:00:00,33.78,61.39,19.21,34.14,0.34,41.56,30.48,66.85,1.48,15.57,0.0,0.0
2024-06-18 18:00:00,33.72,56.65,22.0,37.97,0.64,33.56,30.24,66.85,1.12,75.23,0.0,0.0
2024-06-18 19:00:00,40.58,63.87,20.82,26.58,0.79,38.45,29.66,69.94,1.0,251.39,0.0,0.0
2024-06-18 20:00:00,29.33,63.35,21.12,16.9,0.98,35.88,27.39,78.54,1.32,177.14,0.0,0.0
2024-06-18 21:00:00,25.19,60.3,18.14,15.89,0.64,41.15,26.4,79.88,1.35,161.35,0.0,0.0
2024-06-18 22:00:00,25.76,55.43,6.17,14.66,0.28,43.79,25.9,83.02,1.34,325.74,0.0,0.0
2024-06-18 23:00:00,20.99,48.0,5.93,15.51,0.28,40.71,26.14,82.76,1.29,316.84,0.0,0.0
2024-06-19 00:00:00,22.13,37.94,3.78,14.86,0.24,41.57,26.11,82.21,1.16,248.52,0.0,0.0
2024-06-19 01:00:00,25.72,37.7,7.4,12.99,0.32,33.49,26.59,80.66,1.0,189.26,0.0,0.0
2024-06-19 02:00:00,18.79,33.16,8.53,12.44,0.34,31.02,26.41,81.65,1.12,276.71,0.0,0.0
2024-06-19 03:00:00,15.77,39.65,8.16,12.81,0.35,27.0,26.1,84.58,1.17,212.28,0.0,0.0
2024-06-19 04:00:00,21.67,35.18,6.66,13.99,0.31,26.3,25.64,86.98,0.96,275.52,0.0,0.0
2024-06-19 05:00:00,21.78,35.51,6.23,14.16,0.32,26.5,25.47,87.74,1.2,324.91,0.0,0.0
2024-06-19 06:00:00,21.41,41.43,7.55,13.21,0.35,24.54,26.19,85.16,0.69,317.31,0.0,0.0
2024-06-19 07:00:00,18.48,43.14,12.41,13.24,0.56,23.17,27.9,78.92,0.9,191.12,0.0,15.18
2024-06-19 08:00:00,18.02,43.95,10.81,12.53,0.68,25.2,29.24,75.82,1.15,175.69,0.0,207.1
2024-06-19 09:00:00,13.32,44.47,8.17,11.67,0.55,55.17,31.52,68.03,0.15,204.38,0.0,665.1
2024-06-19 10:00:00,18.0,47.75,14.11,13.83,0.63,39.17,32.81,64.46,0.66,253.19,0.0,682.6
2024-06-19 11:00:00,23.41,48.42,11.29,8.13,0.48,33.42,33.82,62.12,0.5,251.42,0.0,501.15
2024-06-19 12:00:00,23.01,49.55,9.66,7.0,0.38,36.88,34.8,58.26,0.8,275.59,0.0,525.48
2024-06-19 13:00:00,26.4,55.79,12.45,9.07,0.36,39.66,36.04,52.72,0.77,311.33,0.0,557.17
2024-06-19 14:00:00,31.8,48.95,10.44,15.0,0.29,49.88,35.21,55.09,1.3,312.29,0.0,283.8
2024-06-19 15:00:00,31.93,53.61,10.04,16.28,0.24,43.68,32.56,60.54,1.37,310.22,0.0,20.23
2024-06-19 16:00:00,25.92,48.0,12.19,14.02,0.37,35.75,32.16,60.97,1.2,335.45,0.0,0.0
2024-06-19 17:00:00,24.74,42.64,24.22,11.23,0.64,18.26,30.24,73.26,0.8,109.52,0.0,0.0
2024-06-19 18:00:00,24.56,50.96,28.1,13.37,1.24,11.97,29.04,76.12,1.45,153.61,0.0,0.0
2024-06-19 19:00:00,30.17,57.3,21.56,13.23,1.23,13.94,28.26,77.82,1.46,159.14,0.0,0.0
2024-06-19 20:00:00,22.02,57.14,23.78,13.27,1.0,11.61,27.84,78.1,1.22,163.0,0.0,0.0
2024-06-19 21:00:00,21.11,53.29,19.32,14.02,0.81,15.33,27.71,78.55,1.33,167.28,0.0,0.0
2024-06-19 22:00:00,25.58,59.8,15.96,14.39,0.57,18.55,27.4,79.69,1.51,165.95,0.0,0.0
2024-06-19 23:00:00,20.96,49.46,14.65,13.87,0.47,17.14,27.34,81.04,1.46,170.64,0.0,0.0
2024-06-20 00:00:00,18.53,47.16,8.84,13.58,0.34,16.56,26.94,83.92,1.29,172.71,0.0,0.0
2024-06-20 01:00:00,15.12,44.42,8.38,14.4,0.31,13.03,26.59,85.82,1.08,166.46,0.0,0.0
2024-06-20 02:00:00,16.23,43.04,8.82,16.25,0.31,10.5,26.44,86.84,1.2,169.09,0.0,0.0
2024-06-20 03:00:00,18.04,44.84,10.7,17.88,0.32,6.63,26.36,87.4,1.44,168.34,0.0,0.0
2024-06-20 04:00:00,17.65,39.4,11.01,17.99,0.3,4.74,26.4,86.62,1.25,161.19,0.0,0.0
2024-06-20 05:00:00,18.08,36.65,10.54,16.14,0.39,4.06,26.51,86.01,0.75,170.12,0.0,0.0
2024-06-20 06:00:00,17.93,37.14,10.07,14.5,0.46,2.64,27.31,81.18,0.71,231.54,0.0,0.42
2024-06-20 07:00:00,18.93,40.52,9.64,17.6,0.35,8.65,28.86,70.01,0.62,281.66,0.0,96.65
2024-06-20 08:00:00,14.21,36.12,9.65,21.17,0.39,14.9,30.33,63.75,0.76,286.43,0.0,241.75
2024-06-20 09:00:00,14.43,37.69,12.38,24.56,0.46,17.45,31.78,58.85,0.75,281.3,0.0,549.1
2024-06-20 10:00:00,11.2,42.89,12.78,24.99,0.56,25.05,33.72,54.76,0.8,294.52,0.0,676.6
2024-06-20 11:00:00,10.0,43.44,10.29,17.08,0.39,32.42,34.79,52.7,0.81,290.43,0.0,620.0
2024-06-20 12:00:00,14.72,42.25,12.26,13.44,0.55,31.42,35.24,50.64,0.69,179.9,0.0,558.9
2024-06-20 13:00:00,19.16,49.64,11.16,13.94,0.47,31.85,36.54,47.75,0.53,246.64,0.0,640.8
2024-06-20 14:00:00,15.42,49.04,14.17,12.6,0.54,32.02,36.23,47.81,0.55,201.93,0.0,397.42
2024-06-20 15:00:00,20.06,46.91,11.34,12.29,0.38,38.32,36.3,47.29,0.52,306.96,0.0,144.52
2024-06-20 16:00:00,19.12,42.6,17.39,12.67,0.62,33.71,36.09,47.97,0.79,126.39,0.0,56.5
2024-06-20 17:00:00,19.05,44.42,25.6,12.93,1.12,23.73,35.66,48.31,1.38,172.75,0.0,5.62
2024-06-20 18:00:00,18.42,47.23,18.18,12.03,0.71,27.02,34.15,54.24,1.15,92.76,0.0,0.0
2024-06-20 19:00:00,22.87,57.34,10.37,13.78,0.39,29.42,29.61,71.09,1.09,54.26,0.0,0.0
2024-06-20 20:00:00,18.84,50.24,16.87,15.6,0.52,28.61,29.15,71.67,0.86,97.11,0.0,0.0
2024-06-20 21:00:00,22.68,53.28,21.39,19.38,0.81,20.94,28.77,75.1,1.62,172.36,0.0,0.0
2024-06-20 22:00:00,17.02,56.16,12.18,16.25,0.48,20.28,26.27,86.36,1.92,171.97,0.0,0.0
2024-06-20 23:00:00,15.01,43.2,7.08,13.62,0.33,22.36,25.43,89.91,1.59,180.62,0.05,0.0
2024-06-21 00:00:00,16.72,38.52,6.52,12.18,0.26,22.87,25.38,88.62,1.59,181.44,0.0,0.0
2024-06-21 01:00:00,14.14,33.46,5.87,13.09,0.22,23.1,25.38,88.58,0.81,208.26,0.0,0.0
2024-06-21 02:00:00,10.84,28.84,1.85,12.72,0.25,26.28,25.32,87.75,1.12,179.84,0.0,0.0
2024-06-21 03:00:00,9.76,23.66,2.41,12.69,0.23,26.62,25.22,86.66,0.53,250.95,0.0,0.0
2024-06-21 04:00:00,7.75,21.02,1.72,12.16,0.19,32.61,25.43,82.52,0.61,297.42,0.0,0.0
2024-06-21 05:00:00,7.17,15.86,3.03,11.51,0.22,24.69,25.32,85.92,0.87,303.36,0.0,0.0
2024-06-21 06:00:00,11.99,17.84,6.91,11.59,0.34,14.86,25.98,85.01,0.9,314.06,0.0,0.0
2024-06-21 07:00:00,19.17,24.43,9.84,13.1,0.39,10.88,26.75,83.34,1.04,323.41,0.0,22.88
2024-06-21 08:00:00,14.83,38.08,9.24,13.55,0.47,10.47,28.38,78.38,0.89,311.1,0.0,179.95
2024-06-21 09:00:00,17.62,32.28,7.34,12.14,0.42,17.44,31.24,69.65,0.89,316.88,0.0,642.65
2024-06-21 10:00:00,21.82,36.67,8.96,12.31,0.56,22.62,32.33,65.35,0.67,308.46,0.0,444.38
2024-06-21 11:00:00,21.74,41.67,10.33,12.22,0.52,26.3,33.75,61.0,0.7,289.79,0.0,637.62
2024-06-21 12:00:00,19.16,49.72,13.12,12.13,0.58,30.4,34.05,60.08,0.86,210.7,0.0,487.92
2024-06-21 13:00:00,21.9,62.01,11.19,11.9,0.62,31.82,35.47,55.38,0.91,195.28,0.0,794.85
2024-06-21 14:00:00,24.19,65.26,10.24,9.29,0.58,32.72,35.84,55.14,0.92,213.67,0.0,638.45
2024-06-21 15:00:00,22.68,62.25,4.51,10.4,0.24,40.24,31.36,64.08,1.25,243.2,0.0,84.48
2024-06-21 16:00:00,16.11,52.4,2.42,10.16,0.26,36.49,29.32,70.26,1.19,335.02,0.0,0.0
2024-06-21 17:00:00,12.28,46.52,15.07,11.74,0.41,26.96,27.4,78.88,0.96,285.42,0.0,0.0
2024-06-21 18:00:00,12.81,43.45,10.98,12.41,0.35,21.96,24.74,93.86,0.79,163.6,1.9,0.0
2024-06-21 19:00:00,20.88,49.94,4.81,13.28,0.29,22.65,24.34,96.33,1.14,323.13,0.6,0.0
2024-06-21 20:00:00,15.7,36.4,7.7,13.27,0.44,16.73,24.58,96.77,0.87,232.6,0.25,0.0
2024-06-21 21:00:00,13.52,30.34,14.64,13.13,0.59,9.87,24.66,97.1,1.04,268.26,0.15,0.0
2024-06-21 22:00:00,11.76,28.86,18.39,13.11,0.78,5.86,24.85,97.18,0.84,214.98,0.05,0.0
2024-06-21 23:00:00,8.86,31.03,23.82,12.99,0.77,0.81,25.03,97.22,1.24,176.86,0.05,0.0
2024-06-22 00:00:00,8.32,28.32,17.5,13.65,0.46,3.47,24.93,97.26,1.02,196.38,0.0,0.0
2024-06-22 01:00:00,12.87,31.12,9.8,14.4,0.34,8.44,24.87,96.8,1.22,176.08,0.0,0.0
2024-06-22 02:00:00,12.07,27.76,5.58,14.38,0.28,11.57,24.72,95.68,1.09,166.94,0.0,0.0
2024-06-22 03:00:00,11.56,27.89,3.08,13.93,0.26,10.64,24.68,95.78,0.61,127.36,0.0,0.0
2024-06-22 04:00:00,9.32,28.44,2.8,13.96,0.26,8.58,24.58,96.23,0.7,169.02,0.0,0.0
2024-06-22 05:00:00,9.69,22.46,5.73,13.71,0.35,3.97,24.5,96.24,0.8,193.66,0.0,0.0
2024-06-22 06:00:00,16.49,22.39,6.48,13.05,0.4,3.84,25.06,95.84,0.86,115.69,0.0,0.0
2024-06-22 07:00:00,22.5,29.16,9.16,13.05,0.53,4.64,25.73,91.97,0.86,292.57,0.0,0.0
2024-06-22 08:00:00,16.48,27.69,10.14,13.25,0.66,4.7,26.34,89.24,1.02,243.17,0.0,12.38
2024-06-22 09:00:00,14.13,34.58,8.63,11.35,0.55,8.73,27.0,86.6,0.92,320.64,0.0,75.32
2024-06-22 10:00:00,20.56,35.07,8.35,14.13,0.42,11.81,28.33,81.88,1.04,329.72,0.0,219.05
2024-06-22 11:00:00,22.96,46.65,10.07,14.07,0.51,18.69,29.94,76.02,0.75,333.88,0.0,430.65
2024-06-22 12:00:00,17.68,48.34,5.56,13.66,0.3,28.81,31.06,72.23,1.08,340.6,0.0,325.48
2024-06-22 13:00:00,16.81,56.6,4.12,13.59,0.3,31.48,31.26,71.52,1.05,192.6,0.0,278.0
2024-06-22 14:00:00,15.59,54.24,8.48,15.45,0.26,30.9,28.02,76.84,1.48,16.29,0.0,167.65
2024-06-22 15:00:00,21.17,54.03,5.15,16.8,0.3,34.12,28.63,75.83,1.25,320.4,0.0,148.75
2024-06-22 16:00:00,15.56,44.69,2.24,13.12,0.26,36.88,29.1,73.32,0.98,187.79,0.0,47.72
2024-06-22 17:00:00,13.34,34.76,8.92,13.79,0.35,31.7,28.94,74.51,1.02,262.65,0.0,0.0
2024-06-22 18:00:00,20.94,38.21,15.56,13.6,0.53,21.56,28.15,78.09,1.25,324.8,0.0,0.0
2024-06-22 19:00:00,30.5,46.76,20.97,14.56,0.62,13.91,27.24,83.33,1.23,328.16,0.0,0.0
2024-06-22 20:00:00,31.06,56.27,17.24,12.02,0.56,8.53,26.83,86.53,1.12,320.7,0.0,0.0
2024-06-22 21:00:00,28.43,57.99,22.86,10.28,1.0,3.22,26.92,87.06,1.18,283.24,0.0,0.0
2024-06-22 22:00:00,28.11,62.0,19.77,11.4,0.79,3.15,27.0,87.55,0.6,170.72,0.0,0.0
2024-06-22 23:00:00,31.59,70.6,16.04,10.36,0.61,1.1,26.36,91.28,1.0,285.91,0.0,0.0
2024-06-23 00:00:00,28.98,62.32,13.36,12.42,0.52,0.92,26.02,91.57,0.68,272.0,0.0,0.0
2024-06-23 01:00:00,28.69,56.46,10.4,11.96,0.44,2.76,25.8,91.67,0.8,214.92,0.0,0.0
2024-06-23 02:00:00,25.59,53.97,8.28,12.36,0.38,4.57,25.75,91.33,1.02,193.21,0.0,0.0
2024-06-23 03:00:00,19.18,51.72,7.8,13.2,0.38,3.66,25.53,92.24,0.59,228.11,0.0,0.0
2024-06-23 04:00:00,16.54,49.06,8.43,13.5,0.42,0.53,25.25,94.05,0.67,192.83,0.0,0.0
2024-06-23 05:00:00,20.2,46.78,11.21,13.56,0.44,0.02,25.34,93.71,0.81,171.3,0.0,0.0
2024-06-23 06:00:00,20.0,44.89,9.52,13.3,0.6,0.02,25.42,94.01,1.05,281.67,0.0,0.0
2024-06-23 07:00:00,17.11,51.19,11.94,11.01,0.6,6.29,26.76,88.27,1.04,324.64,0.0,46.28
2024-06-23 08:00:00,23.96,57.86,9.37,11.4,0.41,14.18,27.81,83.55,0.89,256.94,0.0,87.32
2024-06-23 09:00:00,23.6,54.26,14.06,14.23,0.86,13.12,28.04,82.26,0.97,203.09,0.0,96.22
2024-06-23 10:00:00,24.65,55.52,8.07,11.6,0.54,22.03,28.49,80.28,0.62,191.31,0.0,95.92
2024-06-23 11:00:00,22.53,49.96,5.74,10.48,0.42,18.12,27.76,88.26,0.55,317.64,0.2,42.75
2024-06-23 12:00:00,24.78,51.49,8.57,12.06,0.48,29.65,,,,,,
2024-06-23 13:00:00,21.08,56.44,4.27,12.31,0.32,44.64,,,,,,
2024-06-23 14:00:00,28.72,51.47,10.8,14.82,0.37,54.88,,,,,,
2024-06-23 15:00:00,27.23,61.75,31.74,29.0,0.38,35.09,,,,,,
2024-06-23 16:00:00,35.64,71.7,38.28,48.76,0.47,26.56,,,,,,
2024-06-23 17:00:00,44.18,83.54,32.6,28.41,0.88,34.88,,,,,,
2024-06-23 18:00:00,50.0,86.68,31.64,21.14,1.11,30.58,,,,,,
2024-06-23 19:00:00,52.79,90.42,22.7,18.75,0.95,23.53,,,,,,
2024-06-23 20:00:00,47.69,86.2,18.01,16.06,0.79,24.24,,,,,,
2024-06-23 21:00:00,43.41,75.19,12.78,12.2,0.56,25.28,,,,,,
2024-06-23 22:00:00,37.67,70.84,19.54,12.84,0.76,18.2,,,,,,
2024-06-23 23:00:00,45.18,65.35,13.32,15.67,0.56,23.5,,,,,,
2024-06-24 00:00:00,36.92,69.08,8.29,14.66,0.36,25.23,,,,,,
2024-06-24 01:00:00,36.28,66.97,7.98,13.65,0.36,22.12,,,,,,
2024-06-24 02:00:00,30.89,58.09,6.58,14.04,0.28,24.66,,,,,,
2024-06-24 03:00:00,24.85,48.94,5.68,14.18,0.26,22.83,,,,,,
2024-06-24 04:00:00,20.41,44.65,4.56,15.14,0.28,25.71,,,,,,
2024-06-24 05:00:00,16.61,32.86,8.86,14.36,0.37,21.08,,,,,,
2024-06-24 06:00:00,12.78,29.54,15.18,12.06,0.62,14.92,,,,,,
2024-06-24 07:00:00,11.9,35.03,15.42,15.34,0.7,18.54,,,,,,
2024-06-24 08:00:00,11.24,41.65,12.61,11.66,0.73,20.23,,,,,,
2024-06-24 09:00:00,16.57,42.74,12.78,11.39,0.68,25.23,,,,,,
2024-06-24 10:00:00,14.22,45.93,16.27,11.55,0.96,27.21,,,,,,
2024-06-24 11:00:00,18.24,47.0,15.26,13.44,0.91,29.66,,,,,,
2024-06-24 12:00:00,15.86,50.96,18.6,13.28,0.95,27.17,,,,,,
2024-06-24 13:00:00,16.72,58.64,16.21,11.9,0.76,34.18,,,,,,
2024-06-24 14:00:00,18.68,60.57,17.03,11.86,0.75,37.37,,,,,,
2024-06-24 15:00:00,21.1,65.08,19.68,14.39,0.78,38.28,,,,,,
2024-06-24 16:00:00,29.34,67.88,20.6,15.54,0.87,33.67,,,,,,
2024-06-24 17:00:00,24.36,69.75,23.6,14.14,1.03,24.77,,,,,,
2024-06-24 18:00:00,30.46,70.47,28.39,13.81,1.23,18.67,,,,,,
2024-06-24 19:00:00,33.47,71.95,18.51,11.24,0.78,24.53,,,,,,
2024-06-24 20:00:00,28.09,66.08,25.54,12.32,1.16,14.25,,,,,,
2024-06-24 21:00:00,22.37,67.94,25.42,9.46,1.08,15.19,,,,,,
2024-06-24 22:00:00,25.24,74.04,17.08,10.35,0.68,22.22,,,,,,
2024-06-24 23:00:00,27.97,64.44,13.4,12.92,0.5,20.52,,,,,,
2024-06-25 00:00:00,23.62,53.39,12.95,13.42,0.34,15.7,,,,,,
2024-06-25 01:00:00,26.35,56.78,12.89,13.5,0.34,19.7,,,,,,
2024-06-25 02:00:00,22.59,47.17,7.23,13.05,0.31,18.12,,,,,,
2024-06-25 03:00:00,21.3,50.46,7.9,12.32,0.33,12.65,,,,,,
2024-06-25 04:00:00,19.58,45.82,10.28,12.58,0.37,7.71,,,,,,
2024-06-25 05:00:00,16.53,46.07,14.07,10.95,0.41,2.09,,,,,,
2024-06-25 06:00:00,19.62,53.1,15.72,11.12,0.67,1.97,,,,,,
2024-06-25 07:00:00,26.48,61.48,18.14,9.19,0.83,11.29,29.5,78.19,0.88,170.87,0.0,0.65
2024-06-25 08:00:00,24.64,60.99,15.42,10.33,0.9,23.3,30.59,72.18,1.32,156.16,0.0,210.18
2024-06-25 09:00:00,21.62,56.18,15.62,14.25,0.94,32.8,31.94,66.55,1.49,163.48,0.0,589.02
2024-06-25 10:00:00,27.3,58.71,16.94,14.58,0.89,39.41,33.75,61.79,0.68,198.09,0.0,707.88
2024-06-25 11:00:00,32.02,60.75,13.08,14.62,0.69,37.59,35.29,55.62,0.84,190.38,0.0,727.7
2024-06-25 12:00:00,25.26,57.87,16.03,10.82,0.68,35.57,35.82,53.48,0.83,204.38,0.0,566.78
2024-06-25 13:00:00,30.03,59.34,15.26,11.07,0.7,41.87,36.2,52.33,1.0,175.53,0.0,592.52
2024-06-25 14:00:00,24.52,54.43,15.72,12.08,0.75,39.17,36.98,49.65,1.42,168.22,0.0,631.02
2024-06-25 15:00:00,19.65,47.51,14.93,9.45,0.71,36.84,36.82,50.06,1.52,173.32,0.0,220.02
2024-06-25 16:00:00,21.09,44.65,16.92,10.37,0.68,34.18,36.45,49.34,1.24,177.43,0.0,75.95
2024-06-25 17:00:00,17.77,52.78,21.94,13.88,0.94,32.67,36.2,50.63,1.35,173.68,0.0,25.62
2024-06-25 18:00:00,17.68,52.23,13.45,14.2,0.52,31.3,32.61,64.46,1.02,188.16,0.0,0.0
2024-06-25 19:00:00,19.6,59.18,16.94,11.26,0.68,22.1,31.0,69.9,1.25,249.47,0.0,0.0
2024-06-25 20:00:00,19.45,55.29,31.96,9.91,1.05,11.97,31.1,68.27,0.77,251.6,0.0,0.0
2024-06-25 21:00:00,27.32,53.94,26.16,11.4,0.82,11.9,30.75,69.58,1.18,324.64,0.0,0.0
2024-06-25 22:00:00,32.4,63.24,26.69,10.04,0.86,6.9,31.13,67.67,0.44,165.22,0.0,0.0
2024-06-25 23:00:00,27.06,61.87,16.42,13.3,0.48,11.7,30.86,67.08,0.68,137.43,0.0,0.0
2024-06-26 00:00:00,20.4,61.48,19.6,16.65,0.47,5.28,30.06,69.69,1.01,146.45,0.0,0.0
2024-06-26 01:00:00,18.29,64.58,14.22,16.04,0.32,8.69,30.18,69.09,1.27,167.28,0.0,0.0
2024-06-26 02:00:00,14.52,53.94,7.38,12.43,0.26,13.76,29.75,70.31,1.21,169.93,0.0,0.0
2024-06-26 03:00:00,16.3,49.94,6.46,11.69,0.28,13.79,29.31,71.59,1.15,163.88,0.0,0.0
2024-06-26 04:00:00,12.36,38.4,8.15,11.97,0.3,11.34,28.81,73.07,1.09,171.69,0.0,0.0
2024-06-26 05:00:00,10.54,36.07,10.06,12.72,0.38,8.32,28.33,75.24,1.03,167.97,0.0,0.0
2024-06-26 06:00:00,10.06,34.18,13.09,11.11,0.64,5.8,28.45,75.55,1.12,158.4,0.0,0.0
2024-06-26 07:00:00,15.28,42.56,14.7,18.67,0.74,5.98,29.46,72.56,1.02,184.35,0.0,17.4
2024-06-26 08:00:00,16.86,46.62,10.72,17.07,0.6,14.76,30.83,68.2,0.55,205.73,0.0,158.9
2024-06-26 09:00:00,13.45,43.95,11.85,17.79,0.86,17.72,32.12,64.74,0.68,198.48,0.0,421.5
2024-06-26 10:00:00,13.13,46.18,10.63,19.13,0.8,24.18,32.91,62.08,1.22,140.16,0.0,596.5
2024-06-26 11:00:00,10.86,37.37,12.34,16.95,0.71,36.79,34.72,56.96,0.61,182.12,0.0,555.8
2024-06-26 12:00:00,14.58,35.16,11.12,16.65,0.56,40.84,35.37,54.66,0.98,141.39,0.0,670.68
2024-06-26 13:00:00,18.62,39.42,14.17,19.92,0.66,32.76,36.32,51.15,1.29,178.66,0.0,676.4
2024-06-26 14:00:00,14.05,43.01,16.9,28.47,0.64,39.0,36.81,49.0,1.36,169.11,0.0,554.17
2024-06-26 15:00:00,13.69,44.52,11.47,26.15,0.53,38.55,36.83,48.56,1.27,168.69,0.0,233.38
2024-06-26 16:00:00,12.47,45.46,20.3,20.75,0.74,31.26,36.62,48.66,1.25,169.72,0.0,95.48
2024-06-26 17:00:00,14.43,40.51,20.6,23.41,0.98,26.36,35.98,50.47,1.48,167.04,0.0,20.48
2024-06-26 18:00:00,19.25,42.38,29.7,26.7,1.3,21.54,35.39,51.87,1.41,165.86,0.0,0.0
2024-06-26 19:00:00,24.48,50.28,32.1,29.28,1.19,11.6,34.42,55.35,0.79,220.12,0.0,0.0
2024-06-26 20:00:00,29.5,61.47,41.77,22.03,1.59,1.38,33.77,57.51,0.85,119.47,0.0,0.0
2024-06-26 21:00:00,35.58,70.39,25.87,22.15,1.16,12.26,33.7,57.41,1.49,161.74,0.0,0.0
2024-06-26 22:00:00,28.74,67.47,23.58,31.24,0.77,15.67,32.93,59.72,1.54,163.67,0.0,0.0
2024-06-26 23:00:00,26.4,58.71,20.4,31.96,0.7,15.65,32.37,61.26,1.43,170.0,0.0,0.0
2024-06-27 00:00:00,24.81,55.14,14.28,22.92,0.37,14.74,31.82,63.16,1.39,178.66,0.0,0.0
2024-06-27 01:00:00,26.56,54.4,7.93,18.61,0.26,14.52,31.28,65.39,0.96,127.63,0.0,0.0
2024-06-27 02:00:00,20.72,50.08,4.67,15.79,0.23,17.27,30.16,70.62,1.23,132.18,0.0,0.0
2024-06-27 03:00:00,23.52,39.8,2.93,16.34,0.22,11.25,27.12,87.87,0.91,199.8,0.4,0.0
2024-06-27 04:00:00,16.36,30.95,4.68,15.07,0.25,9.59,26.84,88.45,1.17,180.87,0.0,0.0
2024-06-27 05:00:00,12.28,31.6,2.19,14.32,0.22,11.4,26.48,89.37,1.08,285.35,0.0,0.0
2024-06-27 06:00:00,10.32,32.53,2.94,13.44,0.2,14.99,26.19,86.76,1.1,340.43,0.0,0.0
2024-06-27 07:00:00,12.84,28.49,3.24,11.3,0.25,14.83,27.2,83.83,1.01,118.56,0.0,47.25
2024-06-27 08:00:00,9.96,22.61,3.51,5.71,0.3,22.82,29.6,74.4,1.12,260.88,0.0,335.0
2024-06-27 09:00:00,7.76,23.11,10.9,9.28,0.67,24.4,30.82,70.89,0.64,162.74,0.0,261.42
2024-06-27 10:00:00,6.78,26.65,18.29,11.91,1.16,23.73,30.57,71.46,1.28,176.68,0.0,180.78
2024-06-27 11:00:00,8.51,32.33,14.36,12.21,0.81,25.95,31.92,68.47,1.09,160.01,0.0,487.52
2024-06-27 12:00:00,11.03,37.98,17.1,12.26,0.81,25.3,32.36,66.37,1.0,166.45,0.0,351.08
2024-06-27 13:00:00,10.82,45.69,14.99,11.59,0.78,25.7,33.74,61.78,1.23,188.78,0.0,581.78
2024-06-27 14:00:00,18.64,43.46,14.01,10.33,0.68,20.54,32.39,64.85,0.6,226.7,0.0,19.58
2024-06-27 15:00:00,14.34,38.88,9.28,9.86,0.45,20.79,31.77,67.2,0.9,325.0,0.0,0.0
2024-06-27 16:00:00,14.94,37.47,10.54,7.31,0.49,18.1,31.51,68.22,0.83,281.55,0.0,0.0
2024-06-27 17:00:00,11.0,33.97,12.81,8.66,0.55,15.73,31.33,68.58,0.64,351.52,0.0,0.0
2024-06-27 18:00:00,7.96,25.2,18.92,6.76,1.06,8.03,31.1,69.06,1.04,163.32,0.0,0.0
2024-06-27 19:00:00,7.22,30.03,27.82,7.57,1.64,6.42,30.08,74.53,1.07,152.05,0.0,0.0
2024-06-27 20:00:00,12.91,54.64,21.38,5.46,1.26,6.89,29.36,78.52,1.06,169.24,0.0,0.0
2024-06-27 21:00:00,17.81,56.48,15.36,9.4,0.84,10.24,28.53,81.34,1.48,160.12,0.0,0.0
2024-06-27 22:00:00,17.86,48.66,15.07,6.82,0.57,9.73,27.83,81.87,0.55,165.4,0.0,0.0
2024-06-27 23:00:00,19.04,41.47,11.03,9.15,0.5,11.82,27.62,82.38,1.18,191.07,0.0,0.0
2024-06-28 00:00:00,16.98,37.66,6.32,9.3,0.26,14.33,27.68,82.76,1.29,162.32,0.0,0.0
2024-06-28 01:00:00,18.57,34.66,4.86,9.4,0.25,13.96,27.44,84.69,1.31,173.83,0.0,0.0
2024-06-28 02:00:00,14.7,33.76,3.46,8.44,0.23,11.66,27.02,87.57,1.17,172.56,0.0,0.0
2024-06-28 03:00:00,16.72,30.32,3.05,9.69,0.23,10.73,26.9,87.32,1.23,175.31,0.0,0.0
2024-06-28 04:00:00,12.43,25.58,2.44,9.54,0.22,10.18,26.75,87.47,0.79,190.63,0.0,0.0
2024-06-28 05:00:00,9.04,22.38,2.1,9.09,0.24,11.2,26.37,88.03,1.14,320.81,0.0,0.0
2024-06-28 06:00:00,9.64,21.8,4.88,8.52,0.34,10.27,26.0,88.74,0.66,261.2,0.45,0.0
2024-06-28 07:00:00,17.72,23.53,9.12,8.24,0.58,3.08,25.3,94.88,1.37,165.8,1.5,0.0
2024-06-28 08:00:00,13.02,22.87,9.49,8.06,0.74,1.35,25.12,96.19,1.0,166.4,0.8,0.0
2024-06-28 09:00:00,9.72,19.85,7.11,4.16,0.7,2.98,24.88,96.35,0.86,198.47,0.6,0.0
2024-06-28 10:00:00,7.17,15.33,7.31,7.3,0.58,0.83,25.31,96.22,0.48,317.7,0.05,35.83
2024-06-28 11:00:00,6.13,15.66,5.83,7.77,0.51,3.24,26.26,92.83,0.57,317.24,0.0,148.48
2024-06-28 12:00:00,5.34,27.16,6.11,5.89,0.42,9.1,28.03,84.81,0.97,325.91,0.0,294.12
2024-06-28 13:00:00,5.98,33.86,8.78,7.39,0.44,11.7,29.2,79.08,0.74,313.53,0.0,330.35
2024-06-28 14:00:00,8.19,33.39,8.98,8.19,0.47,19.1,30.5,74.95,0.77,308.16,0.0,394.52
2024-06-28 15:00:00,15.07,34.73,5.28,8.25,0.3,21.94,30.27,75.22,1.16,326.98,0.0,159.1
2024-06-28 16:00:00,12.18,31.19,8.69,6.08,0.42,17.3,29.94,75.7,0.54,269.56,0.0,55.6
2024-06-28 17:00:00,11.9,34.89,16.38,7.8,0.83,11.68,29.74,74.52,0.67,200.51,0.0,9.2
2024-06-28 18:00:00,15.8,35.7,13.26,6.22,0.6,12.75,29.21,75.6,0.34,214.72,0.0,0.0
2024-06-28 19:00:00,15.77,36.57,15.16,7.87,0.86,9.29,28.64,78.18,0.25,143.8,0.0,0.0
2024-06-28 20:00:00,17.85,37.9,19.33,6.64,0.98,3.48,28.19,79.46,0.5,167.19,0.0,0.0
2024-06-28 21:00:00,15.43,39.51,17.54,6.21,0.87,2.34,27.85,79.84,0.77,112.76,0.0,0.0
2024-06-28 22:00:00,17.9,43.4,15.86,7.68,0.82,2.22,27.49,81.37,1.12,147.29,0.0,0.0
2024-06-28 23:00:00,17.21,44.44,11.94,10.41,0.52,3.53,27.4,82.52,0.76,145.62,0.0,0.0
2024-06-29 00:00:00,16.07,44.65,7.94,11.8,0.32,4.82,27.25,83.9,0.61,164.29,0.0,0.0
2024-06-29 01:00:00,16.74,39.76,4.36,11.6,0.29,8.27,27.46,82.39,0.68,256.68,0.0,0.0
2024-06-29 02:00:00,13.29,29.45,4.85,11.8,0.27,11.81,27.06,79.69,0.62,290.2,0.0,0.0
2024-06-29 03:00:00,11.33,46.7587473279278,2.45,11.48,0.31,13.48,26.57,80.12,0.62,291.74,0.0,0.0
2024-06-29 04:00:00,8.22,42.379343256245484,1.51,10.09,0.31,13.42,26.2,81.44,0.6,300.76,0.0,0.0
2024-06-29 05:00:00,6.83,41.52859441256834,2.53,11.95,0.42,8.31,25.86,83.11,0.8,171.49,0.0,0.0
2024-06-29 06:00:00,7.24,40.86624800121,3.56,10.92,0.29,10.74,26.47,81.83,0.99,241.85,0.0,13.9
2024-06-29 07:00:00,11.57,45.24358567202861,5.68,11.63,0.05,8.63,28.09,75.92,0.91,304.24,0.0,86.57
2024-06-29 08:00:00,9.07,41.50675650743696,5.77,10.38,0.03,8.54,28.64,73.62,0.82,306.41,0.0,160.0
2024-06-29 09:00:00,6.63,38.44597117978209,5.62,9.52,0.14,14.02,29.69,71.2,0.94,319.39,0.0,307.98
2024-06-29 10:00:00,33.77400965049749,79.22390983006915,7.8,11.55,0.4,12.0,30.74,68.35,0.94,316.4,0.0,356.25
2024-06-29 11:00:00,16.29,54.621013658372405,7.97,10.52,0.46,12.3,31.64,65.93,0.74,303.24,0.0,447.25
2024-06-29 12:00:00,17.4,55.347372631864474,6.14,11.46,0.33,12.79,32.53,63.22,0.84,301.56,0.0,405.48
2024-06-29 13:00:00,14.87,30.85,12.14,10.92,0.7,9.97,29.17,80.77,1.27,141.06,0.15,136.3
2024-06-29 14:00:00,24.14,33.95,9.31,11.31,0.52,10.68,29.12,78.65,0.76,127.47,0.0,228.3
2024-06-29 15:00:00,30.7,33.95,11.84,11.59,0.55,4.88,29.0,78.54,0.98,222.3,1.45,30.28
2024-06-29 16:00:00,17.75,33.95,15.78,11.42,0.96,37.82,25.22,96.22,0.59,193.7,0.2,0.0
2024-06-29 17:00:00,28.85,70.65,20.25,11.78,1.32,30.99,25.7,97.14,0.82,156.84,0.0,0.0
2024-06-29 18:00:00,31.96,81.4,15.64,13.85,1.69,1.11,25.9,97.12,1.35,167.68,0.0,0.0
2024-06-29 19:00:00,32.69,79.82,18.13,13.96,1.76,5.643206348804128,26.08,93.92,1.27,165.18,0.0,0.0
2024-06-29 20:00:00,30.03,83.34,16.93,12.73,1.19,17.174338998532555,26.25,92.25,0.79,165.18,0.0,0.0
2024-06-29 21:00:00,26.33,84.64,15.86,11.38,0.83,23.287857210192684,26.06,94.49,0.68,209.79,0.0,0.0
2024-06-29 22:00:00,27.46,85.81,11.59,8.76,0.64,26.027701313744572,26.53,92.05,1.06,171.55,0.0,0.0
2024-06-29 23:00:00,30.1,82.15,8.75,10.46,0.73,26.249284639291833,26.8,90.0,1.47,169.76,0.0,0.0
2024-06-30 00:00:00,25.54,83.69,5.23,10.62,0.43,0.32,26.55,90.3,1.46,179.16,0.05,0.0
2024-06-30 01:00:00,18.81,70.37,2.75,10.04,0.29,1.65,25.48,91.35,1.37,182.41,0.1,0.0
2024-06-30 02:00:00,16.73,58.23,0.57,12.36,0.22,6.17,24.92,92.36,0.87,235.44,0.0,0.0
2024-06-30 03:00:00,12.94,50.18,0.46,12.5,0.24,6.68,24.67,93.08,0.92,330.16,0.0,0.0
2024-06-30 04:00:00,15.08,42.26,0.31,12.38,0.2,6.76,24.44,93.84,0.78,321.2,0.0,0.0
2024-06-30 05:00:00,13.99,42.34,3.43,12.48,0.32,2.74,24.46,94.32,0.74,139.52,0.05,0.0
2024-06-30 06:00:00,16.22,42.93,6.65,11.14,0.52,7.64,24.54,94.66,1.02,158.49,0.05,0.0
2024-06-30 07:00:00,14.2,41.86,6.7,13.01,0.72,0.02,25.12,92.71,0.86,144.05,0.0,21.75
2024-06-30 08:00:00,10.82,38.36,4.92,10.85,0.45,2.21,26.95,86.08,0.85,270.08,0.0,199.78
2024-06-30 09:00:00,12.34,37.57,5.35,12.06,0.68,3.85,28.31,81.0,1.3,172.94,0.0,370.15
2024-06-30 10:00:00,13.9,48.47,6.79,12.4,0.68,5.84,29.48,76.7,1.3,180.26,0.0,508.65
2024-06-30 11:00:00,14.98,57.87,7.38,12.38,0.58,8.25,31.06,70.55,0.97,194.32,0.0,571.5
2024-06-30 12:00:00,16.9,65.92,7.16,12.46,0.47,10.52,31.91,67.25,0.48,227.05,0.0,419.05
2024-06-30 13:00:00,19.24,71.18,9.3,12.51,0.52,8.39,32.15,67.06,0.96,140.08,0.0,341.75
2024-06-30 14:00:00,20.62,75.03,8.36,10.01,0.42,9.43,29.43,79.17,1.22,92.73,0.0,61.35
2024-06-30 15:00:00,21.0,71.2,4.17,12.11,0.34,12.85,29.01,77.1,1.09,15.55,0.0,186.3
2024-06-30 16:00:00,18.27,69.67,14.65,12.32,0.68,16.48,30.96,72.02,1.08,83.84,0.0,147.55
2024-06-30 17:00:00,16.52,84.34,20.46,12.41,0.9,15.81,31.27,73.09,1.18,134.84,0.0,34.08
2024-06-30 18:00:00,22.7,96.23,21.4,12.68,1.06,4.4,30.72,73.56,1.02,146.54,0.0,0.0
2024-06-30 19:00:00,30.7,93.37,25.6,12.57,1.43,11.191491981804912,29.84,73.76,0.9,132.73,0.0,0.0
2024-06-30 20:00:00,41.08,105.58,26.09,12.8,1.72,7.302650350675169,29.69,74.11,1.14,141.99,0.0,0.0
2024-06-30 21:00:00,43.36,113.98,16.0,9.97,0.97,3.68,28.46,79.3,1.0,226.52,0.35,0.0
2024-06-30 22:00:00,47.41,104.7,5.3,10.28,0.34,10.23,24.18,95.34,1.83,184.8,5.55,0.0
2024-06-30 23:00:00,50.46,84.28,5.4,8.48,0.36,10.12,23.97,96.69,0.47,165.75,3.35,0.0
2024-07-01 00:00:00,46.23,66.47,5.72,9.75,0.3,4.88,24.24,97.14,1.12,165.65,1.1,0.0
2024-07-01 01:00:00,34.63,46.2,3.38,11.81,0.22,8.64,24.26,97.28,1.52,183.9,0.45,0.0
2024-07-01 02:00:00,14.0,34.11,2.87,11.68,0.21,10.04,24.18,97.28,1.38,182.64,0.05,0.0
2024-07-01 03:00:00,10.1,24.68,1.42,11.65,0.21,8.89,24.24,97.22,1.33,179.46,0.0,0.0
2024-07-01 04:00:00,7.6,25.98,2.92,11.64,0.21,6.28,24.22,97.12,1.48,174.66,0.0,0.0
2024-07-01 05:00:00,5.72,31.1,3.54,11.74,0.32,2.38,24.15,96.96,1.26,183.51,0.0,0.0
2024-07-01 06:00:00,4.85,27.75,7.67,11.9,0.47,0.88,24.18,96.94,1.27,175.25,0.0,0.0
2024-07-01 07:00:00,5.54,33.85,8.78,12.05,0.76,0.06,24.56,96.3,1.2,179.84,0.0,0.0
2024-07-01 08:00:00,8.78,37.2,8.53,9.94,0.92,17.016726771024523,24.89,94.42,1.41,169.3,0.0,2.75
2024-07-01 09:00:00,8.13,39.74,8.9,9.35,1.11,15.25,25.98,89.99,1.38,175.6,0.0,138.72
2024-07-01 10:00:00,9.94,58.8,7.28,12.54,1.29,0.29,26.84,85.2,1.6,174.55,0.0,134.25
2024-07-01 11:00:00,30.04,85.18,7.19,10.27,0.8,0.59,27.36,83.34,0.72,217.54,0.0,151.28
2024-07-01 12:00:00,41.27,83.94,7.4,12.17,0.84,1.72,28.51,78.63,1.16,188.99,0.0,248.32
2024-07-01 13:00:00,42.04,85.15,7.28,12.16,0.75,1.14,29.11,77.17,1.07,217.21,0.0,347.25
2024-07-01 14:00:00,44.41,81.61,5.74,11.07,0.55,5.82,30.09,73.03,0.68,208.98,0.0,415.3
2024-07-01 15:00:00,37.74,76.97,5.64,12.82,0.58,5.91,30.23,72.14,1.04,191.12,0.0,260.68
2024-07-01 16:00:00,33.42,76.15,7.98,13.24,0.78,4.75,30.13,72.84,1.37,180.14,0.0,108.8
2024-07-01 17:00:00,38.43,81.12,11.27,14.64,1.23,2.29,29.7,73.53,1.37,178.86,0.0,9.27
2024-07-01 18:00:00,35.77,90.92,14.71,15.03,1.4,1.45,29.45,73.23,1.29,178.61,0.0,0.0
2024-07-01 19:00:00,34.78,89.6,18.54,14.73,1.15,21.041053360316067,28.76,76.47,0.84,135.7,0.0,0.0
2024-07-01 20:00:00,33.41,91.02,19.06,14.74,1.3,16.722440326503992,28.41,78.48,1.1,169.74,0.0,0.0
2024-07-01 21:00:00,38.56,96.96,12.2,12.45,0.97,0.86,28.24,78.25,1.52,188.13,0.0,0.0
2024-07-01 22:00:00,36.91,94.39,10.7,13.77,0.62,3.59,27.41,72.88,1.38,183.28,0.0,0.0
2024-07-01 23:00:00,39.26,90.53,9.82,13.12,0.4,4.06,26.6,75.25,0.55,207.85,0.0,0.0
2024-07-02 00:00:00,36.01,88.49,7.82,15.32,0.31,3.78,26.32,77.42,0.7,98.38,0.0,0.0
2024-07-02 01:00:00,31.67,77.74,10.62,14.72,0.3,4.25,25.96,79.72,0.72,84.88,0.0,0.0
2024-07-02 02:00:00,31.34,66.42,13.65,14.53,0.28,4.65,25.6,81.24,1.41,157.14,0.0,0.0
2024-07-02 03:00:00,29.19,68.34,14.04,14.94,0.27,5.16,25.15,83.22,1.38,169.66,0.0,0.0
2024-07-02 04:00:00,33.1,65.86,13.71,15.78,0.24,6.21,24.8,84.63,1.26,166.11,0.0,0.0
2024-07-02 05:00:00,39.45,65.1,15.92,17.23,0.35,3.84,24.73,85.11,1.28,177.19,0.0,0.0
2024-07-02 06:00:00,35.75,65.39,11.71,19.11,0.63,1.38,24.9,84.87,1.38,176.79,0.0,0.0
2024-07-02 07:00:00,37.84,68.61,11.11,18.7,0.78,0.27,25.67,83.19,1.12,179.92,0.0,26.48
2024-07-02 08:00:00,36.13,80.2,8.71,11.12,0.84,8.44,26.38,81.45,1.3,187.7,0.0,99.25
2024-07-02 09:00:00,36.08,82.45,7.69,7.26,1.08,8.59,27.31,78.69,0.95,197.94,0.0,130.12
2024-07-02 10:00:00,38.49,80.12,7.08,10.32,0.69,13.86,28.35,74.57,0.48,245.07,0.0,264.32
2024-07-02 11:00:00,40.2,82.24,6.34,14.51,0.52,16.37,28.62,74.99,0.43,243.99,0.0,278.38
2024-07-02 12:00:00,41.54,80.18,7.29,14.76,0.55,16.51,28.88,74.97,0.73,236.64,0.0,219.7
2024-07-02 13:00:00,37.02,76.45,7.32,14.77,0.55,17.97,29.33,73.32,0.6,245.12,0.0,237.78
2024-07-02 14:00:00,31.88,70.98,6.84,11.12,0.42,18.11,30.2,72.07,0.48,305.69,0.0,299.17
2024-07-02 15:00:00,32.17,67.81,11.19,10.23,0.6,10.76,30.14,71.78,0.64,189.43,0.0,91.58
2024-07-02 16:00:00,33.78,68.14,10.26,10.62,0.54,10.84,28.4,80.42,0.98,286.06,0.05,43.52
2024-07-02 17:00:00,32.52,72.28,10.59,9.74,0.46,15.84,27.87,79.99,0.7,328.66,0.0,24.4
2024-07-02 18:00:00,28.42,73.94,13.37,9.47,0.63,10.53,27.32,79.39,0.39,184.59,0.0,0.0
2024-07-02 19:00:00,25.47,58.54,17.27,7.53,1.16,5.8,26.42,81.9,1.15,170.7,0.0,0.0
2024-07-02 20:00:00,24.18,64.3,17.77,9.75,1.0,6.1,25.89,85.24,1.1,160.46,0.0,0.0
2024-07-02 21:00:00,38.02,73.12,13.79,7.77,0.75,8.32,25.4,88.39,1.34,168.84,0.0,0.0
2024-07-02 22:00:00,38.46,64.09,12.3,6.58,0.58,7.99,24.99,89.64,1.36,161.6,0.0,0.0
2024-07-02 23:00:00,44.48,64.67,10.83,10.35,0.44,8.44,24.59,91.18,1.27,168.38,0.0,0.0
2024-07-03 00:00:00,36.76,63.7,7.29,13.42,0.36,12.26,24.56,90.84,1.34,177.35,0.0,0.0
2024-07-03 01:00:00,26.4,61.43,1.63,14.8,0.22,17.43,24.39,91.0,1.64,185.74,0.0,0.0
2024-07-03 02:00:00,22.04,45.25,0.89,14.52,0.24,16.41,24.34,90.78,1.36,170.19,0.0,0.0
2024-07-03 03:00:00,22.9,42.36,4.54,14.48,0.3,11.69,24.19,91.3,1.34,183.02,0.0,0.0
2024-07-03 04:00:00,24.21,45.88,6.23,15.59,0.29,9.2,24.08,92.12,1.32,175.06,0.0,0.0
2024-07-03 05:00:00,28.52,62.02,6.99,16.29,0.4,7.22,24.03,92.5,1.18,173.39,0.0,0.0
2024-07-03 06:00:00,29.46,61.83,10.78,15.92,0.6,3.7,24.61,91.0,1.24,188.11,0.0,3.62
2024-07-03 07:00:00,27.26,64.08,9.37,15.75,0.72,4.13,25.45,87.56,1.29,187.42,0.0,62.1
2024-07-03 08:00:00,23.88,63.84,7.18,9.75,0.74,28.79,26.59,83.81,0.94,187.81,0.0,160.43
2024-07-03 09:00:00,24.18,71.2,10.77,7.62,0.78,30.86,29.1,74.81,0.76,214.24,0.0,488.67
2024-07-03 10:00:00,30.27,75.95,8.63,10.53,0.48,34.34,30.7,69.44,0.71,302.34,0.05,544.02
2024-07-03 11:00:00,30.48,81.44,10.29,11.54,0.48,37.84,31.5,66.39,0.59,251.93,0.0,508.05
2024-07-03 12:00:00,30.01,84.82,12.28,10.46,0.5,41.12,33.13,61.6,0.57,253.22,0.0,810.48
2024-07-03 13:00:00,29.53,81.57,11.07,9.24,0.52,42.45,33.74,59.06,0.76,252.98,0.0,622.7
2024-07-03 14:00:00,30.12,83.63,10.64,11.2,0.46,45.3,34.44,56.03,0.53,246.06,0.0,574.83
2024-07-03 15:00:00,29.13,84.09,10.09,11.02,0.41,45.1,33.47,58.67,0.45,243.58,0.0,187.38
2024-07-03 16:00:00,31.3,86.04,10.13,8.77,0.37,41.07,31.14,68.85,0.66,329.28,0.05,68.5
2024-07-03 17:00:00,34.71,89.78,13.77,13.55,0.6,36.89,32.12,62.94,0.3,163.84,0.0,48.02
2024-07-03 18:00:00,29.56,87.37,18.36,11.62,0.82,38.62,32.34,59.98,0.7,159.73,0.0,0.0
2024-07-03 19:00:00,31.15,87.37,26.0,13.7,1.09,28.38,30.97,65.27,0.62,93.6,0.0,0.0
2024-07-03 20:00:00,33.46,92.54,22.92,11.8,1.3,27.08,30.66,67.48,1.36,167.32,0.0,0.0
2024-07-03 21:00:00,33.94,99.54,16.55,12.33,0.73,37.61,28.6,75.47,1.03,234.15,0.05,0.0
2024-07-03 22:00:00,39.62,99.34,8.22,12.66,0.31,36.41,26.9,82.79,1.12,322.76,0.0,0.0
2024-07-03 23:00:00,43.7,97.92,12.42,11.68,0.55,29.4,27.08,81.68,0.72,121.25,0.0,0.0
2024-07-04 00:00:00,38.04,94.91,20.12,13.39,0.7,20.89,26.98,85.2,0.82,179.79,0.55,0.0
2024-07-04 01:00:00,32.53,85.84,7.98,13.16,0.33,27.88,25.35,95.12,0.92,270.11,0.9,0.0
2024-07-04 02:00:00,30.47,68.61,2.61,12.98,0.22,32.96,24.56,96.4,1.02,202.75,0.75,0.0
2024-07-04 03:00:00,31.34,57.54,0.75,13.04,0.19,37.17,23.86,96.42,0.92,307.4,0.25,0.0
2024-07-04 04:00:00,26.6,50.84,1.39,13.13,0.2,38.34,23.43,96.15,0.76,306.94,1.7,0.0
2024-07-04 05:00:00,28.22,59.32,5.02,12.97,0.36,33.43,23.43,96.54,0.57,233.44,0.9,0.0
2024-07-04 06:00:00,29.0,56.6,10.54,13.11,0.48,24.86,23.91,97.06,0.8,164.47,0.35,0.0
2024-07-04 07:00:00,30.12,52.84,13.66,9.48,0.64,19.99,24.36,97.26,0.53,224.86,0.05,0.0
2024-07-04 08:00:00,26.17,52.73,12.54,10.02,1.02,18.32,24.92,97.24,0.84,140.34,0.05,18.62
2024-07-04 09:00:00,29.88,55.04,12.26,3.22,1.44,13.24,26.1,95.12,0.97,164.62,0.0,144.8
2024-07-04 10:00:00,29.62,64.45,11.3,0.54,1.06,5.76,27.41,88.6,0.85,202.58,0.0,223.75
2024-07-04 11:00:00,31.28,78.16,12.2,3.31,0.82,13.88,28.56,81.3,0.84,244.81,0.0,356.25
2024-07-04 12:00:00,31.62,80.11,11.8,9.06,0.62,20.82,29.08,79.07,0.43,223.28,0.0,185.95
2024-07-04 13:00:00,33.19,86.29,13.68,8.98,0.85,18.29,29.19,78.41,0.84,196.56,0.0,142.28
2024-07-04 14:00:00,37.4,95.86,13.04,7.07,0.81,18.48,29.72,76.46,0.83,218.91,0.0,251.62
2024-07-04 15:00:00,33.54,101.21,10.2,4.91,0.5,21.99,29.66,76.81,0.42,221.84,0.0,92.08
2024-07-04 16:00:00,28.79,96.03,14.21,4.88,0.69,16.32,29.66,76.34,0.58,157.2,0.0,47.25
2024-07-04 17:00:00,32.42,100.22,13.16,4.74,0.74,19.71,28.9,75.89,0.52,168.95,0.0,0.0
2024-07-04 18:00:00,29.15,91.04,18.33,3.76,1.34,11.88,28.0,79.29,1.16,144.09,0.0,0.0
2024-07-04 19:00:00,26.7,93.2,19.64,3.65,1.49,6.33,27.54,82.61,1.0,108.77,0.0,0.0
2024-07-04 20:00:00,31.64,90.05,22.88,0.72,1.11,2.7,26.91,86.5,1.1,260.3,0.0,0.0
2024-07-04 21:00:00,31.02,95.22,20.45,3.94,0.94,3.01,26.71,87.7,1.28,324.64,0.0,0.0
2024-07-04 22:00:00,29.32,89.84,14.3,3.76,0.65,9.93,26.39,89.59,0.76,307.76,1.8,0.0
2024-07-04 23:00:00,20.79,74.12,7.2,1.45,0.33,26.24,24.38,94.78,0.58,306.26,0.35,0.0
2024-07-05 00:00:00,1.94,19.88,5.78,3.58,0.27,23.04,23.92,94.25,0.44,117.4,0.0,0.0
2024-07-05 01:00:00,3.11,31.61,5.14,4.16,0.24,18.29,23.93,94.6,0.8,170.02,0.0,0.0
2024-07-05 02:00:00,4.45,37.71,3.56,4.04,0.22,16.14,23.78,95.68,0.7,206.52,0.1,0.0
2024-07-05 03:00:00,5.7,35.53,4.21,4.08,0.21,16.51,23.64,96.26,1.01,146.08,0.1,0.0
2024-07-05 04:00:00,4.55,35.6,6.18,4.19,0.26,14.82,23.59,96.5,1.31,170.02,0.1,0.0
2024-07-05 05:00:00,4.96,32.33,13.74,4.58,0.35,11.7,23.56,96.86,1.52,172.16,0.05,0.0
2024-07-05 06:00:00,12.51,44.82,16.57,5.46,0.51,11.29,23.9,97.13,1.33,185.36,0.0,0.0
2024-07-05 07:00:00,19.57,54.27,16.56,4.98,0.78,9.36,24.31,96.7,1.23,182.82,0.0,7.45
2024-07-05 08:00:00,15.63,57.03,12.81,3.34,0.9,12.92,25.05,92.97,1.27,184.46,0.0,105.5
2024-07-05 09:00:00,19.54,54.1,10.94,4.36,0.92,14.72,27.07,85.76,1.02,206.36,0.0,414.78
2024-07-05 10:00:00,22.84,60.0,10.98,5.04,0.66,18.8,29.3,77.29,0.6,264.92,0.0,671.95
2024-07-05 11:00:00,17.74,66.4,8.92,5.63,0.53,22.6,30.17,74.66,0.58,266.87,0.0,493.88
2024-07-05 12:00:00,19.57,66.41,11.95,5.49,0.6,21.23,31.72,68.8,0.5,229.74,0.0,821.88
2024-07-05 13:00:00,27.14,73.97,11.26,4.56,0.67,21.42,32.24,66.92,0.91,181.2,0.0,551.85
2024-07-05 14:00:00,28.01,75.68,10.82,4.93,0.62,21.84,32.26,66.92,0.6,187.89,0.0,359.78
2024-07-05 15:00:00,20.83,74.51,11.01,7.08,0.52,21.28,32.42,65.53,0.47,237.04,0.0,153.07
2024-07-05 16:00:00,17.35,68.94,11.16,4.51,0.48,23.97,32.53,66.64,0.53,253.4,0.0,105.25
2024-07-05 17:00:00,21.06,69.44,15.68,5.86,0.8,17.79,32.03,67.82,0.76,206.98,0.0,11.22
2024-07-05 18:00:00,23.08,65.24,9.32,5.18,0.34,20.98,26.15,88.46,1.32,310.61,0.7,0.0
2024-07-05 19:00:00,17.87,62.64,9.4,10.18,0.42,16.56,24.72,95.12,1.15,332.26,0.0,0.0
2024-07-05 20:00:00,19.95,52.38,9.06,9.64,0.44,10.47,24.88,95.62,1.11,330.66,0.0,0.0
2024-07-05 21:00:00,20.2,50.34,8.25,7.88,0.6,7.12,25.2,95.32,1.19,269.07,0.0,0.0
2024-07-05 22:00:00,19.99,52.32,14.93,8.87,0.86,3.61,25.54,93.5,0.56,195.32,0.0,0.0
2024-07-05 23:00:00,15.35,54.83,11.23,10.52,0.58,4.89,25.61,92.2,1.24,173.54,0.05,0.0
2024-07-06 00:00:00,15.05,57.86,5.15,7.74,0.32,10.52,25.4,91.81,1.35,163.35,0.0,0.0
2024-07-06 01:00:00,16.48,55.5,4.64,8.4,0.28,13.48,25.22,92.62,1.54,169.79,0.0,0.0
2024-07-06 02:00:00,14.28,52.36,4.26,7.48,0.22,16.38,25.02,93.45,1.38,174.1,0.0,0.0
2024-07-06 03:00:00,11.51,52.98,3.58,9.2,0.26,16.36,24.9,93.9,1.31,170.54,0.0,0.0
2024-07-06 04:00:00,9.12,48.07,3.96,9.24,0.26,15.74,24.83,93.96,1.27,167.39,0.0,0.0
2024-07-06 05:00:00,12.26,39.64,4.26,9.22,0.34,14.96,24.71,93.62,1.5,169.29,0.0,0.0
2024-07-06 06:00:00,14.3,44.79,7.03,9.52,0.59,9.36,24.86,93.12,1.12,178.75,0.0,0.0
2024-07-06 07:00:00,18.5,57.94,7.15,9.04,0.79,7.4,25.57,90.75,1.29,176.59,0.0,25.67
2024-07-06 08:00:00,15.41,62.69,7.14,5.04,0.79,8.12,26.71,86.96,1.33,183.06,0.0,129.7
2024-07-06 09:00:00,19.61,69.72,8.56,5.58,1.0,13.07,28.57,79.85,1.04,172.6,0.0,258.57
2024-07-06 10:00:00,23.54,80.86,6.78,6.64,0.63,5.28,29.71,75.24,0.86,227.22,0.0,393.05
2024-07-06 11:00:00,23.69,85.14,7.65,6.99,0.52,7.26,30.99,68.36,0.31,209.76,0.0,467.65
2024-07-06 12:00:00,21.54,86.35,8.04,6.01,0.42,12.28,31.84,65.22,0.71,263.06,0.0,561.02
2024-07-06 13:00:00,20.97,83.94,8.08,7.98,0.46,11.44,33.26,61.21,0.49,272.75,0.0,724.5
2024-07-06 14:00:00,23.36,92.2,7.29,7.77,0.4,12.02,33.6,59.42,0.62,276.82,0.0,502.68
2024-07-06 15:00:00,22.1,90.61,8.82,7.64,0.41,10.83,30.92,71.24,0.96,204.36,0.95,80.32
2024-07-06 16:00:00,28.97,89.19,5.39,7.58,0.43,10.27,25.82,95.02,1.26,296.13,1.0,83.1
2024-07-06 17:00:00,25.67,79.28,13.2,7.6,0.91,3.96,27.77,84.95,1.23,162.8,0.0,27.98
2024-07-06 18:00:00,23.36,83.22,13.98,5.42,1.1,0.11,27.46,87.35,0.9,126.59,0.0,0.0
2024-07-06 19:00:00,27.14,84.41,12.79,7.63,0.99,3.98,26.93,84.73,1.45,171.07,0.0,0.0
2024-07-06 20:00:00,19.56,78.11,13.26,4.84,0.76,4.28,26.18,86.66,0.99,201.54,0.0,0.0
2024-07-06 21:00:00,17.86,73.51,16.24,4.26,0.76,2.13,25.61,89.79,1.15,165.0,0.15,0.0
2024-07-06 22:00:00,19.1,73.34,12.02,3.14,0.64,2.33,24.96,92.67,1.48,165.4,0.0,0.0
2024-07-06 23:00:00,14.22,64.1,9.77,4.75,0.47,3.95,24.72,93.54,1.4,161.06,0.0,0.0
2024-07-07 00:00:00,12.53,62.0,10.04,7.08,0.44,0.74,24.94,94.3,1.18,178.1,0.0,0.0
2024-07-07 01:00:00,13.73,63.93,6.76,6.74,0.33,1.8,25.18,94.39,1.42,171.45,0.0,0.0
2024-07-07 02:00:00,9.79,47.76,4.47,6.83,0.27,4.63,25.01,95.13,1.27,183.48,0.05,0.0
2024-07-07 03:00:00,8.88,51.65,3.94,6.86,0.26,6.74,24.71,95.57,1.26,175.56,0.0,0.0
2024-07-07 04:00:00,14.76,52.64,3.75,6.87,0.24,7.56,24.74,94.29,1.5,188.62,0.05,0.0
2024-07-07 05:00:00,14.38,44.11,4.82,6.7,0.29,5.98,24.52,94.98,1.31,180.58,0.05,0.0
2024-07-07 06:00:00,13.47,48.54,8.13,7.11,0.53,3.41,24.61,94.73,1.1,181.08,0.0,0.0
2024-07-07 07:00:00,19.58,51.3,8.64,4.92,0.53,2.96,25.3,92.74,0.48,185.84,0.0,5.05
2024-07-07 08:00:00,20.06,48.23,8.24,6.96,0.65,4.86,26.38,87.92,0.76,180.34,0.0,112.25
2024-07-07 09:00:00,15.9,60.43,10.66,5.02,0.94,5.32,26.23,87.87,1.4,170.35,0.0,11.08
2024-07-07 10:00:00,17.43,61.99,10.83,7.04,0.75,1.93,25.3,93.85,1.33,164.64,1.3,20.58
2024-07-07 11:00:00,19.98,61.6,8.02,4.39,0.42,3.55,25.26,96.11,1.13,114.52,2.15,4.42
2024-07-07 12:00:00,24.6,60.91,9.25,6.72,0.52,3.98,25.04,97.11,0.92,77.61,0.2,5.52
2024-07-07 13:00:00,28.08,57.53,18.37,7.2,0.94,0.59,25.64,97.28,0.85,134.66,0.2,80.58
2024-07-07 14:00:00,25.18,55.6,11.02,6.98,0.65,5.86,26.76,95.1,1.02,208.7,0.05,275.65
2024-07-07 15:00:00,24.06,54.82,6.34,4.29,0.44,13.03,28.74,84.98,0.55,197.67,0.0,234.65
2024-07-07 16:00:00,20.7,60.98,5.04,6.79,0.3,21.41,29.08,81.22,1.12,259.76,0.0,94.5
2024-07-07 17:00:00,19.74,65.91,3.18,6.51,0.25,13.86,28.64,83.16,1.24,327.75,0.0,9.0
2024-07-07 18:00:00,20.77,62.11,3.03,6.59,0.27,7.72,27.54,87.72,1.23,325.01,0.0,0.0
2024-07-07 19:00:00,18.84,62.72,6.95,6.64,0.38,3.11,26.31,91.35,1.17,327.62,0.0,0.0
2024-07-07 20:00:00,13.81,57.74,13.51,6.95,0.89,2.07,26.29,91.94,0.54,178.24,0.0,0.0
2024-07-07 21:00:00,12.76,64.95,13.18,4.97,0.8,1.45,26.42,89.2,0.74,212.85,0.0,0.0
2024-07-07 22:00:00,16.26,67.25,8.48,3.73,0.5,3.43,26.02,87.34,0.98,326.54,0.0,0.0
2024-07-07 23:00:00,13.2,60.52,3.4,3.45,0.34,4.61,25.15,93.51,1.02,325.49,0.05,0.0
2024-07-08 00:00:00,12.38,53.76,4.95,4.71,0.43,0.86,24.74,96.15,0.78,268.99,0.0,0.0
2024-07-08 01:00:00,13.21,55.25,3.99,6.64,0.39,27.22521629792966,24.54,96.86,1.12,245.44,0.0,0.0
2024-07-08 02:00:00,9.67,50.7,9.41,6.4,0.29,28.973116845804395,24.42,97.19,0.68,275.92,0.0,0.0
2024-07-08 03:00:00,8.13,40.98,3.2,6.3,0.28,28.962074811813178,24.32,97.22,0.82,284.58,0.0,0.0
2024-07-08 04:00:00,6.95,37.03,2.92,6.23,0.29,28.556872975771995,24.42,97.16,0.68,137.17,0.05,0.0
2024-07-08 05:00:00,9.99,39.44,0.96,6.15,0.24,30.55243978209981,24.61,97.15,0.87,226.22,0.0,0.0
2024-07-08 06:00:00,14.53,38.86,2.68,6.18,0.32,30.664166384761025,24.79,97.1,0.79,179.74,0.0,0.0
2024-07-08 07:00:00,16.73,45.94,5.35,6.32,0.39,29.46681540208955,25.52,93.52,0.68,340.71,0.0,21.4
2024-07-08 08:00:00,14.38,45.58,7.53,3.98,0.46,0.6,26.18,89.29,1.12,249.76,0.0,61.22
2024-07-08 09:00:00,22.98,46.47,8.65,4.92,0.53,2.56,27.08,85.9,0.85,330.05,0.0,114.28
2024-07-08 10:00:00,28.9,58.0,12.39,5.72,0.82,5.23,27.56,83.06,0.56,146.47,0.0,218.42
2024-07-08 11:00:00,32.62,73.24,10.03,6.44,0.51,17.44,29.93,75.33,0.93,316.7,0.0,617.88
2024-07-08 12:00:00,36.22,71.02,6.92,6.49,0.5,30.51,31.34,70.51,0.78,166.19,0.0,741.52
2024-07-08 13:00:00,45.26,71.26,6.1,6.53,0.4,40.1,32.56,66.4,0.99,248.36,0.0,834.62
2024-07-08 14:00:00,37.43,64.19,4.24,6.36,0.41,49.87,32.67,65.88,1.01,107.94,0.0,518.58
2024-07-08 15:00:00,31.43,62.68,5.77,6.48,0.5,56.4,32.38,67.61,0.87,120.4,0.0,184.58
2024-07-08 16:00:00,34.72,63.13,7.87,6.4,0.54,57.04,32.32,67.18,0.89,103.26,0.0,124.4
2024-07-08 17:00:00,35.04,62.36,11.24,4.01,0.62,33.61,32.03,68.3,0.69,184.18,0.0,12.3
2024-07-08 18:00:00,35.84,68.63,20.55,6.91,1.51,11.16,30.55,76.18,1.34,170.19,0.0,0.0
2024-07-08 19:00:00,35.7,83.78,12.48,6.8,0.78,10.28,28.2,84.24,0.81,194.47,0.1,0.0
2024-07-08 20:00:00,33.39,76.53,14.08,6.42,0.69,7.98,25.1,92.9,1.0,253.85,0.0,0.0
2024-07-08 21:00:00,28.79,61.45,20.43,6.75,1.32,11.645711330272043,25.04,94.15,1.08,234.04,0.0,0.0
2024-07-08 22:00:00,31.24,68.94,15.65,7.24,2.11,0.0,25.4,94.75,0.73,129.73,0.0,0.0
2024-07-08 23:00:00,40.18,91.7,20.73,4.31,1.14,15.931141926213984,25.88,91.9,0.86,154.84,0.0,0.0
2024-07-09 00:00:00,41.42,87.8,3.49,4.67,0.24,4.77,26.03,92.32,1.65,163.6,0.0,0.0
2024-07-09 01:00:00,40.58,78.3,6.66,5.04,0.2,1.52,25.74,92.48,1.41,168.92,0.0,0.0
2024-07-09 02:00:00,32.95,65.57,2.69,6.7,0.18,4.6,25.41,91.82,1.0,167.07,0.0,0.0
2024-07-09 03:00:00,28.05,58.92,5.78,7.43,0.28,2.89,25.31,92.36,1.26,164.04,0.0,0.0
2024-07-09 04:00:00,28.43,52.09,10.74,7.32,0.3,0.15,25.26,93.06,1.37,171.37,0.0,0.0
2024-07-09 05:00:00,26.98,58.59,16.38,7.1,0.38,34.114315131458355,25.05,93.3,1.22,183.44,0.0,0.0
2024-07-09 06:00:00,25.56,59.39,18.24,7.33,0.5,30.843801929593745,25.2,92.62,0.72,222.17,0.0,0.32
2024-07-09 07:00:00,23.96,68.73,19.36,7.45,0.84,21.122409754670127,26.18,87.86,1.27,163.53,0.0,27.22
2024-07-09 08:00:00,23.17,67.96,16.26,5.26,0.94,5.67,26.61,86.94,0.92,149.62,0.0,59.02
2024-07-09 09:00:00,23.68,73.67,10.93,3.01,0.5975022224049378,2.82,28.32,81.15,0.77,62.86,0.0,345.6
2024-07-09 10:00:00,21.71,82.26,17.38,4.7,0.6904187978567234,11.32,29.19,78.57,1.1,162.1,0.0,332.52
2024-07-09 11:00:00,21.24,85.25,10.64,3.8,0.57,21.606726982542988,30.83,73.29,0.88,127.44,0.0,598.5
2024-07-09 12:00:00,40.54146240409195,89.71953734084849,13.9,4.73,0.72,26.281151082291437,31.2,71.93,0.62,190.39,0.0,293.35
2024-07-09 13:00:00,46.619287381493116,100.34388033172759,19.64,4.82,1.06,28.62,29.51,80.97,1.4,171.85,0.0,267.4
2024-07-09 14:00:00,33.17,51.97,14.72,13.986748927383275,0.67,41.02,31.99,70.26,0.61,139.56,0.0,610.8
2024-07-09 15:00:00,62.98,103.87,25.810063328328653,19.73423974264767,0.72,42.52,32.71,65.25,0.98,159.08,0.0,146.6
2024-07-09 16:00:00,57.07,177.58,19.557852196476844,1.14,0.74,41.26,32.62,67.02,0.97,161.28,0.0,77.55
2024-07-09 17:00:00,48.41,467.34,10.663890441337198,2.61,0.73,39.96,32.04,69.22,0.88,127.24,0.0,3.92
2024-07-09 18:00:00,43.29,654.8,24.83,1.52,1.11,23.64,29.16,80.19,1.69,166.3,0.0,0.0
2024-07-09 19:00:00,41.64,286.9,28.5,2.98,1.08,10.25,28.4,83.63,0.86,136.4,0.0,0.0
2024-07-09 20:00:00,22.15,103.84,19.88,1.49,0.72,12.17,27.87,83.22,0.69,191.02,0.0,0.0
2024-07-09 21:00:00,25.06,74.92,17.98,4.56,0.81,10.82,27.66,84.23,0.93,119.9,0.0,0.0
2024-07-09 22:00:00,25.68,90.65,16.57,2.27,0.66,10.79,27.67,85.24,1.5,164.24,0.0,0.0
2024-07-09 23:00:00,24.5,90.68,15.35,2.21,0.54,9.48,27.46,85.54,1.44,166.56,0.0,0.0
2024-07-10 00:00:00,20.14,94.28,13.02,4.08,0.34,9.02,26.7,89.8,1.4,169.27,0.0,0.0
2024-07-10 01:00:00,16.64,79.87,8.83,2.57,0.27,11.02,26.38,91.54,1.54,175.83,0.0,0.0
2024-07-10 02:00:00,13.24,69.7,6.3,3.9,0.3,11.55,26.24,91.35,1.12,169.6,0.0,0.0
2024-07-10 03:00:00,18.64,61.45,8.09,4.0,0.28,10.4,26.19,91.38,1.46,162.89,0.0,0.0
2024-07-10 04:00:00,15.58,60.91,8.74,4.0,0.28,9.19,26.16,91.28,1.47,169.66,0.0,0.0
2024-07-10 05:00:00,11.12,56.69,10.53,4.0,0.36,7.0,26.01,91.64,1.4,171.59,0.0,0.0
2024-07-10 06:00:00,11.69,60.88,10.73,4.19,0.62,4.73,26.22,91.01,1.31,171.04,0.0,0.0
2024-07-10 07:00:00,13.12,70.47,10.07,4.43,0.92,3.47,26.62,89.4,1.28,184.8,0.0,5.12
2024-07-10 08:00:00,28.03,81.52,9.49,4.1,1.06,4.73,27.1,87.39,1.3,174.18,0.0,47.05
2024-07-10 09:00:00,36.62,86.45,11.78,1.41,1.22,6.58,28.39,83.0,0.96,176.73,0.0,184.42
2024-07-10 10:00:00,36.97,96.66,15.25,1.68,1.34,13.11,29.7,78.38,0.89,173.4,0.0,298.8
2024-07-10 11:00:00,35.06,107.19,13.92,3.36,0.81,22.78,30.81,75.38,0.74,155.67,0.05,448.6
2024-07-10 12:00:00,28.57,96.98,6.44,0.53,0.42,33.25,31.4,73.2,0.63,193.41,0.0,342.25
2024-07-10 13:00:00,26.32,84.68,12.19,1.91,0.74,35.64,31.06,73.44,1.09,191.93,0.0,290.35
2024-07-10 14:00:00,31.01,76.1,8.32,2.55,0.33,35.38,27.21,84.39,1.08,314.83,0.0,12.35
2024-07-10 15:00:00,28.79,70.19,10.64,5.1,0.36,12.93,26.32,87.34,1.13,334.07,0.0,0.0
2024-07-10 16:00:00,21.98,53.43,15.94,6.32,0.64,12.75,27.5,82.78,0.82,169.32,0.0,44.35
2024-07-10 17:00:00,16.98,56.35,16.43,5.73,0.83,12.93,28.28,80.08,1.08,151.05,0.0,24.38
2024-07-10 18:00:00,17.4,62.2,18.98,2.97,1.36,8.79,28.06,80.45,1.44,169.93,0.0,0.0
2024-07-10 19:00:00,15.0,64.61,20.33,7.92,1.47,3.0,27.6,83.94,1.32,161.12,0.0,0.0
2024-07-10 20:00:00,18.16,70.47,19.64,7.55,1.2,0.52,27.26,86.54,1.18,164.38,0.0,0.0
2024-07-10 21:00:00,21.8,76.28,17.14,4.88,0.76,2.08,26.86,86.26,0.87,167.55,0.0,0.0
2024-07-10 22:00:00,20.08,73.52,15.46,5.36,0.54,5.74,26.4,87.08,0.85,122.12,0.0,0.0
2024-07-10 23:00:00,19.58,62.43,15.44,7.72,0.53,5.09,26.07,88.22,0.93,157.26,0.0,0.0
2024-07-11 00:00:00,15.7,60.53,9.11,9.09,0.25,5.19,25.42,91.43,1.13,337.03,0.0,0.0
2024-07-11 01:00:00,17.33,50.7,10.8,9.27,0.28,0.72,25.26,92.32,0.87,259.56,0.0,0.0
2024-07-11 02:00:00,13.74,48.95,12.11,8.89,0.3,0.26,25.51,91.09,1.12,143.35,0.0,0.0
2024-07-11 03:00:00,14.57,48.32,12.8,8.93,0.28,0.26,25.4,91.92,0.95,147.74,0.0,0.0
2024-07-11 04:00:00,12.01,49.13,13.34,9.13,0.31,31.89515878565138,25.43,92.32,0.81,183.61,0.0,0.0
2024-07-11 05:00:00,8.96,50.36,11.76,8.98,0.34,29.5567921490672,25.52,92.46,0.82,139.84,0.0,0.0
2024-07-11 06:00:00,9.49,47.69,13.23,8.97,0.64,22.811854739021047,25.8,91.51,1.03,166.85,0.0,0.0
2024-07-11 07:00:00,16.33,63.24,13.11,9.14,0.81,19.994239364679856,26.48,89.48,0.98,184.17,0.0,0.0
2024-07-11 08:00:00,19.99,70.18,16.93,9.05,0.69,2.47,27.72,85.86,0.68,277.84,0.0,128.78
2024-07-11 09:00:00,23.6,78.0,17.32,7.1,0.86,7.2,29.97,78.06,0.58,224.62,0.0,463.35
2024-07-11 10:00:00,23.37,76.56,17.27,9.25,0.94,8.8,29.66,80.1,0.66,225.27,0.3,137.43
2024-07-11 11:00:00,19.4,78.2,12.88,8.8,0.52,7.15,27.0,92.84,0.3,213.83,3.3,17.45
2024-07-11 12:00:00,22.98,75.35,20.86,5.71,0.87,9.84,26.94,95.82,0.78,182.75,0.7,132.15
2024-07-11 13:00:00,26.14,73.11,14.96,8.3,0.48,10.9,29.18,88.36,0.4,241.9,0.0,287.35
2024-07-11 14:00:00,23.81,79.66,14.84,9.12,0.52,12.03,30.28,80.89,0.44,294.68,0.0,245.1
2024-07-11 15:00:00,17.8,85.01,13.49,8.82,0.36,21.64,31.07,75.61,0.84,329.63,0.0,208.95
2024-07-11 16:00:00,16.82,80.1,11.97,8.8,0.42,23.1,30.79,74.31,0.76,344.28,0.0,69.97
2024-07-11 17:00:00,17.58,78.44,17.55,8.73,0.71,7.33,29.6,80.04,0.62,125.24,0.15,0.2
2024-07-11 18:00:00,24.28,80.19,19.94,6.41,0.66,5.5,27.61,89.84,1.16,320.54,0.0,0.0
2024-07-11 19:00:00,20.04,70.63,9.13,7.99,0.34,7.63,27.17,88.47,1.24,298.55,0.0,0.0
2024-07-11 20:00:00,13.33,57.5992962064807,13.03,4.8,1.38,2.39,26.99,91.04,0.98,299.42,0.0,0.0
2024-07-11 21:00:00,31.75,91.87,16.18,6.8,2.0,0.0,27.0,91.74,0.96,254.06,0.0,0.0
2024-07-11 22:00:00,45.41,133.08,10.0,9.6,2.58,0.0,27.02,93.16,1.1,265.91,0.0,0.0
2024-07-11 23:00:00,41.72,139.48,10.92,9.8,2.94,0.0,27.0,92.34,1.14,237.64,0.05,0.0
2024-07-12 00:00:00,40.56,141.5,10.5,7.48,1.5,3.7374289804063388,26.69,95.1,0.94,197.3,0.0,0.0
2024-07-12 01:00:00,39.71,126.77,11.87,6.82,1.29,9.6386295754841,26.49,96.46,1.12,284.87,0.0,0.0
2024-07-12 02:00:00,34.41,109.32,27.02,6.42,0.48,30.043629924720385,26.66,95.86,0.79,144.02,0.0,0.0
2024-07-12 03:00:00,31.72,102.72,16.45,6.19,0.25,34.176729398769204,26.42,92.68,0.48,106.36,0.0,0.0
2024-07-12 04:00:00,28.54,90.44,5.87,5.96,0.14,35.73812526529379,25.91,91.18,0.27,87.13,0.0,0.0
2024-07-12 05:00:00,24.18,77.46,6.1,5.93,0.15,0.1,25.91,88.18,0.41,250.12,0.0,0.0
2024-07-12 06:00:00,22.95,68.74,9.01,6.1,0.25,33.301840441936776,26.08,87.5,0.46,180.42,0.0,0.0
2024-07-12 07:00:00,23.48,66.5,10.48,3.75,0.38,28.985400170088102,26.71,85.95,0.85,319.62,0.0,30.28
2024-07-12 08:00:00,20.25,70.29,10.78,3.99,0.48,25.04630613467328,28.07,82.13,0.69,311.57,0.0,144.12
2024-07-12 09:00:00,17.84,70.1,12.0,5.86,0.56,13.85,29.06,78.32,0.6,291.4,0.0,245.1
2024-07-12 10:00:00,22.38,71.44,10.11,6.07,0.36,22.74,29.75,76.92,0.84,323.16,0.0,307.58
2024-07-12 11:00:00,24.68,67.17,9.89,3.86,0.34,24.91,30.77,73.37,0.87,320.84,0.0,490.38
2024-07-12 12:00:00,21.71,63.98,12.64,6.03,0.5,24.62,31.47,70.88,0.38,239.71,0.0,482.72
2024-07-12 13:00:00,19.4,64.72,11.14,6.27,0.28,23.21,30.1,76.71,0.98,298.04,0.0,227.68
2024-07-12 14:00:00,20.07,63.86,12.8,6.08,0.3,26.22,31.04,73.51,0.77,332.32,0.0,299.0
2024-07-12 15:00:00,24.24,68.23,13.45,6.14,0.38,27.41,30.76,74.26,0.76,278.29,0.0,132.25
2024-07-12 16:00:00,25.91,70.54,12.01,5.95,0.32,27.36,30.91,73.24,0.61,246.88,0.0,75.65
2024-07-12 17:00:00,21.66,67.93,14.1,5.03,0.41,24.12,30.3,73.6,0.42,262.91,0.0,6.93
2024-07-12 18:00:00,18.65,62.95,16.58,2.3,0.9,13.2,28.43,78.1,0.88,170.33,0.0,0.0
2024-07-12 19:00:00,20.21,78.46,18.5,3.88,1.01,6.66,27.93,82.96,0.88,112.25,0.0,0.0
2024-07-12 20:00:00,21.22,361.62,18.58,3.07,0.57,5.44,27.62,84.6,0.88,335.4,0.0,0.0
2024-07-12 21:00:00,20.11,504.56,16.78,2.16,0.5,5.23,27.52,83.14,0.62,249.92,0.0,0.0
2024-07-12 22:00:00,19.39,365.13,15.86,4.34,0.56,5.46,27.39,83.14,0.95,248.7,0.0,0.0
2024-07-12 23:00:00,18.26,240.64,11.48,5.31,0.32,6.33,27.47,82.96,0.35,291.7,0.0,0.0
2024-07-13 00:00:00,17.88,129.91,8.28,5.51,0.28,6.94,27.36,83.76,0.38,176.99,0.0,0.0
2024-07-13 01:00:00,18.71,85.77,8.14,5.85,0.33,9.14,27.28,82.55,0.55,339.31,0.0,0.0
2024-07-13 02:00:00,19.81,86.91,7.34,5.7,0.24,10.7,27.01,83.4,0.53,332.85,0.0,0.0
2024-07-13 03:00:00,23.65,74.71,8.39,5.72,0.38,11.47,26.52,84.4,0.64,174.15,0.0,0.0
2024-07-13 04:00:00,22.55,69.05,7.81,5.75,0.38,12.31,26.46,83.96,0.5,315.49,0.0,0.0
2024-07-13 05:00:00,21.8,60.4,7.83,5.8,0.33,9.86,26.18,83.83,0.63,327.12,0.0,0.0
2024-07-13 06:00:00,20.68,52.54,9.43,3.64,0.26,7.62,26.04,84.21,0.8,318.11,0.05,0.0
2024-07-13 07:00:00,17.62,50.58,12.95,4.92,0.34,4.36,26.52,83.45,0.81,329.08,0.0,21.55
2024-07-13 08:00:00,19.11,53.6,14.36,5.7,0.39,5.43,27.2,81.49,0.74,334.28,0.0,89.58
2024-07-13 09:00:00,18.81,56.86,14.74,3.46,0.41,10.09,28.62,77.14,0.8,319.22,0.0,393.08
2024-07-13 10:00:00,18.15,49.52,10.96,5.55,0.3,17.5,30.29,71.82,1.18,320.52,0.0,614.38
2024-07-13 11:00:00,16.39,45.26,11.75,5.52,0.36,19.63,30.01,72.38,1.1,323.21,0.0,261.5
2024-07-13 12:00:00,18.61,49.34,12.95,5.6,0.35,21.59,30.77,71.24,1.09,322.04,0.0,455.35
2024-07-13 13:00:00,19.45,43.11,10.2,5.51,0.29,25.64,30.6,71.98,1.14,328.4,0.0,310.73
2024-07-13 14:00:00,14.17,41.18,8.61,5.7,0.28,22.41,31.36,70.73,1.09,327.45,0.0,335.75
2024-07-13 15:00:00,13.56,54.53,11.32,4.16,0.39,19.16,31.34,70.32,0.57,326.31,0.0,178.68
2024-07-13 16:00:00,12.76,53.26,11.2,4.95,0.46,15.78,28.73,78.79,0.72,268.18,0.15,22.7
2024-07-13 17:00:00,14.41,59.9,20.86,5.93,0.83,4.14,27.1,92.2,0.82,94.0,0.0,0.0
2024-07-13 18:00:00,20.91,61.13,23.22,3.28,0.85,2.73,26.95,92.71,0.91,112.29,0.7,0.0
2024-07-13 19:00:00,20.3,59.32,19.66,5.65,0.68,5.26,25.98,96.0,0.62,120.83,0.1,0.0
2024-07-13 20:00:00,16.01,59.22,21.2,6.26,2.06,1.16,26.54,97.09,0.93,174.56,0.0,0.0
2024-07-13 21:00:00,14.44,69.32,23.4,5.93,1.29,1.15,26.46,97.1,0.76,93.45,0.0,0.0
2024-07-13 22:00:00,17.14,74.96,19.73,1.5,0.9,1.2,26.16,96.71,0.82,134.24,0.0,0.0
2024-07-13 23:00:00,16.8,61.9,11.42,2.56,0.38,3.24,25.96,92.47,0.55,121.6,0.0,0.0
2024-07-14 00:00:00,14.5,57.3,6.39,4.87,0.22,8.59,25.65,89.08,0.4,54.0,0.0,0.0
2024-07-14 01:00:00,12.81,47.97,5.61,5.12,0.2,9.19,25.48,89.09,0.3,146.8,0.0,0.0
2024-07-14 02:00:00,9.55,36.1,4.45,4.95,0.18,11.3,25.4,89.12,0.43,201.92,0.0,0.0
2024-07-14 03:00:00,9.96,37.56,4.4,5.14,0.18,11.77,25.22,89.28,0.32,250.1,0.0,0.0
2024-07-14 04:00:00,10.11,34.82,4.51,5.12,0.2,11.79,25.03,90.07,0.82,332.1,0.0,0.0
2024-07-14 05:00:00,8.34,30.11,5.92,5.31,0.32,9.51,24.86,91.69,0.81,182.82,0.0,0.0
2024-07-14 06:00:00,7.37,34.43,8.11,5.06,0.26,7.3,25.26,91.1,0.84,323.51,0.0,0.0
2024-07-14 07:00:00,8.28,38.08,11.59,5.19,0.42,4.49,26.33,87.86,0.42,289.57,0.0,54.55
2024-07-14 08:00:00,13.39,41.18,10.37,2.33,0.46,7.25,27.94,82.95,0.55,312.56,0.0,169.12
2024-07-14 09:00:00,15.18,45.46,9.41,5.72,0.37,14.39,28.91,80.08,0.56,318.61,0.0,327.92
2024-07-14 10:00:00,12.8,46.62,5.16,10.07,0.21,24.79,30.15,76.11,1.11,341.22,0.0,500.92
2024-07-14 11:00:00,14.76,51.54,7.17,7.86,0.25,29.14,31.28,72.19,1.04,336.81,0.0,660.35
2024-07-14 12:00:00,21.23,53.77,7.92,10.12,0.31,38.16,32.58,68.22,0.86,247.92,0.0,747.85
2024-07-14 13:00:00,21.16,51.11,10.14,10.13,0.28,37.38,32.42,69.92,1.09,328.6,0.0,548.4
2024-07-14 14:00:00,15.48,53.09,11.55,10.14,0.24,30.93,28.25,86.81,1.42,180.15,1.3,28.4
2024-07-14 15:00:00,11.77,55.34,25.25,10.45,0.74,11.06,26.1,96.48,0.74,161.86,0.2,0.0
2024-07-14 16:00:00,14.17,59.09,21.44,10.35,0.74,9.94,26.04,96.31,0.87,141.78,0.0,0.0
2024-07-14 17:00:00,18.76,58.59,20.23,10.4,0.98,11.52,26.67,94.51,1.01,159.2,0.0,4.1
2024-07-14 18:00:00,17.2,58.24,20.9,10.46,0.82,13.5,26.35,92.44,1.12,168.26,0.0,0.0
2024-07-14 19:00:00,18.08,65.66,23.28,9.4,1.06,9.27,26.0,93.3,0.83,128.75,0.0,0.0
2024-07-14 20:00:00,20.62,73.68,19.96,6.32,0.82,4.85,25.74,93.77,0.51,105.36,0.0,0.0
2024-07-14 21:00:00,23.65,79.21,19.99,8.0,0.89,6.88,25.84,92.97,1.22,178.31,0.0,0.0
2024-07-14 22:00:00,28.48,85.81,17.56,7.9,0.76,6.69,25.79,93.9,1.11,212.08,0.0,0.0
2024-07-14 23:00:00,26.11,77.02,10.36,9.04,0.44,9.29,25.47,95.39,1.22,335.74,0.0,0.0
2024-07-15 00:00:00,21.63,66.95,12.1,8.43,0.48,7.15,25.44,95.92,0.72,227.56,0.0,0.0
2024-07-15 01:00:00,18.97,65.54,11.6,9.88,0.48,2.55,25.33,96.18,1.05,297.33,0.0,0.0
2024-07-15 02:00:00,17.78,60.7,9.24,9.77,0.35,2.52,25.21,96.71,0.95,292.07,0.0,0.0
2024-07-15 03:00:00,21.32,58.34,8.89,9.65,0.32,2.3,25.35,96.68,0.83,212.81,0.0,0.0
2024-07-15 04:00:00,20.87,55.51,7.69,9.64,0.28,2.64,25.32,96.61,0.74,128.28,0.0,0.0
2024-07-15 05:00:00,19.04,50.26,7.86,9.73,0.37,1.87,25.31,96.9,1.01,142.02,0.0,0.0
2024-07-15 06:00:00,17.29,44.01,7.5,9.46,0.34,1.91,25.51,97.03,1.04,349.56,0.0,0.0
2024-07-15 07:00:00,12.93,50.87,8.45,7.32,0.38,4.2,26.05,95.16,1.06,334.12,0.0,28.9
2024-07-15 08:00:00,12.08,52.47,8.27,7.34,0.34,11.6,27.48,87.04,1.14,247.58,0.0,169.8
2024-07-15 09:00:00,10.96,48.09,7.32,7.7,0.26,16.66,28.69,82.75,1.34,178.42,0.0,370.72
2024-07-15 10:00:00,8.83,45.18,8.51,8.26,0.27,21.73,30.03,77.69,1.15,334.8,0.0,567.1
2024-07-15 11:00:00,11.76,46.07,15.28,9.57,0.31,23.36,31.37,73.41,1.1,177.92,0.0,583.38
2024-07-15 12:00:00,16.73,53.58,35.42,9.64,0.33,14.15,31.42,74.57,0.86,262.9,0.0,268.08
2024-07-15 13:00:00,19.18,57.82,17.42,7.82,0.33,28.43,31.42,73.85,0.65,102.84,0.0,186.42
2024-07-15 14:00:00,17.77,62.3,26.63,9.92,1.07,22.37,31.1,74.84,0.92,162.14,0.0,126.55
2024-07-15 15:00:00,19.6,72.87,20.68,9.91,0.78,15.62,30.04,78.86,1.03,177.44,0.0,9.93
2024-07-15 16:00:00,19.42,74.36,13.14,7.19,0.36,24.98,27.32,83.88,1.07,329.0,0.0,0.0
2024-07-15 17:00:00,15.66,65.73,11.84,9.5,0.4,18.63,26.12,92.77,1.16,307.22,0.2,0.0
2024-07-15 18:00:00,16.59,56.86,10.38,7.14,0.41,15.8,25.88,95.96,1.08,314.22,0.15,0.0
2024-07-15 19:00:00,16.86,51.28,16.03,9.49,0.69,9.86,25.85,96.64,0.78,169.64,0.0,0.0
2024-07-15 20:00:00,18.0,47.61,10.81,9.3,0.51,7.55,25.86,96.99,1.19,308.54,0.0,0.0
2024-07-15 21:00:00,18.99,47.85,19.78,5.65,1.01,2.52,26.01,97.24,1.2,309.74,0.0,0.0
2024-07-15 22:00:00,19.84,49.86,15.9,6.42,0.7,3.2,25.78,97.25,1.3,323.9,0.0,0.0
2024-07-15 23:00:00,22.66,50.9,7.21,9.36,0.35,9.74,25.44,97.22,1.23,323.62,0.0,0.0
2024-07-16 00:00:00,20.34,53.82,7.31,9.27,0.4,7.7,25.3,97.2,0.94,273.88,0.0,0.0
2024-07-16 01:00:00,16.89,51.38,8.14,9.33,0.46,3.95,25.35,97.21,1.18,185.89,0.0,0.0
2024-07-16 02:00:00,17.3,50.99,7.7,9.36,0.55,3.32,25.23,97.22,1.11,302.48,0.0,0.0
2024-07-16 03:00:00,20.87,54.14,6.88,9.27,0.44,2.74,25.28,97.27,1.16,322.7,0.0,0.0
2024-07-16 04:00:00,20.27,56.05,7.66,9.2,0.37,3.88,25.42,97.28,0.89,296.98,0.0,0.0
2024-07-16 05:00:00,17.49,60.65,8.8,9.28,0.57,3.0,25.46,97.24,0.83,268.03,0.0,0.0
2024-07-16 06:00:00,22.84,67.69,6.71,9.28,0.74,1.48,25.74,97.22,0.82,292.9,0.0,0.0
2024-07-16 07:00:00,25.32,74.42,9.08,9.25,0.6,2.4,26.3,97.22,0.71,141.94,0.0,16.98
2024-07-16 08:00:00,26.23,83.05,12.12,7.24,0.66,8.37,27.72,92.26,0.9,19.1,0.0,166.15
2024-07-16 09:00:00,34.14,100.62,11.99,7.3,0.68,22.81,28.99,84.96,0.85,116.63,0.0,180.5
2024-07-16 10:00:00,36.76,109.83,20.87,9.72,1.16,20.57,28.68,85.82,0.75,81.86,0.35,80.2
2024-07-16 11:00:00,48.68,129.06,23.36,9.57,1.1,15.12,26.09,95.53,0.85,254.63,1.2,31.22
2024-07-16 12:00:00,53.22,129.8,22.93,9.68,1.29,14.35,27.07,94.49,0.92,189.68,0.0,159.82
2024-07-16 13:00:00,42.6,98.98,15.9,8.8,0.57,17.19,26.84,93.3,1.02,336.57,0.35,64.88
2024-07-16 14:00:00,39.25,89.74,15.72,8.35,0.59,17.93,27.61,92.66,1.1,332.9,0.0,199.82
2024-07-16 15:00:00,38.25,93.17,13.27,9.31,0.48,19.77,28.74,87.61,1.19,334.14,0.0,159.55
2024-07-16 16:00:00,34.57,87.1,12.86,9.28,0.52,22.58,28.89,85.14,1.14,247.28,0.0,37.0
2024-07-16 17:00:00,32.08,84.8,11.86,6.94,0.5,21.42,28.92,84.79,0.91,338.17,0.0,10.05
2024-07-16 18:00:00,32.08,86.1,10.22,9.3,0.66,15.17,28.05,89.25,0.93,292.76,0.0,0.0
2024-07-16 19:00:00,31.48,88.38,13.68,5.35,0.82,11.65,27.34,92.58,1.03,240.74,0.0,0.0
2024-07-16 20:00:00,33.54,90.23,10.74,8.68,0.7,10.95,27.19,93.28,1.01,311.33,0.0,0.0
2024-07-16 21:00:00,33.54,96.89,22.42,5.58,1.16,9.91,26.55,95.06,0.67,209.39,2.05,0.0
2024-07-16 22:00:00,35.33,101.54,26.22,6.31,1.22,4.35,26.16,97.18,1.07,240.84,0.0,0.0
2024-07-16 23:00:00,38.85,102.36,20.09,9.68,2.16,4.01,26.45,97.26,0.91,215.86,0.0,0.0
2024-07-17 00:00:00,43.12,104.65,24.92,7.56,1.36,2.14,26.28,97.22,0.58,187.25,0.0,0.0
2024-07-17 01:00:00,46.04,104.08,21.7,9.38,1.08,2.17,26.2,97.22,0.64,231.57,0.2,0.0
2024-07-17 02:00:00,42.36,105.86,19.07,9.34,1.04,2.21,26.27,97.21,0.57,138.99,0.05,0.0
2024-07-17 03:00:00,46.6,108.03,11.57,9.05,0.7,2.28,26.27,97.27,0.92,212.76,0.0,0.0
2024-07-17 04:00:00,43.16,102.06,11.26,8.88,0.62,4.86,26.24,97.28,0.5,187.23,0.0,0.0
2024-07-17 05:00:00,32.37,95.34,13.17,8.94,0.59,6.66,26.04,97.26,0.89,144.7,0.0,0.0
2024-07-17 06:00:00,29.63,93.3,13.48,8.92,0.72,4.73,26.06,97.22,0.72,129.28,0.0,0.0
2024-07-17 07:00:00,29.98,90.0,14.89,8.88,0.8,4.78,26.48,97.22,0.65,302.32,0.0,7.5
2024-07-17 08:00:00,32.3,81.4,7.23,6.64,0.38,10.72,27.12,96.44,1.11,98.51,0.05,143.25
2024-07-17 09:00:00,31.77,79.13,6.9,8.85,0.36,12.83,28.12,90.16,1.11,330.52,0.0,90.18
2024-07-17 10:00:00,26.98,80.32,9.93,8.84,0.5,15.39,28.42,87.3,0.82,334.65,0.0,214.48
2024-07-17 11:00:00,25.27,73.62,8.46,9.2,0.36,18.95,29.05,85.64,0.81,328.06,0.0,143.82
2024-07-17 12:00:00,25.42,69.68,9.24,9.06,0.39,22.01,29.96,80.29,0.69,324.55,0.0,456.98
2024-07-17 13:00:00,25.42,70.66,10.51,9.08,0.44,23.4,30.4,78.9,0.56,284.61,0.0,348.22
2024-07-17 14:00:00,25.88,65.43,10.66,8.94,0.37,17.92,28.26,85.86,0.58,304.35,0.0,2.0
2024-07-17 15:00:00,24.1,54.58,9.28,8.94,0.34,16.3,26.68,89.34,0.79,347.28,0.35,0.0
2024-07-17 16:00:00,19.32,48.34,13.46,8.86,0.48,9.84,25.75,96.22,0.82,324.36,1.4,0.0
2024-07-17 17:00:00,14.22,41.12,12.98,7.9,0.5,13.8,25.02,97.2,0.5,225.98,1.8,0.0
2024-07-17 18:00:00,10.93,36.82,13.55,7.58,0.43,14.1,24.43,97.21,1.16,242.58,0.85,0.0
2024-07-17 19:00:00,8.55,32.62,14.77,8.84,0.43,11.6,24.26,97.22,1.19,233.03,0.45,0.0
2024-07-17 20:00:00,6.42,25.32,19.83,6.55,0.9,3.9,24.59,97.18,1.27,148.14,0.0,0.0
2024-07-17 21:00:00,7.65,32.49,15.65,5.5,0.67,1.76,24.48,97.15,0.85,318.16,0.0,0.0
2024-07-17 22:00:00,8.18,34.79,13.06,7.44,0.5,1.9,24.48,97.02,0.72,233.14,0.0,0.0
2024-07-17 23:00:00,9.57,39.71,11.74,9.06,0.5,1.61,24.56,97.01,0.38,229.3,0.0,0.0
2024-07-18 00:00:00,12.1,47.65,7.46,8.99,0.31,2.94,24.56,96.98,0.78,319.03,0.0,0.0
2024-07-18 01:00:00,12.5,41.52,5.64,8.68,0.24,3.66,24.46,96.96,0.78,311.32,0.0,0.0
2024-07-18 02:00:00,13.28,39.5,4.0,8.62,0.26,3.64,24.41,97.03,0.62,156.43,0.0,0.0
2024-07-18 03:00:00,12.32,42.48,5.32,8.58,0.36,3.1,24.45,97.24,0.78,151.07,0.0,0.0
2024-07-18 04:00:00,9.78,44.48,6.18,8.63,0.41,2.27,24.54,97.28,0.74,225.72,0.0,0.0
2024-07-18 05:00:00,8.33,38.75,7.28,8.75,0.51,1.38,24.62,97.27,0.76,74.83,0.0,0.0
2024-07-18 06:00:00,11.25,39.56,10.26,8.74,0.74,0.8,24.76,97.24,0.68,290.48,0.0,0.0
2024-07-18 07:00:00,15.17,55.68,7.68,8.72,0.41,1.36,25.16,97.21,0.92,324.96,0.0,0.0
2024-07-18 08:00:00,14.57,59.84,7.36,5.13,0.57,2.56,26.14,94.54,0.82,329.77,0.0,55.45
2024-07-18 09:00:00,16.6,56.17,8.48,8.06,0.6,4.02,28.31,85.4,1.1,324.46,0.05,349.28
2024-07-18 10:00:00,16.89,59.68,7.96,8.75,0.6,8.6,29.62,80.32,1.2,323.36,0.0,386.75
2024-07-18 11:00:00,17.1,61.64,6.34,8.66,0.34,13.08,30.64,77.04,1.2,346.08,0.0,675.7
2024-07-18 12:00:00,18.28,56.4,6.83,8.96,0.33,14.1,31.53,75.03,1.11,329.48,0.0,525.92
2024-07-18 13:00:00,15.65,54.9,7.24,8.67,0.38,15.25,31.12,76.48,1.12,321.96,0.0,395.75
2024-07-18 14:00:00,18.7,57.54,8.2,8.65,0.36,16.5,31.18,76.46,1.21,325.87,0.0,289.98
2024-07-18 15:00:00,23.34,62.12,6.97,6.5,0.35,16.44,30.35,78.46,1.09,328.56,0.0,95.72
2024-07-18 16:00:00,20.68,64.12,12.05,8.67,0.48,16.7,31.52,73.68,0.8,339.64,0.0,108.02
2024-07-18 17:00:00,18.88,68.19,11.51,6.5,0.5,16.47,29.27,80.9,1.1,264.95,1.75,6.7
2024-07-18 18:00:00,18.74,65.37,14.17,8.77,0.53,16.3,25.12,96.98,1.12,325.2,0.4,0.0
2024-07-18 19:00:00,16.18,59.08,17.32,7.63,0.69,9.42,25.33,97.21,1.1,261.08,0.0,0.0
2024-07-18 20:00:00,25.66,72.6,18.41,5.39,0.93,3.24,26.03,97.18,0.95,174.02,0.0,0.0
2024-07-18 21:00:00,34.6,83.66,10.98,8.69,0.6,2.7,26.07,97.2,0.87,249.51,0.0,0.0
2024-07-18 22:00:00,29.64,80.16,12.15,8.28,0.7,1.42,25.91,97.29,0.85,320.52,0.0,0.0
2024-07-18 23:00:00,24.02,76.74,9.96,6.79,0.52,1.96,25.83,97.27,0.77,237.53,0.0,0.0
2024-07-19 00:00:00,26.62,78.42,10.27,8.62,0.6,2.52,25.52,97.25,0.62,247.94,0.0,0.0
2024-07-19 01:00:00,31.61,88.55,8.26,8.49,0.5,2.49,25.24,97.22,0.59,205.3,0.0,0.0
2024-07-19 02:00:00,28.23,89.5,4.81,8.34,0.27,3.18,25.32,97.13,0.65,239.56,0.0,0.0
2024-07-19 03:00:00,20.94,84.24,4.05,8.3,0.32,3.78,25.45,96.23,0.7,264.77,0.0,0.0
2024-07-19 04:00:00,16.68,78.55,5.32,8.27,0.38,3.71,25.64,95.88,0.93,265.06,0.0,0.0
2024-07-19 05:00:00,13.62,72.41,7.02,8.28,0.37,2.36,25.72,96.27,0.93,335.11,0.0,0.0
2024-07-19 06:00:00,16.18,65.72,7.0,8.24,0.38,3.08,26.04,95.84,0.57,341.4,0.0,0.0
2024-07-19 07:00:00,17.11,61.4,7.21,8.16,0.35,3.96,26.34,93.98,0.92,321.8,0.0,2.0
2024-07-19 08:00:00,16.2,60.58,8.92,5.26,0.83,4.12,26.67,92.94,0.59,271.38,1.1,14.15
2024-07-19 09:00:00,18.36,51.57,13.49,6.15,1.3,3.53,24.8,96.14,1.55,173.86,0.0,19.7
2024-07-19 10:00:00,17.63,42.05,12.88,6.07,1.18,3.28,24.37,95.75,1.26,159.7,0.05,2.42
2024-07-19 11:00:00,19.27,39.57,12.76,5.87,0.74,5.16,26.38,91.1,0.45,225.04,0.0,483.48
2024-07-19 12:00:00,18.58,38.98,14.08,5.62,0.56,9.47,29.56,81.04,0.64,291.94,0.0,672.8
2024-07-19 13:00:00,13.5,39.77,8.14,5.55,0.32,16.01,31.66,75.57,1.12,262.81,0.0,802.78
2024-07-19 14:00:00,16.3,43.89,10.18,5.41,0.34,19.26,31.84,74.7,1.1,335.12,0.0,411.6
2024-07-19 15:00:00,17.86,46.08,7.8,5.4,0.31,15.13,30.24,81.11,1.15,342.32,0.0,57.28
2024-07-19 16:00:00,14.77,45.54,15.85,5.68,0.78,10.64,29.57,83.99,0.88,150.47,0.0,11.8
2024-07-19 17:00:00,15.08,50.46,15.32,3.64,0.6,9.73,28.45,87.29,0.51,201.3,0.1,0.0
2024-07-19 18:00:00,14.7,53.15,18.08,4.72,0.73,6.61,27.46,93.36,0.79,339.95,0.0,0.0
2024-07-19 19:00:00,20.12,58.64,23.72,5.49,0.86,3.84,27.36,91.49,0.66,344.72,0.0,0.0
2024-07-19 20:00:00,25.84,68.14,18.86,3.14,0.52,7.75,27.43,88.81,0.96,320.93,0.0,0.0
2024-07-19 21:00:00,22.22,77.74,14.76,2.0,0.39,10.72,27.4,87.8,0.74,244.48,0.0,0.0
2024-07-19 22:00:00,22.71,72.0,15.96,1.23,0.47,7.17,26.5,93.83,0.84,322.94,0.3,0.0
2024-07-19 23:00:00,21.98,62.6,15.53,4.05,0.6,4.26,26.14,96.52,0.59,282.13,0.05,0.0
2024-07-20 00:00:00,16.64,59.93,11.34,5.48,0.32,6.79,25.6,96.14,0.76,315.72,0.15,0.0
2024-07-20 01:00:00,16.05,57.35,10.19,5.51,0.28,9.95,25.54,96.38,0.38,171.25,0.0,0.0
2024-07-20 02:00:00,16.52,53.55,10.36,5.52,0.42,11.31,25.67,96.25,0.32,232.23,0.0,0.0
2024-07-20 03:00:00,15.08,56.18,9.5,5.63,0.58,10.27,25.53,96.36,0.4,196.01,0.05,0.0
2024-07-20 04:00:00,16.47,63.55,10.07,5.5,0.5,7.33,25.38,96.37,0.52,272.88,0.15,0.0
2024-07-20 05:00:00,19.26,60.22,21.26,5.59,0.52,7.73,25.06,96.73,0.64,306.68,0.15,0.0
2024-07-20 06:00:00,17.27,52.67,9.93,5.52,0.33,9.95,24.86,96.88,0.47,180.46,2.35,0.0
2024-07-20 07:00:00,14.48,46.08,12.56,3.49,0.54,6.81,24.52,97.18,0.97,182.65,12.6,0.0
2024-07-20 08:00:00,11.94,40.11,10.8,2.5,0.43,8.75,24.18,97.19,0.5,282.04,2.35,0.0
2024-07-20 09:00:00,9.62,35.89,10.71,4.67,0.51,4.92,24.12,97.18,0.8,257.58,6.15,0.0
2024-07-20 10:00:00,9.28,28.77,14.31,7.71,0.78,2.2,24.16,97.24,0.66,134.14,8.25,0.0
2024-07-20 11:00:00,8.3,25.12,13.63,5.13,0.64,3.37,24.23,97.25,0.65,214.44,3.7,0.0
2024-07-20 12:00:00,7.8,26.8,14.67,8.01,0.81,3.39,25.06,97.24,0.63,297.62,0.0,3.7
2024-07-20 13:00:00,12.69,29.17,12.15,4.12,0.47,11.37,25.88,97.27,0.67,320.85,0.0,79.8
2024-07-20 14:00:00,12.52,30.81,9.04,6.8,0.31,0.4,27.02,92.7,1.02,326.09,0.5,70.47
2024-07-20 15:00:00,11.33,32.51,13.84,6.65,0.52,0.41,25.5,96.67,0.81,306.6,0.25,26.45
2024-07-20 16:00:00,14.57,37.4,13.8,3.91,0.35,29.393503928595425,25.4,96.38,0.8,318.16,0.05,0.0
2024-07-20 17:00:00,16.28,44.08,13.21,3.23,0.48,6.77,25.55,95.15,0.7,315.19,0.0,0.65
2024-07-20 18:00:00,15.57,44.82,16.74,6.88,0.46,4.86,25.69,93.12,1.0,315.59,0.0,0.0
2024-07-20 19:00:00,14.55,41.05,18.38,6.93,0.65,4.43,25.5,92.56,0.78,302.4,0.0,0.0
2024-07-20 20:00:00,14.62,39.66,16.74,4.47,0.48,4.59,25.24,94.44,0.55,243.04,0.1,0.0
2024-07-20 21:00:00,21.32,39.25,16.82,4.46,0.68,2.52,25.32,95.63,0.36,157.72,0.0,0.0
2024-07-20 22:00:00,22.4,41.22,11.77,5.34,0.42,3.67,25.28,95.6,0.7,320.47,0.25,0.0
2024-07-20 23:00:00,16.34,38.37,9.2,4.72,0.32,4.7,24.87,96.98,0.61,308.8,1.05,0.0
2024-07-21 00:00:00,11.94,35.13,9.66,4.28,0.3,7.08,24.55,97.26,0.77,280.9,0.5,0.0
2024-07-21 01:00:00,8.63,37.46,6.82,6.32,0.23,8.11,24.53,97.26,1.26,325.77,1.0,0.0
2024-07-21 02:00:00,6.88,36.44,6.28,6.4,0.25,8.89,24.59,97.19,0.7,239.53,0.3,0.0
2024-07-21 03:00:00,6.82,34.6,6.85,6.64,0.27,7.94,24.74,97.18,0.54,320.52,0.0,0.0
2024-07-21 04:00:00,6.64,35.83,6.44,6.33,0.26,8.68,24.94,97.18,0.39,289.6,0.1,0.0
2024-07-21 05:00:00,7.82,32.36,5.46,6.34,0.24,8.54,25.02,97.28,1.1,339.06,0.5,0.0
2024-07-21 06:00:00,8.26,26.04,8.75,6.46,0.35,8.66,24.9,97.28,0.91,298.32,0.65,0.0
2024-07-21 07:00:00,6.88,22.93,10.12,6.08,0.35,7.62,24.8,97.27,0.74,317.6,0.25,0.0
2024-07-21 08:00:00,6.07,23.83,10.26,3.01,0.48,5.53,25.2,97.2,0.46,176.72,0.0,17.52
2024-07-21 09:00:00,5.11,29.86,11.42,3.93,0.69,3.89,25.92,96.92,0.34,266.74,0.0,63.28
2024-07-21 10:00:00,6.67,31.11,11.2,4.8,0.6,5.02,26.76,92.82,0.42,271.99,0.0,160.57
2024-07-21 11:00:00,7.34,25.48,10.58,5.44,0.46,5.83,27.2,89.94,0.61,330.88,0.0,155.0
2024-07-21 12:00:00,5.6,29.26,10.06,5.37,0.39,10.32,29.01,82.45,0.66,322.94,0.05,534.38
2024-07-21 13:00:00,7.38,33.34,8.68,5.38,0.32,15.74,30.23,78.09,0.74,327.92,0.0,532.88
2024-07-21 14:00:00,11.66,31.59,10.58,5.46,0.4,15.81,29.16,80.57,0.66,323.44,0.0,172.72
2024-07-21 15:00:00,15.39,37.88,8.78,5.6,0.36,15.16,28.08,83.4,0.75,336.87,0.0,53.08
2024-07-21 16:00:00,14.83,39.46,10.27,5.56,0.34,11.02,25.84,93.58,0.78,240.04,6.2,0.0
2024-07-21 17:00:00,11.5,33.7,11.32,3.38,0.44,12.87,25.12,97.24,0.58,253.98,0.15,0.0
2024-07-21 18:00:00,11.17,37.43,19.29,5.5,0.55,5.92,25.25,97.29,0.68,246.27,0.15,0.0
2024-07-21 19:00:00,11.83,44.95,14.04,5.5,0.42,6.32,25.24,97.29,0.75,245.85,0.15,0.0
2024-07-21 20:00:00,12.42,47.02,16.94,5.5,0.43,4.92,25.24,97.21,0.64,330.1,0.5,0.0
2024-07-21 21:00:00,14.21,50.73,13.52,3.63,0.46,7.14,25.14,97.18,0.38,318.84,0.2,0.0
2024-07-21 22:00:00,17.9,50.14,13.25,2.85,0.5,7.72,25.15,97.17,0.61,327.95,0.0,0.0
2024-07-21 23:00:00,17.17,45.3,10.88,2.53,0.45,8.71,25.26,97.2,0.58,319.7,0.0,0.0
2024-07-22 00:00:00,12.78,42.34,7.06,5.38,0.31,10.04,25.07,97.22,0.59,204.55,0.05,0.0
2024-07-22 01:00:00,9.88,38.53,6.03,5.31,0.25,11.88,24.98,97.23,1.16,133.53,3.0,0.0
2024-07-22 02:00:00,9.14,35.3,4.94,5.17,0.24,14.78,24.73,97.2,0.64,322.4,2.2,0.0
2024-07-22 03:00:00,11.29,35.72,4.85,5.43,0.24,17.73,24.41,97.18,0.3,242.76,0.0,0.0
2024-07-22 04:00:00,10.75,31.97,7.28,5.41,0.26,16.82,24.09,97.18,0.34,148.45,0.0,0.0
2024-07-22 05:00:00,8.01,24.49,9.61,5.56,0.28,12.28,24.14,97.19,0.34,114.78,0.0,0.0
2024-07-22 06:00:00,6.56,21.39,12.02,5.55,0.39,9.95,24.16,96.32,0.27,225.56,0.0,0.0
2024-07-22 07:00:00,5.27,20.17,10.01,5.58,0.39,9.33,24.52,94.14,0.36,254.21,0.0,0.85
2024-07-22 08:00:00,5.24,20.29,10.79,4.42,0.6,7.27,24.64,94.34,0.36,264.27,0.05,13.02
2024-07-22 09:00:00,6.85,27.04,12.78,8.88,0.57,6.9,26.61,88.2,0.64,331.9,0.0,361.82
2024-07-22 10:00:00,8.99,34.16,10.07,8.44,0.45,10.31,27.74,83.12,0.75,328.08,0.0,373.32
2024-07-22 11:00:00,8.64,33.92,10.86,8.52,0.46,10.3,28.03,82.58,0.46,336.03,0.0,147.93
2024-07-22 12:00:00,6.88,32.01,11.69,8.56,0.45,9.23,27.65,83.8,0.6,327.26,0.0,76.68
2024-07-22 13:00:00,5.99,36.86,11.16,8.68,0.47,10.2,28.46,81.9,0.54,321.42,0.0,199.68
2024-07-22 14:00:00,6.76,51.39,10.89,8.55,0.38,9.86,27.66,84.37,0.64,248.32,0.0,18.8
2024-07-22 15:00:00,13.07,68.11,13.34,8.73,0.46,8.78,26.86,87.68,0.78,321.49,0.0,0.45
2024-07-22 16:00:00,15.42,91.85,13.22,8.7,0.49,7.69,26.46,89.94,0.37,316.04,0.0,0.0
2024-07-22 17:00:00,11.36,143.18,15.77,7.7,0.64,5.7,26.0,93.12,0.26,227.62,0.0,0.0
2024-07-22 18:00:00,11.42,210.63,15.94,7.38,0.63,6.04,25.91,93.18,0.3,220.34,0.05,0.0
2024-07-22 19:00:00,14.11,242.78,17.26,8.78,0.62,7.63,25.01,94.0,0.52,258.28,0.2,0.0
2024-07-22 20:00:00,13.23,230.44,17.2,8.49,0.68,6.64,24.72,96.69,0.39,120.82,0.25,0.0
2024-07-22 21:00:00,19.57,189.03,17.33,4.5,0.65,6.76,24.74,97.08,0.56,203.52,1.5,0.0
2024-07-22 22:00:00,22.8,131.46,13.34,4.86,0.38,11.89,24.38,97.13,0.5,277.96,1.15,0.0
2024-07-22 23:00:00,21.56,80.16,11.05,4.01,0.37,14.68,24.2,97.09,0.3,277.71,1.05,0.0
2024-07-23 00:00:00,19.62,53.53,9.83,5.64,0.31,13.28,24.09,97.03,0.39,256.74,2.15,0.0
2024-07-23 01:00:00,13.98,41.53,7.06,7.18,0.23,15.6,23.96,97.02,0.3,297.39,0.15,0.0
2024-07-23 02:00:00,10.98,37.5,7.5,8.52,0.3,14.7,23.74,96.98,0.27,265.17,0.0,0.0
2024-07-23 03:00:00,9.29,37.82,8.3,8.49,0.27,11.76,23.86,96.19,0.4,250.74,0.0,0.0
2024-07-23 04:00:00,7.25,32.06,8.48,8.52,0.28,8.78,24.0,95.4,0.74,150.12,0.0,0.0
2024-07-23 05:00:00,9.43,27.17,8.94,8.59,0.3,8.24,24.14,93.74,1.0,143.9,0.0,0.0
2024-07-23 06:00:00,10.83,26.62,8.77,8.53,0.35,6.73,24.16,93.67,0.16,225.3,0.0,0.0
2024-07-23 07:00:00,9.12,29.41,13.39,8.7,0.45,5.98,24.72,90.68,0.37,308.29,0.0,11.4
2024-07-23 08:00:00,9.24,37.77,14.46,4.52,0.62,5.27,25.32,88.98,0.44,333.37,0.0,34.1
2024-07-23 09:00:00,16.93,52.69,15.06,4.27,0.64,5.29,26.32,85.62,0.33,297.2,0.0,155.18
2024-07-23 10:00:00,22.93,66.03,14.42,5.11,0.53,8.36,27.7,81.85,0.66,318.77,0.0,287.18
2024-07-23 11:00:00,19.95,62.55,13.79,5.81,0.5,8.93,27.14,83.22,0.44,317.3,0.0,100.98
2024-07-23 12:00:00,15.96,54.64,12.9,5.92,0.43,8.15,27.36,83.25,0.62,336.78,0.0,144.85
2024-07-23 13:00:00,12.65,55.7,14.1,5.77,0.44,7.52,27.26,84.41,0.7,336.46,0.0,51.03
2024-07-23 14:00:00,14.23,53.18,15.46,3.45,0.5,7.58,27.44,83.81,0.36,318.22,0.0,91.72
2024-07-23 15:00:00,14.58,51.34,14.26,5.63,0.44,9.71,27.27,83.39,0.39,318.7,0.0,69.18
2024-07-23 16:00:00,16.13,50.63,15.77,3.86,0.7,8.15,26.7,85.22,0.48,238.85,0.0,0.98
2024-07-23 17:00:00,18.84,47.39,14.47,4.92,0.74,7.35,26.46,86.5,0.55,188.35,0.0,0.0
2024-07-23 18:00:00,15.59,44.56,13.88,3.8,0.6,7.48,26.08,87.32,0.36,297.07,0.0,0.0
2024-07-23 19:00:00,11.82,45.41,17.08,3.08,0.71,7.05,25.75,86.3,0.28,295.5,0.0,0.0
2024-07-23 20:00:00,9.36,43.75,15.97,1.86,0.57,8.45,25.3,85.86,0.55,311.86,0.0,0.0
2024-07-23 21:00:00,9.0,42.87,15.24,3.92,0.44,10.61,24.94,86.89,0.33,237.83,0.0,0.0
2024-07-23 22:00:00,14.1,50.52,15.07,2.15,0.48,9.78,24.8,87.56,0.28,326.41,0.0,0.0
2024-07-23 23:00:00,15.57,53.2,15.09,3.72,0.38,8.64,24.82,87.48,0.33,256.21,0.0,0.0
2024-07-24 00:00:00,13.84,47.86,12.77,5.82,0.28,9.06,24.84,87.96,0.34,287.68,0.0,0.0
2024-07-24 01:00:00,12.14,41.62,9.66,5.66,0.28,11.98,24.98,85.98,0.22,297.56,0.0,0.0
2024-07-24 02:00:00,8.76,37.3,9.51,5.64,0.29,13.1,24.83,86.77,0.24,272.49,0.0,0.0
2024-07-24 03:00:00,9.52,38.16,16.35,5.86,0.26,8.51,24.86,87.02,0.26,254.66,0.0,0.0
2024-07-24 04:00:00,11.24,41.82,16.7,6.54,0.23,7.04,24.62,88.8,0.3,236.38,0.05,0.0
2024-07-24 05:00:00,9.49,46.13,13.86,6.66,0.24,5.51,23.97,93.28,0.26,162.98,0.0,0.0
2024-07-24 06:00:00,10.73,45.02,11.88,6.21,0.3,4.82,23.95,93.98,0.3,230.9,0.05,0.0
2024-07-24 07:00:00,11.18,40.26,14.38,5.24,0.41,3.2,23.94,95.39,0.4,228.72,0.25,0.0
2024-07-24 08:00:00,10.71,38.8,14.18,3.1,0.61,2.79,24.14,96.03,0.37,130.01,0.05,5.48
2024-07-24 09:00:00,18.44,37.38,12.85,2.38,0.64,3.46,24.52,95.01,0.33,264.8,0.0,14.9
2024-07-24 10:00:00,20.42,30.87,14.21,5.2,0.55,4.8,24.6,93.36,0.27,303.25,0.05,22.45
2024-07-24 11:00:00,14.91,28.55,12.62,5.04,0.5,5.64,24.56,93.49,0.36,262.71,0.2,14.58
2024-07-24 12:00:00,11.4,31.0,13.9,5.17,0.56,5.53,24.67,95.13,0.37,203.34,0.95,80.58
2024-07-24 13:00:00,8.44,34.34,13.55,5.0,0.44,6.15,24.5,95.74,0.32,311.29,0.1,9.3
2024-07-24 14:00:00,11.5,35.14,14.31,5.12,0.52,5.14,24.69,95.24,0.19,239.37,0.1,12.52
2024-07-24 15:00:00,13.53,34.24,14.32,4.99,0.51,5.6,24.52,95.25,0.24,175.42,0.05,0.0
2024-07-24 16:00:00,16.26,36.03,15.1,4.92,0.58,5.37,24.54,95.36,0.34,194.9,0.05,0.0
2024-07-24 17:00:00,17.11,35.99,13.36,3.98,0.57,6.0,24.56,94.59,0.34,232.21,0.0,0.0
2024-07-24 18:00:00,12.82,33.49,15.68,4.07,0.55,7.23,24.1,95.62,0.44,295.3,0.1,0.0
2024-07-24 19:00:00,10.15,32.83,17.98,2.86,0.71,6.33,24.14,95.78,0.32,219.06,0.0,0.0
2024-07-24 20:00:00,8.68,33.19,17.4,3.12,0.94,5.39,24.35,94.96,0.69,166.7,0.0,0.0
2024-07-24 21:00:00,12.42,37.43,15.98,3.13,0.76,2.25,24.56,93.33,1.03,160.15,0.0,0.0
2024-07-24 22:00:00,17.4,38.58,12.07,2.64,0.42,0.14,24.37,93.92,0.39,128.65,0.0,0.0
2024-07-24 23:00:00,15.98,37.04,10.48,1.08,0.36,0.91,24.42,93.14,0.5,171.93,0.05,0.0
2024-07-25 00:00:00,11.94,35.45,8.36,5.21,0.26,1.78,24.18,94.58,0.31,175.29,0.0,0.0
2024-07-25 01:00:00,8.99,29.83,7.38,5.16,0.21,0.9,24.28,94.15,0.3,168.52,0.0,0.0
2024-07-25 02:00:00,6.71,27.02,7.89,5.38,0.19,1.14,24.42,92.6,0.26,139.5,0.0,0.0
2024-07-25 03:00:00,9.45,28.16,7.06,5.28,0.23,1.77,24.56,91.26,0.53,174.83,0.0,0.0
2024-07-25 04:00:00,10.83,26.14,6.44,5.34,0.19,3.97,24.49,90.32,0.3,232.48,0.0,0.0
2024-07-25 05:00:00,9.07,26.17,7.27,5.5,0.25,3.08,24.36,90.92,0.46,184.03,0.0,0.0
2024-07-25 06:00:00,8.02,28.64,11.12,5.03,0.5,4.59,24.36,91.99,1.02,174.76,0.0,0.0
2024-07-25 07:00:00,7.16,30.97,11.5,4.79,0.62,5.12,24.46,91.31,0.7,156.28,0.0,0.0
2024-07-25 08:00:00,12.11,32.14,11.74,2.03,0.64,6.15,24.86,90.14,0.43,182.91,0.0,21.2
2024-07-25 09:00:00,13.97,34.51,12.4,1.8,0.63,5.01,25.64,88.46,0.24,314.32,0.0,39.35
2024-07-25 10:00:00,11.2,38.12,13.29,4.11,0.62,5.04,25.96,87.66,0.23,210.07,0.0,99.85
2024-07-25 11:00:00,12.18,38.67,12.02,1.98,0.46,6.97,26.43,86.61,0.43,269.91,0.05,113.45
2024-07-25 12:00:00,16.6,32.92,14.07,0.68,0.54,5.45,26.0,92.54,0.62,259.95,0.55,70.65
2024-07-25 13:00:00,16.76,33.96,18.63,4.53,0.68,4.91,26.08,94.56,0.42,260.29,0.1,188.48
2024-07-25 14:00:00,15.43,44.08,13.34,5.71,0.44,6.56,26.21,92.8,0.78,342.8,0.0,45.88
2024-07-25 15:00:00,16.26,49.87,13.42,5.7,0.5,6.06,26.04,91.85,0.53,257.23,0.15,15.98
2024-07-25 16:00:00,15.55,48.78,14.28,4.29,0.55,5.98,25.33,94.56,0.31,186.2,0.2,4.38
2024-07-25 17:00:00,16.84,45.8,14.2,4.13,0.61,5.17,25.28,94.56,0.24,250.64,0.0,0.0
2024-07-25 18:00:00,15.91,42.0,15.52,5.84,0.55,6.24,24.85,92.55,0.47,257.68,0.0,0.0
2024-07-25 19:00:00,16.27,40.47,23.76,7.76,0.62,4.55,24.78,91.54,0.29,187.22,0.0,0.0
2024-07-25 20:00:00,15.95,51.28,25.22,6.12,0.66,3.82,24.92,91.48,0.32,226.86,0.0,0.0
2024-07-25 21:00:00,18.46,65.51,17.2,7.46,0.6,6.35,25.12,91.15,0.34,236.18,0.0,0.0
2024-07-25 22:00:00,19.58,72.92,13.94,7.73,0.44,7.82,25.01,91.22,0.39,194.18,0.0,0.0
2024-07-25 23:00:00,15.98,69.4,11.44,7.35,0.36,8.92,24.98,91.06,0.34,345.7,0.0,0.0
2024-07-26 00:00:00,18.25,66.78,12.41,7.94,0.36,9.88,25.11,89.57,0.36,239.78,0.0,0.0
2024-07-26 01:00:00,21.76,68.02,11.7,10.73,0.28,9.27,24.96,89.48,0.21,196.61,0.0,0.0
2024-07-26 02:00:00,19.37,69.86,11.16,10.95,0.29,9.95,24.88,88.42,0.2,241.28,0.0,0.0
2024-07-26 03:00:00,15.6,67.75,8.86,11.09,0.22,11.89,24.7,88.01,0.3,265.17,0.0,0.0
2024-07-26 04:00:00,14.51,63.14,8.31,10.97,0.22,12.12,24.5,88.51,0.28,281.72,0.0,0.0
2024-07-26 05:00:00,12.84,59.34,10.08,11.14,0.28,11.59,24.33,88.72,0.35,216.62,0.0,0.0
2024-07-26 06:00:00,13.42,58.44,12.77,11.27,0.4,9.03,24.36,88.81,0.4,275.89,0.0,0.0
2024-07-26 07:00:00,17.3,67.32,16.23,11.4,0.44,6.38,24.59,88.18,0.42,179.25,0.0,0.0
2024-07-26 08:00:00,19.58,71.83,16.09,4.76,0.59,7.0,25.32,86.54,0.48,321.88,0.0,39.15
2024-07-26 09:00:00,24.62,72.36,14.68,5.95,0.56,8.11,26.2,84.59,0.46,331.86,0.0,139.88
2024-07-26 10:00:00,24.59,71.31,15.84,7.08,0.63,10.1,27.16,82.45,0.41,307.62,0.0,243.85
2024-07-26 11:00:00,18.01,66.72,11.43,7.53,0.37,13.78,27.23,83.19,0.86,252.74,0.0,71.2
2024-07-26 12:00:00,16.23,57.84,13.33,6.87,0.52,10.49,27.16,83.84,0.56,246.04,0.0,66.18
2024-07-26 13:00:00,18.98,53.62,15.4,4.79,0.5,8.74,27.19,84.38,0.73,335.86,0.0,41.15
2024-07-26 14:00:00,18.52,56.24,16.58,7.04,0.57,6.65,26.53,87.56,0.69,345.16,0.05,0.38
2024-07-26 15:00:00,15.48,59.58,17.8,6.74,0.55,5.77,25.46,94.24,0.4,206.65,0.6,0.0
2024-07-26 16:00:00,12.4,60.12,15.6,6.18,0.61,5.05,25.32,96.06,0.17,124.73,0.2,9.98
2024-07-26 17:00:00,12.4,55.13,16.34,3.78,0.56,5.25,25.18,95.25,0.35,334.44,0.0,0.12
2024-07-26 18:00:00,15.77,47.45,18.37,5.87,0.64,3.9,24.98,94.62,0.55,343.3,0.0,0.0
2024-07-26 19:00:00,15.63,45.26,16.74,5.6,0.52,5.24,24.72,93.15,0.6,254.54,0.0,0.0
2024-07-26 20:00:00,12.5,48.2,15.58,3.74,0.47,6.65,24.51,92.99,0.79,332.3,0.0,0.0
2024-07-26 21:00:00,14.61,52.9,17.38,1.76,0.46,4.37,24.25,94.38,0.66,259.12,0.05,0.0
2024-07-26 22:00:00,15.45,53.27,14.56,3.94,0.54,6.08,24.03,95.44,0.63,177.04,0.2,0.0
2024-07-26 23:00:00,11.54,48.43,10.65,3.08,0.32,6.76,23.92,96.36,0.66,25.53,0.05,0.0
2024-07-27 00:00:00,8.82,43.78,13.26,5.15,0.71,5.31,23.86,96.77,0.67,181.98,0.05,0.0
2024-07-27 01:00:00,10.08,41.98,14.0,3.29,0.4,5.06,23.78,96.94,0.56,89.15,0.0,0.0
2024-07-27 02:00:00,10.8,46.46,9.18,3.64,0.28,6.25,23.72,96.92,0.55,55.02,0.0,0.0
2024-07-27 03:00:00,13.02,53.24,11.16,5.81,0.44,5.77,23.77,96.93,0.41,182.05,0.0,0.0
2024-07-27 04:00:00,15.62,56.68,12.3,6.16,0.32,5.2,23.85,96.52,0.38,245.37,0.0,0.0
2024-07-27 05:00:00,15.84,60.11,11.59,6.41,0.39,5.23,24.04,95.38,0.14,165.73,0.0,0.0
2024-07-27 06:00:00,17.78,68.46,13.41,6.33,0.46,4.15,24.28,94.45,0.32,194.1,0.0,0.0
2024-07-27 07:00:00,20.18,74.44,13.57,4.14,0.56,4.28,24.59,93.34,0.4,100.29,0.4,0.0
2024-07-27 08:00:00,22.39,70.76,16.77,3.1,0.73,3.08,24.36,96.1,0.51,72.23,0.4,0.0
2024-07-27 09:00:00,24.05,67.69,16.02,6.12,0.65,3.89,24.45,96.46,0.33,196.0,0.3,0.72
2024-07-27 10:00:00,21.56,69.02,14.86,5.94,0.59,4.17,24.75,96.75,0.4,257.92,0.7,34.3
2024-07-27 11:00:00,17.15,65.32,15.05,6.08,0.65,4.84,25.05,96.74,0.34,200.3,0.1,30.38
2024-07-27 12:00:00,13.66,56.89,14.05,3.1,0.43,3.95,25.14,96.56,0.5,261.77,0.3,9.55
2024-07-27 13:00:00,18.35,56.99,16.72,5.83,0.62,2.61,25.46,96.54,0.42,174.22,0.45,52.5
2024-07-27 14:00:00,20.98,60.66,13.18,6.05,0.44,3.57,25.44,96.06,0.53,263.79,0.35,13.68
2024-07-27 15:00:00,21.3,60.32,14.18,4.95,0.56,3.09,25.34,95.85,0.46,234.41,0.3,19.48
2024-07-27 16:00:00,20.25,55.6,13.71,2.13,0.49,6.37,24.32,96.08,0.5,283.49,1.4,0.15
2024-07-27 17:00:00,17.84,51.3,15.16,8.01,0.52,5.94,24.6,96.74,0.3,286.77,0.0,15.98
2024-07-27 18:00:00,17.6,48.52,15.11,8.03,0.53,5.56,24.41,95.77,0.55,337.08,0.0,0.0
2024-07-27 19:00:00,16.87,44.36,15.22,5.55,0.62,5.76,24.22,94.83,0.53,251.49,0.0,0.0
2024-07-27 20:00:00,16.8,44.67,16.81,4.59,0.49,5.42,24.23,94.46,0.62,333.77,0.0,0.0
2024-07-27 21:00:00,17.88,46.0,14.1,5.08,0.46,5.98,24.34,93.7,0.52,330.51,0.0,0.0
2024-07-27 22:00:00,16.42,48.2,13.38,3.4,0.45,6.36,24.36,93.47,0.6,316.09,0.1,0.0
2024-07-27 23:00:00,12.62,47.38,9.68,5.76,0.36,7.16,23.97,95.23,0.48,329.16,0.05,0.0
2024-07-28 00:00:00,9.97,48.78,12.21,6.24,0.46,6.0,23.83,96.3,0.15,140.22,0.25,0.0
2024-07-28 01:00:00,10.94,50.64,10.08,4.66,0.3,8.45,23.62,96.8,0.27,280.06,0.3,0.0
2024-07-28 02:00:00,14.11,47.3,8.18,7.81,0.26,11.37,23.38,96.98,0.38,232.77,0.2,0.0
2024-07-28 03:00:00,17.16,49.99,9.34,7.87,0.34,11.52,23.3,97.14,0.26,152.31,2.2,0.0
2024-07-28 04:00:00,17.28,47.83,6.62,7.89,0.23,13.06,23.33,97.19,0.27,254.42,1.25,0.0
2024-07-28 05:00:00,14.86,43.14,9.28,7.98,0.3,11.58,23.4,97.2,0.37,223.14,1.0,0.0
2024-07-28 06:00:00,12.25,40.02,9.76,7.94,0.31,10.96,23.44,97.19,0.42,185.48,0.55,0.0
2024-07-28 07:00:00,9.09,36.41,13.39,7.03,0.38,7.76,23.5,97.19,0.27,150.76,1.15,0.0
2024-07-28 08:00:00,8.39,37.67,12.79,6.58,0.55,7.06,23.64,97.19,0.55,129.93,0.3,0.0
2024-07-28 09:00:00,13.74,36.34,13.64,6.22,0.58,4.24,23.78,97.19,0.5,216.62,0.1,0.0
2024-07-28 10:00:00,15.13,33.46,15.85,5.01,0.7,3.9,23.94,97.21,0.37,283.78,0.05,0.0
2024-07-28 11:00:00,14.78,35.01,15.76,8.53,0.59,4.25,24.02,97.19,0.64,338.13,0.0,0.0
2024-07-28 12:00:00,14.84,42.82,13.67,6.73,0.4,6.21,24.42,97.19,0.55,334.5,0.1,90.22
2024-07-28 13:00:00,12.45,43.53,11.69,5.84,0.38,7.53,25.14,96.72,0.55,247.95,0.1,113.35
2024-07-28 14:00:00,10.73,38.83,10.86,6.74,0.42,7.86,25.66,93.38,0.47,259.12,0.0,69.6
2024-07-28 15:00:00,14.45,38.86,14.77,8.25,0.67,4.54,25.58,92.58,0.2,259.39,0.1,0.0
2024-07-28 16:00:00,15.51,41.45,14.01,8.01,0.7,5.02,25.03,95.48,0.72,114.06,0.1,0.0
2024-07-28 17:00:00,12.92,44.48,13.21,8.1,0.56,4.74,24.81,96.15,0.41,112.49,0.05,0.0
2024-07-28 18:00:00,16.5,47.84,17.05,8.27,1.03,4.04,24.85,96.24,1.1,157.91,0.0,0.0
2024-07-28 19:00:00,23.8,55.78,17.04,8.24,0.99,3.33,24.86,95.71,1.06,168.88,0.0,0.0
2024-07-28 20:00:00,26.38,61.08,16.42,8.17,0.85,4.79,24.87,94.54,0.85,162.05,0.0,0.0
2024-07-28 21:00:00,29.67,74.92,17.14,5.2,0.91,4.36,24.82,94.04,0.97,165.11,0.0,0.0
2024-07-28 22:00:00,28.11,80.16,13.1,4.58,0.56,5.3,24.68,94.46,0.67,122.33,0.0,0.0
2024-07-28 23:00:00,22.56,73.98,12.43,5.38,0.47,6.79,24.58,93.87,0.55,140.3,0.0,0.0
2024-07-29 00:00:00,19.51,61.68,8.17,4.17,0.26,10.68,24.37,93.48,0.53,117.64,0.0,0.0
2024-07-29 01:00:00,19.97,47.98,6.48,7.8,0.23,12.22,24.17,93.06,0.73,186.36,0.0,0.0
2024-07-29 02:00:00,20.38,46.46,6.08,7.79,0.23,14.57,24.12,92.4,1.12,156.11,0.0,0.0
2024-07-29 03:00:00,21.74,52.18,7.04,8.05,0.22,9.44,24.0,92.89,1.08,160.23,0.0,0.0
2024-07-29 04:00:00,20.71,50.04,6.86,7.8,0.2,1.98,23.91,92.23,1.18,176.2,0.0,0.0
2024-07-29 05:00:00,15.93,45.38,9.38,7.86,0.28,1.96,23.36,94.93,1.28,173.34,0.0,0.0
2024-07-29 06:00:00,12.5,43.76,13.58,7.83,0.52,0.59,23.25,96.54,1.28,175.99,0.0,0.0
2024-07-29 07:00:00,11.68,40.62,15.04,5.72,0.84,17.316317841554984,23.5,96.78,1.34,180.28,0.1,0.0
2024-07-29 08:00:00,16.82,41.69,13.98,6.59,1.11,13.228003217780316,23.78,97.04,1.34,188.18,0.15,9.43
2024-07-29 09:00:00,25.51,40.85,12.92,6.12,1.01,18.86166789965906,24.28,97.12,0.62,180.46,0.5,18.98
2024-07-29 10:00:00,25.28,43.79,13.72,8.47,0.88,23.422493412933633,24.65,97.01,0.44,172.11,0.15,72.75
2024-07-29 11:00:00,21.64,44.27,13.56,8.26,0.81,0.18,25.3,95.68,0.46,157.25,0.0,224.48
2024-07-29 12:00:00,20.19,42.2,14.98,8.41,0.6,1.12,26.07,92.45,0.55,289.73,0.0,307.65
2024-07-29 13:00:00,17.34,38.63,12.36,8.41,0.53,1.89,26.34,89.27,0.53,248.69,0.0,167.4
2024-07-29 14:00:00,15.8,31.83,12.3,8.12,0.46,3.86,25.11,94.9,0.24,243.06,0.75,51.65
2024-07-29 15:00:00,13.72,32.73,15.7,8.45,0.53,4.65,24.79,96.22,0.66,180.38,0.05,47.28
2024-07-29 16:00:00,10.86,37.18,15.04,8.28,0.46,5.15,25.23,94.73,0.79,266.76,0.0,47.0
2024-07-29 17:00:00,8.8,37.28,18.34,7.32,0.62,3.93,25.19,94.22,0.59,180.95,0.0,0.0
2024-07-29 18:00:00,7.38,33.92,18.7,7.2,1.57,1.75,25.11,94.62,0.88,161.01,0.0,0.0
2024-07-29 19:00:00,9.5,33.48,19.74,8.6,1.44,0.32,24.78,96.15,1.01,233.59,0.0,0.0
2024-07-29 20:00:00,12.83,36.88,22.32,5.45,0.96,0.97,24.63,95.95,0.71,84.71,0.0,0.0
2024-07-29 21:00:00,17.4,44.71,17.82,6.16,0.97,1.29,24.45,95.35,1.03,85.28,0.0,0.0
2024-07-29 22:00:00,17.7,46.73,16.63,4.24,0.88,0.94,24.24,96.14,1.04,116.25,0.0,0.0
2024-07-29 23:00:00,13.5,46.87,12.4,4.64,0.47,0.95,24.18,96.69,0.82,51.01,0.0,0.0
2024-07-30 00:00:00,10.22,48.98,12.98,5.36,0.48,0.6,24.3,97.15,0.64,238.63,0.0,0.0
2024-07-30 01:00:00,13.53,49.09,11.8,8.03,0.35,1.32,24.4,97.16,1.02,128.27,0.0,0.0
2024-07-30 02:00:00,15.5,47.43,9.69,7.77,0.32,1.27,24.42,97.18,0.97,120.95,0.0,0.0
2024-07-30 03:00:00,12.8,46.47,9.89,7.91,0.33,1.56,24.36,97.18,1.06,132.1,0.0,0.0
2024-07-30 04:00:00,10.58,46.82,8.8,7.96,0.33,0.73,24.31,97.18,0.95,197.5,0.0,0.0
2024-07-30 05:00:00,8.42,42.44,8.84,7.97,0.44,0.75,24.27,97.2,0.83,299.29,0.0,0.0
2024-07-30 06:00:00,6.85,39.7,8.73,8.2,0.7,0.53,24.49,97.2,0.75,220.08,0.0,0.0
2024-07-30 07:00:00,6.31,46.19,11.56,6.13,0.82,1.13,25.31,95.42,0.96,182.28,0.0,50.98
2024-07-30 08:00:00,11.66,50.29,11.1,5.44,0.76,1.84,26.41,89.48,0.7,217.87,0.0,167.55
2024-07-30 09:00:00,22.61,55.22,11.34,5.68,0.94,2.43,27.12,86.87,0.68,173.73,0.0,191.8
2024-07-30 10:00:00,24.92,64.48,14.54,8.37,1.17,2.74,28.53,82.74,0.64,198.22,0.0,440.67
2024-07-30 11:00:00,21.54,67.52,11.87,7.97,0.95,3.91,29.16,79.94,1.03,205.84,0.0,470.35
2024-07-30 12:00:00,18.33,75.1,12.77,2.74,0.58,2.27,29.8,77.81,0.83,217.56,0.0,406.38
2024-07-30 13:00:00,18.83,75.88,10.19,3.34,0.43,0.83,29.52,79.64,0.3,188.39,0.0,201.32
2024-07-30 14:00:00,17.14,68.5,9.08,3.1,0.28,2.73,30.6,75.35,1.02,348.78,0.0,508.45
2024-07-30 15:00:00,15.11,70.69,8.95,2.71,0.28,4.81,30.63,74.98,0.92,261.88,0.0,201.1
2024-07-30 16:00:00,16.34,66.56,14.3,2.94,0.48,4.42,30.47,75.98,0.66,204.88,0.0,87.15
2024-07-30 17:00:00,20.36,67.19,15.48,2.76,0.58,1.84,29.52,77.48,0.67,265.23,0.0,12.22
2024-07-30 18:00:00,24.98,73.88,23.29,2.68,0.85,0.01,28.76,82.02,0.76,117.9,0.0,0.0
2024-07-30 19:00:00,23.87,81.39,23.34,4.08,1.36,1.51,28.04,86.25,0.72,155.02,0.0,0.0
2024-07-30 20:00:00,17.03,82.11,21.68,3.08,1.05,8.873773404726915,26.95,87.52,0.72,108.95,0.0,0.0
2024-07-30 21:00:00,12.99,73.09,20.35,3.7,0.97,10.423697362556066,26.4,89.91,0.94,108.52,0.0,0.0
2024-07-30 22:00:00,10.42,69.59,16.66,2.41,0.62,17.05115973310956,26.5,90.71,1.18,158.92,0.0,0.0
2024-07-30 23:00:00,11.64,74.11,14.8,5.34,0.46,22.97190469575444,26.34,92.64,1.03,135.01,0.0,0.0
2024-07-31 00:00:00,12.04,75.57,12.32,6.31,0.43,24.213982366560195,26.24,94.02,0.98,177.96,0.0,0.0
2024-07-31 01:00:00,9.9,71.72,6.88,6.15,0.23,1.23,26.17,91.69,0.55,201.24,0.0,0.0
2024-07-31 02:00:00,11.12,57.08,5.7,6.02,0.2,1.79,25.89,90.58,0.42,225.04,0.0,0.0
2024-07-31 03:00:00,17.52,43.53,6.06,6.07,0.21,2.84,25.5,90.61,0.5,262.41,0.0,0.0
2024-07-31 04:00:00,18.33,36.79,6.21,4.69,0.2,3.12,25.08,88.9,0.33,190.95,0.0,0.0
2024-07-31 05:00:00,12.92,37.09,8.67,5.09,0.23,0.97,24.88,89.88,0.25,63.59,0.0,0.0
2024-07-31 06:00:00,9.2,38.99,7.93,6.14,0.25,0.62,24.89,90.04,0.45,178.9,0.0,0.0
2024-07-31 07:00:00,12.04,40.79,9.79,3.85,0.33,0.44,25.62,88.02,0.49,321.27,0.0,31.7
2024-07-31 08:00:00,15.62,50.11,11.13,6.37,0.37,7.65,26.54,85.92,0.41,323.17,0.0,92.48
2024-07-31 09:00:00,47.724031938336786,98.2709727044994,22.680115143041164,16.855077002728958,0.6925347109208515,38.52080639567355,,,,,,
2024-07-31 10:00:00,47.724031938336786,98.2709727044994,22.680115143041164,16.855077002728958,0.6925347109208515,38.52080639567355,,,,,,
2024-07-31 11:00:00,14.94,68.25,6.29,1.05,0.34,1.92,27.69,82.67,0.65,340.28,0.0,127.55
2024-07-31 12:00:00,16.58,73.84,11.15,2.13,0.35,3.35,28.39,80.92,0.39,103.6,0.0,147.25
2024-07-31 13:00:00,13.91,78.62,10.21,1.82,0.29,7.06,28.71,79.21,0.53,196.07,0.0,199.58
2024-07-31 14:00:00,18.6,83.18,8.78,2.19,0.29,4.54,29.37,76.73,0.58,222.64,0.0,212.8
2024-07-31 15:00:00,29.24,84.42,9.0,1.14,0.34,4.11,29.28,78.34,0.37,169.92,0.0,140.1
2024-07-31 16:00:00,31.12,84.04,8.64,2.66,0.28,4.32,28.89,80.91,0.6,187.81,0.0,67.22
2024-07-31 17:00:00,25.49,82.99,11.57,1.44,0.34,3.7,28.26,83.27,0.88,108.58,0.0,2.85
2024-07-31 18:00:00,18.95,78.61,7.89,1.6,0.21,4.69,26.62,86.31,1.03,253.08,0.0,0.0
2024-07-31 19:00:00,16.4,74.93,15.39,3.91,0.6,3.54,25.66,88.56,0.5,149.34,0.0,0.0
2024-07-31 20:00:00,23.07,64.59,17.12,4.63,0.69,2.6,25.53,89.64,0.81,156.59,0.0,0.0
2024-07-31 21:00:00,28.92,62.96,13.94,3.74,0.45,2.19,25.36,91.05,1.16,255.45,0.0,0.0
2024-07-31 22:00:00,29.26,68.32,12.94,6.48,0.52,1.16,25.27,93.66,1.2,329.18,0.0,0.0
2024-07-31 23:00:00,27.27,74.92,16.85,4.78,0.78,0.4,25.82,93.73,1.06,153.55,0.0,0.0
2024-08-01 00:00:00,29.39,74.31,10.76,3.91,0.48,0.78,25.94,93.63,0.77,158.46,0.0,0.0
2024-08-01 01:00:00,27.8,69.99,7.65,6.23,0.29,1.22,25.67,94.64,0.55,226.62,0.0,0.0
2024-08-01 02:00:00,22.03,71.32,6.21,5.94,0.22,1.49,25.58,94.44,0.52,108.34,0.0,0.0
2024-08-01 03:00:00,25.48,71.52,6.95,5.92,0.33,3.88,25.28,91.24,0.34,231.24,0.0,0.0
2024-08-01 04:00:00,24.8,69.18,4.84,5.99,0.47,6.98,24.66,88.77,0.38,338.91,0.0,0.0
2024-08-01 05:00:00,17.36,57.35,7.44,5.88,0.17,7.83,24.51,86.9,0.46,234.79,0.0,0.0
2024-08-01 06:00:00,12.73,47.64,12.24,5.74,0.24,5.44,23.83,92.77,0.37,94.76,0.55,0.0
2024-08-01 07:00:00,10.42,47.26,13.04,3.86,0.37,3.02,23.54,96.41,0.62,114.07,0.35,0.0
2024-08-01 08:00:00,12.51,43.3,15.1,3.84,0.66,2.07,23.98,96.6,0.44,35.65,0.05,11.75
2024-08-01 09:00:00,18.86,47.38,12.95,6.32,0.56,1.93,24.86,94.49,0.48,258.64,0.0,32.58
2024-08-01 10:00:00,23.89,52.96,13.41,6.24,0.6,1.68,25.48,91.96,0.78,338.13,0.0,53.3
2024-08-01 11:00:00,21.47,54.78,10.05,6.22,0.46,2.83,26.14,89.38,0.62,339.73,0.0,135.88
2024-08-01 12:00:00,18.16,59.91,10.12,6.39,0.56,3.25,26.23,90.78,0.73,346.23,0.1,125.78
2024-08-01 13:00:00,16.86,63.6,11.2,6.38,0.52,2.88,26.28,92.05,0.22,216.74,0.05,119.92
2024-08-01 14:00:00,21.55,64.42,11.61,6.34,0.6,3.12,27.31,87.4,0.27,180.69,0.0,230.88
2024-08-01 15:00:00,24.47,71.13,9.19,6.24,0.46,3.57,27.53,85.27,0.58,168.67,0.0,116.18
2024-08-01 16:00:00,20.6,76.39,10.57,6.28,0.55,3.32,27.64,85.48,0.14,168.97,0.0,64.4
2024-08-01 17:00:00,17.95,74.96,13.37,6.3,0.71,2.85,27.4,85.86,0.42,128.72,0.0,8.45
2024-08-01 18:00:00,23.52,81.36,15.77,6.2,0.82,2.19,26.71,88.21,0.38,147.12,0.0,0.0
2024-08-01 19:00:00,28.0,85.7,17.82,4.32,0.95,1.66,26.16,87.78,0.31,171.1,0.0,0.0
2024-08-01 20:00:00,24.36,82.19,17.95,4.05,0.99,1.17,25.95,87.98,0.5,150.84,0.0,0.0
2024-08-01 21:00:00,21.48,85.85,13.76,3.95,0.78,1.53,25.6,90.42,0.54,188.18,0.0,0.0
2024-08-01 22:00:00,18.45,84.71,11.22,6.0,0.38,2.97,25.26,89.35,0.2,213.61,0.0,0.0
2024-08-01 23:00:00,14.26,64.73,7.0,3.63,0.3,4.28,25.04,89.66,0.27,220.38,0.0,0.0
2024-08-02 00:00:00,10.9,47.74,5.47,5.77,0.24,5.1,24.27,92.86,0.5,263.55,0.15,0.0
2024-08-02 01:00:00,8.49,39.46,5.38,5.78,0.2,4.13,23.86,96.04,0.42,135.22,0.1,0.0
2024-08-02 02:00:00,7.38,33.46,5.86,5.83,0.18,3.42,23.79,96.57,0.53,70.32,0.1,0.0
2024-08-02 03:00:00,12.24,35.37,6.17,6.03,0.19,3.46,23.7,96.76,1.22,150.17,0.1,0.0
2024-08-02 04:00:00,14.04,34.39,6.93,5.83,0.19,3.26,23.76,96.61,0.8,143.52,0.0,0.0
2024-08-02 05:00:00,11.64,33.65,6.03,5.86,0.23,3.08,23.82,96.35,0.8,125.34,0.0,0.0
2024-08-02 06:00:00,11.05,33.02,7.75,4.18,0.41,2.39,23.98,95.74,0.88,161.82,0.05,0.0
2024-08-02 07:00:00,9.14,32.75,8.64,5.62,0.58,1.69,24.24,95.28,0.6,166.64,0.0,0.45
2024-08-02 08:00:00,11.12,34.22,9.37,2.53,0.76,1.44,25.0,92.94,0.49,144.22,0.0,53.58
2024-08-02 09:00:00,15.48,39.78,8.64,5.52,0.62,1.77,25.8,89.19,0.44,172.49,0.0,90.42
2024-08-02 10:00:00,14.39,46.28,9.07,6.36,0.55,2.37,25.61,90.06,0.22,172.68,0.1,32.2
2024-08-02 11:00:00,11.07,44.84,9.12,6.27,0.46,2.76,24.78,93.4,0.44,171.1,0.1,11.5
2024-08-02 12:00:00,8.62,37.54,9.74,6.24,0.46,2.78,24.83,94.38,0.24,173.34,0.1,15.7
2024-08-02 13:00:00,6.31,31.86,10.27,6.28,0.44,2.72,24.91,95.29,0.43,254.63,0.15,33.7
2024-08-02 14:00:00,5.49,31.66,12.68,6.83,0.47,2.52,25.1,95.22,0.33,264.72,0.2,46.7
2024-08-02 15:00:00,12.44,35.36,12.25,6.45,0.46,2.04,24.84,95.32,0.34,110.38,0.2,0.0
2024-08-02 16:00:00,18.02,33.68,12.7,6.41,0.56,1.87,24.74,95.87,0.29,190.34,0.15,0.0
2024-08-02 17:00:00,17.57,35.12,14.83,6.27,0.58,1.8,24.62,96.35,0.4,55.12,0.25,0.0
2024-08-02 18:00:00,14.98,38.33,14.42,5.93,0.72,1.6,24.32,96.76,0.4,41.05,0.1,0.0
2024-08-02 19:00:00,11.07,36.62,18.22,4.34,0.63,1.47,23.97,96.56,0.6,249.68,0.1,0.0
2024-08-02 20:00:00,11.88,39.17,19.92,2.91,0.6,1.13,23.6,96.5,0.69,179.29,0.05,0.0
2024-08-02 21:00:00,21.43,51.38,20.85,6.58,0.76,0.6,23.62,96.78,0.39,116.21,0.05,0.0
2024-08-02 22:00:00,23.9,56.09,14.0,4.15,0.52,1.65,23.65,96.86,0.5,75.23,0.0,0.0
2024-08-02 23:00:00,17.25,50.85,10.47,3.78,0.42,2.23,23.71,96.79,0.91,148.65,0.0,0.0
2024-08-03 00:00:00,12.62,45.92,7.0,5.87,0.22,2.76,23.65,96.92,0.37,121.31,0.0,0.0
2024-08-03 01:00:00,9.46,36.63,4.79,6.14,0.19,3.76,23.32,96.59,0.57,173.84,0.05,0.0
2024-08-03 02:00:00,7.15,31.29,4.57,6.18,0.18,3.69,23.16,96.51,0.7,79.72,0.05,0.0
2024-08-03 03:00:00,9.91,37.01,4.62,6.04,0.2,3.62,23.08,96.74,1.1,133.96,0.0,0.0
2024-08-03 04:00:00,11.26,37.72,6.1,6.08,0.22,3.36,23.11,96.92,1.41,171.72,0.0,0.0
2024-08-03 05:00:00,8.41,29.81,6.7,6.25,0.26,2.98,23.18,96.99,0.96,159.79,0.0,0.0
2024-08-03 06:00:00,6.38,22.74,8.15,3.98,0.57,2.04,23.53,96.76,1.11,184.29,0.0,0.0
2024-08-03 07:00:00,6.1,25.54,7.93,4.72,0.53,2.18,24.23,95.15,0.55,162.38,0.0,15.73
2024-08-03 08:00:00,10.15,29.94,8.17,3.09,0.46,2.7,24.81,91.74,0.19,194.47,0.0,21.38
2024-08-03 09:00:00,16.51,29.65,7.56,6.4,0.59,2.89,25.2,89.78,0.37,197.27,0.0,60.05
2024-08-03 10:00:00,17.24,33.73,9.19,6.53,0.62,2.92,25.82,87.43,0.34,146.97,0.0,109.95
2024-08-03 11:00:00,15.73,36.69,8.22,6.44,0.44,3.3,25.85,87.57,0.36,216.56,0.0,63.62
2024-08-03 12:00:00,18.11,34.61,8.53,6.27,0.52,2.74,26.46,85.72,0.28,268.78,0.0,136.4
2024-08-03 13:00:00,17.07,35.37,7.52,6.37,0.43,2.55,26.62,85.46,0.18,228.0,0.0,93.3
2024-08-03 14:00:00,12.79,36.4,8.28,6.33,0.54,2.54,26.7,85.96,0.34,111.29,0.05,54.65
2024-08-03 15:00:00,11.69,41.08,7.9,6.28,0.48,2.32,26.45,87.84,0.33,123.43,0.0,16.82
2024-08-03 16:00:00,12.98,42.4,9.85,4.08,0.6,2.0,26.32,88.33,0.35,200.85,0.0,0.8
2024-08-03 17:00:00,11.56,42.1,11.3,4.12,0.53,1.78,25.96,90.43,0.41,97.72,0.0,0.0
2024-08-03 18:00:00,10.06,39.0,10.26,4.12,0.7,1.94,25.49,92.22,0.56,189.4,0.1,0.0
2024-08-03 19:00:00,9.01,29.68,11.42,4.11,0.57,1.98,24.51,94.35,0.34,328.52,0.0,0.0
2024-08-03 20:00:00,6.91,26.12,13.81,4.35,0.74,1.26,24.47,95.34,0.41,82.11,0.0,0.0
2024-08-03 21:00:00,7.94,30.69,12.02,3.66,0.72,1.8,24.7,94.76,0.55,112.67,0.0,0.0
2024-08-03 22:00:00,8.03,35.28,14.08,4.22,0.65,1.43,24.89,93.38,0.86,155.49,0.0,0.0
2024-08-03 23:00:00,9.75,31.51,10.09,3.88,0.46,2.37,24.85,92.54,0.91,165.37,0.0,0.0
2024-08-04 00:00:00,10.71,27.72,5.95,5.94,0.28,4.28,24.91,91.28,1.43,184.87,0.0,0.0
2024-08-04 01:00:00,8.4,27.48,4.19,6.04,0.22,4.49,24.42,94.44,1.38,183.42,0.1,0.0
2024-08-04 02:00:00,6.76,23.95,3.8,6.07,0.22,4.3,24.26,96.19,1.44,180.77,0.05,0.0
2024-08-04 03:00:00,6.88,27.61,3.42,6.33,0.2,4.66,24.2,95.84,1.25,176.61,0.0,0.0
2024-08-04 04:00:00,6.74,28.11,3.38,6.3,0.19,5.26,24.02,95.5,1.5,176.4,0.1,0.0
2024-08-04 05:00:00,5.16,20.08,5.04,6.29,0.22,5.06,23.85,95.66,1.33,171.96,0.2,0.0
2024-08-04 06:00:00,3.95,14.39,5.94,5.66,0.3,4.35,23.82,95.94,1.3,180.9,0.1,0.0
2024-08-04 07:00:00,3.93,14.42,7.3,4.84,0.51,3.41,23.99,94.91,1.17,169.25,0.0,0.0
2024-08-04 08:00:00,3.79,20.87,6.88,4.36,0.63,3.25,24.1,94.67,1.27,171.88,0.1,1.95
2024-08-04 09:00:00,5.03,21.75,5.56,6.55,0.53,3.51,24.29,95.15,1.2,176.78,0.2,57.6
2024-08-04 10:00:00,5.85,24.58,6.92,6.53,0.53,3.53,24.93,92.43,0.88,169.53,0.0,74.4
2024-08-04 11:00:00,5.18,26.2,7.83,6.58,0.59,3.64,25.36,89.66,0.85,168.44,0.0,63.55
2024-08-04 12:00:00,7.4,30.33,6.46,6.5,0.5,3.87,25.86,87.86,0.93,178.98,0.0,63.97
2024-08-04 13:00:00,10.04,33.65,6.27,6.49,0.54,3.02,26.42,87.02,0.7,178.36,0.0,90.45
2024-08-04 14:00:00,9.49,31.68,6.73,6.44,0.35,5.03,25.07,92.84,0.36,156.96,0.4,118.48
2024-08-04 15:00:00,10.84,42.84,8.98,6.56,0.47,4.91,25.12,93.26,0.43,196.9,0.05,147.8
2024-08-04 16:00:00,16.22,54.33,7.26,6.6,0.43,3.37,26.32,90.14,0.44,149.79,0.0,89.88
2024-08-04 17:00:00,16.6,51.48,7.93,6.51,0.66,2.9,26.43,88.04,0.92,167.68,0.0,25.88
2024-08-04 18:00:00,12.7,43.53,10.24,6.61,0.62,1.78,25.79,91.35,0.47,114.84,0.05,0.0
2024-08-04 19:00:00,9.85,38.74,13.3,4.44,1.07,0.54,25.36,94.92,0.7,149.56,0.0,0.0
2024-08-04 20:00:00,7.85,41.71,11.7,2.72,1.1,0.78,25.36,95.18,1.38,168.09,0.4,0.0
2024-08-04 21:00:00,9.28,43.88,12.38,2.7,0.67,1.28,24.84,96.62,0.74,184.51,0.3,0.0
2024-08-04 22:00:00,11.1,43.16,13.85,4.37,1.06,0.62,24.73,97.16,1.2,171.84,0.35,0.0
2024-08-04 23:00:00,10.79,40.88,12.52,5.44,0.51,0.79,24.67,97.18,0.94,180.84,0.5,0.0
2024-08-05 00:00:00,10.33,34.95,6.37,4.26,0.22,3.48,23.88,97.2,0.55,134.48,1.15,0.0
2024-08-05 01:00:00,9.9,32.96,6.07,3.84,0.24,3.1,23.86,97.23,0.96,137.72,0.05,0.0
2024-08-05 02:00:00,8.49,28.82,4.35,6.22,0.2,3.31,23.75,97.24,1.07,166.5,0.0,0.0
2024-08-05 03:00:00,8.95,24.7,4.45,6.3,0.19,3.42,23.69,97.22,1.2,154.75,0.0,0.0
2024-08-05 04:00:00,8.69,21.16,7.4,6.38,0.28,2.54,23.7,97.2,1.3,157.89,0.0,0.0
2024-08-05 05:00:00,6.18,19.35,8.74,6.46,0.38,1.7,23.7,97.19,1.27,167.42,0.0,0.0
2024-08-05 06:00:00,5.98,22.07,9.24,6.59,0.5,0.61,23.86,97.2,0.51,153.39,0.0,0.0
2024-08-05 07:00:00,11.54,28.6,9.93,6.42,0.83,0.58,24.54,97.23,0.81,209.94,0.0,25.48
2024-08-05 08:00:00,13.71,34.26,7.96,2.56,0.67,1.36,26.15,90.76,0.45,176.67,0.0,155.3
2024-08-05 09:00:00,11.16,38.12,8.3,3.38,0.67,2.7,27.41,83.38,0.38,114.5,0.0,371.88
2024-08-05 10:00:00,10.66,43.52,9.95,2.56,0.62,3.88,28.93,77.46,0.3,212.88,0.0,483.42
2024-08-05 11:00:00,13.53,48.09,8.82,6.75,0.49,3.89,29.06,76.93,0.26,132.51,0.0,315.88
2024-08-05 12:00:00,14.02,51.34,8.03,2.58,0.35,1.76,29.39,76.81,0.56,254.98,0.0,344.88
2024-08-05 13:00:00,11.58,48.87,8.35,4.14,0.4,5.78,29.96,76.06,0.46,251.25,0.0,397.58
2024-08-05 14:00:00,9.19,48.23,7.96,3.94,0.4,10.82,30.79,73.62,0.3,185.22,0.0,390.1
2024-08-05 15:00:00,7.12,53.89,8.98,3.87,0.41,9.61,30.35,74.91,0.38,238.27,0.0,151.98
2024-08-05 16:00:00,6.09,54.06,12.9,3.96,0.59,7.37,30.04,74.84,0.35,172.22,0.0,54.0
2024-08-05 17:00:00,5.21,51.06,13.15,3.94,0.55,6.59,29.46,76.25,0.5,153.24,0.0,8.72
2024-08-05 18:00:00,0.05,51.19,16.42,2.49,0.85,3.96,28.42,79.45,0.84,147.24,0.0,0.0
2024-08-05 19:00:00,4.33,51.57,17.18,1.82,1.0,2.67,27.1,85.54,0.71,108.98,0.0,0.0
2024-08-05 20:00:00,3.72,53.22,15.53,3.0,0.88,2.17,26.67,89.88,0.53,112.29,0.0,0.0
2024-08-05 21:00:00,7.71,56.22,14.49,1.44,0.84,2.49,26.32,91.69,0.81,110.04,0.0,0.0
2024-08-05 22:00:00,10.76,58.2,14.8,2.76,0.7,1.95,26.25,91.94,1.1,141.27,0.0,0.0
2024-08-05 23:00:00,7.88,60.01,13.44,2.67,0.4,1.23,26.01,93.38,0.65,37.24,0.0,0.0
2024-08-06 00:00:00,17.26,59.34,6.68,5.21,0.33,1.04,25.83,94.07,0.62,154.87,0.0,0.0
2024-08-06 01:00:00,18.9,54.28,3.12,5.82,0.24,4.84,25.58,91.68,0.8,103.26,0.0,0.0
2024-08-06 02:00:00,13.91,58.59,5.94,8.25,0.38,3.05,25.6,92.46,0.73,115.86,0.0,0.0
2024-08-06 03:00:00,15.16,66.73,3.16,8.09,0.24,4.52,25.61,91.79,0.5,114.54,0.0,0.0
2024-08-06 04:00:00,18.7,62.1,3.88,7.87,0.25,5.04,25.55,91.26,0.62,124.44,0.0,0.0
2024-08-06 05:00:00,13.94,52.78,3.23,7.83,0.24,4.12,25.18,93.18,0.21,215.69,0.0,0.0
2024-08-06 06:00:00,11.94,43.83,4.62,7.95,0.36,2.92,25.35,92.66,0.76,93.95,0.0,4.15
2024-08-06 07:00:00,21.05,46.56,7.15,7.95,0.4,3.28,26.37,88.0,0.56,344.78,0.0,38.58
2024-08-06 08:00:00,15.22,54.11,6.92,4.88,0.54,5.96,26.97,85.75,0.55,177.86,0.0,140.9
2024-08-06 09:00:00,12.61,59.82,8.0,6.98,0.48,8.6,28.47,80.86,0.58,252.04,0.0,397.45
2024-08-06 10:00:00,17.39,62.97,6.79,8.04,0.44,9.8,29.4,77.36,0.74,335.07,0.0,409.48
2024-08-06 11:00:00,18.09,59.65,5.49,7.97,0.34,9.43,29.86,74.56,1.02,340.69,0.0,436.45
2024-08-06 12:00:00,15.75,60.04,4.08,8.18,0.32,8.72,29.06,81.22,1.06,342.2,0.15,433.8
2024-08-06 13:00:00,12.4,57.26,3.12,8.03,0.3,8.92,29.92,76.6,1.04,343.99,0.0,525.0
2024-08-06 14:00:00,13.1,53.12,3.58,7.99,0.27,8.98,28.89,81.41,1.03,344.23,0.15,202.73
2024-08-06 15:00:00,14.17,52.41,4.85,8.18,0.34,11.33,28.06,84.19,0.91,267.39,0.0,109.0
2024-08-06 16:00:00,13.44,57.82,9.84,8.34,0.65,7.16,28.29,81.1,0.98,169.14,0.0,83.68
2024-08-06 17:00:00,9.92,59.92,12.08,8.22,0.61,8.23,28.04,81.4,0.64,230.81,0.1,14.18
2024-08-06 18:00:00,12.11,58.39,10.16,4.92,0.44,8.38,24.22,95.11,0.78,348.23,1.7,0.0
2024-08-06 19:00:00,9.61,58.86,14.27,4.45,0.75,3.83,24.02,96.65,0.52,142.22,0.0,0.0
2024-08-06 20:00:00,11.81,57.1,11.4,8.01,0.65,4.26,24.28,95.62,0.62,133.46,0.0,0.0
2024-08-06 21:00:00,9.23,54.09,10.87,5.68,0.66,3.64,24.29,94.98,0.71,216.54,0.0,0.0
2024-08-06 22:00:00,13.32,50.06,10.86,5.16,0.72,1.96,24.42,94.85,0.69,79.33,0.0,0.0
2024-08-06 23:00:00,13.42,49.87,7.12,6.06,0.44,1.79,24.53,94.4,0.83,86.84,0.0,0.0
2024-08-07 00:00:00,10.31,46.74,5.4,7.81,0.36,1.17,24.49,95.34,0.81,205.83,0.0,0.0
2024-08-07 01:00:00,7.33,41.26,4.84,7.69,0.33,0.69,24.53,96.13,0.96,253.97,0.0,0.0
2024-08-07 02:00:00,10.12,40.08,4.25,7.85,0.27,1.04,24.57,96.39,0.86,234.32,0.0,0.0
2024-08-07 03:00:00,7.14,43.94,4.38,7.99,0.32,1.72,24.56,96.02,0.9,172.1,0.0,0.0
2024-08-07 04:00:00,7.3,54.52,5.99,8.2,0.32,1.71,24.46,95.65,0.52,159.6,0.0,0.0
2024-08-07 05:00:00,10.3,54.46,5.3,8.34,0.29,1.14,24.35,96.14,0.81,195.34,0.0,0.0
2024-08-07 06:00:00,17.78,56.02,5.68,8.11,0.53,0.68,24.58,96.52,0.76,85.6,0.0,0.0
2024-08-07 07:00:00,23.12,63.58,6.59,4.72,0.52,0.67,25.43,94.73,0.61,136.29,0.0,6.78
2024-08-07 08:00:00,17.32,66.48,7.32,4.57,0.53,1.61,26.26,90.44,0.74,343.33,0.0,65.92
2024-08-07 09:00:00,29.24,71.21,6.92,6.99,0.56,3.47,27.52,84.06,0.76,347.78,0.0,251.55
2024-08-07 10:00:00,20.65,63.91,5.94,4.2,0.47370304813062325,5.63,27.92,80.47,0.78,333.6,0.0,238.2
2024-08-07 11:00:00,21.97,56.35,6.0,4.68,0.4597226580336801,5.95,28.2,79.85,0.69,343.76,0.0,165.22
2024-08-07 12:00:00,32.55175328181517,78.83266544461202,7.76,2.49,0.5390080964634203,6.93,27.33,80.32,0.94,326.6,0.0,79.38
2024-08-07 13:00:00,28.53138006697135,70.9494044968382,5.17,1.32,0.25,9.02,27.06,79.55,1.03,328.81,0.0,89.22
2024-08-07 14:00:00,8.58,47.38,5.18,5.224525889969369,0.22,14.03,25.96,85.47,1.02,337.9,0.0,3.25
2024-08-07 15:00:00,20.26,54.65,5.38,11.14488236222405,0.24,37.19274770867081,24.98,92.97,1.25,338.03,0.65,3.1
2024-08-07 16:00:00,18.79,51.53,8.74,2.14,0.62,9.22,25.02,95.45,0.6,208.59,0.2,5.8
2024-08-07 17:00:00,13.77,44.8,30.585298839104013,5.58,1.24,1.64,25.13,95.96,0.94,238.73,0.05,0.0
2024-08-07 18:00:00,12.33,46.83,41.983692682380486,6.87,1.69,1.29,24.95,96.46,1.48,165.12,0.0,0.0
2024-08-07 19:00:00,18.59,51.47,10.57,5.74,1.8,0.52,24.79,96.63,1.46,163.35,0.0,0.0
2024-08-07 20:00:00,19.54,67.92,9.91,5.88,1.48,0.59,24.83,96.88,0.94,135.4,0.0,0.0
2024-08-07 21:00:00,21.65,67.04,12.75,6.19,0.69,1.34,24.51,97.08,0.63,21.74,0.0,0.0
2024-08-07 22:00:00,19.64,59.12,16.01,7.03,0.84,1.99,24.28,97.1,1.05,71.08,0.05,0.0
2024-08-07 23:00:00,15.38,55.45,10.94,5.32,0.54,0.98,24.23,97.15,0.89,176.25,0.05,0.0
2024-08-08 00:00:00,22.94,50.03,6.85,7.53,0.39,0.89,24.22,97.17,1.32,153.64,0.0,0.0
2024-08-08 01:00:00,20.18,39.86,4.68,7.44,0.22,0.98,24.17,97.23,0.44,171.38,0.0,0.0
2024-08-08 02:00:00,16.32,42.82,3.78,7.32,0.2,1.25,24.07,97.22,0.77,129.63,0.0,0.0
2024-08-08 03:00:00,15.74,38.23,4.0,7.42,0.2,1.61,24.11,97.22,0.82,259.78,0.0,0.0
2024-08-08 04:00:00,12.92,37.49,7.12,7.42,0.28,1.92,24.11,97.18,0.78,109.96,0.05,0.0
2024-08-08 05:00:00,14.72,35.22,5.38,7.35,0.23,2.55,23.92,97.18,0.74,131.11,0.0,0.0
2024-08-08 06:00:00,14.47,41.14,7.69,7.52,0.4,1.29,24.03,97.18,1.01,179.2,0.0,0.0
2024-08-08 07:00:00,11.86,47.1,7.32,7.73,0.7,0.69,24.9,97.22,0.67,154.65,0.0,21.72
2024-08-08 08:00:00,20.87,51.08,9.29,5.4,0.57,2.08,25.73,94.97,0.86,260.56,0.0,86.02
2024-08-08 09:00:00,18.88,57.25,9.76,7.66,0.47,3.52,26.52,89.72,0.89,259.82,0.0,139.98
2024-08-08 10:00:00,18.25,60.84,9.7,7.76,0.47,3.9,25.93,90.81,0.85,333.77,0.0,6.9
2024-08-08 11:00:00,17.84,58.44,7.28,3.9,0.4,6.46,26.03,89.91,0.79,341.37,0.0,124.2
2024-08-08 12:00:00,18.55,53.04,6.4,7.27,0.33,1.88,26.93,82.66,0.99,333.64,0.0,313.82
2024-08-08 13:00:00,18.77,45.24,5.5,7.11,0.28,3.4,26.08,84.72,1.09,329.48,0.0,125.28
2024-08-08 14:00:00,14.84,40.83,4.86,7.16,0.22,6.42,25.63,81.92,1.17,333.0,0.0,147.55
2024-08-08 15:00:00,12.48,42.45,5.85,7.11,0.26,6.13,25.8,82.0,1.0,336.04,0.0,52.32
2024-08-08 16:00:00,10.14,41.01,11.13,7.28,0.37,5.11,26.04,81.29,0.96,329.71,0.0,10.6
2024-08-08 17:00:00,17.31,42.01,10.88,7.2,0.27,6.75,26.05,80.25,0.95,329.6,0.0,0.0
2024-08-08 18:00:00,16.07,42.69,9.73,4.45,0.33,3.6,25.55,83.85,1.13,341.44,0.0,0.0
2024-08-08 19:00:00,12.3,41.14,6.13,5.09,0.24,3.42,25.08,84.46,1.01,322.04,0.0,0.0
2024-08-08 20:00:00,16.17,46.78,4.39,6.9,0.22,5.63,24.36,85.09,1.17,337.28,0.0,0.0
2024-08-08 21:00:00,13.69,43.23,11.59,5.2,0.4,3.42,24.06,85.9,0.96,180.35,0.0,0.0
2024-08-08 22:00:00,12.5,51.73,19.29,5.77,0.56,23.79295676833528,24.12,86.16,0.91,183.14,0.0,0.0
2024-08-08 23:00:00,19.36,70.25,14.98,4.58,0.53,24.24639332398978,24.02,89.16,0.55,133.51,0.0,0.0
2024-08-09 00:00:00,17.68,69.82,8.35,7.16,0.3,30.538459765676652,23.9,91.09,1.0,260.96,0.0,0.0
2024-08-09 01:00:00,15.99,62.15,9.94,7.6,0.5,26.17226206269097,23.78,91.58,1.06,95.92,0.0,0.0
2024-08-09 02:00:00,25.76,76.31,6.74,7.32,0.29,33.39967677638964,23.76,92.19,1.08,278.19,0.0,0.0
2024-08-09 03:00:00,22.94,75.6,5.97,7.48,0.23,33.84346110621951,23.71,93.06,0.52,185.46,0.0,0.0
2024-08-09 04:00:00,21.89,71.93,5.48,7.54,0.22,34.0288743014108,23.84,92.96,0.77,92.74,0.0,0.0
2024-08-09 05:00:00,19.39,61.58,6.94,6.14,0.36,29.72922330907767,23.6,94.52,0.76,146.68,0.0,0.0
2024-08-09 06:00:00,18.57,58.16,6.75,6.25,0.55,25.149090440785663,23.79,95.67,0.97,72.45,0.0,0.0
2024-08-09 07:00:00,22.17,58.65,6.46,5.48,0.88,17.904804975095978,24.97,91.14,0.82,186.29,0.0,20.65
2024-08-09 08:00:00,26.54,58.62,8.11,5.17,0.62,25.963762000084618,25.83,87.13,0.18,239.92,0.0,106.42
2024-08-09 09:00:00,26.23,68.11,8.39,7.6,0.44,31.077457088935503,26.89,83.24,0.83,263.21,0.0,203.23
2024-08-09 10:00:00,22.64,69.38,8.46,7.76,0.42,2.44,27.92,78.98,0.83,345.5,0.0,311.95
2024-08-09 11:00:00,21.68,70.24,7.08,7.73,0.38,5.26,28.81,75.77,0.82,334.76,0.0,374.9
2024-08-09 12:00:00,22.92,68.79,6.17,7.4,0.31,5.28,29.33,74.62,0.92,267.13,0.0,386.4
2024-08-09 13:00:00,25.98,63.82,6.24,7.64,0.33,7.87,30.05,72.87,1.19,347.84,0.05,402.68
2024-08-09 14:00:00,25.5,67.42,8.4,7.48,0.48,12.54,30.08,72.46,0.83,285.95,0.0,312.75
2024-08-09 15:00:00,25.32,69.91,9.29,7.53,0.5,12.46,29.22,74.84,0.47,289.47,0.0,150.6
2024-08-09 16:00:00,19.88,72.52,9.54,7.67,0.39,13.04,24.69,92.26,0.86,189.92,0.55,3.1
2024-08-09 17:00:00,21.22,66.92,10.07,7.56,0.42,9.29,25.4,93.82,1.14,268.77,0.0,1.42
2024-08-09 18:00:00,22.04,59.58,11.43,5.96,0.45,4.03,25.35,95.05,1.15,340.09,0.0,0.0
2024-08-09 19:00:00,17.09,54.18,10.98,5.3,0.55,2.88,24.9,95.14,0.82,268.69,0.0,0.0
2024-08-09 20:00:00,15.0,60.99,17.59,7.1,0.64,1.75,24.8,93.85,0.98,9.03,0.0,0.0
2024-08-09 21:00:00,12.82,68.56,16.31,6.05,0.49,2.78,24.47,93.93,0.92,16.48,0.0,0.0
2024-08-09 22:00:00,12.7,69.31,13.32,6.6,0.4,2.32,24.08,93.31,1.08,99.96,0.0,0.0
2024-08-09 23:00:00,11.82,72.09,12.76,7.51,0.42,1.95,23.91,93.83,1.01,103.14,0.0,0.0
2024-08-10 00:00:00,18.51,73.48,6.58,7.52,0.21,3.76,23.7,94.02,1.0,292.17,0.0,0.0
2024-08-10 01:00:00,21.66,63.9,9.1,6.71,0.24,3.74,23.62,93.0,0.7,34.8,0.0,0.0
2024-08-10 02:00:00,21.86,56.28,5.31,5.72,0.21,5.92,23.61,92.8,0.86,23.12,0.0,0.0
2024-08-10 03:00:00,20.2,52.21,5.41,7.4,0.26,4.98,23.65,93.21,0.91,178.32,0.0,0.0
2024-08-10 04:00:00,16.69,53.38,10.16,7.65,0.31,4.18,23.86,92.29,0.72,209.58,0.0,0.0
2024-08-10 05:00:00,16.29,46.51,6.56,7.44,0.25,3.86,23.66,93.82,0.42,200.66,0.0,0.0
2024-08-10 06:00:00,14.02,48.17,7.67,7.44,0.29,3.91,23.88,92.3,0.53,346.98,0.0,0.0
2024-08-10 07:00:00,12.08,48.73,8.98,7.05,0.41,4.42,24.75,89.82,0.54,341.93,0.0,50.5
2024-08-10 08:00:00,18.32,65.28,10.8,5.24,0.62,5.18,26.3,84.61,0.27,279.51,0.0,104.08
2024-08-10 09:00:00,22.08,77.63,11.74,7.2,0.72,4.66,26.04,85.63,0.61,138.74,0.0,25.48
2024-08-10 10:00:00,24.91,79.5,10.42,7.84,0.74,4.36,26.0,86.96,0.35,171.77,0.0,67.5
2024-08-10 11:00:00,25.64,74.71,9.13,7.88,0.4,9.88,26.68,83.67,0.38,346.18,0.0,183.1
2024-08-10 12:00:00,22.3,73.68,9.09,7.78,0.4,9.89,26.52,84.02,0.61,321.87,0.0,128.78
2024-08-10 13:00:00,23.58,66.37,9.65,7.62,0.33,8.5,26.78,82.96,0.63,342.64,0.0,225.72
2024-08-10 14:00:00,21.62,59.71,10.25,7.95,0.34,9.13,26.12,84.38,0.64,340.39,0.0,200.45
2024-08-10 15:00:00,19.95,59.06,8.54,8.18,0.36,14.9,26.91,79.02,0.5,255.96,0.0,202.08
2024-08-10 16:00:00,19.87,51.76,11.57,8.59,0.37,13.77,25.92,81.09,0.78,341.79,0.0,14.15
2024-08-10 17:00:00,15.75,50.56,12.05,8.98,0.29,12.5,25.76,80.9,0.68,271.66,0.0,0.08
2024-08-10 18:00:00,18.7,52.86,18.05,9.97,0.35,8.82,25.36,81.49,0.71,346.19,0.0,0.0
2024-08-10 19:00:00,18.19,53.46,16.11,6.06,0.42,6.74,24.47,87.28,0.78,343.15,0.0,0.0
2024-08-10 20:00:00,22.85,74.2,18.72,6.68,0.6,2.84,24.12,89.74,0.84,328.98,0.0,0.0
2024-08-10 21:00:00,24.4,73.35,18.1,7.3,0.54,3.65,23.92,90.24,0.8,345.28,0.0,0.0
2024-08-10 22:00:00,19.82,71.66,16.33,7.6,0.39,2.41,23.76,91.18,0.8,260.08,0.0,0.0
2024-08-10 23:00:00,28.0,74.86,15.82,9.49,0.44,2.62,24.07,90.21,0.56,178.24,0.0,0.0
2024-08-11 00:00:00,25.5,80.94,13.16,9.17,0.4,3.34,24.36,89.03,1.18,175.5,0.0,0.0
2024-08-11 01:00:00,19.14,61.34,6.95,8.28,0.26,4.45,24.04,91.28,1.21,154.48,0.0,0.0
2024-08-11 02:00:00,16.67,56.62,5.76,8.01,0.24,5.66,23.83,92.41,1.17,152.74,0.0,0.0
2024-08-11 03:00:00,20.23,52.82,5.08,7.9,0.21,5.12,23.6,93.94,1.28,144.62,0.0,0.0
2024-08-11 04:00:00,17.37,44.49,4.11,7.98,0.21,3.56,23.42,95.53,0.86,152.11,0.0,0.0
2024-08-11 05:00:00,13.12,42.0,5.21,7.97,0.3,3.24,23.46,95.76,1.22,157.53,0.0,0.0
2024-08-11 06:00:00,10.08,37.3,5.6,7.91,0.49,2.81,23.84,95.26,1.21,187.39,0.0,0.0
2024-08-11 07:00:00,7.88,42.27,5.65,6.78,0.76,2.04,24.52,93.48,1.3,183.42,0.0,8.6
2024-08-11 08:00:00,11.92,54.53,5.82,7.05,0.62,2.27,25.68,89.45,0.76,200.81,0.0,96.12
2024-08-11 09:00:00,13.49,63.12,6.04,8.15,0.53,4.08,26.63,85.18,0.76,178.68,0.0,240.62
2024-08-11 10:00:00,13.38,59.59,8.34,8.18,0.45,8.18,27.42,81.69,0.27,238.53,0.0,160.32
2024-08-11 11:00:00,14.99,57.44,7.82,8.29,0.36,12.25,28.79,77.16,0.58,335.14,0.0,502.38
2024-08-11 12:00:00,17.11,53.27,7.89,8.36,0.34,15.2,28.98,77.0,0.68,253.32,0.05,293.05
2024-08-11 13:00:00,19.2,56.37,8.35,8.19,0.33,12.0,27.34,86.19,0.61,346.36,0.3,332.0
2024-08-11 14:00:00,23.2,63.32,6.76,7.95,0.31,14.45,28.3,83.59,0.79,348.82,0.0,473.2
2024-08-11 15:00:00,18.85,50.53,4.5,7.78,0.26,15.68,29.26,75.54,0.84,342.19,0.0,145.1
2024-08-11 16:00:00,17.48,41.03,5.93,8.07,0.3,14.98,29.32,72.61,0.51,335.84,0.0,17.27
2024-08-11 17:00:00,13.62,36.85,7.31,8.51,0.3,14.1,28.27,74.76,0.48,172.94,0.0,0.0
2024-08-11 18:00:00,10.06,38.22,12.5,8.13,0.41,8.4,27.06,80.39,0.75,173.57,0.0,0.0
2024-08-11 19:00:00,8.08,36.91,14.3,6.61,0.5,4.37,25.89,87.44,1.07,341.01,0.0,0.0
2024-08-11 20:00:00,16.81,47.58,11.23,6.81,0.48,3.7,25.46,88.99,0.97,340.62,0.0,0.0
2024-08-11 21:00:00,15.79,46.72,14.65,6.52,0.67,2.93,25.46,88.44,0.75,187.57,0.0,0.0
2024-08-11 22:00:00,15.78,53.5,20.42,6.1,0.67,1.96,24.95,89.33,1.03,267.42,0.0,0.0
2024-08-11 23:00:00,20.52,59.74,15.06,7.18,0.57,1.81,24.75,90.44,1.15,175.64,0.0,0.0
2024-08-12 00:00:00,17.65,64.27,9.21,8.54,0.37,3.28,24.45,91.92,0.98,23.62,0.0,0.0
2024-08-12 01:00:00,19.14,69.87,8.45,8.27,0.36,2.66,24.46,92.04,0.56,241.71,0.0,0.0
2024-08-12 02:00:00,17.09,69.58,4.42,8.03,0.21,3.7,24.29,92.33,0.62,93.53,0.0,0.0
2024-08-12 03:00:00,14.84,53.44,3.71,8.04,0.2,4.7,24.36,91.76,1.02,205.5,0.0,0.0
2024-08-12 04:00:00,13.48,44.33,4.29,8.04,0.2,4.42,24.26,93.27,0.98,145.71,0.0,0.0
2024-08-12 05:00:00,12.67,42.64,4.88,7.99,0.32,3.66,24.2,94.79,1.16,165.92,0.0,0.0
2024-08-12 06:00:00,18.08,37.59,5.6,8.09,0.32,2.62,24.46,94.28,0.56,185.93,0.0,0.0
2024-08-12 07:00:00,16.17,39.06,5.77,7.09,0.32,3.36,25.38,90.66,1.09,265.17,0.0,43.42
2024-08-12 08:00:00,22.04,44.51,5.04,4.3,0.34,5.43,26.11,87.26,0.94,334.75,0.0,70.38
2024-08-12 09:00:00,22.5,41.76,6.42,6.34,0.39,4.92,26.48,86.28,0.96,266.2,0.0,88.15
2024-08-12 10:00:00,19.53,48.92,6.88,8.27,0.37,8.6,26.95,84.45,1.04,342.0,0.05,190.98
2024-08-12 11:00:00,15.2,47.65,8.3,8.42,0.39,11.32,28.77,77.97,0.81,258.76,0.0,511.92
2024-08-12 12:00:00,16.52,40.19,6.31,6.22,0.3,14.79,29.56,74.99,1.02,342.89,0.0,619.6
2024-08-12 13:00:00,15.17,39.53,5.08,8.34,0.28,15.43,30.94,70.39,0.96,340.58,0.0,587.17
2024-08-12 14:00:00,13.86,43.64,5.86,8.35,0.29,11.87,30.26,73.06,1.04,344.14,0.0,293.52
2024-08-12 15:00:00,11.14,44.3,5.67,8.33,0.27,14.75,30.51,71.81,1.23,354.12,0.0,177.38
2024-08-12 16:00:00,10.12,42.28,7.28,8.28,0.36,14.52,30.17,71.93,0.87,257.55,0.0,63.1
2024-08-12 17:00:00,14.14,41.16,9.23,6.45,0.39,12.15,29.4,73.9,1.01,176.6,0.0,2.75
2024-08-12 18:00:00,14.4,47.86,13.55,8.55,0.49,8.26,28.33,77.73,1.01,180.36,0.0,0.0
2024-08-12 19:00:00,17.45,46.94,18.16,6.26,0.73,4.09,27.09,82.98,1.1,257.54,0.0,0.0
2024-08-12 20:00:00,20.42,65.4,21.76,6.5,0.97,0.85,26.63,84.68,1.25,238.48,0.0,0.0
2024-08-12 21:00:00,30.91,90.52,17.28,8.91,0.97,1.44,26.01,88.8,1.25,323.98,0.0,0.0
2024-08-12 22:00:00,33.92,114.96,13.19,4.46,0.5,3.01,25.58,91.49,1.3,322.02,0.0,0.0
2024-08-12 23:00:00,31.37,95.48,13.16,5.96,0.62,1.93,25.52,90.46,1.16,329.94,0.0,0.0
2024-08-13 00:00:00,25.98,97.04,14.81,8.67,0.64,0.94,25.81,88.88,0.69,274.62,0.0,0.0
2024-08-13 01:00:00,22.28,98.3,12.14,8.94,0.47,1.27,26.05,88.03,0.86,239.38,0.0,0.0
2024-08-13 02:00:00,28.26,110.74,11.48,8.72,0.44,1.13,25.48,91.65,1.08,253.4,0.0,0.0
2024-08-13 03:00:00,27.03,107.3,9.67,8.32,0.44,1.81,25.42,91.74,0.89,347.75,0.0,0.0
2024-08-13 04:00:00,26.97,84.49,10.36,8.06,0.48,2.23,25.0,93.22,0.95,351.84,0.0,0.0
2024-08-13 05:00:00,25.52,78.66,9.73,8.04,0.32,1.69,24.59,95.18,0.91,263.35,0.0,0.0
2024-08-13 06:00:00,22.72,74.61,7.5,8.05,0.35,1.07,24.66,95.76,1.16,180.0,0.0,0.0
2024-08-13 07:00:00,19.2,69.97,9.8,7.09,0.61,1.47,25.77,91.26,0.84,217.22,0.0,19.42
2024-08-13 08:00:00,22.72,90.87,10.62,5.16,0.56,3.23,27.41,84.14,0.79,337.13,0.0,124.88
2024-08-13 09:00:00,27.1,100.52,7.13,8.31,0.48,7.12,28.69,78.8,0.71,333.59,0.0,381.75
2024-08-13 10:00:00,27.26,84.29,6.56,8.36,0.45,10.88,29.51,75.99,1.2,344.84,0.0,485.92
2024-08-13 11:00:00,24.19,70.84,5.19,8.2,0.32,12.29,30.48,72.11,1.0,344.49,0.0,531.52
2024-08-13 12:00:00,26.07,64.83,3.55,8.34,0.27,15.25,31.26,69.06,1.14,259.1,0.0,676.78
2024-08-13 13:00:00,26.76,61.05,4.68,8.32,0.29,14.88,31.57,69.5,1.15,348.1,0.0,480.05
2024-08-13 14:00:00,21.62,54.6,4.61,8.29,0.34,14.2,31.0,72.11,1.0,261.3,0.0,287.1
2024-08-13 15:00:00,16.15,49.32,6.32,8.24,0.36,15.44,31.7,68.16,0.58,342.7,0.0,109.9
2024-08-13 16:00:00,16.66,44.85,6.17,8.33,0.5,13.36,30.47,73.01,0.8,333.38,0.0,56.1
2024-08-13 17:00:00,14.03,44.75,13.18,8.52,0.64,10.15,26.83,89.35,0.85,269.31,0.1,0.0
2024-08-13 18:00:00,18.9,55.6,16.72,9.24,0.8,4.71,26.73,92.88,1.16,326.83,0.0,0.0
2024-08-13 19:00:00,24.38,75.48,19.74,7.62,0.72,1.37,26.48,94.06,1.14,319.15,0.0,0.0
2024-08-13 20:00:00,26.3,87.01,17.84,6.37,1.2,0.94,26.57,92.0,0.79,180.77,0.0,0.0
2024-08-13 21:00:00,27.92,90.42,14.36,6.38,0.6,1.64,26.15,91.53,1.13,258.98,0.0,0.0
2024-08-13 22:00:00,26.94,86.78,8.83,6.48,0.44,2.92,25.74,92.12,1.06,183.75,0.0,0.0
2024-08-13 23:00:00,21.02,68.96,8.15,8.05,0.36,3.58,25.49,92.2,0.94,271.53,0.0,0.0
2024-08-14 00:00:00,15.73,58.61,6.26,8.02,0.26,3.75,25.4,90.79,0.74,108.19,0.0,0.0
2024-08-14 01:00:00,13.99,51.34,4.02,7.88,0.21,4.09,25.26,90.6,0.88,170.35,0.0,0.0
2024-08-14 02:00:00,16.32,52.28,2.76,7.8,0.2,3.92,25.37,89.9,0.96,281.0,0.0,0.0
2024-08-14 03:00:00,16.38,52.55,3.56,7.84,0.23,3.66,25.4,91.1,1.23,33.28,0.0,0.0
2024-08-14 04:00:00,12.72,49.08,5.26,8.11,0.26,3.16,25.26,91.97,0.97,180.43,0.0,0.0
2024-08-14 05:00:00,9.52,50.39,5.79,8.32,0.38,2.75,24.79,93.12,1.02,260.09,0.0,0.0
2024-08-14 06:00:00,9.9,54.39,6.93,8.14,0.38,1.63,24.88,94.22,1.11,254.27,0.0,0.0
2024-08-14 07:00:00,18.73,52.09,5.75,5.66,0.35,1.88,26.38,88.74,0.92,177.17,0.0,30.0
2024-08-14 08:00:00,21.68,51.03,2.93,6.23,0.36,4.48,27.52,84.8,1.08,345.94,0.0,97.48
2024-08-14 09:00:00,17.53,50.79,6.19,4.36,0.38,5.77,29.32,78.75,0.81,345.33,0.0,379.92
2024-08-14 10:00:00,14.48,48.56,9.94,6.75,0.45,4.65,30.64,74.4,0.91,343.51,0.0,454.28
2024-08-14 11:00:00,16.98,50.76,6.32,6.52,0.31,10.76,31.62,70.72,0.92,346.94,0.05,669.58
2024-08-14 12:00:00,18.58,54.18,4.69,6.56,0.26,16.93,32.02,68.91,1.19,259.23,0.0,470.9
2024-08-14 13:00:00,20.77,55.21,8.68,6.5,0.39,11.45,30.64,72.87,0.77,270.76,0.0,122.12
2024-08-14 14:00:00,29.74,66.74,4.65,6.73,0.3,11.53,30.94,73.37,1.31,346.45,0.0,257.3
2024-08-14 15:00:00,25.77,66.5,5.4,6.34,0.34,10.18,26.88,86.8,1.29,342.69,1.75,0.0
2024-08-14 16:00:00,22.35,58.47,9.42,6.46,0.45,3.42,24.66,96.52,1.09,266.85,0.45,0.0
2024-08-14 17:00:00,20.46,53.06,20.16,6.78,0.74,23.29225898544161,25.23,97.17,0.84,164.92,0.2,0.0
2024-08-14 18:00:00,16.39,52.01,15.93,6.57,0.66,23.191351912717124,25.36,97.18,0.69,271.19,0.0,0.0
2024-08-14 19:00:00,14.56,53.94,16.92,6.9,1.41,4.2190426437980975,25.26,97.18,0.82,187.77,0.05,0.0
2024-08-14 20:00:00,17.94,57.7,18.37,4.65,1.36,4.939846914699814,25.21,97.18,0.84,234.84,0.0,0.0
2024-08-14 21:00:00,15.94,59.05,16.36,3.49,1.76,0.0,25.27,97.19,1.18,264.73,0.05,0.0
2024-08-14 22:00:00,16.7,66.74,16.49,3.3,1.41,1.1776511016467772,25.35,97.26,0.64,230.79,0.05,0.0
2024-08-14 23:00:00,20.0,69.75,16.36,4.3,1.13,9.784006312000791,25.22,97.25,1.28,241.36,0.0,0.0
2024-08-15 00:00:00,19.7,67.54,12.08,6.25,0.84,18.02678087292725,25.32,97.22,1.1,120.43,0.0,0.0
2024-08-15 01:00:00,19.32,56.19,11.5,4.19,0.27,31.418325635068296,25.06,97.19,1.15,171.97,0.0,0.0
2024-08-15 02:00:00,20.57,52.3,10.5,6.02,0.32,32.3267448574529,25.0,97.18,0.99,287.81,0.05,0.0
2024-08-15 03:00:00,20.51,48.82,10.53,5.93,0.39,30.872989548053454,25.0,97.19,1.07,201.36,0.0,0.0
2024-08-15 04:00:00,16.31,41.56,10.85,5.96,0.31,31.896215563439757,24.95,97.22,0.94,229.04,0.0,0.0
2024-08-15 05:00:00,13.59,45.84,9.16,5.96,0.31,30.2215807729884,24.92,97.24,0.38,192.58,0.0,0.0
2024-08-15 06:00:00,16.21,50.25,6.52,3.11,0.57,22.201002638191376,25.03,97.23,0.75,106.84,0.0,0.0
2024-08-15 07:00:00,13.68,54.86,6.94,4.84,0.74,17.83748820987821,25.24,97.19,0.66,90.47,0.0,0.0
2024-08-15 08:00:00,15.6,60.61,7.88,6.05,0.66,20.956814162929163,25.81,96.82,0.61,172.21,0.0,34.67
2024-08-15 09:00:00,21.64,61.93,6.94,6.2,0.54,26.2459778395705,27.42,89.46,0.63,174.42,0.0,242.08
2024-08-15 10:00:00,22.88,60.14,9.77,5.94,0.63,3.31,29.14,82.13,1.1,168.7,0.0,445.85
2024-08-15 11:00:00,27.7,81.34,9.95,6.0,0.54,12.43,30.63,76.5,1.06,161.29,0.0,598.28
2024-08-15 12:00:00,28.88,91.91,7.63,6.02,0.4,15.62,31.28,73.17,0.78,157.24,0.0,499.15
2024-08-15 13:00:00,32.32,91.43,3.52,6.12,0.22,11.29,29.27,78.99,1.05,261.42,0.0,42.52
2024-08-15 14:00:00,27.28,90.92,8.48,5.96,0.51,9.15,26.16,88.22,1.07,187.4,0.1,0.0
2024-08-15 15:00:00,26.15,76.53,6.38,5.81,0.28,6.7,24.51,95.99,0.94,323.93,0.25,0.0
2024-08-15 16:00:00,20.79,60.19,8.51,6.09,0.34,5.97,24.33,97.04,0.55,206.6,2.2,0.0
2024-08-15 17:00:00,18.58,53.22,13.1,5.98,0.59,1.78,24.32,97.22,0.63,257.31,0.15,0.0
2024-08-15 18:00:00,14.27,49.83,7.84,6.08,0.32,5.81,23.41,97.17,0.99,348.6,0.1,0.0
2024-08-15 19:00:00,13.39,43.29,9.02,5.02,0.35,3.45,23.18,97.16,1.23,255.3,0.0,0.0
2024-08-15 20:00:00,11.2,46.64,6.18,4.61,0.5,3.7,23.41,97.16,0.77,274.18,0.0,0.0
2024-08-15 21:00:00,15.08,54.68,14.7,3.87,0.76,17.891209630464346,23.68,97.16,1.03,197.4,0.0,0.0
2024-08-15 22:00:00,13.33,50.54,15.39,4.2,1.24,6.139583178813975,24.02,97.22,0.93,285.96,0.0,0.0
2024-08-15 23:00:00,19.92,66.36,15.74,6.22,1.12,11.668014835027407,24.03,97.23,0.78,317.29,0.0,0.0
2024-08-16 00:00:00,24.2,74.09,14.35,6.08,1.04,14.376962588027144,24.02,97.22,0.88,296.84,0.0,0.0
2024-08-16 01:00:00,23.97,69.52,12.89,6.06,1.22,10.194485728005077,24.1,97.19,1.03,199.17,0.0,0.0
2024-08-16 02:00:00,27.3,69.47,12.46,6.24,0.95,18.255372104841726,24.19,97.19,1.18,155.3,0.0,0.0
2024-08-16 03:00:00,29.05,68.59,12.74,5.94,0.43,31.589826340469543,23.9,97.01,0.95,160.88,0.0,0.0
2024-08-16 04:00:00,23.19,57.72,11.37,5.89,0.33,32.58668109178487,24.01,96.96,1.23,174.55,0.0,0.0
2024-08-16 05:00:00,17.24,57.1,11.33,5.86,0.42,28.0024214819349,24.08,96.96,0.84,179.05,0.0,0.0
2024-08-16 06:00:00,17.97,61.77,9.78,5.89,0.64,22.339266810582806,24.16,96.96,0.94,166.82,0.0,0.0
2024-08-16 07:00:00,28.84,69.17,9.65,5.63,0.63,26.065615137407924,24.91,96.57,0.85,160.85,0.0,37.8
2024-08-16 08:00:00,35.14,78.06,12.41,1.81,0.62,25.4600777505171,26.79,89.4,0.58,259.85,0.0,151.3
2024-08-16 09:00:00,30.53,73.21,10.73,6.04,0.56,1.56,28.51,84.0,0.49,197.58,0.0,409.22
2024-08-16 10:00:00,26.82,70.06,11.27,6.0,0.89,3.97,29.59,79.15,1.54,162.14,0.05,505.45
2024-08-16 11:00:00,29.53,79.84,7.46,5.86,0.32,5.24,27.26,87.77,1.04,326.46,0.35,86.8
2024-08-16 12:00:00,23.74,67.39,13.32,3.9,0.6,3.66,23.87,95.14,0.72,222.14,0.5,10.92
2024-08-16 13:00:00,20.88,58.76,17.81,5.86,1.06,14.198918954792713,24.6,97.05,0.52,142.63,0.0,11.8
2024-08-16 14:00:00,28.97,60.11,20.66,6.44,1.12,10.1,25.69,95.38,0.96,170.72,0.05,109.45
2024-08-16 15:00:00,29.23,62.06,18.77,6.36,1.26,9.78,26.54,89.22,1.43,209.6,0.0,90.52
2024-08-16 16:00:00,26.16,67.03,17.26,4.15,1.02,5.49,26.31,88.3,1.23,156.02,0.0,18.72
2024-08-16 17:00:00,29.24,74.87,10.81,3.41,0.78,5.2,26.05,90.68,0.63,224.33,0.0,3.38
2024-08-16 18:00:00,30.58,75.86,12.02,5.96,0.84,3.63,25.73,93.44,0.5,112.73,0.0,0.0
2024-08-16 19:00:00,24.45,70.04,12.0,5.64,1.28,16.11,25.58,94.72,0.88,110.94,0.0,0.0
2024-08-16 20:00:00,28.38,76.74,12.95,5.46,1.15,12.552813845723492,25.57,94.78,0.89,118.93,0.0,0.0
2024-08-16 21:00:00,31.23,75.74,12.41,5.32,0.96,18.31457801772828,25.61,95.72,1.16,161.61,0.0,0.0
2024-08-16 22:00:00,34.22,90.04,12.38,3.54,0.63,24.895286973392242,25.46,96.22,1.07,162.94,0.0,0.0
2024-08-16 23:00:00,32.24,92.42,10.92,6.58,0.79,22.009058047221433,25.16,97.12,0.78,121.96,0.0,0.0
2024-08-17 00:00:00,36.53,84.38,10.51,5.22,0.56,29.16611403489556,24.98,97.18,1.0,70.84,0.0,0.0
2024-08-17 01:00:00,30.3,76.53,9.4,7.09,0.54,29.162263465146747,24.9,97.22,0.85,283.48,0.0,0.0
2024-08-17 02:00:00,29.88,75.23,8.17,7.13,0.39,32.717519313612414,24.54,97.23,1.25,322.91,0.0,0.0
2024-08-17 03:00:00,29.36,66.7,5.26,7.05,0.25,36.47845639460056,24.18,97.22,1.02,218.64,0.0,0.0
2024-08-17 04:00:00,22.6,60.08,6.69,7.07,0.41,30.60963705361273,24.16,97.16,0.96,213.81,0.0,0.0
2024-08-17 05:00:00,19.26,59.14,5.74,7.22,0.61,24.4782388313551,24.25,97.16,0.93,259.5,0.0,0.0
2024-08-17 06:00:00,21.44,57.02,4.7,7.29,0.43,29.943819032399077,24.59,97.18,1.09,38.6,0.05,0.0
2024-08-17 07:00:00,18.54,53.78,4.68,3.2,0.44,25.887694300967816,25.15,97.09,1.05,95.05,0.0,7.48
2024-08-17 08:00:00,23.58,55.61,7.72,4.46,1.18,10.80711474414164,26.27,92.04,1.01,212.05,0.0,54.28
2024-08-17 09:00:00,21.4,62.3,8.22,7.38,0.98,16.301798563994417,26.85,88.62,0.83,209.71,0.0,91.22
2024-08-17 10:00:00,23.26,73.82,10.04,7.34,0.81,2.61,27.14,89.05,0.54,125.38,0.0,79.08
2024-08-17 11:00:00,38.3,101.26,12.57,5.54,1.08,11.08,27.14,89.48,1.27,156.01,0.05,11.08
2024-08-17 12:00:00,50.97,127.29,10.66,6.94,0.93,6.0,25.74,95.2,0.98,175.06,0.5,14.95
2024-08-17 13:00:00,44.65,104.32,10.41,4.69,0.8,8.63,25.93,94.72,0.84,217.7,0.0,62.28
2024-08-17 14:00:00,41.14,91.71,6.86,6.64,0.44,10.34,27.24,92.2,0.36,180.83,0.05,130.75
2024-08-17 15:00:00,32.59,72.74,8.35,6.66,0.47,11.35,28.01,88.33,0.46,305.89,0.0,195.08
2024-08-17 16:00:00,32.06,63.91,8.06,6.44,0.43,13.41,28.52,84.96,0.66,240.89,0.0,82.2
2024-08-17 17:00:00,29.2,67.05,8.68,6.43,0.45,12.18,27.94,87.06,0.69,194.59,0.0,2.9
2024-08-17 18:00:00,22.07,68.36,6.79,4.57,0.41,9.1,27.24,90.24,1.16,330.87,0.0,0.0
2024-08-17 19:00:00,25.29,62.94,12.69,6.07,0.57,4.93,26.75,93.14,1.05,167.08,0.0,0.0
2024-08-17 20:00:00,29.44,67.17,11.62,6.78,1.35,2.6,26.16,95.62,1.14,119.14,0.0,0.0
2024-08-17 21:00:00,35.68,79.72,8.63,6.98,1.94,10.74,26.08,96.62,1.05,205.45,0.0,0.0
2024-08-17 22:00:00,42.63,106.35,4.9,5.08,2.23,12.77,26.08,96.91,0.98,183.4,0.0,0.0
2024-08-17 23:00:00,47.33,116.55,8.2,5.04,1.4,8.3,26.04,96.84,0.9,270.57,0.0,0.0
2024-08-18 00:00:00,40.04,107.9,6.53,4.68,0.62,1.47,26.06,97.12,0.88,127.33,0.0,0.0
2024-08-18 01:00:00,33.07,96.87,5.12,6.6,0.55,2.94,25.76,97.22,1.11,261.94,0.0,0.0
2024-08-18 02:00:00,33.22,94.45,4.35,6.79,0.61,14.8,25.4,97.2,0.48,175.08,0.0,0.0
2024-08-18 03:00:00,29.21,91.75,9.04,6.75,0.34,14.04,25.18,97.18,1.07,331.0,0.0,0.0
2024-08-18 04:00:00,35.38,84.09,7.6,6.68,0.22,6.42,24.84,97.18,0.97,349.03,0.0,0.0
2024-08-18 05:00:00,31.63,76.97,4.74,6.32,0.37,2.86,24.77,97.2,0.66,142.45,0.0,0.0
2024-08-18 06:00:00,23.55,71.85,4.37,6.42,0.43,2.3,25.04,97.23,0.9,312.18,0.0,0.0
2024-08-18 07:00:00,23.46,77.83,3.67,6.38,0.28,4.47,26.02,94.36,1.14,95.84,0.0,23.05
2024-08-18 08:00:00,26.99,78.71,4.07,4.01,0.24,10.72,27.64,87.77,1.09,176.95,0.0,124.15
2024-08-18 09:00:00,24.3,80.16,3.47,6.24,0.2,10.68,29.01,82.08,1.17,340.87,0.0,370.1
2024-08-18 10:00:00,24.96,75.68,4.39,6.24,0.25,14.3,30.14,77.78,1.06,251.22,0.0,605.5
2024-08-18 11:00:00,21.55,70.41,7.07,6.22,0.16,16.47,31.48,73.05,1.01,173.7,0.0,582.72
2024-08-18 12:00:00,23.94,76.58,10.33,6.47,0.16,17.44,30.88,70.68,1.09,179.92,0.0,535.55
2024-08-18 13:00:00,19.57,64.84,8.88,6.47,0.19,17.41,30.37,71.98,0.9,117.65,0.0,497.18
2024-08-18 14:00:00,20.4,70.99,6.91,6.21,0.18,22.98,31.84,69.26,1.1,182.93,0.0,478.68
2024-08-18 15:00:00,24.04,71.45,10.19,6.47,0.17,13.23,31.46,67.74,1.09,256.31,0.0,194.02
2024-08-18 16:00:00,22.89,76.02,13.66,6.44,0.2,8.47,31.01,69.6,0.82,176.88,0.0,50.1
2024-08-18 17:00:00,25.36,71.29,9.62,6.43,0.25,12.85,30.24,72.93,0.6,126.9,0.0,0.6
2024-08-18 18:00:00,21.16,72.03,22.28,6.7,0.88,7.04,29.07,78.07,0.71,67.61,0.0,0.0
2024-08-18 19:00:00,23.77,83.64,23.01,7.0,1.33,2.57,28.0,84.05,0.55,181.06,0.0,0.0
2024-08-18 20:00:00,32.56,97.9,25.92,6.84,0.98,3.8,27.26,87.38,0.58,196.0,0.0,0.0
2024-08-18 21:00:00,35.93,120.81,18.71,4.27,0.57,4.41,26.89,89.32,1.33,331.21,0.0,0.0
2024-08-18 22:00:00,35.65,110.88,8.87,2.8,0.22,7.09,26.02,89.22,1.2,331.6,0.0,0.0
2024-08-18 23:00:00,27.85,81.06,9.74,4.84,0.27,5.83,25.92,89.81,1.08,343.26,0.0,0.0
2024-08-19 00:00:00,20.58,68.52,7.56,6.36,0.27,4.66,25.88,89.98,1.19,334.9,0.0,0.0
2024-08-19 01:00:00,16.56,65.46,6.67,6.16,0.24,5.26,25.69,91.39,1.23,346.46,0.0,0.0
2024-08-19 02:00:00,16.72,62.35,6.52,6.32,0.23,5.79,25.35,92.02,1.31,339.63,0.0,0.0
2024-08-19 03:00:00,15.99,54.67,5.33,6.2,0.24,6.52,25.12,92.52,1.18,343.08,0.0,0.0
2024-08-19 04:00:00,15.91,49.76,5.39,6.12,0.24,4.45,25.05,93.67,1.12,332.42,0.0,0.0
2024-08-19 05:00:00,13.15,46.44,4.6,6.22,0.26,2.84,24.98,94.23,0.98,336.22,0.0,0.0
2024-08-19 06:00:00,12.44,38.22,3.04,6.21,0.24,1.52,25.14,95.31,1.27,252.8,0.0,0.0
2024-08-19 07:00:00,10.34,37.53,3.49,4.37,0.32,3.89,26.34,90.17,1.18,339.98,0.0,25.82
2024-08-19 08:00:00,11.26,34.27,4.22,3.46,0.35,8.38,27.8,85.18,0.95,177.07,0.0,144.07
2024-08-19 09:00:00,14.62,42.78,4.64,6.36,0.33,12.13,28.88,82.1,1.1,345.6,0.0,201.28
2024-08-19 10:00:00,16.46,47.4,8.35,6.29,0.46,10.48,25.06,93.26,0.74,241.2,2.8,0.0
2024-08-19 11:00:00,14.86,49.0,12.38,6.58,0.67,7.19,24.72,97.14,1.21,307.82,0.4,76.38
2024-08-19 12:00:00,13.32,48.46,13.33,6.88,0.71,11.35,27.99,91.68,0.8,241.04,0.0,587.75
2024-08-19 13:00:00,22.13,62.81,7.98,6.96,0.38,28.56,31.45,76.45,0.89,259.78,0.0,779.3
2024-08-19 14:00:00,27.92,77.25,24.08,6.34,0.38,15.32,31.8,75.4,1.02,342.84,0.0,365.68
2024-08-19 15:00:00,30.1,86.43,7.9,6.49,0.32,25.45,31.03,76.72,0.88,244.99,0.0,152.02
2024-08-19 16:00:00,26.1,86.64,12.04,6.48,0.48,15.35,30.73,76.36,0.74,101.13,0.0,46.62
2024-08-19 17:00:00,31.0,88.19,14.44,6.71,0.77,10.09,29.81,81.65,1.07,144.82,0.0,0.78
2024-08-19 18:00:00,27.55,81.7,12.35,4.33,0.65,7.51,27.85,86.86,0.87,198.36,0.0,0.0
2024-08-19 19:00:00,47.724031938336786,98.2709727044994,22.680115143041164,16.855077002728958,0.6925347109208515,38.52080639567355,,,,,,
2024-08-19 20:00:00,47.724031938336786,98.2709727044994,22.680115143041164,16.855077002728958,0.6925347109208515,38.52080639567355,,,,,,
2024-08-19 21:00:00,47.724031938336786,98.2709727044994,22.680115143041164,16.855077002728958,0.6925347109208515,38.52080639567355,,,,,,
2024-08-19 22:00:00,26.07,66.1,0.77,2.3,0.16,12.17,25.01,90.34,1.38,338.92,0.0,0.0
2024-08-19 23:00:00,24.22,57.49,3.7279585774624158,0.57,0.17,15.92,24.54,89.76,1.29,347.91,0.0,0.0
2024-08-20 00:00:00,19.08,45.42,5.38948126034999,1.81,0.24,12.74,24.04,92.69,0.94,318.41,0.0,0.0
2024-08-20 01:00:00,14.44,39.16,4.784707333738337,3.89,0.22,5.6,24.12,94.22,1.14,249.02,0.0,0.0
2024-08-20 02:00:00,16.74,41.58,0.8,3.97,0.25,3.34,24.21,95.53,0.78,178.71,0.0,0.0
2024-08-20 03:00:00,14.67,38.32,1.67,3.99,0.25,7.09,24.14,96.03,0.57,181.56,0.0,0.0
2024-08-20 04:00:00,10.9,39.73,1.51,3.96,0.25,6.8,23.93,95.94,0.91,182.21,0.0,0.0
2024-08-20 05:00:00,8.44,41.2,3.94,3.89,0.33,5.04,23.7,96.24,0.81,194.1,0.0,0.0
2024-08-20 06:00:00,6.18,38.16,4.74,4.14,0.76,1.58,23.92,96.8,0.84,161.49,0.0,0.0
2024-08-20 07:00:00,10.61,47.78,5.59,3.4,0.84,2.46,25.1,93.12,0.99,171.83,0.0,20.12
2024-08-20 08:00:00,15.11,56.56,7.2,3.45,0.63,7.48,26.7,85.36,0.58,110.17,0.0,110.55
2024-08-20 09:00:00,12.44,55.54,5.59,7.4,0.4,17.55,28.22,79.02,1.02,347.04,0.0,330.55
2024-08-20 10:00:00,14.72,54.86,11.23,7.63,0.64,27.76,29.83,73.13,0.51,194.14,0.0,533.2
2024-08-20 11:00:00,22.29,61.43,10.38,7.66,0.54,29.78,30.94,70.21,0.7,162.57,0.0,638.85
2024-08-20 12:00:00,19.62,67.34,8.41,7.52,0.54,26.07,32.01,66.65,0.87,112.9,0.0,739.02
2024-08-20 13:00:00,19.69,64.53,13.92,5.66,0.76,28.7,31.67,69.25,1.54,155.54,0.0,475.15
2024-08-20 14:00:00,18.63,70.96,13.9,7.59,0.74,27.03,31.32,70.34,1.68,157.06,0.0,396.15
2024-08-20 15:00:00,20.95,73.51,8.43,7.41,0.44,28.27,31.41,72.08,0.45,259.16,0.0,223.88
2024-08-20 16:00:00,18.56,70.72,9.08,7.67,0.48,30.55,31.07,71.65,0.7,176.98,0.0,38.2
2024-08-20 17:00:00,14.04,67.24,10.08,7.56,0.49,21.81,30.19,73.46,0.52,123.57,0.0,0.18
2024-08-20 18:00:00,19.05,58.49,17.23,7.62,0.74,15.1,29.15,77.32,0.68,112.99,0.0,0.0
2024-08-20 19:00:00,17.49,61.5,31.77,7.55,1.24,7.16,28.53,79.48,0.86,182.68,0.0,0.0
2024-08-20 20:00:00,20.07,74.39,29.47,5.07,1.15,5.59,28.22,81.87,1.06,331.32,0.0,0.0
2024-08-20 21:00:00,22.91,75.56,22.88,3.88,1.35,3.94,27.76,86.14,1.12,311.41,0.0,0.0
2024-08-20 22:00:00,29.66,95.7,21.82,4.99,1.04,6.12,27.42,87.86,0.9,281.19,0.0,0.0
2024-08-20 23:00:00,31.15,107.77,13.78,6.06,0.57,12.2,27.23,87.56,0.79,252.01,0.0,0.0
2024-08-21 00:00:00,28.15,91.66,10.37,7.35,0.33,9.98,26.31,91.98,1.01,186.24,0.0,0.0
2024-08-21 01:00:00,23.2,80.76,8.53,7.2,0.28,5.74,25.99,93.82,1.12,244.87,0.0,0.0
2024-08-21 02:00:00,22.92,80.69,8.51,7.18,0.24,6.5,25.81,94.06,1.02,331.54,0.0,0.0
2024-08-21 03:00:00,25.14,72.72,6.98,6.98,0.29,5.12,25.43,95.32,1.06,233.19,0.0,0.0
2024-08-21 04:00:00,21.55,65.44,3.88,6.96,0.28,8.42,25.09,96.11,1.11,236.42,0.0,0.0
2024-08-21 05:00:00,15.99,59.14,6.34,7.29,0.48,6.82,25.0,96.49,1.23,316.48,0.0,0.0
2024-08-21 06:00:00,15.6,59.74,6.07,7.4,0.57,4.25,25.24,96.7,1.05,262.95,0.0,0.0
2024-08-21 07:00:00,20.54,62.58,8.25,5.86,0.82,4.16,26.74,91.46,0.71,174.66,0.0,2.55
2024-08-21 08:00:00,21.86,70.16,11.31,4.29,0.82,9.71,28.44,81.36,1.23,167.25,0.0,83.38
2024-08-21 09:00:00,18.79,76.16,11.05,7.31,0.66,15.33,29.75,78.1,0.55,197.4,0.0,248.82
2024-08-21 10:00:00,20.47,73.84,11.31,7.15,0.7,25.16,30.96,73.69,1.04,159.44,0.0,714.1
2024-08-21 11:00:00,22.14,74.9,14.35,7.48,0.64,28.92,31.49,72.67,0.87,154.91,0.0,494.05
2024-08-21 12:00:00,22.69,78.11,11.08,7.33,0.61,28.24,32.94,67.55,0.94,166.6,0.0,818.88
2024-08-21 13:00:00,24.08,72.52,11.35,5.16,0.59,27.21,33.17,67.02,1.13,153.48,0.0,659.12
2024-08-21 14:00:00,24.62,74.18,9.21,5.14,0.47,26.36,33.51,63.99,0.79,219.43,0.0,633.08
2024-08-21 15:00:00,19.86,71.78,8.87,7.28,0.5,28.91,33.23,64.65,0.94,158.02,0.0,253.8
2024-08-21 16:00:00,14.94,64.54,11.06,7.37,0.55,40.01,32.85,63.71,1.12,200.61,0.0,52.9
2024-08-21 17:00:00,17.56,62.3,10.32,6.36,0.75,37.11,31.95,68.02,1.26,166.5,0.0,5.1
2024-08-21 18:00:00,24.13,70.52,18.24,7.58,0.86,22.34,30.8,73.81,1.34,168.96,0.0,0.0
2024-08-21 19:00:00,24.65,77.02,21.53,5.89,1.1,30.89,29.88,76.24,1.46,160.99,0.0,0.0
2024-08-21 20:00:00,45.06,98.57,18.5,4.75,0.69,9.82,29.15,79.32,1.08,210.46,0.0,0.0
2024-08-21 21:00:00,40.34,102.7,21.33,4.39,0.61,9.94,28.24,83.54,0.56,227.31,0.0,0.0
2024-08-21 22:00:00,37.68,104.7,13.67,5.44,0.43,11.96,27.89,86.12,1.01,18.14,0.0,0.0
2024-08-21 23:00:00,36.26,101.03,18.62,5.62,0.45,6.51,28.16,84.84,0.86,119.47,0.0,0.0
2024-08-22 00:00:00,36.25,98.11,14.01,6.73,0.36,4.14,27.6,87.49,0.66,141.58,0.0,0.0
2024-08-22 01:00:00,32.24,96.62,9.84,6.62,0.36,3.96,27.51,86.43,0.66,89.09,0.0,0.0
2024-08-22 02:00:00,31.65,97.85,11.86,6.61,0.36,2.48,27.22,87.37,0.64,115.37,0.0,0.0
2024-08-22 03:00:00,31.04,95.97,9.09,6.63,0.35,3.09,26.79,88.65,0.68,163.02,0.0,0.0
2024-08-22 04:00:00,29.92,95.14,8.08,6.64,0.36,5.72,26.61,89.33,0.57,143.74,0.0,0.0
2024-08-22 05:00:00,31.88,87.69,9.24,6.57,0.43,3.36,26.49,89.52,0.96,149.59,0.0,0.0
2024-08-22 06:00:00,32.24,88.14,11.41,5.44,0.63,1.12,26.65,89.02,0.88,153.01,0.0,0.0
2024-08-22 07:00:00,34.46,94.07,12.04,5.93,0.64,26.04399696660337,27.07,88.15,0.7,180.99,0.0,21.7
2024-08-22 08:00:00,39.26,94.78,11.52,4.62,0.75,3.78,28.78,82.83,0.62,176.98,0.0,143.05
2024-08-22 09:00:00,36.5,97.63,12.92,4.53,0.82,15.29,30.11,76.78,0.68,143.75,0.0,256.68
2024-08-22 10:00:00,28.88,101.04,12.66,6.76,0.71,19.25,30.66,75.0,0.64,147.58,0.0,311.6
2024-08-22 11:00:00,28.06,92.52,12.46,4.88,0.78,22.43,30.94,73.74,1.11,149.5,0.0,448.03
2024-08-22 12:00:00,27.94,87.32,10.57,5.95,0.45,20.94,32.52,70.19,0.75,272.32,0.0,533.25
2024-08-22 13:00:00,31.03,84.03,5.24,4.62,0.3,34.17,32.1,73.11,0.84,87.5,0.0,468.45
2024-08-22 14:00:00,30.75,75.31,8.98,6.17,0.32,45.42,31.16,74.78,1.1,173.84,0.0,257.45
2024-08-22 15:00:00,32.15,86.64,15.87,6.31,0.42,41.69,30.77,75.69,0.72,111.07,0.0,108.28
2024-08-22 16:00:00,33.15,88.92,20.7,6.18,0.45,26.61,30.13,77.66,0.67,314.79,0.0,13.32
2024-08-22 17:00:00,39.15,96.2,15.98,6.36,0.88,20.84,28.26,78.59,0.98,161.2,0.0,0.0
2024-08-22 18:00:00,32.32,101.88,12.17,6.41,0.84,20.41,26.85,82.5,1.96,166.93,0.0,0.0
2024-08-22 19:00:00,25.73,89.06,14.7,6.42,0.92,16.86,25.76,85.03,1.37,177.94,0.0,0.0
2024-08-22 20:00:00,21.3,79.48,15.76,4.2,0.91,14.2,24.95,85.72,1.47,162.08,0.0,0.0
2024-08-22 21:00:00,25.73,84.68,13.56,6.37,0.76,16.13,25.12,87.45,1.23,170.86,0.0,0.0
2024-08-22 22:00:00,30.56,88.26,6.93,4.65,0.34,15.31,24.87,90.44,0.8,235.48,0.0,0.0
2024-08-22 23:00:00,25.14,74.28,4.61,3.14,0.29,14.72,25.02,89.8,1.17,240.66,0.0,0.0
2024-08-23 00:00:00,18.2,53.45,4.68,3.51,0.27,12.11,25.08,89.66,0.82,135.39,0.0,0.0
2024-08-23 01:00:00,13.31,47.66,7.56,5.82,0.31,11.88,25.34,89.01,1.2,202.26,0.0,0.0
2024-08-23 02:00:00,15.87,49.6,5.44,5.85,0.24,14.33,25.09,89.42,0.88,138.66,0.0,0.0
2024-08-23 03:00:00,16.82,48.11,5.91,5.98,0.24,14.14,25.02,90.39,0.72,176.39,0.0,0.0
2024-08-23 04:00:00,15.67,44.14,7.64,5.88,0.24,10.32,25.09,90.91,0.88,181.4,0.0,0.0
2024-08-23 05:00:00,13.22,45.9,8.23,6.02,0.24,13.12,25.05,90.79,0.82,181.87,0.0,0.0
2024-08-23 06:00:00,11.68,47.0,10.96,5.98,0.34,6.95,25.09,92.24,0.64,189.58,0.95,0.0
2024-08-23 07:00:00,17.76,46.07,8.02,6.04,0.26,12.71,23.11,96.1,0.82,16.54,1.0,0.0
2024-08-23 08:00:00,19.12,37.5,8.36,3.37,0.35,13.27,23.01,96.74,0.92,332.69,0.45,1.27
2024-08-23 09:00:00,17.32,35.6,12.72,4.35,0.46,14.63,24.22,95.7,0.63,284.67,0.05,210.1
2024-08-23 10:00:00,15.42,39.62,19.89,6.41,0.63,19.05,26.36,87.36,0.56,181.92,0.0,397.8
2024-08-23 11:00:00,19.25,42.02,15.49,6.48,0.61,19.84,27.99,81.31,0.64,137.0,0.0,463.08
2024-08-23 12:00:00,16.16,53.2,15.2,6.38,0.76,18.42,29.82,73.34,0.66,159.2,0.0,622.6
2024-08-23 13:00:00,17.78,58.12,15.02,6.46,0.66,19.69,30.64,69.92,0.8,209.65,0.0,603.65
2024-08-23 14:00:00,18.25,68.82,13.07,5.97,0.67,22.32,30.97,70.39,1.35,164.12,0.0,543.88
2024-08-23 15:00:00,22.96,69.56,11.58,4.16,0.6,21.18,30.97,69.18,1.06,156.15,0.0,190.52
2024-08-23 16:00:00,19.76,69.34,13.0,6.18,0.64,16.02,30.41,70.09,0.94,149.59,0.0,14.55
2024-08-23 17:00:00,19.47,59.24,15.05,6.51,0.74,12.63,30.02,70.16,0.89,157.62,0.0,1.62
2024-08-23 18:00:00,17.51,63.0,14.42,5.0,0.7,14.38,29.01,73.98,0.72,84.98,0.0,0.0
2024-08-23 19:00:00,16.29,64.63,15.62,6.43,1.12,27.11,28.2,80.17,1.13,151.4,0.0,0.0
2024-08-23 20:00:00,41.9,61.17,15.65,6.76,0.87,11.55,26.85,81.27,1.28,169.63,0.0,0.0
2024-08-23 21:00:00,32.34,79.72,13.82,6.08,0.6,13.72,25.56,84.21,0.87,212.52,0.0,0.0
2024-08-23 22:00:00,34.49,76.8,8.28,5.56,0.27,16.4,24.46,89.77,0.5,125.96,0.1,0.0
2024-08-23 23:00:00,28.18,63.4,7.64,5.92,0.24,14.87,23.98,91.73,0.51,210.73,0.05,0.0
2024-08-24 00:00:00,20.38,51.58,6.09,4.93,0.24,14.93,23.94,91.1,0.74,125.66,0.0,0.0
2024-08-24 01:00:00,14.56,39.11,3.18,6.35,0.19,18.35,23.83,89.86,0.84,161.36,0.0,0.0
2024-08-24 02:00:00,15.81,30.67,2.06,6.36,0.18,20.12,23.5,91.16,1.14,168.98,0.0,0.0
2024-08-24 03:00:00,13.44,26.93,2.31,6.53,0.18,19.8,23.56,91.56,1.02,140.46,0.0,0.0
2024-08-24 04:00:00,10.22,20.47,5.38,6.64,0.21,16.63,23.86,90.72,0.67,174.23,0.0,0.0
2024-08-24 05:00:00,7.48,18.06,4.75,6.92,0.25,14.85,23.86,91.12,0.72,137.16,0.0,0.0
2024-08-24 06:00:00,5.34,22.75,7.94,6.8,0.5,10.63,23.96,91.27,1.36,177.84,0.0,0.0
2024-08-24 07:00:00,5.81,26.83,10.4,5.57,0.77,7.78,24.14,91.35,1.22,175.23,0.0,0.0
2024-08-24 08:00:00,4.91,38.01,8.61,4.51,0.81,7.84,24.5,89.86,1.12,175.25,0.0,0.0
2024-08-24 09:00:00,6.76,36.67,6.76,6.28,0.56,9.63,25.12,87.98,0.54,164.14,0.0,0.62
2024-08-24 10:00:00,13.24,38.43,8.87,6.94,0.74,12.18,26.24,84.2,1.09,175.48,0.0,15.52
2024-08-24 11:00:00,12.14,41.21,10.66,6.85,0.7,11.02,26.3,85.45,0.63,154.15,0.0,0.0
2024-08-24 12:00:00,20.24,56.03,11.38,6.9,0.76,14.4,27.42,81.51,0.88,182.68,0.0,2.08
2024-08-24 13:00:00,18.71,58.4,10.23,7.18,0.62,16.42,27.83,80.9,1.02,182.6,0.0,51.3
2024-08-24 14:00:00,22.26,67.31,11.44,7.05,0.77,14.39,27.96,81.9,1.45,169.8,0.0,16.65
2024-08-24 15:00:00,25.95,70.43,7.52,6.78,0.58,13.58,26.29,89.41,0.91,217.18,1.2,1.12
2024-08-24 16:00:00,25.08,61.64,10.96,4.61,0.7,13.0,24.73,95.91,0.64,125.54,0.05,0.0
2024-08-24 17:00:00,19.34,63.38,12.78,6.92,0.86,10.88,24.99,95.57,1.27,168.98,0.15,0.0
2024-08-24 18:00:00,14.28,59.31,12.98,7.08,1.12,8.2,24.73,95.23,1.09,145.45,0.0,0.0
2024-08-24 19:00:00,23.07,52.5,12.34,7.03,1.12,4.77,24.76,95.44,1.16,160.8,0.0,0.0
2024-08-24 20:00:00,26.67,58.44,14.78,6.66,0.77,4.22,24.66,95.38,0.47,97.68,0.0,0.0
2024-08-24 21:00:00,23.56,65.91,13.07,4.54,0.72,4.92,24.89,93.14,1.07,141.66,0.0,0.0
2024-08-24 22:00:00,31.25,72.74,10.25,6.6,0.62,5.77,24.94,91.24,1.24,163.12,0.0,0.0
2024-08-24 23:00:00,27.23,72.6,6.43,4.42,0.33,8.73,24.58,88.3,0.82,166.2,0.0,0.0
2024-08-25 00:00:00,19.34,54.94,4.23,6.52,0.2,10.83,24.4,87.21,0.58,166.86,0.0,0.0
2024-08-25 01:00:00,15.9,47.69,1.9,6.33,0.2,11.81,23.84,91.24,1.4,177.61,0.0,0.0
2024-08-25 02:00:00,13.02,40.84,0.78,6.5,0.17,11.28,23.04,95.87,1.56,180.72,0.2,0.0
2024-08-25 03:00:00,11.88,30.35,0.6,6.47,0.17,11.4,22.92,96.49,1.49,177.46,0.15,0.0
2024-08-25 04:00:00,9.45,25.28,1.18,6.6,0.17,11.82,22.81,96.72,1.52,177.97,0.2,0.0
2024-08-25 05:00:00,8.04,19.53,1.13,6.62,0.18,11.95,22.57,96.9,1.52,173.38,1.85,0.0
2024-08-25 06:00:00,6.37,14.04,3.1,6.73,0.28,9.56,22.5,97.02,1.24,171.91,0.25,0.0
2024-08-25 07:00:00,5.4,12.72,3.72,6.33,0.41,6.69,22.64,97.06,1.47,176.18,0.5,0.0
2024-08-25 08:00:00,8.44,16.76,3.58,4.52,0.49,6.77,22.82,96.9,1.39,172.34,0.05,0.0
2024-08-25 09:00:00,7.9,18.99,3.4,4.97,0.56,5.84,23.38,95.37,1.02,170.98,0.0,0.0
2024-08-25 10:00:00,5.96,19.53,3.6,5.92,0.44,6.82,24.7,89.87,0.59,167.8,0.0,0.0
2024-08-25 11:00:00,4.32,23.24,5.96,5.12,0.54,6.39,25.18,86.48,0.61,146.61,0.0,0.0
2024-08-25 12:00:00,12.28,29.31,4.55,6.91,0.44,6.82,25.53,85.71,0.45,139.23,0.0,0.0
2024-08-25 13:00:00,11.71,30.01,5.0,7.04,0.41,8.18,25.63,84.31,0.5,200.76,0.0,4.55
2024-08-25 14:00:00,15.08,40.83,7.02,6.84,0.53,8.72,26.44,81.97,0.51,186.59,0.0,35.38
2024-08-25 15:00:00,13.04,44.95,5.87,6.76,0.43,8.28,26.01,83.62,0.36,146.41,0.0,11.18
2024-08-25 16:00:00,11.58,44.89,6.0,6.88,0.42,8.2,25.9,84.72,0.42,109.36,0.0,9.1
2024-08-25 17:00:00,12.46,46.39,6.9,7.06,0.48,7.74,25.92,84.7,0.58,166.35,0.0,3.98
2024-08-25 18:00:00,17.02,47.48,8.92,6.87,0.55,5.81,25.01,89.03,0.7,178.23,0.05,0.0
2024-08-25 19:00:00,14.33,49.68,12.48,5.24,0.91,4.6,24.13,94.87,0.96,121.95,0.1,0.0
2024-08-25 20:00:00,33.48,81.38,13.66,5.12,0.86,2.55,24.04,95.36,0.84,174.68,0.0,0.0
2024-08-25 21:00:00,37.03,96.65,10.48,4.89,0.9,0.86,24.18,96.19,0.6,226.49,0.0,0.0
2024-08-25 22:00:00,33.82,89.76,10.78,6.51,0.66,2.66,24.49,94.85,0.9,122.52,0.0,0.0
2024-08-25 23:00:00,28.48,78.63,8.17,6.96,0.57,3.9,24.29,95.24,1.14,162.92,0.0,0.0
2024-08-26 00:00:00,25.16,66.67,5.49,6.64,0.27,5.2,24.02,95.46,0.31,163.32,0.0,0.0
2024-08-26 01:00:00,19.41,55.02,6.82,6.81,0.27,3.26,24.2,94.29,1.17,179.59,0.0,0.0
2024-08-26 02:00:00,13.79,54.0,2.16,6.88,0.21,4.17,24.15,93.43,0.84,150.26,0.0,0.0
2024-08-26 03:00:00,9.78,50.32,2.4,6.76,0.23,4.76,24.11,93.64,0.99,173.08,0.0,0.0
2024-08-26 04:00:00,8.69,43.02,4.12,6.76,0.26,4.68,24.08,93.65,1.21,171.15,0.0,0.0
2024-08-26 05:00:00,7.11,37.12,4.05,7.25,0.37,4.69,23.99,93.19,1.2,173.92,0.0,0.0
2024-08-26 06:00:00,10.22,32.85,4.56,7.21,0.59,3.74,23.97,92.31,1.25,183.38,0.0,0.0
2024-08-26 07:00:00,8.89,37.48,5.41,7.6,0.9,2.84,24.58,90.03,1.16,182.16,0.0,31.75
2024-08-26 08:00:00,17.28,45.82,5.3,5.36,0.73,4.96,25.29,86.16,1.33,180.62,0.0,110.6
2024-08-26 09:00:00,16.43,49.09,6.28,7.5,0.83,6.33,25.96,83.95,1.0,168.25,0.0,125.48
2024-08-26 10:00:00,11.96,52.93,7.9,7.6,0.9,6.79,26.7,81.68,1.2,164.57,0.0,140.1
2024-08-26 11:00:00,8.93,61.68,8.31,7.69,0.8,10.58,27.28,79.7,1.08,163.55,0.0,204.98
2024-08-26 12:00:00,14.04,72.13,6.95,7.61,0.49,12.3,28.5,76.43,0.4,244.39,0.0,353.32
2024-08-26 13:00:00,15.67,65.11,7.62,7.44,0.5,14.42,29.4,72.65,0.53,167.75,0.05,429.65
2024-08-26 14:00:00,21.34,64.28,9.33,7.5,0.6,13.84,29.26,71.51,0.97,161.56,0.0,279.58
2024-08-26 15:00:00,18.55,76.25,9.88,7.46,0.61,15.42,28.56,74.73,0.76,139.25,0.0,217.4
2024-08-26 16:00:00,14.7,65.54,9.93,7.45,0.61,15.42,28.82,72.18,0.62,202.85,0.0,47.02
2024-08-26 17:00:00,10.96,62.97,8.64,7.34,0.5,15.3,25.2,87.04,0.78,84.07,0.05,0.0
2024-08-26 18:00:00,13.29,58.13,12.47,7.38,0.67,8.73,25.22,87.53,0.32,183.14,0.0,0.0
2024-08-26 19:00:00,12.46,59.3,16.4,6.2,0.84,4.86,25.25,88.34,0.76,36.97,0.0,0.0
2024-08-26 20:00:00,15.5,63.29,17.08,4.57,1.27,1.94,24.8,91.42,1.0,180.16,0.0,0.0
2024-08-26 21:00:00,21.31,70.36,13.36,5.45,0.79,1.4,24.52,94.13,0.76,238.81,0.0,0.0
2024-08-26 22:00:00,25.1,78.68,13.78,6.5,0.8,1.85,24.34,95.08,0.88,341.5,0.0,0.0
2024-08-26 23:00:00,25.36,82.28,15.51,4.48,0.74,3.86,24.62,91.6,0.46,251.31,0.0,0.0
2024-08-27 00:00:00,26.06,86.97,10.64,6.72,0.46,3.84,24.76,90.64,0.97,34.62,0.0,0.0
2024-08-27 01:00:00,23.74,74.77,9.81,5.94,0.39,1.76,24.53,91.65,1.1,110.29,0.0,0.0
2024-08-27 02:00:00,21.36,69.77,4.27,7.04,0.22,3.34,24.1,91.7,0.83,127.85,0.0,0.0
2024-08-27 03:00:00,16.35,66.19,3.25,7.15,0.21,4.83,23.68,91.6,0.74,271.64,0.0,0.0
2024-08-27 04:00:00,14.63,56.62,1.96,7.15,0.18,7.14,23.81,89.46,0.69,121.91,0.0,0.0
2024-08-27 05:00:00,11.95,46.92,3.71,7.2,0.27,5.88,23.65,90.57,0.77,76.1,0.0,0.0
2024-08-27 06:00:00,9.07,44.15,4.31,7.29,0.27,5.46,23.71,90.8,0.72,129.58,0.0,0.0
2024-08-27 07:00:00,12.62,46.43,6.95,5.05,0.48,5.6,24.57,86.93,0.61,134.66,0.0,5.18
2024-08-27 08:00:00,15.44,48.53,5.6,5.02,0.48,9.46,26.08,81.48,0.47,181.54,0.0,76.97
2024-08-27 09:00:00,18.44,56.81,6.16,7.54,0.45,10.83,27.4,76.98,0.51,262.78,0.0,324.38
2024-08-27 10:00:00,15.74,51.03,6.53,7.44,0.45,12.6,28.96,73.1,0.22,171.77,0.0,397.1
2024-08-27 11:00:00,11.61,47.18,5.05,7.63,0.4,15.05,30.28,68.37,0.74,236.57,0.0,623.25
2024-08-27 12:00:00,10.3,52.24,6.25,7.77,0.37,16.82,30.83,66.19,0.53,177.57,0.0,444.85
2024-08-27 13:00:00,13.27,50.33,7.7,7.7,0.44,18.36,31.73,63.94,0.46,116.87,0.0,484.32
2024-08-27 14:00:00,19.33,54.59,8.44,7.64,0.5,19.52,31.84,62.56,0.96,165.99,0.0,398.35
2024-08-27 15:00:00,21.16,60.24,9.33,7.75,0.56,19.44,31.09,64.8,1.25,153.64,0.0,261.15
2024-08-27 16:00:00,16.71,54.78,10.42,7.82,0.66,17.53,30.67,67.06,0.79,182.58,0.0,31.3
2024-08-27 17:00:00,16.54,57.24,12.98,7.86,0.66,15.44,30.04,69.24,0.81,152.76,0.0,0.0
2024-08-27 18:00:00,16.75,60.56,17.01,7.86,0.7,12.32,28.7,74.84,0.44,76.74,0.0,0.0
2024-08-27 19:00:00,15.32,63.46,22.09,6.55,0.91,8.22,27.58,79.02,0.6,182.8,0.0,0.0
2024-08-27 20:00:00,18.97,80.32,27.6,7.0,1.02,4.36,27.08,82.41,1.06,113.06,0.0,0.0
2024-08-27 21:00:00,22.16,86.28,27.53,8.18,1.6,2.0,26.51,85.68,0.79,247.7,0.0,0.0
2024-08-27 22:00:00,28.77,107.02,24.31,7.67,1.18,1.99,26.24,87.6,1.03,257.29,0.0,0.0
2024-08-27 23:00:00,34.7,105.88,21.67,3.72,0.9,2.52,26.17,88.33,0.82,173.11,0.0,0.0
2024-08-28 00:00:00,29.96,107.87,17.5,7.32,0.39,2.76,26.41,87.7,0.76,167.14,0.0,0.0
2024-08-28 01:00:00,25.71,98.12,11.1,7.46,0.3,7.52,26.16,87.62,1.04,135.3,0.0,0.0
2024-08-28 02:00:00,22.52,79.15,4.82,7.46,0.21,5.21,25.25,89.98,0.62,67.6,0.0,0.0
2024-08-28 03:00:00,19.14,57.48,4.03,7.64,0.17,4.06,24.82,90.3,0.57,48.94,0.0,0.0
2024-08-28 04:00:00,14.21,51.54,2.53,7.48,0.16,5.07,24.53,90.38,0.65,192.42,0.0,0.0
2024-08-28 05:00:00,10.26,41.68,3.23,7.66,0.18,4.55,24.06,91.42,0.64,147.96,0.0,0.0
2024-08-28 06:00:00,7.88,33.91,4.14,7.48,0.22,15.99,24.05,91.72,0.9,246.47,0.0,0.0
2024-08-28 07:00:00,12.54,30.82,5.76,3.22,0.33,1.14,25.56,84.33,0.71,96.95,0.0,0.0
2024-08-28 08:00:00,13.48,29.97,6.13,4.24,0.41,1.68,27.13,77.77,0.43,95.75,0.0,0.6
2024-08-28 09:00:00,10.26,33.54,7.09,6.61,0.53,3.34,28.84,71.82,0.41,113.64,0.0,0.0
2024-08-28 10:00:00,7.27,42.55,6.56,6.78,0.4,4.92,29.79,69.16,0.35,291.89,0.0,8.88
2024-08-28 11:00:00,5.7,38.01,5.14,3.76,0.43,21.34,30.9,64.73,0.5,149.08,0.05,61.38
2024-08-28 12:00:00,8.07,41.48,5.96,6.66,0.5,14.24,31.76,62.92,1.31,201.89,0.0,133.18
2024-08-28 13:00:00,7.34,43.54,6.34,7.47,0.48,15.12,31.88,63.73,0.68,174.46,0.0,99.05
2024-08-28 14:00:00,7.05,49.64,9.45,7.51,0.6,12.49,31.8,63.0,1.2,162.33,0.0,81.78
2024-08-28 15:00:00,9.75,47.34,10.36,5.23,0.64,13.57,31.12,65.18,1.16,162.81,0.0,62.2
2024-08-28 16:00:00,11.83,55.74,10.04,7.33,0.47,13.22,31.32,64.42,0.54,157.13,0.0,61.45
2024-08-28 17:00:00,12.2,52.25,11.56,7.28,0.54,11.92,30.18,65.79,0.4,142.34,0.0,0.0
2024-08-28 18:00:00,10.52,56.7,14.45,7.46,0.63,11.06,29.13,70.34,0.44,60.24,0.0,0.0
2024-08-28 19:00:00,11.51,57.26,21.36,6.81,0.86,6.14,28.28,73.78,0.58,89.91,0.0,0.0
2024-08-28 20:00:00,17.1,61.34,24.64,5.74,0.97,3.92,28.02,74.8,0.64,59.52,0.0,0.0
2024-08-28 21:00:00,16.4,71.54,16.85,7.34,0.64,5.77,27.28,78.37,0.8,178.99,0.0,0.0
2024-08-28 22:00:00,13.22,63.16,11.62,7.18,0.47,7.9,27.38,78.84,0.8,262.29,0.0,0.0
2024-08-28 23:00:00,14.86,66.66,8.33,5.23,0.36,9.36,27.33,79.05,0.53,191.14,0.0,0.0
2024-08-29 00:00:00,12.48,62.11,3.66,7.15,0.26,12.73,25.94,86.84,1.08,174.13,0.1,0.0
2024-08-29 01:00:00,13.62,53.48,2.28,6.95,0.21,9.83,24.56,94.94,1.29,161.5,0.35,0.0
2024-08-29 02:00:00,12.01,43.47,2.08,7.08,0.2,10.29,24.09,96.13,1.18,155.36,0.0,0.0
2024-08-29 03:00:00,8.91,40.67,4.89,7.28,0.27,8.05,23.72,96.1,0.51,76.88,0.0,0.0
2024-08-29 04:00:00,17.86,37.01,7.08,7.36,0.31,4.34,23.72,96.62,0.64,177.47,0.0,0.0
2024-08-29 05:00:00,17.13,38.41,5.92,7.31,0.3,2.96,23.7,96.98,1.0,331.88,0.0,0.0
2024-08-29 06:00:00,20.0,38.49,7.03,5.32,0.58,2.52,24.08,97.2,1.13,331.1,0.0,0.0
2024-08-29 07:00:00,19.98,53.11,4.72,4.8,0.32,3.94,25.2,94.84,1.2,339.98,0.0,18.3
2024-08-29 08:00:00,25.93,51.8,1.88,3.04,0.36,6.52,26.53,86.2,1.1,309.55,0.0,33.03
2024-08-29 09:00:00,21.42,46.1,3.36,6.03,0.3,2.6,27.25,83.7,1.02,331.42,0.0,118.8
2024-08-29 10:00:00,20.87,44.96,4.93,5.68,0.35,7.6,28.5,80.06,1.1,258.93,0.0,146.98
2024-08-29 11:00:00,18.1,39.76,1.54,5.64,0.24,13.12,28.06,80.18,1.38,345.68,0.0,109.92
2024-08-29 12:00:00,17.49,34.84,2.36,3.45,0.28,17.48,28.86,77.59,1.14,254.89,0.0,228.65
2024-08-29 13:00:00,16.39,43.91,4.19,5.87,0.28,18.32,30.3,73.24,1.29,349.72,0.0,131.7
2024-08-29 14:00:00,19.4,47.7,2.14,5.9,0.23,21.84,30.58,68.91,1.18,253.88,0.0,87.25
2024-08-29 15:00:00,17.27,41.87,4.79,5.7,0.26,16.37,28.95,75.18,1.47,343.91,0.0,52.72
2024-08-29 16:00:00,14.29,47.56,9.82,5.78,0.45,11.31,25.79,89.84,1.04,321.69,0.3,0.0
2024-08-29 17:00:00,16.72,49.6,11.86,3.79,0.6,8.39,24.9,94.89,0.73,176.03,0.0,0.0
2024-08-29 18:00:00,17.37,45.34,15.5,6.36,0.74,4.54,24.42,94.44,1.06,343.56,0.0,0.0
2024-08-29 19:00:00,21.23,49.62,16.04,6.58,0.56,3.26,24.48,95.76,1.07,336.86,0.0,0.0
2024-08-29 20:00:00,27.22,56.38,11.9,6.0,0.53,2.61,24.69,96.44,1.22,319.6,0.0,0.0
2024-08-29 21:00:00,25.39,57.03,9.25,4.7,0.5,1.98,24.89,96.94,1.16,302.3,0.05,0.0
2024-08-29 22:00:00,25.08,48.13,6.5,4.62,0.4,2.17,24.76,96.98,1.1,323.89,0.0,0.0
2024-08-29 23:00:00,21.88,46.99,4.85,5.49,0.36,4.21,24.57,96.94,1.11,245.16,0.0,0.0
2024-08-30 00:00:00,19.74,44.44,5.7,5.54,0.38,3.46,24.44,96.91,1.11,315.23,0.0,0.0
2024-08-30 01:00:00,17.26,39.58,4.7,5.48,0.31,2.46,24.4,96.67,1.13,314.74,0.0,0.0
2024-08-30 02:00:00,14.32,44.38,4.38,5.53,0.28,1.68,24.54,96.51,0.96,162.33,0.0,0.0
2024-08-30 03:00:00,12.34,46.29,8.9,5.57,0.3,1.72,24.35,96.89,0.38,145.36,2.7,0.0
2024-08-30 04:00:00,10.77,41.5,16.16,5.61,0.28,4.26,23.24,97.19,1.12,245.3,0.35,0.0
2024-08-30 05:00:00,9.9,36.66,6.32,5.58,0.21,7.1,23.27,97.2,1.18,323.81,0.0,0.0
2024-08-30 06:00:00,16.59,36.83,7.92,5.64,0.28,3.76,23.71,97.19,0.94,180.08,0.05,0.0
2024-08-30 07:00:00,16.62,43.72,6.22,3.54,0.46,3.33,24.84,97.17,1.08,347.5,0.0,42.7
2024-08-30 08:00:00,25.96,52.16,4.58,5.6,0.4,5.56,26.36,92.92,1.26,349.72,0.0,117.65
2024-08-30 09:00:00,24.8,48.04,6.45,5.66,0.39,7.2,28.13,84.6,1.16,340.64,0.0,151.85
2024-08-30 10:00:00,19.67,42.58,7.21,5.91,0.29,9.82,28.56,82.24,1.26,338.74,0.0,164.32
2024-08-30 11:00:00,16.34,45.07,13.43,6.08,0.76,9.38,26.48,89.62,1.14,210.04,1.05,15.82
2024-08-30 12:00:00,21.36,52.86,14.7,5.68,0.55,13.79,23.25,96.78,0.53,261.18,11.2,13.1
2024-08-30 13:00:00,27.08,52.47,22.56,6.4,1.23,8.92,24.57,97.18,0.36,164.72,0.0,110.32
2024-08-30 14:00:00,23.96,57.56,12.08,5.9,0.53,10.91,26.72,92.57,1.13,64.55,0.0,166.0
2024-08-30 15:00:00,22.13,59.65,4.77,3.13,0.31,12.2,27.03,87.98,2.23,43.03,0.0,147.92
2024-08-30 16:00:00,19.92,49.33,3.07,1.58,0.29,16.84,24.92,92.41,1.39,23.76,0.45,2.3
2024-08-30 17:00:00,18.74,42.18,5.1,4.8,0.33,13.45,24.48,96.13,1.18,266.06,0.0,0.78
2024-08-30 18:00:00,19.27,36.83,4.8,5.45,0.32,11.22,24.35,96.26,1.2,260.79,0.0,0.0
2024-08-30 19:00:00,17.18,36.38,5.8,4.38,0.35,7.96,24.28,96.66,1.1,350.4,0.0,0.0
2024-08-30 20:00:00,17.11,40.29,3.18,8.0,0.27,7.08,24.39,97.05,1.17,255.19,0.0,0.0
2024-08-30 21:00:00,15.46,37.3,3.2,7.87,0.28,7.0,24.48,96.88,1.12,349.34,0.0,0.0
2024-08-30 22:00:00,13.42,33.1,2.28,7.4,0.24,4.92,24.38,96.82,1.18,329.08,0.0,0.0
2024-08-30 23:00:00,16.33,35.42,1.76,7.5,0.24,5.95,24.38,97.02,1.19,262.91,0.0,0.0
2024-08-31 00:00:00,15.44,31.74,1.3,8.99,0.26,6.41,24.24,96.56,1.12,349.86,0.0,0.0
2024-08-31 01:00:00,13.71,30.22,0.93,9.27,0.26,7.05,24.15,96.08,1.48,266.52,0.0,0.0
2024-08-31 02:00:00,15.68,34.48,1.4,9.4,0.25,7.07,23.95,95.88,1.45,2.36,0.0,0.0
2024-08-31 03:00:00,14.23,32.43,2.28,9.35,0.26,7.1,23.9,95.82,1.47,350.86,0.0,0.0
2024-08-31 04:00:00,12.53,29.75,1.33,9.24,0.26,6.13,23.8,96.02,1.27,345.74,0.0,0.0
2024-08-31 05:00:00,13.48,30.33,1.23,9.25,0.26,7.35,23.74,95.62,1.35,344.39,0.0,0.0
2024-08-31 06:00:00,13.5,32.32,1.85,9.3,0.26,6.73,23.84,94.99,1.39,350.67,0.0,0.0
2024-08-31 07:00:00,18.91,36.16,1.66,9.33,0.3,8.78,24.85,91.73,1.45,179.78,0.0,25.15
2024-08-31 08:00:00,23.46,41.79,1.6,5.38,0.33,15.12,26.48,86.09,1.57,176.75,0.0,73.7
2024-08-31 09:00:00,23.28,34.77,7.46,11.14,0.32,14.32,27.23,85.32,1.26,346.2,0.0,170.0
2024-08-31 10:00:00,24.87,42.68,8.91,11.34,0.35,18.61,29.21,80.82,1.2,341.46,0.05,261.98
2024-08-31 11:00:00,29.08,54.87,11.56,10.76,0.35,25.18,30.16,76.67,1.5,257.77,0.0,288.35
2024-08-31 12:00:00,32.79,79.24,14.65,6.91,0.32,29.01,31.12,73.1,1.32,343.17,0.0,232.82
2024-08-31 13:00:00,42.25,89.85,18.82,8.73,0.34,28.28,32.12,70.34,1.06,353.96,0.0,98.65
2024-08-31 14:00:00,53.24,101.41,9.57,9.3,0.3,34.34,32.52,67.98,1.36,352.59,0.0,117.88
2024-08-31 15:00:00,47.37,101.33,4.58,7.48,0.32,36.29,32.39,67.79,1.39,350.96,0.0,116.62
2024-08-31 16:00:00,43.56,89.08,4.53,6.59,0.36,30.29,30.76,73.9,1.03,334.2,0.0,8.65
2024-08-31 17:00:00,42.25,87.74,11.83,5.11,0.5,18.52,29.75,77.91,1.04,338.02,0.0,0.0
2024-08-31 18:00:00,47.54,92.24,10.58,8.62,0.57,14.03,29.22,80.77,1.06,317.98,0.0,0.0
2024-08-31 19:00:00,49.04,100.62,15.54,8.63,0.82,15.01,29.66,76.6,1.56,339.85,0.0,0.0
2024-08-31 20:00:00,43.94,98.02,7.05,9.79,0.51,20.17,29.44,76.04,1.48,338.76,0.0,0.0
2024-08-31 21:00:00,43.0,93.01,9.78,9.68,0.41,24.05,24.68,92.15,0.64,144.11,2.9,0.0
2024-08-31 22:00:00,34.97,74.55,17.16,8.2,0.55,14.79,24.14,97.21,0.85,290.71,0.25,0.0
2024-08-31 23:00:00,29.2,57.3,8.52,7.94,0.42,17.93,24.44,97.21,1.29,326.13,0.05,0.0
2024-09-01 00:00:00,24.24,55.28,5.38,10.19,0.27,17.28,24.45,97.16,1.16,330.43,0.0,0.0
2024-09-01 01:00:00,23.97,50.05,3.95,10.16,0.28,16.2,24.62,97.14,1.19,337.91,0.0,0.0
2024-09-01 02:00:00,20.5,47.81,1.65,10.03,0.27,15.55,24.88,97.12,1.44,349.43,0.0,0.0
2024-09-01 03:00:00,17.38,46.97,1.34,10.1,0.28,13.94,25.28,96.49,1.46,357.51,0.0,0.0
2024-09-01 04:00:00,21.24,43.93,0.84,9.85,0.26,10.41,25.5,95.39,1.34,337.53,0.1,0.0
2024-09-01 05:00:00,22.92,47.67,0.88,9.77,0.26,9.26,25.23,96.73,1.47,339.1,0.0,0.0
2024-09-01 06:00:00,22.41,46.79,0.98,9.77,0.28,14.27,25.12,95.83,1.38,341.7,0.0,0.0
2024-09-01 07:00:00,20.72,46.68,1.36,7.72,0.33,16.35,26.13,92.18,1.7,349.5,0.0,0.0
2024-09-01 08:00:00,27.53,51.87,3.62,10.03,0.34,18.36,27.81,86.35,1.17,266.39,0.0,5.42
2024-09-01 09:00:00,30.13,53.87,2.3,10.19,0.35,24.78,29.31,80.76,0.79,20.34,0.0,0.85
2024-09-01 10:00:00,31.32,52.96,2.05,10.06,0.33,28.96,30.4,75.87,0.42,49.98,0.0,24.75
2024-09-01 11:00:00,28.88,56.23,2.79,10.2,0.33,32.83,30.8,74.01,0.61,132.11,0.0,53.6
2024-09-01 12:00:00,28.27,57.31,1.74,10.07,0.29,36.24,32.16,67.74,0.65,34.74,0.05,19.18
2024-09-01 13:00:00,28.44,53.43,4.57,10.16,0.34,36.0,32.15,68.15,0.49,55.37,0.0,51.88
2024-09-01 14:00:00,26.99,55.16,2.61,10.26,0.29,37.56,32.19,67.04,0.78,104.67,0.0,69.78
2024-09-01 15:00:00,31.93,54.74,2.74,10.34,0.3,36.02,31.51,68.49,0.45,61.02,0.0,41.22
2024-09-01 16:00:00,28.23,52.87,3.43,10.26,0.32,33.79,30.81,71.08,0.34,122.15,0.0,1.2
2024-09-01 17:00:00,21.98,50.04,4.43,10.23,0.33,33.61,30.08,73.22,0.42,134.94,0.0,0.0
2024-09-01 18:00:00,25.37,56.3,5.24,10.36,0.39,27.76,28.94,77.5,0.81,314.69,0.0,0.0
2024-09-01 19:00:00,28.94,59.34,8.86,10.32,0.6,17.64,27.7,82.66,0.95,166.04,0.0,0.0
2024-09-01 20:00:00,34.67,73.3,14.2,10.4,0.87,9.04,27.35,85.31,1.21,311.09,0.0,0.0
2024-09-01 21:00:00,35.31,80.25,14.69,10.4,0.72,14.67,27.74,83.36,1.06,320.45,0.0,0.0
2024-09-01 22:00:00,35.78,79.18,7.07,10.25,0.36,17.26,26.78,88.85,1.12,327.18,0.0,0.0
2024-09-01 23:00:00,29.89,71.53,5.03,10.26,0.39,20.51,27.16,86.18,0.62,117.26,0.0,0.0
2024-09-02 00:00:00,27.19,66.07,3.29,10.09,0.32,23.06,27.02,85.11,0.99,332.03,0.0,0.0
2024-09-02 01:00:00,31.36,65.84,2.64,9.97,0.3,18.75,26.35,87.25,0.99,316.63,0.0,0.0
2024-09-02 02:00:00,31.7,70.08,2.61,10.04,0.28,16.73,26.46,86.96,1.22,336.71,0.0,0.0
2024-09-02 03:00:00,29.27,64.41,2.58,10.24,0.27,15.41,26.28,88.08,0.78,347.39,0.0,0.0
2024-09-02 04:00:00,29.05,60.37,2.8,10.24,0.25,13.03,25.14,93.23,0.72,30.09,6.05,0.0
2024-09-02 05:00:00,24.26,55.07,2.41,10.25,0.24,13.93,24.29,97.15,0.77,188.88,5.65,0.0
2024-09-02 06:00:00,21.08,42.22,2.25,10.17,0.29,12.16,24.49,97.18,0.93,186.44,0.0,0.0
2024-09-02 07:00:00,19.9,34.89,3.86,10.17,0.39,7.04,24.9,97.14,0.62,27.04,0.0,0.02
2024-09-02 08:00:00,24.72,35.69,5.72,10.32,0.44,6.91,25.28,97.13,0.57,17.92,0.0,9.32
2024-09-02 09:00:00,22.2,36.14,6.03,10.36,0.44,7.46,25.88,97.12,0.61,56.51,0.05,14.08
2024-09-02 10:00:00,22.98,37.2,8.96,10.54,0.44,9.77,27.06,90.58,0.43,68.54,0.25,49.2
2024-09-02 11:00:00,26.05,35.58,10.11,10.35,0.46,13.3,27.51,90.16,0.51,38.2,0.0,57.38
2024-09-02 12:00:00,22.26,39.53,10.39,10.38,0.45,18.45,29.1,82.84,0.46,45.49,0.0,86.55
2024-09-02 13:00:00,23.04,45.14,7.59,10.19,0.38,24.96,29.9,77.48,0.5,59.77,0.0,95.25
2024-09-02 14:00:00,24.24,53.28,6.44,7.72,0.38,26.43,29.42,78.27,0.47,62.07,0.0,92.42
2024-09-02 15:00:00,24.68,54.07,6.35,8.33,0.38,31.28,29.77,77.27,0.49,50.92,0.0,86.02
2024-09-02 16:00:00,21.34,44.83,10.37,7.48,0.56,18.05,27.15,86.6,1.0,133.96,3.15,24.2
2024-09-02 17:00:00,21.18,43.3,9.07,9.04,0.41,11.92,24.83,96.91,1.07,298.66,2.2,0.0
2024-09-02 18:00:00,18.12,38.41,11.58,8.48,0.64,9.51,24.9,97.2,1.08,194.98,0.0,0.0
2024-09-02 19:00:00,14.88,34.7,22.36,10.3,0.94,4.54,25.06,97.17,0.89,37.55,0.05,0.0
2024-09-02 20:00:00,19.0,36.57,17.8,10.14,0.79,6.48,25.03,97.13,0.72,67.26,0.0,0.0
2024-09-02 21:00:00,18.73,36.18,17.07,10.19,0.84,4.38,24.82,97.14,0.51,152.74,0.0,0.0
2024-09-02 22:00:00,18.74,39.31,10.0,9.94,0.46,7.28,24.38,97.22,0.62,36.08,0.0,0.0
2024-09-02 23:00:00,16.66,36.01,6.66,9.91,0.39,9.03,24.16,97.24,0.8,97.07,0.0,0.0
2024-09-03 00:00:00,16.88,31.98,6.64,9.83,0.31,8.86,24.3,97.22,0.94,115.8,0.05,0.0
2024-09-03 01:00:00,15.59,27.64,3.72,9.71,0.26,9.99,24.35,97.16,0.85,101.92,0.0,0.0
2024-09-03 02:00:00,15.03,31.41,2.3,9.72,0.22,11.58,24.4,97.12,0.57,206.73,0.0,0.0
2024-09-03 03:00:00,13.44,26.15,2.13,9.83,0.2,10.65,24.3,97.14,0.35,82.71,0.0,0.0
2024-09-03 04:00:00,14.45,22.2,2.17,9.71,0.21,9.98,24.12,97.2,0.62,124.99,0.0,0.0
2024-09-03 05:00:00,13.04,23.77,2.26,9.88,0.22,10.48,23.9,97.23,0.62,68.12,0.0,0.0
2024-09-03 06:00:00,11.19,23.1,4.64,9.92,0.37,8.48,23.86,97.23,0.76,133.26,0.0,0.0
2024-09-03 07:00:00,14.54,30.19,7.7,9.87,0.69,6.1,24.19,97.09,0.66,135.38,0.0,4.97
2024-09-03 08:00:00,18.43,36.39,6.58,9.91,0.68,9.36,25.26,91.32,0.76,144.69,0.0,31.72
2024-09-03 09:00:00,17.62,43.59,7.31,10.0,0.98,7.65,25.88,86.38,1.08,164.03,0.0,20.08
2024-09-03 10:00:00,24.2,47.22,6.9,10.15,0.76,8.86,27.03,82.8,0.84,157.74,0.0,39.4
2024-09-03 11:00:00,22.26,47.14,8.07,10.1,0.73,11.88,27.42,80.36,1.18,160.56,0.0,36.6
2024-09-03 12:00:00,18.02,50.23,7.74,10.07,0.58,10.68,27.35,83.86,0.33,189.24,0.0,61.25
2024-09-03 13:00:00,21.15,48.73,7.34,9.96,0.55,14.74,28.94,76.53,0.77,181.76,0.0,27.78
2024-09-03 14:00:00,22.59,50.78,3.08,9.89,0.35,17.5,29.04,76.99,0.42,44.86,0.0,41.7
2024-09-03 15:00:00,23.5,46.14,8.03,9.94,0.55,13.69,29.7,74.5,0.53,101.92,0.0,33.6
2024-09-03 16:00:00,20.42,42.89,7.84,10.01,0.5,18.37,29.5,75.5,0.47,82.28,0.0,24.18
2024-09-03 17:00:00,20.78,41.75,6.73,9.78,0.41,15.31,28.32,80.65,0.65,245.16,0.0,0.0
2024-09-03 18:00:00,18.04,44.26,17.58,10.24,0.96,5.72,27.46,85.06,1.24,320.51,0.0,0.0
2024-09-03 19:00:00,21.3,49.49,17.66,10.61,1.78,0.98,26.6,89.26,0.72,181.69,0.0,0.0
2024-09-03 20:00:00,30.33,61.27,14.12,10.19,0.91,3.74,26.86,87.75,1.0,168.67,0.0,0.0
2024-09-03 21:00:00,27.54,60.23,11.52,10.07,0.6,4.38,26.22,90.65,0.72,227.19,0.0,0.0
2024-09-03 22:00:00,21.94,55.03,12.4,9.83,0.57,2.31,25.94,91.87,0.56,245.12,0.0,0.0
2024-09-03 23:00:00,19.95,53.93,14.6,9.89,0.45,2.99,25.64,92.56,0.79,26.42,0.0,0.0
2024-09-04 00:00:00,19.83,51.15,8.76,9.82,0.35,2.86,25.1,94.76,0.84,206.62,0.0,0.0
2024-09-04 01:00:00,17.45,46.41,6.62,9.63,0.25,3.42,24.92,95.88,1.16,250.91,0.0,0.0
2024-09-04 02:00:00,14.64,43.96,3.51,9.61,0.27,3.6,24.82,96.56,1.16,337.48,0.0,0.0
2024-09-04 03:00:00,15.06,43.15,2.3,9.68,0.22,4.69,25.08,96.7,0.5,248.97,0.0,0.0
2024-09-04 04:00:00,17.87,38.36,1.96,9.67,0.21,4.16,25.28,95.79,0.72,114.28,0.0,0.0
2024-09-04 05:00:00,16.62,36.94,1.62,9.57,0.2,5.51,25.21,95.22,0.98,344.78,0.0,0.0
2024-09-04 06:00:00,14.12,31.77,1.85,9.55,0.22,4.8,25.22,95.2,0.99,329.93,0.0,0.0
2024-09-04 07:00:00,12.45,32.97,3.12,9.66,0.3,4.01,25.47,94.26,0.88,255.64,0.0,0.0
2024-09-04 08:00:00,20.55,43.88,3.36,9.67,0.35,6.6,26.12,90.97,1.13,268.77,0.0,23.02
2024-09-04 09:00:00,24.7,42.98,6.48,9.82,0.44,10.61,26.83,86.88,0.74,192.96,0.0,26.85
2024-09-04 10:00:00,24.52,41.24,10.18,9.95,0.52,13.25,27.99,83.11,0.77,123.7,0.0,38.35
2024-09-04 11:00:00,21.09,45.71,4.31,9.89,0.31,19.97,28.32,82.26,1.32,347.9,0.0,46.35
2024-09-04 12:00:00,23.12,49.88,4.49,7.5,0.3,23.48,29.85,77.95,1.18,340.05,0.0,29.0
2024-09-04 13:00:00,20.91,50.44,3.56,9.65,0.26,30.39,30.56,75.15,1.16,264.42,0.0,34.9
2024-09-04 14:00:00,36.16,55.56,4.82,10.02,0.29,32.43,31.12,73.6,1.0,355.57,0.0,55.55
2024-09-04 15:00:00,37.44,57.89,4.91,9.88,0.35,26.24,30.96,74.67,0.66,180.76,0.0,73.42
2024-09-04 16:00:00,37.27,57.95,4.98,9.81,0.4,19.45,29.62,78.03,0.79,177.22,0.0,56.75
2024-09-04 17:00:00,30.55,52.37,8.49,9.96,0.43,15.61,28.98,81.25,0.77,339.72,0.0,6.38
2024-09-04 18:00:00,23.42,46.36,9.94,10.13,0.5,11.87,27.94,84.02,1.02,340.25,0.0,0.0
2024-09-04 19:00:00,18.28,39.58,8.46,9.82,0.42,16.64,26.8,84.86,0.94,257.29,0.0,0.0
2024-09-04 20:00:00,18.82,29.78,7.51,9.91,0.39,18.92,26.16,84.81,0.91,347.98,0.0,0.0
2024-09-04 21:00:00,16.28,34.51,8.04,9.87,0.42,18.73,26.19,85.0,0.66,177.29,0.0,0.0
2024-09-04 22:00:00,17.66,39.9,6.56,9.83,0.36,15.48,26.07,89.31,0.68,329.27,0.0,0.0
2024-09-04 23:00:00,20.84,39.56,6.51,9.98,0.3,13.65,25.78,90.72,0.8,341.53,0.0,0.0
2024-09-05 00:00:00,18.32,43.57,4.18,9.91,0.26,16.54,25.82,89.2,0.71,327.45,0.0,0.0
2024-09-05 01:00:00,14.86,39.81,2.69,10.03,0.24,20.16,25.61,89.05,0.62,329.68,0.0,0.0
2024-09-05 02:00:00,23.72,43.95,1.63,9.9,0.24,18.33,25.07,90.64,0.58,161.31,0.0,0.0
2024-09-05 03:00:00,23.62,39.97,1.7,9.86,0.28,14.69,24.69,92.14,0.9,260.26,0.0,0.0
2024-09-05 04:00:00,19.07,39.89,2.51,9.96,0.26,11.62,24.58,92.34,0.6,84.79,0.0,0.0
2024-09-05 05:00:00,17.9,39.62,2.95,9.82,0.24,10.22,24.75,91.68,0.66,17.11,0.0,0.0
2024-09-05 06:00:00,15.68,39.01,2.98,9.98,0.27,9.97,24.79,91.97,0.96,263.24,0.0,0.0
2024-09-05 07:00:00,14.78,43.84,4.15,9.92,0.35,10.14,25.21,90.32,0.88,340.15,0.0,4.28
2024-09-05 08:00:00,24.41,53.75,5.62,10.02,0.41,10.5,26.09,86.94,0.88,93.01,0.0,7.5
2024-09-05 09:00:00,23.93,59.0,5.2,10.22,0.4,14.59,26.9,83.2,0.87,349.03,0.0,39.75
2024-09-05 10:00:00,22.17,61.07,7.48,10.2,0.43,17.18,27.99,79.44,0.95,347.2,0.0,41.02
2024-09-05 11:00:00,29.16,60.59,6.07,10.23,0.36,19.26,28.96,77.97,0.91,348.88,0.0,51.82
2024-09-05 12:00:00,26.14,63.03,4.48,10.28,0.35,22.53,30.6,72.55,0.98,268.0,0.05,85.45
2024-09-05 13:00:00,22.78,59.07,4.56,10.2,0.31,24.66,31.42,69.06,1.06,348.22,0.0,83.3
2024-09-05 14:00:00,28.68,61.75,5.96,10.18,0.4,22.38,31.18,70.67,0.92,352.81,0.0,85.22
2024-09-05 15:00:00,25.19,66.52,6.15,10.26,0.4,20.52,30.38,73.92,0.7,104.95,0.0,36.8
2024-09-05 16:00:00,29.89,65.82,6.85,10.21,0.44,19.79,29.35,75.91,1.0,263.97,0.0,1.68
2024-09-05 17:00:00,32.28,65.63,17.99,10.56,0.78,10.26,28.74,76.7,0.78,346.88,0.0,0.0
2024-09-05 18:00:00,29.04,73.49,28.2,11.74,1.79,3.09,27.89,79.75,0.71,45.99,0.0,0.0
2024-09-05 19:00:00,28.18,96.39,19.9,10.5,1.16,4.67,27.8,82.75,0.52,94.6,0.0,0.0
2024-09-05 20:00:00,25.08,106.11,20.81,10.21,0.96,4.76,27.26,86.0,0.66,25.04,0.0,0.0
2024-09-05 21:00:00,31.87,106.1,17.82,10.48,0.68,6.24,26.82,86.99,0.84,262.58,0.0,0.0
2024-09-05 22:00:00,31.38,96.46,16.58,10.02,0.46,3.88,26.24,89.04,0.98,183.52,0.0,0.0
2024-09-05 23:00:00,31.24,92.88,17.95,10.06,0.44,2.96,26.18,89.0,0.91,102.48,0.0,0.0
2024-09-06 00:00:00,27.91,89.15,14.6,9.85,0.31,3.03,25.76,91.21,0.76,176.17,0.0,0.0
2024-09-06 01:00:00,27.17,78.44,9.89,9.91,0.26,4.14,25.5,91.78,0.95,200.88,0.0,0.0
2024-09-06 02:00:00,32.49,76.55,12.44,9.73,0.29,3.4,25.27,92.2,0.66,200.71,0.0,0.0
2024-09-06 03:00:00,30.38,67.06,8.13,10.03,0.4,4.7,25.13,92.25,0.88,344.32,0.0,0.0
2024-09-06 04:00:00,26.07,67.07,5.69,9.86,0.24,4.11,25.01,92.49,0.68,166.99,0.0,0.0
2024-09-06 05:00:00,25.91,57.31,1.97,9.63,0.2,4.05,24.78,93.53,0.76,31.02,0.0,0.0
2024-09-06 06:00:00,21.65,48.06,1.23,9.74,0.21,4.5,24.82,93.8,1.09,344.54,0.0,0.0
2024-09-06 07:00:00,17.07,48.89,1.2,9.69,0.23,6.6,25.63,90.14,1.05,253.68,0.0,4.97
2024-09-06 08:00:00,15.95,49.22,1.56,9.71,0.27,9.48,26.77,85.17,1.3,256.9,0.0,28.15
2024-09-06 09:00:00,13.96,55.9,2.04,9.93,0.23,15.56,28.82,76.85,1.18,341.22,0.0,150.62
2024-09-06 10:00:00,12.82,52.33,1.64,9.87,0.21,21.55,30.32,70.26,1.25,348.28,0.0,176.18
2024-09-06 11:00:00,23.06,54.2,3.73,10.0,0.26,23.34,31.25,67.61,1.31,346.56,0.0,174.4
2024-09-06 12:00:00,0.14,27.561028227513013,1.46,5.8,0.01,26.59,31.4,67.1,1.08,343.77,0.0,181.08
2024-09-06 13:00:00,36.0868120536531,83.64,2.37,7.5,0.3619720581752899,26.15,31.49,67.19,1.05,259.98,0.0,137.3
2024-09-06 14:00:00,7.18,85.49,6.22,4.58,0.55,16.547902166619643,31.58,69.8,0.45,229.36,0.0,175.18
2024-09-06 15:00:00,9.72,87.98,10.19,5.7486062513433005,0.64,16.30917499683152,31.94,67.62,0.62,162.84,0.0,111.72
2024-09-06 16:00:00,17.14,86.64,10.52,0.34,0.56,17.05,31.33,67.96,0.65,94.25,0.0,64.4
2024-09-06 17:00:00,19.34,87.09,16.95552746932206,4.22,0.72,14.09,30.6,70.99,0.76,136.35,0.0,4.3
2024-09-06 18:00:00,26.59,92.0,13.374890439787977,4.93,0.54,16.42,28.88,76.72,0.67,264.01,0.0,0.0
2024-09-06 19:00:00,27.16,87.29,18.01,2.94,0.64,14.32,27.31,79.68,1.02,343.2,0.0,0.0
2024-09-06 20:00:00,28.96,89.02,19.51,3.01,0.72,9.17,26.86,83.86,1.03,348.07,0.0,0.0
2024-09-06 21:00:00,28.96,91.73,10.93,5.28,0.59,11.63,26.71,85.16,0.92,7.38,0.0,0.0
2024-09-06 22:00:00,28.25,75.6,9.32,4.86,0.63,10.91,26.07,88.39,1.07,353.51,0.0,0.0
2024-09-06 23:00:00,21.96,74.28,9.0,4.94,0.51,9.68,25.8,90.37,1.02,255.57,0.0,0.0
2024-09-07 00:00:00,23.44,72.65,4.42,4.6,0.24,9.4,25.6,91.76,1.03,324.37,0.0,0.0
2024-09-07 01:00:00,25.4,62.94,2.94,4.68,0.24,10.18,25.28,90.74,0.7,328.78,0.0,0.0
2024-09-07 02:00:00,20.88,57.1,2.38,4.72,0.24,9.68,24.92,91.58,0.84,253.46,0.0,0.0
2024-09-07 03:00:00,14.93,40.2,3.59,6.34,0.25,8.7,24.79,92.45,0.75,262.34,0.0,0.0
2024-09-07 04:00:00,11.14,36.82,3.7,6.84,0.22,8.86,24.74,92.18,0.72,261.17,0.0,0.0
2024-09-07 05:00:00,9.79,34.54,5.65,6.7,0.24,7.36,24.51,93.61,0.88,336.04,0.0,0.0
2024-09-07 06:00:00,8.13,29.5,7.6,6.7,0.36,4.9,24.78,93.32,0.82,257.18,0.0,0.0
2024-09-07 07:00:00,10.98,37.18,10.68,6.9,0.58,3.58,25.53,90.7,0.84,95.81,0.0,0.0
2024-09-07 08:00:00,18.67,50.4,7.75,6.82,0.46,8.2,27.34,84.19,0.95,333.16,0.0,104.92
2024-09-07 09:00:00,17.54,46.2,4.44,6.88,0.3,17.22,28.42,78.59,1.25,260.77,0.0,135.05
2024-09-07 10:00:00,13.38,40.27,5.59,6.85,0.36,19.22,29.9,74.55,1.12,345.72,0.0,150.6
2024-09-07 11:00:00,10.75,37.1,5.1,6.84,0.29,23.2,30.69,71.53,1.12,343.68,0.0,165.35
2024-09-07 12:00:00,10.34,33.03,7.72,6.76,0.41,24.93,31.96,68.19,0.63,209.58,0.0,168.35
2024-09-07 13:00:00,11.28,35.98,1.6,4.72,0.24,27.32,31.61,69.8,1.24,340.63,0.0,156.75
2024-09-07 14:00:00,11.18,41.37,1.32,4.72,0.25,26.44,31.3,71.62,1.16,344.44,0.0,124.32
2024-09-07 15:00:00,9.8,41.65,5.49,6.91,0.35,24.36,27.51,86.4,0.86,264.29,3.7,5.78
2024-09-07 16:00:00,13.13,43.86,16.24,7.08,0.93,11.62,26.3,96.22,0.52,68.93,0.45,7.68
2024-09-07 17:00:00,19.95,57.6,18.1,5.15,1.08,5.4,26.5,96.8,0.71,122.39,0.1,0.0
2024-09-07 18:00:00,22.73,57.67,22.43,6.32,1.24,3.37,26.02,96.8,0.36,156.59,0.0,0.0
2024-09-07 19:00:00,22.02,62.84,25.35,9.62,1.03,3.78,25.57,96.76,0.86,285.53,0.1,0.0
2024-09-07 20:00:00,16.14,68.98,7.36,10.86,0.38,12.8,25.08,96.97,0.97,241.27,0.1,0.0
2024-09-07 21:00:00,12.18,62.24,11.42,10.94,0.66,8.75,25.08,97.14,0.97,318.85,0.0,0.0
2024-09-07 22:00:00,11.16,58.11,6.68,10.81,0.39,11.25,24.61,97.12,0.8,333.05,0.0,0.0
2024-09-07 23:00:00,11.24,50.47,8.69,10.86,0.43,8.79,24.44,97.12,0.88,258.48,0.0,0.0
2024-09-08 00:00:00,16.62,48.23,5.22,10.83,0.34,5.13,24.71,97.18,0.79,224.3,0.0,0.0
2024-09-08 01:00:00,13.38,44.08,4.23,10.64,0.29,4.45,24.85,97.2,0.46,239.66,0.0,0.0
2024-09-08 02:00:00,13.4,48.28,2.73,10.53,0.26,4.32,24.76,97.2,0.65,206.89,0.0,0.0
2024-09-08 03:00:00,10.84,41.89,2.81,10.57,0.25,5.66,24.56,97.18,0.58,263.16,0.0,0.0
2024-09-08 04:00:00,10.73,38.78,1.91,10.65,0.24,13.19,23.86,97.16,0.34,342.34,0.0,0.0
2024-09-08 05:00:00,9.02,34.86,2.0,10.6,0.25,14.48,23.74,96.92,0.59,323.7,0.0,0.0
2024-09-08 06:00:00,7.85,33.4,4.04,10.74,0.31,9.88,24.06,95.9,0.64,273.18,0.0,0.0
2024-09-08 07:00:00,7.08,34.76,3.53,10.61,0.32,8.87,24.95,93.71,0.7,341.9,0.0,8.05
2024-09-08 08:00:00,9.69,46.59,3.21,10.6,0.33,10.74,26.31,88.69,0.71,348.61,0.0,91.52
2024-09-08 09:00:00,12.4,64.77,5.47,10.54,0.42,14.45,28.32,82.28,0.89,259.44,0.0,112.07
2024-09-08 10:00:00,13.7,61.66,3.28,10.52,0.3,19.86,29.22,78.34,1.02,338.59,0.0,136.43
2024-09-08 11:00:00,15.84,62.94,3.14,10.66,0.3,21.37,30.2,75.66,1.03,345.57,0.0,158.42
2024-09-08 12:00:00,19.11,60.97,4.19,10.67,0.31,22.08,30.26,75.87,0.96,343.11,0.0,154.7
2024-09-08 13:00:00,21.15,57.73,4.66,10.86,0.34,23.22,30.48,73.66,0.9,338.24,0.0,143.4
2024-09-08 14:00:00,18.74,57.46,3.26,10.77,0.3,25.59,31.34,70.32,1.02,341.18,0.05,152.78
2024-09-08 15:00:00,17.25,52.54,2.19,10.75,0.27,23.63,29.66,76.83,1.02,335.93,0.0,59.08
2024-09-08 16:00:00,17.28,53.82,3.47,10.86,0.31,16.69,28.7,81.89,0.9,331.65,0.0,8.85
2024-09-08 17:00:00,19.88,56.34,5.97,10.83,0.38,14.36,28.42,83.48,1.08,178.28,0.0,0.0
2024-09-08 18:00:00,16.97,55.09,5.16,10.64,0.41,11.86,27.68,87.95,1.26,314.67,0.0,0.0
2024-09-08 19:00:00,19.29,60.01,13.53,11.0,0.96,5.66,26.96,89.5,0.78,311.28,0.0,0.0
2024-09-08 20:00:00,23.12,67.68,17.14,11.0,0.92,3.97,26.87,89.17,0.87,250.16,0.0,0.0
2024-09-08 21:00:00,19.98,75.44,8.82,10.94,0.4,9.42,26.96,86.96,1.0,334.91,0.0,0.0
2024-09-08 22:00:00,24.68,74.81,6.15,10.82,0.38,15.41,26.93,84.64,0.62,321.68,0.0,0.0
2024-09-08 23:00:00,20.0,70.16,4.97,10.65,0.32,15.89,26.57,85.94,0.79,342.43,0.0,0.0
2024-09-09 00:00:00,18.8,69.98,2.3,10.57,0.24,15.52,26.13,87.86,0.8,329.76,0.0,0.0
2024-09-09 01:00:00,16.34,65.96,3.33,10.76,0.3,13.21,25.73,89.75,0.7,238.12,0.0,0.0
2024-09-09 02:00:00,17.4,63.33,1.98,8.63,0.26,15.92,25.63,89.42,0.6,292.64,0.0,0.0
2024-09-09 03:00:00,18.19,74.55,0.83,9.68,0.24,9.4,25.47,89.2,0.39,340.1,0.0,0.0
2024-09-09 04:00:00,20.09,65.7,0.29,9.32,0.24,11.96,25.28,87.94,0.46,254.64,0.0,0.0
2024-09-09 05:00:00,16.66,61.16,0.82,9.19,0.25,9.46,25.08,88.42,0.76,343.55,0.0,0.0
2024-09-09 06:00:00,16.15,59.81,1.69,9.28,0.3,7.66,24.66,90.33,0.8,340.27,0.0,0.0
2024-09-09 07:00:00,14.89,54.19,3.87,9.45,0.33,4.48,24.89,90.2,0.88,334.68,0.0,5.88
2024-09-09 08:00:00,18.2,50.91,5.74,9.52,0.42,5.39,26.28,85.87,0.88,255.97,0.0,99.9
2024-09-09 09:00:00,17.26,50.56,6.15,9.44,0.49,7.7,27.94,81.19,0.97,345.25,0.0,172.78
2024-09-09 10:00:00,14.56,49.41,3.08,9.26,0.33,10.43,29.16,78.28,1.17,342.43,0.0,178.18
2024-09-09 11:00:00,13.61,48.24,4.46,9.34,0.38,12.59,30.6,74.52,1.2,353.58,0.0,170.02
2024-09-09 12:00:00,15.23,41.43,4.51,8.23,0.3,23.24,31.33,72.46,1.1,350.36,0.0,163.68
2024-09-09 13:00:00,17.61,43.19,6.43,8.54,0.37,24.34,31.8,71.53,0.97,347.82,0.0,180.52
2024-09-09 14:00:00,18.44,46.15,7.16,8.58,0.38,22.15,30.52,74.48,0.95,338.94,0.0,126.1
2024-09-09 15:00:00,15.32,47.29,8.58,6.63,0.48,15.3,29.18,78.81,0.71,352.62,0.0,0.6
2024-09-09 16:00:00,16.81,53.58,11.49,8.88,0.52,13.19,28.13,83.47,0.95,349.26,0.95,0.0
2024-09-09 17:00:00,15.64,58.89,15.55,8.96,1.02,10.76,25.83,96.0,1.06,193.56,0.8,0.0
2024-09-09 18:00:00,19.89,57.14,15.87,9.0,1.12,5.58,26.27,96.15,0.66,180.41,0.0,0.0
2024-09-09 19:00:00,31.45,68.21,17.08,9.02,1.33,3.38,26.24,96.86,0.43,187.18,1.35,0.0
2024-09-09 20:00:00,35.5,69.12,22.36,9.27,1.45,1.4,26.14,97.15,0.62,257.17,0.2,0.0
2024-09-09 21:00:00,32.7,71.88,13.71,8.67,0.76,3.88,25.74,97.17,0.88,286.6,0.25,0.0
2024-09-09 22:00:00,24.76,66.15,9.27,8.36,0.42,7.28,25.26,97.16,0.52,176.18,0.0,0.0
2024-09-09 23:00:00,21.74,58.74,6.12,8.13,0.37,9.4,25.12,97.16,0.5,234.6,0.0,0.0
2024-09-10 00:00:00,17.6,52.84,3.56,8.17,0.28,12.3,24.96,97.07,0.37,333.12,0.0,0.0
2024-09-10 01:00:00,13.82,44.78,2.94,8.2,0.27,11.86,24.9,96.74,0.39,284.43,0.0,0.0
2024-09-10 02:00:00,15.78,42.49,2.49,8.08,0.26,12.2,24.97,95.8,0.19,241.69,0.0,0.0
2024-09-10 03:00:00,19.19,45.53,2.47,8.29,0.25,13.04,25.04,94.63,0.31,240.27,0.0,0.0
2024-09-10 04:00:00,15.28,49.96,2.78,8.1,0.25,12.08,24.98,94.44,0.24,199.08,0.0,0.0
2024-09-10 05:00:00,17.03,44.12,3.48,8.14,0.26,10.68,24.89,95.52,0.27,303.76,0.15,0.0
2024-09-10 06:00:00,18.45,50.59,4.77,8.24,0.34,10.37,24.72,96.59,0.64,102.21,0.5,0.0
2024-09-10 07:00:00,15.61,57.66,5.53,8.18,0.39,8.56,24.76,97.08,0.61,340.48,0.6,0.0
2024-09-10 08:00:00,16.28,62.75,10.57,8.39,0.61,12.96,24.44,97.14,0.39,134.19,0.3,0.0
2024-09-10 09:00:00,13.08,55.75,9.59,8.49,0.65,11.42,24.42,97.19,0.79,254.14,0.25,0.0
2024-09-10 10:00:00,11.86,47.43,9.45,8.56,0.53,7.09,24.87,97.21,0.78,102.11,0.35,0.0
2024-09-10 11:00:00,14.82,48.71,12.37,8.47,0.55,3.57,25.07,97.19,0.63,102.92,0.9,0.0
2024-09-10 12:00:00,15.17,55.94,12.47,8.01,0.56,3.51,25.36,97.18,0.54,91.68,0.6,16.4
2024-09-10 13:00:00,18.21,62.5,9.35,4.2,0.56,5.99,25.72,97.22,0.46,101.72,0.15,70.22
2024-09-10 14:00:00,15.32,54.86,8.61,5.2,0.46,6.64,25.72,97.23,0.64,189.49,0.15,1.55
2024-09-10 15:00:00,12.14,53.04,10.38,8.97,0.5,6.14,25.58,97.2,0.66,265.1,0.25,0.0
2024-09-10 16:00:00,13.82,56.64,12.45,9.1,0.8,5.44,25.54,97.18,0.75,179.58,0.1,0.0
2024-09-10 17:00:00,15.99,55.88,15.9,9.26,0.81,3.61,25.48,97.2,0.64,188.87,0.05,0.0
2024-09-10 18:00:00,18.99,63.03,15.58,9.39,0.94,2.95,25.46,97.19,0.46,105.24,0.05,0.0
2024-09-10 19:00:00,22.75,65.99,13.59,9.24,1.33,3.65,25.42,97.16,0.69,125.59,0.0,0.0
2024-09-10 20:00:00,26.24,61.46,13.95,6.74,0.92,3.72,25.2,97.15,0.49,40.94,0.0,0.0
2024-09-10 21:00:00,24.06,53.4,10.43,9.22,0.68,6.34,24.88,97.12,0.58,274.66,0.05,0.0
2024-09-10 22:00:00,23.19,58.76,11.81,9.24,0.59,6.94,24.88,96.73,0.47,97.66,0.0,0.0
2024-09-10 23:00:00,28.2,58.22,16.07,9.06,0.64,9.11,24.75,96.52,0.5,102.02,0.0,0.0
2024-09-11 00:00:00,22.18,62.72,7.89,8.98,0.37,9.81,24.65,96.2,0.4,62.04,0.05,0.0
2024-09-11 01:00:00,24.37,62.78,2.91,8.59,0.26,13.73,24.34,96.34,0.27,129.2,0.0,0.0
2024-09-11 02:00:00,23.08,56.68,2.11,8.76,0.26,14.87,24.25,96.24,0.28,134.26,0.0,0.0
2024-09-11 03:00:00,17.61,52.7,2.21,8.61,0.26,12.54,24.28,96.11,0.38,98.53,0.0,0.0
2024-09-11 04:00:00,17.88,50.2,2.77,8.73,0.27,14.48,24.23,95.62,1.16,155.99,0.0,0.0
2024-09-11 05:00:00,22.28,48.34,4.1,8.85,0.28,13.88,24.19,94.61,0.63,112.2,0.05,0.0
2024-09-11 06:00:00,17.89,48.08,7.65,8.93,0.55,10.17,24.41,93.77,0.85,148.64,0.0,0.0
2024-09-11 07:00:00,18.16,50.78,8.91,8.95,0.7,8.05,24.68,92.06,0.79,164.78,0.0,0.0
2024-09-11 08:00:00,16.62,58.4,7.9,9.0,0.76,7.11,25.09,91.1,0.83,130.1,0.0,39.05
2024-09-11 09:00:00,23.14,61.74,6.0,9.04,0.47,8.42,26.18,86.57,0.38,181.05,0.0,142.07
2024-09-11 10:00:00,22.84,61.12,6.43,9.25,0.54,10.32,26.73,84.6,0.22,157.98,0.0,109.08
2024-09-11 11:00:00,19.02,65.53,5.46,8.95,0.45,14.6,28.26,80.03,0.34,111.44,0.0,135.1
2024-09-11 12:00:00,22.96,62.94,7.18,9.17,0.51,16.97,28.06,79.73,0.24,295.28,0.0,100.75
2024-09-11 13:00:00,24.21,66.49,6.77,9.16,0.46,18.92,28.44,78.04,0.42,239.42,0.0,124.62
2024-09-11 14:00:00,23.97,71.79,8.16,9.09,0.56,18.38,29.2,76.42,0.26,147.72,0.0,108.72
2024-09-11 15:00:00,28.99,71.38,7.36,9.07,0.45,19.38,28.81,77.73,0.21,166.52,0.0,80.85
2024-09-11 16:00:00,20.97,74.08,10.9,9.21,0.64,14.81,28.73,77.35,0.47,143.29,0.0,42.82
2024-09-11 17:00:00,18.84,73.5,8.86,9.01,0.61,13.84,27.79,79.94,0.26,37.57,0.0,0.0
2024-09-11 18:00:00,23.86,74.47,12.34,9.13,0.71,11.98,27.14,81.78,0.5,77.6,0.0,0.0
2024-09-11 19:00:00,21.45,74.09,14.15,9.15,0.94,8.2,26.58,84.41,0.53,120.91,0.0,0.0
2024-09-11 20:00:00,24.32,80.54,14.46,9.35,0.99,5.71,26.22,85.98,0.72,140.45,0.0,0.0
2024-09-11 21:00:00,25.3,89.3,16.59,9.32,1.1,5.3,26.37,84.67,1.2,161.13,0.0,0.0
2024-09-11 22:00:00,34.31,100.5,13.41,9.01,0.73,6.21,25.99,86.12,0.93,149.49,0.0,0.0
2024-09-11 23:00:00,32.02,93.54,12.64,9.06,0.68,5.47,25.64,86.95,1.08,146.93,0.0,0.0
2024-09-12 00:00:00,26.65,91.0,8.46,8.8,0.49,6.61,25.09,89.36,1.03,167.47,0.0,0.0
2024-09-12 01:00:00,19.91,80.18,4.26,8.72,0.26,11.18,24.76,89.19,0.74,137.51,0.0,0.0
2024-09-12 02:00:00,17.1,70.38,2.92,8.85,0.21,13.13,24.64,88.64,0.46,130.12,0.0,0.0
2024-09-12 03:00:00,16.5,66.25,3.32,8.8,0.25,12.98,24.78,87.96,1.01,128.94,0.0,0.0
2024-09-12 04:00:00,17.17,60.42,2.75,8.91,0.2,12.16,24.38,89.39,0.45,53.86,0.0,0.0
2024-09-12 05:00:00,15.41,59.77,3.78,8.92,0.24,9.57,23.88,90.96,0.47,86.1,0.0,0.0
2024-09-12 06:00:00,18.4,61.2,5.95,9.06,0.29,9.68,24.13,89.34,0.38,196.41,0.0,0.0
2024-09-12 07:00:00,16.16,60.95,9.75,9.47,0.52,6.62,24.94,86.46,0.41,138.64,0.0,22.33
2024-09-12 08:00:00,17.81,68.11,10.02,9.77,0.55,7.48,26.04,82.91,0.28,160.28,0.0,84.72
2024-09-12 09:00:00,14.26,63.18,12.19,10.35,0.55,9.29,27.39,78.68,0.36,109.53,0.0,133.95
2024-09-12 10:00:00,16.5,64.4,10.0,9.82,0.44,14.16,28.88,75.48,0.47,302.28,0.0,155.1
2024-09-12 11:00:00,22.22,65.17,9.75,9.88,0.38,20.76,29.19,74.14,0.64,278.09,0.0,149.02
2024-09-12 12:00:00,18.02,67.47,10.99,9.5,0.49,19.74,30.12,72.61,0.31,85.48,0.0,196.32
2024-09-12 13:00:00,19.6,68.78,10.12,9.43,0.55,17.44,30.62,70.72,0.55,245.1,0.0,184.6
2024-09-12 14:00:00,21.14,71.42,8.94,9.22,0.42,16.83,29.39,74.91,0.34,156.4,0.0,88.35
2024-09-12 15:00:00,23.58,70.62,7.94,9.07,0.38,17.04,29.7,73.44,0.4,52.41,0.0,89.78
2024-09-12 16:00:00,19.42,66.51,8.49,9.31,0.34,17.16,26.12,88.6,0.79,262.81,2.85,40.35
2024-09-12 17:00:00,20.12,63.5,13.94,9.39,0.64,8.99,25.55,96.96,0.72,89.19,0.0,5.38
2024-09-12 18:00:00,20.02,62.34,17.42,9.72,0.83,4.72,24.86,96.75,1.0,262.59,0.0,0.0
2024-09-12 19:00:00,21.46,60.97,23.59,10.08,1.18,2.63,24.88,96.35,0.82,173.34,0.0,0.0
2024-09-12 20:00:00,23.3,70.61,20.31,9.52,1.17,2.04,24.97,95.06,0.46,103.72,0.0,0.0
2024-09-12 21:00:00,24.6,75.05,14.9,9.23,0.76,3.1,24.82,93.73,0.78,272.06,0.0,0.0
2024-09-12 22:00:00,21.64,76.2,13.28,9.43,0.64,3.07,24.78,92.87,0.84,257.49,0.0,0.0
2024-09-12 23:00:00,23.38,72.83,13.97,9.59,0.66,2.64,24.74,93.35,0.54,264.05,0.0,0.0
2024-09-13 00:00:00,20.99,78.92,8.32,9.09,0.35,3.79,24.79,93.07,0.45,126.73,0.0,0.0
2024-09-13 01:00:00,24.89,53.6,4.34,9.04,0.26,6.27,24.58,91.68,0.52,359.14,0.0,0.0
2024-09-13 02:00:00,27.26,47.64,4.26,9.27,0.25,6.84,24.36,90.75,0.42,35.66,0.0,0.0
2024-09-13 03:00:00,24.26,53.99,5.68,9.65,0.3,8.46,24.08,90.06,0.64,180.44,0.0,0.0
2024-09-13 04:00:00,18.42,52.13,4.0,9.45,0.18,9.64,23.56,91.4,0.61,263.23,0.0,0.0
2024-09-13 05:00:00,17.02,45.64,4.26,9.1,0.19,7.69,23.12,93.56,0.9,244.72,0.0,0.0
2024-09-13 06:00:00,14.72,46.4,6.16,9.15,0.23,5.08,23.31,94.81,1.0,181.71,0.0,0.0
2024-09-13 07:00:00,13.52,48.16,5.09,9.35,0.24,8.19,24.44,89.97,1.07,188.37,0.0,22.08
2024-09-13 08:00:00,12.92,45.64,9.31,8.7,0.42,10.05,25.77,85.38,0.96,273.2,0.0,100.8
2024-09-13 09:00:00,11.57,51.68,7.76,4.56,0.41,12.95,27.38,80.1,0.78,345.45,0.0,104.3
2024-09-13 10:00:00,11.41,54.16,5.8,2.54,0.34,11.55,27.94,77.76,0.87,338.5,0.0,95.7
2024-09-13 11:00:00,16.74,60.39,5.08,4.56,0.38,8.93,28.54,76.22,1.0,351.62,0.0,99.18
2024-09-13 12:00:00,17.76,67.59,1.95,4.48,0.27,10.6,28.36,77.26,1.28,348.16,0.0,89.72
2024-09-13 13:00:00,17.32,69.6,7.08,4.51,0.37,11.1,29.42,73.56,0.93,340.88,0.0,136.07
2024-09-13 14:00:00,17.26,75.84,4.91,4.35,0.42,10.32,28.42,75.91,1.1,297.41,0.0,78.75
2024-09-13 15:00:00,17.62,78.4,10.56,4.71,0.63,4.18,27.22,81.13,0.6,126.15,0.0,37.92
2024-09-13 16:00:00,17.29,85.2,11.3,4.53,0.78,2.93,26.37,82.98,0.84,199.76,0.0,2.6
2024-09-13 17:00:00,23.21,83.66,14.5,4.64,0.66,1.79,26.04,82.1,0.43,49.9,0.0,0.0
2024-09-13 18:00:00,23.48,86.78,19.16,4.82,1.0,1.64,25.68,83.59,0.84,72.4,0.0,0.0
2024-09-13 19:00:00,26.0,96.72,21.01,5.1,0.78,2.6,25.54,84.53,0.71,275.53,0.0,0.0
2024-09-13 20:00:00,27.57,100.98,16.6,6.44,0.57,8.95,25.27,83.11,0.85,90.4,0.0,0.0
2024-09-13 21:00:00,29.71,96.61,16.27,6.87,0.55,7.66,25.05,85.32,1.01,182.1,0.0,0.0
2024-09-13 22:00:00,22.17,94.61,14.48,5.4,0.42,6.72,25.0,86.94,1.06,172.77,0.0,0.0
2024-09-13 23:00:00,22.66,80.0,9.43,4.7,0.32,7.92,25.12,87.34,0.89,108.3,0.0,0.0
2024-09-14 00:00:00,26.69,80.61,8.08,4.69,0.35,7.13,25.0,88.14,0.85,261.14,0.0,0.0
2024-09-14 01:00:00,21.97,78.96,5.12,4.51,0.24,8.21,24.8,88.7,0.63,257.28,0.0,0.0
2024-09-14 02:00:00,23.55,72.76,3.12,4.39,0.21,10.65,24.43,88.42,0.8,316.1,0.0,0.0
2024-09-14 03:00:00,18.43,72.59,2.09,4.76,0.22,15.29,23.97,87.61,0.52,332.94,0.0,0.0
2024-09-14 04:00:00,14.82,67.79,2.62,4.64,0.2,18.63,23.61,87.0,0.4,257.92,0.0,0.0
2024-09-14 05:00:00,18.44,71.19,8.03,4.94,0.42,11.7,23.13,89.14,0.44,67.96,0.0,0.0
2024-09-14 06:00:00,24.72,75.03,14.26,5.44,0.51,5.66,23.41,89.26,0.8,176.48,0.0,0.0
2024-09-14 07:00:00,21.16,84.07,11.9,5.84,0.49,9.64,24.28,86.46,0.72,261.64,0.0,0.42
2024-09-14 08:00:00,19.5,95.48,6.62,6.43,0.34,22.04,25.99,79.46,0.98,349.7,0.0,57.25
2024-09-14 09:00:00,18.14,93.55,5.68,7.39,0.31,27.18,27.36,75.72,0.98,260.77,0.0,97.02
2024-09-14 10:00:00,22.03,88.14,5.29,6.28,0.35,27.74,28.06,73.69,1.12,339.79,0.0,116.48
2024-09-14 11:00:00,20.02,90.43,6.3,5.6,0.31,28.95,29.02,69.07,0.99,353.82,0.0,136.98
2024-09-14 12:00:00,21.9,92.38,4.79,5.24,0.25,32.16,30.02,65.35,1.2,345.35,0.0,164.52
2024-09-14 13:00:00,27.12,90.45,5.59,5.31,0.27,34.34,30.44,61.37,1.02,349.46,0.0,185.15
2024-09-14 14:00:00,27.5,95.11,5.88,5.29,0.28,34.88,30.92,59.46,0.86,356.26,0.0,175.2
2024-09-14 15:00:00,22.67,99.5,3.93,5.36,0.25,36.95,29.97,60.28,1.03,352.9,0.0,118.85
2024-09-14 16:00:00,26.36,92.94,5.52,5.34,0.31,34.76,29.21,63.06,0.9,268.94,0.0,16.0
2024-09-14 17:00:00,20.62,90.82,9.45,5.4,0.34,25.71,27.96,66.28,0.9,103.45,0.0,0.0
2024-09-14 18:00:00,17.62,91.28,33.81,8.64,0.63,7.97,26.64,69.38,1.05,6.21,0.0,0.0
2024-09-14 19:00:00,25.84,112.02,38.38,12.98,0.88,1.19,25.76,74.3,1.12,180.21,0.0,0.0
2024-09-14 20:00:00,34.71,147.0,32.6,11.31,0.78,1.17,24.53,81.61,1.26,338.38,0.0,0.0
2024-09-14 21:00:00,39.64,158.18,22.13,9.16,0.56,4.79,23.96,83.95,1.08,324.7,0.0,0.0
2024-09-14 22:00:00,40.09,149.96,20.9,3.25,0.57,2.15,23.65,84.68,1.0,325.52,0.0,0.0
2024-09-14 23:00:00,35.61,141.08,16.54,4.14,0.46,7.1,23.29,85.33,1.18,350.63,0.0,0.0
2024-09-15 00:00:00,33.98,126.6,10.56,3.99,0.34,9.02,22.72,88.16,1.01,96.59,0.0,0.0
2024-09-15 01:00:00,33.35,103.32,7.12,3.74,0.28,11.88,22.53,87.72,1.03,105.08,0.0,0.0
2024-09-15 02:00:00,38.42,93.8,5.08,3.63,0.23,12.88,22.42,87.98,0.98,253.07,0.0,0.0
2024-09-15 03:00:00,31.93,85.2,5.76,3.72,0.21,15.83,22.46,87.62,0.62,247.97,0.0,0.0
2024-09-15 04:00:00,24.72,80.42,5.11,3.52,0.18,17.88,22.45,87.77,0.98,255.82,0.0,0.0
2024-09-15 05:00:00,19.41,73.93,5.74,3.55,0.23,14.84,21.94,89.85,0.59,341.97,0.0,0.0
2024-09-15 06:00:00,19.16,71.37,7.68,3.51,0.26,12.06,21.95,90.2,0.5,331.92,0.0,0.0
2024-09-15 07:00:00,20.23,63.0,6.83,3.6,0.31,14.32,23.3,86.48,0.5,271.44,0.0,0.0
2024-09-15 08:00:00,18.14,56.94,9.62,4.16,0.44,16.38,25.36,80.4,0.65,5.12,0.0,31.95
2024-09-15 09:00:00,18.58,58.62,8.1,4.53,0.37,22.92,27.0,74.1,0.68,348.2,0.0,160.88
2024-09-15 10:00:00,15.51,53.74,6.73,4.64,0.31,25.46,28.26,71.65,0.77,267.56,0.0,145.3
2024-09-15 11:00:00,17.42,52.59,4.04,4.82,0.23,31.31,29.24,69.22,1.09,269.09,0.0,150.62
2024-09-15 12:00:00,14.63,51.36,5.13,4.47,0.26,33.03,30.96,65.41,0.96,350.14,0.0,169.68
2024-09-15 13:00:00,16.61,53.05,2.78,4.2,0.22,36.61,31.28,61.98,1.16,268.78,0.0,216.68
2024-09-15 14:00:00,13.34,54.75,4.07,4.16,0.24,34.2,31.19,61.12,1.09,355.0,0.0,181.05
2024-09-15 15:00:00,12.7,48.67,3.35,4.06,0.23,31.86,29.95,66.76,1.12,351.52,0.0,118.2
2024-09-15 16:00:00,12.76,47.94,3.47,3.85,0.31,30.64,29.09,68.37,0.92,345.4,0.0,11.15
2024-09-15 17:00:00,14.55,51.49,7.58,4.22,0.32,25.47,28.22,71.63,0.96,264.72,0.0,0.0
2024-09-15 18:00:00,14.32,52.01,14.48,4.3,0.46,17.74,26.74,76.84,1.13,263.73,0.0,0.0
2024-09-15 19:00:00,17.09,58.86,22.36,4.42,0.62,9.58,26.24,78.18,1.07,16.34,0.0,0.0
2024-09-15 20:00:00,23.09,74.26,15.39,4.79,0.52,13.28,25.68,80.85,1.02,264.58,0.0,0.0
2024-09-15 21:00:00,22.47,65.44,7.95,4.41,0.37,17.22,25.37,81.83,1.26,266.76,0.0,0.0
2024-09-15 22:00:00,20.14,58.97,6.18,4.05,0.32,16.81,24.76,83.56,1.1,335.6,0.0,0.0
2024-09-15 23:00:00,21.89,59.73,4.88,3.83,0.28,18.22,24.28,84.98,1.08,329.74,0.0,0.0
2024-09-16 00:00:00,16.03,60.04,5.1,4.01,0.25,19.0,24.05,85.71,0.84,250.85,0.0,0.0
2024-09-16 01:00:00,12.31,59.64,4.58,4.2,0.24,19.03,23.78,86.72,0.76,333.16,0.0,0.0
2024-09-16 02:00:00,10.76,58.32,3.2,4.4,0.2,22.36,23.42,87.08,0.76,259.74,0.0,0.0
2024-09-16 03:00:00,14.57,57.48,2.57,4.42,0.19,23.86,23.18,88.34,0.88,256.69,0.0,0.0
2024-09-16 04:00:00,17.6,59.14,3.78,4.52,0.22,20.59,23.0,89.66,0.68,315.19,0.0,0.0
2024-09-16 05:00:00,14.7,60.9,4.81,4.74,0.22,20.76,23.18,89.42,0.44,329.5,0.0,0.0
2024-09-16 06:00:00,14.88,62.25,6.91,4.57,0.29,18.49,23.25,89.75,0.42,248.34,0.0,0.0
2024-09-16 07:00:00,15.98,64.07,5.62,4.6,0.28,19.88,24.41,86.78,0.68,178.23,0.0,14.0
2024-09-16 08:00:00,23.97,70.44,5.74,4.56,0.34,24.27,26.13,81.34,1.04,340.38,0.0,95.68
2024-09-16 09:00:00,18.76,74.06,5.85,4.78,0.29,32.29,27.7,75.82,1.24,341.93,0.0,125.85
2024-09-16 10:00:00,20.53,75.55,4.13,4.94,0.27,37.62,29.2,71.3,1.34,347.58,0.0,163.88
2024-09-16 11:00:00,23.33,79.76,4.51,4.71,0.25,38.97,30.18,67.72,1.53,176.04,0.0,161.2
2024-09-16 12:00:00,28.66,84.23,3.16,4.61,0.25,39.3,31.14,64.43,1.25,351.26,0.0,135.05
2024-09-16 13:00:00,21.98,87.61,3.36,4.75,0.23,42.82,31.23,63.2,1.26,344.23,0.0,174.12
2024-09-16 14:00:00,21.2,97.32,4.12,4.56,0.23,40.78,30.25,66.02,1.31,346.37,0.0,99.98
2024-09-16 15:00:00,21.08,91.57,2.46,4.58,0.23,38.7,29.43,69.56,1.16,339.85,0.0,93.7
2024-09-16 16:00:00,25.64,87.48,2.66,4.78,0.24,39.53,29.56,67.51,1.18,334.42,0.0,52.0
2024-09-16 17:00:00,23.12,88.14,5.03,4.51,0.26,34.48,28.55,71.29,1.29,341.36,0.0,0.0
2024-09-16 18:00:00,23.54,89.42,6.45,4.53,0.3,28.6,27.84,74.44,1.06,341.38,0.0,0.0
2024-09-16 19:00:00,23.14,88.1,5.13,4.74,0.28,34.61,27.58,71.39,1.34,348.88,0.0,0.0
2024-09-16 20:00:00,24.62,97.3,5.88,5.06,0.28,34.04,27.13,71.88,1.34,349.33,0.0,0.0
2024-09-16 21:00:00,24.71,97.82,9.49,5.21,0.39,28.22,26.79,73.28,1.31,339.18,0.0,0.0
2024-09-16 22:00:00,21.65,99.64,9.67,6.63,0.36,32.73,26.68,72.85,1.28,337.91,0.0,0.0
2024-09-16 23:00:00,22.14,94.74,4.46,5.05,0.28,33.79,25.83,77.84,1.21,325.4,0.0,0.0
2024-09-17 00:00:00,22.74,93.78,4.59,4.88,0.24,29.92,25.47,79.94,1.02,339.34,0.0,0.0
2024-09-17 01:00:00,27.79,82.68,3.28,4.93,0.24,33.82,25.42,80.33,1.02,332.28,0.0,0.0
2024-09-17 02:00:00,28.46,78.8,1.76,4.92,0.2,43.87,25.14,79.43,0.73,332.28,0.0,0.0
2024-09-17 03:00:00,26.44,69.26,3.08,5.04,0.21,43.91,24.67,80.93,0.5,330.51,0.0,0.0
2024-09-17 04:00:00,27.06,66.11,3.03,5.27,0.2,44.07,24.77,77.17,0.4,258.27,0.0,0.0
2024-09-17 05:00:00,19.64,61.92,3.94,5.3,0.21,40.86,24.96,76.94,0.58,255.06,0.0,0.0
2024-09-17 06:00:00,18.62,69.41,7.11,5.3,0.29,29.66,25.18,81.07,0.46,176.1,0.0,0.0
2024-09-17 07:00:00,23.25,74.95,7.58,5.43,0.33,26.18,25.17,82.17,0.63,330.32,0.0,0.0
2024-09-17 08:00:00,23.14,75.43,5.89,5.7,0.41,27.72,26.24,79.58,0.78,343.09,0.0,122.15
2024-09-17 09:00:00,24.85,81.87,6.89,6.13,0.34,28.26,26.63,78.64,0.91,347.28,0.0,110.32
2024-09-17 10:00:00,27.55,89.22,8.79,6.02,0.48,23.24,26.14,81.01,0.69,347.48,0.0,71.58
2024-09-17 11:00:00,26.7,87.73,11.73,6.04,0.54,22.76,26.78,78.96,0.63,336.91,0.0,153.3
2024-09-17 12:00:00,26.9,91.84,9.46,5.95,0.42,26.14,26.92,78.89,0.74,341.53,0.0,146.6
2024-09-17 13:00:00,24.06,88.56,9.27,5.85,0.4,30.47,26.99,78.61,0.84,340.66,0.0,125.88
2024-09-17 14:00:00,21.04,91.01,11.16,5.94,0.45,33.22,28.25,74.93,0.77,345.98,0.0,241.6
2024-09-17 15:00:00,26.48,93.08,10.37,6.09,0.38,37.94,28.44,73.82,0.76,344.5,0.0,145.28
2024-09-17 16:00:00,25.26,99.34,10.37,6.12,0.44,36.75,28.45,73.25,0.8,338.35,0.0,53.92
2024-09-17 17:00:00,26.65,100.3,10.54,5.88,0.52,32.98,27.86,75.87,0.64,263.18,0.0,0.0
2024-09-17 18:00:00,31.66,104.88,10.76,5.64,0.49,28.67,26.93,78.8,0.8,264.75,0.0,0.0
2024-09-17 19:00:00,25.75,101.5,12.78,5.75,0.53,25.27,26.72,79.23,0.8,172.66,0.0,0.0
2024-09-17 20:00:00,24.96,105.02,9.75,5.62,0.43,29.88,26.58,78.84,0.86,336.6,0.0,0.0
2024-09-17 21:00:00,27.96,104.16,4.65,5.78,0.28,38.86,25.97,77.2,1.1,331.96,0.0,0.0
2024-09-17 22:00:00,25.39,84.22,4.5,5.8,0.31,40.07,25.24,79.3,0.9,321.64,0.0,0.0
2024-09-17 23:00:00,21.26,75.41,4.84,5.6,0.3,39.42,25.14,81.05,0.76,329.86,0.0,0.0
2024-09-18 00:00:00,23.29,63.27,4.19,5.56,0.27,34.65,23.72,89.58,0.57,319.5,0.0,0.0
2024-09-18 01:00:00,22.91,57.98,3.33,5.74,0.25,31.04,23.72,87.76,0.49,315.02,0.0,0.0
2024-09-18 02:00:00,19.65,54.2,2.27,5.67,0.23,32.57,23.66,86.75,0.8,326.03,0.0,0.0
2024-09-18 03:00:00,15.58,44.22,2.19,5.56,0.23,35.96,23.45,87.23,0.75,330.02,0.0,0.0
2024-09-18 04:00:00,13.93,42.48,4.3,5.76,0.24,32.15,23.23,88.28,0.72,88.21,0.0,0.0
2024-09-18 05:00:00,12.14,36.8,8.27,5.78,0.28,23.42,23.2,89.46,0.85,270.94,0.0,0.0
2024-09-18 06:00:00,15.92,41.44,9.67,6.27,0.34,21.76,23.44,89.34,0.62,179.89,0.0,0.0
2024-09-18 07:00:00,19.09,54.05,11.03,5.93,0.4,19.96,24.58,86.15,0.76,106.16,0.0,19.12
2024-09-18 08:00:00,18.01,59.0,11.87,6.14,0.52,25.34,26.21,80.04,0.47,196.39,0.0,63.72
2024-09-18 09:00:00,14.18,58.56,12.37,6.68,0.52,32.63,27.96,71.84,0.58,268.91,0.0,228.85
2024-09-18 10:00:00,14.6,57.86,10.65,6.86,0.45,36.38,29.08,68.91,0.88,265.1,0.0,215.8
2024-09-18 11:00:00,19.98,58.08,6.47,6.64,0.34,40.23,30.72,64.98,1.13,348.64,0.0,241.65
2024-09-18 12:00:00,25.42,56.77,5.11,6.24,0.32,40.22,30.24,66.48,1.04,351.24,0.0,170.25
2024-09-18 13:00:00,22.73,61.47,5.93,6.03,0.36,36.42,29.72,68.06,1.06,265.44,0.0,176.2
2024-09-18 14:00:00,20.18,69.47,10.57,6.28,0.57,35.37,29.79,68.27,0.71,252.65,0.0,181.8
2024-09-18 15:00:00,25.28,70.97,10.0,6.58,0.48,37.86,29.43,71.5,0.79,207.01,0.0,124.08
2024-09-18 16:00:00,26.35,74.86,7.43,5.82,0.39,39.98,28.4,72.78,1.07,308.87,0.35,28.02
2024-09-18 17:00:00,22.88,75.46,20.21,4.32,0.99,12.77,25.6,93.56,0.88,229.13,0.2,0.0
2024-09-18 18:00:00,26.53,77.06,20.08,5.91,0.83,10.57,25.12,95.3,0.98,319.92,0.0,0.0
2024-09-18 19:00:00,28.57,78.15,24.04,6.16,1.09,7.94,24.5,92.32,0.85,326.08,0.0,0.0
2024-09-18 20:00:00,32.3,94.42,19.81,6.11,1.23,8.05,23.92,91.99,0.94,334.03,0.0,0.0
2024-09-18 21:00:00,29.82,89.82,24.99,6.43,1.04,2.79,23.98,93.16,1.08,334.66,0.0,0.0
2024-09-18 22:00:00,43.08,97.94,33.86,6.45,0.94,4.72,24.08,91.64,1.12,172.1,0.0,0.0
2024-09-18 23:00:00,37.34,105.38,31.54,6.25,1.08,2.23,24.03,92.32,1.01,209.39,0.05,0.0
2024-09-19 00:00:00,41.54,116.06,14.24,5.74,0.48,6.48,24.11,91.05,0.6,201.47,0.0,0.0
2024-09-19 01:00:00,32.36,105.48,5.9,2.42,0.3,5.7,23.8,91.96,0.8,223.35,0.0,0.0
2024-09-19 02:00:00,29.27,96.91,5.46,4.08,0.28,1.98,23.38,93.94,1.06,249.37,0.0,0.0
2024-09-19 03:00:00,22.46,79.84,9.04,4.11,0.35,28.114866244679458,23.25,96.15,1.25,329.8,0.0,0.0
2024-09-19 04:00:00,20.86,77.0,13.27,4.31,0.4,27.026145021804133,23.1,96.78,0.9,144.82,0.0,0.0
2024-09-19 05:00:00,28.74,82.69,11.39,5.3,0.47,28.50407768194518,22.84,97.03,1.1,182.7,0.0,0.0
2024-09-19 06:00:00,32.2,94.41,8.81,4.97,0.72,22.16670983453757,23.18,97.12,0.81,168.3,0.0,0.0
2024-09-19 07:00:00,35.38,101.52,12.85,4.87,0.6,25.95811739974515,24.45,94.78,1.02,101.32,0.0,12.1
2024-09-19 08:00:00,43.19,110.32,16.28,5.6,0.74,2.64,26.27,84.87,1.0,337.47,0.0,147.75
2024-09-19 09:00:00,41.73,116.11,5.53,5.72,0.32,24.78,27.9,79.1,1.14,340.65,0.0,218.73
2024-09-19 10:00:00,40.31,116.83,8.29,5.14,0.42,30.8,29.29,74.56,0.86,261.86,0.0,216.55
2024-09-19 11:00:00,41.28,121.39,8.29,5.12,0.36,39.6,30.74,69.88,0.91,172.86,0.0,254.6
2024-09-19 12:00:00,38.08,118.37,2.63,5.06,0.27,47.96,31.28,67.5,1.25,265.2,0.0,254.62
2024-09-19 13:00:00,30.93,112.18,2.56,4.81,0.25,49.06,32.47,63.89,1.12,266.88,0.0,213.62
2024-09-19 14:00:00,32.17,111.63,2.21,4.5,0.24,48.0,31.94,62.94,1.29,264.41,0.0,160.8
2024-09-19 15:00:00,35.67,107.58,7.78,4.54,0.36,46.98,31.9,62.79,0.7,223.23,0.0,146.78
2024-09-19 16:00:00,36.46,110.18,15.65,4.92,0.51,39.83,31.28,64.91,0.66,195.61,0.0,15.48
2024-09-19 17:00:00,41.04,115.15,7.06,4.48,0.42,33.43,30.12,69.29,1.08,171.08,0.0,0.0
2024-09-19 18:00:00,33.18,109.68,20.46,4.66,0.9,24.46,28.77,73.58,0.95,251.8,0.0,0.0
2024-09-19 19:00:00,40.84,112.79,14.04,4.44,0.59,17.97,27.76,80.93,1.27,328.99,0.0,0.0
2024-09-19 20:00:00,42.55,114.6,8.29,4.28,0.44,17.84,27.01,81.67,1.2,318.67,0.0,0.0
2024-09-19 21:00:00,33.68,117.3,23.07,4.54,1.03,8.76,26.46,85.03,0.62,263.85,0.0,0.0
2024-09-19 22:00:00,35.19,118.46,13.95,4.23,0.58,12.66,26.2,83.67,1.24,306.96,0.0,0.0
2024-09-19 23:00:00,33.89,113.84,7.86,4.2,0.4,17.67,25.49,85.33,1.21,186.77,0.0,0.0
2024-09-20 00:00:00,32.1,97.37,11.44,4.24,0.41,12.48,25.06,88.87,1.1,327.24,0.0,0.0
2024-09-20 01:00:00,31.35,98.08,8.43,4.81,0.38,9.73,24.7,91.28,1.17,328.05,0.0,0.0
2024-09-20 02:00:00,33.87,97.52,6.34,4.24,0.36,10.97,24.5,91.73,0.9,213.28,0.0,0.0
2024-09-20 03:00:00,28.52,101.16,5.02,4.15,0.33,10.28,24.22,93.83,0.94,288.83,0.0,0.0
2024-09-20 04:00:00,34.02,97.18,4.24,4.3,0.32,12.26,24.16,92.25,1.3,340.95,0.0,0.0
2024-09-20 05:00:00,31.98,83.89,3.8,4.47,0.31,12.48,23.95,92.75,1.4,334.18,0.0,0.0
2024-09-20 06:00:00,29.97,84.38,4.08,4.11,0.33,11.65,24.12,92.26,1.19,344.0,0.0,0.0
2024-09-20 07:00:00,32.44,83.72,3.92,3.96,0.34,13.84,25.75,88.14,1.27,178.38,0.0,36.65
2024-09-20 08:00:00,32.78,91.66,3.52,4.22,0.38,18.72,26.79,85.22,1.21,254.89,0.0,79.53
2024-09-20 09:00:00,35.5,96.54,3.9,4.23,0.34,22.28,28.32,80.48,1.27,354.15,0.0,170.32
2024-09-20 10:00:00,40.54,99.16,3.39,4.32,0.33,28.12,30.12,75.04,1.4,266.57,0.0,218.3
2024-09-20 11:00:00,37.93,99.5,1.26,4.37,0.29,33.94,31.7,69.64,1.24,343.11,0.0,194.65
2024-09-20 12:00:00,33.13,100.78,6.91,4.56,0.41,37.68,32.93,64.28,0.9,337.43,0.0,208.98
2024-09-20 13:00:00,32.07,102.19,5.08,4.72,0.38,42.92,33.53,62.52,1.0,346.7,0.0,232.4
2024-09-20 14:00:00,32.27,107.6,2.92,4.46,0.31,41.96,33.32,63.65,1.1,350.22,0.0,234.92
2024-09-20 15:00:00,34.45,109.67,1.39,4.36,0.32,41.4,32.27,64.74,1.36,337.95,0.0,121.38
2024-09-20 16:00:00,33.96,106.17,4.86,4.45,0.33,41.1,30.24,67.8,1.43,345.71,0.0,24.18
2024-09-20 17:00:00,32.74,95.23,5.11,3.36,0.38,35.9,29.23,73.36,1.06,325.44,0.0,0.0
2024-09-20 18:00:00,34.96,96.86,8.56,2.35,0.49,31.29,28.51,74.43,1.01,174.02,0.0,0.0
2024-09-20 19:00:00,30.21,94.95,13.2,6.96,0.59,27.9,27.52,74.94,0.48,236.69,0.0,0.0
2024-09-20 20:00:00,31.56,91.24,32.43,6.56,1.52,7.64,26.83,79.15,0.94,335.18,0.0,0.0
2024-09-20 21:00:00,36.24,105.32,24.42,6.36,0.97,7.72,26.24,84.7,0.89,261.94,0.0,0.0
2024-09-20 22:00:00,37.0,114.4,20.28,6.13,0.76,8.64,25.74,86.83,1.02,91.05,0.0,0.0
2024-09-20 23:00:00,36.52,109.88,22.78,6.19,0.74,7.29,25.35,85.42,1.17,262.29,0.0,0.0
2024-09-21 00:00:00,34.96,114.92,17.63,7.05,0.56,7.5,24.94,89.96,1.27,327.14,0.0,0.0
2024-09-21 01:00:00,37.48,115.61,13.29,7.06,0.41,12.56,24.65,89.56,1.12,254.53,0.0,0.0
2024-09-21 02:00:00,28.52,117.22,6.84,6.21,0.31,13.96,24.44,90.18,1.08,316.86,0.0,0.0
2024-09-21 03:00:00,28.2,99.7,5.75,5.86,0.3,14.37,24.66,89.93,1.18,310.98,0.0,0.0
2024-09-21 04:00:00,25.82,87.36,8.07,6.06,0.34,7.69,24.39,92.79,1.26,324.66,0.0,0.0
2024-09-21 05:00:00,24.55,84.56,4.31,6.23,0.3,11.28,24.31,92.11,1.27,330.62,0.0,0.0
2024-09-21 06:00:00,26.07,82.44,4.06,5.88,0.3,9.55,24.52,92.28,1.31,335.75,0.0,0.0
2024-09-21 07:00:00,26.48,79.96,4.02,5.76,0.33,12.43,25.94,88.6,1.16,344.39,0.0,7.65
2024-09-21 08:00:00,27.62,78.72,3.36,5.82,0.36,19.88,27.82,82.41,1.54,351.29,0.0,95.78
2024-09-21 09:00:00,24.32,76.65,5.93,6.12,0.37,29.98,29.43,76.69,1.44,350.42,0.0,217.92
2024-09-21 10:00:00,31.38,86.85,13.82,11.6,0.35,25.94,31.27,72.3,1.16,340.61,0.0,232.05
2024-09-21 11:00:00,33.2,96.05,19.75,28.18,0.32,24.97,32.59,67.63,1.11,179.34,0.0,226.45
2024-09-21 12:00:00,43.13,116.03,19.23,32.45,0.32,28.32,32.96,65.62,0.83,101.34,0.0,201.0
2024-09-21 13:00:00,44.21,124.48,8.68,19.9,0.38,39.34,33.26,64.31,0.6,186.96,0.0,216.5
2024-09-21 14:00:00,46.43,122.34,4.71,11.18,0.33,38.37,32.5,67.42,1.03,331.37,0.0,155.3
2024-09-21 15:00:00,42.3,120.01,25.56,21.83,0.34,18.69,32.6,65.46,0.9,336.03,0.0,181.95
2024-09-21 16:00:00,38.63,121.2,10.61,23.8,0.33,33.14,32.02,65.45,0.98,322.4,0.0,12.12
2024-09-21 17:00:00,40.44,119.01,4.77,10.6,0.38,29.78,30.86,70.72,1.16,220.95,0.0,0.0
2024-09-21 18:00:00,42.07,115.64,16.53,8.25,0.69,17.16,29.42,75.74,0.93,259.44,0.0,0.0
2024-09-21 19:00:00,36.45,111.4,9.82,7.11,0.52,10.65,28.61,84.63,1.27,324.02,0.0,0.0
2024-09-21 20:00:00,35.46,112.5,8.85,6.7,0.42,17.7,28.38,78.14,1.17,311.4,0.0,0.0
2024-09-21 21:00:00,31.62,103.6,7.27,6.37,0.42,19.05,27.65,80.19,1.18,326.41,0.0,0.0
2024-09-21 22:00:00,33.87,98.22,6.28,6.27,0.37,19.04,26.93,83.66,1.06,328.94,0.0,0.0
2024-09-21 23:00:00,29.69,96.6,5.46,6.11,0.34,16.74,26.58,84.12,1.36,344.76,0.0,0.0
2024-09-22 00:00:00,28.88,92.2,4.39,6.38,0.32,16.83,26.28,85.53,1.06,334.88,0.0,0.0
2024-09-22 01:00:00,25.46,87.44,5.82,6.11,0.34,13.4,26.07,87.44,0.97,341.48,0.0,0.0
2024-09-22 02:00:00,22.8,84.55,5.29,6.15,0.35,12.9,26.36,86.74,1.24,341.24,0.0,0.0
2024-09-22 03:00:00,28.87,84.59,4.51,6.22,0.3,20.58,25.71,87.01,0.76,235.52,0.0,0.0
2024-09-22 04:00:00,27.61,77.44,3.95,6.31,0.32,14.77,26.04,87.91,1.11,317.64,0.0,0.0
2024-09-22 05:00:00,26.94,77.12,4.8,6.0,0.4,10.4,25.98,89.1,0.93,289.55,0.0,0.0
2024-09-22 06:00:00,23.7,75.89,9.64,2.98,0.56,9.92,25.39,93.12,0.73,233.71,0.1,0.0
2024-09-22 07:00:00,23.81,78.78,12.01,4.53,0.56,24.18339597454883,25.04,94.53,0.99,254.88,0.0,4.88
2024-09-22 08:00:00,19.71,77.08,14.16,4.67,1.0,2.81,25.95,93.28,0.56,238.56,0.05,10.42
2024-09-22 09:00:00,24.46,86.74,11.68,4.23,0.57,7.36,27.09,89.3,1.1,345.45,0.0,173.58
2024-09-22 10:00:00,27.34,93.83,8.63,2.64,0.55,34.5,29.44,80.87,0.89,336.57,0.0,231.05
2024-09-22 11:00:00,31.61,96.84,6.36,5.28,0.36,30.92,31.44,73.86,0.96,263.11,0.0,253.42
2024-09-22 12:00:00,35.83,96.25,4.34,5.07,0.38,45.14,32.78,67.91,0.79,177.01,0.0,217.1
2024-09-22 13:00:00,36.44,96.22,3.86,4.6,0.33,42.98,33.49,63.3,0.61,298.49,0.0,189.7
2024-09-22 14:00:00,39.39,93.63,5.3,5.68,0.3,34.28,32.02,67.65,1.29,338.62,0.0,141.43
2024-09-22 15:00:00,35.13,91.17,8.34,8.88,0.28,26.79,31.96,68.98,1.25,336.88,0.0,119.3
2024-09-22 16:00:00,31.7,89.12,11.9,7.38,0.39,24.3,30.68,71.91,1.38,295.69,0.15,68.03
2024-09-22 17:00:00,35.1,95.29,21.04,8.05,0.8,9.64,25.92,92.18,0.98,169.84,0.1,1.12
2024-09-22 18:00:00,35.7,98.89,24.3,5.35,1.13,0.45,25.78,95.35,0.92,302.09,0.0,0.0
2024-09-22 19:00:00,35.23,109.2,25.18,5.57,2.47,1.65,25.7,95.64,0.52,223.02,0.0,0.0
2024-09-22 20:00:00,47.82,154.25,26.13,5.5,2.46,1.73,25.65,93.9,0.71,285.06,0.0,0.0
2024-09-22 21:00:00,57.18,182.57,15.56,4.3,0.53,4.84,25.13,90.99,1.03,253.88,0.0,0.0
2024-09-22 22:00:00,48.84,127.03,10.95,4.47,0.51,6.75,25.1,90.2,1.0,266.59,0.0,0.0
2024-09-22 23:00:00,39.32,91.72,10.65,3.84,0.56,7.46,25.35,90.01,1.16,162.61,0.0,0.0
2024-09-23 00:00:00,32.8,80.62,9.99,3.83,0.34,9.64,25.44,90.04,1.0,152.75,0.0,0.0
2024-09-23 01:00:00,29.76,68.14,6.32,3.76,0.27,13.98,24.92,91.6,0.57,178.67,0.05,0.0
2024-09-23 02:00:00,24.02,65.48,4.61,3.71,0.25,11.05,24.38,95.06,1.06,314.05,0.0,0.0
2024-09-23 03:00:00,23.16,62.91,10.06,4.53,0.32,8.42,24.66,95.14,0.75,145.25,0.0,0.0
2024-09-23 04:00:00,28.06,75.81,9.25,4.48,0.36,3.76,24.79,95.26,0.39,189.92,0.0,0.0
2024-09-23 05:00:00,26.62,87.34,9.23,4.06,0.36,2.64,24.85,95.56,0.76,207.0,0.0,0.0
2024-09-23 06:00:00,29.05,83.3,8.83,3.69,0.4,1.77,24.88,96.11,1.01,247.49,0.0,0.0
2024-09-23 07:00:00,32.2,84.33,9.94,3.81,0.5,3.4,25.69,93.6,0.92,178.29,0.0,27.35
2024-09-23 08:00:00,30.3,92.96,12.01,4.82,0.68,7.58,26.78,87.74,1.17,180.63,0.0,112.25
2024-09-23 09:00:00,35.58,104.3,9.88,5.03,0.45,16.3,28.56,82.62,0.9,259.6,0.0,142.82
2024-09-23 10:00:00,48.66,107.08,12.33,5.32,0.53,30.64,30.71,74.58,0.64,166.81,0.0,123.0
2024-09-23 11:00:00,42.33,108.5,14.22,3.34,0.58,54.2,32.11,70.22,0.25,179.46,0.05,131.93
2024-09-23 12:00:00,43.14,117.33,18.47,5.97,0.77,51.17,33.41,65.6,0.59,147.32,0.0,179.55
2024-09-23 13:00:00,49.51,132.3,10.68,5.88,0.48,47.93,33.24,65.43,0.42,95.19,0.0,153.2
2024-09-23 14:00:00,49.58,132.62,11.9,6.58,0.4,51.67,33.3,65.44,0.32,90.71,0.0,134.4
2024-09-23 15:00:00,53.22,138.02,17.17,18.93,0.41,47.02,32.34,67.1,0.38,162.94,0.0,128.55
2024-09-23 16:00:00,55.31,142.42,17.14,26.8,0.47,47.15,31.63,66.87,0.34,146.84,0.0,16.45
2024-09-23 17:00:00,61.35,140.42,11.32,12.91,0.44,34.81,29.94,75.56,0.99,319.82,0.0,0.0
2024-09-23 18:00:00,61.8,132.72,8.18,6.33,0.4,20.46,28.24,84.02,1.03,319.69,0.0,0.0
2024-09-23 19:00:00,46.38,123.37,11.82,6.1,0.4,14.9,27.42,85.03,1.27,338.78,0.0,0.0
2024-09-23 20:00:00,47.06,114.82,5.28,5.57,0.29,19.76,26.76,82.28,1.3,321.87,0.0,0.0
2024-09-23 21:00:00,35.9,94.73,5.94,5.32,0.34,16.19,26.4,84.71,1.25,329.52,0.0,0.0
2024-09-23 22:00:00,32.48,89.63,6.45,5.46,0.33,13.29,26.17,86.81,1.17,338.21,0.0,0.0
2024-09-23 23:00:00,33.72,87.9,6.62,5.3,0.3,10.68,26.04,88.25,1.36,331.43,0.0,0.0
2024-09-24 00:00:00,28.63,83.6,4.67,4.98,0.3,9.96,25.79,90.11,1.23,336.42,0.0,0.0
2024-09-24 01:00:00,28.56,71.46,3.92,5.0,0.32,11.68,25.75,89.76,1.44,341.2,0.0,0.0
2024-09-24 02:00:00,27.88,68.74,4.48,4.69,0.31,8.23,25.63,90.78,1.16,334.05,0.0,0.0
2024-09-24 03:00:00,25.34,70.04,4.76,4.9,0.32,7.8,25.46,91.19,1.3,341.53,0.0,0.0
2024-09-24 04:00:00,25.08,69.05,4.04,5.07,0.32,6.88,25.31,92.24,1.28,344.84,0.0,0.0
2024-09-24 05:00:00,22.27,64.57,4.69,4.54,0.35,5.54,25.5,91.91,0.98,339.29,0.0,0.0
2024-09-24 06:00:00,22.87,61.5,5.57,4.48,0.39,5.34,25.43,93.15,0.86,320.64,0.0,0.0
2024-09-24 07:00:00,35.15,68.44,6.48,4.62,0.55,9.51,25.72,90.75,1.07,244.84,0.0,0.0
2024-09-24 08:00:00,26.68,70.1,14.35,5.09,0.67,18.75,23.65,93.94,1.1,186.1,1.05,0.0
2024-09-24 09:00:00,19.6,52.03,16.8,5.04,1.09,11.2,23.97,96.58,0.68,133.42,0.05,19.75
2024-09-24 10:00:00,19.18,48.86,15.39,5.32,0.79,13.15,24.95,96.21,0.64,250.89,0.0,76.5
2024-09-24 11:00:00,19.69,51.17,17.24,5.19,1.0,14.13,25.07,93.02,1.2,155.06,0.2,0.4
2024-09-24 12:00:00,19.3,62.01,22.92,6.34,1.2,9.81,24.62,95.47,1.53,163.06,0.1,30.55
2024-09-24 13:00:00,29.97,62.5,23.24,7.18,1.06,10.17,24.36,95.52,1.33,166.84,1.55,0.02
2024-09-24 14:00:00,27.87,55.69,17.38,5.6,0.66,12.41,24.03,96.65,0.75,309.13,1.25,4.95
2024-09-24 15:00:00,20.09,52.56,14.54,5.36,0.53,16.28,24.43,96.95,1.08,177.2,0.0,25.8
2024-09-24 16:00:00,15.84,49.84,9.66,4.84,0.5,14.6,24.86,96.16,1.36,351.2,0.0,11.35
2024-09-24 17:00:00,16.48,51.78,7.62,4.43,0.42,17.04,24.85,94.64,1.4,334.26,0.0,0.0
2024-09-24 18:00:00,19.99,50.4,9.83,4.44,0.62,11.12,24.64,95.91,0.92,306.94,0.0,0.0
2024-09-24 19:00:00,17.06,54.11,15.0,4.5,0.88,5.7,24.69,96.79,1.23,315.74,0.0,0.0
2024-09-24 20:00:00,21.43,63.31,14.32,4.44,0.84,4.65,24.86,97.11,0.89,273.28,0.0,0.0
2024-09-24 21:00:00,23.99,63.68,14.48,4.76,1.38,3.19,24.95,97.12,0.74,215.82,0.0,0.0
2024-09-24 22:00:00,22.27,70.87,17.98,4.72,1.14,1.21,24.91,97.12,1.06,342.87,0.0,0.0
2024-09-24 23:00:00,25.31,73.4,11.12,4.44,0.59,1.75,24.72,97.14,1.09,323.2,0.0,0.0
2024-09-25 00:00:00,26.72,71.85,8.5,4.18,0.48,1.93,24.52,97.15,1.26,317.1,0.0,0.0
2024-09-25 01:00:00,25.44,63.94,5.64,4.02,0.35,3.45,24.34,97.17,1.32,328.6,0.0,0.0
2024-09-25 02:00:00,22.7,63.18,4.8,3.92,0.32,4.6,24.09,97.15,1.18,338.11,0.0,0.0
2024-09-25 03:00:00,19.45,58.99,5.89,4.06,0.33,3.39,23.84,97.15,1.32,331.15,0.0,0.0
2024-09-25 04:00:00,22.8,52.62,5.82,4.15,0.32,2.02,23.66,97.14,1.07,309.33,0.0,0.0
2024-09-25 05:00:00,16.73,49.93,5.87,4.01,0.35,1.92,23.62,97.16,1.18,250.36,0.0,0.0
2024-09-25 06:00:00,13.24,54.89,6.56,3.96,0.37,2.0,23.82,97.17,1.25,332.52,0.0,0.0
2024-09-25 07:00:00,12.93,56.63,6.63,3.93,0.44,3.52,24.79,97.0,1.09,257.29,0.0,12.82
2024-09-25 08:00:00,10.4,60.09,10.35,4.19,0.71,7.11,25.88,91.07,0.54,201.03,0.0,47.42
2024-09-25 09:00:00,12.99,58.87,12.23,5.12,0.74,16.78,27.47,84.46,0.43,108.1,0.0,73.35
2024-09-25 10:00:00,18.94,69.01,12.12,4.75,0.71,25.34,28.3,82.36,0.37,128.33,0.0,71.45
2024-09-25 11:00:00,22.07,76.63,9.32,4.48,0.58,39.23,29.48,78.01,0.71,209.49,0.0,104.98
2024-09-25 12:00:00,29.58,79.67,8.25,4.47,0.64,33.92,28.05,85.42,0.77,279.3,0.1,32.25
2024-09-25 13:00:00,29.03,86.08,17.5,4.91,0.96,20.19,26.96,92.66,0.43,42.31,0.0,35.98
2024-09-25 14:00:00,31.7,89.96,25.58,4.89,1.48,14.68,26.84,90.49,0.93,150.37,0.0,20.38
2024-09-25 15:00:00,39.56,105.55,27.86,5.46,1.28,11.35,27.48,87.3,0.84,154.95,0.0,73.47
2024-09-25 16:00:00,46.56,125.5,20.87,5.56,0.91,17.51,27.7,85.59,0.66,91.68,0.0,26.92
2024-09-25 17:00:00,44.28,115.64,16.15,4.83,0.74,15.95,27.04,88.24,0.52,181.78,0.0,0.0
2024-09-25 18:00:00,39.16,107.24,24.04,5.03,2.16,3.38,26.45,91.22,1.1,168.72,0.0,0.0
2024-09-25 19:00:00,37.92,126.96,25.15,4.62,1.4,2.75,25.97,93.26,0.86,294.05,0.0,0.0
2024-09-25 20:00:00,36.47,127.02,24.92,4.69,1.57,2.24,25.76,94.38,0.49,102.32,0.0,0.0
2024-09-25 21:00:00,32.65,121.04,25.3,4.27,1.36,2.17,25.42,94.45,1.16,318.64,0.0,0.0
2024-09-25 22:00:00,35.89,111.98,20.94,4.39,1.69,1.78,25.43,95.09,1.18,177.64,0.0,0.0
2024-09-25 23:00:00,38.92,111.84,16.76,4.17,1.23,1.2,25.2,95.66,1.24,322.32,0.0,0.0
2024-09-26 00:00:00,40.8,105.93,13.64,4.12,0.82,1.44,25.13,95.96,1.02,289.5,0.0,0.0
2024-09-26 01:00:00,40.24,99.79,11.24,3.87,0.68,1.25,24.78,96.42,0.72,242.39,0.0,0.0
2024-09-26 02:00:00,41.86,95.39,9.11,3.72,0.56,1.08,24.45,96.75,0.97,181.63,0.0,0.0
2024-09-26 03:00:00,31.83,84.79,7.73,3.69,0.63,1.05,24.43,97.07,1.02,267.66,0.0,0.0
2024-09-26 04:00:00,24.48,77.0,6.59,3.65,0.58,0.86,24.41,97.11,1.08,310.0,0.0,0.0
2024-09-26 05:00:00,23.91,68.53,6.4,3.6,0.46,0.92,24.46,97.14,1.08,324.33,0.0,0.0
2024-09-26 06:00:00,28.46,67.99,6.27,3.54,0.45,0.77,24.68,97.18,1.22,319.26,0.0,0.0
2024-09-26 07:00:00,22.34,66.95,6.06,3.53,0.36,2.06,25.19,96.35,1.42,338.0,0.0,23.48
2024-09-26 08:00:00,17.89,64.1,6.64,3.7,0.4,6.98,26.48,89.18,0.97,186.17,0.0,101.32
2024-09-26 09:00:00,18.82,59.97,5.94,3.88,0.42,16.15,27.53,84.94,1.06,176.32,0.0,109.65
2024-09-26 10:00:00,20.63,60.62,5.73,4.15,0.43,22.13,27.44,84.68,0.97,258.04,0.0,51.92
2024-09-26 11:00:00,24.56,68.17,10.33,4.28,0.58,32.93,29.17,78.88,0.54,132.14,0.0,115.6
2024-09-26 12:00:00,27.91,73.22,21.97,2.68,0.88,48.19,31.14,72.17,0.57,139.1,0.0,122.88
2024-09-26 13:00:00,29.71,86.2,13.79,2.38,0.61,45.46,29.38,79.18,0.88,331.76,0.0,30.4
2024-09-26 14:00:00,32.1,98.27,15.47,4.0,0.68,36.48,27.46,89.27,1.13,310.23,0.05,90.78
2024-09-26 15:00:00,34.56,100.01,9.09,3.75,0.44,41.22,28.86,80.58,1.2,335.06,0.0,104.2
2024-09-26 16:00:00,35.68,96.8,16.06,3.36,0.7,31.02,27.26,83.84,1.12,109.62,1.2,1.75
2024-09-26 17:00:00,30.65,89.63,20.96,5.9,0.78,17.29,24.64,96.19,0.77,131.84,0.45,0.0
2024-09-26 18:00:00,30.08,83.67,23.74,6.13,1.15,11.29,24.83,97.18,1.05,181.06,1.05,0.0
2024-09-26 19:00:00,25.13,73.05,16.94,5.91,0.68,20.08,24.08,97.22,1.12,195.51,1.4,0.0
2024-09-26 20:00:00,24.44,67.0,15.9,5.8,0.64,17.67,24.0,97.2,1.1,345.91,1.0,0.0
2024-09-26 21:00:00,20.67,59.25,20.2,5.68,0.86,12.9,24.23,97.14,0.97,49.45,0.4,0.0
2024-09-26 22:00:00,23.74,57.13,19.99,5.64,0.71,10.93,24.24,97.14,0.8,94.38,0.15,0.0
2024-09-26 23:00:00,22.52,60.92,16.64,5.88,0.6,9.68,24.16,97.14,0.58,143.86,0.1,0.0
2024-09-27 00:00:00,22.8,54.08,13.45,5.64,0.5,9.62,24.22,97.18,0.75,172.1,0.0,0.0
2024-09-27 01:00:00,19.0,54.57,9.25,5.52,0.44,9.34,24.26,97.2,1.09,256.97,0.05,0.0
2024-09-27 02:00:00,19.9,52.85,8.25,5.61,0.4,9.6,24.34,97.2,0.84,135.46,0.0,0.0
2024-09-27 03:00:00,14.94,52.14,7.6,5.53,0.35,11.0,24.34,97.15,0.7,194.5,1.2,0.0
2024-09-27 04:00:00,15.08,47.68,6.86,5.55,0.36,9.67,24.38,97.14,0.93,252.68,0.65,0.0
2024-09-27 05:00:00,16.8,42.86,6.56,5.6,0.48,6.59,24.5,97.14,0.77,167.12,0.05,0.0
2024-09-27 06:00:00,13.42,44.54,8.13,5.56,0.63,3.61,24.61,97.18,0.9,163.9,0.0,0.0
2024-09-27 07:00:00,12.64,44.14,7.45,5.88,1.15,1.58,24.71,97.2,1.16,159.44,0.0,0.0
2024-09-27 08:00:00,13.13,53.06,7.2,6.04,1.48,1.47,24.86,97.22,1.3,171.71,0.0,0.0
2024-09-27 09:00:00,20.15,53.17,7.48,6.13,1.42,2.54,25.02,97.17,1.38,162.57,0.0,58.12
2024-09-27 10:00:00,19.37,51.14,8.95,6.01,1.31,4.58,26.29,93.17,1.35,164.32,0.05,107.6
2024-09-27 11:00:00,22.17,53.08,11.01,5.66,0.92,10.46,27.6,84.72,1.48,166.8,0.0,174.7
2024-09-27 12:00:00,23.89,56.37,13.58,5.02,0.94,16.89,29.11,79.7,1.45,166.86,0.0,195.0
2024-09-27 13:00:00,20.31,61.99,12.86,3.62,0.94,19.44,29.41,78.22,1.55,164.36,0.0,205.22
2024-09-27 14:00:00,22.2,72.2,13.66,5.76,0.86,21.52,29.8,76.91,1.4,166.01,0.0,182.5
2024-09-27 15:00:00,38.01,86.9,14.4,5.72,0.93,23.67,29.63,76.63,1.61,165.91,0.0,147.0
2024-09-27 16:00:00,31.25,84.58,16.14,5.61,0.95,22.18,29.2,77.62,1.61,169.52,0.0,43.55
2024-09-27 17:00:00,27.38,74.39,19.27,3.59,1.2,17.28,28.2,81.75,1.61,167.56,0.0,0.0
2024-09-27 18:00:00,22.38,74.34,24.24,5.79,1.56,8.97,27.47,84.9,1.37,165.19,0.0,0.0
2024-09-27 19:00:00,19.7,81.52,21.05,6.25,1.69,9.15,27.09,86.52,1.68,165.82,0.0,0.0
2024-09-27 20:00:00,20.97,92.54,18.82,6.12,1.54,8.26,26.75,87.98,1.58,171.0,0.0,0.0
2024-09-27 21:00:00,25.23,92.6,16.33,5.8,1.01,8.24,26.51,88.73,1.47,169.09,0.0,0.0
2024-09-27 22:00:00,22.54,87.18,16.34,5.68,0.87,6.62,26.1,90.12,1.36,163.93,0.0,0.0
2024-09-27 23:00:00,29.8,88.08,11.62,5.36,0.6,5.67,25.77,92.53,1.2,151.24,0.0,0.0
2024-09-28 00:00:00,23.09,70.47,12.25,5.39,0.6,4.95,25.67,92.89,1.43,166.94,0.0,0.0
2024-09-28 01:00:00,17.16,61.03,10.96,5.26,0.41,4.68,25.44,94.36,1.44,163.62,0.0,0.0
2024-09-28 02:00:00,13.08,54.04,13.59,5.36,0.33,5.74,25.3,95.08,1.19,158.98,0.0,0.0
2024-09-28 03:00:00,10.12,55.44,7.38,5.36,0.4,7.91,25.28,94.2,1.39,161.22,0.0,0.0
2024-09-28 04:00:00,8.98,51.42,6.46,5.2,0.37,6.17,25.06,93.92,1.61,164.43,0.0,0.0
2024-09-28 05:00:00,10.71,50.0,6.68,5.19,0.47,5.83,24.96,92.83,1.46,167.18,0.0,0.0
2024-09-28 06:00:00,7.94,49.78,6.37,5.4,0.73,4.8,24.86,91.77,1.23,180.96,0.0,0.0
2024-09-28 07:00:00,8.44,55.75,6.39,5.42,0.74,5.73,25.7,87.02,1.34,168.64,0.0,4.55
2024-09-28 08:00:00,11.94,72.63,6.42,5.6,0.67,7.57,26.75,80.84,1.2,185.78,0.0,71.62
2024-09-28 09:00:00,14.16,71.53,8.52,5.66,0.76,9.92,27.58,77.5,1.13,177.52,0.0,130.32
2024-09-28 10:00:00,16.01,68.09,9.06,5.47,0.72,12.83,28.01,76.62,1.04,158.35,0.0,166.0
2024-09-28 11:00:00,18.8,71.54,10.02,5.6,0.68,16.18,29.01,73.24,1.38,172.38,0.0,180.05
2024-09-28 12:00:00,25.33,69.84,11.62,5.61,0.8,18.23,29.17,74.08,1.39,165.16,0.0,119.5
2024-09-28 13:00:00,19.1,77.84,11.92,6.17,0.8,17.38,29.28,75.43,1.28,170.36,0.0,145.22
2024-09-28 14:00:00,18.13,86.12,12.48,5.55,0.78,17.2,29.14,76.26,1.18,159.66,0.0,119.4
2024-09-28 15:00:00,19.07,80.82,14.52,5.64,0.79,15.58,28.78,77.5,1.16,166.68,0.0,26.5
2024-09-28 16:00:00,21.73,88.22,15.16,5.72,0.92,13.61,28.8,77.64,1.48,168.38,0.0,6.92
2024-09-28 17:00:00,23.61,83.68,17.5,5.62,0.9,12.93,28.44,79.07,1.42,172.84,0.0,0.0
2024-09-28 18:00:00,24.44,78.96,15.96,5.39,0.75,10.66,27.4,83.03,0.97,199.65,0.0,0.0
2024-09-28 19:00:00,22.53,77.89,22.48,5.53,1.02,3.79,26.12,89.74,1.18,340.81,0.0,0.0
2024-09-28 20:00:00,25.28,81.49,20.33,5.92,2.02,1.31,25.76,92.6,1.02,171.91,0.0,0.0
2024-09-28 21:00:00,27.55,98.14,20.03,5.86,1.81,1.41,25.57,93.5,1.14,253.88,0.0,0.0
2024-09-28 22:00:00,29.22,96.88,15.03,6.04,1.82,1.0,25.31,94.94,1.08,91.04,0.0,0.0
2024-09-28 23:00:00,30.55,105.45,14.96,5.65,1.35,2.21,25.16,95.45,0.86,100.7,0.0,0.0
2024-09-29 00:00:00,31.25,102.44,14.16,5.48,0.77,2.57,25.43,94.85,0.88,210.73,0.0,0.0
2024-09-29 01:00:00,24.83,85.04,11.13,5.33,0.68,0.79,25.4,93.94,1.15,175.28,0.0,0.0
2024-09-29 02:00:00,21.91,75.48,9.01,5.14,0.34,1.7,25.24,94.18,0.86,188.89,0.0,0.0
2024-09-29 03:00:00,16.14,58.16,11.66,5.23,0.29,1.83,25.28,94.18,1.09,193.92,0.0,0.0
2024-09-29 04:00:00,12.2,61.02,11.28,5.0,0.32,1.76,24.9,95.55,0.88,157.58,0.0,0.0
2024-09-29 05:00:00,9.72,64.38,7.44,5.18,0.46,1.36,24.58,96.58,1.0,130.38,0.0,0.0
2024-09-29 06:00:00,12.36,57.71,5.29,5.28,0.66,0.83,24.68,96.85,1.0,173.99,0.0,0.0
2024-09-29 07:00:00,18.55,62.02,9.07,5.19,0.59,1.1,25.86,92.78,0.76,174.18,0.0,0.45
2024-09-29 08:00:00,23.24,64.97,10.75,5.14,0.47,4.52,27.5,86.44,0.37,176.23,0.0,64.08
2024-09-29 09:00:00,20.12,67.51,9.59,5.13,0.54,14.02,29.49,77.24,1.08,154.97,0.0,212.25
2024-09-29 10:00:00,19.16,60.76,10.88,5.12,0.48,17.26,30.03,74.7,0.55,152.73,0.0,187.0
2024-09-29 11:00:00,24.2,55.88,8.16,4.97,0.38,19.9,31.0,71.15,0.6,248.61,0.0,180.45
2024-09-29 12:00:00,20.34,58.69,8.51,5.09,0.42,20.66,32.77,64.26,0.78,162.84,0.0,163.18
2024-09-29 13:00:00,18.32,55.18,8.97,5.1,0.36,23.77,32.91,63.44,0.62,146.66,0.0,161.12
2024-09-29 14:00:00,15.7,53.22,8.8,5.12,0.36,23.57,32.59,63.44,0.67,189.98,0.0,130.75
2024-09-29 15:00:00,14.78,52.92,11.07,5.09,0.39,20.33,31.31,67.77,0.58,158.42,0.0,72.95
2024-09-29 16:00:00,14.82,49.8,9.12,5.19,0.37,24.06,30.87,69.18,0.76,127.75,0.0,5.92
2024-09-29 17:00:00,19.62,48.49,11.08,5.38,0.45,18.62,29.32,74.59,0.72,259.55,0.0,0.0
2024-09-29 18:00:00,20.02,55.12,26.05,5.28,1.24,7.39,27.99,79.62,1.12,17.64,0.0,0.0
2024-09-29 19:00:00,31.84,80.3,32.39,5.85,1.97,1.62,27.46,83.05,1.06,163.17,0.0,0.0
2024-09-29 20:00:00,42.64,124.6,29.19,6.12,2.25,1.25,27.06,86.11,0.94,235.41,0.0,0.0
2024-09-29 21:00:00,47.14,130.36,25.14,6.06,2.46,1.29,26.74,88.26,1.07,338.93,0.0,0.0
2024-09-29 22:00:00,47.66,139.64,23.05,5.4,1.01,1.62,26.6,88.72,0.75,176.66,0.0,0.0
2024-09-29 23:00:00,43.73,124.94,16.14,5.16,0.64,2.96,26.33,91.15,0.34,145.62,0.0,0.0
2024-09-30 00:00:00,33.3,100.6,12.64,5.09,0.45,5.96,26.01,90.32,0.69,188.24,0.0,0.0
2024-09-30 01:00:00,27.58,95.18,15.59,4.92,0.44,4.62,25.56,92.3,1.03,28.86,0.0,0.0
2024-09-30 02:00:00,26.94,90.84,14.64,5.1,0.37,5.01,25.42,93.01,0.65,232.6,0.0,0.0
2024-09-30 03:00:00,26.0,83.64,21.58,4.87,0.3,5.86,25.21,93.43,0.83,191.01,0.0,0.0
2024-09-30 04:00:00,19.95,81.42,12.75,4.84,0.3,5.4,24.7,95.02,1.07,185.22,0.0,0.0
2024-09-30 05:00:00,17.87,70.56,8.92,5.15,0.34,6.61,24.46,95.68,0.98,302.16,0.0,0.0
2024-09-30 06:00:00,14.66,57.82,8.21,5.24,0.39,3.07,24.46,96.42,1.12,169.26,0.0,0.0
2024-09-30 07:00:00,15.14,60.2,7.26,5.16,0.37,5.78,26.04,92.08,1.11,180.1,0.0,0.3
2024-09-30 08:00:00,24.25,63.9,12.52,5.26,0.5,18.11,27.92,83.26,1.17,262.41,0.0,81.85
2024-09-30 09:00:00,22.0,74.19,10.75,3.69,0.65,26.38,30.3,74.73,0.53,93.84,0.0,181.98
2024-09-30 10:00:00,19.66,75.63,14.31,5.52,0.75,13.17,31.8,69.83,1.06,155.8,0.0,166.1
2024-09-30 11:00:00,24.47,69.23,10.57,2.78,0.63,13.81,32.84,65.96,0.84,110.03,0.0,205.42
2024-09-30 12:00:00,32.16,68.17,11.55,5.46,0.64,13.06,33.43,63.75,0.55,152.63,0.0,209.28
2024-09-30 13:00:00,34.73,69.53,4.7,5.4,0.33,15.0,31.85,70.58,1.16,263.66,0.0,156.85
2024-09-30 14:00:00,33.03,65.51,6.26,5.47,0.42,14.49,32.75,65.98,0.61,109.7,0.0,182.35
2024-09-30 15:00:00,26.78,59.48,8.54,5.36,0.4,14.46,32.49,65.81,0.64,259.42,0.0,158.52
2024-09-30 16:00:00,20.64,50.7,11.14,4.68,0.55,13.7,31.26,70.28,0.56,209.22,0.0,38.88
2024-09-30 17:00:00,15.17,48.92,17.75,2.27,1.0,12.4,30.66,74.19,0.53,97.59,0.0,0.0
2024-09-30 18:00:00,15.7,56.92,17.7,2.83,0.72,6.35,29.24,79.41,0.88,251.41,0.0,0.0
2024-09-30 19:00:00,29.32,79.57,25.28,4.81,1.58,0.48,28.51,82.66,0.89,342.72,0.0,0.0
2024-09-30 20:00:00,39.15,96.12,26.21,4.45,1.76,0.46103420926020533,28.02,86.34,0.85,41.4,0.0,0.0
2024-09-30 21:00:00,44.17,108.62,20.74,4.24,1.54,6.026641445101479,27.84,87.99,0.99,104.58,0.0,0.0
2024-09-30 22:00:00,44.56,109.44,16.65,3.77,0.86,22.06288677060047,27.63,89.78,1.06,159.92,0.0,0.0
2024-09-30 23:00:00,47.38,117.5,16.45,3.53,0.68,26.6220066508381,27.02,91.79,1.04,158.81,0.0,0.0
2024-10-01 00:00:00,39.87,112.5,15.74,3.41,0.52,3.36,26.56,93.31,0.56,154.52,0.0,0.0
2024-10-01 01:00:00,33.63,105.99,16.13,3.26,0.43,2.46,26.04,94.96,0.77,112.16,0.0,0.0
2024-10-01 02:00:00,29.47,99.61,11.66,3.38,0.47,2.97,25.61,96.41,1.02,289.14,0.0,0.0
2024-10-01 03:00:00,26.8,95.74,8.52,3.33,0.44,2.36,25.52,96.82,0.78,287.96,0.0,0.0
2024-10-01 04:00:00,35.3,87.58,5.18,3.02,0.31,3.05,25.15,97.01,1.06,266.56,0.0,0.0
2024-10-01 05:00:00,27.74,71.38,6.06,3.41,0.41,1.73,24.91,97.12,1.1,329.85,0.0,0.0
2024-10-01 06:00:00,26.57,73.28,10.26,2.49,0.36,6.77,24.82,97.18,1.1,210.91,0.0,0.0
2024-10-01 07:00:00,25.81,78.76,11.27,4.06,0.42,0.5,26.16,92.34,1.06,339.72,0.0,0.57
2024-10-01 08:00:00,32.31,80.12,6.64,4.14,0.4,10.03,27.89,82.62,1.08,255.57,0.0,44.35
2024-10-01 09:00:00,29.31,64.74,6.57,4.01,0.39,19.44,29.64,75.17,1.22,262.75,0.0,129.7
2024-10-01 10:00:00,31.37,59.54,2.38,3.96,0.32,25.81,31.12,70.27,0.99,346.88,0.0,161.3
2024-10-01 11:00:00,27.83,54.83,5.24,3.96,0.36,26.16,32.61,64.01,0.88,262.41,0.0,177.95
2024-10-01 12:00:00,22.97,58.07,7.12,4.22,0.37,32.68,32.42,64.7,0.95,260.65,0.0,165.58
2024-10-01 13:00:00,21.01,54.04,5.69,3.47,0.33,39.49,33.76,61.52,0.91,261.05,0.0,216.68
2024-10-01 14:00:00,22.94,57.13,7.4,4.77,0.4,38.36,33.62,61.68,0.96,255.01,0.0,193.68
2024-10-01 15:00:00,25.14,61.65,6.66,5.71,0.36,39.26,31.57,65.99,0.97,317.81,0.0,27.92
2024-10-01 16:00:00,33.67,60.73,14.08,5.84,0.67,29.33,31.68,66.98,0.88,142.3,0.0,0.35
2024-10-01 17:00:00,26.2,63.12,13.42,5.98,0.73,24.34,30.79,70.39,0.84,193.2,0.0,0.0
2024-10-01 18:00:00,24.15,67.74,22.17,6.06,0.93,15.06,29.62,74.49,0.63,347.88,0.0,0.0
2024-10-01 19:00:00,28.58,80.72,19.94,6.09,0.96,10.44,28.36,80.78,1.21,329.91,0.0,0.0
2024-10-01 20:00:00,37.67,98.56,17.74,6.76,0.8,5.52,27.69,87.91,1.22,333.33,0.0,0.0
2024-10-01 21:00:00,37.36,105.65,28.77,6.88,2.05,2.05,27.65,84.94,0.84,149.26,0.0,0.0
2024-10-01 22:00:00,50.74,126.01,22.66,5.9,0.98,4.28,27.18,86.25,0.92,94.02,0.0,0.0
2024-10-01 23:00:00,41.44,116.44,21.74,6.08,0.77,3.6,26.5,90.18,1.13,337.32,0.0,0.0
2024-10-02 00:00:00,38.91,116.78,16.66,5.58,0.44,5.32,26.31,89.6,1.12,178.71,0.0,0.0
2024-10-02 01:00:00,43.28,113.7,12.33,5.52,0.36,4.72,25.74,92.78,1.06,261.03,0.0,0.0
2024-10-02 02:00:00,42.9,110.51,8.02,5.39,0.32,7.66,25.25,93.12,1.03,334.59,0.0,0.0
2024-10-02 03:00:00,36.82,98.58,5.26,5.35,0.32,8.67,24.93,93.87,0.95,255.7,0.0,0.0
2024-10-02 04:00:00,33.87,90.47,7.27,5.3,0.37,7.95,24.56,94.55,1.08,340.43,0.0,0.0
2024-10-02 05:00:00,42.91,93.7,4.64,5.36,0.31,7.57,24.23,94.84,1.24,251.84,0.0,0.0
2024-10-02 06:00:00,40.44,88.02,4.19,5.24,0.32,8.48,24.38,92.4,1.15,334.98,0.0,0.0
2024-10-02 07:00:00,40.85,83.91,3.34,5.24,0.34,13.6,25.95,87.34,1.13,336.89,0.0,3.98
2024-10-02 08:00:00,40.64,85.75,6.15,5.36,0.42,21.28,28.04,81.21,1.05,259.52,0.0,127.4
2024-10-02 09:00:00,38.8,84.05,6.21,5.37,0.41,28.3,29.95,76.01,1.09,344.39,0.0,245.78
2024-10-02 10:00:00,40.31,92.88,1.8,5.33,0.3,34.72,31.29,71.36,1.42,354.67,0.0,224.55
2024-10-02 11:00:00,41.1,88.92,3.33,5.35,0.32,37.63,32.58,66.48,1.44,174.31,0.0,228.2
2024-10-02 12:00:00,37.38,82.86,3.35,5.58,0.32,44.66,33.69,61.05,1.06,337.67,0.0,187.15
2024-10-02 13:00:00,32.58,87.1,5.44,5.98,0.34,49.73,34.34,56.99,1.0,341.86,0.0,217.08
2024-10-02 14:00:00,27.64,92.48,1.36,5.62,0.25,55.64,34.24,55.32,1.28,346.98,0.0,225.98
2024-10-02 15:00:00,30.44,93.06,0.94,5.76,0.23,54.22,33.34,53.01,1.41,341.42,0.0,101.72
2024-10-02 16:00:00,31.47,91.45,2.66,5.75,0.25,45.26,32.2,59.01,1.17,339.12,0.0,3.18
2024-10-02 17:00:00,38.22,89.43,4.53,5.71,0.29,33.52,30.78,66.58,1.16,183.72,0.0,0.0
2024-10-02 18:00:00,43.22,91.59,12.12,5.6,0.36,21.28,28.9,77.58,1.21,170.12,0.0,0.0
2024-10-02 19:00:00,43.4,100.85,19.98,5.88,0.67,10.23,28.28,77.9,1.24,306.77,0.0,0.0
2024-10-02 20:00:00,48.43,111.42,29.31,6.28,1.24,2.62,28.06,80.43,1.15,312.67,0.0,0.0
2024-10-02 21:00:00,42.87,128.43,18.24,6.05,0.63,8.61,27.23,83.75,1.17,345.38,0.0,0.0
2024-10-02 22:00:00,41.89,129.43,13.64,5.8,0.47,15.16,26.97,82.68,1.13,94.74,0.0,0.0
2024-10-02 23:00:00,44.49,120.65,11.07,3.68,0.38,14.08,26.61,80.9,0.92,259.4,0.0,0.0
2024-10-03 00:00:00,42.95,116.14,9.68,5.64,0.32,10.76,26.03,84.51,0.9,182.74,0.0,0.0
2024-10-03 01:00:00,38.36,112.48,6.56,5.54,0.32,12.72,25.68,86.89,1.04,345.13,0.0,0.0
2024-10-03 02:00:00,40.39,104.47,4.45,5.58,0.3,14.41,25.4,87.67,1.3,346.84,0.0,0.0
2024-10-03 03:00:00,34.8,92.2,4.61,5.62,0.32,10.34,24.88,89.98,0.99,341.93,0.0,0.0
2024-10-03 04:00:00,28.86,76.59,6.64,5.52,0.3,5.36,24.52,92.12,0.96,347.9,0.0,0.0
2024-10-03 05:00:00,27.32,75.8,5.8,5.58,0.3,2.01,24.31,93.84,1.2,337.35,0.0,0.0
2024-10-03 06:00:00,25.3,75.12,5.39,5.46,0.33,0.67,24.33,94.29,1.16,337.12,0.0,0.0
2024-10-03 07:00:00,33.21,74.46,5.1,5.46,0.42,4.65,25.79,90.05,1.03,349.95,0.0,1.4
2024-10-03 08:00:00,39.84,81.76,6.48,5.5,0.46,11.41,27.58,83.5,1.1,267.02,0.0,75.12
2024-10-03 09:00:00,41.14,86.58,7.72,5.7,0.42,17.36,29.12,77.97,1.2,354.56,0.0,122.1
2024-10-03 10:00:00,31.12,85.62,7.96,5.55,0.49,18.7,30.55,74.91,1.02,343.18,0.0,105.42
2024-10-03 11:00:00,30.84,88.63,5.32,5.7,0.38,25.88,31.76,71.4,1.16,351.2,0.0,132.98
2024-10-03 12:00:00,33.13,90.21,2.79,3.38,0.35,36.05,33.36,65.86,1.1,258.64,0.0,207.2
2024-10-03 13:00:00,35.67,93.79,2.16,5.16,0.38,39.32,34.07,63.04,1.05,346.68,0.0,174.55
2024-10-03 14:00:00,35.57,96.12,2.46,3.66,0.32,41.22,33.09,63.28,1.24,341.6,0.0,144.45
2024-10-03 15:00:00,34.36,91.82,1.7,5.84,0.33,44.74,32.64,64.05,1.46,334.99,0.0,97.8
2024-10-03 16:00:00,35.0,87.4,2.89,6.02,0.38,46.26,31.76,66.24,1.24,321.86,0.0,41.52
2024-10-03 17:00:00,33.86,93.21,24.67,6.12,1.0,24.37,30.67,67.74,0.55,111.78,0.0,0.0
2024-10-03 18:00:00,32.26,99.13,32.6,3.76,1.15,13.57,28.97,64.99,0.47,105.96,0.0,0.0
2024-10-03 19:00:00,29.53,101.66,34.36,6.64,1.21,11.06,27.68,66.44,0.61,123.13,0.0,0.0
2024-10-03 20:00:00,36.4,110.55,41.27,7.33,1.71,4.91,26.63,70.19,1.11,314.11,0.0,0.0
2024-10-03 21:00:00,40.43,118.5,28.9,6.89,0.9,6.9,25.78,80.67,0.98,173.72,0.0,0.0
2024-10-03 22:00:00,34.09,115.62,17.86,7.58,0.74,7.56,25.35,82.1,1.11,328.34,0.0,0.0
2024-10-03 23:00:00,38.85,113.82,17.02,7.95,0.73,6.58,25.19,82.92,1.28,334.69,0.0,0.0
2024-10-04 00:00:00,41.54,117.77,15.38,7.12,0.48,12.22,24.76,84.91,1.07,308.03,0.0,0.0
2024-10-04 01:00:00,48.74,112.5,9.81,6.72,0.41,12.98,24.65,88.72,1.23,318.24,0.0,0.0
2024-10-04 02:00:00,50.61,114.25,5.46,6.22,0.37,17.37,24.63,90.37,0.96,319.21,0.0,0.0
2024-10-04 03:00:00,45.96,110.74,4.22,6.18,0.32,20.01,24.4,91.37,1.03,261.42,0.0,0.0
2024-10-04 04:00:00,40.92,105.91,3.77,6.0,0.36,17.45,24.04,93.55,1.16,345.35,0.0,0.0
2024-10-04 05:00:00,42.69,100.55,3.97,5.89,0.33,17.05,23.89,94.67,1.21,340.46,0.0,0.0
2024-10-04 06:00:00,44.93,102.66,4.61,5.94,0.35,16.13,24.3,93.06,0.71,333.81,0.0,0.0
2024-10-04 07:00:00,48.04,112.43,7.47,5.96,0.43,16.76,25.72,88.23,0.88,255.1,0.0,2.98
2024-10-04 08:00:00,52.81,116.04,3.36,6.08,0.38,24.54,27.39,82.28,1.18,350.1,0.0,73.35
2024-10-04 09:00:00,55.2,116.28,6.23,6.07,0.4,30.23,29.15,75.61,1.18,263.85,0.0,134.85
2024-10-04 10:00:00,58.78,117.42,6.5,5.98,0.39,34.05,30.78,71.24,1.16,342.0,0.0,149.15
2024-10-04 11:00:00,61.64,121.79,6.98,6.11,0.41,38.28,32.07,66.84,1.17,261.15,0.0,130.9
2024-10-04 12:00:00,50.92,123.71,2.99,3.5,0.32,46.0,33.26,61.89,1.13,263.75,0.0,120.52
2024-10-04 13:00:00,43.9,123.57,4.79,4.07,0.33,42.33,32.64,63.57,1.21,336.0,0.0,121.72
2024-10-04 14:00:00,50.51,135.96,4.47,4.35,0.34,42.06,32.39,62.37,1.29,340.24,0.0,112.02
2024-10-04 15:00:00,52.1,146.01,13.49,3.94,0.36,38.48,32.06,62.13,1.42,344.59,0.0,79.0
2024-10-04 16:00:00,61.76,155.65,10.2,6.94,0.38,38.03,31.39,62.8,1.25,343.9,0.0,7.05
2024-10-04 17:00:00,64.48,155.0,8.02,4.12,0.41,33.82,29.91,68.22,1.17,306.0,0.0,0.0
2024-10-04 18:00:00,55.35,135.45,23.61,6.68,1.08,19.18,28.08,75.04,0.98,209.63,0.0,0.0
2024-10-04 19:00:00,52.12,141.32,44.5,7.29,1.82,3.51,27.64,77.56,0.93,258.89,0.0,0.0
2024-10-04 20:00:00,52.42,164.07,34.52,7.19,1.16,5.23,26.57,82.08,1.19,338.9,0.0,0.0
2024-10-04 21:00:00,54.72,164.27,29.4,7.22,1.16,3.03,26.02,88.25,1.26,324.86,0.0,0.0
2024-10-04 22:00:00,56.16,163.35,30.4,7.17,1.25,0.54,25.52,90.08,1.15,316.34,0.0,0.0
2024-10-04 23:00:00,50.28,157.01,24.49,6.83,1.0,2.41,25.26,86.69,1.38,334.6,0.0,0.0
2024-10-05 00:00:00,52.48,154.57,14.43,6.82,0.49,9.2,24.71,83.67,1.18,301.97,0.0,0.0
2024-10-05 01:00:00,44.78,149.78,12.46,6.59,0.39,10.85,24.27,87.41,1.0,242.8,0.0,0.0
2024-10-05 02:00:00,40.11,139.24,9.56,6.51,0.34,10.4,24.03,90.26,1.15,313.23,0.0,0.0
2024-10-05 03:00:00,40.38,126.16,7.18,6.37,0.31,8.53,23.53,92.34,1.14,322.26,0.0,0.0
2024-10-05 04:00:00,33.31,114.52,6.65,6.5,0.3,7.68,23.16,93.77,1.21,332.52,0.0,0.0
2024-10-05 05:00:00,33.66,107.25,5.22,6.54,0.32,9.58,22.92,94.44,1.29,333.45,0.0,0.0
2024-10-05 06:00:00,38.05,100.44,3.24,6.38,0.3,17.8,23.54,91.22,1.21,339.82,0.0,0.0
2024-10-05 07:00:00,39.39,100.1,2.56,6.33,0.33,22.38,24.86,86.28,1.38,352.26,0.0,0.38
2024-10-05 08:00:00,42.02,104.44,3.58,6.61,0.38,29.84,27.07,78.94,1.46,347.9,0.0,69.05
2024-10-05 09:00:00,43.83,105.75,6.14,6.69,0.38,35.8,29.25,71.62,1.4,353.97,0.0,154.22
2024-10-05 10:00:00,40.99,111.13,4.46,6.76,0.34,44.12,30.72,66.7,1.36,343.01,0.0,213.0
2024-10-05 11:00:00,45.54,112.07,19.59,34.22,0.37,38.14,32.44,60.41,1.04,172.69,0.0,184.5
2024-10-05 12:00:00,49.1,119.94,22.84,54.54,0.35,43.06,33.17,57.76,1.25,348.84,0.0,167.12
2024-10-05 13:00:00,50.58,130.56,24.2,51.01,0.37,47.4,34.23,51.76,1.01,339.42,0.0,206.75
2024-10-05 14:00:00,52.04,142.28,30.32,72.04,0.4,48.31,34.96,47.68,0.78,257.83,0.0,168.28
2024-10-05 15:00:00,53.9,151.9,26.54,34.23,0.57,60.73,33.04,54.62,0.7,99.8,0.0,83.22
2024-10-05 16:00:00,53.79,157.15,23.24,18.03,0.71,58.85,28.98,69.74,1.0,177.71,1.35,25.52
2024-10-05 17:00:00,51.66,151.01,38.64,9.66,1.22,19.55,23.67,93.96,1.18,326.32,0.0,0.0
2024-10-05 18:00:00,50.7,144.0,25.88,5.7,0.84,15.16,24.48,91.92,1.23,325.98,0.0,0.0
2024-10-05 19:00:00,54.72,136.61,20.25,6.12,0.74,8.28,25.64,87.68,1.04,338.94,0.0,0.0
2024-10-05 20:00:00,57.32,130.3,16.69,5.78,0.67,11.32,25.61,79.1,1.15,224.51,0.0,0.0
2024-10-05 21:00:00,48.39,124.8,24.35,5.92,1.13,5.88,25.45,81.31,1.17,309.03,0.0,0.0
2024-10-05 22:00:00,51.93,124.49,11.12,6.18,0.37,17.98,25.6,76.98,1.25,340.8,0.0,0.0
2024-10-05 23:00:00,41.14,107.26,8.74,5.41,0.34,18.05,25.11,77.77,1.08,250.76,0.0,0.0
2024-10-06 00:00:00,37.69,102.46,15.5,5.35,0.51,12.17,24.08,83.48,1.01,334.88,0.0,0.0
2024-10-06 01:00:00,34.99,98.4,10.39,5.03,0.46,7.57,23.38,88.3,1.3,322.74,0.0,0.0
2024-10-06 02:00:00,35.2,99.24,8.8,5.05,0.41,9.53,23.51,85.99,1.28,328.18,0.0,0.0
2024-10-06 03:00:00,34.53,97.22,7.78,5.03,0.32,13.73,24.1,82.02,1.42,333.51,0.0,0.0
2024-10-06 04:00:00,32.76,94.02,7.15,5.67,0.31,17.46,24.05,80.94,1.32,333.94,0.0,0.0
2024-10-06 05:00:00,34.09,92.1,6.59,5.88,0.3,17.22,23.28,84.64,1.28,316.26,0.0,0.0
2024-10-06 06:00:00,38.29,86.3,6.81,5.12,0.33,11.35,23.05,88.01,1.25,324.71,0.0,0.0
2024-10-06 07:00:00,30.83,84.98,6.39,5.01,0.37,12.34,23.9,87.73,1.24,236.3,0.0,0.02
2024-10-06 08:00:00,28.91,89.22,8.04,5.49,0.45,15.56,25.0,85.29,1.3,325.94,0.0,67.28
2024-10-06 09:00:00,28.62,97.7,7.4,5.68,0.46,28.5,27.28,77.53,1.27,351.11,0.0,191.75
2024-10-06 10:00:00,36.38,106.26,6.66,5.87,0.42,41.1,29.43,70.31,0.63,301.32,0.0,212.98
2024-10-06 11:00:00,49.03,108.62,7.2,6.13,0.42,55.48,31.88,63.37,0.99,347.87,0.05,177.32
2024-10-06 12:00:00,43.06,114.87,5.54,7.06,0.37,64.59,32.54,59.24,0.93,178.0,0.0,173.0
2024-10-06 13:00:00,37.96,114.19,4.94,7.29,0.33,62.63,33.64,52.07,0.93,203.25,0.0,162.57
2024-10-06 14:00:00,32.31,112.44,6.17,6.8,0.3,59.34,33.58,50.52,0.53,177.58,0.0,179.98
2024-10-06 15:00:00,35.46,109.24,10.52,6.8,0.38,57.37,32.29,55.14,0.38,246.64,0.0,78.95
2024-10-06 16:00:00,35.1,105.06,7.16,6.33,0.33,53.8,30.68,54.5,0.56,158.23,0.0,0.0
2024-10-06 17:00:00,30.26,98.4,37.95,6.42,1.04,21.73,28.83,62.0,0.76,119.91,0.0,0.0
2024-10-06 18:00:00,41.14,111.72,38.0,6.0,1.21,14.04,26.47,70.19,1.25,21.87,0.0,0.0
2024-10-06 19:00:00,44.95,127.43,36.17,6.18,1.4,5.37,25.71,80.28,1.28,322.1,0.0,0.0
2024-10-06 20:00:00,47.17,145.76,16.16,5.67,0.72,3.71,25.14,88.11,1.25,321.97,0.0,0.0
2024-10-06 21:00:00,40.92,123.98,16.16,5.64,0.77,1.68,24.62,91.29,1.34,316.96,0.0,0.0
2024-10-06 22:00:00,39.89,118.0,27.17,6.04,1.12,1.83,24.83,81.71,1.41,325.1,0.0,0.0
2024-10-06 23:00:00,41.69,123.55,16.46,5.96,0.52,8.33,24.52,83.63,1.3,339.29,0.0,0.0
2024-10-07 00:00:00,41.06,118.93,12.48,5.89,0.31,10.5,24.15,84.61,1.32,335.63,0.0,0.0
2024-10-07 01:00:00,36.01,110.22,10.37,5.86,0.35,9.64,23.41,88.28,1.29,330.09,0.0,0.0
2024-10-07 02:00:00,33.42,106.94,8.72,5.68,0.32,10.76,23.04,90.13,1.29,333.81,0.0,0.0
2024-10-07 03:00:00,29.89,99.15,7.21,5.67,0.34,11.1,22.86,89.92,1.05,321.28,0.0,0.0
2024-10-07 04:00:00,27.79,94.03,7.14,5.75,0.33,10.59,22.35,91.33,1.14,308.03,0.0,0.0
2024-10-07 05:00:00,29.32,86.84,7.28,5.78,0.32,9.69,22.08,91.94,1.38,329.01,0.0,0.0
2024-10-07 06:00:00,30.16,84.54,9.06,5.73,0.32,9.71,22.24,90.74,1.14,257.82,0.0,0.0
2024-10-07 07:00:00,36.59,81.0,6.77,5.86,0.37,14.77,23.83,84.71,1.48,337.25,0.0,0.57
2024-10-07 08:00:00,39.66,82.42,8.43,6.65,0.44,28.07,26.12,76.52,1.21,341.85,0.0,48.45
2024-10-07 09:00:00,35.2,92.28,16.26,25.8,0.46,40.32,29.1,66.05,0.62,309.62,0.0,123.25
2024-10-07 10:00:00,38.27,105.4,18.09,22.3,0.41,47.8,31.1,61.16,0.52,186.97,0.0,152.5
2024-10-07 11:00:00,39.54,114.9,29.88,49.28,0.7275272256585938,50.69,32.56,57.11,0.78,325.96,0.0,155.78
2024-10-07 12:00:00,41.7,127.5,20.61,14.8,0.86,27.40335788975731,33.11,54.41,0.41,111.43,0.0,173.0
2024-10-07 13:00:00,46.21,140.95,16.59,5.92,0.42,31.91352922948849,32.4,57.7,0.72,179.69,0.0,202.02
2024-10-07 14:00:00,42.003407129576786,87.75679536289222,6.63,16.626310456015496,0.37,54.61,32.59,57.86,0.5,222.98,0.0,206.0
2024-10-07 15:00:00,43.323351064830405,89.10005999356316,5.88,18.140049011565694,0.36,61.94,31.91,58.24,0.67,256.39,0.0,97.82
2024-10-07 16:00:00,33.19,72.74,15.282124328226057,10.92,0.48,56.14,30.62,59.59,0.52,219.09,0.0,0.05
2024-10-07 17:00:00,43.73,108.89,17.63,10.34,0.53,45.96,28.66,64.54,0.78,236.56,0.0,0.0
2024-10-07 18:00:00,41.58,110.39,33.6,10.5,0.95,22.46,26.95,70.11,1.13,180.04,0.0,0.0
2024-10-07 19:00:00,43.24,121.5,50.41,7.38,1.55,7.83,26.08,74.07,1.26,327.7,0.0,0.0
2024-10-07 20:00:00,49.0,146.86,61.68,9.49,2.29,1.45,25.66,77.05,1.14,324.98,0.0,0.0
2024-10-07 21:00:00,59.29,178.99,56.43,8.96,2.01,2.19,25.37,81.6,1.22,328.4,0.0,0.0
2024-10-07 22:00:00,64.74,202.15,43.92,8.31,1.63,2.2,25.04,86.03,1.23,177.63,0.0,0.0
2024-10-07 23:00:00,63.4,199.81,26.11,7.74,1.26,2.03,24.59,91.72,1.15,303.57,0.0,0.0
2024-10-08 00:00:00,60.17,182.76,26.1,7.95,0.99,4.21,24.28,89.77,1.34,332.92,0.0,0.0
2024-10-08 01:00:00,60.4,171.89,13.08,7.07,0.42,10.25,24.23,90.22,1.31,323.71,0.0,0.0
2024-10-08 02:00:00,55.31,159.84,8.57,6.38,0.33,13.98,24.12,89.55,1.4,321.04,0.0,0.0
2024-10-08 03:00:00,45.54,136.14,7.99,6.58,0.31,14.82,23.96,89.52,1.43,323.38,0.0,0.0
2024-10-08 04:00:00,40.28,118.95,9.48,7.06,0.33,15.65,23.69,89.81,1.36,322.29,0.0,0.0
2024-10-08 05:00:00,37.68,114.45,9.05,7.48,0.34,14.9,23.17,91.34,1.25,308.12,0.0,0.0
2024-10-08 06:00:00,38.0,110.46,8.75,7.16,0.34,10.82,23.08,93.18,1.25,331.17,0.0,0.0
2024-10-08 07:00:00,41.16,111.38,9.63,7.3,0.42,14.08,24.89,86.87,0.96,336.66,0.0,33.45
2024-10-08 08:00:00,43.74,126.62,21.22,7.26,1.01,21.51,27.05,79.53,0.82,113.36,0.0,115.45
2024-10-08 09:00:00,50.9,146.55,17.25,8.98,1.05,39.77,28.89,74.45,0.43,148.55,0.0,138.1
2024-10-08 10:00:00,61.62,168.46,25.12,9.72,1.25,45.78,30.42,70.32,0.97,120.21,0.0,182.18
2024-10-08 11:00:00,67.23,195.61,20.44,8.6,0.88,46.72,30.89,70.25,0.42,173.99,0.0,197.72
2024-10-08 12:00:00,69.31,202.87,12.21,3.57,0.55,52.61,30.75,70.87,0.82,283.29,0.0,134.12
2024-10-08 13:00:00,69.13,192.58,8.54,4.32,0.38,56.44,24.19,88.95,1.44,324.11,2.95,0.0
2024-10-08 14:00:00,62.73,169.68,13.04,6.82,0.28,54.54,22.13,93.73,1.75,335.07,0.9,33.75
2024-10-08 15:00:00,57.84,138.38,10.95,5.56,0.51,27.61,25.46,90.82,1.34,339.99,0.0,76.4
2024-10-08 16:00:00,56.98,127.15,14.71,7.54,0.9,17.47,26.32,88.59,1.18,177.56,0.0,5.78
2024-10-08 17:00:00,56.98,128.51,24.99,7.5,1.13,16.1,25.64,89.17,1.03,305.65,0.0,0.0
2024-10-08 18:00:00,61.62,142.84,26.25,3.36,1.46,8.94,25.79,93.03,0.95,318.4,0.0,0.0
2024-10-08 19:00:00,69.32,168.88,46.07,7.92,1.92,3.62,25.99,92.24,0.64,311.24,0.0,0.0
2024-10-08 20:00:00,77.74,188.06,32.28,3.07,1.43,4.66,25.36,89.26,1.2,288.54,0.0,0.0
2024-10-08 21:00:00,86.08,198.76,29.6,6.96,1.4,4.77,24.66,88.97,0.82,293.19,0.0,0.0
2024-10-08 22:00:00,91.04,208.5,31.31,7.3,1.58,3.56,24.9,88.56,0.78,200.22,0.0,0.0
2024-10-08 23:00:00,81.77,207.88,22.99,7.4,1.21,3.6,24.63,90.91,0.84,227.09,0.0,0.0
2024-10-09 00:00:00,76.45,196.9,22.07,7.74,1.2,2.12,24.39,92.84,1.09,258.33,0.0,0.0
2024-10-09 01:00:00,75.96,188.6,15.47,6.96,0.9,2.36,23.79,95.17,1.16,256.77,0.0,0.0
2024-10-09 02:00:00,66.38,179.13,11.21,6.49,0.72,2.9,23.32,95.84,1.25,323.63,0.0,0.0
2024-10-09 03:00:00,61.46,169.78,10.43,6.31,0.54,3.15,23.11,96.19,1.29,315.77,0.0,0.0
2024-10-09 04:00:00,56.05,162.37,6.38,6.26,0.34,7.09,22.82,95.18,1.3,319.17,0.0,0.0
2024-10-09 05:00:00,52.32,145.95,8.03,6.52,0.54,4.65,22.64,95.78,0.93,225.62,0.0,0.0
2024-10-09 06:00:00,51.42,136.42,7.48,6.38,0.55,2.71,22.74,96.58,1.21,336.12,0.0,0.0
2024-10-09 07:00:00,56.02,133.16,4.32,1.23,0.39,13.43,24.24,93.9,1.21,343.27,0.0,27.7
2024-10-09 08:00:00,55.28,132.3,13.72,3.9,0.82,5.92,26.04,87.1,0.96,244.28,0.0,179.88
2024-10-09 09:00:00,52.45,143.97,22.16,4.06,1.04,16.21,28.01,80.18,0.62,131.48,0.0,263.48
2024-10-09 10:00:00,58.96,156.28,15.11,4.77,0.69,24.99,28.98,77.06,0.44,151.39,0.0,240.95
2024-10-09 11:00:00,64.36,159.4,11.25,5.64,0.57,30.78,29.83,74.28,0.53,118.6,0.0,271.15
2024-10-09 12:00:00,65.87,158.75,16.91,5.41,0.78,24.84,31.16,67.46,0.86,160.9,0.0,276.18
2024-10-09 13:00:00,63.7,157.27,9.13,5.54,0.55,27.14,31.34,67.6,0.6,147.98,0.0,279.02
2024-10-09 14:00:00,57.39,154.4,10.89,3.27,0.52,35.73,30.37,71.48,0.74,238.43,0.0,214.07
2024-10-09 15:00:00,59.2,149.04,14.02,4.63,0.65,40.0,29.46,74.21,0.89,258.31,0.0,34.67
2024-10-09 16:00:00,63.31,147.34,12.2,4.29,0.66,39.93,28.82,76.68,1.03,322.31,0.0,0.55
2024-10-09 17:00:00,62.68,147.38,15.5,3.71,0.87,35.64,27.89,81.69,1.12,326.77,0.0,0.0
2024-10-09 18:00:00,60.06,146.82,16.08,3.23,0.75,12.96,26.76,85.54,1.08,252.78,0.0,0.0
2024-10-09 19:00:00,59.45,148.14,18.8,4.24,0.89,12.88,26.02,88.41,1.12,342.72,0.0,0.0
2024-10-09 20:00:00,63.44,154.71,26.18,4.49,1.57,12.98,25.8,92.18,1.16,245.38,0.0,0.0
2024-10-09 21:00:00,66.89,161.55,15.98,3.14,0.84,13.08,25.49,94.75,1.3,330.4,0.0,0.0
2024-10-09 22:00:00,67.01,166.74,23.16,2.39,0.95,13.0,25.06,94.86,1.16,308.65,0.0,0.0
2024-10-09 23:00:00,68.12,173.62,21.0,5.2,0.99,13.0,24.86,95.36,1.27,324.58,0.0,0.0
2024-10-10 00:00:00,67.12,175.46,16.32,5.28,0.87,12.97,24.49,95.56,0.96,239.38,0.0,0.0
2024-10-10 01:00:00,66.15,173.4,12.86,5.08,0.84,11.5,24.23,96.45,1.08,169.71,0.0,0.0
2024-10-10 02:00:00,63.11,167.04,11.46,4.93,0.78,4.11,24.01,96.93,1.25,315.4,0.0,0.0
2024-10-10 03:00:00,61.37,159.64,10.46,4.96,0.82,4.04,23.86,96.9,1.16,314.22,0.0,0.0
2024-10-10 04:00:00,59.3,156.15,11.19,4.97,0.62,3.97,23.64,96.9,0.67,293.97,0.0,0.0
2024-10-10 05:00:00,55.47,152.37,6.97,4.66,0.45,4.04,23.26,96.87,1.18,256.05,0.0,0.0
2024-10-10 06:00:00,55.43,143.69,4.51,4.45,0.62,3.98,23.22,96.85,0.92,209.14,0.0,0.0
2024-10-10 07:00:00,56.31,138.57,5.89,1.32,0.5,6.64,24.43,95.66,0.93,172.66,0.0,12.1
2024-10-10 08:00:00,52.04,138.55,14.38,3.96,0.96,7.38,26.73,85.03,0.5,239.5,0.0,143.93
2024-10-10 09:00:00,49.92,142.07,17.72,4.24,1.03,22.99,29.05,77.52,0.45,186.17,0.0,280.98
2024-10-10 10:00:00,52.08,151.97,18.84,4.11,0.86,22.32,30.06,73.5,0.57,209.3,0.0,226.72
2024-10-10 11:00:00,50.6,145.73,5.4,2.85,0.4,33.62,30.47,71.9,1.11,262.96,0.0,242.75
2024-10-10 12:00:00,48.04,130.98,11.28,4.53,0.56,43.56,31.12,69.42,0.7,237.77,0.0,223.02
2024-10-10 13:00:00,46.55,124.91,6.79,4.52,0.52,47.22,30.67,69.96,1.03,341.14,0.0,178.48
2024-10-10 14:00:00,43.4,118.76,16.03,4.43,0.77,44.35,30.66,71.31,0.73,100.36,0.0,140.52
2024-10-10 15:00:00,42.6,119.9,11.86,4.59,0.58,27.49,28.46,80.76,1.04,214.74,0.0,95.52
2024-10-10 16:00:00,45.02,121.18,15.32,4.59,0.86,24.08,29.09,77.88,1.0,226.95,0.0,13.35
2024-10-10 17:00:00,44.26,117.93,25.33,1.44,1.52,11.26,27.64,77.75,0.96,176.8,0.0,0.0
2024-10-10 18:00:00,39.4,116.34,24.31,3.05,1.47,7.21,26.28,80.6,0.86,201.82,0.1,0.0
2024-10-10 19:00:00,35.84,114.23,23.23,3.02,1.14,3.77,24.36,93.71,0.86,245.93,0.25,0.0
2024-10-10 20:00:00,35.61,105.88,17.02,2.67,0.68,5.36,23.82,96.46,1.19,250.75,0.1,0.0
2024-10-10 21:00:00,34.65,96.03,15.35,2.74,0.8,3.29,23.61,96.96,1.19,244.47,0.0,0.0
2024-10-10 22:00:00,35.6,96.11,8.9,2.59,0.46,5.89,23.67,96.76,1.3,333.82,0.0,0.0
2024-10-10 23:00:00,32.87,91.84,3.63,2.47,0.32,8.97,23.53,96.1,1.26,332.0,0.0,0.0
2024-10-11 00:00:00,26.78,78.33,4.9,6.52,0.38,7.72,23.3,96.38,1.11,309.52,0.0,0.0
2024-10-11 01:00:00,23.52,73.31,4.58,7.38,0.37,4.71,23.26,97.06,1.18,308.17,0.0,0.0
2024-10-11 02:00:00,25.14,74.15,4.32,7.58,0.34,4.58,23.3,97.14,1.05,331.06,0.0,0.0
2024-10-11 03:00:00,27.31,75.01,4.42,7.31,0.43,3.72,23.22,97.12,0.95,220.12,0.0,0.0
2024-10-11 04:00:00,23.38,78.02,3.36,7.32,0.34,2.08,23.12,96.85,1.2,189.5,0.0,0.0
2024-10-11 05:00:00,22.52,80.5,5.1,7.28,0.35,2.47,22.97,96.94,1.13,327.03,0.0,0.0
2024-10-11 06:00:00,27.09,80.5,5.86,7.3,0.71,1.12,23.24,96.96,1.05,307.04,0.0,0.0
2024-10-11 07:00:00,31.06,90.78,7.05,7.34,0.5,4.28,24.2,96.73,1.25,333.6,0.0,29.98
2024-10-11 08:00:00,37.34,106.8,14.02,7.8,1.1,5.68,25.67,90.19,1.09,195.92,0.0,87.82
2024-10-11 09:00:00,44.51,123.06,15.59,7.7,0.89,13.82,26.94,83.63,0.4,145.95,0.0,228.12
2024-10-11 10:00:00,51.11,139.33,19.28,9.9,0.78,34.12,28.9,77.19,0.48,201.27,0.0,281.9
2024-10-11 11:00:00,55.09,147.44,22.04,10.56,0.98,40.08,30.16,73.2,0.75,152.45,0.0,291.5
2024-10-11 12:00:00,53.06,143.01,14.2,7.22,0.72,31.98,30.78,71.18,0.58,164.96,0.0,228.82
2024-10-11 13:00:00,47.3,132.07,13.87,7.15,0.74,30.5,30.54,72.08,0.62,159.59,0.0,184.0
2024-10-11 14:00:00,42.36,124.63,13.02,5.52,0.68,29.42,30.49,73.37,0.68,184.42,0.0,201.2
2024-10-11 15:00:00,44.6,121.51,14.48,5.07,0.77,29.02,30.35,73.15,0.84,142.33,0.0,103.52
2024-10-11 16:00:00,48.59,117.81,12.84,5.22,0.62,25.14,29.47,76.11,0.33,187.82,0.0,12.0
2024-10-11 17:00:00,46.62,112.83,13.75,7.25,0.67,23.84,28.62,78.02,0.88,85.54,0.0,0.0
2024-10-11 18:00:00,42.49,114.62,27.97,7.87,1.47,11.29,27.55,79.19,1.05,240.38,0.0,0.0
2024-10-11 19:00:00,35.52,115.68,20.19,7.9,0.86,10.13,25.75,84.88,0.82,104.99,0.0,0.0
2024-10-11 20:00:00,29.53,106.95,19.37,7.82,1.01,4.53,24.92,89.42,0.87,313.74,0.0,0.0
2024-10-11 21:00:00,30.12,95.01,15.45,7.69,0.68,6.2,25.31,87.62,1.22,330.99,0.0,0.0
2024-10-11 22:00:00,33.3,86.81,12.42,8.3,0.62,8.57,25.01,87.04,0.82,323.6,0.0,0.0
2024-10-11 23:00:00,30.98,92.93,11.41,8.5,0.59,11.02,24.53,87.48,1.3,317.3,0.0,0.0
2024-10-12 00:00:00,30.58,100.76,5.95,7.68,0.38,12.47,24.02,89.55,1.19,325.91,0.0,0.0
2024-10-12 01:00:00,31.34,96.37,4.75,7.57,0.32,13.31,23.61,89.65,1.14,334.44,0.0,0.0
2024-10-12 02:00:00,26.38,81.71,4.17,7.8,0.3,17.62,23.29,87.96,1.18,327.55,0.0,0.0
2024-10-12 03:00:00,29.13,73.38,8.14,8.2,0.3,15.58,22.99,88.93,1.11,255.78,0.0,0.0
2024-10-12 04:00:00,33.26,81.42,10.76,8.34,0.39,10.77,23.52,88.46,1.14,144.96,0.0,0.0
2024-10-12 05:00:00,30.29,84.78,7.73,8.14,0.36,15.06,22.99,93.22,1.28,166.18,0.4,0.0
2024-10-12 06:00:00,26.84,76.54,6.88,7.57,0.37,11.38,22.55,96.16,0.52,150.38,0.2,0.0
2024-10-12 07:00:00,22.51,58.7,9.99,7.82,0.52,8.07,23.08,96.88,0.9,318.41,0.05,9.83
2024-10-12 08:00:00,20.61,47.4,9.24,7.76,0.49,11.98,24.49,94.52,0.96,340.72,0.0,106.55
2024-10-12 09:00:00,20.82,44.2,9.66,7.84,0.58,31.61,26.93,83.92,0.89,344.65,0.0,215.0
2024-10-12 10:00:00,25.32,52.18,11.04,7.93,0.62,39.75,29.27,74.96,0.77,165.39,0.0,257.32
2024-10-12 11:00:00,28.31,64.07,9.74,7.94,0.56,38.08,30.15,72.41,0.48,160.65,0.0,224.45
2024-10-12 12:00:00,22.83,64.04,6.65,8.38,0.44,33.02,31.05,67.36,1.02,145.07,0.0,233.88
2024-10-12 13:00:00,18.35,58.34,6.48,7.93,0.4,30.78,31.85,64.58,0.71,142.88,0.0,245.85
2024-10-12 14:00:00,16.05,55.4,7.26,7.94,0.46,33.42,32.26,62.13,0.94,158.19,0.0,260.58
2024-10-12 15:00:00,15.52,52.86,5.84,8.14,0.38,35.56,31.25,63.86,0.43,112.4,0.0,82.45
2024-10-12 16:00:00,16.1,49.14,9.14,7.98,0.46,29.84,29.98,67.36,0.36,85.2,0.0,0.0
2024-10-12 17:00:00,13.67,49.32,12.47,8.08,0.53,24.34,28.61,71.64,0.63,111.01,0.0,0.0
2024-10-12 18:00:00,11.29,44.67,18.5,7.96,0.8,13.74,27.28,77.44,1.14,266.48,0.0,0.0
2024-10-12 19:00:00,12.17,46.52,26.52,8.3,1.29,5.03,26.78,79.96,0.82,110.42,0.0,0.0
2024-10-12 20:00:00,14.82,72.22,24.36,8.51,1.76,2.64,26.1,85.99,0.66,238.86,0.0,0.0
2024-10-12 21:00:00,23.38,90.21,19.46,8.01,0.92,2.68,25.52,89.71,0.94,226.66,0.0,0.0
2024-10-12 22:00:00,26.03,91.29,23.8,8.94,1.81,1.1,25.1,83.47,0.85,200.85,0.0,0.0
2024-10-12 23:00:00,26.03,104.06,21.23,9.26,1.97,0.73,24.42,87.36,0.88,282.37,0.0,0.0
2024-10-13 00:00:00,29.91,106.75,16.32,8.43,0.56,4.62,24.32,89.02,1.06,306.0,0.0,0.0
2024-10-13 01:00:00,27.66,95.25,8.59,8.14,0.38,6.71,23.87,92.12,1.15,305.8,0.0,0.0
2024-10-13 02:00:00,23.31,86.04,6.59,8.11,0.3,5.76,23.72,93.72,1.05,315.52,0.0,0.0
2024-10-13 03:00:00,22.45,76.7,6.01,8.03,0.25,5.16,23.47,94.72,1.2,252.85,0.0,0.0
2024-10-13 04:00:00,21.46,70.48,5.4,7.92,0.27,5.73,23.38,94.51,0.81,249.06,0.0,0.0
2024-10-13 05:00:00,21.92,67.75,7.95,7.89,0.37,4.57,23.23,94.89,0.78,230.97,0.0,0.0
2024-10-13 06:00:00,21.8,67.12,7.41,7.96,0.47,5.42,23.32,95.06,0.86,253.94,0.0,0.0
2024-10-13 07:00:00,20.93,70.22,11.15,8.62,0.55,13.46,24.92,87.23,0.56,174.95,0.0,0.18
2024-10-13 08:00:00,25.14,77.02,10.46,10.85,0.65,25.4,26.78,81.24,0.45,135.38,0.0,92.28
2024-10-13 09:00:00,34.02,86.16,10.5,10.33,0.64,35.39,28.8,76.62,0.4,189.34,0.0,183.8
2024-10-13 10:00:00,44.32,92.16,9.19,9.61,0.48,39.77,30.17,72.19,0.6,146.8,0.0,205.3
2024-10-13 11:00:00,43.58,91.2,6.28,8.74,0.38,35.27,30.89,70.11,0.27,112.44,0.0,213.75
2024-10-13 12:00:00,35.02,83.73,7.88,8.3,0.44,33.68,31.62,68.06,0.44,126.31,0.0,214.08
2024-10-13 13:00:00,28.69,74.19,7.58,8.36,0.4,33.56,32.75,63.5,0.75,155.13,0.0,218.5
2024-10-13 14:00:00,22.41,69.4,7.47,8.24,0.36,32.51,32.56,63.56,0.8,146.61,0.0,200.2
2024-10-13 15:00:00,20.05,68.01,10.78,8.27,0.42,22.21,29.93,70.06,0.48,131.28,0.0,0.0
2024-10-13 16:00:00,23.31,70.78,10.38,8.39,0.38,19.3,28.1,77.62,1.06,330.72,0.0,0.0
2024-10-13 17:00:00,22.83,72.79,12.98,8.94,0.44,16.6,26.69,84.04,1.07,329.64,0.0,0.0
2024-10-13 18:00:00,19.57,74.89,12.86,9.89,0.36,14.98,26.05,82.6,1.37,329.06,0.0,0.0
2024-10-13 19:00:00,19.44,76.53,11.1,8.98,0.41,12.13,25.48,87.13,1.1,250.81,0.0,0.0
2024-10-13 20:00:00,19.26,73.34,10.52,8.42,0.42,12.0,25.6,85.68,1.31,324.56,0.0,0.0
2024-10-13 21:00:00,15.78,70.91,8.06,8.26,0.37,12.66,25.26,88.14,1.34,328.49,0.0,0.0
2024-10-13 22:00:00,11.9,70.95,9.84,8.39,0.45,8.16,25.06,89.66,1.4,324.48,0.0,0.0
2024-10-13 23:00:00,10.44,68.18,9.05,8.53,0.42,6.58,24.61,91.52,1.02,315.18,0.0,0.0
2024-10-14 00:00:00,9.17,66.94,7.18,8.34,0.46,6.37,24.27,92.18,1.27,314.38,0.0,0.0
2024-10-14 01:00:00,10.12,70.59,5.97,8.04,0.41,5.22,24.03,93.36,1.05,309.55,0.0,0.0
2024-10-14 02:00:00,12.61,72.68,6.75,8.16,0.4,3.08,23.49,95.12,1.08,312.0,0.0,0.0
2024-10-14 03:00:00,13.56,77.2,5.74,8.06,0.4,2.61,23.27,96.04,0.94,324.23,0.0,0.0
2024-10-14 04:00:00,20.74,82.22,5.25,8.09,0.38,2.05,23.2,96.41,1.27,330.18,0.0,0.0
2024-10-14 05:00:00,21.87,81.61,5.33,8.01,0.39,2.01,23.18,96.65,1.36,318.94,0.0,0.0
2024-10-14 06:00:00,16.5,80.24,4.82,8.16,0.4,3.28,23.32,95.78,1.34,302.32,0.0,0.0
2024-10-14 07:00:00,12.36,81.5,5.0,8.44,0.44,6.49,24.66,90.63,0.94,277.2,0.0,0.0
2024-10-14 08:00:00,9.29,86.26,5.56,9.06,0.48,23.81,26.91,81.97,0.6,280.32,0.0,76.6
2024-10-14 09:00:00,7.24,91.76,7.69,10.26,0.54,37.23,29.21,74.27,0.54,145.99,0.0,177.95
2024-10-14 10:00:00,6.9,96.92,12.01,9.15,0.78,32.51,30.95,66.69,1.02,164.67,0.0,197.9
2024-10-14 11:00:00,30.78624209985503,69.12,7.61,6.36,0.55,35.11,31.35,66.24,0.45,123.07,0.0,196.25
2024-10-14 12:00:00,55.69,66.13,5.9,6.9,0.48,41.28,32.3,63.47,0.55,71.61,0.0,217.75
2024-10-14 13:00:00,57.6,80.44,6.4,9.32,0.46,44.52,31.82,66.0,0.45,130.6,0.0,177.28
2024-10-14 14:00:00,50.58,77.75,9.07,10.99,0.48,53.64,32.52,63.66,0.37,108.9,0.0,219.35
2024-10-14 15:00:00,47.43,79.1,6.06,12.67,0.41,46.3,30.78,66.9,0.64,332.99,0.0,43.2
2024-10-14 16:00:00,42.59,88.24,7.52,14.3,0.47,36.2,30.12,66.72,0.8,245.88,0.0,0.0
2024-10-14 17:00:00,42.56,87.25,24.87,11.15,1.14,19.22,29.0,69.91,0.72,207.32,0.0,0.0
2024-10-14 18:00:00,46.11,98.07,24.04,9.52,0.96,12.71,27.53,76.76,0.78,200.33,0.0,0.0
2024-10-14 19:00:00,42.85,109.76,31.28,9.12,1.25,6.9,26.8,80.53,1.1,272.74,0.0,0.0
2024-10-14 20:00:00,54.05,115.72,38.22,9.32,2.11,2.53,26.29,84.0,1.0,288.27,0.0,0.0
2024-10-14 21:00:00,55.29,129.74,41.11,9.61,2.59,1.23,25.82,87.68,0.83,226.43,0.0,0.0
2024-10-14 22:00:00,79.16,291.34,44.34,10.03,2.65,1.11,25.39,88.13,1.2,252.54,0.0,0.0
2024-10-14 23:00:00,85.02,270.46,22.36,9.01,1.4,0.61,25.05,94.62,1.24,328.7,0.0,0.0
2024-10-15 00:00:00,80.88,178.02,20.41,8.79,1.34,0.58,24.78,94.73,1.37,317.94,0.0,0.0
2024-10-15 01:00:00,74.35,145.47,11.78,8.56,0.5,2.34,24.5,93.14,1.3,324.67,0.0,0.0
2024-10-15 02:00:00,61.71,120.26,5.03,8.17,0.29,3.67,23.99,94.66,1.27,307.28,0.0,0.0
2024-10-15 03:00:00,54.64,91.52,4.86,8.21,0.28,5.23,24.11,93.42,1.37,318.1,0.0,0.0
2024-10-15 04:00:00,48.9,83.4,4.16,8.53,0.26,5.57,23.58,94.46,1.2,303.58,0.0,0.0
2024-10-15 05:00:00,43.58,81.46,5.06,8.31,0.31,4.61,23.25,95.77,1.06,327.3,0.0,0.0
2024-10-15 06:00:00,45.28,93.8,4.78,8.26,0.34,4.61,23.28,96.19,1.2,249.42,0.0,0.0
2024-10-15 07:00:00,49.05,99.12,6.36,8.37,0.38,7.41,24.54,92.97,0.85,192.24,0.0,1.35
2024-10-15 08:00:00,49.1,110.13,9.5,9.12,0.53,23.36,26.95,83.34,0.52,56.21,0.0,128.68
2024-10-15 09:00:00,56.27,130.73,13.02,9.96,0.68,28.56,29.41,74.13,0.49,117.67,0.0,264.12
2024-10-15 10:00:00,64.46,146.16,10.64,9.85,0.53,31.05,30.53,69.25,0.32,182.73,0.0,270.88
2024-10-15 11:00:00,62.88,117.14,8.99,9.6,0.46,31.87,30.92,66.61,0.67,170.64,0.0,255.85
2024-10-15 12:00:00,50.37,103.66,7.82,9.33,0.39,36.62,31.72,63.36,0.69,251.73,0.0,265.38
2024-10-15 13:00:00,41.59,88.8,5.26,7.0,0.3,48.22,32.89,60.22,0.72,213.38,0.0,237.5
2024-10-15 14:00:00,37.0,76.06,7.64,6.06,0.34,52.2,32.42,62.42,0.5,195.49,0.0,217.08
2024-10-15 15:00:00,37.3,88.48,8.84,9.73,0.38,50.97,30.51,68.26,0.63,196.8,0.0,65.62
2024-10-15 16:00:00,42.73,112.31,8.03,12.34,0.34,45.99,29.91,68.22,0.76,253.81,0.0,16.45
2024-10-15 17:00:00,38.61,104.11,15.68,21.88,0.37,25.6,28.5,68.65,0.75,112.3,0.0,0.0
2024-10-15 18:00:00,36.9,97.65,28.28,14.52,0.85,9.48,26.61,75.34,0.99,232.02,0.0,0.0
2024-10-15 19:00:00,39.37,109.05,36.47,12.44,1.14,3.88,26.1,80.42,1.16,250.78,0.0,0.0
2024-10-15 20:00:00,42.64,136.35,30.89,9.94,1.5,1.0,25.52,89.01,1.25,324.36,0.0,0.0
2024-10-15 21:00:00,48.76,164.76,25.71,9.92,1.75,1.0,25.29,91.9,1.25,166.97,0.0,0.0
2024-10-15 22:00:00,49.57,182.4,20.23,9.46,1.87,0.71,24.96,92.74,1.12,161.8,0.0,0.0
2024-10-15 23:00:00,54.62,172.03,17.86,9.32,1.41,0.55,24.7,94.66,1.25,323.02,0.0,0.0
2024-10-16 00:00:00,70.81,195.34,24.4,13.9,1.66,0.86,24.15,94.69,1.24,318.56,0.0,0.0
2024-10-16 01:00:00,78.58,218.37,18.4,10.53,1.1,0.56,24.07,94.94,1.3,315.38,0.0,0.0
2024-10-16 02:00:00,73.63,201.6,9.78,9.12,0.48,2.94,24.05,93.64,1.4,322.27,0.0,0.0
2024-10-16 03:00:00,61.48,170.61,8.04,9.14,0.36,5.1,23.74,93.56,1.41,323.56,0.0,0.0
2024-10-16 04:00:00,57.3,142.45,6.22,9.01,0.34,6.62,23.58,94.46,1.37,325.04,0.0,0.0
2024-10-16 05:00:00,55.3,123.5,6.46,8.7,0.33,4.77,23.24,95.7,1.33,316.64,0.0,0.0
2024-10-16 06:00:00,54.64,116.47,6.58,8.49,0.39,3.98,23.32,96.28,1.01,292.42,0.0,0.0
2024-10-16 07:00:00,57.42,116.14,6.23,8.5,0.41,7.18,24.64,92.78,0.88,265.22,0.0,9.38
2024-10-16 08:00:00,53.85,122.99,13.65,9.25,0.7,22.69,27.12,81.8,0.76,168.51,0.0,151.4
2024-10-16 09:00:00,52.9,138.63,16.37,10.8,0.81,36.02,29.1,74.94,0.75,156.17,0.0,230.1
2024-10-16 10:00:00,58.88,161.82,16.0,12.87,0.82,40.79,30.08,72.06,1.01,163.19,0.0,228.15
2024-10-16 11:00:00,69.35,173.73,15.5,18.18,0.67,48.54,30.96,68.69,0.71,160.43,0.0,237.65
2024-10-16 12:00:00,75.3,175.29,14.48,24.02,0.54,55.35,31.78,64.76,0.34,125.58,0.0,228.08
2024-10-16 13:00:00,67.36,171.14,14.82,14.36,0.57,53.04,32.52,59.19,0.55,153.36,0.0,229.35
2024-10-16 14:00:00,65.26,164.61,10.29,13.1,0.42,56.52,32.96,58.18,0.49,239.0,0.0,238.08
2024-10-16 15:00:00,63.04,156.46,8.48,11.9,0.39,56.14,30.98,62.09,0.52,153.87,0.0,65.18
2024-10-16 16:00:00,61.61,145.38,11.51,13.67,0.5,66.54,30.42,62.54,0.55,103.16,0.0,2.33
2024-10-16 17:00:00,61.1,141.66,16.18,13.02,0.61,53.44,28.8,68.22,0.91,85.9,0.0,0.0
2024-10-16 18:00:00,68.5,158.18,26.16,11.99,0.94,32.53,27.34,77.38,0.91,243.38,0.0,0.0
2024-10-16 19:00:00,70.59,176.2,34.68,12.22,1.3,16.52,26.79,80.98,1.16,257.89,0.0,0.0
2024-10-16 20:00:00,74.87,182.46,37.83,11.39,1.52,13.07,26.49,82.61,1.13,41.23,0.0,0.0
2024-10-16 21:00:00,83.6,206.84,38.85,9.65,1.72,8.71,26.0,86.84,1.24,176.7,0.0,0.0
2024-10-16 22:00:00,84.66,225.09,31.7,9.26,1.6,2.98,25.65,90.75,1.16,329.1,0.0,0.0
2024-10-16 23:00:00,99.12,234.17,30.01,10.12,1.36,5.09,25.48,90.42,0.96,297.69,0.0,0.0
2024-10-17 00:00:00,109.58,239.48,17.91,9.37,0.98,5.5,24.9,93.3,1.1,326.26,0.0,0.0
2024-10-17 01:00:00,106.26,237.87,14.52,9.14,0.87,6.64,24.74,93.33,1.1,261.1,0.0,0.0
2024-10-17 02:00:00,97.64,232.02,11.7,8.93,0.7,7.63,24.65,93.7,1.12,324.2,0.0,0.0
2024-10-17 03:00:00,86.01,215.31,10.03,8.87,0.61,5.02,24.46,95.46,1.21,287.6,0.0,0.0
2024-10-17 04:00:00,80.82,197.71,7.95,8.84,0.52,7.24,24.24,95.6,1.05,317.98,0.0,0.0
2024-10-17 05:00:00,77.68,195.06,6.78,8.9,0.48,6.02,24.06,95.75,1.19,251.94,0.0,0.0
2024-10-17 06:00:00,81.15,193.89,7.99,8.91,0.54,8.09,24.12,95.95,0.76,135.57,0.0,0.0
2024-10-17 07:00:00,81.89,197.09,10.04,9.57,0.63,17.13,25.52,91.57,0.51,178.78,0.0,12.8
2024-10-17 08:00:00,83.04,202.28,10.53,11.76,0.69,31.04,27.44,83.28,0.62,125.67,0.0,174.65
2024-10-17 09:00:00,86.72,210.38,13.71,12.4,0.84,31.49,29.46,75.43,0.4,135.23,0.0,288.12
2024-10-17 10:00:00,80.11,200.52,13.37,12.28,0.73,31.8,30.69,69.82,0.51,156.57,0.0,286.12
2024-10-17 11:00:00,75.47,182.93,10.74,11.73,0.61,37.72,31.48,65.26,0.7,155.96,0.0,281.55
2024-10-17 12:00:00,67.28,164.06,10.41,11.84,0.46,45.88,32.46,61.12,0.61,169.04,0.0,280.7
2024-10-17 13:00:00,58.88,149.27,9.06,9.75,0.4,55.45,32.3,62.76,0.46,164.88,0.0,256.03
2024-10-17 14:00:00,54.94,136.86,15.56,13.36,0.56,52.56,32.66,62.25,0.28,94.56,0.0,253.2
2024-10-17 15:00:00,55.14,132.61,8.78,21.18,0.36,55.02,31.31,64.08,0.39,213.38,0.0,78.65
2024-10-17 16:00:00,56.18,134.35,19.34,28.62,0.58,45.49,30.7,65.95,0.36,152.2,0.0,4.38
2024-10-17 17:00:00,56.04,139.1,27.5,25.55,0.81,33.18,29.36,70.6,0.51,82.18,0.0,0.0
2024-10-17 18:00:00,60.47,160.02,43.67,19.8,1.46,11.57,28.36,75.57,0.62,143.12,0.0,0.0
2024-10-17 19:00:00,62.8,168.08,31.57,14.14,1.12,13.13,27.35,80.79,1.02,268.12,0.0,0.0
2024-10-17 20:00:00,68.31,171.34,37.39,12.09,1.46,6.98,26.92,83.12,1.18,285.9,0.0,0.0
2024-10-17 21:00:00,71.37,186.16,40.78,10.78,1.64,7.14,26.92,83.7,0.55,262.23,0.0,0.0
2024-10-17 22:00:00,77.56,211.12,35.9,10.75,1.52,9.83,26.5,84.97,0.96,308.92,0.0,0.0
2024-10-17 23:00:00,88.05,226.91,26.64,11.21,1.17,12.06,25.96,87.38,1.28,318.91,0.0,0.0
2024-10-18 00:00:00,92.67,236.23,11.24,10.74,0.39,17.72,25.53,89.37,1.27,336.26,0.0,0.0
2024-10-18 01:00:00,89.59,220.69,9.68,10.87,0.4,14.88,25.1,90.1,0.83,282.71,0.0,0.0
2024-10-18 02:00:00,84.36,201.2,6.65,10.29,0.37,14.62,24.86,91.71,1.09,310.98,0.0,0.0
2024-10-18 03:00:00,80.62,189.36,5.4,9.28,0.34,13.5,24.7,92.61,1.23,295.52,0.0,0.0
2024-10-18 04:00:00,74.89,178.32,5.11,9.1,0.32,11.22,24.33,93.81,1.25,309.18,0.0,0.0
2024-10-18 05:00:00,67.74,159.02,5.92,9.16,0.3,10.0,23.72,94.29,1.26,308.29,0.0,0.0
2024-10-18 06:00:00,61.08,142.51,6.87,8.86,0.34,7.37,23.67,95.21,1.21,320.24,0.0,0.0
2024-10-18 07:00:00,55.07,143.02,7.41,8.94,0.45,9.98,24.92,91.65,1.34,341.16,0.0,2.0
2024-10-18 08:00:00,57.24,146.6,8.86,10.29,0.49,25.0,26.81,82.85,0.89,177.5,0.0,149.82
2024-10-18 09:00:00,58.33,149.28,9.07,11.34,0.56,44.98,29.04,75.86,0.88,207.9,0.0,288.52
2024-10-18 10:00:00,62.93,158.43,12.4,11.55,0.66,48.9,30.66,71.36,0.37,168.87,0.0,276.2
2024-10-18 11:00:00,63.82,157.94,11.82,10.94,0.61,45.93,31.4,68.53,0.88,255.84,0.0,251.05
2024-10-18 12:00:00,58.36,151.59,10.22,10.94,0.46,42.24,32.23,63.93,0.48,192.02,0.0,253.28
2024-10-18 13:00:00,51.27,136.55,12.69,10.72,0.6,45.07,33.94,57.12,0.66,141.21,0.0,302.12
2024-10-18 14:00:00,44.61,114.32,4.21,8.72,0.28,46.06,32.33,61.62,0.76,189.28,0.0,151.9
2024-10-18 15:00:00,34.75,89.14,12.68,7.39,0.41,37.63,31.41,64.01,0.62,204.06,0.0,34.17
2024-10-18 16:00:00,26.29,76.1,10.58,7.32,0.43,38.69,30.84,66.96,0.78,343.05,0.0,1.52
2024-10-18 17:00:00,24.08,86.73,12.75,10.03,0.47,42.62,29.7,71.78,0.63,342.37,0.0,0.0
2024-10-18 18:00:00,31.56,103.21,15.06,12.42,0.44,33.11,28.27,72.64,1.38,263.22,0.0,0.0
2024-10-18 19:00:00,32.68,110.8,14.54,12.72,0.48,34.17,27.02,74.52,0.89,334.63,0.0,0.0
2024-10-18 20:00:00,39.28,116.54,33.58,11.86,1.25,11.76,25.91,80.59,0.7,266.28,0.0,0.0
2024-10-18 21:00:00,47.42,135.34,18.38,10.33,0.58,17.77,25.28,83.97,1.22,313.85,0.0,0.0
2024-10-18 22:00:00,44.74,139.93,13.23,9.65,0.46,20.34,24.75,85.38,1.04,323.97,0.0,0.0
2024-10-18 23:00:00,43.16,123.7,9.61,9.59,0.34,26.76,24.38,83.7,1.16,339.0,0.0,0.0
2024-10-19 00:00:00,43.98,109.65,9.67,9.68,0.36,26.35,24.1,83.36,1.04,238.78,0.0,0.0
2024-10-19 01:00:00,41.31,93.69,8.4,9.98,0.36,27.98,24.15,82.3,1.32,337.69,0.0,0.0
2024-10-19 02:00:00,35.59,83.95,8.73,10.77,0.35,27.09,24.24,81.59,1.27,326.1,0.0,0.0
2024-10-19 03:00:00,34.78,81.67,9.4,10.93,0.35,24.26,24.14,83.03,1.38,320.61,0.0,0.0
2024-10-19 04:00:00,32.8,79.28,10.54,11.62,0.34,21.24,24.02,85.06,1.12,328.49,0.0,0.0
2024-10-19 05:00:00,30.38,83.02,12.02,11.38,0.38,16.98,23.96,86.83,0.76,301.0,0.0,0.0
2024-10-19 06:00:00,32.1,90.0,7.48,11.55,0.24,29.74,22.59,91.32,1.1,172.29,5.1,0.0
2024-10-19 07:00:00,27.26,85.25,13.96,9.85,0.44,15.21,22.36,96.65,0.74,314.39,0.15,0.0
2024-10-19 08:00:00,19.73,72.53,17.84,10.37,0.68,9.75,23.6,97.12,0.75,321.86,0.0,90.9
2024-10-19 09:00:00,16.63,72.02,14.9,11.02,0.69,27.38,26.79,89.29,0.32,133.05,0.0,282.7
2024-10-19 10:00:00,16.05,80.95,12.53,11.37,0.62,41.18,29.62,75.23,0.52,334.69,0.0,303.7
2024-10-19 11:00:00,19.04,84.6,10.68,13.9,0.5,49.09,31.25,69.12,0.72,221.99,0.0,302.58
2024-10-19 12:00:00,20.61,99.71,20.14,22.78,0.5,43.58,32.35,65.88,0.4,148.29,0.0,306.4
2024-10-19 13:00:00,17.32,109.3,13.1,16.63,0.5,48.77,32.4,65.66,0.42,169.65,0.0,242.08
2024-10-19 14:00:00,12.7,110.54,16.32,14.47,0.6,53.11,33.05,62.6,0.34,85.1,0.0,297.88
2024-10-19 15:00:00,9.37,115.49,7.21,18.24,0.44,51.78,31.29,66.23,0.49,147.29,0.0,119.93
2024-10-19 16:00:00,7.12,120.52,15.45,15.14,0.59,42.23,29.76,70.84,0.43,188.88,0.0,0.0
2024-10-19 17:00:00,10.66,134.95,30.16,13.8,1.01,27.76,28.68,76.95,0.57,274.38,0.0,0.0
2024-10-19 18:00:00,12.64,160.5,46.7,13.79,1.66,6.87,27.96,79.01,0.42,239.28,0.0,0.0
2024-10-19 19:00:00,10.32,178.12,37.96,17.26,1.17,13.51,27.9,69.19,0.81,178.39,0.0,0.0
2024-10-19 20:00:00,7.4,163.89,39.21,13.27,1.84,12.21,26.93,75.46,0.86,171.75,0.0,0.0
2024-10-19 21:00:00,6.4,149.67,24.65,11.82,1.03,18.2,27.05,77.78,1.66,154.87,0.0,0.0
2024-10-19 22:00:00,43.26,72.67,16.43,10.44,0.64,15.66,24.93,90.36,1.32,169.57,0.15,0.0
2024-10-19 23:00:00,66.74,110.34,13.52,12.34,0.46,18.75,23.8,93.43,1.36,168.68,0.1,0.0
2024-10-20 00:00:00,51.57,92.44,11.22,10.94,0.36,16.34,23.64,93.56,0.88,159.58,0.05,0.0
2024-10-20 01:00:00,37.46,84.0,4.87,10.09,0.3,19.95,22.84,95.14,1.03,343.91,0.05,0.0
2024-10-20 02:00:00,33.12,63.64,4.57,10.02,0.26,20.75,22.58,96.02,0.54,251.52,0.15,0.0
2024-10-20 03:00:00,23.69,47.56,7.69,9.6,0.34,12.94,22.52,96.34,0.76,169.3,0.05,0.0
2024-10-20 04:00:00,18.8,47.34,8.03,9.92,0.43,7.97,22.55,96.62,0.86,186.91,0.05,0.0
2024-10-20 05:00:00,18.81,52.66,7.65,9.53,0.34,5.34,22.74,96.94,1.41,338.12,0.0,0.0
2024-10-20 06:00:00,17.14,55.72,4.96,9.43,0.28,8.91,22.57,96.96,1.33,336.76,0.0,0.0
2024-10-20 07:00:00,20.18,56.42,6.7,9.62,0.33,12.32,23.0,95.84,1.11,332.19,0.0,36.45
2024-10-20 08:00:00,22.85,59.11,7.1,7.51,0.36,18.11,24.36,88.82,1.24,344.91,0.0,56.05
2024-10-20 09:00:00,22.88,56.96,4.85,9.5,0.34,16.26,24.86,86.75,0.87,324.95,0.0,98.4
2024-10-20 10:00:00,22.37,56.37,5.32,9.64,0.38,18.64,25.89,83.32,0.5,260.03,0.0,115.6
2024-10-20 11:00:00,27.89,67.5,11.27,11.55,0.47,21.35,26.26,81.35,0.66,101.85,0.0,173.72
2024-10-20 12:00:00,33.31,76.92,20.66,21.23,0.52,21.62,26.79,78.37,0.7,176.07,0.0,155.7
2024-10-20 13:00:00,28.49,89.06,23.42,21.3,0.5,29.83,27.34,73.78,0.43,204.23,0.0,147.95
2024-10-20 14:00:00,26.99,97.85,20.04,21.56,0.52,29.24,26.88,74.89,1.09,309.78,0.0,67.1
2024-10-20 15:00:00,38.22,104.24,10.21,14.96,0.5,34.3,26.36,75.01,1.18,295.55,0.0,17.4
2024-10-20 16:00:00,42.88,105.19,14.22,12.96,0.54,23.73,25.42,78.16,1.28,323.53,0.0,0.0
2024-10-20 17:00:00,45.38,110.06,12.47,12.97,0.4,21.45,25.15,81.11,1.28,336.58,0.0,0.0
2024-10-20 18:00:00,40.12,107.9,11.92,10.1,0.46,14.13,24.55,85.72,1.29,256.9,0.0,0.0
2024-10-20 19:00:00,38.45,106.51,14.67,9.22,0.59,4.81,24.38,89.69,1.28,329.46,0.0,0.0
2024-10-20 20:00:00,39.89,105.89,15.15,8.82,0.62,1.85,24.27,91.46,1.36,335.4,0.0,0.0
2024-10-20 21:00:00,45.83,104.72,11.71,8.75,0.47,5.62,24.22,89.44,1.24,328.35,0.0,0.0
2024-10-20 22:00:00,38.14,102.28,11.27,8.9,0.42,8.95,24.16,88.1,1.25,346.79,0.0,0.0
2024-10-20 23:00:00,41.84,99.63,9.24,9.06,0.39,5.03,23.98,89.48,1.24,339.05,0.0,0.0
2024-10-21 00:00:00,41.92,101.54,7.98,8.8,0.41,3.76,23.82,89.79,1.23,257.6,0.0,0.0
2024-10-21 01:00:00,40.23,100.22,8.01,9.2,0.4,3.93,23.59,90.06,1.12,166.98,0.0,0.0
2024-10-21 02:00:00,44.49,98.3,7.54,9.01,0.38,2.01,23.44,91.14,1.23,330.14,0.0,0.0
2024-10-21 03:00:00,43.38,99.91,8.82,8.9,0.4,1.37,23.18,92.76,1.04,227.34,0.0,0.0
2024-10-21 04:00:00,40.53,104.72,9.38,9.34,0.42,0.01,23.12,93.06,1.1,231.94,0.0,0.0
2024-10-21 05:00:00,42.96,108.95,8.93,9.38,0.45,34.89550330224393,22.92,93.63,1.18,238.21,0.0,0.0
2024-10-21 06:00:00,44.6,116.03,10.1,9.56,0.49,34.10682255589987,23.06,93.5,1.26,245.75,0.0,0.0
2024-10-21 07:00:00,45.81,123.9,10.22,10.03,0.52,2.09,23.77,91.18,0.78,330.84,0.0,0.52
2024-10-21 08:00:00,47.74,131.24,4.23,10.47,0.58,18.48,25.24,83.6,1.09,349.0,0.0,132.93
2024-10-21 09:00:00,53.15,139.6,12.59,12.88,0.7,39.73,27.36,74.76,0.92,338.36,0.0,277.9
2024-10-21 10:00:00,59.67,155.78,7.75,15.14,0.59,55.36,29.43,66.56,0.26,138.62,0.0,294.18
2024-10-21 11:00:00,62.2,159.96,10.46,25.18,0.6,56.57,30.08,65.04,0.47,100.21,0.0,264.32
2024-10-21 12:00:00,62.92,159.06,13.85,25.68,0.58,60.28,30.24,64.93,0.26,120.1,0.0,234.58
2024-10-21 13:00:00,60.39,162.12,15.56,14.07,0.72,58.02,30.49,63.61,0.38,109.75,0.0,273.85
2024-10-21 14:00:00,63.27,158.52,9.66,10.38,0.48,74.65,31.02,60.62,0.41,269.58,0.0,258.95
2024-10-21 15:00:00,63.28,157.08,5.97,11.5,0.45,72.48,30.18,62.29,0.82,258.87,0.0,118.28
2024-10-21 16:00:00,63.51,158.36,14.32,20.7,0.59,59.9,29.09,66.58,0.38,227.36,0.0,2.48
2024-10-21 17:00:00,67.34,168.94,30.08,28.32,0.87,48.25,27.85,70.71,0.59,141.88,0.0,0.0
2024-10-21 18:00:00,75.34,182.37,25.14,13.91,1.12,33.86,25.84,77.46,1.21,248.84,0.0,0.0
2024-10-21 19:00:00,82.57,202.96,46.48317707725871,10.68,1.65,12.67,25.08,83.07,1.23,336.0,0.0,0.0
2024-10-21 20:00:00,100.04,223.36,37.33,7.8,1.98,4.76,24.87,85.79,1.25,315.86,0.0,0.0
2024-10-21 21:00:00,103.88,239.54,41.52,6.01,2.15,1.02,24.53,91.02,1.27,334.78,0.0,0.0
2024-10-21 22:00:00,106.9,260.71,23.6,6.43,2.85,0.87,24.02,90.96,1.25,338.98,0.0,0.0
2024-10-21 23:00:00,120.83,285.5,26.25,6.11,2.0,0.53,23.78,94.01,1.17,247.99,0.0,0.0
2024-10-22 00:00:00,109.57,276.19,25.77,6.54,1.76,0.41,23.18,95.89,1.27,310.71,0.0,0.0
2024-10-22 01:00:00,106.18,269.63,30.82,8.44,1.55,0.85,22.82,96.31,1.24,259.88,0.0,0.0
2024-10-22 02:00:00,110.72,270.16,13.77,6.76,0.62,7.28,22.87,94.09,1.4,325.9,0.0,0.0
2024-10-22 03:00:00,106.6,260.02,5.83,6.07,0.41,10.91,23.11,91.86,1.36,319.31,0.0,0.0
2024-10-22 04:00:00,100.06,250.72,6.78,6.28,0.35,15.33,22.92,92.06,1.31,309.36,0.0,0.0
2024-10-22 05:00:00,101.46,243.02,6.12,6.57,0.32,15.6,22.95,91.04,1.27,326.47,0.0,0.0
2024-10-22 06:00:00,97.08,230.89,6.02,5.99,0.37,14.13,22.78,92.52,1.07,332.74,0.0,0.0
2024-10-22 07:00:00,91.6,221.04,7.28,7.02,0.47,19.2,23.89,88.22,0.83,273.62,0.0,9.93
2024-10-22 08:00:00,91.86,212.76,9.13,10.65,0.58,39.39,25.33,81.36,0.78,262.92,0.0,125.9
2024-10-22 09:00:00,94.1,219.34,15.11,15.37,0.75,59.0,27.54,73.55,0.31,154.44,0.0,221.72
2024-10-22 10:00:00,100.16,235.27,13.31,19.16,0.83,79.82,29.13,69.88,0.49,184.66,0.0,284.23
2024-10-22 11:00:00,93.29,221.9,10.0,22.27,0.57,86.16,30.42,64.18,0.58,251.68,0.0,266.48
2024-10-22 12:00:00,29.3,75.78,13.8,17.81,0.51,84.52,31.9,57.14,0.44,108.22,0.0,296.0
2024-10-22 13:00:00,72.22,222.18,10.84,12.06,0.45,88.09,32.04,53.38,0.82,263.47,0.0,295.48
2024-10-22 14:00:00,74.17,194.26,12.19,11.0,0.56,86.43,32.14,50.2,0.59,229.51,0.0,290.88
2024-10-22 15:00:00,65.88,194.06,15.79,11.83,0.56,85.66,30.76,53.32,0.46,86.08,0.0,103.05
2024-10-22 16:00:00,72.11,192.85,23.56,17.38,0.79,82.2,29.36,62.38,0.54,117.48,0.0,0.1
2024-10-22 17:00:00,75.76,195.64,41.58,16.19,1.22,52.9,27.46,67.76,0.92,195.44,0.0,0.0
2024-10-22 18:00:00,94.12,214.75,40.97,13.28,1.26,31.36,25.55,75.02,1.23,196.92,0.0,0.0
2024-10-22 19:00:00,100.95,229.09,48.03,10.11,1.55,15.89,24.83,80.48,1.25,324.91,0.0,0.0
2024-10-22 20:00:00,105.11,238.71,38.64,5.08,2.08,1.68,24.56,88.45,1.23,333.76,0.0,0.0
2024-10-22 21:00:00,99.11,269.85,32.5,6.77,2.09,0.71,24.16,89.86,1.18,308.17,0.0,0.0
2024-10-22 22:00:00,100.92,300.55,26.36,9.62,2.06,0.76,23.75,93.07,1.32,312.76,0.0,0.0
2024-10-22 23:00:00,114.06,640.44,13.1,13.12,1.32,4.03,23.15,91.07,1.31,319.69,0.0,0.0
2024-10-23 00:00:00,113.74,199.85421469492258,9.92,10.18,1.15,1.6,22.98,93.4,1.24,324.25,0.0,0.0
2024-10-23 01:00:00,125.04,297.19,7.66,8.04,0.75,8.88,22.83,89.02,1.27,301.06,0.0,0.0
2024-10-23 02:00:00,107.28,237.89,9.5,6.45,0.58,12.12,22.74,87.24,1.35,311.64,0.0,0.0
2024-10-23 03:00:00,99.52,214.98,7.68,6.14,0.51,15.24,22.52,86.54,1.41,319.79,0.0,0.0
2024-10-23 04:00:00,90.34,181.78,8.8,6.87,0.45,16.62,22.1,88.84,1.3,347.28,0.0,0.0
2024-10-23 05:00:00,91.43,186.38,8.51,8.66,0.42,18.41,21.84,89.34,1.44,332.88,0.0,0.0
2024-10-23 06:00:00,87.48,173.84,5.47,7.82,0.39,21.0,21.73,88.98,1.33,346.14,0.0,0.0
2024-10-23 07:00:00,89.22,175.06,6.21,9.64,0.43,25.4,22.78,85.92,1.15,249.72,0.0,2.3
2024-10-23 08:00:00,78.67,176.83,6.65,10.09,0.45,37.04,24.82,78.73,1.22,267.08,0.0,133.72
2024-10-23 09:00:00,81.77,130.76,6.1,15.77,0.42,56.73,27.23,70.83,1.56,261.36,0.0,279.38
2024-10-23 10:00:00,57.84,115.05,3.29,20.67,0.38,72.67,29.0,64.49,1.59,261.55,0.0,286.08
2024-10-23 11:00:00,55.14,144.28,3.57,18.76,0.31,77.95,30.56,56.73,1.47,353.1,0.0,293.68
2024-10-23 12:00:00,52.87,105.86,9.04,40.17,0.28,78.03,31.62,51.28,1.31,340.08,0.0,312.27
2024-10-23 13:00:00,49.38,101.06,16.39,68.78,0.28,72.94,31.92,51.14,1.2,339.23,0.0,322.8
2024-10-23 14:00:00,40.63,111.56,15.54,55.52,0.29,75.95,31.72,52.53,1.1,345.71,0.0,317.73
2024-10-23 15:00:00,46.28,109.5,17.98,59.2,0.28,75.14,30.5,55.27,1.16,338.31,0.0,103.6
2024-10-23 16:00:00,45.16,123.88,6.08,24.69,0.36,76.04,29.51,56.94,1.15,246.64,0.0,8.32
2024-10-23 17:00:00,45.88,126.77,23.17,17.35,0.77,50.8,27.11,66.89,0.96,246.26,0.0,0.0
2024-10-23 18:00:00,61.79,190.1,40.18,12.72,1.06,23.45,25.58,75.33,1.27,317.35,0.0,0.0
2024-10-23 19:00:00,59.5,190.1,10.12,9.04,0.98,4.46,24.56,86.07,1.26,176.23,0.0,0.0
2024-10-23 20:00:00,54.82,184.18,25.69,8.48,0.94,13.46,24.2,80.6,1.18,321.46,0.0,0.0
2024-10-23 21:00:00,58.41,174.68,23.56,9.34,0.92,19.94,23.76,74.76,1.1,297.12,0.0,0.0
2024-10-23 22:00:00,50.28,148.41,19.82,9.32,0.7,22.88,22.75,76.07,1.37,318.04,0.0,0.0
2024-10-23 23:00:00,52.28,132.87,8.46,8.99,0.45,28.8,22.0,76.19,1.28,326.98,0.0,0.0
2024-10-24 00:00:00,47.78,125.48,9.07,8.66,0.4,30.03,21.02,80.5,1.23,324.06,0.0,0.0
2024-10-24 01:00:00,49.69,120.86,9.14,7.74,0.4,34.84,20.75,81.08,1.18,329.4,0.0,0.0
2024-10-24 02:00:00,40.28,104.04,6.58,8.2,0.37,39.88,20.83,79.79,1.23,338.01,0.0,0.0
2024-10-24 03:00:00,39.57,96.76,7.06,10.39,0.38,47.26,20.9,78.34,0.88,345.18,0.0,0.0
2024-10-24 04:00:00,38.36,96.11,7.28,10.09,0.37,44.18,20.48,78.51,0.77,172.33,0.0,0.0
2024-10-24 05:00:00,43.42,91.04,7.92,8.52,0.39,39.97,19.89,80.22,0.81,336.4,0.0,0.0
2024-10-24 06:00:00,37.87,91.48,10.39,9.6,0.4,36.64,19.72,80.94,1.0,348.84,0.0,0.0
2024-10-24 07:00:00,39.71,105.98,10.92,10.9,0.48,40.65,20.73,76.98,0.97,262.74,0.0,6.75
2024-10-24 08:00:00,33.23,97.07,11.74,11.6,0.53,51.46,22.89,71.8,0.98,341.74,0.0,121.8
2024-10-24 09:00:00,38.08,95.82,7.48,11.21,0.55,65.47,25.24,66.02,1.31,263.43,0.0,296.12
2024-10-24 10:00:00,38.12,104.53,9.28,12.01,0.59,86.02,27.26,61.61,1.41,340.23,0.0,291.35
2024-10-24 11:00:00,46.63,118.44,27.25,72.83,0.58,79.09,29.18,56.34,1.28,259.9,0.0,307.32
2024-10-24 12:00:00,52.39,128.75,21.28,61.94,0.6,106.48,30.14,52.35,1.49,346.01,0.0,293.02
2024-10-24 13:00:00,58.04,146.25,5.78,14.47,0.58,111.12,30.36,51.88,1.25,350.44,0.0,279.62
2024-10-24 14:00:00,53.88,141.29,10.48,11.62,0.6,104.51,30.17,54.88,0.68,328.55,0.0,244.77
2024-10-24 15:00:00,56.06,137.93,7.16,10.02,0.65,98.88,28.98,59.05,0.92,299.96,0.0,50.62
2024-10-24 16:00:00,51.61,133.46,11.24,7.6,0.76,78.03,27.26,64.35,1.15,328.38,0.0,0.0
2024-10-24 17:00:00,53.99,136.64,19.88,6.46,0.92,52.1,25.74,68.57,1.07,317.77,0.0,0.0
2024-10-24 18:00:00,54.28,143.7,14.94,8.75,0.71,53.86,25.11,61.71,1.06,318.54,0.0,0.0
2024-10-24 19:00:00,51.58,137.98,15.6,8.0,0.77,43.45,24.44,64.03,1.16,314.41,0.0,0.0
2024-10-24 20:00:00,51.02,131.22,20.89,7.71,0.77,38.6,23.88,66.43,1.21,231.54,0.0,0.0
2024-10-24 21:00:00,50.5,127.16,17.06,8.04,0.67,45.34,22.94,69.18,0.84,159.87,0.0,0.0
2024-10-24 22:00:00,38.58,123.68,17.1,8.67,0.63,41.62,22.22,72.61,1.16,325.93,0.0,0.0
2024-10-24 23:00:00,54.32,123.34,8.92,9.6,0.62,52.77,21.84,76.6,1.05,343.43,0.0,0.0
2024-10-25 00:00:00,51.62,126.35,4.1,8.99,0.57,57.73,21.64,78.68,1.1,168.6,0.0,0.0
2024-10-25 01:00:00,56.61,130.67,7.26,10.16,0.58,64.75,21.72,78.08,1.24,349.06,0.0,0.0
2024-10-25 02:00:00,61.8,134.66,7.7,10.22,0.57,57.86,21.14,80.76,1.11,321.42,0.0,0.0
2024-10-25 03:00:00,55.59,133.37,6.8,9.29,0.56,51.56,20.57,82.19,1.08,345.16,0.0,0.0
2024-10-25 04:00:00,52.79,130.44,6.54,10.41,0.55,51.81,20.44,81.76,1.09,253.88,0.0,0.0
2024-10-25 05:00:00,56.25,127.28,6.7,9.84,0.52,50.98,20.17,83.23,0.9,178.61,0.0,0.0
2024-10-25 06:00:00,49.4,122.96,7.48,9.1,0.53,45.08,19.98,85.62,1.2,336.91,0.0,0.0
2024-10-25 07:00:00,45.8,126.16,10.86,9.54,0.66,36.71,21.07,84.63,1.1,335.13,0.0,1.25
2024-10-25 08:00:00,58.95,128.16,6.68,9.79,0.58,54.29,23.96,75.69,1.27,342.81,0.0,159.7
2024-10-25 09:00:00,53.59,125.62,9.71,18.51,0.52,59.0,26.59,69.84,1.42,345.51,0.0,283.55
2024-10-25 10:00:00,50.17,120.26,13.57,29.42,0.45,57.7,28.43,66.29,1.24,88.57,0.0,291.18
2024-10-25 11:00:00,42.95,115.16,10.14,23.08,0.44,58.64,29.7,64.49,1.15,344.72,0.0,289.77
2024-10-25 12:00:00,45.74,106.71,7.26,21.36,0.34,58.79,30.8,60.26,1.27,346.49,0.0,283.38
2024-10-25 13:00:00,43.04,88.08,6.01,13.1,0.29,58.01,31.82,54.84,1.3,345.35,0.0,282.77
2024-10-25 14:00:00,28.57,71.89,3.29,8.71,0.28,59.79,32.14,52.82,1.29,253.78,0.0,285.58
2024-10-25 15:00:00,24.94,46.29,9.18,17.41,0.3,55.96,31.28,54.2,1.25,341.67,0.0,69.65
2024-10-25 16:00:00,19.37,55.93,10.86,28.84,0.39,57.18,30.5,55.63,1.27,334.89,0.0,4.15
2024-10-25 17:00:00,21.7,61.45,8.62,7.77,0.5,56.54,28.54,62.11,1.22,314.88,0.0,0.0
2024-10-25 18:00:00,18.69,60.14,16.76,10.24,0.75,36.76,26.72,69.17,1.12,330.58,0.0,0.0
2024-10-25 19:00:00,17.35,78.18,23.49,9.26,0.86,25.8,25.89,72.6,1.21,302.88,0.0,0.0
2024-10-25 20:00:00,26.36,83.14,28.6,8.86,0.95,18.13,25.23,75.11,1.14,291.76,0.0,0.0
2024-10-25 21:00:00,23.82,86.85,19.87,8.63,0.73,23.49,24.69,75.7,1.17,318.7,0.0,0.0
2024-10-25 22:00:00,28.4,85.99,10.74,8.67,0.63,24.8,23.84,78.08,1.03,323.64,0.0,0.0
2024-10-25 23:00:00,29.63,85.97,9.72,8.82,0.52,27.43,23.3,78.77,1.23,339.84,0.0,0.0
2024-10-26 00:00:00,29.48,83.26,3.68,9.02,0.44,26.49,22.64,80.89,1.14,349.9,0.0,0.0
2024-10-26 01:00:00,29.12,81.77,4.16,9.9,0.42,29.3,22.22,81.89,1.25,108.29,0.0,0.0
2024-10-26 02:00:00,28.8,78.2,3.97,9.24,0.4,25.91,21.46,86.05,1.13,329.75,0.0,0.0
2024-10-26 03:00:00,24.96,75.75,7.32,9.25,0.41,24.41,21.56,85.69,1.36,328.41,0.0,0.0
2024-10-26 04:00:00,27.11,72.35,7.21,9.17,0.39,23.38,21.12,87.53,1.18,317.76,0.0,0.0
2024-10-26 05:00:00,23.07,67.45,8.07,9.17,0.39,21.3,20.73,88.34,1.0,251.04,0.0,0.0
2024-10-26 06:00:00,21.54,69.56,6.38,8.55,0.43,20.19,20.35,90.06,1.13,339.32,0.0,0.0
2024-10-26 07:00:00,23.56,74.97,7.27,9.95,0.44,24.69,21.9,85.14,1.19,349.41,0.0,0.0
2024-10-26 08:00:00,27.98,74.1,6.81,9.98,0.46,32.16,24.13,80.34,1.3,343.86,0.0,138.82
2024-10-26 09:00:00,27.9,73.24,5.42,17.3,0.4,44.0,26.86,72.45,1.32,264.46,0.0,275.75
2024-10-26 10:00:00,27.57,65.76,12.27,56.7,0.38,44.41,28.93,65.43,1.06,254.33,0.0,277.92
2024-10-26 11:00:00,24.32,67.9,15.86,99.93,0.38,39.49,29.8,61.92,0.99,259.72,0.0,276.68
2024-10-26 12:00:00,32.21,86.22,27.58,108.0,0.41,61.43,30.58,54.93,1.25,347.44,0.0,280.27
2024-10-26 13:00:00,39.51,103.73,11.16,39.62,0.45,94.7,31.76,53.0,0.69,256.42,0.0,294.8
2024-10-26 14:00:00,34.58,104.59,6.2,22.06,0.42,89.82,31.21,55.53,1.06,261.2,0.0,279.65
2024-10-26 15:00:00,34.81,92.14,4.93,13.19,0.43,89.17,30.17,56.04,1.23,332.87,0.0,43.2
2024-10-26 16:00:00,32.98,84.22,12.89,28.22,0.52,79.68,29.26,54.78,0.8,325.63,0.0,1.05
2024-10-26 17:00:00,31.38,87.62,20.92,15.89,0.9,51.98,27.04,63.62,0.73,322.8,0.0,0.0
2024-10-26 18:00:00,44.0,116.27,29.92,11.98,1.1,26.71,24.92,78.05,1.25,326.65,0.0,0.0
2024-10-26 19:00:00,52.46,149.99,29.03,10.87,1.16,9.08,23.96,84.05,1.22,325.33,0.0,0.0
2024-10-26 20:00:00,51.61,152.4,25.94,10.24,1.06,9.08,23.27,81.82,1.3,311.58,0.0,0.0
2024-10-26 21:00:00,45.55,158.61,23.15,9.82,0.93,19.86,22.7,79.63,1.19,305.98,0.0,0.0
2024-10-26 22:00:00,47.02,171.88,23.25,9.8,0.94,15.94,22.46,80.48,1.22,245.03,0.0,0.0
2024-10-26 23:00:00,42.0,182.67,25.38,11.87,0.96,19.33,21.75,80.32,1.27,330.95,0.0,0.0
2024-10-27 00:00:00,46.87,190.48,13.48,11.43,0.53,42.92,21.56,73.94,0.79,229.47,0.0,0.0
2024-10-27 01:00:00,43.36,155.45,3.98,10.7,0.51,49.68,21.26,74.22,1.24,313.94,0.0,0.0
2024-10-27 02:00:00,39.17,133.89,5.06,11.25,0.48,53.0,21.0,77.78,1.02,319.88,0.0,0.0
2024-10-27 03:00:00,43.75,121.45,7.66,10.6,0.49,46.45,20.15,82.26,1.0,324.83,0.0,0.0
2024-10-27 04:00:00,43.26,112.62,6.1,11.11,0.5,51.98,20.1,80.85,1.25,344.85,0.0,0.0
2024-10-27 05:00:00,40.57,112.12,5.45,10.5,0.56,52.78,19.66,81.48,1.45,338.18,0.0,0.0
2024-10-27 06:00:00,40.89,109.85,5.96,10.25,0.56,48.66,19.42,82.52,1.46,335.88,0.0,0.0
2024-10-27 07:00:00,42.11,115.48,5.92,9.89,0.52,45.35,20.52,79.4,1.62,347.18,0.0,0.88
2024-10-27 08:00:00,43.43,113.73,7.24,11.38,0.54,52.67,23.0,74.66,1.46,267.46,0.0,133.48
2024-10-27 09:00:00,45.5,106.78,10.32,21.36,0.48,57.98,26.05,70.52,1.12,260.38,0.0,283.82
2024-10-27 10:00:00,45.12,106.36,13.51,26.64,0.42,58.0,28.25,64.78,1.12,346.0,0.0,292.27
2024-10-27 11:00:00,39.83,98.47,39.84,72.11,0.4,45.64,29.65,59.39,0.96,351.05,0.0,304.58
2024-10-27 12:00:00,37.6,117.11,34.56,100.92,0.43,62.12,30.52,55.56,0.88,243.66,0.0,302.15
2024-10-27 13:00:00,40.63,127.22,32.3,137.16,0.4,46.12,30.94,53.95,1.1,346.88,0.0,298.9
2024-10-27 14:00:00,39.17,125.83,21.71,79.0,0.34,78.98,30.82,51.48,1.05,344.64,0.0,280.68
2024-10-27 15:00:00,36.39,107.76,31.74,76.65,0.45,58.14,30.12,54.22,0.83,307.82,0.0,38.28
2024-10-27 16:00:00,37.94,109.18,25.6,51.52,0.4,65.5,29.19,57.12,0.95,292.2,0.0,0.1
2024-10-27 17:00:00,32.41,101.73,37.19,21.6,1.12,40.43,27.44,67.16,0.9,41.22,0.0,0.0
2024-10-27 18:00:00,38.64,118.18,30.2,15.91,1.32,19.99,25.58,74.53,1.1,108.13,0.0,0.0
2024-10-27 19:00:00,43.29,126.61,27.59,13.09,1.12,4.17,24.62,87.29,1.26,315.72,0.0,0.0
2024-10-27 20:00:00,43.32,154.68,17.4,11.8,0.83,9.76,23.9,87.79,1.27,322.05,0.0,0.0
2024-10-27 21:00:00,40.41,145.83,19.76,10.4,1.01,4.74,23.55,90.22,1.3,313.7,0.0,0.0
2024-10-27 22:00:00,39.51,143.33,19.1,11.0,0.82,21.83,23.24,83.82,1.2,328.94,0.0,0.0
2024-10-27 23:00:00,34.97,139.5,7.02,10.94,0.56,35.08,23.27,81.84,1.18,315.65,0.0,0.0
2024-10-28 00:00:00,37.66,119.7,4.77,10.66,0.47,31.61,22.66,84.64,1.3,313.32,0.0,0.0
2024-10-28 01:00:00,36.32,113.44,8.45,10.74,0.47,27.3,21.78,87.66,1.32,319.77,0.0,0.0
2024-10-28 02:00:00,35.62,105.18,7.54,10.25,0.47,21.03,21.25,89.94,1.23,316.81,0.0,0.0
2024-10-28 03:00:00,32.48,102.62,6.74,9.88,0.5,20.0,20.96,91.08,1.25,303.14,0.0,0.0
2024-10-28 04:00:00,38.7,98.7,5.3,9.61,0.49,24.57,20.5,91.03,1.32,316.07,0.0,0.0
2024-10-28 05:00:00,36.37,95.05,6.98,9.66,0.49,24.72,20.26,91.02,1.32,306.05,0.0,0.0
2024-10-28 06:00:00,37.68,92.91,7.76,9.83,0.51,23.26,20.31,90.27,1.39,326.07,0.0,0.0
2024-10-28 07:00:00,35.71,93.91,7.52,10.46,0.57,27.64,21.81,86.07,1.4,330.36,0.0,2.38
2024-10-28 08:00:00,37.74,99.12,3.44,11.1,0.6,39.98,24.62,78.99,1.0,346.4,0.0,126.85
2024-10-28 09:00:00,44.19,99.31,5.33,11.42,0.6,60.58,27.64,70.95,0.68,329.12,0.0,283.75
2024-10-28 10:00:00,34.33,103.1,9.72,11.26,0.58,76.27,29.43,64.83,0.72,253.46,0.0,293.05
2024-10-28 11:00:00,32.67,98.09,8.35,12.12,0.5,81.64,30.44,60.84,0.98,340.74,0.0,275.65
2024-10-28 12:00:00,26.8,81.29,6.96,21.83,0.48,74.29,31.47,56.44,0.52,132.23,0.0,270.57
2024-10-28 13:00:00,24.15,81.15,11.22,26.99,0.37,72.54,31.68,54.69,0.75,262.8,0.0,256.52
2024-10-28 14:00:00,22.12,71.86,16.8,55.85,0.34,61.9,31.96,52.94,0.97,351.32,0.0,278.72
2024-10-28 15:00:00,25.4,77.2,15.63,49.64,0.34,66.32,30.3,56.52,1.15,345.88,0.0,27.05
2024-10-28 16:00:00,40.22,112.14,6.95,17.89,0.4,64.5,29.53,58.38,1.25,341.36,0.0,0.0
2024-10-28 17:00:00,33.33,99.8,20.5,9.18,0.8,39.69,27.38,64.9,1.21,257.36,0.0,0.0
2024-10-28 18:00:00,35.0,107.38,33.13,7.0,0.9,20.98,25.56,80.41,1.18,337.45,0.0,0.0
2024-10-28 19:00:00,47.88,290.9,35.91,6.98,2.54,0.69,25.01,83.5,1.09,329.97,0.0,0.0
2024-10-28 20:00:00,37.85,209.26,31.95,7.74,2.26,0.74,24.44,86.24,1.26,312.19,0.0,0.0
2024-10-28 21:00:00,57.61,288.81,23.86,5.78,1.17,0.17,23.8,91.38,1.31,303.7,0.0,0.0
2024-10-28 22:00:00,52.16,241.68,27.54,7.62,1.22,1.57,23.41,90.03,1.28,323.48,0.0,0.0
2024-10-28 23:00:00,57.06,234.75,19.21,6.44,0.64,15.19,22.86,83.9,1.26,331.39,0.0,0.0
2024-10-29 00:00:00,46.48,145.49,17.6,5.39,0.5,17.6,22.67,82.72,1.06,296.06,0.0,0.0
2024-10-29 01:00:00,47.33,102.38,6.19,5.35,0.55,11.12,22.24,86.74,1.19,238.51,0.0,0.0
2024-10-29 02:00:00,45.58,123.66,7.52,5.12,0.49,14.48,21.8,86.63,1.13,314.04,0.0,0.0
2024-10-29 03:00:00,42.17,90.22,7.55,5.16,0.39,18.36,21.76,85.57,1.27,323.69,0.0,0.0
2024-10-29 04:00:00,38.05,85.52,6.52,6.0,0.35,21.22,21.45,85.79,1.25,336.38,0.0,0.0
2024-10-29 05:00:00,33.83,96.04,3.2,6.48,0.36,17.42,21.45,86.73,1.31,323.34,0.0,0.0
2024-10-29 06:00:00,38.17,89.14,0.04,6.14,0.43,13.34,21.68,87.59,1.29,330.54,0.0,0.0
2024-10-29 07:00:00,40.34,89.17,1.45,6.27,0.48,15.72,22.76,85.79,1.3,329.14,0.0,1.85
2024-10-29 08:00:00,35.0,111.03,7.72,6.92,0.55,28.79,25.06,80.34,0.88,345.09,0.0,134.6
2024-10-29 09:00:00,38.88,123.94,10.86,8.47,0.66,51.23,28.03,72.69,0.81,341.54,0.0,245.18
2024-10-29 10:00:00,41.2,149.85,13.04,11.72,0.66,82.32,30.11,64.26,0.96,246.38,0.0,228.45
2024-10-29 11:00:00,50.02,141.0,10.44,17.9,0.53,90.76,31.6,57.87,0.78,336.11,0.0,224.08
2024-10-29 12:00:00,53.4,141.1,15.51,32.24,0.53,97.18,31.87,57.29,0.76,215.29,0.0,239.3
2024-10-29 13:00:00,77.3,141.08,13.74,38.13,0.47,104.0,32.58,55.7,0.87,342.59,0.0,260.42
2024-10-29 14:00:00,62.47,120.55,20.3,44.91,0.45,90.98,32.6,54.72,0.88,258.24,0.0,234.58
2024-10-29 15:00:00,68.04,151.23,19.7,75.3,0.36,53.06,31.5,55.43,1.22,347.13,0.0,63.55
2024-10-29 16:00:00,72.2,169.69,24.42,66.88,0.41,54.51,30.24,57.74,1.08,327.22,0.0,0.08
2024-10-29 17:00:00,76.3,148.75,28.25,38.68,0.98,42.25,27.89,66.83,1.19,254.74,0.0,0.0
2024-10-29 18:00:00,71.23,150.54,44.78,20.14,2.02,15.37,26.64,73.6,1.04,304.87,0.0,0.0
2024-10-29 19:00:00,84.92,181.98,30.62,13.57,1.26,21.2,26.22,78.36,1.21,333.64,0.0,0.0
2024-10-29 20:00:00,76.07,179.78,37.97,10.49,1.31,11.1,25.7,82.78,1.17,335.51,0.0,0.0
2024-10-29 21:00:00,95.48,202.08,32.34,8.59,1.2,11.54,25.72,84.85,1.08,319.49,0.0,0.0
2024-10-29 22:00:00,104.29,210.38,24.05,8.4,1.08,9.85,24.82,88.24,1.21,334.0,0.0,0.0
2024-10-29 23:00:00,119.8,240.96,16.02,11.66,0.71,17.63,24.49,86.95,1.12,251.28,0.0,0.0
2024-10-30 00:00:00,113.95,221.46,8.18,11.75,0.6,22.94,24.16,87.58,1.06,341.48,0.0,0.0
2024-10-30 01:00:00,107.86,220.16,7.5,9.92,0.62,19.94,23.61,89.5,1.17,164.71,0.0,0.0
2024-10-30 02:00:00,108.87,196.34,11.64,7.01,0.57,18.85,23.6,86.5,0.7,313.27,0.0,0.0
2024-10-30 03:00:00,108.2,179.42,11.91,6.97,0.5,22.88,23.21,85.71,1.08,268.04,0.0,0.0
2024-10-30 04:00:00,98.91,167.84,7.23,6.69,0.43,18.72,22.62,88.72,1.26,336.82,0.0,0.0
2024-10-30 05:00:00,92.84,143.79,3.47,6.49,0.42,16.38,22.13,90.52,1.34,328.45,0.0,0.0
2024-10-30 06:00:00,84.02,138.96,0.3,7.65,0.45,18.61,22.2,88.16,1.36,323.72,0.0,0.0
2024-10-30 07:00:00,86.3,131.65,2.65,7.52,0.49,20.96,23.05,85.85,1.25,321.28,0.0,2.08
2024-10-30 08:00:00,81.34,130.36,7.52,6.42,0.59,22.93,25.49,81.47,0.86,88.79,0.0,127.2
2024-10-30 09:00:00,71.57,139.69,9.72,7.29,0.6,43.35,28.35,73.71,0.97,274.2,0.0,266.7
2024-10-30 10:00:00,79.64,140.95,10.74,7.86,0.67,66.43,30.26,67.13,0.75,259.3,0.0,269.15
2024-10-30 11:00:00,77.42,145.76,13.34,12.68,0.78,82.7,31.4,62.96,0.36,152.11,0.0,222.85
2024-10-30 12:00:00,79.89,148.73,8.72,9.78,0.62,81.28,32.48,59.7,0.57,137.32,0.0,279.6
2024-10-30 13:00:00,82.86,152.94,6.49,10.41,0.5,80.76,32.16,58.91,0.78,334.63,0.0,258.82
2024-10-30 14:00:00,74.81,131.93,10.16,16.01,0.47,77.58,32.74,56.94,0.74,176.36,0.0,274.5
2024-10-30 15:00:00,69.17,126.26,24.72,34.33,0.43,60.64,31.31,59.72,0.86,249.12,0.0,27.7
2024-10-30 16:00:00,68.59,140.99,31.62,37.86,0.48,39.85,30.14,63.27,0.99,303.12,0.0,0.0
2024-10-30 17:00:00,80.25,148.52,39.18,41.45,0.8,27.42,28.09,69.95,0.92,240.04,0.0,0.0
2024-10-30 18:00:00,86.96,152.27,49.76,19.93,1.18,5.79,26.64,81.21,1.21,177.3,0.0,0.0
2024-10-30 19:00:00,111.84,212.67,42.2,13.39,1.35,2.23,26.17,84.18,1.26,252.79,0.0,0.0
2024-10-30 20:00:00,107.07,235.07,28.38,10.44,1.4,0.5,25.68,88.71,1.12,288.14,0.0,0.0
2024-10-30 21:00:00,157.1,433.92,23.5,8.05,1.09,0.77,25.06,90.91,1.34,310.4,0.0,0.0
2024-10-30 22:00:00,121.78,234.92,25.86,6.98,1.07,5.27,24.82,86.97,1.28,338.62,0.0,0.0
2024-10-30 23:00:00,110.53,229.43,11.57,6.28,0.69,13.99,24.58,84.82,1.32,321.84,0.0,0.0
2024-10-31 00:00:00,106.1,173.98,0.27,7.32,0.54,15.99,24.46,84.74,1.35,251.04,0.0,0.0
2024-10-31 01:00:00,99.97,136.83,3.48,7.06,0.47,17.28,23.73,86.52,1.35,320.32,0.0,0.0
2024-10-31 02:00:00,94.82,105.96,5.76,5.76,0.44,15.44,23.28,88.12,1.36,315.44,0.0,0.0
2024-10-31 03:00:00,83.77,111.08,9.5,5.19,0.43,12.91,22.77,89.12,1.35,314.92,0.0,0.0
2024-10-31 04:00:00,68.14,105.66,8.65,5.6,0.43,15.37,22.28,88.27,1.35,311.68,0.0,0.0
2024-10-31 05:00:00,77.68,120.44,8.7,6.2,0.44,17.62,21.76,86.18,1.41,324.32,0.0,0.0
2024-10-31 06:00:00,70.28,110.22,8.15,6.41,0.46,21.99,21.5,85.22,1.3,329.44,0.0,0.0
2024-10-31 07:00:00,79.32,115.6,6.42,6.38,0.52,26.36,22.67,81.58,1.31,320.76,0.0,0.78
2024-10-31 08:00:00,77.22,141.06,4.75,7.19,0.49,40.64,25.23,73.97,1.37,343.68,0.0,125.88
2024-10-31 09:00:00,65.62,138.36,8.27,8.08,0.53,53.41,28.32,66.72,0.58,236.09,0.0,257.68
2024-10-31 10:00:00,57.69,147.31,11.98,8.49,0.62,69.3,30.38,62.47,0.42,315.44,0.0,240.65
2024-10-31 11:00:00,56.72,156.39,6.12,12.26,0.48,80.31,31.24,58.77,0.94,354.07,0.0,267.82
2024-10-31 12:00:00,61.54,128.4,6.43,11.88,0.42,78.81,32.12,55.8,0.62,175.63,0.0,233.75
2024-10-31 13:00:00,63.34,142.87,6.6,7.7,0.4,79.72,32.61,53.58,0.46,294.54,0.0,266.25
2024-10-31 14:00:00,44.99,102.57,6.18,9.24,0.39,80.82,31.98,54.5,0.69,325.68,0.0,211.82
2024-10-31 15:00:00,50.02,100.83,6.91,5.8,0.4,75.22,30.99,55.8,0.89,319.36,0.0,20.58
2024-10-31 16:00:00,45.25,97.83,12.94,17.81,0.4,63.41,29.73,61.57,1.18,309.63,0.0,0.0
2024-10-31 17:00:00,50.36,120.61,32.39,35.45,0.52,31.65,27.55,69.57,1.12,322.29,0.0,0.0
2024-10-31 18:00:00,50.9,148.69,30.28,15.86,0.82,15.34,25.73,83.16,1.26,330.74,0.0,0.0
2024-10-31 19:00:00,54.43,193.4,21.58,9.27,0.75,4.34,24.41,90.38,1.18,306.28,0.0,0.0
2024-10-31 20:00:00,55.91,169.96,7.46,7.68,0.73,4.13,23.78,90.76,1.28,311.58,0.0,0.0
2024-10-31 21:00:00,53.71,165.45,22.37,7.56,0.99,1.5,23.16,92.05,1.33,305.32,0.0,0.0
2024-10-31 22:00:00,75.61,218.74,21.9,8.81,1.07,1.88,22.57,93.27,1.28,307.76,0.0,0.0
2024-10-31 23:00:00,134.88,517.88,22.7,10.17,1.01,3.54,22.07,93.89,1.08,320.14,0.0,0.0
2024-11-01 00:00:00,205.36,325.5822339176554,4.98,8.7,0.53,15.86,21.31,88.48,1.19,329.67,0.0,0.0
2024-11-01 01:00:00,113.17,197.76,3.49,11.58,0.43,23.32,20.67,87.5,0.96,235.42,0.0,0.0
2024-11-01 02:00:00,71.08,108.57,3.74,15.48,0.38,28.2,20.52,86.22,1.03,328.46,0.0,0.0
2024-11-01 03:00:00,48.02,109.28,4.44,15.78,0.37,31.95,20.42,84.09,1.09,320.83,0.0,0.0
2024-11-01 04:00:00,59.22,86.04,6.82,15.24,0.5,28.62,19.96,85.66,1.37,324.87,0.0,0.0
2024-11-01 05:00:00,48.43,121.07,4.36,15.02,0.52,23.69,19.3,88.26,1.15,258.54,0.0,0.0
2024-11-01 06:00:00,47.08,128.79,6.32,17.2,0.39,18.7,19.04,89.04,0.8,280.39,0.0,0.0
2024-11-01 07:00:00,45.35,106.3,6.23,17.24,0.45,21.35,20.61,82.84,1.08,264.11,0.0,0.0
2024-11-01 08:00:00,38.88,110.5,9.63,18.1,0.56,36.65,23.96,72.5,1.2,294.92,0.0,115.42
2024-11-01 09:00:00,46.28,136.08,11.48,19.22,0.65,71.1,27.84,61.11,0.52,273.36,0.0,273.03
2024-11-01 10:00:00,48.75,173.74,12.11,17.32,0.66,92.32,30.21,53.18,0.5,285.93,0.0,280.85
2024-11-01 11:00:00,58.6,168.5,10.2,18.18,0.5,98.62,32.49,44.22,0.44,113.64,0.0,278.8
2024-11-01 12:00:00,59.07,139.7,6.57,19.0,0.39,105.36,33.11,42.16,0.96,259.8,0.0,283.38
2024-11-01 13:00:00,49.15,107.01,2.72,18.11,0.3,95.99,34.05,37.85,0.58,253.66,0.0,261.82
2024-11-01 14:00:00,49.94,102.25,3.83,18.27,0.44,89.56,33.77,37.48,0.59,203.39,0.0,202.6
2024-11-01 15:00:00,44.61,99.8,5.61,19.1,0.33,94.26,31.87,39.67,0.59,310.79,0.0,12.23
2024-11-01 16:00:00,33.3,87.54,13.04,19.18,0.42,84.81,29.95,42.2,0.48,180.96,0.0,0.0
2024-11-01 17:00:00,41.0,111.98,10.3,17.34,0.44,67.45,26.49,53.69,1.25,322.33,0.0,0.0
2024-11-01 18:00:00,43.07,668.93,8.69,15.99,0.55,39.03,24.67,73.34,1.28,250.06,0.0,0.0
2024-11-01 19:00:00,55.09,197.59,6.96,15.34,0.66,12.16,23.91,83.82,1.12,183.96,0.0,0.0
2024-11-01 20:00:00,81.97,203.73,32.52,34.33,1.62,1.95,23.6,77.44,1.1,254.36,0.0,0.0
2024-11-01 21:00:00,487.48,832.54,39.67,42.49,1.27,1.79,22.6,76.46,1.3,317.78,0.0,0.0
2024-11-01 22:00:00,403.6,737.66,38.57,35.47,1.22,4.86,22.56,77.79,1.26,319.86,0.0,0.0
2024-11-01 23:00:00,381.36,758.94,21.93,31.18,0.67,21.82,22.16,73.86,1.26,310.65,0.0,0.0
2024-11-02 00:00:00,277.36,520.28,7.72,25.38,0.34,38.17,21.98,72.54,1.33,299.62,0.0,0.0
2024-11-02 01:00:00,138.45,186.86,4.94,24.74,0.36,39.17,21.24,74.54,0.79,267.1,0.0,0.0
2024-11-02 02:00:00,66.08,204.43,12.61,23.7,0.48,26.4,20.49,78.36,0.82,305.62,0.0,0.0
2024-11-02 03:00:00,101.82,199.37,10.36,21.26,0.54,24.07,19.9,83.07,1.23,299.37,0.0,0.0
2024-11-02 04:00:00,131.52,251.82,7.14,20.05,0.41,35.08,19.84,78.46,1.07,299.22,0.0,0.0
2024-11-02 05:00:00,83.69,231.35,6.88,19.73,0.33,31.48,19.11,82.24,1.16,244.48,0.0,0.0
2024-11-02 06:00:00,66.61,113.04,10.01,19.34,0.37,25.66,19.24,83.93,1.02,189.96,0.0,0.0
2024-11-02 07:00:00,77.04,245.28,8.22,20.04,0.42,27.68,20.9,80.67,1.29,328.92,0.0,0.0
2024-11-02 08:00:00,63.03,136.02,8.56,24.76,0.49,43.98,24.01,70.95,1.06,330.22,0.0,114.48
2024-11-02 09:00:00,68.62,191.54,13.82,32.72,0.67,76.27,27.86,60.28,0.66,252.79,0.0,233.78
2024-11-02 10:00:00,72.04,197.16,14.76,36.78,0.67,106.61,30.12,53.83,0.88,223.11,0.0,263.92
2024-11-02 11:00:00,85.5,224.5,9.02,30.7,0.6,121.88,31.29,52.48,0.95,342.0,0.0,277.08
2024-11-02 12:00:00,67.19,195.07,6.5,30.41,0.58,137.25,31.85,50.22,1.04,259.63,0.0,290.18
2024-11-02 13:00:00,87.92,265.27,7.43,32.52,0.48,136.9,32.33,46.48,0.93,268.9,0.0,267.25
2024-11-02 14:00:00,81.14,185.88,14.46,30.26,0.59,127.66,31.52,46.58,0.96,201.26,0.0,187.12
2024-11-02 15:00:00,46.82,118.85,10.3,25.31,0.51,134.52,31.4,47.8,1.14,229.76,0.0,45.22
2024-11-02 16:00:00,51.04,104.73,24.62,19.39,0.82,89.53,29.51,55.39,0.96,274.43,0.0,0.32
2024-11-02 17:00:00,60.39,91.37,28.72,19.24,0.88,69.81,26.91,60.08,1.23,175.91,0.0,0.0
2024-11-02 18:00:00,61.39,118.83,23.17,19.64,0.78,53.08,25.17,64.96,1.23,187.18,0.0,0.0
2024-11-02 19:00:00,63.38,127.44,29.21,20.96,1.81,14.8,24.45,73.05,1.04,219.45,0.0,0.0
2024-11-02 20:00:00,83.86,151.99,39.93,22.39,1.53,8.67,23.99,76.85,1.17,249.4,0.0,0.0
2024-11-02 21:00:00,122.6,198.64,34.78,20.16,1.38,2.28,23.44,82.38,1.3,307.52,0.0,0.0
2024-11-02 22:00:00,124.48,181.86,11.75,16.76,0.89,6.22,22.67,87.42,1.2,318.47,0.0,0.0
2024-11-02 23:00:00,104.06,181.08,20.81,16.59,0.89,7.01,22.78,87.67,1.24,304.0,0.0,0.0
2024-11-03 00:00:00,112.91,171.6,21.41,14.88,0.8,4.4,22.82,90.02,1.25,332.52,0.0,0.0
2024-11-03 01:00:00,127.0,169.12,9.44,15.46,0.66,14.62,22.37,87.72,0.84,304.39,0.0,0.0
2024-11-03 02:00:00,105.18,151.0,7.98,13.91,0.56,17.47,22.63,85.34,1.28,328.2,0.0,0.0
2024-11-03 03:00:00,94.1,133.93,6.43,16.14,0.44,32.67,22.74,79.82,1.4,326.55,0.0,0.0
2024-11-03 04:00:00,77.86,116.01,8.62,15.87,0.42,25.98,22.5,81.56,0.77,249.38,0.0,0.0
2024-11-03 05:00:00,79.24,110.79,7.12,15.63,0.4,26.31,22.02,82.88,1.2,309.47,0.0,0.0
2024-11-03 06:00:00,70.82,99.28,8.97,16.52,0.45,19.68,21.98,84.17,1.26,248.52,0.0,0.0
2024-11-03 07:00:00,72.56,108.28,8.43,16.77,0.47,16.52,23.0,84.89,1.25,335.34,0.0,0.32
2024-11-03 08:00:00,68.93,111.76,8.02,17.76,0.53,20.96,24.41,81.87,1.25,340.72,0.0,50.45
2024-11-03 09:00:00,65.19,108.22,14.82,20.88,0.75,45.42,27.08,71.07,0.93,320.7,0.0,237.88
2024-11-03 10:00:00,75.42,119.46,9.7,26.8,0.52,83.82,28.93,60.46,1.22,332.98,0.0,255.98
2024-11-03 11:00:00,64.11,114.16,6.78,31.61,0.5,112.3,29.84,56.82,1.28,347.7,0.0,246.98
2024-11-03 12:00:00,65.65,114.38,7.04,45.79,0.44,122.54,31.76,50.22,0.84,255.46,0.0,270.88
2024-11-03 13:00:00,66.2,110.73,5.11,38.17,0.42,123.26,31.01,52.11,1.11,347.22,0.0,235.02
2024-11-03 14:00:00,67.59,105.68,3.74,30.3,0.36,111.86,30.88,50.8,1.02,334.0,0.0,224.02
2024-11-03 15:00:00,63.68,108.02,5.64,36.17,0.37,102.38,30.18,54.91,0.87,261.34,0.0,63.8
2024-11-03 16:00:00,63.85,113.01,12.25,40.92,0.43,82.97,28.71,57.55,1.12,255.88,0.0,0.02
2024-11-03 17:00:00,57.74,109.87,39.8,38.56,0.91,49.51,26.35,67.8,1.26,318.72,0.0,0.0
2024-11-03 18:00:00,69.06,111.52,45.16,21.1,1.25,16.41,24.78,81.37,1.23,320.69,0.0,0.0
2024-11-03 19:00:00,82.27,132.12,57.39,28.16,1.72,10.49,24.25,77.91,1.1,231.53,0.0,0.0
2024-11-03 20:00:00,87.39,163.24,60.89,31.32,1.84,3.05,23.86,78.52,1.21,188.75,0.0,0.0
2024-11-03 21:00:00,116.16,213.68,39.27,21.87,1.24,2.48,23.48,86.84,1.21,327.18,0.0,0.0
2024-11-03 22:00:00,125.15,217.98,41.82,19.7,1.65,8.25,23.33,80.82,1.16,282.31,0.0,0.0
2024-11-03 23:00:00,132.36,229.99,24.66,22.12,1.1,27.48,23.3,78.78,1.04,257.71,0.0,0.0
2024-11-04 00:00:00,136.7,209.51,26.73,18.58,1.04,16.05,23.4,79.76,1.24,319.88,0.0,0.0
2024-11-04 01:00:00,130.1,198.66,24.17,17.54,0.78,15.87,22.86,83.8,1.28,320.24,0.0,0.0
2024-11-04 02:00:00,127.05,188.63,12.98,14.53,0.53,21.79,21.72,88.03,1.27,317.95,0.0,0.0
2024-11-04 03:00:00,108.87,168.86,9.73,13.56,0.5,25.52,21.08,89.32,1.18,298.84,0.0,0.0
2024-11-04 04:00:00,98.32,148.52,7.83,12.66,0.42,23.58,20.73,89.99,1.21,315.12,0.0,0.0
2024-11-04 05:00:00,84.69,123.29,9.6,11.94,0.54,11.04,20.52,92.55,1.05,224.95,0.0,0.0
2024-11-04 06:00:00,75.68,110.16,11.57,12.25,0.59,8.44,20.26,92.83,1.26,330.03,0.0,0.0
2024-11-04 07:00:00,82.91,115.42,8.26,14.78,0.44,28.92,20.84,85.26,1.34,331.71,0.0,1.68
2024-11-04 08:00:00,77.5,118.27,10.25,20.73,0.55,42.08,23.28,76.5,1.25,344.11,0.0,138.1
2024-11-04 09:00:00,74.03,120.21,11.26,28.91,0.6,69.58,25.67,68.54,1.14,341.26,0.0,240.12
2024-11-04 10:00:00,81.82,140.3,13.89,39.93,0.66,91.52,28.29,61.64,0.85,259.1,0.0,256.95
2024-11-04 11:00:00,86.18,147.04,18.37,41.72,0.72,109.23,30.38,55.23,0.63,166.5,0.0,278.95
2024-11-04 12:00:00,83.38,146.67,17.23,42.12,0.69,121.08,31.52,51.02,0.31,207.43,0.0,298.42
2024-11-04 13:00:00,89.02,147.11,15.43,60.63,0.55,122.23,31.91,46.19,0.78,299.34,0.0,291.75
2024-11-04 14:00:00,83.66,146.14,15.58,63.33,0.47,123.63,31.44,46.16,0.97,255.44,0.0,266.45
2024-11-04 15:00:00,83.04,142.84,9.23,44.42,0.43,123.8,29.95,48.66,1.0,81.51,0.0,38.72
2024-11-04 16:00:00,75.66,135.8,16.52,30.84,0.58,103.58,28.5,52.61,0.98,273.39,0.0,0.0
2024-11-04 17:00:00,71.4,115.73,23.98,21.78,0.8,72.2,25.94,62.45,1.22,208.52,0.0,0.0
2024-11-04 18:00:00,74.95,121.33,72.97,19.44,1.91,16.5,24.61,68.26,1.12,240.36,0.0,0.0
2024-11-04 19:00:00,86.3,147.64,50.94,18.35,1.48,23.15,23.74,73.07,1.28,315.95,0.0,0.0
2024-11-04 20:00:00,83.8,150.3,36.08,14.9,1.12,9.76,23.16,86.76,1.23,322.78,0.0,0.0
2024-11-04 21:00:00,88.74,156.64,31.71,14.86,1.16,9.96,23.16,83.54,1.09,310.62,0.0,0.0
2024-11-04 22:00:00,86.26,151.15,34.65,16.9,1.14,26.87,23.09,76.46,1.3,312.31,0.0,0.0
2024-11-04 23:00:00,90.36,162.07,30.44,15.77,1.05,21.92,22.24,83.92,1.26,299.27,0.0,0.0
2024-11-05 00:00:00,92.76,162.4,31.91,14.53,1.04,12.02,21.88,86.47,1.3,316.2,0.0,0.0
2024-11-05 01:00:00,98.63,165.85,20.9,15.78,0.77,23.18,21.81,83.43,1.11,301.6,0.0,0.0
2024-11-05 02:00:00,97.5,160.05,14.73,14.5,0.58,27.2,21.43,84.97,1.22,331.48,0.0,0.0
2024-11-05 03:00:00,94.36,153.52,13.08,13.64,0.52,20.11,20.91,89.89,1.21,174.73,0.0,0.0
2024-11-05 04:00:00,81.98,131.28,12.84,12.46,0.52,12.29,20.59,92.02,1.21,234.48,0.0,0.0
2024-11-05 05:00:00,81.19,122.46,13.0,11.95,0.54,9.89,20.31,94.22,1.23,245.22,0.0,0.0
2024-11-05 06:00:00,79.5,117.0,12.66,12.66,0.5,19.41,19.86,93.02,1.36,313.38,0.0,0.0
2024-11-05 07:00:00,79.44,114.53,11.9,14.16,0.58,25.63,20.77,86.74,1.32,319.34,0.0,1.58
2024-11-05 08:00:00,68.22,118.42,11.92,17.69,0.62,41.21,23.07,78.26,1.02,255.0,0.0,147.95
2024-11-05 09:00:00,74.7,120.1,16.02,21.27,0.76,59.48,25.94,70.31,0.57,253.81,0.0,260.98
2024-11-05 10:00:00,78.26,128.59,16.37,24.68,0.73,90.85,27.47,64.36,1.09,259.71,0.0,240.42
2024-11-05 11:00:00,79.93,133.53,12.14,27.73,0.64,106.87,29.64,57.74,0.26,225.23,0.0,246.25
2024-11-05 12:00:00,82.75,138.49,14.59,31.88,0.57,117.62,30.79,55.89,0.7,244.35,0.0,292.55
2024-11-05 13:00:00,81.36,141.1,11.72,37.25,0.54,134.62,31.04,53.08,0.81,248.73,0.0,298.82
2024-11-05 14:00:00,83.53,143.3,9.26,31.42,0.48,133.65,31.31,50.26,0.99,259.0,0.0,295.4
2024-11-05 15:00:00,85.23,133.13,11.73,46.11,0.42,122.56,30.0,48.63,1.24,337.24,0.0,52.0
2024-11-05 16:00:00,78.48,131.93,30.59,97.73,0.5,80.9,28.65,55.37,1.0,315.58,0.0,0.0
2024-11-05 17:00:00,83.87,137.58,40.18,67.44,0.77,60.66,26.3,63.46,0.98,234.39,0.0,0.0
2024-11-05 18:00:00,87.44,141.68,43.31,35.61,1.19,51.3,24.96,69.52,1.08,95.11,0.0,0.0
2024-11-05 19:00:00,99.22,156.0,51.01,26.35,1.47,26.78,23.94,75.28,1.24,253.6,0.0,0.0
2024-11-05 20:00:00,105.22,158.54,66.27,24.21,1.98,9.62,23.55,77.36,1.2,260.31,0.0,0.0
2024-11-05 21:00:00,106.45,176.84,53.56,16.72,2.0,1.1,22.71,86.8,1.3,316.36,0.0,0.0
2024-11-05 22:00:00,114.89,199.11,44.52,19.84,1.44,8.72,22.2,84.13,1.34,309.8,0.0,0.0
2024-11-05 23:00:00,122.73,205.14,23.84,20.77,0.79,24.66,21.82,84.81,1.34,304.92,0.0,0.0
2024-11-06 00:00:00,122.74,196.9,17.99,19.17,0.55,31.04,21.08,87.46,1.27,299.1,0.0,0.0
2024-11-06 01:00:00,120.46,187.86,12.84,16.97,0.54,29.91,20.51,90.28,0.72,251.9,0.0,0.0
2024-11-06 02:00:00,109.88,163.09,12.5,15.39,0.54,24.4,20.38,90.94,1.27,245.65,0.0,0.0
2024-11-06 03:00:00,106.01,141.96,11.84,14.61,0.51,23.44,19.82,92.16,1.13,169.99,0.0,0.0
2024-11-06 04:00:00,96.59,118.77,11.03,13.37,0.49,19.95,19.33,93.04,1.24,320.91,0.0,0.0
2024-11-06 05:00:00,88.01,128.75,10.8,13.67,0.48,23.22,18.99,91.64,1.34,308.32,0.0,0.0
2024-11-06 06:00:00,79.64,117.63,10.9,13.29,0.52,22.96,18.82,92.24,1.31,306.28,0.0,0.0
2024-11-06 07:00:00,79.07,122.9,11.17,13.51,0.54,24.2,19.62,89.04,1.32,324.62,0.0,0.08
2024-11-06 08:00:00,80.94,115.78,10.82,16.82,0.63,45.62,22.15,76.61,1.24,342.43,0.0,148.45
2024-11-06 09:00:00,79.01,124.0,12.3,23.79,0.65,73.44,24.93,67.21,0.96,256.31,0.0,278.92
2024-11-06 10:00:00,79.09,126.92,14.95,27.87,0.7,98.87,26.99,61.71,0.88,336.7,0.0,283.62
2024-11-06 11:00:00,85.94,136.32,13.12,26.56,0.68,122.84,28.86,57.06,1.06,341.93,0.0,278.6
2024-11-06 12:00:00,85.72,138.67,17.1,26.83,0.7,136.44,30.21,52.75,0.73,329.39,0.0,288.35
2024-11-06 13:00:00,86.17,142.21,19.03,97.31,0.51,121.99,30.53,49.74,1.0,177.3,0.0,269.1
2024-11-06 14:00:00,85.45,147.59,30.36,186.71,0.43,102.52,30.1,49.45,1.0,254.0,0.0,247.48
2024-11-06 15:00:00,83.79,137.46,26.59,130.37,0.51,102.84,29.0,51.04,0.87,274.32,0.0,34.35
2024-11-06 16:00:00,82.28,137.33,12.73,40.16,0.49,99.8,27.54,54.83,0.82,330.89,0.0,0.0
2024-11-06 17:00:00,83.94,126.97,38.44,32.25,0.97,70.15,25.67,62.16,0.8,173.04,0.0,0.0
2024-11-06 18:00:00,78.87,132.47,33.22,23.9,1.01,57.2,24.36,65.86,1.26,63.19,0.0,0.0
2024-11-06 19:00:00,84.35,134.94,41.86,20.38,1.3,29.77,23.12,71.73,1.18,258.87,0.0,0.0
2024-11-06 20:00:00,91.42,142.99,46.53,17.62,1.44,6.54,22.55,84.79,1.28,315.93,0.0,0.0
2024-11-06 21:00:00,96.68,151.17,34.68,15.36,1.54,0.22,21.89,89.95,1.27,282.06,0.0,0.0
2024-11-06 22:00:00,92.0,153.74,36.17,14.82,1.76,0.2,21.29,91.64,1.28,293.22,0.0,0.0
2024-11-06 23:00:00,100.28,173.04,37.64,14.74,1.97,0.44,21.16,90.8,1.38,313.19,0.0,0.0
2024-11-07 00:00:00,117.18,197.59,22.06,14.86,0.7,21.91,20.77,87.32,1.47,322.24,0.0,0.0
2024-11-07 01:00:00,114.46,186.74,11.48,15.5,0.46,40.63,20.56,83.8,1.42,327.62,0.0,0.0
2024-11-07 02:00:00,103.77,153.18,9.3,15.78,0.46,45.26,20.34,84.74,1.21,323.57,0.0,0.0
2024-11-07 03:00:00,98.13,144.08,8.74,16.41,0.46,43.62,19.74,86.58,1.12,291.53,0.0,0.0
2024-11-07 04:00:00,94.05,127.19,8.74,14.65,0.46,34.79,19.2,89.01,1.4,315.53,0.0,0.0
2024-11-07 05:00:00,86.73,126.63,8.32,14.36,0.46,36.65,18.78,89.97,1.33,300.23,0.0,0.0
2024-11-07 06:00:00,87.84,118.98,8.47,14.56,0.52,35.94,18.58,90.84,1.17,314.44,0.0,0.0
2024-11-07 07:00:00,92.73,119.94,10.5,15.44,0.57,34.03,19.76,87.32,1.3,328.04,0.0,2.0
2024-11-07 08:00:00,94.5,126.11,12.07,18.52,0.67,49.1,22.38,78.39,1.15,248.82,0.0,133.42
2024-11-07 09:00:00,90.64,131.03,19.24,20.89,0.81,68.06,25.03,70.0,1.05,165.87,0.0,211.35
2024-11-07 10:00:00,95.05,145.5,25.65,28.29,0.94,105.32,27.39,62.12,0.3,120.99,0.0,232.15
2024-11-07 11:00:00,102.6,152.72,19.97,34.96,0.83,134.94,29.09,56.89,0.45,250.45,0.0,266.23
2024-11-07 12:00:00,112.68,160.43,17.58,37.92,0.8,151.67,29.9,53.66,0.53,228.26,0.0,241.42
2024-11-07 13:00:00,124.98,179.28,14.16,36.98,0.74,170.42,30.47,51.3,0.86,313.88,0.0,205.8
2024-11-07 14:00:00,120.24,173.28,18.28,68.72,0.69,167.58,30.2,51.43,0.66,180.11,0.0,182.3
2024-11-07 15:00:00,124.83,170.32,18.91,59.02,0.7,147.28,29.01,56.26,0.37,52.52,0.0,48.98
2024-11-07 16:00:00,127.83,175.59,19.8,71.31,0.65,113.52,27.65,60.54,0.67,248.89,0.0,0.0
2024-11-07 17:00:00,115.34,176.06,40.84,75.63,1.01,85.17,26.05,64.39,0.57,146.11,0.0,0.0
2024-11-07 18:00:00,85.27,125.95,48.44,56.48,1.33,57.9,24.47,68.77,1.17,140.15,0.0,0.0
2024-11-07 19:00:00,91.11,134.01,47.5,37.52,1.45,41.18,23.2,72.78,1.07,125.32,0.0,0.0
2024-11-07 20:00:00,92.65,140.84,46.12,31.3,1.62,34.16,22.68,74.97,1.17,200.71,0.0,0.0
2024-11-07 21:00:00,99.11,142.72,47.55,26.49,1.67,16.14,21.94,82.21,1.31,329.44,0.0,0.0
2024-11-07 22:00:00,101.6,150.21,55.78,23.18,1.86,1.15,21.51,85.58,1.26,319.5,0.0,0.0
2024-11-07 23:00:00,107.04,159.55,48.24,20.83,1.79,0.94,21.3,89.24,1.32,309.02,0.0,0.0
2024-11-08 00:00:00,110.2,172.85,36.79,22.23,1.22,20.06,21.14,85.32,1.32,303.6,0.0,0.0
2024-11-08 01:00:00,115.4,177.71,15.99,21.72,0.68,38.61,20.58,86.69,1.35,314.89,0.0,0.0
2024-11-08 02:00:00,115.22,159.24,12.52,19.25,0.57,36.41,19.94,89.13,1.3,304.77,0.0,0.0
2024-11-08 03:00:00,88.52,147.57,10.69,17.76,0.54,36.73,19.72,89.74,1.42,320.0,0.0,0.0
2024-11-08 04:00:00,79.56,132.53,12.18,18.74,0.51,39.11,19.42,90.41,1.38,321.84,0.0,0.0
2024-11-08 05:00:00,69.64,126.12,11.88,17.74,0.53,34.12,19.18,91.49,1.38,325.63,0.0,0.0
2024-11-08 06:00:00,73.0,123.96,13.22,17.77,0.58,30.8,19.05,91.44,0.96,309.17,0.0,0.0
2024-11-08 07:00:00,76.39,125.76,13.19,19.24,0.6,35.03,20.22,88.44,1.27,328.25,0.0,2.52
2024-11-08 08:00:00,74.12,124.22,13.54,25.72,0.67,53.48,22.6,79.68,0.96,349.88,0.0,134.72
2024-11-08 09:00:00,72.51,126.47,22.96,35.24,0.82,76.08,25.22,71.36,0.7,190.8,0.0,227.2
2024-11-08 10:00:00,72.38,131.03,23.16,51.74,0.87,111.39,27.37,61.9,0.34,108.84,0.0,253.88
2024-11-08 11:00:00,78.32,135.05,20.68,51.82,0.79,127.38,28.84,56.47,0.3,197.28,0.0,225.15
2024-11-08 12:00:00,79.1,137.52,18.81,40.02,0.68,122.43,29.85,51.74,0.51,76.33,0.0,250.68
2024-11-08 13:00:00,76.43,129.19,18.7,31.24,0.6,118.82,29.94,48.86,0.42,265.81,0.0,254.72
2024-11-08 14:00:00,66.54,114.31,8.69,30.29,0.41,120.77,29.59,49.14,1.07,342.94,0.0,244.23
2024-11-08 15:00:00,60.98,107.84,9.56,38.66,0.4,111.71,28.66,51.08,0.68,239.57,0.0,39.8
2024-11-08 16:00:00,57.83,101.02,26.8,67.37,0.64,86.86,27.21,54.07,0.58,198.88,0.0,0.0
2024-11-08 17:00:00,52.58,98.82,35.76,33.15,0.92,57.54,24.79,59.85,1.18,159.58,0.0,0.0
2024-11-08 18:00:00,57.35,92.44,44.97,23.07,1.23,34.11,23.15,69.34,1.22,331.01,0.0,0.0
2024-11-08 19:00:00,61.22,107.78,56.98,19.14,1.59,4.5,22.49,81.09,1.19,324.51,0.0,0.0
2024-11-08 20:00:00,58.43,112.38,37.4,16.94,1.28,1.71,21.92,87.97,1.25,312.42,0.0,0.0
2024-11-08 21:00:00,57.98,121.55,32.3,16.02,1.43,0.25,21.45,88.88,1.17,246.82,0.0,0.0
2024-11-08 22:00:00,58.56,128.74,25.93,15.26,1.46,0.2,21.07,91.76,1.33,313.97,0.0,0.0
2024-11-08 23:00:00,63.39,136.67,42.63,17.08,1.66,7.2,20.65,86.44,1.27,309.44,0.0,0.0
2024-11-09 00:00:00,60.48,141.13,24.77,17.97,0.71,31.3,20.59,81.79,1.34,311.31,0.0,0.0
2024-11-09 01:00:00,64.64,145.78,18.32,17.88,0.58,33.41,20.36,85.19,1.34,304.76,0.0,0.0
2024-11-09 02:00:00,64.2,139.79,14.9,17.29,0.52,34.92,20.24,84.95,1.41,325.65,0.0,0.0
2024-11-09 03:00:00,64.76,127.34,11.73,16.75,0.52,33.49,19.32,89.12,1.04,170.43,0.0,0.0
2024-11-09 04:00:00,60.55,120.85,9.29,17.33,0.5,38.93,19.21,88.57,1.36,322.79,0.0,0.0
2024-11-09 05:00:00,64.55,113.99,9.5,17.18,0.5,32.6,18.82,90.44,1.32,315.11,0.0,0.0
2024-11-09 06:00:00,61.42,107.29,10.96,16.42,0.5,30.71,18.7,91.78,1.28,318.74,0.0,0.0
2024-11-09 07:00:00,58.94,104.64,11.6,18.14,0.55,34.15,20.0,87.4,1.3,339.8,0.0,2.38
2024-11-09 08:00:00,61.74,111.84,13.8,21.96,0.62,47.43,22.16,79.64,1.04,265.94,0.0,132.35
2024-11-09 09:00:00,62.85,111.71,17.43,31.39,0.74,73.24,24.6,70.81,1.25,344.94,0.0,213.02
2024-11-09 10:00:00,63.83,114.32,19.91,43.26,0.8,100.76,27.16,61.58,0.47,218.56,0.0,267.6
2024-11-09 11:00:00,65.77,119.86,20.06,52.81,0.74,117.05,28.8,55.14,0.49,172.88,0.0,258.12
2024-11-09 12:00:00,62.96,121.33,17.26,54.21,0.58,119.19,30.03,49.54,0.77,250.62,0.0,264.58
2024-11-09 13:00:00,64.55,117.24,15.88,57.76,0.49,122.53,30.14,47.86,0.24,109.34,0.0,268.77
2024-11-09 14:00:00,62.36,111.86,15.12,81.52,0.41,114.41,29.82,48.11,0.74,180.08,0.0,255.52
2024-11-09 15:00:00,59.54,106.1,14.04,62.19,0.45,111.51,28.7,48.64,0.33,162.68,0.0,51.35
2024-11-09 16:00:00,56.43,98.73,13.32,44.46,0.52,106.96,27.21,54.44,0.75,225.42,0.0,0.05
2024-11-09 17:00:00,54.86,94.39,22.71,34.34,0.72,81.98,24.78,62.26,1.11,120.32,0.0,0.0
2024-11-09 18:00:00,58.11,93.26,43.64,26.77,1.1,40.55,23.16,74.47,1.27,325.8,0.0,0.0
2024-11-09 19:00:00,62.56,107.82,56.33,20.56,1.71,7.16,23.18,78.62,1.24,326.37,0.0,0.0
2024-11-09 20:00:00,60.5,115.35,61.31,22.49,2.11,5.81,23.43,76.78,0.84,282.29,0.0,0.0
2024-11-09 21:00:00,60.8,129.82,72.47,26.86,2.64,1.73,23.56,75.38,0.93,111.3,0.0,0.0
2024-11-09 22:00:00,67.81,135.47,71.37,26.36,2.71,1.9,23.17,77.24,0.64,244.19,0.0,0.0
2024-11-09 23:00:00,71.67,143.15,59.78,27.84,2.32,9.66,22.99,76.45,0.99,251.46,0.0,0.0
2024-11-10 00:00:00,76.23,144.94,29.24,27.22,0.77,32.94,22.85,76.44,0.5,246.08,0.0,0.0
2024-11-10 01:00:00,77.93,137.79,28.23,25.58,0.88,27.05,22.52,78.34,0.64,227.47,0.0,0.0
2024-11-10 02:00:00,74.5,132.25,15.76,22.44,0.55,38.39,21.92,81.8,0.87,333.05,0.0,0.0
2024-11-10 03:00:00,70.14,122.0,12.44,20.13,0.44,37.05,21.03,84.86,1.0,320.84,0.0,0.0
2024-11-10 04:00:00,64.58,109.54,10.43,19.06,0.42,37.3,20.72,86.1,0.92,330.64,0.0,0.0
2024-11-10 05:00:00,61.8,102.79,8.12,18.35,0.41,40.12,20.43,85.84,0.95,244.42,0.0,0.0
2024-11-10 06:00:00,58.51,98.98,9.75,11.23,0.54,27.67,20.22,86.39,1.34,326.34,0.0,0.0
2024-11-10 07:00:00,58.55,99.52,12.53,14.55,0.58,23.86,21.09,84.82,1.0,306.82,0.0,1.38
2024-11-10 08:00:00,58.06,96.74,12.8,17.1,0.66,33.4,23.02,78.67,1.25,338.85,0.0,107.88
2024-11-10 09:00:00,59.93,103.72,15.6,42.33,0.66,53.43,25.41,69.31,0.96,261.73,0.0,228.48
2024-11-10 10:00:00,61.94,109.89,14.15,24.58,0.72,81.75,27.26,62.67,0.94,177.58,0.0,269.18
2024-11-10 11:00:00,62.69,112.71,22.1,21.78,0.83,101.04,29.15,55.65,0.75,142.81,0.0,257.38
2024-11-10 12:00:00,63.51,114.92,12.24,23.81,0.63,117.68,29.66,50.98,0.71,168.77,0.0,248.0
2024-11-10 13:00:00,67.06,112.02,23.16,110.26,0.45,87.3,29.51,49.37,1.06,343.62,0.0,246.15
2024-11-10 14:00:00,60.38,106.45,13.82,54.68,0.42,90.08,28.89,50.39,1.06,341.36,0.0,159.4
2024-11-10 15:00:00,58.57,100.0,15.55,21.39,0.54,85.98,28.38,52.69,0.57,238.7,0.0,47.88
2024-11-10 16:00:00,53.66,99.15,7.77,21.05,0.46,75.92,27.01,57.87,1.0,321.28,0.0,0.0
2024-11-10 17:00:00,58.12,96.12,22.82,16.25,0.75,51.08,24.68,65.16,1.21,309.24,0.0,0.0
2024-11-10 18:00:00,53.5,95.59,27.66,16.0,0.94,31.27,23.01,73.39,1.26,333.51,0.0,0.0
2024-11-10 19:00:00,56.25,105.26,32.21,12.3,1.06,3.2,22.2,85.89,1.23,295.67,0.0,0.0
2024-11-10 20:00:00,58.58,107.75,31.93,11.54,1.34,23.08420897698037,21.72,89.27,1.14,244.27,0.0,0.0
2024-11-10 21:00:00,87.18,133.06,34.56,11.36,1.78,21.50827588350537,21.34,88.6,1.31,308.21,0.0,0.0
2024-11-10 22:00:00,92.22,145.65,39.03,12.16,1.85,21.545360225639453,21.09,87.96,1.38,316.22,0.0,0.0
2024-11-10 23:00:00,98.56,155.43,26.84,11.27,0.92,10.39,20.54,85.72,1.46,322.52,0.0,0.0
2024-11-11 00:00:00,95.84,152.51,13.52,12.45,0.52,29.63,20.09,84.03,1.29,319.68,0.0,0.0
2024-11-11 01:00:00,98.72,142.99,12.05,13.49,0.48,34.54,19.84,83.5,1.31,331.97,0.0,0.0
2024-11-11 02:00:00,100.65,136.32,8.6,12.78,0.46,37.25,19.46,83.38,1.14,331.05,0.0,0.0
2024-11-11 03:00:00,94.6,135.43,8.57,11.76,0.46,31.96,18.96,83.81,1.18,323.55,0.0,0.0
2024-11-11 04:00:00,91.38,129.4,8.81,12.17,0.46,32.19,18.47,83.12,1.37,317.44,0.0,0.0
2024-11-11 05:00:00,87.97,106.98,10.12,12.1,0.44,27.61,17.87,84.76,1.29,312.48,0.0,0.0
2024-11-11 06:00:00,85.22,104.5,9.97,12.16,0.46,29.2,17.39,86.1,1.28,300.98,0.0,0.0
2024-11-11 07:00:00,79.48,103.96,11.64,12.4,0.48,25.51,18.58,84.48,1.26,325.22,0.0,1.25
2024-11-11 08:00:00,78.88,106.38,13.35,18.12,0.56,44.6,21.54,73.31,1.24,339.66,0.0,161.82
2024-11-11 09:00:00,82.1,102.54,14.99,25.76,0.56,69.5,24.54,63.09,1.02,350.71,0.0,217.82
2024-11-11 10:00:00,75.1,105.56,19.43,28.88,0.62,90.9,26.82,55.74,0.86,296.1,0.0,283.25
2024-11-11 11:00:00,72.94,116.36,19.36,50.43,0.3629664553553234,97.96,28.81,49.62,0.4,151.29,0.0,265.55
2024-11-11 12:00:00,86.6,123.06,11.75,37.78,0.44,72.21865737161161,29.8,44.31,0.51,309.77,0.0,266.32
2024-11-11 13:00:00,7.21,25.89,11.14,19.96,0.34,39.15980744954336,29.92,42.49,0.82,354.54,0.0,262.52
2024-11-11 14:00:00,33.2,115.47,12.68,23.593556559011127,0.34,82.09,29.7,43.72,0.57,142.09,0.0,257.25
2024-11-11 15:00:00,46.52,97.92,15.835232398015762,24.66,0.32,89.61,28.36,47.24,0.7,280.73,0.0,44.2
2024-11-11 16:00:00,54.65,102.96,19.12160167266054,26.02,0.41,82.18,26.98,51.31,0.53,250.48,0.0,0.0
2024-11-11 17:00:00,53.23,101.94,2.67,18.06,0.96,48.28,24.6,57.29,0.87,149.88,0.0,0.0
2024-11-11 18:00:00,60.82,99.19,4.15,12.48,2.04,11.03,22.66,66.78,1.25,288.71,0.0,0.0
2024-11-11 19:00:00,64.44,113.14,51.51161669351595,12.67,1.83,5.88,21.77,70.63,1.28,318.99,0.0,0.0
2024-11-11 20:00:00,76.5,122.4,44.65,7.18,1.46,1.04,20.9,83.11,1.22,321.31,0.0,0.0
2024-11-11 21:00:00,81.45,130.9,43.48,8.86,1.69,0.44,20.21,85.92,1.1,314.24,0.0,0.0
2024-11-11 22:00:00,71.57,127.57,42.16,9.88,1.42,7.55,19.9,83.43,1.34,312.4,0.0,0.0
2024-11-11 23:00:00,82.0,144.01,19.42,10.22,0.52,33.12,20.0,76.64,1.32,336.45,0.0,0.0
2024-11-12 00:00:00,80.95,133.72,13.81,9.53,0.41,33.9,19.58,77.9,1.27,239.22,0.0,0.0
2024-11-12 01:00:00,76.37,122.9,13.42,8.93,0.41,32.0,19.0,79.94,1.37,321.32,0.0,0.0
2024-11-12 02:00:00,74.28,121.69,11.3,8.77,0.38,33.67,18.74,79.75,1.46,327.79,0.0,0.0
2024-11-12 03:00:00,73.48,102.58,9.65,8.3,0.39,33.93,18.46,80.08,1.47,325.36,0.0,0.0
2024-11-12 04:00:00,67.62,91.85,9.44,7.8,0.38,31.37,17.84,83.0,1.14,324.19,0.0,0.0
2024-11-12 05:00:00,70.66,94.88,11.22,9.36,0.41,28.93,17.26,85.37,1.35,303.06,0.0,0.0
2024-11-12 06:00:00,69.16,89.56,13.11,9.47,0.45,27.72,17.09,85.32,1.33,313.74,0.0,0.0
2024-11-12 07:00:00,67.04,96.19,13.96,9.05,0.54,26.62,18.21,83.4,1.31,312.6,0.0,0.28
2024-11-12 08:00:00,72.58,108.49,18.47,12.5,0.63,39.86,21.54,72.94,1.18,340.25,0.0,163.15
2024-11-12 09:00:00,75.63,113.76,17.89,18.61,0.65,65.36,24.66,62.9,0.9,343.57,0.0,268.03
2024-11-12 10:00:00,80.63,126.57,19.45,28.69,0.7,90.18,26.74,58.37,0.98,340.29,0.0,282.68
2024-11-12 11:00:00,81.48,138.24,17.57,39.65,0.63,103.7,28.54,52.87,0.61,117.35,0.0,290.68
2024-11-12 12:00:00,77.52,132.65,14.78,44.64,0.5,99.92,29.46,48.49,0.6,307.2,0.0,293.08
2024-11-12 13:00:00,83.11,119.1,12.12,61.02,0.4,99.02,29.43,47.9,1.0,248.06,0.0,292.42
2024-11-12 14:00:00,86.88,114.84,19.42,59.78,0.45,92.42,29.39,48.43,0.72,350.33,0.0,288.73
2024-11-12 15:00:00,81.21,112.19,18.95,106.52,0.38,92.18,28.28,50.53,0.6,256.25,0.0,41.4
2024-11-12 16:00:00,76.18,114.32,47.08,132.56,0.48,62.98,26.87,53.85,0.6,199.41,0.0,0.0
2024-11-12 17:00:00,62.47,119.45,65.92,55.92,1.24,30.0,24.25,60.62,1.03,30.1,0.0,0.0
2024-11-12 18:00:00,67.45,123.46,46.28,22.23,1.1,27.81,22.24,68.32,1.25,96.51,0.0,0.0
2024-11-12 19:00:00,73.94,124.97,34.4,12.96,0.86,2.84,20.96,88.54,1.28,311.8,0.0,0.0
2024-11-12 20:00:00,78.1,159.31,28.67,10.53,1.1,0.21,20.07,86.78,1.27,312.02,0.0,0.0
2024-11-12 21:00:00,79.54,200.24,33.47,9.18,1.07,0.51,19.75,88.71,1.18,331.16,0.0,0.0
2024-11-12 22:00:00,79.53,170.99,34.34,8.4,1.48,0.29,19.44,89.14,1.44,317.9,0.0,0.0
2024-11-12 23:00:00,77.42,160.34,25.66,9.31,0.74,20.47,19.4,80.04,1.4,330.49,0.0,0.0
2024-11-13 00:00:00,76.5,145.56,13.3,8.77,0.44,31.67,19.24,78.25,1.45,332.81,0.0,0.0
2024-11-13 01:00:00,63.32,113.44,10.88,8.57,0.42,32.56,18.66,79.48,1.36,321.76,0.0,0.0
2024-11-13 02:00:00,57.78,112.12,9.53,8.24,0.42,32.28,18.24,80.09,1.41,325.65,0.0,0.0
2024-11-13 03:00:00,60.78,100.04,8.45,8.35,0.42,32.68,17.89,79.8,1.48,326.66,0.0,0.0
2024-11-13 04:00:00,54.58,83.4,9.58,8.12,0.43,30.39,17.19,81.54,1.38,318.13,0.0,0.0
2024-11-13 05:00:00,52.34,84.06,10.5,8.74,0.45,30.04,16.61,83.33,1.39,319.82,0.0,0.0
2024-11-13 06:00:00,55.68,85.17,10.34,10.58,0.44,29.44,16.43,84.35,1.35,314.2,0.0,0.0
2024-11-13 07:00:00,57.39,88.56,13.07,10.36,0.52,29.01,17.78,79.97,1.32,325.0,0.0,0.0
2024-11-13 08:00:00,68.24,89.04,14.16,14.64,0.6,44.16,20.95,70.31,1.1,335.23,0.0,179.3
2024-11-13 09:00:00,61.44,100.35,19.34,19.56,0.69,66.75,24.62,60.22,0.51,228.52,0.0,254.75
2024-11-13 10:00:00,68.89,125.91,18.27,24.19,0.66,86.04,26.93,54.96,0.45,104.55,0.0,280.2
2024-11-13 11:00:00,70.71,124.16,17.02,34.35,0.56,87.95,28.32,51.44,0.59,204.95,0.0,287.25
2024-11-13 12:00:00,73.83,129.19,11.55,54.67,0.36,88.22,29.17,47.92,0.58,260.48,0.0,289.98
2024-11-13 13:00:00,63.77,116.22,5.75,19.84,0.35,87.84,29.32,46.79,0.86,346.02,0.0,289.68
2024-11-13 14:00:00,60.09,102.92,7.64,17.58,0.37,88.78,29.76,46.92,0.54,176.16,0.0,289.0
2024-11-13 15:00:00,51.81,103.72,5.74,16.36,0.34,84.42,28.28,47.03,0.8,333.85,0.0,40.58
2024-11-13 16:00:00,49.88,89.88,10.16,14.3,0.45,72.24,26.58,51.43,0.66,321.06,0.0,0.0
2024-11-13 17:00:00,51.15,95.84,36.69,12.24,0.96,40.8,23.78,58.64,0.85,299.88,0.0,0.0
2024-11-13 18:00:00,50.85,97.67,42.94,10.25,1.1,22.34,21.72,70.91,1.22,322.81,0.0,0.0
2024-11-13 19:00:00,57.13,103.1,60.58,10.36,2.02,5.89,21.08,72.63,0.85,246.36,0.0,0.0
2024-11-13 20:00:00,66.75,107.51,66.17,11.34,2.31,1.7,20.38,75.48,1.29,321.49,0.0,0.0
2024-11-13 21:00:00,74.37,133.48,34.52,8.25,1.35,0.56,19.39,88.6,1.31,310.79,0.0,0.0
2024-11-13 22:00:00,68.85,132.74,34.74,8.31,2.07,0.86,18.92,90.9,1.35,315.98,0.0,0.0
2024-11-13 23:00:00,77.17,142.12,42.48,9.26,1.84,1.92,18.45,87.07,1.38,306.53,0.0,0.0
2024-11-14 00:00:00,81.6,160.44,26.28,8.85,1.24,15.97,18.03,80.92,1.34,305.62,0.0,0.0
2024-11-14 01:00:00,83.75,154.94,16.66,8.52,0.8,23.62,17.52,81.14,1.26,317.17,0.0,0.0
2024-11-14 02:00:00,85.31,150.94,9.75,10.27,0.64,31.62,17.36,77.89,1.37,323.27,0.0,0.0
2024-11-14 03:00:00,84.52,132.04,12.51,12.59,0.62,27.1,16.87,78.92,1.43,321.71,0.0,0.0
2024-11-14 04:00:00,72.67,119.78,14.1,11.38,0.54,25.23,16.06,81.54,1.42,314.14,0.0,0.0
2024-11-14 05:00:00,66.54,108.41,14.1,9.97,0.69,21.04,15.45,84.46,1.41,312.52,0.0,0.0
2024-11-14 06:00:00,77.39,118.32,13.41,8.85,0.5,19.36,15.1,85.36,1.33,307.48,0.0,0.0
2024-11-14 07:00:00,71.31,112.66,13.41,9.64,0.48,21.2,16.85,79.55,1.39,329.26,0.0,0.0
2024-11-14 08:00:00,68.14,102.91,15.27,14.79,0.55,36.71,20.23,68.97,1.19,254.69,0.0,186.42
2024-11-14 09:00:00,61.46,117.19,16.1,19.62,0.58,63.1,23.61,59.28,1.1,339.01,0.0,246.6
2024-11-14 10:00:00,67.28,119.95,18.05,25.63,0.64,82.07,26.06,54.61,0.72,273.38,0.0,283.23
2024-11-14 11:00:00,67.36,120.2,17.55,56.47,0.5,86.8,28.05,49.12,0.49,214.82,0.0,289.88
2024-11-14 12:00:00,66.9,121.74,9.52,24.53,0.35,85.08,28.91,45.34,0.4,99.75,0.0,292.88
2024-11-14 13:00:00,61.93,110.89,8.15,23.03,0.37,88.13,29.6,44.29,0.62,214.4,0.0,291.58
2024-11-14 14:00:00,61.1,103.76,6.25,25.74,0.29,86.61,29.46,42.2,0.68,262.62,0.0,270.9
2024-11-14 15:00:00,50.72,94.53,9.75,29.76,0.28,82.12,27.98,43.55,0.97,344.8,0.0,39.62
2024-11-14 16:00:00,44.24,88.74,11.48,26.6,0.39,76.58,26.52,48.58,0.49,310.5,0.0,0.0
2024-11-14 17:00:00,49.36,81.71,55.39,17.96,1.36,29.49,23.76,56.76,1.0,97.3,0.0,0.0
2024-11-14 18:00:00,56.53,107.06,44.47,13.85,1.62,13.54,21.66,65.6,1.18,180.96,0.0,0.0
2024-11-14 19:00:00,59.43,110.72,8.47,9.69,1.06,2.23,20.46,83.98,1.32,308.02,0.0,0.0
2024-11-14 20:00:00,69.06,137.74,25.77,9.38,1.9,1.66,19.68,85.82,1.14,302.46,0.0,0.0
2024-11-14 21:00:00,74.7,157.77,7.92,8.98,1.56,0.77,19.08,88.65,1.31,304.0,0.0,0.0
2024-11-14 22:00:00,71.08,167.95,28.42,12.87,1.79,1.0,18.5,88.82,1.34,308.98,0.0,0.0
2024-11-14 23:00:00,76.84,181.22,31.08,13.07,1.92,1.2,18.1,87.66,1.34,310.22,0.0,0.0
2024-11-15 00:00:00,84.86,187.49,25.46,12.11,1.3,9.67,18.0,79.83,1.41,316.13,0.0,0.0
2024-11-15 01:00:00,97.11,185.68,16.56,10.98,1.1,18.39,17.72,79.04,1.46,324.31,0.0,0.0
2024-11-15 02:00:00,97.48,178.25,12.24,12.66,0.87,24.5,17.79,76.19,1.48,343.18,0.0,0.0
2024-11-15 03:00:00,94.91,152.38,7.62,11.98,0.52,30.92,17.41,76.46,1.44,341.43,0.0,0.0
2024-11-15 04:00:00,84.65,125.62,7.01,12.62,0.44,33.84,17.02,76.69,1.54,334.78,0.0,0.0
2024-11-15 05:00:00,74.28,113.77,8.13,11.25,0.39,29.31,15.97,81.57,1.35,312.61,0.0,0.0
2024-11-15 06:00:00,69.4,101.28,8.42,9.6,0.48,22.19,15.15,86.48,1.26,306.12,0.0,0.0
2024-11-15 07:00:00,53.64,95.23,11.38,10.12,0.47,20.22,16.67,83.28,1.24,318.74,0.0,0.0
2024-11-15 08:00:00,51.43,103.35,12.32,14.34,0.56,32.46,20.14,71.88,1.14,259.62,0.0,180.08
2024-11-15 09:00:00,63.4,106.85,14.09,22.2,0.6,59.03,23.7,59.05,1.1,346.91,0.0,217.35
2024-11-15 10:00:00,56.33,124.92,9.96,32.77,0.59,84.68,26.36,51.22,0.38,264.76,0.0,265.65
2024-11-15 11:00:00,67.26,132.12,13.05,66.52,0.59,87.28,28.02,47.16,0.55,95.04,0.0,247.22
2024-11-15 12:00:00,76.05,128.56,12.81,95.02,0.41,93.35,29.12,43.99,0.49,254.22,0.0,264.68
2024-11-15 13:00:00,72.65,124.63,11.48,73.43,0.39,99.62,29.54,42.9,0.78,206.11,0.0,247.48
2024-11-15 14:00:00,71.37,125.41,12.38,106.3,0.28,87.75,29.19,43.57,1.01,251.85,0.0,238.0
2024-11-15 15:00:00,63.8,114.56,8.68,54.62,0.24,87.97,27.84,44.8,1.16,338.7,0.0,41.48
2024-11-15 16:00:00,61.07,106.3,6.26,24.94,0.33,76.55,26.11,49.94,0.73,203.06,0.0,0.0
2024-11-15 17:00:00,62.02,96.19,20.31,32.97,0.68,46.03,23.23,59.6,1.23,94.07,0.0,0.0
2024-11-15 18:00:00,63.47,101.08,0.34,30.96,1.04,23.5,21.4,65.81,1.19,342.28,0.0,0.0
2024-11-15 19:00:00,66.34,108.74,31.06,24.28,2.02,6.51,20.49,70.04,1.23,328.56,0.0,0.0
2024-11-15 20:00:00,91.88,145.74,53.46,24.34,3.04,3.94,19.88,74.28,1.25,316.62,0.0,0.0
2024-11-15 21:00:00,100.4,189.9,27.0,13.17,2.27,1.44,19.02,87.03,1.28,306.08,0.0,0.0
2024-11-15 22:00:00,104.91,192.94,37.67,13.39,1.91,1.64,18.23,83.44,1.32,314.01,0.0,0.0
2024-11-15 23:00:00,104.62,210.84,32.58,13.27,1.36,4.42,17.73,84.95,1.17,310.7,0.0,0.0
2024-11-16 00:00:00,108.89,199.29,22.28,11.48,1.09,8.42,17.19,88.45,1.27,318.98,0.0,0.0
2024-11-16 01:00:00,106.53,188.8,14.27,11.38,0.68,17.24,17.12,86.66,1.29,312.3,0.0,0.0
2024-11-16 02:00:00,97.97,174.89,7.42,13.61,0.44,37.49,17.57,78.43,1.52,338.14,0.0,0.0
2024-11-16 03:00:00,87.9,146.74,7.36,15.11,0.39,36.47,16.94,79.91,1.34,337.08,0.0,0.0
2024-11-16 04:00:00,77.96,126.57,7.34,16.08,0.36,37.32,16.67,78.39,1.54,330.34,0.0,0.0
2024-11-16 05:00:00,76.79,111.85,7.55,13.39,0.37,32.62,15.94,81.21,1.49,321.01,0.0,0.0
2024-11-16 06:00:00,70.4,99.14,8.8,13.18,0.4,32.09,15.81,80.47,1.5,325.39,0.0,0.0
2024-11-16 07:00:00,62.45,95.69,10.27,12.78,0.44,29.16,16.46,80.76,1.37,319.2,0.0,0.0
2024-11-16 08:00:00,66.22,109.18,13.65,13.74,0.55,41.22,19.44,71.08,1.41,177.72,0.0,166.22
2024-11-16 09:00:00,66.3,106.0,8.02,16.09,0.6,64.8,23.11,60.33,0.89,273.86,0.0,229.12
2024-11-16 10:00:00,65.35,117.98,9.32,19.15,0.72,92.22,25.81,52.36,0.99,345.21,0.0,246.15
2024-11-16 11:00:00,69.79,122.0,3.62,28.62,0.63,108.05,27.81,45.45,0.66,255.57,0.0,253.25
2024-11-16 12:00:00,71.56,125.69,26.85,70.47,0.42,86.88,28.46,42.26,0.66,280.84,0.0,277.8
2024-11-16 13:00:00,68.76,121.84,28.54,188.23,0.36,85.49,28.42,42.52,1.43,345.14,0.0,265.92
2024-11-16 14:00:00,4.33,9.26,42.12,188.02,0.44,71.76,28.9,41.96,1.04,334.5,0.0,259.67
2024-11-16 15:00:00,64.88,139.01,23.73,155.8,0.35,86.15,27.55,44.22,0.94,335.49,0.0,38.8
2024-11-16 16:00:00,61.58,142.84,17.96,122.51,0.41,74.18,25.66,49.21,1.0,293.77,0.0,0.0
2024-11-16 17:00:00,53.81,128.43,3.38,54.24,1.09,33.78,22.83,58.22,1.06,44.54,0.0,0.0
2024-11-16 18:00:00,66.62,129.17,24.25,27.3,1.48,13.02,20.94,68.48,1.19,261.45,0.0,0.0
2024-11-16 19:00:00,72.72,140.26,20.32,16.41,1.63,1.87,20.1,75.17,1.27,327.88,0.0,0.0
2024-11-16 20:00:00,72.18,140.93,40.58,13.79,2.38,1.28,19.43,81.82,1.29,321.51,0.0,0.0
2024-11-16 21:00:00,81.38,163.06,28.93,11.46,1.98,1.18,18.6,88.61,1.24,308.09,0.0,0.0
2024-11-16 22:00:00,78.18,165.33,32.17,11.37,1.76,5.09,18.0,84.57,1.3,316.7,0.0,0.0
2024-11-16 23:00:00,82.14,156.62,22.0,10.84,1.09,22.72,17.8,78.65,1.34,309.27,0.0,0.0
2024-11-17 00:00:00,82.05,153.58,19.08,9.88,1.1,22.84,17.24,83.58,1.28,306.29,0.0,0.0
2024-11-17 01:00:00,89.34,148.72,15.84,11.13,1.05,34.45,17.18,78.15,1.4,313.4,0.0,0.0
2024-11-17 02:00:00,97.44,171.34,12.26,10.48,0.67,35.33,16.81,79.7,1.46,322.94,0.0,0.0
2024-11-17 03:00:00,98.23,161.36,10.6,10.01,0.57,40.96,16.61,79.44,1.45,329.69,0.0,0.0
2024-11-17 04:00:00,91.0,142.27,5.44,9.62,0.52,40.38,16.16,81.26,1.41,325.44,0.0,0.0
2024-11-17 05:00:00,80.14,128.7,8.64,9.52,0.68,34.98,15.62,83.67,1.27,330.44,0.0,0.0
2024-11-17 06:00:00,79.24,122.46,11.2,10.23,0.73,33.11,15.09,85.7,1.07,319.92,0.0,0.0
2024-11-17 07:00:00,78.58,115.54,10.69,12.34,0.59,31.17,16.53,81.78,1.22,323.44,0.0,0.0
2024-11-17 08:00:00,77.4,116.6,9.76,15.22,0.64,41.6,19.38,73.0,1.07,176.18,0.0,155.43
2024-11-17 09:00:00,74.12,119.14,11.57,15.9,0.64,65.94,22.85,60.84,0.82,185.48,0.0,255.48
2024-11-17 10:00:00,72.1,116.73,12.08,18.69,0.7,86.64,25.37,53.68,0.66,116.68,0.0,276.73
2024-11-17 11:00:00,77.22,128.16,10.89,39.54,0.7,105.63,26.9,48.9,0.84,258.7,0.0,272.23
2024-11-17 12:00:00,76.72,131.8,4.68,48.56,0.56,113.4,28.0,45.25,0.48,197.06,0.0,276.82
2024-11-17 13:00:00,74.54,124.63,6.68,28.59,0.46,113.16,28.48,43.44,0.79,287.71,0.0,269.4
2024-11-17 14:00:00,68.25,123.48,6.55,35.89,0.44,116.77,28.16,44.85,0.76,193.13,0.0,244.18
2024-11-17 15:00:00,71.91,121.14,8.83,22.4,0.46,109.03,27.11,45.78,0.29,75.71,0.0,38.17
2024-11-17 16:00:00,68.52,123.06,15.03,13.66,0.67,89.97,25.67,48.04,0.54,135.45,0.0,0.0
2024-11-17 17:00:00,69.24,114.15,21.52,11.76,0.88,65.96,22.8,56.34,1.03,314.87,0.0,0.0
2024-11-17 18:00:00,72.42,122.3,12.4,10.95,0.92,19.82,20.48,75.64,1.3,319.83,0.0,0.0
2024-11-17 19:00:00,71.22,128.15,2.48,10.18,0.97,13.05,19.3,83.36,1.28,304.08,0.0,0.0
2024-11-17 20:00:00,71.92,137.43,22.56,9.89,1.32,10.83,18.97,82.8,0.83,336.91,0.0,0.0
2024-11-17 21:00:00,93.85,158.52,36.74,9.9,1.8,1.88,18.7,84.62,1.31,313.4,0.0,0.0
2024-11-17 22:00:00,85.36,161.76,25.78,9.62,1.52,0.34,17.74,91.28,1.32,304.47,0.0,0.0
2024-11-17 23:00:00,83.46,160.26,31.68,9.87,1.74,6.12,17.35,87.11,1.36,315.82,0.0,0.0
2024-11-18 00:00:00,83.89,170.48,17.04,9.57,0.76,28.72,17.34,80.99,1.39,310.98,0.0,0.0
2024-11-18 01:00:00,83.9,143.08,11.42,9.38,0.63,40.07,17.0,81.61,1.23,321.76,0.0,0.0
2024-11-18 02:00:00,78.39,143.93,7.35,10.66,0.54,50.42,17.16,79.98,1.36,335.41,0.0,0.0
2024-11-18 03:00:00,83.02,136.02,8.8,12.45,0.54,48.16,16.88,80.47,1.41,331.42,0.0,0.0
2024-11-18 04:00:00,80.31,126.6,13.93,14.31,0.66,44.89,16.63,81.18,1.5,334.52,0.0,0.0
2024-11-18 05:00:00,79.97,127.57,11.92,17.04,0.66,43.78,16.33,81.74,1.43,335.01,0.0,0.0
2024-11-18 06:00:00,80.09,130.44,11.69,13.54,0.63,38.8,15.71,84.65,1.33,326.47,0.0,0.0
2024-11-18 07:00:00,81.16,132.22,12.46,12.09,0.62,34.12,16.62,82.61,1.39,324.47,0.0,0.05
2024-11-18 08:00:00,76.2,120.16,14.65,13.1,0.72,44.05,19.32,73.63,1.3,344.98,0.0,137.7
2024-11-18 09:00:00,77.01,131.25,15.97,17.69,0.73,62.94,22.93,61.0,0.85,167.28,0.0,242.3
2024-11-18 10:00:00,82.82,136.16,5.47,19.68,0.75,86.19,24.86,54.9,0.97,266.98,0.0,253.02
2024-11-18 11:00:00,78.35,148.88,18.87,17.87,0.73,99.93,26.84,49.14,0.69,208.93,0.0,207.92
2024-11-18 12:00:00,80.43,140.8,4.77,14.39,0.55,102.89,28.08,44.39,0.64,116.24,0.0,213.38
2024-11-18 13:00:00,73.44,138.39,10.53,13.36,0.38,99.66,28.16,43.05,1.08,270.52,0.0,209.92
2024-11-18 14:00:00,65.53,111.71,12.62,11.57,0.4,99.33,28.09,44.97,0.6,193.06,0.0,193.75
2024-11-18 15:00:00,66.69,106.37,14.17,15.08,0.42,99.29,26.8,46.56,0.66,268.9,0.0,38.85
2024-11-18 16:00:00,63.53,100.58,18.92,17.94,0.54,93.43,25.35,50.33,0.63,306.06,0.0,0.0
2024-11-18 17:00:00,61.48,99.8,24.53,14.08,0.81,61.68,22.88,56.3,0.84,111.02,0.0,0.0
2024-11-18 18:00:00,62.79,101.15,56.47,13.23,1.58,23.3,20.81,61.69,1.06,255.99,0.0,0.0
2024-11-18 19:00:00,70.65,123.8,61.16,11.77,1.82,10.44,19.76,67.49,1.15,324.34,0.0,0.0
2024-11-18 20:00:00,74.16,127.21,58.93,11.49,2.73,3.16,18.86,75.65,1.17,239.29,0.0,0.0
2024-11-18 21:00:00,85.59,174.57,33.48,9.89,1.42,0.19,17.87,88.68,1.31,310.19,0.0,0.0
2024-11-18 22:00:00,74.1,168.72,26.78,9.9,1.86,0.14,17.3,91.3,1.28,307.06,0.0,0.0
2024-11-18 23:00:00,66.35,164.58,39.79,10.38,1.94,1.45,16.6,87.46,1.32,315.93,0.0,0.0
2024-11-19 00:00:00,76.9,163.54,24.61,10.23,0.8,21.19,16.79,79.16,1.33,327.35,0.0,0.0
2024-11-19 01:00:00,68.33,154.23,9.95,10.86,0.51,39.95,16.63,77.45,1.32,336.68,0.0,0.0
2024-11-19 02:00:00,64.76,135.14,9.91,11.72,0.52,44.66,16.47,75.69,1.39,334.42,0.0,0.0
2024-11-19 03:00:00,60.95,134.48,10.94,14.02,0.58,42.48,16.18,76.33,1.43,338.62,0.0,0.0
2024-11-19 04:00:00,71.15,132.18,8.01,14.86,0.46,39.82,15.33,80.3,1.07,324.62,0.0,0.0
2024-11-19 05:00:00,72.85,112.74,7.58,13.02,0.43,35.47,14.89,82.24,1.32,323.31,0.0,0.0
2024-11-19 06:00:00,64.47,114.47,8.99,11.58,0.45,32.44,14.62,82.92,1.44,323.07,0.0,0.0
2024-11-19 07:00:00,58.23,103.75,10.35,12.84,0.5,33.83,15.97,78.68,1.4,333.24,0.0,0.0
2024-11-19 08:00:00,54.16,103.93,12.53,14.47,0.62,43.84,18.81,70.48,1.36,338.35,0.0,130.9
2024-11-19 09:00:00,61.98,124.46,13.38,16.31,0.64,62.29,22.58,59.66,0.78,347.52,0.0,206.42
2024-11-19 10:00:00,61.24,124.09,14.56,25.05,0.64,83.84,25.02,52.48,0.95,339.94,0.0,204.45
2024-11-19 11:00:00,55.02,122.95,20.39,41.78,0.69,95.21,27.13,44.83,0.77,243.88,0.0,232.02
2024-11-19 12:00:00,66.81,125.66,15.61,23.82,0.54,109.02,28.02,41.82,0.68,232.77,0.0,241.55
2024-11-19 13:00:00,63.32,119.41,8.65,21.3,0.44,118.11,28.04,41.8,0.82,257.92,0.0,230.95
2024-11-19 14:00:00,59.81,111.74,6.76,42.14,0.38,116.4,27.98,41.55,0.92,340.85,0.0,259.08
2024-11-19 15:00:00,58.89,102.2,18.86,122.21,0.36,92.36,26.78,44.89,0.86,327.73,0.0,41.25
2024-11-19 16:00:00,58.36,104.94,16.48,33.18,0.52,57.667214207133824,25.14,49.06,0.75,240.73,0.0,0.0
2024-11-19 17:00:00,54.37,108.38,40.95,14.62,1.26,32.76,22.27,57.6,1.15,40.59,0.0,0.0
2024-11-19 18:00:00,78.42,116.97,41.46,14.85,1.35,26.72,20.32,69.54,1.22,169.94,0.0,0.0
2024-11-19 19:00:00,74.92,127.0,31.72,12.59,1.25,8.96,19.42,80.22,1.24,331.53,0.0,0.0
2024-11-19 20:00:00,64.71,132.07,38.79,12.77,2.68,1.66,18.92,82.42,1.18,248.82,0.0,0.0
2024-11-19 21:00:00,71.78,150.13,30.22,12.97,2.91,1.5,18.24,85.7,1.22,318.21,0.0,0.0
2024-11-19 22:00:00,81.72,167.62,33.89,11.38,2.32,1.23,17.31,89.64,1.31,314.13,0.0,0.0
2024-11-19 23:00:00,91.32,175.28,35.2,11.5,2.09,2.96,16.88,88.31,1.41,316.01,0.0,0.0
2024-11-20 00:00:00,88.69,169.89,18.86,11.7,0.66,25.34,17.18,78.22,1.48,320.98,0.0,0.0
2024-11-20 01:00:00,88.91,151.15,11.69,11.96,0.5,35.22,16.86,79.42,1.46,330.9,0.0,0.0
2024-11-20 02:00:00,74.49,128.0,8.82,11.38,0.48,35.6,16.22,81.99,1.46,322.21,0.0,0.0
2024-11-20 03:00:00,71.63,112.91,8.51,11.39,0.5,36.0,15.8,83.02,1.49,320.84,0.0,0.0
2024-11-20 04:00:00,71.54,110.71,10.91,11.67,0.48,31.96,15.44,84.39,1.06,300.83,0.0,0.0
2024-11-20 05:00:00,65.78,107.04,11.16,11.22,0.44,28.59,14.6,87.99,0.82,330.89,0.0,0.0
2024-11-20 06:00:00,62.67,101.46,11.58,10.69,0.48,21.34,14.27,90.16,1.17,325.31,0.0,0.0
2024-11-20 07:00:00,69.19,105.78,12.32,10.93,0.55,21.82,15.72,85.42,1.36,325.27,0.0,0.25
2024-11-20 08:00:00,73.54,104.44,12.36,13.9,0.67,42.92,18.78,73.46,1.14,341.62,0.0,113.65
2024-11-20 09:00:00,76.14,111.72,14.0,16.34,0.76,70.77,22.29,61.36,0.42,209.34,0.0,217.25
2024-11-20 10:00:00,82.24,124.54,15.92,23.71,0.8,85.1,24.1,55.21,0.63,109.32,0.0,209.45
2024-11-20 11:00:00,88.22,131.52,16.48,36.15,0.72,101.52,25.94,49.47,0.73,152.96,0.0,208.92
2024-11-20 12:00:00,85.28,132.53,12.55,29.27,0.62,105.44,27.0,46.87,0.68,142.3,0.0,227.05
2024-11-20 13:00:00,81.32,129.6,13.73,22.26,0.61,104.03,27.32,44.2,0.83,206.73,0.0,217.08
2024-11-20 14:00:00,79.92,126.47,8.12,26.19,0.54,122.0,26.96,46.34,0.72,175.92,0.0,236.0
2024-11-20 15:00:00,86.78,126.91,11.02,25.58,0.61,122.54,26.08,48.68,0.67,157.8,0.0,54.45
2024-11-20 16:00:00,85.36,126.85,8.37,21.52,0.59,104.72,24.3,54.76,0.92,323.73,0.0,0.0
2024-11-20 17:00:00,89.95,122.6,13.05,24.76,0.7,83.95,21.87,61.06,1.15,230.48,0.0,0.0
2024-11-20 18:00:00,81.84,121.49,25.98,22.51,1.04,58.38,20.12,66.97,1.26,342.24,0.0,0.0
2024-11-20 19:00:00,88.47,124.78,46.91,18.65,2.42,21.32,19.14,73.22,1.25,313.97,0.0,0.0
2024-11-20 20:00:00,93.67,151.04,51.11,14.85,2.11,4.49,18.51,79.98,1.2,317.1,0.0,0.0
2024-11-20 21:00:00,96.48,179.09,44.41,13.08,1.96,2.78,18.08,82.73,1.06,319.04,0.0,0.0
2024-11-20 22:00:00,96.62,184.36,32.72,12.18,1.62,1.96,17.35,89.02,1.28,313.51,0.0,0.0
2024-11-20 23:00:00,98.03,190.02,28.36,13.74,1.25,21.64,17.23,82.29,1.2,325.43,0.0,0.0
2024-11-21 00:00:00,108.01,190.71,17.8,12.57,0.86,28.08,16.76,82.9,1.27,313.12,0.0,0.0
2024-11-21 01:00:00,103.34,182.04,12.38,13.19,0.66,42.86,16.74,80.64,0.98,319.5,0.0,0.0
2024-11-21 02:00:00,96.57,154.66,11.78,12.33,0.67,33.98,16.04,86.19,1.03,334.38,0.0,0.0
2024-11-21 03:00:00,97.93,160.64,7.9,12.32,0.58,38.25,15.92,87.35,1.36,320.49,0.0,0.0
2024-11-21 04:00:00,78.26,138.99,7.99,12.86,0.55,44.22,15.84,83.51,1.42,313.96,0.0,0.0
2024-11-21 05:00:00,98.48,130.51,8.55,13.26,0.56,41.65,15.5,85.12,1.37,322.96,0.0,0.0
2024-11-21 06:00:00,90.45,131.62,8.07,12.78,0.6,36.75,15.26,86.98,1.39,318.8,0.0,0.0
2024-11-21 07:00:00,77.35,126.56,8.13,13.66,0.62,40.55,16.46,83.01,1.25,250.78,0.0,1.35
2024-11-21 08:00:00,87.78,128.23,12.33,17.34,0.82,44.57,18.79,76.38,1.07,99.51,0.0,120.52
2024-11-21 09:00:00,96.87,136.96,15.74,19.18,0.87,62.02,21.11,67.39,1.1,267.25,0.0,264.25
2024-11-21 10:00:00,97.3,158.22,16.34,18.8,0.93,87.61,23.61,58.48,0.78,264.91,0.0,275.82
2024-11-21 11:00:00,98.94,165.87,16.35,35.66,0.9,112.02,25.16,52.86,0.77,191.07,0.0,277.7
2024-11-21 12:00:00,91.9,167.1,22.64,155.4,0.79,121.02,26.63,47.33,0.57,194.1,0.0,285.85
2024-11-21 13:00:00,97.81,164.29,16.19,105.03,0.64,126.66,26.72,47.64,0.87,208.05,0.0,280.85
2024-11-21 14:00:00,75.64,133.22,16.71,121.64,0.61,126.08,26.42,48.2,1.0,190.83,0.0,240.92
2024-11-21 15:00:00,81.45,136.56,24.48,134.14,0.62,110.12,25.79,49.68,0.94,330.17,0.0,44.12
2024-11-21 16:00:00,73.14,136.42,24.84,93.04,0.69,87.77,24.36,54.64,1.02,340.43,0.0,0.0
2024-11-21 17:00:00,72.37,135.92,34.61,60.87,0.94,57.5,21.58,64.37,1.2,129.23,0.0,0.0
2024-11-21 18:00:00,76.94,134.54,52.05,41.11,1.42,22.98,19.78,72.85,1.27,329.32,0.0,0.0
2024-11-21 19:00:00,76.91,148.92,75.73,31.18,3.04,2.72,19.16,74.28,1.27,335.18,0.0,0.0
2024-11-21 20:00:00,81.61,167.62,48.0,19.66,2.58,1.01,18.53,83.2,1.22,246.42,0.0,0.0
2024-11-21 21:00:00,87.84,194.58,41.26,17.38,1.86,0.63,17.76,86.78,1.25,315.25,0.0,0.0
2024-11-21 22:00:00,81.82,209.19,47.33,19.37,2.2,0.81,17.38,87.07,1.09,323.87,0.0,0.0
2024-11-21 23:00:00,85.88,191.64,46.99,17.13,2.05,4.21,17.34,84.28,1.36,317.16,0.0,0.0
2024-11-22 00:00:00,87.5,195.76,25.75,16.31,1.07,26.64,17.22,81.76,1.35,323.85,0.0,0.0
2024-11-22 01:00:00,81.06,167.52,16.47,16.42,0.92,37.66,17.64,78.86,1.08,163.66,0.0,0.0
2024-11-22 02:00:00,81.31,147.97,11.5,14.77,0.78,49.04,17.41,75.6,1.13,170.74,0.0,0.0
2024-11-22 03:00:00,82.74,138.45,9.64,13.44,0.72,44.46,16.53,82.07,1.22,326.31,0.0,0.0
2024-11-22 04:00:00,74.91,131.44,9.78,12.53,0.72,32.36,15.88,86.94,1.31,311.24,0.0,0.0
2024-11-22 05:00:00,71.45,127.36,9.99,12.34,0.65,31.56,15.21,88.17,1.32,307.02,0.0,0.0
2024-11-22 06:00:00,70.69,118.88,11.77,12.8,0.66,27.29,15.47,86.56,1.32,313.21,0.0,0.0
2024-11-22 07:00:00,67.73,119.76,14.11,13.27,0.73,26.02,16.2,85.18,1.32,320.42,0.0,0.85
2024-11-22 08:00:00,69.52,119.9,17.13,15.88,0.89,46.39,18.76,71.2,0.73,180.09,0.0,108.98
2024-11-22 09:00:00,70.09,131.82,21.65,17.26,1.04,74.83,21.38,59.58,0.96,265.44,0.0,265.45
2024-11-22 10:00:00,81.78,143.76,19.42,19.68,1.03,101.88,23.26,52.46,0.8,185.61,0.0,274.6
2024-11-22 11:00:00,91.12,155.86,25.82,26.16,1.12,112.55,25.27,49.69,0.58,173.69,0.0,280.98
2024-11-22 12:00:00,93.78,157.78,16.74,57.44,0.84,138.03,26.17,48.21,0.92,187.2,0.0,284.32
2024-11-22 13:00:00,84.13,157.48,10.98,58.85,0.62,139.82,26.7,47.56,0.87,204.5,0.0,283.55
2024-11-22 14:00:00,87.2,153.72,12.68,66.84,0.58,139.32,26.49,48.09,0.67,195.3,0.0,259.55
2024-11-22 15:00:00,86.81,157.34,4.45,36.8,0.53,121.31,25.61,50.33,0.74,256.95,0.0,46.22
2024-11-22 16:00:00,83.68,145.28,16.34,26.57,0.7,97.44,24.22,54.99,0.89,293.9,0.0,0.0
2024-11-22 17:00:00,79.46,134.44,35.29,35.35,1.14,56.53,21.55,63.74,1.25,327.77,0.0,0.0
2024-11-22 18:00:00,83.1,140.92,58.03,41.06,1.73,25.32,19.75,69.38,1.23,264.79,0.0,0.0
2024-11-22 19:00:00,86.78,158.37,72.98,26.15,2.56,7.58,19.61,67.64,1.25,59.88,0.0,0.0
2024-11-22 20:00:00,89.35,169.16,63.97,19.37,2.45,11.02,18.75,71.06,1.27,249.15,0.0,0.0
2024-11-22 21:00:00,102.42,173.13,43.64,14.97,1.96,3.09,17.68,84.88,1.28,308.25,0.0,0.0
2024-11-22 22:00:00,97.05,181.62,48.61,15.16,2.45,1.71,17.12,84.56,1.3,314.87,0.0,0.0
2024-11-22 23:00:00,96.1,185.42,43.76,14.66,1.93,7.81,16.59,85.94,1.28,310.74,0.0,0.0
2024-11-23 00:00:00,102.2,189.49,29.38,13.02,1.43,10.78,15.98,89.58,1.29,309.18,0.0,0.0
2024-11-23 01:00:00,101.9,189.03,20.05,12.08,1.21,10.04,15.45,93.38,1.3,319.88,0.0,0.0
2024-11-23 02:00:00,90.64,174.32,19.94,12.09,1.27,20.18,14.92,91.24,1.31,313.72,0.0,0.0
2024-11-23 03:00:00,109.33,176.87,16.2,12.38,0.96,28.91,14.74,87.65,1.38,313.83,0.0,0.0
2024-11-23 04:00:00,83.92,168.74,10.37,11.92,0.78,34.85,14.25,87.28,1.39,307.27,0.0,0.0
2024-11-23 05:00:00,80.32,147.95,9.76,12.31,0.74,35.76,13.88,87.06,1.38,311.39,0.0,0.0
2024-11-23 06:00:00,84.06,144.65,11.24,12.68,0.68,35.59,13.56,87.72,1.38,313.24,0.0,0.0
2024-11-23 07:00:00,75.22,132.43,14.52,13.69,0.73,33.41,14.68,83.33,1.3,323.06,0.0,0.1
2024-11-23 08:00:00,81.54,130.54,16.78,16.94,0.89,45.94,17.62,73.09,1.3,252.63,0.0,124.72
2024-11-23 09:00:00,82.64,139.15,16.0,20.09,0.86,75.04,20.77,60.64,0.92,270.21,0.0,241.45
2024-11-23 10:00:00,83.52,147.43,15.08,20.1,0.84,99.3,23.15,52.9,1.05,341.6,0.0,248.6
2024-11-23 11:00:00,91.38,148.85,18.26,31.78,0.82,112.93,25.64,46.76,0.56,120.28,0.0,251.6
2024-11-23 12:00:00,104.72,146.45,33.34,89.08,0.71,105.04,26.25,43.37,0.44,147.06,0.0,268.75
2024-11-23 13:00:00,93.81,141.05,25.24,190.37,0.62,106.12,26.65,43.36,0.93,247.95,0.0,265.42
2024-11-23 14:00:00,95.22,143.86,14.41,194.66,0.56,100.21,26.69,43.99,1.03,259.49,0.0,256.9
2024-11-23 15:00:00,97.58,148.56,9.19,133.37,0.55,100.56,25.74,44.94,0.88,338.1,0.0,37.12
2024-11-23 16:00:00,100.68,139.44,24.19,29.13,0.85,73.93,24.04,49.0,0.99,257.73,0.0,0.0
2024-11-23 17:00:00,83.69,125.95,69.02,29.16,1.67,22.32,20.8,60.25,1.22,279.4,0.0,0.0
2024-11-23 18:00:00,85.38,158.58,57.22,33.44,1.27,2.9,18.88,75.7,1.27,324.14,0.0,0.0
2024-11-23 19:00:00,92.14,203.03,39.48,21.18,1.44,0.95,17.88,83.45,1.25,310.8,0.0,0.0
2024-11-23 20:00:00,92.34,199.8,33.36,17.3,1.18,0.96,16.91,86.53,1.23,302.74,0.0,0.0
2024-11-23 21:00:00,90.45,190.4,38.92,16.21,1.4,0.86,16.52,87.2,1.3,324.75,0.0,0.0
2024-11-23 22:00:00,87.1,172.8,35.95,14.96,1.79,0.76,15.6,89.8,1.31,302.42,0.0,0.0
2024-11-23 23:00:00,90.93,179.24,38.94,15.1,1.92,0.78,15.1,89.74,1.32,293.57,0.0,0.0
2024-11-24 00:00:00,93.92,184.88,29.56,14.54,1.26,11.59,15.13,85.65,1.42,316.03,0.0,0.0
2024-11-24 01:00:00,105.54,184.3,15.57,15.45,0.72,35.32,14.78,83.06,1.33,322.26,0.0,0.0
2024-11-24 02:00:00,96.78,161.17,11.46,15.18,0.66,41.66,14.95,82.92,1.38,319.77,0.0,0.0
2024-11-24 03:00:00,91.81,151.4,10.48,14.97,0.65,39.28,14.31,85.97,1.31,323.45,0.0,0.0
2024-11-24 04:00:00,90.23,132.76,10.68,14.96,0.63,37.11,14.13,86.43,1.47,323.85,0.0,0.0
2024-11-24 05:00:00,90.97,127.13,8.64,15.2,0.58,45.02,14.15,83.42,1.47,333.42,0.0,0.0
2024-11-24 06:00:00,88.15,121.06,8.68,14.77,0.58,43.59,13.55,84.58,1.43,318.52,0.0,0.0
2024-11-24 07:00:00,83.32,116.33,9.88,16.68,0.6,45.12,14.73,80.57,1.5,330.33,0.0,0.0
2024-11-24 08:00:00,82.44,112.12,11.08,18.5,0.7,51.64,17.33,72.11,1.54,347.3,0.0,134.98
2024-11-24 09:00:00,89.06,119.76,12.0,22.02,0.73,71.23,21.0,60.96,0.81,172.33,0.0,268.12
2024-11-24 10:00:00,82.4,121.92,13.68,24.59,0.75,95.82,23.26,53.7,0.85,249.98,0.0,275.73
2024-11-24 11:00:00,86.9,121.09,16.27,38.04,0.82,118.87,25.34,48.6,0.74,324.64,0.0,279.75
2024-11-24 12:00:00,92.43,128.21,17.05,40.94,0.68,123.85,26.91,43.44,0.8,225.58,0.0,280.48
2024-11-24 13:00:00,86.79,118.06,16.42,82.51,0.47,110.46,27.34,39.38,0.96,182.24,0.0,271.18
2024-11-24 14:00:00,76.41,111.3,8.3,49.12,0.39,105.39,27.68,36.75,0.61,188.2,0.0,273.35
2024-11-24 15:00:00,68.61,106.58,6.84,18.27,0.4,100.17,26.36,39.23,0.63,224.12,0.0,29.08
2024-11-24 16:00:00,60.77,87.82,13.29,16.98,0.61,73.34,24.47,44.75,0.7,170.26,0.0,0.0
2024-11-24 17:00:00,64.24,89.07,33.26,15.88,1.02,45.14,21.32,52.23,0.74,297.12,0.0,0.0
2024-11-24 18:00:00,66.18,93.27,33.52,15.32,1.03,30.72,19.05,61.84,1.24,328.18,0.0,0.0
2024-11-24 19:00:00,67.76,102.65,36.83,15.01,1.38,2.3,17.71,80.9,1.32,306.81,0.0,0.0
2024-11-24 20:00:00,72.67,118.37,30.89,13.91,1.5,1.86,16.7,84.78,1.34,304.91,0.0,0.0
2024-11-24 21:00:00,77.66,150.23,33.33,13.71,1.82,2.49,15.98,86.5,1.31,299.68,0.0,0.0
2024-11-24 22:00:00,85.65,160.22,27.6,13.65,2.02,2.08,15.46,90.07,1.34,308.74,0.0,0.0
2024-11-24 23:00:00,87.42,169.55,35.83,14.26,1.87,2.72,15.17,82.46,1.41,309.77,0.0,0.0
2024-11-25 00:00:00,101.74,176.64,25.97,15.37,1.09,18.07,15.45,77.69,1.51,322.4,0.0,0.0
2024-11-25 01:00:00,110.57,171.35,14.43,14.5,0.67,28.55,15.17,78.6,1.51,322.77,0.0,0.0
2024-11-25 02:00:00,91.26,140.38,13.14,13.5,0.62,28.76,14.38,80.11,1.44,311.59,0.0,0.0
2024-11-25 03:00:00,90.56,120.5,13.42,13.44,0.5,27.42,13.85,80.87,1.44,313.71,0.0,0.0
2024-11-25 04:00:00,66.74,110.89,13.24,14.1,0.48,28.64,13.89,78.37,1.5,325.01,0.0,0.0
2024-11-25 05:00:00,71.45,93.23,13.7,14.4,0.56,27.4,13.48,78.84,1.47,320.16,0.0,0.0
2024-11-25 06:00:00,68.47,97.23,10.51,13.94,0.52,32.44,13.11,79.99,1.38,313.83,0.0,0.0
2024-11-25 07:00:00,62.3,91.21,11.48,19.46,0.52,36.74,14.47,74.89,1.35,334.08,0.0,0.0
2024-11-25 08:00:00,68.7,85.6,14.25,20.67,0.65,44.58,16.77,68.66,1.51,341.19,0.0,116.58
2024-11-25 09:00:00,76.34,103.42,14.84,20.82,0.67,61.8,19.94,60.66,1.12,264.49,0.0,266.77
2024-11-25 10:00:00,57.85,107.81,17.43,20.92,0.79,86.25,22.73,53.55,1.02,294.18,0.0,273.5
2024-11-25 11:00:00,62.73,117.96,19.46,23.6,0.85,108.44,25.58,46.35,0.68,241.08,0.0,280.9
2024-11-25 12:00:00,69.45,120.17,17.7,18.52,0.59,100.69,27.09,41.22,0.5,64.44,0.0,288.2
2024-11-25 13:00:00,70.22,112.36,13.16,16.99,0.5,95.95,27.54,40.08,0.44,48.42,0.0,287.68
2024-11-25 14:00:00,61.03,103.56,8.17,16.49,0.34,90.38,27.53,36.9,0.92,269.55,0.0,277.23
2024-11-25 15:00:00,55.14,85.39,11.21,15.33,0.34,81.97,26.44,36.69,0.79,295.76,0.0,20.75
2024-11-25 16:00:00,46.14,75.81,9.06,15.4,0.51,78.14,24.92,41.77,0.19,92.75,0.0,0.0
2024-11-25 17:00:00,48.8,72.34,29.93,15.01,1.18,37.22,21.38,51.12,1.12,325.95,0.0,0.0
2024-11-25 18:00:00,48.6,83.48,55.92,14.71,1.5,12.61,18.94,56.55,1.24,317.88,0.0,0.0
2024-11-25 19:00:00,46.75,92.78,58.4,15.18,1.93,3.15,17.7,66.8,1.25,298.94,0.0,0.0
2024-11-25 20:00:00,53.06,99.38,39.87,14.84,1.96,3.56,16.69,80.6,1.31,295.95,0.0,0.0
2024-11-25 21:00:00,47.5,119.19,39.16,14.74,2.28,2.99,16.07,82.78,1.3,303.0,0.0,0.0
2024-11-25 22:00:00,46.24,126.3,36.78,14.29,2.16,1.81,15.32,85.84,1.4,308.19,0.0,0.0
2024-11-25 23:00:00,45.24,135.62,46.89,15.01,2.21,1.72,14.86,82.73,1.38,310.37,0.0,0.0
2024-11-26 00:00:00,41.4,145.76,31.84,14.94,1.06,10.68,15.34,72.1,1.53,324.5,0.0,0.0
2024-11-26 01:00:00,39.53,137.74,17.75,14.66,0.57,22.79,15.17,70.59,1.57,326.93,0.0,0.0
2024-11-26 02:00:00,35.79,119.6,16.28,14.33,0.44,23.73,14.28,76.29,1.53,322.08,0.0,0.0
2024-11-26 03:00:00,30.92,93.15,16.04,15.14,0.39,25.53,14.16,75.53,1.51,324.11,0.0,0.0
2024-11-26 04:00:00,22.19,80.61,14.38,14.83,0.42,28.4,13.91,75.66,1.48,329.41,0.0,0.0
2024-11-26 05:00:00,16.19,75.36,16.06,15.19,0.6,29.8,13.49,76.39,1.45,326.1,0.0,0.0
2024-11-26 06:00:00,14.49,83.39,13.08,15.98,0.51,33.4,13.37,76.21,1.44,325.94,0.0,0.0
2024-11-26 07:00:00,10.22,81.1,15.2,18.15,0.54,31.44,14.24,74.61,1.34,324.4,0.0,0.0
2024-11-26 08:00:00,7.5,79.28,17.37,20.4,0.53,39.2,17.06,68.91,1.09,250.81,0.0,132.55
2024-11-26 09:00:00,5.38,86.08,21.6,23.51,0.7,58.95,20.87,58.57,1.03,351.52,0.0,267.0
2024-11-26 10:00:00,12.63,90.68,20.8,28.1,0.7,88.6,23.61,51.08,1.12,263.16,0.0,276.35
2024-11-26 11:00:00,42.1,94.43,16.14,32.6,0.6,108.46,25.96,44.56,0.72,297.04,0.0,282.05
2024-11-26 12:00:00,43.74,100.59,20.16,29.15,0.55,112.75,27.25,41.2,0.49,147.32,0.0,284.15
2024-11-26 13:00:00,62.38,109.78,15.8,25.6,0.45,102.6,27.44,40.42,0.7,256.6,0.0,274.82
2024-11-26 14:00:00,61.93,101.93,13.06,22.45,0.36,89.66,27.56,36.43,0.48,284.98,0.0,269.27
2024-11-26 15:00:00,48.93,92.32,11.03,21.44,0.32,83.76,26.29,36.25,0.3,261.66,0.0,29.83
2024-11-26 16:00:00,47.82,84.14,22.74,20.44,0.62,64.95,24.92,39.78,0.51,126.08,0.0,0.0
2024-11-26 17:00:00,49.03,78.5,63.82,19.37,1.73,16.03,21.6,49.03,0.96,97.37,0.0,0.0
2024-11-26 18:00:00,61.74,90.76,63.72,20.27,1.66,9.55,19.07,55.68,1.18,178.17,0.0,0.0
2024-11-26 19:00:00,63.04,107.51,41.36,15.85,1.36,2.9,17.36,80.0,1.36,306.59,0.0,0.0
2024-11-26 20:00:00,64.17,120.32,37.28,15.0,1.61,2.55,16.29,83.53,1.39,310.49,0.0,0.0
2024-11-26 21:00:00,68.2,133.96,32.03,15.69,1.89,1.83,16.13,80.62,1.47,316.9,0.0,0.0
2024-11-26 22:00:00,76.9,153.06,42.73,17.9,1.81,12.86,16.64,68.14,1.44,323.3,0.0,0.0
2024-11-26 23:00:00,97.3,165.34,29.54,16.76,1.02,22.13,15.64,72.33,1.38,314.64,0.0,0.0
2024-11-27 00:00:00,99.06,155.42,28.96,15.22,0.9,21.58,15.22,75.13,1.48,319.27,0.0,0.0
2024-11-27 01:00:00,93.78,141.77,18.51,14.45,0.66,25.97,14.87,75.96,1.51,317.12,0.0,0.0
2024-11-27 02:00:00,84.78,127.71,15.2,14.59,0.6,31.03,14.46,75.46,1.48,315.88,0.0,0.0
2024-11-27 03:00:00,77.8,111.7,12.36,15.42,0.61,34.38,14.32,73.14,1.5,321.9,0.0,0.0
2024-11-27 04:00:00,71.37,101.16,11.7,15.77,0.4,36.24,13.98,74.24,1.52,324.69,0.0,0.0
2024-11-27 05:00:00,58.4,83.37,12.6,16.68,0.38,38.96,14.02,72.82,1.44,334.69,0.0,0.0
2024-11-27 06:00:00,54.99,77.84,15.16,15.65,0.44,33.53,13.04,77.91,0.97,297.54,0.0,0.0
2024-11-27 07:00:00,51.28,76.93,14.46,17.46,0.49,32.24,14.32,74.45,1.42,328.42,0.0,0.0
2024-11-27 08:00:00,57.84,83.64,16.87,21.55,0.31,66.26,21.04,56.53,1.1,172.79,0.0,139.85
2024-11-27 09:00:00,47.724031938336786,98.2709727044994,22.680115143041164,16.855077002728958,0.6925347109208515,38.52080639567355,,,,,,
2024-11-27 10:00:00,47.724031938336786,98.2709727044994,22.680115143041164,16.855077002728958,0.6925347109208515,38.52080639567355,,,,,,
2024-11-27 11:00:00,45.55,128.38,12.21,3.61,0.7,102.11,26.31,43.51,0.68,348.51,0.0,268.4
2024-11-27 12:00:00,43.62,128.94,14.96,4.55,0.38,91.96,26.8,39.82,0.49,312.29,0.0,279.27
2024-11-27 13:00:00,42.18,117.33,9.01,4.88,0.18,85.9,27.47,33.75,0.67,267.14,0.0,273.62
2024-11-27 14:00:00,39.79,95.99,4.36,6.87,0.3,90.83,27.36,35.14,0.99,236.61,0.0,242.77
2024-11-27 15:00:00,35.78,78.5,7.12,11.07,0.28,85.52,26.15,33.66,1.22,339.31,0.0,22.62
2024-11-27 16:00:00,35.05,61.35,12.84,10.05,0.4,77.64,24.59,37.4,0.61,265.78,0.0,0.0
2024-11-27 17:00:00,35.15,59.36,49.04,9.38,1.25,31.98,21.58,43.34,0.82,268.32,0.0,0.0
2024-11-27 18:00:00,41.77,65.35,49.4,7.98,1.27,21.76,19.19,48.03,1.16,103.25,0.0,0.0
2024-11-27 19:00:00,54.27,86.06,62.83,9.6,2.29,10.88,17.87,54.53,1.27,320.74,0.0,0.0
2024-11-27 20:00:00,82.22,132.63,51.2,8.38,2.48,4.15,16.84,70.82,1.36,316.61,0.0,0.0
2024-11-27 21:00:00,87.8,149.0,40.45,8.39,1.65,3.39,16.18,75.63,1.38,302.6,0.0,0.0
2024-11-27 22:00:00,88.02,164.11,42.94,8.79,1.64,15.74,15.67,68.72,1.28,312.53,0.0,0.0
2024-11-27 23:00:00,86.79,154.99,24.22,8.16,0.84,30.58,15.72,63.17,1.28,308.44,0.0,0.0
2024-11-28 00:00:00,80.41,145.49,12.62,7.27,0.67,34.42,15.2,65.05,1.33,307.83,0.0,0.0
2024-11-28 01:00:00,73.76,132.06,13.53,6.9,0.57,39.8,14.25,68.74,1.36,309.41,0.0,0.0
2024-11-28 02:00:00,66.02,113.22,13.1,7.89,0.5,39.83,13.95,69.46,1.3,317.38,0.0,0.0
2024-11-28 03:00:00,64.79,105.96,12.93,8.2,0.49,42.07,14.4,67.19,1.41,313.18,0.0,0.0
2024-11-28 04:00:00,61.8,104.67,11.39,8.0,0.49,36.48,13.59,70.68,1.44,312.05,0.0,0.0
2024-11-28 05:00:00,66.31,103.68,7.27,8.44,0.36,39.55,12.82,72.56,1.32,313.84,0.0,0.0
2024-11-28 06:00:00,67.6,98.83,13.17,8.01,0.41,34.85,12.47,76.01,1.4,312.3,0.0,0.0
2024-11-28 07:00:00,63.44,98.81,18.16,8.5,0.65,29.07,13.48,73.63,1.41,324.23,0.0,0.0
2024-11-28 08:00:00,67.25,108.04,18.86,13.39,0.63,42.74,16.45,63.94,1.47,342.44,0.0,89.82
2024-11-28 09:00:00,71.05,127.75,9.16,13.67,0.51,65.67,19.88,52.57,1.14,355.61,0.0,188.58
2024-11-28 10:00:00,73.56,121.03,15.27,13.84,0.49,82.2,22.72,45.46,0.96,274.15,0.0,243.48
2024-11-28 11:00:00,73.08,117.56,10.38,10.27,0.28,82.54,24.93,36.64,0.63,179.94,0.0,261.98
2024-11-28 12:00:00,60.97,116.18,6.36,7.4,0.17,77.56,25.72,29.92,0.93,94.96,0.0,260.48
2024-11-28 13:00:00,50.46,107.17,3.62,7.37,0.2,80.56,26.07,31.07,1.18,181.6,0.0,254.38
2024-11-28 14:00:00,49.91,92.44,2.58,8.33,0.23,88.24,26.08,33.81,1.18,263.64,0.0,243.68
2024-11-28 15:00:00,48.45,81.81,6.4,9.25,0.23,88.01,25.12,35.23,1.06,266.12,0.0,23.88
2024-11-28 16:00:00,41.82,80.12,9.63,8.3,0.29,82.35,23.76,37.17,0.8,241.12,0.0,0.0
2024-11-28 17:00:00,35.8,78.25,29.62,8.4,0.64,51.3,20.63,43.98,0.82,308.68,0.0,0.0
2024-11-28 18:00:00,41.63,84.59,58.34,8.92,1.38,15.29,18.34,50.04,0.98,103.58,0.0,0.0
2024-11-28 19:00:00,56.25,112.86,59.0,10.91,1.67,11.6,17.54,56.74,1.11,246.59,0.0,0.0
2024-11-28 20:00:00,81.03,145.17,49.1,8.86,1.6,3.23,16.06,71.16,1.36,315.79,0.0,0.0
2024-11-28 21:00:00,88.16,170.73,51.7,11.3,1.6,11.62,16.2,64.02,1.38,319.85,0.0,0.0
2024-11-28 22:00:00,94.98,175.66,30.36,8.86,0.79,31.1,15.38,64.3,1.29,311.29,0.0,0.0
2024-11-28 23:00:00,88.61,149.39,22.48,9.26,1.13,36.47,14.56,67.25,1.18,313.77,0.0,0.0
2024-11-29 00:00:00,89.44,132.94,28.51,8.52,0.89,29.59,14.04,70.34,1.14,324.26,0.0,0.0
2024-11-29 01:00:00,84.39,126.1,14.78,8.18,0.6,48.28,14.64,67.47,1.51,309.79,0.0,0.0
2024-11-29 02:00:00,75.2,111.88,13.88,8.65,0.54,48.16,14.14,70.37,1.47,319.77,0.0,0.0
2024-11-29 03:00:00,76.55,112.27,12.67,9.29,0.57,51.8,14.44,68.27,1.63,322.36,0.0,0.0
2024-11-29 04:00:00,77.61,114.59,11.76,10.03,0.5,53.06,13.63,71.06,1.65,320.23,0.0,0.0
2024-11-29 05:00:00,78.18,109.78,11.93,10.03,0.5,52.1,12.9,73.21,1.55,312.27,0.0,0.0
2024-11-29 06:00:00,78.81,110.3,13.2,11.31,0.51,50.54,12.79,73.02,1.58,312.57,0.0,0.0
2024-11-29 07:00:00,79.29,116.32,15.57,12.64,0.51,49.62,14.04,69.48,1.64,324.16,0.0,0.0
2024-11-29 08:00:00,76.74,120.47,17.73,17.76,0.6,57.33,16.2,64.39,1.55,344.76,0.0,65.3
2024-11-29 09:00:00,80.02,127.2,16.64,20.94,0.58,68.9,19.42,56.94,1.27,262.8,0.0,214.05
2024-11-29 10:00:00,74.65,139.44,16.7,34.89,0.59,81.6,22.24,51.7,0.92,181.68,0.0,215.98
2024-11-29 11:00:00,77.2,143.4,17.64,54.28,0.57,97.06,24.48,47.71,0.59,121.01,0.0,214.27
2024-11-29 12:00:00,86.58,149.56,17.45,80.04,0.52,108.52,25.8,45.57,0.74,186.75,0.0,226.7
2024-11-29 13:00:00,88.72,146.75,12.42,56.4,0.48,119.12,26.37,45.16,0.87,188.82,0.0,229.1
2024-11-29 14:00:00,84.49,140.82,8.4,46.46,0.45,119.91,26.56,45.41,0.75,113.94,0.0,209.18
2024-11-29 15:00:00,84.72,139.63,7.3,35.55,0.45,113.88,25.65,47.67,0.41,235.09,0.0,26.0
2024-11-29 16:00:00,79.19,131.82,13.41,23.51,0.55,93.72,24.2,52.46,1.21,320.31,0.0,0.0
2024-11-29 17:00:00,77.27,126.92,16.08,15.84,0.76,69.45,21.49,59.73,0.97,320.21,0.0,0.0
2024-11-29 18:00:00,74.84,121.19,37.56,16.47,1.24,44.69,19.32,65.45,1.14,336.99,0.0,0.0
2024-11-29 19:00:00,78.21,129.2,50.74,14.38,1.73,19.54,17.94,75.34,1.33,318.04,0.0,0.0
2024-11-29 20:00:00,90.3,161.61,54.27,13.97,2.13,14.79,17.45,74.96,1.28,324.32,0.0,0.0
2024-11-29 21:00:00,112.04,191.2,46.74,15.9,2.1,25.7,17.22,69.28,1.38,323.94,0.0,0.0
2024-11-29 22:00:00,120.46,195.84,30.07,14.15,1.17,36.14,17.35,67.72,1.42,310.88,0.0,0.0
2024-11-29 23:00:00,115.19,181.54,18.92,12.15,0.88,50.82,16.4,69.71,1.5,312.75,0.0,0.0
2024-11-30 00:00:00,108.63,170.56,17.29,14.87,0.68,56.06,15.92,70.07,1.56,318.44,0.0,0.0
2024-11-30 01:00:00,108.03,157.88,17.07,13.32,0.8,52.49,15.36,70.76,1.54,323.07,0.0,0.0
2024-11-30 02:00:00,117.39,162.91,15.89,12.3,0.88,40.23,14.65,71.79,1.52,329.58,0.0,0.0
2024-11-30 03:00:00,118.38,165.58,12.37,13.42,0.63,47.18,14.64,70.55,1.47,333.73,0.0,0.0
2024-11-30 04:00:00,104.15,156.62,12.04,14.27,0.56,49.43,14.62,70.52,1.44,332.62,0.0,0.0
2024-11-30 05:00:00,100.06,147.24,12.15,13.61,0.56,48.12,14.3,72.41,1.44,329.49,0.0,0.0
2024-11-30 06:00:00,101.54,143.22,13.62,12.81,0.58,44.1,13.97,74.41,1.46,332.32,0.0,0.0
2024-11-30 07:00:00,102.8,148.36,16.35,13.15,0.67,36.42,14.5,74.39,1.5,332.78,0.0,0.0
2024-11-30 08:00:00,103.3,160.31,18.87,19.42,0.74,39.7,16.33,70.24,1.68,341.8,0.0,76.05
2024-11-30 09:00:00,112.16,167.41,15.22,26.88,0.66,54.8,20.19,61.13,1.43,350.08,0.0,246.08
2024-11-30 10:00:00,94.4,160.75,15.49,31.18,0.64,74.41,22.89,57.47,0.93,260.69,0.0,210.3
2024-11-30 11:00:00,79.07,136.76,20.53,45.45,0.7,86.93,25.28,54.39,0.46,211.7,0.0,179.52
2024-11-30 12:00:00,76.76,140.23,4.24,87.18,0.61,96.69,26.66,54.23,0.89,186.73,0.0,222.5
2024-11-30 13:00:00,72.69,133.37,3.37,52.27,0.55,96.82,27.3,54.29,0.79,346.19,0.0,233.15
2024-11-30 14:00:00,69.57,126.45,3.82,33.58,0.45,92.16,27.29,55.48,0.97,182.17,0.0,210.77
2024-11-30 15:00:00,54.08,104.78,5.09,42.16,0.44,91.64,26.94,57.14,0.72,261.69,0.0,63.68
2024-11-30 16:00:00,51.42,90.39,8.76,30.59,0.5,78.83,25.64,60.82,0.9,344.4,0.0,0.0
2024-11-30 17:00:00,49.66,88.72,26.56,22.89,0.76,50.27,23.63,66.91,1.02,259.02,0.0,0.0
2024-11-30 18:00:00,46.16,90.22,36.4,20.26,1.02,33.45,22.29,70.55,0.89,145.03,0.0,0.0
2024-11-30 19:00:00,46.92,89.01,34.62,20.41,1.46,22.38,21.44,74.49,1.06,307.31,0.0,0.0
2024-11-30 20:00:00,57.02,107.71,19.64,16.74,2.47,10.45,20.62,77.78,1.04,346.43,0.0,0.0
2024-11-30 21:00:00,74.51,131.76,55.98,17.39,2.5,6.53,20.39,78.28,1.18,309.2,0.0,0.0
2024-11-30 22:00:00,86.16,161.22,45.77,17.76,1.58,15.2,20.42,77.98,1.38,325.49,0.0,0.0
2024-11-30 23:00:00,84.17,153.32,17.93,19.14,0.69,58.19,20.51,69.9,1.16,347.21,0.0,0.0
2024-12-01 00:00:00,74.34,132.49,14.24,19.27,0.65,75.15,19.85,68.15,1.27,333.18,0.0,0.0
2024-12-01 01:00:00,76.5,130.16,16.92,18.1,0.74,72.49,19.18,69.71,1.38,330.52,0.0,0.0
2024-12-01 02:00:00,79.58,129.77,16.46,19.04,0.7,80.27,18.99,69.87,1.45,333.32,0.0,0.0
2024-12-01 03:00:00,77.8,130.54,16.2,19.6,0.65,77.68,18.94,70.33,1.18,334.52,0.0,0.0
2024-12-01 04:00:00,80.18,133.77,14.54,17.38,0.62,72.22,17.98,74.58,1.4,309.15,0.0,0.0
2024-12-01 05:00:00,80.83,134.96,14.62,16.43,0.67,69.32,17.86,74.37,1.44,328.39,0.0,0.0
2024-12-01 06:00:00,83.19,139.94,15.08,19.4,0.64,58.18,18.07,74.82,1.48,336.8,0.0,0.0
2024-12-01 07:00:00,79.76,134.6,15.29,22.49,0.62,55.22,18.14,75.13,1.38,327.14,0.0,0.0
2024-12-01 08:00:00,76.84,132.88,16.71,22.78,0.68,52.14,18.67,75.33,1.01,170.68,0.0,9.62
2024-12-01 09:00:00,79.79,133.58,17.56,27.61,0.65,56.4,20.57,71.51,0.78,184.03,0.0,72.53
2024-12-01 10:00:00,75.01,129.6,18.16,34.85,0.65,60.52,22.28,67.88,0.66,195.99,0.0,194.98
2024-12-01 11:00:00,70.19,122.12,16.57,56.29,0.64,66.84,24.4,63.31,0.58,205.29,0.0,217.92
2024-12-01 12:00:00,70.93,123.05,17.54,135.23,0.55,62.57,24.6,64.2,0.36,138.93,0.0,165.25
2024-12-01 13:00:00,66.35,114.16,17.62,79.68,0.49,72.25,25.52,63.02,0.38,78.01,0.0,180.48
2024-12-01 14:00:00,65.3,110.88,14.02,61.3,0.41,75.06,26.19,61.68,0.54,106.36,0.0,144.15
2024-12-01 15:00:00,58.95,100.64,13.08,30.62,0.38,66.84,25.79,62.29,0.39,49.78,0.0,18.9
2024-12-01 16:00:00,46.67,88.59,14.81,22.87,0.53,54.08,25.2,63.97,0.52,120.8,0.0,0.0
2024-12-01 17:00:00,44.93,80.01,27.28,21.95,0.84,46.37,24.54,66.78,0.97,137.32,0.0,0.0
2024-12-01 18:00:00,51.77,92.34,35.22,19.4,1.24,25.16,23.62,71.29,1.21,202.56,0.0,0.0
2024-12-01 19:00:00,60.49,104.38,38.65,17.76,1.42,16.27,23.04,73.82,1.23,334.51,0.0,0.0
2024-12-01 20:00:00,64.11,105.72,49.02,17.74,1.79,7.23,22.82,75.4,1.19,190.16,0.0,0.0
2024-12-01 21:00:00,60.35,114.72,31.14,18.95,1.72,6.78,22.57,76.24,1.04,317.24,0.0,0.0
2024-12-01 22:00:00,58.39,114.68,38.57,18.75,1.18,13.43,22.74,74.74,0.94,323.16,0.0,0.0
2024-12-01 23:00:00,59.04,111.11,21.0,17.63,0.6,33.33,22.16,72.45,0.98,267.48,0.0,0.0
2024-12-02 00:00:00,54.66,102.26,17.31,17.4,0.52,45.33,21.42,71.47,0.84,268.8,0.0,0.0
2024-12-02 01:00:00,52.15,95.85,14.58,16.74,0.49,62.26,20.68,68.69,1.4,342.88,0.0,0.0
2024-12-02 02:00:00,51.01,94.91,14.2,16.31,0.49,66.2,19.89,69.42,1.27,348.66,0.0,0.0
2024-12-02 03:00:00,53.29,93.7,13.23,16.77,0.49,66.32,19.19,71.18,0.84,91.41,0.0,0.0
2024-12-02 04:00:00,56.76,94.91,13.58,18.54,0.48,68.72,19.09,70.51,1.09,340.01,0.0,0.0
2024-12-02 05:00:00,61.66,94.27,14.2,16.76,0.47,63.95,18.46,73.35,0.88,324.86,0.0,0.0
2024-12-02 06:00:00,63.76,97.22,15.07,16.03,0.54,56.0,18.29,75.52,1.29,311.0,0.0,0.0
2024-12-02 07:00:00,64.39,98.25,16.73,17.82,0.59,52.63,19.5,73.41,1.38,345.94,0.0,0.0
2024-12-02 08:00:00,64.03,102.25,20.46,20.62,0.64,48.97,20.65,73.45,1.06,183.69,0.0,36.6
2024-12-02 09:00:00,68.17,115.52,20.0,23.8,0.61,45.11,21.96,74.69,1.13,262.52,0.0,114.02
2024-12-02 10:00:00,67.5,113.11,13.28,28.24,0.54,45.25,23.83,73.61,0.91,176.8,0.0,194.75
2024-12-02 11:00:00,62.29,109.15,9.99,37.44,0.5,49.52,24.74,72.21,0.86,182.3,0.0,184.5
2024-12-02 12:00:00,65.98,122.87,8.38,29.62,0.54,61.61,26.06,68.86,0.52,125.25,0.0,190.18
2024-12-02 13:00:00,67.05,114.37,11.58,32.16,0.42,63.79,27.29,66.11,0.72,183.86,0.0,195.98
2024-12-02 14:00:00,60.17,103.23,13.37,17.24,0.41,57.57,27.34,65.73,0.48,42.39,0.0,138.5
2024-12-02 15:00:00,51.57,93.9,15.93,12.18,0.44,55.97,27.16,66.46,0.42,155.27,0.0,34.62
2024-12-02 16:00:00,49.77,79.4,20.78,12.83,0.51,57.82,26.59,68.47,0.38,72.88,0.0,0.0
2024-12-02 17:00:00,46.25,83.09,24.97,14.13,0.62,47.46,25.84,70.18,0.42,166.7,0.0,0.0
2024-12-02 18:00:00,49.24,90.22,38.79,15.96,0.96,30.31,25.27,73.4,0.43,119.62,0.0,0.0
2024-12-02 19:00:00,48.14,89.34,34.65,17.72,0.92,28.95,24.9,75.38,0.74,84.58,0.0,0.0
2024-12-02 20:00:00,47.99,92.76,38.53,23.15,0.9,23.9,24.54,76.46,0.64,118.43,0.0,0.0
2024-12-02 21:00:00,53.3,101.8,43.13,25.12,1.02,21.42,24.36,77.06,0.74,93.42,0.0,0.0
2024-12-02 22:00:00,52.92,109.18,34.99,24.97,0.88,35.25,24.0,77.86,0.46,91.96,0.0,0.0
2024-12-02 23:00:00,55.04,114.02,25.31,23.61,0.76,51.9,23.34,79.03,0.54,126.92,0.0,0.0
2024-12-03 00:00:00,73.63,131.42,22.06,19.99,0.81,43.75,22.47,82.51,0.82,184.58,0.0,0.0
2024-12-03 01:00:00,80.32,144.08,14.36,24.81,0.82,40.77,22.26,80.88,0.56,130.58,0.0,0.0
2024-12-03 02:00:00,79.45,147.41,5.97,25.16,0.68,32.39,22.01,81.8,0.94,255.49,0.0,0.0
2024-12-03 03:00:00,78.14,144.36,16.12,23.36,0.7,26.3,21.52,84.25,0.75,28.12,0.0,0.0
2024-12-03 04:00:00,75.38,132.95,13.22,29.58,0.71,22.55,21.6,83.47,0.8,18.8,0.0,0.0
2024-12-03 05:00:00,69.06,125.72,10.54,38.27,0.61,16.54,21.48,83.4,0.41,55.63,0.0,0.0
2024-12-03 06:00:00,68.48,126.63,19.97,38.89,0.6,11.68,21.0,85.34,0.48,53.82,0.0,0.0
2024-12-03 07:00:00,60.34,115.63,11.93,42.82,0.65,12.53,21.6,83.71,0.58,23.74,0.0,0.05
2024-12-03 08:00:00,60.22,113.52,7.22,47.43,0.66,18.98,22.86,80.36,0.58,46.09,0.0,58.45
2024-12-03 09:00:00,60.38,115.61,18.06,43.99,0.65,28.38,24.47,76.33,0.84,258.71,0.0,230.7
2024-12-03 10:00:00,56.54,109.58,19.38,54.35,0.63,34.65,25.28,74.9,0.96,261.19,0.0,157.98
2024-12-03 11:00:00,52.12,111.72,24.02,56.39,0.65,32.09,26.26,72.57,0.41,241.69,0.0,113.3
2024-12-03 12:00:00,50.61,112.8,17.21,28.33,0.56,45.64,27.1,70.18,0.41,194.91,0.0,159.12
2024-12-03 13:00:00,47.95,107.75,21.63,22.1,0.61,48.26,27.27,69.87,0.62,217.81,0.0,124.88
2024-12-03 14:00:00,48.84,107.02,22.7,30.02,0.6,53.35,27.46,69.53,0.36,130.37,0.0,82.98
2024-12-03 15:00:00,48.98,98.4,22.26,29.0,0.61,55.7,27.4,69.66,0.76,107.18,0.0,20.15
2024-12-03 16:00:00,49.33,96.6,26.12,32.01,0.62,45.79,26.84,71.29,0.71,28.95,0.0,0.0
2024-12-03 17:00:00,47.06,95.32,24.52,24.24,0.89,28.09,25.5,76.33,0.99,272.82,0.0,0.0
2024-12-03 18:00:00,49.96,94.6,52.11,27.82,1.38,6.65,24.29,80.72,1.27,307.75,0.0,0.0
2024-12-03 19:00:00,52.61,101.66,63.04,24.15,1.82,2.36,23.86,83.19,1.28,329.6,0.0,0.0
2024-12-03 20:00:00,55.54,110.12,49.89,21.07,2.59,1.36,23.46,85.04,1.23,258.71,0.0,0.0
2024-12-03 21:00:00,57.32,117.13,15.79,18.74,3.6,1.94,22.88,86.96,1.16,252.54,0.0,0.0
2024-12-03 22:00:00,62.06,137.11,36.42,15.82,3.02,0.92,22.99,86.87,1.11,291.07,0.0,0.0
2024-12-03 23:00:00,64.65,146.0,35.65,14.24,2.2,0.88,23.34,85.27,1.13,262.09,0.0,0.0
2024-12-04 00:00:00,67.32,142.78,35.26,13.72,1.14,4.9,23.23,85.04,1.03,265.96,0.0,0.0
2024-12-04 01:00:00,59.76,134.42,28.62,11.38,1.14,3.9,22.72,88.77,1.3,311.18,0.0,0.0
2024-12-04 02:00:00,59.74,125.95,18.56,11.7,0.7,6.62,22.09,89.87,1.46,315.82,0.0,0.0
2024-12-04 03:00:00,57.05,116.7,14.35,10.59,0.38,10.69,21.62,90.92,1.45,318.92,0.0,0.0
2024-12-04 04:00:00,48.6,110.53,11.74,10.38,0.26,15.1,21.22,90.35,1.4,316.85,0.0,0.0
2024-12-04 05:00:00,45.35,104.89,11.4,10.23,0.24,18.88,20.72,88.5,1.22,309.9,0.0,0.0
2024-12-04 06:00:00,46.05,98.04,13.41,11.18,0.33,23.43,20.56,85.84,1.28,305.86,0.0,0.0
2024-12-04 07:00:00,45.32,98.2,15.78,13.54,0.46,25.03,21.42,82.22,1.4,320.94,0.0,0.0
2024-12-04 08:00:00,48.98,103.1,17.52,17.07,0.54,34.08,23.03,77.22,1.36,181.28,0.0,97.25
2024-12-04 09:00:00,60.48,114.02,19.23,21.15,0.63,53.16,25.7,70.31,0.41,106.14,0.0,277.98
2024-12-04 10:00:00,63.62,122.68,23.38,23.88,0.72,60.39,27.74,66.0,0.56,124.56,0.0,286.82
2024-12-04 11:00:00,61.98,129.37,18.67,31.34,0.52,65.68,29.16,61.94,0.57,140.52,0.0,292.02
2024-12-04 12:00:00,69.23,125.77,12.9,24.7,0.32,75.73,29.37,61.02,0.7,259.63,0.0,238.4
2024-12-04 13:00:00,71.54,104.81,14.59,22.63,0.34,77.37,29.02,61.44,0.7,218.96,0.0,174.92
2024-12-04 14:00:00,66.14,100.5,19.79,20.76,0.44,79.63,29.46,60.66,0.65,234.86,0.0,176.88
2024-12-04 15:00:00,59.74,100.04,16.3,27.24,0.38,76.87,29.12,61.53,0.76,171.54,0.0,39.43
2024-12-04 16:00:00,64.33,98.91,22.27,37.56,0.57,70.37,28.32,63.9,0.7,69.12,0.0,0.0
2024-12-04 17:00:00,70.5,100.1,54.3,31.06,1.37,30.75,26.6,69.49,1.02,188.7,0.0,0.0
2024-12-04 18:00:00,81.13,108.39,42.44,22.11,1.15,24.5,24.66,76.11,1.28,322.41,0.0,0.0
2024-12-04 19:00:00,75.96,122.07,53.21,15.81,1.81,2.64,23.48,83.63,1.29,329.96,0.0,0.0
2024-12-04 20:00:00,81.36,138.0,45.26,12.38,1.92,0.8,22.87,86.53,1.34,314.62,0.0,0.0
2024-12-04 21:00:00,80.59,145.84,34.83,10.35,1.6,0.55,22.19,88.53,1.28,323.93,0.0,0.0
2024-12-04 22:00:00,80.83,152.02,36.89,9.67,1.52,2.86,22.26,87.93,1.26,331.43,0.0,0.0
2024-12-04 23:00:00,83.48,158.59,29.37,9.43,1.33,2.34,22.55,87.07,1.36,318.85,0.0,0.0
2024-12-05 00:00:00,83.19,163.96,25.55,11.97,0.78,17.99,22.4,85.62,1.43,322.7,0.0,0.0
2024-12-05 01:00:00,83.8,153.61,17.98,13.88,0.48,29.83,21.83,83.28,1.32,308.74,0.0,0.0
2024-12-05 02:00:00,77.14,137.9,15.68,13.5,0.42,34.51,21.6,78.06,1.42,319.22,0.0,0.0
2024-12-05 03:00:00,73.35,116.04,15.32,12.5,0.36,51.16,21.51,67.76,1.26,319.47,0.0,0.0
2024-12-05 04:00:00,67.42,108.1,15.23,10.69,0.33,46.5,20.17,70.8,1.27,306.7,0.0,0.0
2024-12-05 05:00:00,56.8,103.81,14.19,8.92,0.32,46.69,19.15,73.17,1.24,297.06,0.0,0.0
2024-12-05 06:00:00,50.02,97.03,15.15,7.5,0.36,39.44,18.44,76.18,1.08,301.89,0.0,0.0
2024-12-05 07:00:00,51.67,94.08,21.85,13.07,0.56,32.42,19.3,71.51,1.14,288.32,0.0,0.0
2024-12-05 08:00:00,57.68,95.53,26.06,11.88,0.55,40.06,21.82,61.9,1.11,167.41,0.0,69.68
2024-12-05 09:00:00,54.77,104.42,23.14,13.97,0.48,60.06,24.34,52.22,0.97,186.76,0.0,279.2
2024-12-05 10:00:00,53.0,99.12,29.03,25.23,0.65,76.6,26.62,50.28,0.59,113.11,0.0,280.25
2024-12-05 11:00:00,63.83,113.12,31.73,50.56,0.78,102.23,28.4,50.48,0.74,204.86,0.0,282.55
2024-12-05 12:00:00,72.44,137.12,25.91,55.44,0.72,126.7,29.7,50.55,0.74,345.12,0.0,291.62
2024-12-05 13:00:00,77.72,145.21,24.17,45.88,0.69,132.03,30.54,51.64,0.51,76.62,0.0,294.6
2024-12-05 14:00:00,78.11,146.72,33.62,38.42,0.84,121.14,30.4,51.76,0.86,153.05,0.0,244.12
2024-12-05 15:00:00,76.9,154.58,21.78,31.6,0.62,111.27,29.55,54.87,1.16,259.0,0.0,33.45
2024-12-05 16:00:00,78.68,144.74,20.46,22.62,0.68,96.04,28.25,60.1,0.78,187.23,0.0,0.0
2024-12-05 17:00:00,77.5,137.92,35.86,22.19,0.99,61.2,25.85,68.47,1.07,261.48,0.0,0.0
2024-12-05 18:00:00,80.31,149.72,68.25,33.15,1.73,23.06,24.53,72.17,1.15,180.83,0.0,0.0
2024-12-05 19:00:00,86.55,170.19,77.8,38.56,5.15,4.07,23.65,76.03,1.0,299.54,0.0,0.0
2024-12-05 20:00:00,103.96,209.94,68.91,23.82,2.42,1.03,22.74,83.09,1.18,254.14,0.0,0.0
2024-12-05 21:00:00,108.59,223.01,56.32,20.55,3.07,1.17,22.26,85.03,1.31,319.67,0.0,0.0
2024-12-05 22:00:00,107.36,227.24,6.59,15.56,2.45,0.76,21.72,87.5,1.3,310.37,0.0,0.0
2024-12-05 23:00:00,102.39,227.16,12.15,15.26,1.77,3.43,21.55,85.36,1.27,291.63,0.0,0.0
2024-12-06 00:00:00,98.62,226.36,27.44,12.26,1.12,6.7,21.02,87.95,1.3,296.02,0.0,0.0
2024-12-06 01:00:00,101.09,204.34,23.24,11.5,0.78,16.09,20.58,88.48,1.27,298.22,0.0,0.0
2024-12-06 02:00:00,102.45,181.78,20.64,10.58,0.84,13.06,20.36,90.01,1.28,320.05,0.0,0.0
2024-12-06 03:00:00,101.88,170.66,16.17,10.0,0.58,16.32,20.26,90.38,1.25,238.28,0.0,0.0
2024-12-06 04:00:00,97.89,148.28,16.6,10.94,0.44,17.48,20.52,87.84,1.39,318.85,0.0,0.0
2024-12-06 05:00:00,81.35,141.94,18.03,10.39,0.42,13.82,19.96,90.03,1.38,316.48,0.0,0.0
2024-12-06 06:00:00,84.3,136.01,17.18,9.14,0.48,13.54,19.68,90.58,1.38,319.72,0.0,0.0
2024-12-06 07:00:00,77.16,127.9,16.96,9.93,0.44,17.46,20.16,86.88,1.36,314.14,0.0,0.0
2024-12-06 08:00:00,69.23,126.57,19.13,15.34,0.54,29.88,22.33,77.81,1.09,256.08,0.0,63.48
2024-12-06 09:00:00,75.11,129.56,22.38,21.42,0.64,57.12,25.21,64.19,0.56,147.3,0.0,267.92
2024-12-06 10:00:00,74.29,128.12,23.16,21.74,0.66,77.64,27.21,54.99,0.62,213.94,0.0,262.75
2024-12-06 11:00:00,48.801598569277196,99.44716749424339,22.08,20.85,0.67,42.22752775084358,28.88,52.97,0.5,69.15,0.0,245.4
2024-12-06 12:00:00,56.36817960596227,102.39089641870831,15.17,28.17,0.23885717227720563,113.24,29.62,53.0,0.86,253.08,0.0,251.68
2024-12-06 13:00:00,46.38,91.17,25.02,12.23,0.4577732714786567,105.69,30.34,52.73,0.78,134.57,0.0,261.3
2024-12-06 14:00:00,63.21,121.57,19.02,74.12,0.75,94.26,29.52,55.82,1.11,169.02,0.0,111.28
2024-12-06 15:00:00,84.88,131.7,19.88,38.34,0.68,73.94,28.21,61.57,0.78,157.54,0.0,4.42
2024-12-06 16:00:00,96.81,137.44,29.16,37.79,1.01,51.98,27.28,66.12,1.16,289.61,0.0,0.0
2024-12-06 17:00:00,103.66,132.96,32.14,28.3,1.13,38.18,25.83,71.72,1.26,323.59,0.0,0.0
2024-12-06 18:00:00,96.92,135.6,41.12,21.8,1.83,20.19,25.29,73.36,1.23,318.33,0.0,0.0
2024-12-06 19:00:00,95.92,184.83,65.13,25.38,2.48,8.85,24.61,72.78,1.14,319.15,0.0,0.0
2024-12-06 20:00:00,109.74,200.78,53.93,24.22,1.97,10.64,23.91,74.84,1.24,328.77,0.0,0.0
2024-12-06 21:00:00,107.85,199.14,50.12,21.45,1.91,12.37,23.46,76.19,1.19,326.79,0.0,0.0
2024-12-06 22:00:00,99.7,198.78,33.25,17.22,1.72,8.74,22.91,79.87,1.16,325.74,0.0,0.0
2024-12-06 23:00:00,103.62,194.34,2.0,14.07,1.96,3.27,22.04,84.62,1.14,300.88,0.0,0.0
2024-12-07 00:00:00,97.83,193.94,19.9,11.43,1.48,5.2,21.58,87.28,1.3,311.4,0.0,0.0
2024-12-07 01:00:00,92.5,188.96,17.71,11.2,0.86,17.26,21.7,83.5,1.12,294.53,0.0,0.0
2024-12-07 02:00:00,85.0,167.97,12.22,11.32,0.48,32.84,21.6,75.7,0.99,237.22,0.0,0.0
2024-12-07 03:00:00,70.84,134.93,10.3,10.62,0.53,41.54,20.7,74.2,0.98,280.52,0.0,0.0
2024-12-07 04:00:00,69.9,126.87,5.76,9.74,0.68,34.62,20.28,77.72,1.02,280.02,0.0,0.0
2024-12-07 05:00:00,69.3,115.46,0.01,8.45,0.54,19.44,19.74,85.84,1.23,311.68,0.0,0.0
2024-12-07 06:00:00,64.07,116.75,6.76,7.83,0.56,14.24,19.7,88.47,1.33,305.28,0.0,0.0
2024-12-07 07:00:00,60.32,122.37,9.57,8.32,0.66,19.63,20.06,84.24,1.2,306.66,0.0,0.0
2024-12-07 08:00:00,58.22,115.73,9.01,10.97,0.53,47.49,21.96,68.13,0.38,171.56,0.0,60.4
2024-12-07 09:00:00,53.54,107.6,0.3,13.6,0.54,67.67,24.32,58.4,0.37,58.52,0.0,267.23
2024-12-07 10:00:00,54.12,109.83,26.66,10.88,0.73,66.48,26.08,57.01,0.65,96.93,0.0,265.33
2024-12-07 11:00:00,54.8,116.03,21.0,18.4,0.66,73.01,26.44,59.7,0.52,183.0,0.0,227.58
2024-12-07 12:00:00,53.68,126.13,22.9,26.29,0.81,74.22,28.56,58.02,0.78,169.12,0.0,232.65
2024-12-07 13:00:00,70.85,132.97,15.94,35.52,0.66,83.54,28.94,59.33,0.47,103.73,0.0,192.45
2024-12-07 14:00:00,70.12,133.53,10.62,27.28,0.6,78.35,27.65,65.39,0.86,179.71,0.0,20.08
2024-12-07 15:00:00,64.43,125.59,16.05,25.84,0.76,82.15,28.02,64.08,0.77,184.45,0.0,50.65
2024-12-07 16:00:00,65.63,129.4,17.71,24.72,0.74,78.78,27.28,66.29,0.48,90.47,0.0,0.0
2024-12-07 17:00:00,65.05,127.07,30.41,18.83,1.08,48.71,25.66,73.96,0.88,79.88,0.0,0.0
2024-12-07 18:00:00,72.97,131.79,45.56,16.69,1.55,31.43,24.68,77.96,0.81,61.18,0.0,0.0
2024-12-07 19:00:00,79.98,140.33,42.44,17.44,1.46,34.57,24.04,78.15,0.88,77.43,0.0,0.0
2024-12-07 20:00:00,76.83,139.95,29.8,19.12,1.1,42.47,23.24,77.27,0.65,76.16,0.0,0.0
2024-12-07 21:00:00,76.77,142.02,6.1,24.87,1.4,23.22,22.7,74.6,1.03,76.04,0.0,0.0
2024-12-07 22:00:00,85.62,147.1,4.84,21.88,1.38,17.11,21.6,77.98,1.09,49.98,0.0,0.0
2024-12-07 23:00:00,79.48,151.44,9.63,15.02,1.08,25.77,21.39,81.19,0.64,188.9,0.0,0.0
2024-12-08 00:00:00,81.33,146.62,2.52,15.28,0.84,44.34,22.13,79.43,0.58,185.79,0.0,0.0
2024-12-08 01:00:00,85.19,148.64,14.57,15.6,0.82,42.73,22.33,79.4,0.52,153.89,0.0,0.0
2024-12-08 02:00:00,85.59,152.04,5.2,14.83,0.83,40.0,22.3,80.26,0.44,116.67,0.0,0.0
2024-12-08 03:00:00,89.35,154.59,2.62,15.99,1.0,30.06,21.37,80.19,0.86,75.73,0.0,0.0
2024-12-08 04:00:00,90.7,160.28,3.28,14.94,1.09,21.58,20.12,83.39,1.01,219.42,0.0,0.0
2024-12-08 05:00:00,92.08,163.35,2.52,15.96,1.11,16.22,19.39,85.66,1.09,186.05,0.0,0.0
2024-12-08 06:00:00,94.53,170.26,15.56,13.31,1.13,6.99,18.81,88.84,1.38,308.26,0.0,0.0
2024-12-08 07:00:00,99.98,170.08,15.55,14.01,1.01,7.61,19.18,86.9,1.16,324.8,0.0,0.0
2024-12-08 08:00:00,101.6,177.29,2.94,20.76,0.99,23.99,21.35,80.0,1.2,251.53,0.0,56.7
2024-12-08 09:00:00,105.16,182.31,2.73,25.68,1.01,46.64,23.28,76.29,1.03,106.49,0.0,167.68
2024-12-08 10:00:00,101.36,181.9,2.51,25.03,0.99,70.71,24.94,73.83,0.93,183.58,0.0,267.85
2024-12-08 11:00:00,101.37,188.52,36.93479095750349,19.34,1.04,76.21,26.34,71.13,0.84,173.73,0.0,264.12
2024-12-08 12:00:00,102.7,184.37,34.30473378562626,10.66,1.0,74.72,27.11,69.56,1.18,166.68,0.0,258.55
2024-12-08 13:00:00,100.76,183.42,0.42,11.97,0.78,75.89,28.03,66.89,1.24,149.72,0.0,220.1
2024-12-08 14:00:00,100.43,178.12,1.01,13.64,0.62,68.72,28.84,63.97,1.3,172.87,0.0,172.65
2024-12-08 15:00:00,81.82,153.52,3.34,7.94,0.66,55.27,28.64,61.1,1.35,173.44,0.0,33.75
2024-12-08 16:00:00,72.74,127.18,4.89,4.3,0.61,45.75,27.71,63.56,0.8,160.63,0.0,0.0
2024-12-08 17:00:00,59.96,108.29,3.99,5.26,0.72,40.89,26.44,63.78,0.86,189.28,0.0,0.0
2024-12-08 18:00:00,57.53,113.37,5.82,8.38,1.06,24.68,24.47,73.04,0.73,155.96,0.0,0.0
2024-12-08 19:00:00,57.23,119.24,9.6,7.89,1.23,14.57,23.08,78.47,0.98,311.54,0.0,0.0
2024-12-08 20:00:00,57.12,116.4,4.95,7.8,2.12,6.67,21.82,83.92,0.86,271.62,0.0,0.0
2024-12-08 21:00:00,63.12,137.67,6.66,10.89,1.55,14.200323930551686,21.18,85.56,0.65,166.81,0.0,0.0
2024-12-08 22:00:00,68.78,153.17,5.98,12.5,1.46,1.72,21.73,84.86,0.94,335.56,0.0,0.0
2024-12-08 23:00:00,66.28,139.83,11.69,17.92,0.59,12.95,22.44,83.48,0.62,164.07,0.0,0.0
2024-12-09 00:00:00,49.98,121.08,12.63,15.82,0.69,12.62,21.28,85.7,0.84,290.52,0.0,0.0
2024-12-09 01:00:00,46.64,119.17,17.49,13.43,0.53,16.1,20.34,85.1,0.86,291.4,0.0,0.0
2024-12-09 02:00:00,42.75,101.33,15.57,11.85,0.52,13.94,18.41,86.04,1.37,322.37,0.0,0.0
2024-12-09 03:00:00,42.0,88.86,15.62,9.78,0.42,14.1,17.49,86.54,1.38,316.06,0.0,0.0
2024-12-09 04:00:00,35.9,86.08,12.57,10.14,0.29,32.48,17.05,78.87,1.41,325.03,0.0,0.0
2024-12-09 05:00:00,33.52,76.58,10.7,9.83,0.28,33.76,16.47,80.1,1.37,317.03,0.0,0.0
2024-12-09 06:00:00,29.95,68.25,10.37,9.94,0.28,34.51,16.0,81.09,1.38,319.68,0.0,0.0
2024-12-09 07:00:00,31.9,73.3,13.6,12.88,0.34,34.27,16.71,79.52,1.0,323.72,0.0,0.0
2024-12-09 08:00:00,36.68,72.85,14.72,13.22,0.37,39.93,18.97,72.26,1.24,346.44,0.0,58.0
2024-12-09 09:00:00,35.71,83.38,12.6,11.05,0.32,63.83,22.07,57.78,1.76,354.63,0.0,233.02
2024-12-09 10:00:00,32.96,78.04,10.07,9.09,0.24,76.2,24.1,49.0,1.46,349.12,0.0,234.02
2024-12-09 11:00:00,31.8,67.71,8.391243763715895,8.52,0.21,80.06,25.49,46.68,1.37,181.47,0.0,235.0
2024-12-09 12:00:00,33.87,66.15,1.52,5.7,0.21,81.02,26.88,44.13,1.26,347.34,0.0,223.6
2024-12-09 13:00:00,32.32,68.69,8.652255329416654,8.15,0.22,82.58,27.8,41.14,1.05,168.56,0.0,205.28
2024-12-09 14:00:00,32.86,62.1,7.87,6.18,0.18,92.44,27.66,41.1,1.35,338.31,0.0,198.42
2024-12-09 15:00:00,27.48,54.64,8.09,6.07,0.21,92.59,26.68,43.08,0.86,264.45,0.0,30.3
2024-12-09 16:00:00,29.43,57.85,29.63,7.79,0.66,68.28,25.32,47.92,0.7,159.8,0.0,0.0
2024-12-09 17:00:00,29.95,62.86,27.62,6.22,0.63,56.08,22.53,56.88,1.24,294.24,0.0,0.0
2024-12-09 18:00:00,29.98,72.94,39.2,11.53,0.79,31.98,20.45,64.58,1.28,309.9,0.0,0.0
2024-12-09 19:00:00,34.74,76.22,25.35,7.77,0.47,53.77,20.56,51.92,1.14,321.64,0.0,0.0
2024-12-09 20:00:00,31.29,76.74,12.38,11.69,0.23,64.18,20.06,47.35,1.22,335.76,0.0,0.0
2024-12-09 21:00:00,27.36,71.6,13.05,11.09,0.27,58.2,19.11,48.7,1.33,326.76,0.0,0.0
2024-12-09 22:00:00,26.25,69.43,15.14,12.02,0.25,52.68,17.96,52.26,1.37,311.12,0.0,0.0
2024-12-09 23:00:00,27.92,75.21,16.53,10.01,0.31,46.42,16.53,56.84,1.33,302.61,0.0,0.0
2024-12-10 00:00:00,26.0,72.01,13.99,9.07,0.34,48.39,15.96,57.82,1.32,304.6,0.0,0.0
2024-12-10 01:00:00,22.2,62.28,14.14,9.78,0.37,50.52,15.58,56.46,1.37,300.54,0.0,0.0
2024-12-10 02:00:00,23.44,67.11,10.09,10.93,0.31,52.58,15.15,54.07,1.42,304.4,0.0,0.0
2024-12-10 03:00:00,28.03,67.41,8.08,9.3,0.26,52.16,14.3,54.92,1.27,304.2,0.0,0.0
2024-12-10 04:00:00,26.66,61.63,7.78,10.28,0.24,50.84,13.46,55.45,1.34,295.52,0.0,0.0
2024-12-10 05:00:00,23.3,60.49,9.16,11.16,0.33,47.14,12.74,57.56,1.25,284.98,0.0,0.0
2024-12-10 06:00:00,26.38,62.3,9.31,9.22,0.29,46.21,12.5,57.73,1.36,296.48,0.0,0.0
2024-12-10 07:00:00,26.17,62.18,11.32,11.7,0.36,47.03,13.41,55.14,1.04,324.17,0.0,0.0
2024-12-10 08:00:00,27.58,65.53,13.98,31.84,0.35,55.48,15.97,46.88,1.2,269.77,0.0,52.08
2024-12-10 09:00:00,28.64,73.73,10.42,10.57,0.35,67.82,18.75,41.67,0.91,185.27,0.0,177.48
2024-12-10 10:00:00,29.17,84.8,11.04,9.8,0.35,73.99,20.68,39.52,1.3,269.54,0.0,191.68
2024-12-10 11:00:00,33.42,88.27,10.82,10.36,0.38,82.86,22.78,36.69,1.08,184.45,0.0,133.08
2024-12-10 12:00:00,33.44,91.18,12.82,9.84,0.4,89.9,24.62,34.17,0.59,82.93,0.0,108.4
2024-12-10 13:00:00,30.35,90.96,14.38,9.58,0.38,95.29,25.6,33.45,0.81,120.14,0.0,116.85
2024-12-10 14:00:00,29.16,88.28,21.09,94.14,0.31,84.16,25.42,34.4,0.91,252.55,0.0,113.9
2024-12-10 15:00:00,25.92,92.95,24.06,98.93,0.26,78.5,24.17,37.52,0.61,170.81,0.0,27.8
2024-12-10 16:00:00,28.58,92.41,10.76,17.48,0.32,81.71,22.58,41.79,1.01,303.26,0.0,0.0
2024-12-10 17:00:00,31.27,82.14,23.64,10.22,0.54,59.19,20.06,49.2,0.86,315.47,0.0,0.0
2024-12-10 18:00:00,33.29,78.95,40.33,9.64,1.05,31.67,18.28,55.55,1.04,177.69,0.0,0.0
2024-12-10 19:00:00,37.61,81.32,58.3,9.08,1.44,19.49,17.7,55.0,0.45,222.87,0.0,0.0
2024-12-10 20:00:00,44.82,102.2,38.34,9.72,0.85,42.6,17.9,48.9,0.87,321.87,0.0,0.0
2024-12-10 21:00:00,39.67,90.8,27.44,9.45,0.63,48.2,17.14,49.06,0.9,329.14,0.0,0.0
2024-12-10 22:00:00,41.91,84.02,19.23,7.37,0.56,52.84,15.91,52.15,1.36,308.46,0.0,0.0
2024-12-10 23:00:00,42.5,75.88,15.56,6.97,0.48,57.49,15.38,53.78,1.3,320.55,0.0,0.0
2024-12-11 00:00:00,39.53,73.23,16.13,7.13,0.44,50.24,13.86,61.86,1.33,299.07,0.0,0.0
2024-12-11 01:00:00,43.1,70.8,11.16,6.1,0.36,49.71,12.74,68.22,1.46,307.56,0.0,0.0
2024-12-11 02:00:00,34.37,68.68,8.83,6.7,0.34,53.29,12.19,65.84,1.36,304.53,0.0,0.0
2024-12-11 03:00:00,38.25,70.7,14.67,6.58,0.54,42.3,11.8,69.36,1.52,312.71,0.0,0.0
2024-12-11 04:00:00,51.76,83.24,13.1,7.36,0.61,45.66,11.46,68.2,1.45,310.3,0.0,0.0
2024-12-11 05:00:00,71.56,97.51,14.52,7.49,0.81,42.5,10.76,70.68,1.46,313.08,0.0,0.0
2024-12-11 06:00:00,92.82,118.39,15.39,7.49,0.78,40.09,10.62,71.88,1.46,311.3,0.0,0.0
2024-12-11 07:00:00,98.31,129.7,15.18,7.67,0.63,40.83,11.5,69.92,1.3,320.29,0.0,0.0
2024-12-11 08:00:00,80.64,119.15,17.47,10.26,0.57,54.86,14.77,60.49,1.16,342.96,0.0,41.85
2024-12-11 09:00:00,76.79,123.03,17.91,11.61,0.59,75.73,18.16,51.21,1.05,185.46,0.0,120.75
2024-12-11 10:00:00,76.92,123.31,19.93,24.56,0.64,87.33,20.66,46.26,0.84,109.78,0.0,130.72
2024-12-11 11:00:00,78.6,124.13,20.92,34.78,0.63,100.14,22.7,42.87,0.74,134.43,0.0,125.65
2024-12-11 12:00:00,71.02,118.03,17.11,62.94,0.48,104.03,24.53,39.24,0.63,125.43,0.0,121.48
2024-12-11 13:00:00,61.39,109.0,27.19,137.47,0.39,87.56,25.45,37.45,0.51,119.14,0.0,124.37
2024-12-11 14:00:00,64.66,107.65,59.81,32.870022746255316,0.46,55.88,25.42,37.63,0.77,230.14,0.0,133.68
2024-12-11 15:00:00,61.14,126.34,53.58,32.15523915552415,0.39,60.34,24.27,38.92,0.6,288.4,0.0,29.0
2024-12-11 16:00:00,64.67,134.95,44.25,183.47,0.4,58.4,22.6,42.84,1.14,304.32,0.0,0.0
2024-12-11 17:00:00,60.78,134.82,66.98,143.27,0.92,31.6,19.6,52.45,1.23,297.62,0.0,0.0
2024-12-11 18:00:00,68.96,149.06,72.19,47.0,1.29,5.01,17.14,72.19,1.25,318.1,0.0,0.0
2024-12-11 19:00:00,105.79,203.77,56.71,18.24,1.54,34.74803801302037,15.65,82.8,1.31,301.77,0.0,0.0
2024-12-11 20:00:00,87.99,198.44,50.98,12.21,2.12,0.32,14.76,84.47,1.31,306.24,0.0,0.0
2024-12-11 21:00:00,100.22,204.99,45.73,10.06,3.09,1.68,14.31,84.23,1.3,301.6,0.0,0.0
2024-12-11 22:00:00,151.39,235.08,41.44,8.9,2.21,0.74,13.58,86.63,1.44,307.94,0.0,0.0
2024-12-11 23:00:00,146.54,237.43,50.62,8.78,1.71,5.55,13.18,81.35,1.48,313.83,0.0,0.0
2024-12-12 00:00:00,125.87,220.97,29.95,10.67,0.76,18.84,13.23,72.52,1.48,314.29,0.0,0.0
2024-12-12 01:00:00,122.78,195.18,21.05,8.54,0.74,22.44,12.5,76.32,1.43,308.99,0.0,0.0
2024-12-12 02:00:00,112.48,169.02,16.55,7.57,0.71,22.66,11.76,80.66,1.36,311.92,0.0,0.0
2024-12-12 03:00:00,112.08,164.06,16.45,6.73,0.69,19.2,11.35,82.18,1.39,306.21,0.0,0.0
2024-12-12 04:00:00,96.88,146.0,20.72,8.09,0.64,27.86,10.96,79.75,1.39,306.14,0.0,0.0
2024-12-12 05:00:00,98.6,150.12,16.64,7.42,0.69,28.4,11.01,77.6,1.5,324.58,0.0,0.0
2024-12-12 06:00:00,90.3,136.32,15.86,9.36,0.6,34.32,10.8,74.88,1.42,320.63,0.0,0.0
2024-12-12 07:00:00,87.34,133.68,15.07,10.2,0.53,32.49,11.79,71.84,1.48,327.14,0.0,0.0
2024-12-12 08:00:00,82.57,125.66,18.84,12.78,0.57,42.86,14.92,63.26,1.18,254.12,0.0,43.32
2024-12-12 09:00:00,72.74,121.16,21.44,13.39,0.58,63.61,18.69,53.12,0.65,213.92,0.0,155.6
2024-12-12 10:00:00,70.42,123.21,26.14,18.35,0.66,80.64,21.42,48.05,0.68,173.22,0.0,155.07
2024-12-12 11:00:00,77.36,127.33,23.6,40.36,0.61,97.8,23.31,44.57,0.42,8.84,0.0,173.7
2024-12-12 12:00:00,72.41,127.36,34.36,141.81,0.45,95.98,24.71,40.8,0.72,117.34,0.0,175.42
2024-12-12 13:00:00,71.09,130.0,9.88,136.21,0.39,100.05,25.16,39.01,1.01,257.51,0.0,155.55
2024-12-12 14:00:00,66.02,126.75,25.38,148.89,0.38,96.99,26.04,38.48,0.5,203.72,0.0,154.8
2024-12-12 15:00:00,61.59,125.62,36.44,171.84,0.43,82.96,24.79,40.74,0.81,190.41,0.0,28.32
2024-12-12 16:00:00,67.75,125.72,25.28,138.49,0.46,73.94,23.19,44.84,0.78,165.58,0.0,0.0
2024-12-12 17:00:00,70.4,131.95,23.49,135.29,0.94,34.69,20.06,54.37,1.25,30.42,0.0,0.0
2024-12-12 18:00:00,72.16,138.28,77.82,104.72,1.8,7.48,17.74,60.8,1.22,251.94,0.0,0.0
2024-12-12 19:00:00,87.49,171.43,69.76,51.12,3.1,3.58,16.62,66.21,1.32,310.25,0.0,0.0
2024-12-12 20:00:00,129.71,226.1,61.73,22.99,2.16,0.73,15.26,80.46,1.39,306.03,0.0,0.0
2024-12-12 21:00:00,127.25,245.16,57.13,31.02,2.5,0.28,14.64,80.81,1.4,308.2,0.0,0.0
2024-12-12 22:00:00,145.72,272.35,63.13,28.52,1.85,5.23,15.2,73.61,1.44,309.01,0.0,0.0
2024-12-12 23:00:00,143.0,259.03,22.61,19.82,1.6,17.61,14.42,75.96,1.37,315.06,0.0,0.0
2024-12-13 00:00:00,140.74,233.89,13.28,15.07,1.04,15.49,13.79,77.58,1.37,309.84,0.0,0.0
2024-12-13 01:00:00,141.73,215.04,10.9,12.35,0.77,24.4,13.68,77.4,1.4,310.67,0.0,0.0
2024-12-13 02:00:00,105.63,158.9,8.24,10.8,0.42,30.55,13.25,78.42,0.95,260.52,0.0,0.0
2024-12-13 03:00:00,86.66,131.13,11.53,9.67,0.45,27.4,12.64,79.63,1.4,307.29,0.0,0.0
2024-12-13 04:00:00,81.48,106.0,10.24,9.61,0.44,29.71,12.45,77.49,1.49,312.09,0.0,0.0
2024-12-13 05:00:00,71.4,98.43,4.47,9.53,0.34,38.47,12.46,73.38,1.56,324.86,0.0,0.0
2024-12-13 06:00:00,68.78,89.34,7.58,10.04,0.33,42.28,12.03,69.27,1.49,330.31,0.0,0.0
2024-12-13 07:00:00,61.87,82.21,10.16,10.3,0.37,45.2,13.04,64.2,1.48,337.37,0.0,0.02
2024-12-13 08:00:00,59.63,84.12,11.93,12.72,0.4,59.17,15.47,56.32,1.54,257.06,0.0,35.98
2024-12-13 09:00:00,57.37,91.64,25.33,105.77,0.37,59.16,17.94,49.78,1.42,176.41,0.0,125.92
2024-12-13 10:00:00,59.48,102.82,24.56,194.43,0.4,57.03,20.41,45.92,1.23,182.48,0.0,113.12
2024-12-13 11:00:00,59.07,113.98,28.12,26.297706037196217,0.38,65.91,22.42,41.74,1.4,264.52,0.0,121.68
2024-12-13 12:00:00,65.83,120.54,40.28,32.05494296971446,0.35,74.26,23.71,40.04,1.33,264.32,0.0,113.88
2024-12-13 13:00:00,69.1,125.35,33.03,29.56117808569723,0.31,69.75,24.83,38.72,1.25,180.52,0.0,138.4
2024-12-13 14:00:00,63.82,128.73,3.56,146.76,0.28,78.59,25.17,37.7,1.02,262.84,0.0,136.52
2024-12-13 15:00:00,58.36,118.1,5.0,149.74,0.31,86.69,24.24,39.16,0.62,21.9,0.0,24.35
2024-12-13 16:00:00,58.44,110.72,30.84,116.23,0.42,77.03,22.89,42.72,0.21,129.95,0.0,0.0
2024-12-13 17:00:00,55.66,109.09,40.41,61.64,0.68,54.66,19.74,50.97,1.08,328.54,0.0,0.0
2024-12-13 18:00:00,45.93,105.22,44.6,22.72,1.38,36.92,17.74,54.68,1.14,327.6,0.0,0.0
2024-12-13 19:00:00,61.83,121.78,47.04,16.45,2.36,10.92,16.09,62.35,1.25,323.97,0.0,0.0
2024-12-13 20:00:00,107.46,165.36,61.92,15.98,2.52,9.71,15.65,60.01,0.9,250.03,0.0,0.0
2024-12-13 21:00:00,121.02,176.27,37.16,13.11,1.34,25.1,15.57,52.12,1.22,302.06,0.0,0.0
2024-12-13 22:00:00,115.23,170.48,34.35,14.12,0.94,30.57,14.21,56.72,1.38,307.75,0.0,0.0
2024-12-13 23:00:00,93.7,144.4,15.47,8.49,0.52,49.36,13.58,54.9,1.15,320.92,0.0,0.0
2024-12-14 00:00:00,71.63,120.78,13.86,9.1,0.43,52.89,12.48,54.52,1.27,317.86,0.0,0.0
2024-12-14 01:00:00,59.56,95.76,12.52,9.31,0.39,51.77,11.71,58.96,1.36,307.16,0.0,0.0
2024-12-14 02:00:00,55.72,98.34,10.78,8.68,0.38,50.7,11.08,60.08,1.45,308.4,0.0,0.0
2024-12-14 03:00:00,53.79,87.48,10.95,8.79,0.35,50.58,10.57,61.81,1.26,304.93,0.0,0.0
2024-12-14 04:00:00,53.05,79.9,9.16,8.96,0.32,54.83,10.5,60.94,1.46,306.88,0.0,0.0
2024-12-14 05:00:00,44.38,76.99,9.2,9.52,0.32,55.06,10.4,62.36,1.4,306.88,0.0,0.0
2024-12-14 06:00:00,48.72,77.97,12.58,10.54,0.55,49.9,10.24,63.04,1.47,307.92,0.0,0.0
2024-12-14 07:00:00,61.29,101.23,17.09,12.8,0.74,45.92,11.15,59.9,1.48,324.21,0.0,0.1
2024-12-14 08:00:00,64.59,104.72,15.63,11.8,0.4,60.05,13.95,50.66,1.33,179.18,0.0,38.15
2024-12-14 09:00:00,63.88,100.3,12.05,11.2,0.32,74.04,17.16,42.6,1.13,100.25,0.0,124.35
2024-12-14 10:00:00,63.16,96.3,11.77,13.49,0.28,79.63,19.94,37.84,0.82,190.98,0.0,152.98
2024-12-14 11:00:00,53.35,91.77,11.51,15.07,0.28,88.2,22.19,33.22,1.05,91.51,0.0,158.6
2024-12-14 12:00:00,46.39,86.71,14.47,14.95,0.34,100.81,23.96,32.34,0.88,271.02,0.0,164.5
2024-12-14 13:00:00,43.16,85.26,25.8,47.08,0.45,101.56,24.8,31.65,0.8,141.39,0.0,162.5
2024-12-14 14:00:00,44.97,86.7,5.12,129.06,0.32,79.36,25.45,29.5,0.91,343.93,0.0,137.95
2024-12-14 15:00:00,45.71,93.33,2.76,66.6,0.22,84.18,24.27,28.9,0.57,184.5,0.0,23.4
2024-12-14 16:00:00,40.79,85.38,16.07,50.0,0.39,68.89,22.76,32.57,0.54,191.87,0.0,0.0
2024-12-14 17:00:00,36.44,85.44,59.52,25.61,0.92,31.75,18.9,42.0,1.08,238.46,0.0,0.0
2024-12-14 18:00:00,40.92,87.68,65.94,15.02,0.92,7.3,15.82,63.79,1.33,313.77,0.0,0.0
2024-12-14 19:00:00,53.1,105.61,40.65,13.19,1.2,3.86,13.93,78.68,1.36,302.84,0.0,0.0
2024-12-14 20:00:00,56.4,114.98,36.48,11.1,1.6,3.19,13.14,79.42,1.36,305.42,0.0,0.0
2024-12-14 21:00:00,70.99,119.92,24.1,11.49,1.76,3.2,13.03,76.46,1.47,321.22,0.0,0.0
2024-12-14 22:00:00,81.48,131.97,58.2,14.63,2.02,4.22,13.08,67.48,1.27,312.42,0.0,0.0
2024-12-14 23:00:00,86.15,153.13,44.04,14.17,1.21,12.18,12.8,62.2,1.22,309.76,0.0,0.0
2024-12-15 00:00:00,98.18,156.38,34.4,17.8,1.18,21.74,12.58,63.85,1.3,306.06,0.0,0.0
2024-12-15 01:00:00,102.83,159.8,19.09,11.92,0.72,32.89,11.82,63.53,1.35,299.05,0.0,0.0
2024-12-15 02:00:00,87.83,133.05,17.62,9.27,0.44,38.66,10.97,65.02,0.99,264.42,0.0,0.0
2024-12-15 03:00:00,71.64,106.76,11.87,8.66,0.38,45.68,9.74,66.31,1.25,306.33,0.0,0.0
2024-12-15 04:00:00,62.06,92.38,20.54,9.09,0.62,41.8,8.98,69.05,1.08,299.04,0.0,0.0
2024-12-15 05:00:00,65.92,85.9,15.16,8.83,0.68,42.08,8.81,66.0,1.41,309.62,0.0,0.0
2024-12-15 06:00:00,58.81,85.96,11.45,8.16,0.4,39.48,8.54,70.65,1.51,313.91,0.0,0.0
2024-12-15 07:00:00,53.02,87.57,14.04,9.32,0.4,42.0,10.54,61.92,1.55,331.27,0.0,0.6
2024-12-15 08:00:00,51.22,79.88,12.94,14.74,0.39,59.94,14.18,51.07,1.29,346.22,0.0,47.32
2024-12-15 09:00:00,53.19,87.08,4.88,16.66,0.34,70.86,17.93,42.43,1.11,179.6,0.0,206.9
2024-12-15 10:00:00,49.32,88.25,9.12,12.45,0.3,79.78,20.42,38.86,1.02,192.62,0.0,188.52
2024-12-15 11:00:00,51.64,84.21,14.14,20.5,0.3,85.41,23.0,34.04,1.0,353.51,0.0,222.25
2024-12-15 12:00:00,45.36,79.82,11.08,13.9,0.34,94.46,24.96,28.8,0.39,144.03,0.0,219.08
2024-12-15 13:00:00,46.92,81.19,10.51,10.06,0.25,99.03,25.57,26.96,0.79,255.95,0.0,217.08
2024-12-15 14:00:00,44.12,74.87,13.88,8.34,0.31,94.33,26.23,27.14,0.43,200.0,0.0,207.15
2024-12-15 15:00:00,44.36,69.46,12.62,24.02,0.33,88.36,24.88,28.61,0.3,186.97,0.0,27.45
2024-12-15 16:00:00,37.53,63.14,16.7,15.45,0.62,74.01,23.34,33.29,0.73,127.62,0.0,0.0
2024-12-15 17:00:00,37.2,66.59,54.01,13.34,1.34,42.98,19.47,43.44,1.14,66.54,0.0,0.0
2024-12-15 18:00:00,63.38,100.68,52.57,10.71,0.94,27.21,16.57,54.16,1.28,304.73,0.0,0.0
2024-12-15 19:00:00,73.81,112.91,40.74,10.33,1.03,5.46,14.87,72.6,1.35,312.13,0.0,0.0
2024-12-15 20:00:00,70.12,117.51,36.2,9.25,1.1,2.11,13.7,80.77,1.4,311.54,0.0,0.0
2024-12-15 21:00:00,72.34,114.36,43.85,10.83,1.98,3.2,13.18,77.21,1.38,321.44,0.0,0.0
2024-12-15 22:00:00,89.02,141.39,48.36,11.64,2.06,2.71,12.42,78.94,1.38,312.92,0.0,0.0
2024-12-15 23:00:00,104.52,158.91,45.3,9.66,1.87,2.78,11.61,81.77,1.45,311.8,0.0,0.0
2024-12-16 00:00:00,110.85,171.3,42.08,10.02,1.4,6.87,11.24,78.76,1.36,308.24,0.0,0.0
2024-12-16 01:00:00,111.96,171.18,30.76,10.3,1.33,16.88,11.11,74.18,1.19,303.35,0.0,0.0
2024-12-16 02:00:00,112.66,164.89,25.84,11.16,1.42,27.28,11.48,68.47,1.46,320.42,0.0,0.0
2024-12-16 03:00:00,121.84,162.86,22.16,10.06,1.14,28.42,10.88,70.19,1.47,326.97,0.0,0.0
2024-12-16 04:00:00,115.7,151.32,19.2,12.8,0.89,33.36,10.46,66.99,1.42,323.95,0.0,0.0
2024-12-16 05:00:00,106.17,141.56,23.36,15.0,1.23,35.38,10.2,65.03,1.51,316.25,0.0,0.0
2024-12-16 06:00:00,106.03,134.94,25.99,16.88,1.12,33.94,10.13,64.57,1.57,326.88,0.0,0.0
2024-12-16 07:00:00,112.42,141.43,17.02,13.51,0.45,29.67,11.26,62.29,1.59,338.94,0.0,0.02
2024-12-16 08:00:00,94.04,124.91,16.62,16.51,0.46,46.24,14.57,54.24,1.33,252.29,0.0,43.35
2024-12-16 09:00:00,78.63,115.59,17.3,18.21,0.41,63.2,18.56,45.0,0.86,22.4,0.0,212.98
2024-12-16 10:00:00,65.84,113.26,19.94,18.36,0.52,78.7,20.54,42.84,1.11,174.01,0.0,206.05
2024-12-16 11:00:00,64.25,114.87,23.91,12.54,0.57,94.91,23.08,39.18,0.49,125.02,0.0,220.73
2024-12-16 12:00:00,64.29,115.51,17.89,19.89,0.5,115.57,24.73,37.06,0.7,265.18,0.0,222.6
2024-12-16 13:00:00,61.3,123.61,19.98,23.96,0.49,123.88,26.12,34.31,0.47,48.19,0.0,230.1
2024-12-16 14:00:00,62.12,119.94,18.25,70.23,0.43,124.24,26.42,33.66,0.57,114.1,0.0,202.6
2024-12-16 15:00:00,66.34,117.25,19.23,59.18,0.42,118.44,25.12,35.11,0.57,115.74,0.0,25.55
2024-12-16 16:00:00,52.55,99.74,41.8,24.69,0.89,81.98,23.36,40.38,0.59,267.78,0.0,0.0
2024-12-16 17:00:00,60.7,94.56,115.52,20.02,2.48,8.51,19.83,50.23,1.22,295.4,0.0,0.0
2024-12-16 18:00:00,65.12,100.91,63.93,13.4,1.53,16.12,16.75,69.78,1.36,306.98,0.0,0.0
2024-12-16 19:00:00,66.61,104.01,56.69,12.81,1.58,14.94,15.07,73.97,1.3,304.27,0.0,0.0
2024-12-16 20:00:00,75.69,117.1,67.63,12.96,2.86,8.57,14.22,77.15,1.33,301.81,0.0,0.0
2024-12-16 21:00:00,96.26,145.58,59.12,11.37,1.93,5.65,13.26,82.21,1.36,310.16,0.0,0.0
2024-12-16 22:00:00,101.4,154.85,44.68,10.05,1.86,3.08,12.7,88.56,1.39,312.53,0.0,0.0
2024-12-16 23:00:00,100.52,149.09,53.66,10.12,2.6,2.96,12.3,86.49,1.41,311.84,0.0,0.0
2024-12-17 00:00:00,107.68,168.05,51.3,9.8,2.19,2.26,11.62,87.83,1.43,312.21,0.0,0.0
2024-12-17 01:00:00,105.83,176.47,40.36,8.93,1.94,4.08,10.98,90.2,1.27,312.98,0.0,0.0
2024-12-17 02:00:00,110.22,167.55,25.03,7.9,1.02,8.9,10.92,83.99,1.42,307.36,0.0,0.0
2024-12-17 03:00:00,102.95,149.8,25.45,8.66,1.12,16.56,10.17,80.48,1.48,313.72,0.0,0.0
2024-12-17 04:00:00,95.84,129.33,18.65,7.99,0.58,21.18,9.89,80.97,1.48,315.72,0.0,0.0
2024-12-17 05:00:00,79.18,109.39,13.98,7.84,0.52,29.99,9.73,77.43,1.53,315.49,0.0,0.0
2024-12-17 06:00:00,73.39,85.2,19.36,9.57,0.68,32.54,9.5,74.36,1.4,320.13,0.0,0.0
2024-12-17 07:00:00,72.68,85.36,17.18,11.42,0.41,30.43,10.5,71.58,1.47,334.46,0.0,0.15
2024-12-17 08:00:00,68.0,82.72,22.79,16.27,0.58,45.6,14.3,60.95,1.58,259.64,0.0,32.28
2024-12-17 09:00:00,61.18,97.11,21.59,16.69,0.54,68.31,18.34,50.65,1.02,268.28,0.0,159.25
2024-12-17 10:00:00,56.16,99.61,28.06,17.79,0.61,85.18,21.4,45.82,0.8,189.72,0.0,178.48
2024-12-17 11:00:00,60.42,106.52,26.12,74.61,0.5,97.04,23.88,41.02,0.94,263.57,0.0,192.48
2024-12-17 12:00:00,53.27,104.97,24.62,124.38,0.33,95.43,25.98,34.4,0.94,352.02,0.0,211.4
2024-12-17 13:00:00,47.89,98.84,40.78,196.56,0.32,72.89,27.27,30.37,0.78,213.12,0.0,189.98
2024-12-17 14:00:00,44.26,95.24,56.34,33.43567219841947,0.47,71.14,27.72,31.17,0.77,65.38,0.0,179.38
2024-12-17 15:00:00,40.53,99.78,53.52,154.24,0.43,67.83,26.3,32.05,0.57,94.16,0.0,22.22
2024-12-17 16:00:00,43.3,97.53,69.2,121.17,1.09,51.89,24.18,36.15,0.59,222.85,0.0,0.0
2024-12-17 17:00:00,44.94,97.97,94.18,74.78,1.8,19.2,20.18,46.91,1.27,35.66,0.0,0.0
2024-12-17 18:00:00,47.88,105.88,96.52,48.69,2.94,5.65,17.66,54.29,1.17,186.69,0.0,0.0
2024-12-17 19:00:00,63.5,129.25,100.39,40.06,2.48,8.2,16.42,58.2,1.26,306.38,0.0,0.0
2024-12-17 20:00:00,86.68,150.98,88.71,26.28,2.4,6.28,14.93,67.86,1.37,308.77,0.0,0.0
2024-12-17 21:00:00,91.9,160.21,67.34,15.2,2.0,3.36,13.39,79.15,1.39,305.81,0.0,0.0
2024-12-17 22:00:00,91.73,153.68,65.9,13.58,2.37,4.0,12.67,82.6,1.23,309.37,0.0,0.0
2024-12-17 23:00:00,94.56,155.47,58.5,11.58,2.1,2.27,12.01,86.14,1.4,308.71,0.0,0.0
2024-12-18 00:00:00,92.54,152.2,49.35,14.64,1.64,5.94,12.14,78.99,1.46,316.43,0.0,0.0
2024-12-18 01:00:00,94.88,150.15,34.17,15.16,1.37,16.4,12.28,72.1,1.55,325.47,0.0,0.0
2024-12-18 02:00:00,95.76,141.61,26.69,14.99,1.1,20.24,11.74,72.0,1.54,319.96,0.0,0.0
2024-12-18 03:00:00,90.16,134.45,23.41,14.26,0.76,21.32,10.9,73.1,1.41,307.76,0.0,0.0
2024-12-18 04:00:00,80.85,114.72,22.15,13.26,0.66,20.78,11.04,72.48,1.56,324.53,0.0,0.0
2024-12-18 05:00:00,72.42,105.82,19.02,12.9,0.56,25.4,10.4,72.81,1.55,319.36,0.0,0.0
2024-12-18 06:00:00,68.92,97.34,17.92,12.8,0.44,27.16,10.2,72.43,1.56,320.04,0.0,0.0
2024-12-18 07:00:00,64.56,88.53,19.0,14.05,0.42,29.93,11.88,65.7,1.16,263.69,0.0,0.15
2024-12-18 08:00:00,57.85,83.58,23.66,18.31,0.55,43.45,15.12,57.47,1.1,182.0,0.0,32.25
2024-12-18 09:00:00,56.84,85.8,28.42,19.67,0.64,64.99,18.99,48.98,1.1,266.22,0.0,153.88
2024-12-18 10:00:00,58.55,100.47,39.45,20.23,0.9,96.67,22.04,43.42,0.53,114.71,0.0,185.8
2024-12-18 11:00:00,64.4,109.78,28.45,36.45,0.72,117.88,24.1,40.75,0.83,105.7,0.0,184.12
2024-12-18 12:00:00,65.44,115.96,20.9,42.9,0.58,135.25,25.35,38.93,0.87,182.16,0.0,188.2
2024-12-18 13:00:00,61.62,117.42,21.59,54.5,0.6,137.8,26.81,34.69,0.41,73.22,0.0,190.8
2024-12-18 14:00:00,66.92,115.1,14.78,36.7,0.43,128.31,26.84,33.92,0.46,181.68,0.0,187.18
2024-12-18 15:00:00,67.71,112.1,16.55,37.95,0.43,127.09,25.51,35.64,0.54,187.92,0.0,25.0
2024-12-18 16:00:00,62.42,105.32,36.93,23.34,0.78,94.58,24.05,40.61,0.9,177.24,0.0,0.0
2024-12-18 17:00:00,66.88,106.71,110.48,21.29,2.33,14.72,20.3,51.5,1.24,281.12,0.0,0.0
2024-12-18 18:00:00,67.97,119.97,82.02,18.0,1.6,22.76,17.12,63.38,1.31,311.33,0.0,0.0
2024-12-18 19:00:00,75.09,142.82,68.32,14.83,1.42,8.58,15.32,75.2,1.38,308.5,0.0,0.0
2024-12-18 20:00:00,82.13,141.3,62.34,13.22,1.65,5.3,14.27,80.04,1.34,307.56,0.0,0.0
2024-12-18 21:00:00,85.5,140.23,62.37,12.88,1.76,6.05,13.48,79.69,1.39,316.74,0.0,0.0
2024-12-18 22:00:00,97.75,151.07,51.98,11.46,1.98,2.5,12.94,85.97,1.4,318.44,0.0,0.0
2024-12-18 23:00:00,101.04,158.52,55.02,11.09,2.51,2.94,12.18,88.58,1.12,240.68,0.0,0.0
2024-12-19 00:00:00,107.11,161.53,57.31,11.05,2.16,3.45,12.6,84.04,1.52,320.99,0.0,0.0
2024-12-19 01:00:00,114.82,163.06,36.54,10.45,1.71,12.0,12.23,82.62,1.5,316.44,0.0,0.0
2024-12-19 02:00:00,124.12,168.42,28.62,11.14,1.08,20.68,12.22,78.33,1.48,323.28,0.0,0.0
2024-12-19 03:00:00,121.23,157.51,23.8,10.18,1.04,19.24,11.76,80.8,1.58,322.24,0.0,0.0
2024-12-19 04:00:00,110.68,139.17,20.23,10.03,0.7,22.15,10.93,82.1,1.42,313.09,0.0,0.0
2024-12-19 05:00:00,86.16,117.63,19.23,10.35,0.65,23.36,10.31,82.13,1.36,307.94,0.0,0.0
2024-12-19 06:00:00,83.66,101.57,23.23,10.2,0.91,19.98,9.9,81.92,1.37,306.53,0.0,0.0
2024-12-19 07:00:00,79.43,95.02,21.75,10.59,0.64,21.3,11.1,77.38,1.43,323.33,0.0,0.0
2024-12-19 08:00:00,78.68,99.52,24.4,15.21,0.72,32.06,14.14,68.33,1.47,259.12,0.0,24.4
2024-12-19 09:00:00,76.49,113.57,27.1,35.81,0.72,61.44,18.28,56.88,1.17,260.39,0.0,132.3
2024-12-19 10:00:00,74.25,123.88,32.08,82.57,0.98,96.72,21.7,49.81,0.62,199.39,0.0,138.12
2024-12-19 11:00:00,81.88,143.24,33.46,87.74,1.14,125.37,24.32,45.05,0.62,122.43,0.0,156.05
2024-12-19 12:00:00,91.84,162.7,27.8,74.44,0.88,147.01,26.43,40.73,0.66,158.81,0.0,167.58
2024-12-19 13:00:00,93.88,169.92,21.97,60.19,0.7,150.68,27.26,40.43,0.84,183.21,0.0,170.8
2024-12-19 14:00:00,95.79,170.77,23.2,53.33,0.67,150.13,27.94,41.04,0.74,117.26,0.0,172.72
2024-12-19 15:00:00,92.42,155.61,19.68,53.08,0.65,153.58,26.78,43.68,0.45,257.58,0.0,21.48
2024-12-19 16:00:00,84.02,148.86,26.31,43.26,0.82,106.66,25.33,50.48,1.02,263.6,0.0,0.0
2024-12-19 17:00:00,81.53,142.3,53.65,40.04,1.2,66.31,22.26,60.9,1.15,38.05,0.0,0.0
2024-12-19 18:00:00,76.61,146.6,84.89,47.7,1.71,25.44,19.93,69.42,1.31,321.91,0.0,0.0
2024-12-19 19:00:00,78.31,156.67,87.88,34.17,2.2,5.03,19.48,75.47,1.25,327.35,0.0,0.0
2024-12-19 20:00:00,85.3,166.4,74.84,27.13,2.1,3.3,18.65,79.16,1.34,331.5,0.0,0.0
2024-12-19 21:00:00,92.95,166.77,68.22,22.72,2.92,3.28,18.24,80.19,1.37,326.53,0.0,0.0
2024-12-19 22:00:00,100.45,180.49,50.13,18.85,1.9,2.46,17.6,82.98,1.48,322.66,0.0,0.0
2024-12-19 23:00:00,100.64,183.18,50.47,19.31,2.12,10.84,17.87,78.81,1.48,323.54,0.0,0.0
2024-12-20 00:00:00,106.99,189.47,36.64,19.75,1.43,19.07,17.34,80.87,1.42,318.86,0.0,0.0
2024-12-20 01:00:00,111.4,189.86,25.75,19.9,1.01,29.4,16.86,78.62,1.51,320.13,0.0,0.0
2024-12-20 02:00:00,98.84,169.43,15.96,25.05,0.72,50.28,16.17,75.27,1.54,323.45,0.0,0.0
2024-12-20 03:00:00,87.65,159.14,15.23,21.4,0.72,46.02,15.84,76.36,1.58,328.85,0.0,0.0
2024-12-20 04:00:00,88.62,144.8,14.82,21.03,0.7,45.06,15.35,79.15,1.51,319.07,0.0,0.0
2024-12-20 05:00:00,84.37,132.07,13.52,24.39,0.59,50.35,15.42,77.02,1.52,323.36,0.0,0.0
2024-12-20 06:00:00,80.74,128.28,14.7,23.26,0.59,45.53,14.9,78.81,1.54,317.63,0.0,0.0
2024-12-20 07:00:00,77.58,127.5,16.32,21.57,0.62,40.84,15.38,78.61,1.52,328.65,0.0,0.0
2024-12-20 08:00:00,76.44,129.11,20.74,26.83,0.82,44.75,18.1,73.44,1.56,344.2,0.0,30.1
2024-12-20 09:00:00,67.38,132.68,21.12,34.5,0.83,58.19,21.08,69.07,1.14,182.08,0.0,155.62
2024-12-20 10:00:00,68.32,137.5,24.67,34.16,1.02,74.38,24.04,65.84,0.61,47.52,0.0,175.75
2024-12-20 11:00:00,73.91,138.98,22.76,28.59,0.96,86.51,26.14,63.34,0.43,253.57,0.0,174.58
2024-12-20 12:00:00,70.04,132.67,18.8,21.02,0.86,98.17,27.44,61.58,0.8,121.29,0.0,178.38
2024-12-20 13:00:00,67.71,128.01,15.8,21.25,0.71,100.42,28.56,58.1,0.44,154.84,0.0,182.12
2024-12-20 14:00:00,62.57,119.55,10.43,24.34,0.57,98.74,28.31,56.98,0.94,171.96,0.0,177.32
2024-12-20 15:00:00,58.83,111.5,15.82,62.57,0.58,89.06,27.83,57.72,0.65,258.81,0.0,29.02
2024-12-20 16:00:00,60.16,109.5,36.94,115.42,0.76,56.98,26.76,60.89,0.9,127.77,0.0,0.0
2024-12-20 17:00:00,69.70078398256979,132.81856031460057,63.7,36.4,1.38,23.92,24.17,69.26,1.22,251.14,0.0,0.0
2024-12-20 18:00:00,75.30285075540132,144.90481974666216,75.39,25.81,1.94,12.12,22.15,75.35,1.3,318.32,0.0,0.0
2024-12-20 19:00:00,165.1,219.89,74.26,31.15,2.62,4.97,20.98,80.68,1.3,304.02,0.0,0.0
2024-12-20 20:00:00,184.48,242.78,44.62,24.39,1.58,1.36,19.94,86.19,1.44,317.63,0.0,0.0
2024-12-20 21:00:00,154.72,224.91,51.69,24.19,2.01,9.85,20.47,81.44,1.37,328.22,0.0,0.0
2024-12-20 22:00:00,153.62,217.14,28.89,25.18,1.03,29.59,20.57,73.74,1.13,337.38,0.0,0.0
2024-12-20 23:00:00,122.71,176.51,16.75,24.28,0.7,42.12,20.37,68.46,1.36,314.31,0.0,0.0
2024-12-21 00:00:00,115.3,149.73,15.02,20.33,0.62,43.44,19.17,72.09,1.36,309.47,0.0,0.0
2024-12-21 01:00:00,108.44,134.76,14.7,18.46,0.6,43.84,18.25,74.67,1.34,306.42,0.0,0.0
2024-12-21 02:00:00,98.16,130.61,13.44,15.76,0.58,37.28,17.17,79.8,1.5,325.27,0.0,0.0
2024-12-21 03:00:00,94.7,125.26,10.62,22.19,0.55,60.09,17.61,72.45,1.24,331.52,0.0,0.0
2024-12-21 04:00:00,87.57,120.74,9.2,24.51,0.57,67.64,17.6,71.55,1.22,334.32,0.0,0.0
2024-12-21 05:00:00,106.36,127.22,9.88,22.85,0.58,65.84,16.83,72.6,1.24,323.85,0.0,0.0
2024-12-21 06:00:00,106.82,122.64,11.5,21.34,0.59,59.58,16.07,74.15,1.23,317.46,0.0,0.0
2024-12-21 07:00:00,107.19,129.2,13.01,22.39,0.6,59.86,16.52,71.48,1.38,324.53,0.0,0.0
2024-12-21 08:00:00,112.4,133.73,16.3,26.77,0.7,65.88,18.8,65.21,1.53,343.72,0.0,25.35
2024-12-21 09:00:00,100.08,135.13,15.69,39.76,0.62,74.37,21.44,61.77,1.27,269.5,0.0,110.02
2024-12-21 10:00:00,76.43,143.82,16.46,42.52,0.66,78.3,23.55,61.14,1.34,181.08,0.0,131.2
2024-12-21 11:00:00,68.73,149.66,14.53,39.42,0.59,85.26,25.41,59.17,1.18,266.86,0.0,139.2
2024-12-21 12:00:00,67.07,150.3,11.19,36.42,0.52,93.5,27.0,55.92,1.13,96.86,0.0,182.42
2024-12-21 13:00:00,68.5,152.08,22.17,92.42,0.46,81.84,27.78,53.05,0.76,190.08,0.0,200.35
2024-12-21 14:00:00,64.47,140.5,25.27,130.85,0.42,82.86,27.65,50.27,1.18,174.21,0.0,176.85
2024-12-21 15:00:00,69.14,136.41,9.73,43.95,0.38,97.71,27.18,47.45,1.23,180.1,0.0,38.7
2024-12-21 16:00:00,57.33,116.6,13.38,28.9,0.48,87.79,25.9,48.06,1.29,318.26,0.0,0.0
2024-12-21 17:00:00,52.92,107.34,28.53,23.47,0.64,66.88,23.04,52.56,0.99,288.58,0.0,0.0
2024-12-21 18:00:00,55.19,116.8,49.51,21.92,1.24,36.12,20.67,64.13,1.15,318.36,0.0,0.0
2024-12-21 19:00:00,64.82,145.12,64.47,22.24,1.6,20.04,20.12,67.2,1.16,322.63,0.0,0.0
2024-12-21 20:00:00,68.52,156.82,46.88,25.7,1.09,47.22,20.39,64.12,0.91,252.86,0.0,0.0
2024-12-21 21:00:00,69.11,159.2,22.06,23.07,0.69,77.12,20.22,59.0,0.89,261.75,0.0,0.0
2024-12-21 22:00:00,69.52,153.41,18.96,23.16,0.65,77.87,18.8,61.19,1.1,290.46,0.0,0.0
2024-12-21 23:00:00,70.61,147.41,24.09,22.14,0.74,56.12,17.09,70.28,0.86,320.35,0.0,0.0
2024-12-22 00:00:00,75.05,152.02,26.17,18.06,0.76,49.52,15.95,75.49,0.68,297.48,0.0,0.0
2024-12-22 01:00:00,70.39,158.02,15.4,16.39,0.64,62.03,15.38,74.22,1.18,320.68,0.0,0.0
2024-12-22 02:00:00,72.87,160.4,15.17,16.68,0.66,63.22,15.32,72.61,1.49,316.86,0.0,0.0
2024-12-22 03:00:00,81.14,152.76,14.41,16.1,0.74,64.13,14.62,74.06,1.36,308.08,0.0,0.0
2024-12-22 04:00:00,88.34,156.47,14.87,14.72,0.87,58.83,13.99,74.96,1.34,316.26,0.0,0.0
2024-12-22 05:00:00,87.16,155.5,15.31,15.5,0.96,53.34,13.41,73.96,1.2,309.04,0.0,0.0
2024-12-22 06:00:00,94.6,166.3,17.81,14.79,0.82,47.54,12.73,76.58,1.08,310.61,0.0,0.0
2024-12-22 07:00:00,104.96,172.78,20.85,15.28,0.8,42.97,13.19,74.68,1.16,308.82,0.0,0.0
2024-12-22 08:00:00,99.43,172.59,18.9,20.43,0.76,52.11,15.68,70.56,1.23,252.72,0.0,27.42
2024-12-22 09:00:00,94.63,169.26,17.8,31.55,0.74,72.36,18.74,64.77,1.32,168.1,0.0,165.82
2024-12-22 10:00:00,97.59,178.2,17.95,33.34,0.79,80.27,21.44,63.24,1.16,103.86,0.0,180.05
2024-12-22 11:00:00,95.02,190.04,21.75,30.64,0.88,84.59,24.0,62.51,0.79,94.92,0.0,185.55
2024-12-22 12:00:00,87.71,182.32,20.97,25.38,0.78,90.86,26.04,57.2,0.76,185.7,0.0,186.55
2024-12-22 13:00:00,84.68,177.1,19.15,24.14,0.65,99.82,27.17,50.12,0.73,114.11,0.0,203.75
2024-12-22 14:00:00,80.74,160.65,21.13,34.0,0.6,102.02,27.43,47.16,0.58,223.76,0.0,205.2
2024-12-22 15:00:00,73.89,149.22,22.37,89.7,0.5,100.04,26.48,45.29,0.24,124.29,0.0,29.28
2024-12-22 16:00:00,67.7,136.82,22.48,83.59,0.52,84.74,25.02,49.11,0.88,234.06,0.0,0.0
2024-12-22 17:00:00,64.06,125.89,51.0,41.62,1.16,46.11,21.99,58.04,1.08,200.1,0.0,0.0
2024-12-22 18:00:00,67.89,134.29,65.96,21.5,1.52,26.46,19.76,63.92,1.18,312.02,0.0,0.0
2024-12-22 19:00:00,69.98,148.6,54.21,16.97,1.44,13.53,18.52,72.7,1.33,317.36,0.0,0.0
2024-12-22 20:00:00,71.23,151.17,50.98,14.42,1.59,1.66,17.58,81.65,1.27,314.46,0.0,0.0
2024-12-22 21:00:00,72.48,155.51,39.04,13.45,2.3,1.6,17.01,85.42,1.22,320.18,0.0,0.0
2024-12-22 22:00:00,78.81,161.01,38.0,12.49,1.88,0.74,16.28,85.36,1.43,315.81,0.0,0.0
2024-12-22 23:00:00,80.4,161.22,50.42,12.87,1.96,1.66,15.81,84.38,1.34,317.2,0.0,0.0
2024-12-23 00:00:00,79.7,165.91,40.86,13.06,1.24,9.32,15.74,82.64,1.02,314.38,0.0,0.0
2024-12-23 01:00:00,84.74,172.89,36.66,12.48,1.15,11.15,15.26,85.19,1.25,321.67,0.0,0.0
2024-12-23 02:00:00,81.31,168.47,25.78,10.95,1.26,6.96,14.81,90.12,1.32,301.1,0.0,0.0
2024-12-23 03:00:00,76.76,151.31,20.9,10.66,0.84,8.69,14.62,91.42,1.29,313.78,0.0,0.0
2024-12-23 04:00:00,78.29,139.03,26.45,12.02,0.8,12.18,15.0,88.78,0.71,226.32,0.0,0.0
2024-12-23 05:00:00,71.71,137.78,24.8,11.81,0.92,12.88,14.72,90.68,1.14,310.58,0.0,0.0
2024-12-23 06:00:00,78.66,137.89,20.32,10.93,1.08,7.08,14.24,93.7,1.3,321.16,0.0,0.0
2024-12-23 07:00:00,81.48,148.89,24.9,11.4,1.18,5.93,15.0,93.71,1.24,319.15,0.0,0.0
2024-12-23 08:00:00,83.18,150.6,26.62,16.88,0.93,18.01,17.46,84.37,1.1,102.77,0.0,27.02
2024-12-23 09:00:00,85.85,167.82,22.91,24.72,0.86,39.27,19.72,77.53,1.18,179.62,0.0,165.2
2024-12-23 10:00:00,82.91,167.62,24.38,28.19,0.96,54.56,21.73,71.36,0.79,215.09,0.0,216.18
2024-12-23 11:00:00,80.51,169.93,31.26,24.48,0.95,60.51,24.34,61.54,1.08,159.79,0.0,205.02
2024-12-23 12:00:00,74.61,164.46,22.98,21.24,0.63,66.62,25.66,56.02,0.8,143.28,0.0,205.62
2024-12-23 13:00:00,70.31,153.67,20.22,16.12,0.5,75.46,26.78,50.62,0.48,124.02,0.0,204.22
2024-12-23 14:00:00,63.86,131.05,18.15,16.57,0.42,83.37,26.88,47.59,0.5,92.33,0.0,195.68
2024-12-23 15:00:00,74.13,125.87,25.61,15.54,0.53,76.84,25.98,48.69,0.76,121.8,0.0,41.25
2024-12-23 16:00:00,73.66,106.9,34.03,12.99,0.72,65.77,25.01,50.61,0.64,123.37,0.0,0.32
2024-12-23 17:00:00,60.52,108.34,51.0,14.58,1.12,38.36,22.21,59.76,1.19,179.55,0.0,0.0
2024-12-23 18:00:00,58.17,109.24,60.45,10.89,1.3,17.99,19.77,69.5,1.27,322.41,0.0,0.0
2024-12-23 19:00:00,72.88,116.14,65.12,13.82,1.93,2.43,19.09,76.24,1.33,317.8,0.0,0.0
2024-12-23 20:00:00,85.27,143.37,46.55,13.72,3.18,3.41,18.56,81.84,1.24,302.7,0.0,0.0
2024-12-23 21:00:00,105.17,179.42,34.24,12.27,3.16,1.88,18.09,83.52,1.29,314.36,0.0,0.0
2024-12-23 22:00:00,113.28,190.22,21.46,10.76,2.54,0.77,17.45,87.13,1.3,249.39,0.0,0.0
2024-12-23 23:00:00,105.88,179.2,7.12,10.97,4.76,1.27,17.34,87.38,1.15,340.1,0.0,0.0
2024-12-24 00:00:00,123.5,197.4,14.66,14.28,4.37,1.02,16.98,87.74,1.14,326.44,0.0,0.0
2024-12-24 01:00:00,136.48,226.91,19.68,13.31,3.65,0.57,16.55,89.52,1.17,236.71,0.0,0.0
2024-12-24 02:00:00,133.07,228.85,32.18,11.86,3.14,1.65,15.99,91.64,1.2,319.62,0.0,0.0
2024-12-24 03:00:00,138.74,222.8,49.76,11.99,2.52,2.67,15.81,89.68,0.72,238.9,0.0,0.0
2024-12-24 04:00:00,142.25,222.59,39.56,11.43,2.35,1.16,15.42,92.3,1.17,316.85,0.0,0.0
2024-12-24 05:00:00,141.86,205.65,33.18,10.9,1.33,1.4,15.21,93.08,1.12,316.76,0.0,0.0
2024-12-24 06:00:00,130.7,194.07,24.13,9.85,1.0,4.68,15.04,92.06,1.36,320.18,0.0,0.0
2024-12-24 07:00:00,117.24,182.7,22.86,7.94,0.91,8.57,15.74,88.52,0.84,241.8,0.0,0.0
2024-12-24 08:00:00,116.96,175.03,24.88,13.49,0.74,22.66,18.67,75.6,1.3,340.2,0.0,29.68
2024-12-24 09:00:00,106.0,176.63,23.11,28.5,0.74,47.36,20.97,66.39,1.16,176.98,0.0,208.7
2024-12-24 10:00:00,95.13,148.13,26.3,28.38,0.76,64.29,23.32,61.04,0.59,15.85,0.0,225.22
2024-12-24 11:00:00,86.74,133.63,23.68,21.04,0.56,76.72,25.44,55.43,0.7,185.28,0.0,252.55
2024-12-24 12:00:00,78.72,125.13,22.15,16.53,0.36,69.32,27.01,48.7,0.83,128.02,0.0,256.95
2024-12-24 13:00:00,68.98,115.54,22.04,15.8,0.37,65.22,27.23,47.2,0.66,153.53,0.0,263.58
2024-12-24 14:00:00,63.03,101.18,24.96,14.41,0.43,64.09,27.42,45.5,1.26,161.72,0.0,218.32
2024-12-24 15:00:00,58.8,88.78,24.58,13.07,0.35,62.4,26.93,47.45,0.84,154.63,0.0,58.98
2024-12-24 16:00:00,52.0,84.22,24.36,13.38,0.35,64.2,25.96,50.68,0.67,91.32,0.0,0.62
2024-12-24 17:00:00,44.42,70.76,30.91,13.36,0.55,44.08,23.84,59.21,1.03,167.62,0.0,0.0
2024-12-24 18:00:00,52.51,74.58,45.28,15.01,0.92,26.27,22.31,63.66,1.25,186.35,0.0,0.0
2024-12-24 19:00:00,58.72,94.34,62.15,15.06,2.02,6.0,21.0,71.94,1.27,259.75,0.0,0.0
2024-12-24 20:00:00,74.87,112.82,51.12,10.98,2.32,1.84,21.21,74.38,1.08,328.01,0.0,0.0
2024-12-24 21:00:00,71.72,124.12,53.72,13.34,3.28,3.27,21.12,74.57,1.11,180.96,0.0,0.0
2024-12-24 22:00:00,82.57,137.49,55.74,12.96,3.58,3.72,20.45,76.46,1.25,241.96,0.0,0.0
2024-12-24 23:00:00,88.32,153.23,41.38,9.94,2.21,0.78,19.33,83.47,0.97,217.06,0.0,0.0
2024-12-25 00:00:00,89.81,150.3,55.13,15.44,1.64,4.78,19.99,74.85,0.83,122.9,0.0,0.0
2024-12-25 01:00:00,88.48,141.88,33.35,24.92,0.71,26.15,20.12,72.68,0.61,140.83,0.0,0.0
2024-12-25 02:00:00,87.46,137.0,26.28,20.05,0.67,23.2,18.54,79.71,1.26,308.89,0.0,0.0
2024-12-25 03:00:00,81.62,123.65,17.99,18.04,0.92,32.4,18.26,79.22,0.76,132.46,0.0,0.0
2024-12-25 04:00:00,85.45,122.58,12.31,18.25,0.55,44.71,18.2,77.38,0.61,119.84,0.0,0.0
2024-12-25 05:00:00,83.27,107.15,11.76,20.68,0.49,49.32,18.28,77.29,0.5,42.93,0.0,0.0
2024-12-25 06:00:00,79.6,106.12,14.95,23.35,0.59,44.34,18.27,78.4,0.7,69.35,0.0,0.0
2024-12-25 07:00:00,79.06,114.0,18.17,22.81,0.72,34.22,18.24,80.2,0.78,73.05,0.0,0.05
2024-12-25 08:00:00,86.19,119.22,19.11,22.89,0.73,32.1,19.81,77.13,0.58,82.56,0.0,22.7
2024-12-25 09:00:00,88.23,115.08,21.66,24.03,0.7,34.22,22.34,70.63,0.9,150.4,0.0,222.68
2024-12-25 10:00:00,75.74,108.41,19.18,18.86,0.63,39.91,23.88,66.22,1.38,164.52,0.0,230.72
2024-12-25 11:00:00,71.38,105.63,17.44,14.52,0.45,42.91,25.85,59.58,1.39,162.59,0.0,208.68
2024-12-25 12:00:00,60.98,92.25,14.2,12.24,0.3,52.16,27.41,53.31,1.24,159.28,0.0,223.73
2024-12-25 13:00:00,50.26,79.47,12.84,11.58,0.23,58.92,28.26,50.25,0.86,133.66,0.0,231.1
2024-12-25 14:00:00,44.74,65.19,15.63,11.63,0.28,62.17,28.5,49.95,0.83,139.24,0.0,219.35
2024-12-25 15:00:00,39.71,61.58,15.04,11.34,0.28,65.42,27.28,51.36,0.57,114.04,0.0,33.35
2024-12-25 16:00:00,41.4,62.6,17.58,11.24,0.32,64.04,26.24,53.64,0.64,98.79,0.0,0.0
2024-12-25 17:00:00,41.2,55.52,29.77,11.28,0.58,46.22,24.47,59.43,0.94,75.63,0.0,0.0
2024-12-25 18:00:00,37.38,58.4,47.36,11.53,0.97,27.15,23.27,63.55,1.05,75.38,0.0,0.0
2024-12-25 19:00:00,39.57,59.86,42.23,11.46,0.9,21.92,22.42,66.05,1.12,33.92,0.0,0.0
2024-12-25 20:00:00,38.74,63.13,40.09,6.55,1.0,14.66,21.07,71.23,1.14,47.0,0.0,0.0
2024-12-25 21:00:00,40.69,67.05,45.45,9.07,1.06,10.36,20.61,72.38,1.27,65.77,0.0,0.0
2024-12-25 22:00:00,40.08,65.36,33.68,9.97,0.76,25.82,20.45,73.8,1.17,54.74,0.0,0.0
2024-12-25 23:00:00,43.86,72.82,32.53,9.76,0.69,29.34,20.14,75.83,0.88,59.77,0.0,0.0
2024-12-26 00:00:00,48.37,76.07,22.61,12.88,0.69,27.3,19.08,79.94,1.04,337.31,0.0,0.0
2024-12-26 01:00:00,54.27,78.02,20.21,11.99,0.75,25.49,18.41,82.84,1.04,51.78,0.0,0.0
2024-12-26 02:00:00,58.18,82.41,25.17,13.47,0.94,20.04,18.1,83.49,0.64,118.05,0.0,0.0
2024-12-26 03:00:00,63.11,83.18,18.18,12.9,1.02,23.14,17.84,84.32,0.97,246.0,0.0,0.0
2024-12-26 04:00:00,68.63,86.08,16.24,10.9,1.23,18.46,17.08,88.53,1.19,297.28,0.0,0.0
2024-12-26 05:00:00,66.46,90.08,20.86,12.42,1.3,13.99,16.84,89.71,0.68,149.39,0.0,0.0
2024-12-26 06:00:00,67.22,97.41,22.68,12.37,1.92,9.93,16.4,91.2,1.13,309.68,0.0,0.0
2024-12-26 07:00:00,68.78,105.52,21.3,8.55,1.44,6.56,16.91,91.79,1.18,338.17,0.0,0.12
2024-12-26 08:00:00,70.56,104.6,19.97,12.0,0.87,20.66,19.75,82.24,0.56,25.54,0.0,25.55
2024-12-26 09:00:00,78.5,117.84,17.18,17.38,0.7,36.4,22.13,73.42,0.43,63.1,0.0,202.62
2024-12-26 10:00:00,71.17,116.68,17.84,21.12,0.67,46.0,23.84,67.58,0.56,88.04,0.0,213.85
2024-12-26 11:00:00,64.04,106.52,14.48,17.76,0.74,57.77,25.67,62.81,0.54,226.12,0.0,217.65
2024-12-26 12:00:00,62.48,95.74,11.52,15.47,0.59,68.98,26.91,58.9,0.66,56.14,0.0,212.32
2024-12-26 13:00:00,64.54,91.36,13.56,15.36,0.56,77.67,27.46,57.08,0.68,192.64,0.0,211.7
2024-12-26 14:00:00,56.36,88.74,15.96,64.97,0.51,77.06,28.17,54.55,0.54,56.66,0.0,215.52
2024-12-26 15:00:00,51.09,85.29,20.77,140.43,0.49,67.62,27.24,56.8,0.57,151.2,0.0,32.98
2024-12-26 16:00:00,54.08,90.53,21.76,102.0,0.55,65.73,26.39,59.64,0.75,155.12,0.0,0.0
2024-12-26 17:00:00,47.38,86.66,45.14,59.11,0.94,39.24,24.67,64.34,0.85,265.78,0.0,0.0
2024-12-26 18:00:00,48.3,78.42,40.56,28.28,1.46,25.05,22.64,72.13,0.91,267.35,0.0,0.0
2024-12-26 19:00:00,58.5,98.54,69.25,24.08,2.37,3.67,22.14,74.94,0.78,318.14,0.0,0.0
2024-12-26 20:00:00,72.07,123.03,59.26,21.25,3.96,3.07,21.9,76.52,0.63,194.58,0.0,0.0
2024-12-26 21:00:00,85.46,160.59,60.65,16.62,2.03,5.1,21.66,76.99,0.66,194.36,0.0,0.0
2024-12-26 22:00:00,83.38,157.73,32.42,15.93,1.05,22.14,21.24,77.76,0.6,113.3,0.0,0.0
2024-12-26 23:00:00,79.86,127.56,27.62,13.06,0.92,18.23,19.93,82.64,1.12,248.27,0.0,0.0
2024-12-27 00:00:00,70.44,115.36,29.42,10.15,0.93,9.09,19.1,86.87,1.07,187.19,0.0,0.0
2024-12-27 01:00:00,73.71,111.08,27.84,12.38,0.87,9.35,18.87,88.44,1.14,265.23,0.0,0.0
2024-12-27 02:00:00,70.31,108.04,21.6,11.08,1.03,4.88,18.06,91.91,1.37,308.45,0.0,0.0
2024-12-27 03:00:00,68.45,104.92,18.23,10.34,1.03,6.17,17.95,92.93,1.28,316.68,0.0,0.0
2024-12-27 04:00:00,66.56,102.95,19.11,11.06,0.92,9.07,18.27,91.37,1.36,304.42,0.0,0.0
2024-12-27 05:00:00,67.43,99.22,15.5,11.8,0.68,12.49,18.47,88.82,0.99,273.88,0.0,0.0
2024-12-27 06:00:00,64.47,97.5,14.29,11.47,0.62,13.18,18.39,89.1,0.91,332.43,0.0,0.0
2024-12-27 07:00:00,63.28,95.35,16.88,13.34,0.66,22.48,19.64,83.44,0.67,119.69,0.0,0.0
2024-12-27 08:00:00,56.95,93.04,16.58,12.43,0.65,33.36,21.58,77.64,0.38,65.2,0.0,34.5
2024-12-27 09:00:00,61.04,98.44,16.81,15.92,0.68,39.37,24.25,71.45,0.56,106.29,0.0,249.9
2024-12-27 10:00:00,54.06,95.45,18.16,16.16,0.77,39.19,25.96,67.32,1.13,148.2,0.0,241.6
2024-12-27 11:00:00,58.74,90.62,12.6,12.62,0.49,39.16,27.24,64.7,0.71,141.31,0.0,236.65
2024-12-27 12:00:00,50.69,77.39,11.73,8.82,0.42,40.86,28.11,61.6,0.7,122.59,0.0,222.45
2024-12-27 13:00:00,44.93,74.51,11.45,8.5,0.38,45.82,28.09,61.34,0.7,83.51,0.0,138.93
2024-12-27 14:00:00,35.32,57.98,13.22,10.37,0.43,46.36,27.85,61.99,0.54,89.22,0.0,82.72
2024-12-27 15:00:00,33.65,54.08,16.1,9.14,0.46,43.72,27.52,63.32,0.6,97.97,0.0,28.78
2024-12-27 16:00:00,30.2,57.06,13.94,10.8,0.5,40.26,26.8,65.92,0.74,156.29,0.0,0.0
2024-12-27 17:00:00,28.4,55.89,23.54,10.68,0.63,23.15,25.06,72.67,0.99,245.59,0.0,0.0
2024-12-27 18:00:00,26.74,61.29,36.02,10.88,1.43,9.39,23.98,79.64,1.31,276.62,0.27,0.0
2024-12-27 19:00:00,29.27,70.53,28.69,5.42,1.28,2.91,21.71,95.23,1.06,252.92,0.4,0.0
2024-12-27 20:00:00,40.1,73.71,31.01,4.53,1.47,2.62,21.67,97.0,0.82,253.42,0.1,0.0
2024-12-27 21:00:00,38.79,75.27,24.16,3.0,0.76,4.08,21.29,97.22,1.08,329.32,0.05,0.0
2024-12-27 22:00:00,35.46,65.62,21.17,3.67,0.71,1.92,21.24,97.21,1.02,254.83,0.0,0.0
2024-12-27 23:00:00,32.84,56.66,15.51,4.51,0.51,2.74,21.02,97.2,1.28,314.93,0.0,0.0
2024-12-28 00:00:00,27.75,52.15,12.98,4.53,0.47,2.92,20.77,97.2,1.31,310.3,0.0,0.0
2024-12-28 01:00:00,23.58,44.58,11.39,3.92,0.47,2.45,20.24,97.26,1.24,313.93,0.0,0.0
2024-12-28 02:00:00,18.01,35.71,9.53,3.68,0.42,1.05,19.81,97.26,1.28,306.91,0.0,0.0
2024-12-28 03:00:00,17.56,35.94,10.8,3.75,0.37,0.37,19.7,97.25,1.18,320.64,0.0,0.0
2024-12-28 04:00:00,18.51,27.99,10.96,3.62,0.36,1.31,19.4,97.24,0.94,305.15,0.0,0.0
2024-12-28 05:00:00,18.04,29.1,9.3,3.33,0.52,1.1,19.22,97.26,0.79,262.3,0.0,0.0
2024-12-28 06:00:00,15.79,32.37,7.56,3.29,0.64,0.14,19.38,97.25,1.11,103.6,0.0,0.0
2024-12-28 07:00:00,17.87,35.34,4.37,3.48,1.05,0.68,19.63,97.29,1.26,206.94,0.0,0.0
2024-12-28 08:00:00,37.88,44.95,15.93,3.12,1.02,3.55,21.01,97.3,1.14,162.78,0.0,36.45
2024-12-28 09:00:00,40.07,54.9,18.73,8.26,0.78,15.32,23.85,83.97,1.23,184.09,0.0,256.73
2024-12-28 10:00:00,37.66,66.54,19.9,15.58,0.68,34.38,25.89,71.82,0.67,166.34,0.0,257.18
2024-12-28 11:00:00,40.9,72.2,16.94,13.34,0.57,47.33,27.96,59.7,0.68,227.3,0.05,257.3
2024-12-28 12:00:00,43.9,79.11,14.82,9.54,0.5,44.69,29.24,52.9,0.3,221.76,0.0,259.35
2024-12-28 13:00:00,44.99,76.18,15.0,9.52,0.54,46.76,29.88,49.03,0.75,220.84,0.0,253.75
2024-12-28 14:00:00,40.46,74.63,16.3,8.98,0.51,48.47,29.77,50.28,0.46,221.26,0.0,210.58
2024-12-28 15:00:00,34.89,70.47,17.4,9.03,0.53,48.5,28.88,52.65,0.6,175.61,0.0,46.88
2024-12-28 16:00:00,38.1,65.34,18.75,8.41,0.53,40.2,27.46,56.36,0.53,253.31,0.0,0.0
2024-12-28 17:00:00,43.63,65.67,40.0,8.4,1.11,15.5,25.68,61.33,0.86,144.73,0.0,0.0
2024-12-28 18:00:00,46.03,84.53,47.75,8.08,2.24,3.15,23.24,69.38,1.23,235.37,0.0,0.0
2024-12-28 19:00:00,64.53,109.87,38.2,6.87,1.28,1.96,21.73,78.34,1.32,307.79,0.0,0.0
2024-12-28 20:00:00,61.24,117.68,33.58,6.29,1.09,1.26,21.55,79.98,1.34,321.84,0.0,0.0
2024-12-28 21:00:00,52.98,100.01,18.59,4.43,0.52,18.49,22.14,77.03,1.22,179.71,0.0,0.0
2024-12-28 22:00:00,47.7,90.51,13.14,7.63,0.5,23.68,21.64,81.1,0.78,129.54,0.0,0.0
2024-12-28 23:00:00,43.6,68.25,11.66,4.09,0.42,24.24,20.95,81.98,0.8,66.66,0.0,0.0
2024-12-29 00:00:00,33.04,51.41,9.43,6.25,0.32,24.33,20.36,82.7,0.69,84.46,0.0,0.0
2024-12-29 01:00:00,23.92,50.44,11.42,6.27,0.4,17.42,19.65,86.66,0.5,108.47,0.0,0.0
2024-12-29 02:00:00,18.91,41.2,11.25,6.76,0.42,18.86,19.27,86.12,0.45,127.72,0.0,0.0
2024-12-29 03:00:00,16.08,36.84,7.87,7.09,0.3,28.09,19.49,82.08,0.74,82.79,0.0,0.0
2024-12-29 04:00:00,15.68,27.93,7.67,6.82,0.34,26.96,19.24,84.32,0.83,95.63,0.0,0.0
2024-12-29 05:00:00,17.03,30.5,8.02,7.01,0.38,21.89,18.88,88.26,0.7,103.08,0.0,0.0
2024-12-29 06:00:00,18.61,25.36,10.75,6.81,0.43,16.68,18.52,89.73,0.68,84.87,0.0,0.0
2024-12-29 07:00:00,14.42,24.73,14.42,5.87,0.48,14.12,18.74,88.54,0.44,73.76,0.0,0.02
2024-12-29 08:00:00,25.74,31.26,13.76,6.74,0.54,20.14,19.98,82.68,0.4,45.92,0.0,40.55
2024-12-29 09:00:00,21.37,29.27,14.67,11.96,0.65,25.62,21.07,78.59,0.91,286.44,0.0,137.4
2024-12-29 10:00:00,28.5,40.37,17.35,44.5,0.59,34.46,23.08,70.64,0.44,71.72,0.0,266.58
2024-12-29 11:00:00,29.3,54.69,25.59,123.72,0.55,37.09,24.29,67.26,0.82,181.49,0.0,254.2
2024-12-29 12:00:00,30.95,62.98,18.02,74.3,0.46,53.25,25.66,62.7,0.66,101.1,0.0,267.85
2024-12-29 13:00:00,31.3,76.18,17.5,58.96,0.46,60.96,26.76,60.85,0.5,67.53,0.0,249.32
2024-12-29 14:00:00,38.25,73.39,18.08,45.22,0.5,68.41,27.17,59.18,0.55,152.68,0.0,213.72
2024-12-29 15:00:00,42.57,79.11,12.3,37.37,0.42,74.2,26.36,61.36,1.08,345.06,0.0,75.5
2024-12-29 16:00:00,43.01,81.15,13.38,28.12,0.48,70.18,25.72,63.71,0.62,240.09,0.0,0.92
2024-12-29 17:00:00,52.99,85.16,16.55,22.94,0.55,50.56,23.86,70.45,0.95,298.45,0.0,0.0
2024-12-29 18:00:00,52.04,86.83,29.06,21.3,0.82,29.36,22.48,76.01,0.79,180.56,0.0,0.0
2024-12-29 19:00:00,59.32,97.9,45.53,18.52,1.35,11.13,21.54,80.74,1.15,251.96,0.0,0.0
2024-12-29 20:00:00,64.98,115.09,53.56,13.97,1.83,1.6,20.87,85.37,1.16,313.78,0.0,0.0
2024-12-29 21:00:00,74.81,126.03,54.09,15.0,2.22,1.36,20.71,85.15,1.06,173.16,0.0,0.0
2024-12-29 22:00:00,78.24,142.82,50.55,10.23,1.84,2.5,20.17,87.14,0.92,318.97,0.0,0.0
2024-12-29 23:00:00,94.34,133.22,37.2,11.3,1.38,5.22,19.85,89.43,1.32,310.38,0.0,0.0
2024-12-30 00:00:00,80.39,128.64,23.56,9.82,0.72,8.94,19.65,91.0,1.28,316.47,0.0,0.0
2024-12-30 01:00:00,70.98,117.83,11.04,8.85,0.35,21.6,20.05,87.26,1.35,172.22,0.0,0.0
2024-12-30 02:00:00,54.72,94.76,9.02,8.34,0.36,19.02,19.45,89.51,1.46,322.78,0.0,0.0
2024-12-30 03:00:00,39.85,71.87,8.24,8.07,0.29,14.18,18.95,92.96,1.46,327.8,0.0,0.0
2024-12-30 04:00:00,40.97,70.51,8.54,8.03,0.29,11.77,18.4,95.0,1.02,301.0,0.0,0.0
2024-12-30 05:00:00,38.62,63.19,7.1,7.71,0.27,12.6,17.84,95.73,0.98,236.5,0.0,0.0
2024-12-30 06:00:00,31.7,52.54,9.64,7.9,0.35,10.29,17.4,95.69,0.91,240.66,0.0,0.0
2024-12-30 07:00:00,33.2,52.96,10.99,7.94,0.44,8.51,17.55,95.56,0.97,257.38,0.0,0.0
2024-12-30 08:00:00,31.84,53.79,14.04,10.16,0.54,17.16,19.46,85.88,1.06,183.22,0.0,46.65
2024-12-30 09:00:00,34.86,56.34,13.66,13.37,0.53,26.14,21.02,78.86,1.18,272.02,0.0,211.22
2024-12-30 10:00:00,40.55,63.58,13.72,18.38,0.53,34.44,22.34,73.84,1.1,98.4,0.0,247.85
2024-12-30 11:00:00,37.66,68.08,18.58,44.46,0.57,44.37,24.14,68.95,0.92,42.37,0.0,190.0
2024-12-30 12:00:00,45.78,85.06,24.7,46.33,0.64,59.53,25.96,64.42,0.64,136.33,0.0,175.62
2024-12-30 13:00:00,57.8,108.76,21.85,51.45,0.6,75.86,26.51,62.89,0.88,140.38,0.0,173.7
2024-12-30 14:00:00,60.1,108.31,24.08,51.66,0.59,80.2,26.92,62.12,0.63,183.51,0.0,154.88
2024-12-30 15:00:00,75.6,115.86,18.27,45.22,0.46,75.71,26.58,62.05,0.47,190.85,0.0,64.1
2024-12-30 16:00:00,75.62,118.62,19.94,29.47,0.53,60.94,25.78,65.19,0.84,193.45,0.0,0.5
2024-12-30 17:00:00,70.52,114.67,59.47,29.45,1.34,27.26,24.32,70.46,1.1,132.79,0.0,0.0
2024-12-30 18:00:00,75.9,122.75,62.68,27.48,1.93,11.09,23.01,75.58,0.97,93.88,0.0,0.0
2024-12-30 19:00:00,101.83,152.5,52.04,21.23,1.42,9.56,22.14,79.04,1.13,42.12,0.0,0.0
2024-12-30 20:00:00,96.06,145.52,48.02,17.1,1.43,5.87,21.91,81.51,1.26,310.74,0.0,0.0
2024-12-30 21:00:00,90.89,142.4,53.28,15.27,1.66,2.18,21.17,85.14,1.11,238.96,0.0,0.0
2024-12-30 22:00:00,98.08,144.69,48.45,15.17,2.0,3.39,20.99,84.62,0.74,102.62,0.0,0.0
2024-12-30 23:00:00,84.87,139.62,25.28,13.49,0.71,24.28,20.76,78.3,0.66,96.55,0.0,0.0
2024-12-31 00:00:00,75.28,125.94,13.19,10.06,0.47,30.04,20.15,78.13,0.69,69.31,0.0,0.0
2024-12-31 01:00:00,73.61,115.1,15.28,11.29,0.65,22.66,19.18,82.23,0.99,235.82,0.0,0.0
2024-12-31 02:00:00,64.74,104.69,13.55,10.6,0.51,23.92,18.46,80.91,1.01,301.11,0.0,0.0
2024-12-31 03:00:00,59.51,91.36,12.42,10.16,0.52,23.82,17.87,82.45,0.57,255.6,0.0,0.0
2024-12-31 04:00:00,62.11,88.86,11.27,9.68,0.48,25.26,17.19,83.83,0.75,242.48,0.0,0.0
2024-12-31 05:00:00,61.61,83.34,8.72,8.95,0.44,29.73,16.68,83.9,0.88,327.56,0.0,0.0
2024-12-31 06:00:00,51.89,77.13,8.84,7.56,0.45,23.67,15.81,88.11,1.23,298.24,0.0,0.0
2024-12-31 07:00:00,46.3,74.05,12.08,7.2,0.59,16.6,16.0,90.05,1.12,316.75,0.0,0.0
2024-12-31 08:00:00,49.88,78.03,14.16,10.46,0.64,21.18,18.18,82.96,1.0,170.44,0.0,39.4
2024-12-31 09:00:00,55.8,98.36,15.42,16.12,0.66,34.84,20.43,74.34,1.2,353.48,0.0,176.75
2024-12-31 10:00:00,53.56,100.51,19.5,22.51,0.74,51.32,22.69,66.92,0.85,91.95,0.0,192.88
2024-12-31 11:00:00,64.39,106.19,23.56,25.76,0.77,73.64,25.06,60.14,0.72,46.8,0.0,205.9
2024-12-31 12:00:00,66.29,113.56,28.68,29.27,0.83,96.36,27.1,55.63,0.66,112.62,0.0,216.6
2024-12-31 13:00:00,72.79,123.36,23.12,18.18,0.75,111.05,28.24,53.98,0.78,96.56,0.0,205.88
2024-12-31 14:00:00,79.78,129.2,23.75,19.59,0.76,112.35,28.28,53.13,0.98,192.61,0.0,183.12
2024-12-31 15:00:00,80.33,125.99,17.14,12.2,0.7,114.47,27.61,55.55,0.64,122.47,0.0,58.38
2024-12-31 16:00:00,80.09,127.54,34.7,12.51,1.06,95.56,26.68,57.82,0.79,89.49,0.0,0.0
2024-12-31 17:00:00,77.49,129.19,52.38,11.07,1.65,50.24,24.26,66.77,1.02,194.6,0.0,0.0
2024-12-31 18:00:00,85.86,141.49,75.8,11.54,2.28,11.92,22.16,75.8,1.17,277.42,0.0,0.0
2024-12-31 19:00:00,95.29,156.05,60.1,9.8,3.68,2.16,21.5,82.73,0.77,310.37,0.0,0.0
2024-12-31 20:00:00,102.39,183.44,68.71,12.13,2.91,1.85,21.2,80.82,0.76,169.6,0.0,0.0
2024-12-31 21:00:00,111.01,193.61,41.06,12.83,1.24,21.87,20.94,77.2,0.53,321.94,0.0,0.0
2024-12-31 22:00:00,104.56,179.3,20.23,8.05,0.67,34.72,20.48,74.83,1.12,344.56,0.0,0.0
2024-12-31 23:00:00,91.71,142.17,13.4,6.38,0.49,41.76,19.64,72.77,0.65,41.25,0.0,0.0
