timestamp,pm25,pm10,no2,so2,co,o3,temperature,humidity,wind_speed,wind_direction,rainfall,solar_radiation
2025-01-01 00:00:00,82.76,112.93,11.63,6.27,0.34,44.1,18.71,72.42,0.62,18.62,0.0,0.0
2025-01-01 01:00:00,71.85,101.11,12.77,6.65,0.4,40.93,18.1,73.22,0.69,31.64,0.0,0.0
2025-01-01 02:00:00,70.32,89.02,13.78,6.87,0.4,38.29,17.45,74.16,0.65,98.82,0.0,0.0
2025-01-01 03:00:00,63.66,86.9,14.95,6.61,0.55,32.1,16.51,77.51,0.81,253.9,0.0,0.0
2025-01-01 04:00:00,78.9,95.16,16.03,5.98,0.57,25.64,15.74,81.3,0.57,277.37,0.0,0.0
2025-01-01 05:00:00,70.36,82.69,15.54,4.91,0.63,21.97,14.87,85.31,0.98,275.72,0.0,0.0
2025-01-01 06:00:00,63.32,79.52,11.8,4.86,0.6,18.96,14.34,87.12,0.83,255.06,0.0,0.0
2025-01-01 07:00:00,58.19,83.11,14.41,8.04,0.64,17.47,14.75,84.68,0.96,240.97,0.0,0.0
2025-01-01 08:00:00,59.01,77.88,16.21,14.81,0.64,28.95,16.99,72.19,1.05,101.31,0.0,46.72
2025-01-01 09:00:00,58.64,82.96,13.0,14.13,0.5,43.53,19.14,64.86,1.18,179.18,0.0,146.78
2025-01-01 10:00:00,57.76,83.87,24.17,80.0,0.52,39.82,21.62,62.05,0.7,125.47,0.0,169.82
2025-01-01 11:00:00,60.12,93.01,22.15,66.02,0.55,56.19,23.65,59.73,0.88,189.41,0.0,189.92
2025-01-01 12:00:00,62.23,101.68,16.25,60.73,0.38,67.95,25.23,51.89,0.87,259.12,0.0,181.18
2025-01-01 13:00:00,56.12,99.79,36.92,135.72,0.3,43.06,26.59,45.48,0.77,126.18,0.0,176.5
2025-01-01 14:00:00,66.07,100.96,56.05,40.8710777886856,0.3,19.97,27.1,44.19,0.75,184.69,0.0,182.3
2025-01-01 15:00:00,53.62,116.38,58.89,43.36159169462107,0.24,15.01,26.42,41.42,0.87,197.68,0.0,54.1
2025-01-01 16:00:00,49.38,114.39,39.44,73.45,0.42,41.69,25.3,45.22,0.83,149.23,0.0,0.0
2025-01-01 17:00:00,49.54,105.66,47.36,17.22,0.9,32.87,23.25,49.05,1.07,105.24,0.0,0.0
2025-01-01 18:00:00,48.5,100.13,53.47,22.79,1.06,16.03,21.05,49.22,1.14,76.5,0.0,0.0
2025-01-01 19:00:00,47.92,96.62,56.85,17.37,1.29,4.42,19.0,51.55,1.26,66.81,0.0,0.0
2025-01-01 20:00:00,57.44,97.83,61.98,13.0,1.34,6.99,18.51,47.88,0.78,185.8,0.0,0.0
2025-01-01 21:00:00,57.69,96.76,56.85,13.93,1.46,5.08,17.35,51.9,0.82,223.73,0.0,0.0
2025-01-01 22:00:00,76.84,114.03,47.05,13.66,1.18,4.22,16.12,59.53,1.32,311.64,0.0,0.0
2025-01-01 23:00:00,74.85,114.26,26.94,9.87,0.65,18.42,15.5,61.59,1.1,308.61,0.0,0.0
2025-01-02 00:00:00,58.95,92.38,24.36,10.82,0.71,23.74,14.4,61.93,1.17,312.23,0.0,0.0
2025-01-02 01:00:00,106.19,131.75,25.97,8.76,0.94,12.44,13.12,63.9,1.27,313.18,0.0,0.0
2025-01-02 02:00:00,104.38,118.43,19.92,7.75,0.94,16.56,12.96,57.27,1.48,312.89,0.0,0.0
2025-01-02 03:00:00,104.51,115.14,15.06,7.26,0.66,17.93,13.23,55.16,1.76,319.64,0.0,0.0
2025-01-02 04:00:00,105.57,115.12,11.24,6.3,0.4,20.66,12.43,60.32,1.56,313.48,0.0,0.0
2025-01-02 05:00:00,99.7,105.19,10.1,5.93,0.26,18.09,11.11,70.13,1.34,311.1,0.0,0.0
2025-01-02 06:00:00,52.72,56.75,13.51,6.71,0.42,11.36,10.17,74.69,1.27,306.8,0.0,0.0
2025-01-02 07:00:00,61.62,66.84,20.04,8.1,0.55,7.82,11.4,68.53,1.46,319.84,0.0,0.0
2025-01-02 08:00:00,49.62,74.88,19.74,13.94,0.44,20.86,14.74,59.73,1.09,193.5,0.0,43.65
2025-01-02 09:00:00,36.84,82.15,17.09,9.99,0.43,41.38,18.42,50.6,0.93,105.27,0.0,158.22
2025-01-02 10:00:00,44.64,79.73,16.01,10.32,0.44,53.4,20.94,44.09,0.88,17.62,0.0,170.75
2025-01-02 11:00:00,43.9,73.52,21.98,15.01,0.57,63.74,23.52,40.04,0.72,197.82,0.0,188.45
2025-01-02 12:00:00,42.91,81.14,29.93,47.77,0.59,77.22,26.08,34.84,0.83,115.9,0.0,209.25
2025-01-02 13:00:00,41.94,91.28,24.01,27.73,0.42,81.93,27.6,30.55,0.79,108.12,0.0,206.38
2025-01-02 14:00:00,40.37,91.06,38.13,116.69,0.37,67.4,28.17,28.8,0.58,212.32,0.0,196.42
2025-01-02 15:00:00,36.5,85.25,32.81,41.54,0.49,66.31,27.0,29.22,0.48,127.62,0.0,57.0
2025-01-02 16:00:00,29.59,83.55,49.58,23.53,0.84,36.17,25.4,35.74,0.75,160.31,0.0,0.68
2025-01-02 17:00:00,39.2,84.92,65.66,9.17,1.15,10.67,22.14,45.7,1.06,41.67,0.0,0.0
2025-01-02 18:00:00,39.59,90.1,62.43,8.4,1.36,3.05,19.22,55.76,1.19,180.95,0.0,0.0
2025-01-02 19:00:00,46.87,101.58,49.26,10.49,2.33,0.0,17.28,70.88,1.38,309.86,0.0,0.0
2025-01-02 20:00:00,47.52,120.62,43.71,9.31,1.69,10.899623478233938,16.07,79.02,1.31,316.77,0.0,0.0
2025-01-02 21:00:00,57.1,123.85,37.87,9.6,1.6,0.41,15.36,80.59,1.32,314.69,0.0,0.0
2025-01-02 22:00:00,60.66,123.03,51.06,10.51,1.51,0.91,15.52,71.3,1.35,310.31,0.0,0.0
2025-01-02 23:00:00,64.49,126.64,35.85,8.32,1.29,6.7,14.7,73.04,1.45,309.1,0.0,0.0
2025-01-03 00:00:00,58.36,117.36,21.41,7.54,1.02,12.12,14.39,66.02,1.4,305.67,0.0,0.0
2025-01-03 01:00:00,53.74,108.14,25.25,9.35,1.29,14.53,14.18,62.24,1.34,334.74,0.0,0.0
2025-01-03 02:00:00,71.18,110.19,22.8,7.51,1.3,16.06,12.9,65.82,1.37,309.62,0.0,0.0
2025-01-03 03:00:00,96.94,120.31,18.36,6.75,0.84,10.81,11.96,70.02,0.84,212.31,0.0,0.0
2025-01-03 04:00:00,76.18,102.65,17.75,8.47,0.74,13.95,11.33,72.88,1.26,307.45,0.0,0.0
2025-01-03 05:00:00,65.68,92.3,17.33,8.15,0.75,11.78,10.84,78.48,1.38,308.18,0.0,0.0
2025-01-03 06:00:00,58.13,81.28,22.78,8.14,0.91,8.84,10.67,76.47,1.38,310.46,0.0,0.0
2025-01-03 07:00:00,62.02,79.29,22.06,10.13,0.75,5.84,11.49,76.56,1.33,315.93,0.0,0.0
2025-01-03 08:00:00,59.88,81.62,21.98,16.77,0.6,19.32,15.83,60.62,1.27,176.29,0.0,38.1
2025-01-03 09:00:00,54.86,89.6,21.18,13.36,0.47,41.47,20.14,47.49,0.83,185.55,0.0,139.28
2025-01-03 10:00:00,54.46,87.04,19.34,12.02,0.48,57.87,22.92,41.06,0.9,101.88,0.0,163.6
2025-01-03 11:00:00,52.04,85.69,18.95,12.76,0.42,63.96,25.4,33.23,0.84,93.99,0.0,164.73
2025-01-03 12:00:00,49.76,82.14,18.72,37.83,0.36,68.89,27.51,27.97,0.84,185.26,0.0,168.92
2025-01-03 13:00:00,37.91,74.62,18.08,38.42,0.32,78.86,28.61,27.03,0.92,265.37,0.0,187.98
2025-01-03 14:00:00,31.13,71.06,15.01,19.3,0.28,75.91,29.27,27.02,0.71,135.71,0.0,176.12
2025-01-03 15:00:00,30.08,68.38,19.84,15.74,0.34,72.35,28.0,27.87,0.5,168.3,0.0,59.7
2025-01-03 16:00:00,31.99,62.3,40.03,13.46,0.77,42.12,26.36,32.36,0.86,213.37,0.0,0.0
2025-01-03 17:00:00,34.38,67.42,75.25,12.86,1.63,3.04,22.23,42.36,1.0,111.31,0.0,0.0
2025-01-03 18:00:00,32.22,78.65,63.86,7.41,1.32,1.83,19.26,50.88,1.32,337.83,0.0,0.0
2025-01-03 19:00:00,43.78,86.45,51.58,12.29,2.92,6.51,17.98,64.32,1.34,335.28,0.0,0.0
2025-01-03 20:00:00,81.13,132.08,28.34,10.46,2.7,0.86,16.68,76.18,1.3,319.03,0.0,0.0
2025-01-03 21:00:00,101.21,161.7,28.78,11.25,3.34,4.39,16.16,71.47,1.34,315.52,0.0,0.0
2025-01-03 22:00:00,124.36,196.62,40.78,11.55,2.43,1.18,15.42,75.14,1.44,313.14,0.0,0.0
2025-01-03 23:00:00,132.39,198.96,40.35,11.62,1.33,2.67,15.67,66.24,1.35,301.77,0.0,0.0
2025-01-04 00:00:00,120.31,168.21,23.05,9.53,1.31,17.51,15.32,62.93,1.36,308.41,0.0,0.0
2025-01-04 01:00:00,333.16,377.82,19.97,9.26,0.75,7.16,14.23,65.01,1.37,293.87,0.0,0.0
2025-01-04 02:00:00,171.4,248.74,20.48,9.98,1.1,15.63,13.68,66.54,1.42,303.12,0.0,0.0
2025-01-04 03:00:00,197.39,299.9,18.1,8.09,1.4,10.47,13.36,68.34,1.46,312.07,0.0,0.0
2025-01-04 04:00:00,128.26,198.73,17.8,7.38,1.68,12.06,12.18,73.66,1.26,313.97,0.0,0.0
2025-01-04 05:00:00,66.9,125.2,15.26,6.98,0.99,7.05,11.46,81.95,1.4,304.02,0.0,0.0
2025-01-04 06:00:00,57.84,82.26,14.94,7.32,0.99,8.75,11.01,83.06,1.34,289.33,0.0,0.0
2025-01-04 07:00:00,80.23,146.36,12.01,6.46,0.32,1.49,11.63,88.15,1.16,325.77,0.0,0.0
2025-01-04 08:00:00,42.56,79.12,17.47,11.0,0.49,18.66,16.1,64.97,0.84,269.98,0.0,38.35
2025-01-04 09:00:00,32.96,83.24,15.95,11.8,0.42,39.42,20.34,50.19,1.05,7.04,0.0,145.5
2025-01-04 10:00:00,36.92,68.5,14.4,16.81,0.4,53.26,23.15,42.72,0.88,110.52,0.0,161.82
2025-01-04 11:00:00,50.39,93.24,18.37,16.59,0.47,59.92,25.04,39.76,1.18,267.08,0.0,172.55
2025-01-04 12:00:00,41.69,87.52,15.32,11.84,0.31,63.8,27.54,35.36,0.88,107.38,0.0,172.82
2025-01-04 13:00:00,27.88,79.88,12.21,10.86,0.25,67.71,28.95,32.54,0.54,27.33,0.0,181.58
2025-01-04 14:00:00,24.76,69.64,9.69,9.72,0.15,60.98,29.49,28.74,0.94,181.36,0.0,175.7
2025-01-04 15:00:00,9.54,39.88,11.79,34.46,0.09,52.36,28.31,28.31,0.85,345.32,0.0,66.3
2025-01-04 16:00:00,22.36,48.42,27.44,62.79,0.23,36.94,26.84,32.14,0.53,231.91,0.0,0.0
2025-01-04 17:00:00,25.5,74.93,62.16,54.55,1.37,3.09,22.82,43.24,1.12,151.68,0.0,0.0
2025-01-04 18:00:00,53.52,97.09,54.47,15.29,0.96,4.15,19.71,47.1,1.31,311.68,0.0,0.0
2025-01-04 19:00:00,59.12,125.37,41.49,12.2,1.58,2.58,17.73,67.41,1.32,309.9,0.0,0.0
2025-01-04 20:00:00,99.67,152.51,27.72,10.14,1.8,0.52,16.2,79.18,1.44,308.58,0.0,0.0
2025-01-04 21:00:00,97.85,158.52,32.93,9.04,1.65,1.72,15.09,75.9,1.45,316.78,0.0,0.0
2025-01-04 22:00:00,105.92,159.72,29.02,9.9,1.79,1.27,14.57,72.8,1.38,326.22,0.0,0.0
2025-01-04 23:00:00,110.72,162.97,34.26,10.52,2.6,5.32,15.21,70.18,1.55,316.48,0.0,0.0
2025-01-05 00:00:00,149.31,204.6,33.84,10.51,1.07,5.89,14.87,67.34,1.48,312.92,0.0,0.0
2025-01-05 01:00:00,175.18,220.76,23.11,8.58,0.92,2.74,14.15,69.08,1.38,311.55,0.0,0.0
2025-01-05 02:00:00,136.5,173.34,20.16,8.07,0.7,7.89,13.58,70.0,1.42,316.95,0.0,0.0
2025-01-05 03:00:00,88.09,128.21,17.54,10.04,0.75,10.21,13.06,72.33,1.4,316.14,0.0,0.0
2025-01-05 04:00:00,98.91,162.88,20.66,12.94,1.1,6.85,12.06,76.36,1.47,315.69,0.0,0.0
2025-01-05 05:00:00,106.99,166.26,16.56,12.29,0.71,4.83,11.6,77.77,1.18,254.97,0.0,0.0
2025-01-05 06:00:00,73.04,130.25,17.97,8.34,0.88,5.24,10.39,85.27,1.26,245.74,0.0,0.0
2025-01-05 07:00:00,86.93,155.28,15.62,6.86,0.6,0.42,10.83,91.82,1.28,311.14,0.0,0.0
2025-01-05 08:00:00,57.89,127.76,16.62,10.46,0.41,8.7,14.96,69.17,1.1,262.56,0.0,33.9
2025-01-05 09:00:00,36.54,94.57,18.82,12.42,0.47,35.07,19.15,54.52,0.99,349.42,0.0,143.4
2025-01-05 10:00:00,36.8,88.4,18.97,14.9,0.52,61.68,22.21,45.34,0.78,202.0,0.0,161.93
2025-01-05 11:00:00,46.3,106.72,23.45,15.43,0.58,73.49,24.98,40.94,0.54,226.86,0.0,160.52
2025-01-05 12:00:00,57.98,111.31,21.22,16.27,0.43,72.4,26.44,38.87,0.98,136.89,0.0,186.32
2025-01-05 13:00:00,62.59,116.29,14.37,26.11,0.34,82.0,27.54,37.61,0.52,137.52,0.0,260.95
2025-01-05 14:00:00,50.46,85.72,20.52,56.24,0.34,85.4,28.47,33.62,0.45,166.15,0.0,231.42
2025-01-05 15:00:00,35.4,76.08,14.33,34.53,0.22,85.38,27.36,34.86,0.46,67.37,0.0,78.25
2025-01-05 16:00:00,38.22,68.96,11.74,28.18,0.23,82.14,26.04,37.49,0.43,250.89,0.0,0.0
2025-01-05 17:00:00,48.75,68.97,24.33,19.36,0.46,52.58,22.08,47.49,1.21,309.38,0.0,0.0
2025-01-05 18:00:00,45.38,74.38,26.68,14.5,0.58,36.22,19.5,54.7,1.31,325.81,0.0,0.0
2025-01-05 19:00:00,52.49,83.52,47.56,11.87,1.16,10.98,18.12,60.35,1.3,324.96,0.0,0.0
2025-01-05 20:00:00,62.47,100.72,48.68,10.14,1.27,3.39,16.6,71.54,1.38,302.83,0.0,0.0
2025-01-05 21:00:00,72.38,106.6,55.36,9.91,1.66,4.510304743072963,15.42,74.57,1.31,295.87,0.0,0.0
2025-01-05 22:00:00,80.21,135.23,40.72,9.18,1.68,12.769378784382377,14.58,83.53,1.38,304.67,0.0,0.0
2025-01-05 23:00:00,82.5,155.49,34.86,9.72,1.92,13.271280269883338,13.94,85.0,1.36,304.66,0.0,0.0
2025-01-06 00:00:00,87.53,165.92,37.03,9.23,1.64,23.59460474042618,13.59,86.36,1.28,314.08,0.0,0.0
2025-01-06 01:00:00,93.73,161.01,30.56,8.44,1.71,0.62,13.26,91.8,1.4,307.53,0.0,0.0
2025-01-06 02:00:00,93.98,160.77,40.8,9.31,1.28,0.89,12.74,86.73,1.03,325.88,0.0,0.0
2025-01-06 03:00:00,91.22,162.14,30.99,8.94,1.35,0.03,12.3,90.76,1.33,318.6,0.0,0.0
2025-01-06 04:00:00,110.54,159.51,23.38,9.78,1.29,2.9,12.5,85.32,1.44,310.76,0.0,0.0
2025-01-06 05:00:00,115.42,156.93,17.56,11.29,0.72,5.91,11.95,85.33,1.18,319.3,0.0,0.0
2025-01-06 06:00:00,96.58,144.33,18.3,11.46,0.66,5.35,11.56,86.76,0.81,237.18,0.0,0.0
2025-01-06 07:00:00,83.9,135.43,22.32,11.26,0.7,1.42,12.57,85.93,1.02,244.46,0.0,0.0
2025-01-06 08:00:00,85.54,302.5,29.6,22.74,0.88,17.9,16.89,69.15,1.12,266.14,0.0,65.1
2025-01-06 09:00:00,86.26,337.53,32.4,29.7,0.93,49.77,20.08,59.71,1.04,351.04,0.0,155.9
2025-01-06 10:00:00,65.25,182.55,33.39,29.32,1.1,69.87,22.15,56.12,0.72,70.11,0.0,172.8
2025-01-06 11:00:00,88.23,198.32,35.38,24.53,1.1,100.48,24.72,51.96,0.51,155.69,0.0,240.7
2025-01-06 12:00:00,94.32,192.0,25.71,27.62,0.72,108.56,26.38,49.07,0.71,142.91,0.0,274.35
2025-01-06 13:00:00,97.8,182.21,24.93,27.78,0.58,95.03,27.82,43.33,0.39,201.78,0.0,273.83
2025-01-06 14:00:00,80.85,147.6,21.74,40.57,0.49,107.28,28.03,41.87,0.41,217.63,0.0,279.33
2025-01-06 15:00:00,69.59,141.19,12.84,38.72,0.39,116.7,27.0,43.77,0.43,112.53,0.0,75.9
2025-01-06 16:00:00,65.17,135.8,42.14,34.93,0.9,84.28,25.86,46.92,1.14,112.11,0.0,0.0
2025-01-06 17:00:00,79.76,142.08,54.16,21.4,1.57,44.48,22.64,58.45,1.06,307.76,0.0,0.0
2025-01-06 18:00:00,83.93,149.84,115.93,28.56,3.8,1.53,20.78,62.63,0.94,192.85,0.0,0.0
2025-01-06 19:00:00,99.62,184.59,89.46,29.02,6.12,1.55,19.33,68.4,0.77,239.48,0.0,0.0
2025-01-06 20:00:00,146.2,391.03,93.45,25.34,3.86,0.12,18.58,69.62,0.82,136.52,0.0,0.0
2025-01-06 21:00:00,166.34,350.08,61.18,19.56,1.61,7.86,17.69,74.06,1.13,185.63,0.0,0.0
2025-01-06 22:00:00,158.13,225.34,49.79,13.08,1.7,0.3,16.59,85.2,1.36,311.64,0.0,0.0
2025-01-06 23:00:00,144.91,193.14,34.07,10.63,1.37,1.81,15.63,89.06,1.36,303.14,0.0,0.0
2025-01-07 00:00:00,143.64,185.04,27.8,9.98,0.99,1.74,15.23,90.99,1.34,309.73,0.0,0.0
2025-01-07 01:00:00,108.1,174.47,28.02,9.69,0.9,0.67,14.94,92.09,1.37,307.23,0.0,0.0
2025-01-07 02:00:00,98.84,173.66,30.34,11.1,0.95,4.31,14.77,90.0,1.43,325.14,0.0,0.0
2025-01-07 03:00:00,105.28,195.51,20.79,12.98,0.89,16.09,14.93,85.8,1.23,330.85,0.0,0.0
2025-01-07 04:00:00,100.71,189.79,15.78,12.81,0.66,20.1,14.6,86.59,1.37,321.0,0.0,0.0
2025-01-07 05:00:00,96.82,173.15,12.46,13.78,0.49,24.13,14.46,86.06,1.32,321.57,0.0,0.0
2025-01-07 06:00:00,83.18,144.16,12.54,13.65,0.44,21.56,13.97,88.12,1.33,314.82,0.0,0.0
2025-01-07 07:00:00,71.76,131.85,17.03,14.53,0.53,16.16,14.32,87.43,1.36,313.57,0.0,0.0
2025-01-07 08:00:00,72.37,153.73,19.62,22.16,0.61,21.44,16.47,79.12,1.46,247.45,0.0,28.08
2025-01-07 09:00:00,90.34,182.02,14.57,25.41,0.46,36.37,19.12,67.76,1.25,339.37,0.0,222.85
2025-01-07 10:00:00,88.56,136.2,15.81,42.91,0.26,48.16,21.51,59.67,1.15,91.99,0.0,236.05
2025-01-07 11:00:00,63.11390682987583,122.92797443961685,40.96,122.98,0.6503696298677141,47.16,23.56,56.16,1.22,175.86,0.0,235.02
2025-01-07 12:00:00,52.08883632245745,104.73379470695707,43.76,41.53025110709913,0.32,59.671901559125,25.25,51.22,1.12,179.92,0.0,254.62
2025-01-07 13:00:00,53.11,66.27,14.33,28.710824450379295,0.19,84.26,26.28,47.09,0.99,261.25,0.0,260.38
2025-01-07 14:00:00,79.83,106.51,13.84,39.23,0.2,87.3,27.04,44.58,0.84,173.52,0.0,256.0
2025-01-07 15:00:00,59.79,108.72228172791195,10.288776548300445,25.83,0.14,93.32,26.32,44.63,1.35,265.4,0.0,85.8
2025-01-07 16:00:00,7.74,12.48,7.252557260751685,18.22,0.23,84.05,25.26,47.09,0.87,140.1,0.0,0.22
2025-01-07 17:00:00,25.24,40.71,30.79,15.51,0.75,44.88,22.52,52.5,1.1,276.92,0.0,0.0
2025-01-07 18:00:00,38.44,63.73,28.38,13.93,0.54,47.43,20.88,48.62,0.98,320.14,0.0,0.0
2025-01-07 19:00:00,32.52,70.25,40.64,15.0,0.85,33.32,19.74,54.34,0.96,247.01,0.0,0.0
2025-01-07 20:00:00,53.42,84.12,47.92,17.24,0.98,27.53,18.75,59.74,0.76,173.71,0.0,0.0
2025-01-07 21:00:00,58.89,90.51,22.32,14.23,0.44,51.34,18.51,55.45,0.65,137.07,0.0,0.0
2025-01-07 22:00:00,55.38,90.41,17.04,12.45,0.4,52.35,17.14,58.96,0.85,344.11,0.0,0.0
2025-01-07 23:00:00,59.75,93.03,19.73,14.25,0.43,46.45,15.67,63.93,0.64,304.33,0.0,0.0
2025-01-08 00:00:00,60.59,94.41,17.78,18.87,0.56,46.88,14.63,66.23,1.25,303.14,0.0,0.0
2025-01-08 01:00:00,61.21,90.89,11.22,16.09,0.55,55.39,14.2,66.62,1.18,313.21,0.0,0.0
2025-01-08 02:00:00,64.07,93.37,12.94,13.84,0.71,48.82,12.69,72.06,1.2,301.36,0.0,0.0
2025-01-08 03:00:00,73.96,92.96,10.8,10.2,0.63,31.12,11.31,84.22,1.32,299.3,0.0,0.0
2025-01-08 04:00:00,86.41,111.1,9.98,9.79,0.62,30.32,10.93,82.47,1.43,304.03,0.0,0.0
2025-01-08 05:00:00,91.02,110.34,11.61,10.59,0.64,33.09,10.77,80.97,1.49,304.45,0.0,0.0
2025-01-08 06:00:00,88.24,112.95,14.44,11.05,0.61,31.44,10.36,81.88,1.53,306.95,0.0,0.0
2025-01-08 07:00:00,82.31,106.51,16.2,10.17,0.64,27.27,10.28,83.98,1.39,306.6,0.0,0.0
2025-01-08 08:00:00,101.29,115.32,19.28,12.99,0.7,37.89,12.98,74.92,1.42,331.6,0.0,24.6
2025-01-08 09:00:00,105.2,133.64,12.09,13.74,0.53,63.2,16.04,63.34,0.75,31.44,0.0,217.2
2025-01-08 10:00:00,100.46,122.29,16.36,14.74,0.66,71.73,18.05,56.3,0.98,94.16,0.0,236.75
2025-01-08 11:00:00,87.26,126.28,17.31,17.01,0.71,82.05,19.94,50.13,0.9,280.6,0.0,237.92
2025-01-08 12:00:00,79.07,130.22,17.51,22.88,0.61,89.2,22.13,44.4,0.65,205.18,0.0,255.6
2025-01-08 13:00:00,72.57,125.31,29.65,108.74,0.49,69.33,23.43,42.48,0.78,99.91,0.0,259.3
2025-01-08 14:00:00,65.13,121.13,27.64,55.97,0.48,72.62,24.52,37.38,0.73,323.32,0.0,259.73
2025-01-08 15:00:00,56.31,107.44,9.09,13.68,0.3,90.22,23.91,37.01,1.01,345.26,0.0,89.65
2025-01-08 16:00:00,51.71,85.07,11.38,11.35,0.39,83.72,23.15,38.75,0.68,237.56,0.0,0.62
2025-01-08 17:00:00,41.07,77.84,32.01,12.66,0.74,45.8,19.86,48.54,1.08,322.94,0.0,0.0
2025-01-08 18:00:00,24.62,78.41,56.28,35.79,2.24,10.36,17.33,56.29,1.1,67.04,0.0,0.0
2025-01-08 19:00:00,41.35,109.56,63.38,36.96,2.35,2.27,15.64,62.9,1.01,261.2,0.0,0.0
2025-01-08 20:00:00,57.1,144.86,63.84,25.88,1.97,2.06,14.6,67.37,1.21,252.06,0.0,0.0
2025-01-08 21:00:00,55.28,157.16,41.58,14.77,1.62,1.52,13.71,78.84,1.22,308.17,0.0,0.0
2025-01-08 22:00:00,56.19,141.09,35.24,15.18,2.47,1.78,13.46,81.12,1.34,327.05,0.0,0.0
2025-01-08 23:00:00,63.19,153.67,37.55,16.04,2.4,1.61,12.73,83.42,1.26,300.86,0.0,0.0
2025-01-09 00:00:00,76.63,176.55,37.36,12.91,1.74,0.96,11.56,89.64,1.41,305.3,0.0,0.0
2025-01-09 01:00:00,73.9,177.2,36.35,11.08,1.34,3.22,11.11,91.6,1.17,303.53,0.0,0.0
2025-01-09 02:00:00,77.06,177.76,21.99,9.36,0.94,4.9,10.54,92.46,1.36,311.23,0.0,0.0
2025-01-09 03:00:00,78.42,161.84,17.61,9.09,0.84,12.32,10.07,87.22,1.45,307.51,0.0,0.0
2025-01-09 04:00:00,97.38,193.18,18.11,9.17,0.74,13.48,10.02,77.79,1.51,314.06,0.0,0.0
2025-01-09 05:00:00,97.15,178.25,15.39,8.68,0.53,19.66,9.54,77.78,1.25,304.53,0.0,0.0
2025-01-09 06:00:00,79.2,158.05,16.18,8.65,0.52,20.52,9.04,80.54,1.3,293.29,0.0,0.0
2025-01-09 07:00:00,76.01,135.84,15.9,9.04,0.35,22.28,9.51,79.92,1.05,322.94,0.0,0.0
2025-01-09 08:00:00,64.32,106.29,18.7,12.22,0.46,29.9,12.98,68.5,1.36,342.32,0.0,17.18
2025-01-09 09:00:00,62.07,117.71,20.97,15.0,0.44,52.82,17.34,53.58,0.74,26.76,0.0,217.78
2025-01-09 10:00:00,47.95,113.35,20.29,22.19,0.43,69.52,20.34,43.16,1.0,266.82,0.0,258.58
2025-01-09 11:00:00,46.82,108.54,21.95,16.83,0.39,80.1,23.18,35.44,0.53,53.52,0.0,274.2
2025-01-09 12:00:00,48.39,98.56,16.49,21.02,0.38,90.28,24.65,33.35,0.76,83.92,0.0,279.15
2025-01-09 13:00:00,45.59,94.49,16.99,23.74,0.24,92.0,25.71,32.12,0.5,68.36,0.0,273.98
2025-01-09 14:00:00,39.34,93.32,25.16,18.45,0.29,88.7,25.96,28.97,0.85,110.2,0.0,273.08
2025-01-09 15:00:00,40.45,88.08,21.8,11.86,0.22,90.6,24.97,30.34,0.59,150.27,0.0,87.72
2025-01-09 16:00:00,37.63,77.21,20.97,8.2,0.28,80.91,23.96,33.89,0.57,92.75,0.0,0.8
2025-01-09 17:00:00,32.17,72.98,50.78,9.96,1.29,32.04,20.68,40.91,0.84,185.68,0.0,0.0
2025-01-09 18:00:00,32.68,85.36,69.14,11.6,2.27,2.61,17.18,48.69,0.96,300.58,0.0,0.0
2025-01-09 19:00:00,52.22,111.32,53.53,11.26,1.14,4.07,14.94,67.35,1.34,303.14,0.0,0.0
2025-01-09 20:00:00,56.24,122.1,42.77,10.95,1.45,2.41,13.88,75.02,1.36,307.87,0.0,0.0
2025-01-09 21:00:00,55.25,119.43,34.04,10.76,1.44,3.6,12.87,82.47,1.42,303.52,0.0,0.0
2025-01-09 22:00:00,65.37,128.8,31.32,11.08,2.13,5.45,12.54,83.85,1.43,314.82,0.0,0.0
2025-01-09 23:00:00,104.53,192.96,37.97,12.32,2.65,3.12,12.48,80.59,1.41,310.35,0.0,0.0
2025-01-10 00:00:00,104.63,197.98,40.95,11.66,2.27,2.79,12.15,80.48,1.41,319.33,0.0,0.0
2025-01-10 01:00:00,105.59,205.68,40.77,11.55,1.42,5.09,12.2,70.88,1.34,317.64,0.0,0.0
2025-01-10 02:00:00,97.49,178.61,20.52,10.95,0.92,15.0,12.27,70.11,1.53,317.61,0.0,0.0
2025-01-10 03:00:00,88.48,155.21,19.16,9.97,0.91,14.32,11.02,80.46,1.38,314.44,0.0,0.0
2025-01-10 04:00:00,94.3,149.48,15.28,8.66,0.75,10.16,10.15,86.63,1.3,314.97,0.0,0.0
2025-01-10 05:00:00,90.37,130.0,17.6,9.37,0.98,14.73,9.8,80.46,1.32,307.69,0.0,0.0
2025-01-10 06:00:00,86.1,135.63,14.98,8.83,0.72,17.91,9.43,81.22,1.13,291.44,0.0,0.0
2025-01-10 07:00:00,66.97,114.32,16.5,8.96,0.46,14.35,10.13,81.13,1.19,324.33,0.0,0.0
2025-01-10 08:00:00,67.26,113.56,20.21,12.58,0.52,22.49,14.14,68.66,1.28,179.18,0.0,15.95
2025-01-10 09:00:00,64.0,115.94,25.88,17.08,0.56,48.15,18.2,53.86,0.8,3.31,0.0,227.52
2025-01-10 10:00:00,65.22,126.7,29.36,31.09,0.72,77.88,21.39,45.93,0.81,138.43,0.0,268.25
2025-01-10 11:00:00,65.41,145.22,30.37,32.34,0.68,93.26,24.13,40.0,0.49,141.49,0.0,262.3
2025-01-10 12:00:00,66.18,152.54,26.02,35.88,0.52,103.85,25.43,37.4,1.02,151.48,0.0,258.08
2025-01-10 13:00:00,67.94,141.51,23.06,26.75,0.44,102.8,26.31,35.66,0.82,172.78,0.0,264.55
2025-01-10 14:00:00,65.72,133.44,14.91,24.33,0.39,107.92,26.69,35.01,0.62,192.91,0.0,278.52
2025-01-10 15:00:00,57.08,115.16,13.728068015959277,22.23,0.27,115.72,25.75,37.08,0.62,239.05,0.0,84.75
2025-01-10 16:00:00,50.81,102.04,32.36,21.6,0.43,96.52,24.8,38.75,0.78,144.18,0.0,1.9
2025-01-10 17:00:00,47.5,97.26,27.46,20.29,0.52,74.11,21.62,48.2,0.84,173.84,0.0,0.0
2025-01-10 18:00:00,61.12,98.18,50.56,37.04,1.26,41.09,18.69,57.92,1.26,24.67,0.0,0.0
2025-01-10 19:00:00,62.76,120.36,70.94,33.8,1.78,15.92,17.25,62.56,1.29,338.24,0.0,0.0
2025-01-10 20:00:00,66.2,153.4,75.93,28.58,2.64,3.51,16.12,71.92,1.36,319.59,0.0,0.0
2025-01-10 21:00:00,76.48,186.2,51.98,16.93,2.46,2.71,15.22,80.38,1.37,310.4,0.0,0.0
2025-01-10 22:00:00,87.59,209.52,38.62,13.25,1.65,1.62,14.28,87.21,1.39,309.41,0.0,0.0
2025-01-10 23:00:00,91.68,202.44,37.89,11.9,1.91,1.31,13.9,88.22,1.26,314.41,0.0,0.0
2025-01-11 00:00:00,92.94,188.36,40.59,12.07,1.69,2.23,13.28,87.52,1.36,308.08,0.0,0.0
2025-01-11 01:00:00,98.04,201.48,41.28,12.21,1.88,2.35,12.83,89.08,1.35,306.38,0.0,0.0
2025-01-11 02:00:00,110.06,217.73,38.09,11.36,1.94,2.62,12.44,92.94,1.34,311.64,0.0,0.0
2025-01-11 03:00:00,143.21,250.14,29.68,11.19,1.72,4.28,12.02,93.54,1.3,312.93,0.0,0.0
2025-01-11 04:00:00,130.92,233.62,20.58,10.57,1.2,5.55,11.68,94.05,1.31,315.52,0.0,0.0
2025-01-11 05:00:00,127.04,222.86,15.62,9.77,1.03,5.2,11.58,94.38,1.31,308.49,0.0,0.0
2025-01-11 06:00:00,122.47,212.52,17.92,11.57,0.71,11.92,11.36,89.94,1.31,302.64,0.0,0.0
2025-01-11 07:00:00,106.2,186.52,22.79,13.56,0.76,13.68,12.64,83.0,1.39,326.62,0.0,0.55
2025-01-11 08:00:00,101.03,190.18,28.46,23.42,0.85,28.26,15.54,70.26,0.9,9.68,0.0,32.25
2025-01-11 09:00:00,96.44,187.39,28.7,39.97,0.86,58.38,18.84,58.3,0.5,26.35,0.0,220.77
2025-01-11 10:00:00,97.32,187.06,28.91,48.86,0.84,80.33,21.42,50.49,0.72,178.58,0.0,261.8
2025-01-11 11:00:00,98.89,189.39,33.52,50.93,0.84,84.86,23.33,49.54,1.03,142.63,0.0,270.3
2025-01-11 12:00:00,94.68,188.08,17.99,38.73,0.7,78.73,25.07,49.62,0.76,152.78,0.0,271.13
2025-01-11 13:00:00,96.69,182.29,22.12,33.17,0.68,96.54,26.12,48.61,0.74,195.16,0.0,261.9
2025-01-11 14:00:00,92.26,172.43,16.34,28.37,0.54,99.45,26.54,48.95,0.84,68.56,0.0,249.82
2025-01-11 15:00:00,82.09,170.58,14.75,25.46,0.48,99.49,26.08,50.4,0.76,81.33,0.0,88.42
2025-01-11 16:00:00,83.72,158.77,23.06,25.27,0.6,91.32,25.06,53.42,0.86,81.48,0.0,4.12
2025-01-11 17:00:00,79.92,154.81,49.86,26.24,1.09,58.24,23.09,59.38,1.12,104.28,0.0,0.0
2025-01-11 18:00:00,81.7,155.23,41.64,22.17,1.06,50.73,21.29,64.27,1.01,97.64,0.0,0.0
2025-01-11 19:00:00,83.84,162.9,61.18,18.88,1.56,16.39,19.77,69.98,1.28,80.88,0.0,0.0
2025-01-11 20:00:00,85.17,180.86,72.58,16.06,2.16,2.1,18.97,72.98,1.16,108.14,0.0,0.0
2025-01-11 21:00:00,98.81,189.73,50.3,11.36,1.95,0.38,17.69,82.54,1.32,312.85,0.0,0.0
2025-01-11 22:00:00,101.46,194.84,48.28,9.82,2.06,20.59810518975148,17.28,83.87,1.23,318.95,0.0,0.0
2025-01-11 23:00:00,111.12,201.96,33.86,9.0,2.57,8.008735745390355,16.91,88.32,1.32,316.02,0.0,0.0
2025-01-12 00:00:00,108.68,205.55,25.8,8.4,2.34,0.92,16.35,92.0,1.23,318.4,0.0,0.0
2025-01-12 01:00:00,114.58,205.41,25.58,7.22,2.37,13.485242073374023,16.26,92.81,1.31,302.54,0.0,0.0
2025-01-12 02:00:00,111.03,210.72,39.25,7.99,2.45,13.587028382090567,16.29,89.92,0.94,224.55,0.0,0.0
2025-01-12 03:00:00,117.84,216.35,40.97,9.44,1.86,1.83,16.47,80.9,1.06,220.84,0.0,0.0
2025-01-12 04:00:00,121.17,210.42,26.33,9.29,1.38,9.18,16.27,79.52,0.87,157.66,0.0,0.0
2025-01-12 05:00:00,122.4,202.78,27.3,9.7,1.32,8.78,16.1,80.0,1.16,268.0,0.0,0.0
2025-01-12 06:00:00,113.78,197.89,32.3,9.54,1.17,8.43,15.76,80.55,0.68,140.26,0.0,0.0
2025-01-12 07:00:00,113.77,190.72,20.38,10.11,0.96,18.99,16.49,78.35,0.48,202.47,0.0,0.0
2025-01-12 08:00:00,107.84,188.68,17.56,11.76,0.73,25.74,18.44,76.03,0.71,271.39,0.0,24.48
2025-01-12 09:00:00,96.21,163.96,22.76,19.51,0.66,37.51,20.58,70.31,1.08,167.83,0.0,190.95
2025-01-12 10:00:00,90.74,161.1,21.39,23.24,0.66,49.02,22.75,65.97,0.92,210.77,0.0,255.25
2025-01-12 11:00:00,92.96,166.03,18.19,27.1,0.51,62.32,24.74,61.06,0.74,168.8,0.0,256.32
2025-01-12 12:00:00,84.44,153.02,9.94,14.54,0.33,73.24,25.74,58.28,0.64,298.5,0.0,261.02
2025-01-12 13:00:00,75.6,139.02,7.5,10.65,0.3,76.02,26.29,56.4,0.7,194.3,0.0,217.6
2025-01-12 14:00:00,71.3,127.0,9.94,9.79,0.31,75.99,26.65,54.38,0.76,231.22,0.0,206.27
2025-01-12 15:00:00,66.69,120.6,11.1,9.73,0.33,73.58,26.49,55.14,0.81,240.38,0.0,60.2
2025-01-12 16:00:00,62.64,120.9,16.99,33.65,0.53,77.07,25.12,60.86,0.87,123.91,0.0,2.9
2025-01-12 17:00:00,70.32,146.08,55.8,106.28,0.87,43.16,23.45,66.72,0.88,92.0,0.0,0.0
2025-01-12 18:00:00,86.24,183.1,63.53,66.46,1.24,17.29,21.42,74.33,1.09,293.52,0.0,0.0
2025-01-12 19:00:00,93.4,213.21,72.59,45.86,2.33,3.28,20.96,76.88,0.89,287.65,0.0,0.0
2025-01-12 20:00:00,108.21,258.12,76.76,44.12,2.34,1.23,20.76,76.76,0.76,177.45,0.0,0.0
2025-01-12 21:00:00,127.45,270.08,61.24,32.17,1.9,4.36,20.66,78.13,1.19,247.94,0.0,0.0
2025-01-12 22:00:00,129.66,265.17,39.46,27.99,1.4,8.3,19.73,82.12,1.37,320.46,0.0,0.0
2025-01-12 23:00:00,110.97,212.2,23.76,30.7,0.8,24.64,19.72,79.09,1.2,326.25,0.0,0.0
2025-01-13 00:00:00,97.78,173.02,18.63,22.08,0.6,25.92,19.4,78.94,1.2,269.91,0.0,0.0
2025-01-13 01:00:00,78.88,143.88,18.61,17.64,0.64,22.36,19.34,80.0,1.05,249.14,0.0,0.0
2025-01-13 02:00:00,70.94,132.13,9.83,17.54,0.55,33.2,19.16,78.74,1.16,324.19,0.0,0.0
2025-01-13 03:00:00,68.06,124.57,8.53,15.36,0.48,28.71,18.3,81.62,1.14,232.36,0.0,0.0
2025-01-13 04:00:00,67.42,111.49,7.26,13.93,0.54,25.26,17.4,84.44,1.17,319.96,0.0,0.0
2025-01-13 05:00:00,67.07,105.22,9.19,13.84,0.52,25.93,16.86,85.87,1.36,307.45,0.0,0.0
2025-01-13 06:00:00,68.46,102.92,10.97,8.26,0.59,14.48,16.33,88.64,0.87,326.17,0.0,0.0
2025-01-13 07:00:00,66.69,100.98,10.16,8.78,0.61,22.93,16.93,85.8,1.24,176.08,0.0,0.0
2025-01-13 08:00:00,62.59,107.38,10.7,13.31,0.66,25.19,17.58,81.75,0.88,12.64,0.0,27.9
2025-01-13 09:00:00,69.45,114.53,22.29,57.09,0.58,20.81,18.57,76.22,1.07,109.31,0.0,178.1
2025-01-13 10:00:00,70.78,120.82,10.28,26.76,0.56,42.27,19.94,70.17,0.96,100.33,0.0,267.77
2025-01-13 11:00:00,69.5,121.98,11.74,15.0,0.59,52.95,21.67,65.29,0.74,28.84,0.0,271.48
2025-01-13 12:00:00,69.52,122.6,9.18,11.06,0.49,65.33,22.72,62.29,1.11,97.43,0.0,274.2
2025-01-13 13:00:00,65.91,121.21,12.91,14.68,0.55,74.01,23.92,59.9,0.91,274.42,0.0,251.25
2025-01-13 14:00:00,65.76,121.7,17.26,16.02,0.62,77.33,24.42,58.98,0.54,90.46,0.0,231.58
2025-01-13 15:00:00,64.22,120.08,12.33,19.56,0.52,74.56,23.98,61.14,0.46,37.27,0.0,94.82
2025-01-13 16:00:00,62.46,111.3,13.71,26.68,0.54,66.07,23.06,63.64,0.72,63.21,0.0,4.75
2025-01-13 17:00:00,67.19,111.0,18.4,16.7,0.65,50.35,21.79,67.58,0.62,98.06,0.0,0.0
2025-01-13 18:00:00,63.41,110.68,19.57,10.36,0.73,43.48,20.54,68.99,0.63,95.26,0.0,0.0
2025-01-13 19:00:00,66.32,120.66,24.38,9.63,0.84,34.1,19.57,70.66,0.73,123.81,0.0,0.0
2025-01-13 20:00:00,64.89,116.64,17.04,10.02,0.62,41.46,18.8,70.55,0.98,185.33,0.0,0.0
2025-01-13 21:00:00,68.01,115.57,18.63,8.16,0.63,38.97,18.01,71.63,1.11,179.74,0.0,0.0
2025-01-13 22:00:00,66.66,121.19,15.69,7.16,0.62,40.31,17.24,72.36,0.95,181.32,0.0,0.0
2025-01-13 23:00:00,69.35,119.04,14.12,15.8,0.58,38.98,16.6,73.37,1.18,327.64,0.0,0.0
2025-01-14 00:00:00,70.29,116.13,9.28,8.66,0.55,39.7,15.96,75.71,1.02,331.95,0.0,0.0
2025-01-14 01:00:00,66.98,109.56,9.56,8.29,0.56,36.56,15.49,76.12,1.04,243.69,0.0,0.0
2025-01-14 02:00:00,64.72,112.43,11.53,9.28,0.55,41.06,15.6,73.2,1.21,347.47,0.0,0.0
2025-01-14 03:00:00,63.46,108.09,9.96,10.19,0.52,36.9,14.8,75.81,0.98,325.64,0.0,0.0
2025-01-14 04:00:00,55.73,101.01,9.72,11.42,0.46,35.72,14.35,76.84,1.42,316.52,0.0,0.0
2025-01-14 05:00:00,58.41,105.98,11.88,9.31,0.53,28.42,13.66,80.67,1.04,305.4,0.0,0.0
2025-01-14 06:00:00,61.72,107.07,16.39,8.04,0.62,20.9,13.08,83.56,0.96,302.06,0.0,0.0
2025-01-14 07:00:00,61.2,111.08,13.9,7.93,0.63,28.18,13.87,78.86,1.1,242.96,0.0,0.0
2025-01-14 08:00:00,60.3,108.43,13.94,8.38,0.54,45.73,15.57,70.94,0.92,95.12,0.0,34.05
2025-01-14 09:00:00,63.65,107.73,12.79,10.93,0.62,53.35,17.24,65.66,1.01,14.55,0.0,206.22
2025-01-14 10:00:00,60.97,113.31,15.78,22.23,0.63,59.27,19.93,59.13,0.68,123.26,0.0,242.28
2025-01-14 11:00:00,65.14,118.08,17.42,54.32,0.66,67.44,22.15,56.66,0.9,102.98,0.0,255.9
2025-01-14 12:00:00,66.24,126.01,15.57,51.9,0.62,77.9,23.86,56.05,0.55,113.73,0.0,241.28
2025-01-14 13:00:00,69.14,128.05,21.08,53.74,0.72,86.86,24.96,54.79,0.58,123.17,0.0,254.5
2025-01-14 14:00:00,73.39,136.03,20.52,37.61,0.68,92.4,25.71,54.48,0.57,105.74,0.0,269.83
2025-01-14 15:00:00,76.65,139.11,19.38,25.41,0.78,92.37,25.29,55.7,0.67,133.26,0.0,106.7
2025-01-14 16:00:00,72.61,133.07,12.86,21.48,0.73,94.34,24.56,58.01,0.72,44.26,0.0,6.35
2025-01-14 17:00:00,74.01,138.93,24.95,18.19,0.95,60.04,22.36,66.1,0.86,234.18,0.0,0.0
2025-01-14 18:00:00,69.45,133.56,51.35,12.85,1.82,20.06,20.29,74.16,1.06,256.16,0.0,0.0
2025-01-14 19:00:00,77.89,145.44,71.75,22.72,2.4,3.9,19.25,77.81,1.32,307.92,0.0,0.0
2025-01-14 20:00:00,85.86,164.42,73.99,21.73,2.86,2.56,18.34,82.9,1.2,260.28,0.0,0.0
2025-01-14 21:00:00,106.48,195.92,78.8,21.54,3.71,1.13,18.14,82.74,1.1,325.85,0.0,0.0
2025-01-14 22:00:00,127.97,226.51,73.5,18.69,3.66,0.68,17.81,83.03,1.07,132.57,0.0,0.0
2025-01-14 23:00:00,145.58,250.07,44.78,15.74,2.06,9.33,17.76,80.9,1.1,241.54,0.0,0.0
2025-01-15 00:00:00,123.49,213.44,26.97,14.05,1.45,14.45,17.29,83.03,1.15,330.02,0.0,0.0
2025-01-15 01:00:00,117.19,181.98,26.44,16.43,1.45,13.21,17.56,81.64,1.24,329.46,0.0,0.0
2025-01-15 02:00:00,110.88,174.51,20.8,13.46,0.99,10.52,16.66,86.72,0.92,234.31,0.0,0.0
2025-01-15 03:00:00,101.22,159.38,17.43,11.49,0.82,13.96,16.1,88.74,0.75,159.29,0.0,0.0
2025-01-15 04:00:00,93.99,148.73,15.77,12.33,0.9,19.76,16.24,86.16,0.81,150.24,0.0,0.0
2025-01-15 05:00:00,102.13,154.99,21.2,11.59,0.91,13.89,15.53,89.06,0.75,206.84,0.0,0.0
2025-01-15 06:00:00,101.68,153.53,18.63,12.55,0.64,22.76,16.06,85.3,0.46,121.74,0.0,0.0
2025-01-15 07:00:00,83.38,139.77,20.34,14.58,0.59,27.89,16.59,82.56,0.41,86.02,0.0,0.0
2025-01-15 08:00:00,78.43,137.14,15.95,18.8,0.58,38.61,18.05,77.04,0.63,22.58,0.0,27.38
2025-01-15 09:00:00,74.34,128.88,18.1,26.76,0.68,48.33,19.99,70.9,0.7,67.0,0.0,212.38
2025-01-15 10:00:00,79.07,130.09,24.24,37.41,0.79,60.95,22.4,63.64,0.62,103.84,0.0,272.45
2025-01-15 11:00:00,84.1,142.78,27.55,36.67,0.92,68.32,24.34,58.72,1.11,153.94,0.0,266.12
2025-01-15 12:00:00,83.06,152.98,22.76,32.18,0.65,80.81,25.92,53.91,1.02,138.19,0.0,272.02
2025-01-15 13:00:00,78.1,149.54,28.18,27.12,0.67,81.92,26.28,50.44,1.11,144.51,0.0,234.42
2025-01-15 14:00:00,77.67,135.1,28.66,24.66,0.6,79.69,25.37,51.15,0.92,139.76,0.0,115.17
2025-01-15 15:00:00,68.44,126.06,33.04,15.64,0.88,75.89,25.02,52.74,0.92,147.73,0.0,23.3
2025-01-15 16:00:00,68.56,106.23,22.045190721867744,18.388225853846414,0.7089235460622784,35.93194099771299,19.98,73.7,1.39,322.15,0.0,0.0
2025-01-15 17:00:00,44.81786545845669,84.47180783555406,19.486392245612098,17.04841682164542,0.5983319546048915,33.34192758719134,,,,,,
2025-01-15 18:00:00,44.81786545845669,84.47180783555406,19.486392245612098,17.04841682164542,0.5983319546048915,33.34192758719134,,,,,,
2025-01-15 19:00:00,74.42,103.03,50.937666303270944,3.01,2.01,1.03,19.6,78.09,1.23,322.82,0.0,0.0
2025-01-15 20:00:00,92.04,151.62,51.797759770505394,0.78,1.95,0.02,18.41,83.65,1.31,328.47,0.0,0.0
2025-01-15 21:00:00,92.16,161.08,117.7520198254105,21.144037697007985,4.33,0.52,18.14,83.49,1.09,235.62,0.0,0.0
2025-01-15 22:00:00,98.82,190.08,107.1544255339515,23.406363717508253,3.81,0.63,17.36,84.82,0.96,240.86,0.0,0.0
2025-01-15 23:00:00,120.3,233.36,67.1483765875879,33.888043253034056,2.08,43.69564499516851,16.56,89.3,1.06,324.9,0.0,0.0
2025-01-16 00:00:00,113.32,205.72,40.98,4.24,2.26,0.92,16.08,90.99,1.2,240.08,0.0,0.0
2025-01-16 01:00:00,114.86,195.76,33.84,5.62,1.8,0.03,16.21,90.62,1.05,247.71,0.0,0.0
2025-01-16 02:00:00,100.19,180.07,53.8,6.52,2.22,9.485843867674163,16.94,83.91,0.8,189.89,0.0,0.0
2025-01-16 03:00:00,100.2,178.29,61.76,6.73,2.26,0.29,16.6,84.68,1.35,315.86,0.0,0.0
2025-01-16 04:00:00,107.94,188.9,43.5,6.68,1.98,0.18,16.36,86.1,1.54,319.44,0.0,0.0
2025-01-16 05:00:00,109.7,200.73,24.75,8.18,1.14,0.33,15.76,86.84,1.44,316.22,0.0,0.0
2025-01-16 06:00:00,97.69,183.28,15.36,5.96,0.73,3.64,15.08,89.18,1.45,314.3,0.0,0.0
2025-01-16 07:00:00,95.57,161.94,23.56,7.34,1.0,4.98,15.89,86.02,1.19,315.58,0.0,0.0
2025-01-16 08:00:00,94.9,164.12,22.36,14.72,0.8,20.51,18.32,76.67,1.34,324.78,0.0,57.58
2025-01-16 09:00:00,87.38,164.33,24.12,22.44,0.82,42.65,20.58,68.36,0.97,92.18,0.0,156.15
2025-01-16 10:00:00,88.96,173.79,28.4,24.96,0.95,65.96,22.48,62.15,0.86,30.71,0.0,155.32
2025-01-16 11:00:00,96.21,186.02,30.64,26.01,1.14,81.8,23.08,60.69,1.3,268.18,0.0,135.18
2025-01-16 12:00:00,98.1,208.65,32.1,27.32,1.25,94.53,23.63,59.46,1.05,179.03,0.0,76.0
2025-01-16 13:00:00,101.95,208.01,32.52,25.4,1.26,98.39,23.74,59.68,1.38,342.48,0.0,73.43
2025-01-16 14:00:00,99.52,208.43,29.3,22.96,1.06,86.77,24.0,60.97,1.38,340.45,0.0,62.8
2025-01-16 15:00:00,98.09,203.18,20.92,21.73,0.77,86.88,24.15,59.53,1.08,110.3,0.0,28.42
2025-01-16 16:00:00,90.91,194.1,25.58,21.8,0.85,58.8,23.76,62.92,1.19,325.05,0.0,0.08
2025-01-16 17:00:00,89.61,191.88,38.94,21.7,1.06,33.34,22.4,68.34,1.06,249.48,0.0,0.0
2025-01-16 18:00:00,88.1,181.1,58.76,16.35,1.44,9.62,20.44,73.48,1.25,326.41,0.0,0.0
2025-01-16 19:00:00,86.74,182.5,67.24,12.13,1.78,0.1,19.58,80.52,1.14,246.11,0.0,0.0
2025-01-16 20:00:00,87.38,180.5,50.94,8.6,2.08,15.928840169928261,18.76,86.12,1.34,305.75,0.0,0.0
2025-01-16 21:00:00,91.29,195.98,38.17,7.0,1.75,29.15829553737799,18.37,87.71,1.36,323.66,0.0,0.0
2025-01-16 22:00:00,93.19,190.44,42.04,7.22,2.78,0.27,18.59,85.74,1.33,323.61,0.0,0.0
2025-01-16 23:00:00,104.4,201.53,44.75,7.0,2.07,0.89,18.1,84.66,1.51,319.69,0.0,0.0
2025-01-17 00:00:00,105.47,204.06,26.42,6.53,0.92,4.39,17.91,84.96,1.38,327.97,0.0,0.0
2025-01-17 01:00:00,102.21,178.6,22.43,8.21,0.9,10.58,17.92,83.19,1.37,321.42,0.0,0.0
2025-01-17 02:00:00,97.06,167.68,18.5,10.32,0.76,14.76,17.96,81.0,1.46,320.62,0.0,0.0
2025-01-17 03:00:00,90.57,151.72,13.56,9.52,0.81,18.19,17.84,79.17,1.54,315.9,0.0,0.0
2025-01-17 04:00:00,78.8,124.82,12.59,9.19,0.56,17.95,17.28,79.63,1.49,313.81,0.0,0.0
2025-01-17 05:00:00,70.28,117.94,10.68,8.14,0.48,18.7,17.07,78.41,1.56,317.34,0.0,0.0
2025-01-17 06:00:00,66.44,107.07,12.73,7.1,0.53,15.64,16.69,79.07,1.46,314.23,0.0,0.0
2025-01-17 07:00:00,62.37,100.26,15.93,7.68,0.62,15.42,16.89,77.59,1.13,301.06,0.0,2.52
2025-01-17 08:00:00,55.52,96.03,17.4,9.3,0.5,25.35,18.56,68.15,1.21,173.06,0.0,30.52
2025-01-17 09:00:00,53.7,94.06,16.55,9.86,0.38,41.54,20.78,55.38,0.93,187.29,0.0,211.68
2025-01-17 10:00:00,49.09,97.55,18.22,10.46,0.44,50.65,24.74,45.39,1.0,178.78,0.0,228.5
2025-01-17 11:00:00,44.81786545845669,84.47180783555406,19.486392245612098,17.04841682164542,0.5983319546048915,33.34192758719134,,,,,,
2025-01-17 12:00:00,44.81786545845669,84.47180783555406,19.486392245612098,17.04841682164542,0.5983319546048915,33.34192758719134,,,,,,
2025-01-17 13:00:00,60.97,92.84,15.23,1.98,0.27,64.97,27.09,41.2,0.58,101.45,0.0,232.55
2025-01-17 14:00:00,43.98,78.02,14.42,11.23,0.2,69.28,26.97,42.91,0.57,149.47,0.0,243.12
2025-01-17 15:00:00,35.28,81.09,19.77,13.94,0.2,71.58,26.42,43.98,0.43,70.59,0.0,126.3
2025-01-17 16:00:00,40.26,76.31,15.22,13.15,0.21,68.3,25.52,44.69,0.55,117.97,0.0,8.25
2025-01-17 17:00:00,37.61,71.06,23.75,12.98,0.33,57.14,23.96,47.98,0.65,95.44,0.0,0.0
2025-01-17 18:00:00,36.3,74.26,6.1,12.05,1.11,26.62,21.36,55.08,0.61,128.27,0.0,0.0
2025-01-17 19:00:00,44.7,91.1,4.56,13.39,1.34,7.68,20.09,60.61,0.96,283.8,0.0,0.0
2025-01-17 20:00:00,46.66,110.95,5.93,17.88,1.54,7.67,19.77,63.52,0.99,306.41,0.0,0.0
2025-01-17 21:00:00,48.09,106.04,2.49,15.51,0.92,30.47,19.58,64.59,1.05,312.34,0.0,0.0
2025-01-17 22:00:00,51.68,105.3,7.8,16.88,0.66,39.87,19.14,66.21,0.7,188.84,0.0,0.0
2025-01-17 23:00:00,58.85,108.61,20.85,21.68,0.68,35.68,18.51,68.73,0.77,322.78,0.0,0.0
2025-01-18 00:00:00,60.15,111.62,15.77,16.15,0.74,38.02,17.82,72.1,1.27,319.65,0.0,0.0
2025-01-18 01:00:00,61.11,118.97,13.21,12.45,0.72,30.1,16.28,78.64,1.07,288.19,0.0,0.0
2025-01-18 02:00:00,62.66,117.53,1.09,10.95,0.69,27.26,15.9,80.6,1.0,284.23,0.0,0.0
2025-01-18 03:00:00,62.75,115.72,19.463714582916538,10.58,0.61,35.19,15.76,80.57,1.23,306.7,0.0,0.0
2025-01-18 04:00:00,60.12,119.88,5.29,9.76,0.57,29.74,15.16,83.69,1.47,323.68,0.0,0.0
2025-01-18 05:00:00,61.01,117.55,11.29,9.57,0.58,30.78,14.34,84.08,1.39,318.39,0.0,0.0
2025-01-18 06:00:00,61.74,114.42,16.84,9.1,0.64,20.96,13.78,85.59,1.2,295.05,0.0,0.0
2025-01-18 07:00:00,62.31,111.72,13.48,8.76,0.7,12.56,13.78,88.25,1.34,305.83,0.0,0.0
2025-01-18 08:00:00,66.38,119.7,4.53,11.85,0.79,23.34,16.67,77.07,0.94,178.68,0.0,28.52
2025-01-18 09:00:00,61.68,126.2,0.58,15.48,0.92,43.75,20.05,65.33,0.75,36.94,0.0,241.88
2025-01-18 10:00:00,66.94,137.88,13.02,18.88,0.82,68.13,22.95,55.74,0.62,31.43,0.0,260.32
2025-01-18 11:00:00,73.69,143.8,19.41,60.37,0.62,67.01,24.86,50.6,0.59,59.6,0.0,274.38
2025-01-18 12:00:00,70.16,137.7,25.51,139.12,0.47,57.45,27.0,42.7,0.38,86.55,0.0,275.0
2025-01-18 13:00:00,55.45,120.48,15.02,76.12,0.3,67.5,27.78,38.12,0.58,54.62,0.0,278.7
2025-01-18 14:00:00,49.3,100.38,8.07,13.7,0.3,74.23,27.8,38.91,0.45,52.54,0.0,269.8
2025-01-18 15:00:00,50.91,103.41,15.84,13.01,0.3,76.56,27.12,40.48,0.57,141.95,0.0,132.88
2025-01-18 16:00:00,45.59,97.65,25.68,9.72,0.48,63.7,26.1,41.2,0.74,111.25,0.0,7.15
2025-01-18 17:00:00,42.92,89.98,61.67,10.01,1.15,24.38,23.94,47.52,1.19,178.14,0.0,0.0
2025-01-18 18:00:00,45.38,91.37,77.15,12.38,2.12,1.64,20.8,56.1,1.06,158.4,0.0,0.0
2025-01-18 19:00:00,49.74,109.04,61.81,13.45,1.34,4.26,19.07,62.41,1.19,322.34,0.0,0.0
2025-01-18 20:00:00,46.74,108.62,70.36,14.05,2.31,0.0,18.26,64.42,1.23,307.06,0.0,0.0
2025-01-18 21:00:00,62.24,125.0,72.04,11.21,1.91,5.305292971425162,17.56,62.89,1.2,310.79,0.0,0.0
2025-01-18 22:00:00,61.3,134.58,50.56,10.13,1.66,15.324077168679926,16.16,74.11,1.39,316.72,0.0,0.0
2025-01-18 23:00:00,58.2,131.32,50.26,10.68,1.23,0.82,16.02,68.18,1.49,316.23,0.0,0.0
2025-01-19 00:00:00,56.72,126.42,29.96,9.63,0.65,14.19,15.09,70.38,1.29,314.66,0.0,0.0
2025-01-19 01:00:00,50.43,102.78,23.0,9.05,0.57,16.71,14.3,75.44,1.36,302.12,0.0,0.0
2025-01-19 02:00:00,46.43,97.28,18.71,8.3,0.42,18.11,13.23,79.76,1.15,318.04,0.0,0.0
2025-01-19 03:00:00,43.28,92.0,17.52,7.49,0.42,9.32,12.63,85.96,1.17,316.88,0.0,0.0
2025-01-19 04:00:00,46.02,85.64,14.23,7.1,0.34,7.19,12.04,88.18,1.38,297.22,0.0,0.0
2025-01-19 05:00:00,44.58,76.89,14.45,6.94,0.34,8.18,11.78,88.54,1.49,308.74,0.0,0.0
2025-01-19 06:00:00,35.56,72.04,14.16,7.06,0.32,14.74,11.57,84.74,1.3,310.92,0.0,0.0
2025-01-19 07:00:00,37.23,69.01,16.1,7.26,0.35,7.56,12.11,89.0,1.31,311.15,0.0,0.0
2025-01-19 08:00:00,38.58,72.63,19.69,10.36,0.47,21.94,16.11,69.71,1.35,258.7,0.0,46.2
2025-01-19 09:00:00,36.38,75.33,20.08,11.24,0.43,51.12,20.28,53.44,0.88,265.01,0.0,235.7
2025-01-19 10:00:00,43.69,81.16,20.87,13.85,0.55,71.87,23.45,44.94,0.67,21.69,0.0,276.23
2025-01-19 11:00:00,50.54,100.54,18.26,13.59,0.48,85.3,25.7,39.56,1.06,194.49,0.0,270.42
2025-01-19 12:00:00,66.4,110.52,27.29,107.85,0.26,66.9,27.38,36.6,0.85,95.55,0.0,252.42
2025-01-19 13:00:00,66.02,100.89,31.76,109.57,0.16,56.56,28.36,33.81,0.8,38.36,0.0,244.88
2025-01-19 14:00:00,57.16,91.03,12.59,32.53,0.09,73.13,28.7,31.63,0.92,108.54,0.0,250.75
2025-01-19 15:00:00,43.04,79.92,23.74,102.33,0.08,55.14,28.39,31.53,0.78,189.51,0.0,136.1
2025-01-19 16:00:00,42.14,71.01,28.51,96.43,0.14,49.01,27.2,34.0,0.65,152.65,0.0,13.85
2025-01-19 17:00:00,44.49,67.74,47.67,82.36,0.64,24.52,24.24,42.58,0.5,167.59,0.0,0.0
2025-01-19 18:00:00,49.34,77.6,41.43,20.7,0.68,25.72,20.84,51.03,1.2,306.04,0.0,0.0
2025-01-19 19:00:00,48.56,87.41,46.36,14.51,0.82,9.64,18.58,62.08,1.32,312.84,0.0,0.0
2025-01-19 20:00:00,54.64,94.62,40.03,11.54,1.34,12.18404582820478,17.41,74.62,1.22,320.78,0.0,0.0
2025-01-19 21:00:00,55.24,113.8,34.64,11.25,1.96,1.6954559844362453,16.86,74.22,1.34,311.87,0.0,0.0
2025-01-19 22:00:00,65.45,125.81,52.17,12.66,1.6,14.893838950342861,16.37,71.74,1.25,305.98,0.0,0.0
2025-01-19 23:00:00,72.42,142.28,41.08,11.35,0.91,7.29,15.82,71.64,0.76,315.18,0.0,0.0
2025-01-20 00:00:00,66.94,133.71,24.99,9.58,0.47,22.26,14.86,71.68,1.14,237.82,0.0,0.0
2025-01-20 01:00:00,64.26,110.82,23.31,10.58,0.54,15.1,14.28,76.33,1.3,306.34,0.0,0.0
2025-01-20 02:00:00,58.46,105.43,14.81,8.93,0.37,23.82,13.92,77.86,1.29,294.31,0.0,0.0
2025-01-20 03:00:00,57.92,88.36,12.22,8.6,0.35,25.01,13.2,81.42,1.28,309.37,0.0,0.0
2025-01-20 04:00:00,60.05,82.23,15.0,8.36,0.49,19.04,12.56,85.88,1.18,313.3,0.0,0.0
2025-01-20 05:00:00,79.57,87.49,16.41,8.48,0.6,12.24,12.24,87.85,1.36,298.64,0.0,0.0
2025-01-20 06:00:00,76.6,84.68,18.94,8.24,0.66,14.3,11.84,86.84,1.43,307.75,0.0,0.0
2025-01-20 07:00:00,76.0,100.39,14.0,8.02,0.47,11.81,12.89,84.6,1.47,319.69,0.0,0.0
2025-01-20 08:00:00,65.67,89.02,16.37,10.58,0.48,32.29,16.9,66.98,1.33,342.72,0.0,48.7
2025-01-20 09:00:00,59.52,89.55,14.64,12.48,0.4,57.58,20.87,52.45,1.19,94.14,0.0,225.3
2025-01-20 10:00:00,57.17,87.32,15.38,14.58,0.43,71.51,23.8,47.09,0.74,201.3,0.0,266.6
2025-01-20 11:00:00,56.14,100.1,12.91,15.06,0.36,77.9,25.9,43.8,0.66,21.4,0.0,248.65
2025-01-20 12:00:00,54.5,96.2,13.57,31.54,0.31,79.55,27.64,41.1,0.74,99.21,0.0,248.62
2025-01-20 13:00:00,55.08,98.87,30.25,127.58,0.24,60.29,28.29,38.39,1.11,270.0,0.0,246.6
2025-01-20 14:00:00,57.33,108.13,40.74,178.31,0.3,54.08,29.01,36.2,0.71,113.05,0.0,238.85
2025-01-20 15:00:00,54.02,115.09,44.59,114.94,0.4,51.64,28.83,35.98,0.44,169.12,0.0,132.25
2025-01-20 16:00:00,54.17,122.31,51.18,107.87,0.7,43.0,27.56,38.28,0.49,179.47,0.0,12.52
2025-01-20 17:00:00,59.74,121.95,79.41,59.59,1.28,12.56,24.74,45.37,1.04,247.89,0.0,0.0
2025-01-20 18:00:00,63.17,127.52,81.18,20.51,1.74,1.51,21.3,54.9,1.01,308.48,0.0,0.0
2025-01-20 19:00:00,61.78,135.99,75.9,12.93,1.72,15.081454145549976,19.51,61.05,1.35,317.95,0.0,0.0
2025-01-20 20:00:00,64.04,135.65,53.26,11.07,1.65,16.1259793843934,18.06,73.1,1.29,314.63,0.0,0.0
2025-01-20 21:00:00,63.48,134.79,46.08,9.91,2.07,3.992555140110335,17.34,73.84,1.36,312.26,0.0,0.0
2025-01-20 22:00:00,68.89,144.56,36.46,8.33,1.91,10.454859884318505,15.71,82.96,1.42,313.06,0.0,0.0
2025-01-20 23:00:00,67.11,157.66,45.84,9.85,2.79,0.0,15.3,79.83,1.36,313.9,0.0,0.0
2025-01-21 00:00:00,78.97,165.09,45.35,9.72,2.22,8.488686449651631,14.56,83.07,1.36,307.03,0.0,0.0
2025-01-21 01:00:00,87.44,171.56,46.79,11.26,1.35,1.98,14.27,79.74,1.32,304.8,0.0,0.0
2025-01-21 02:00:00,93.03,162.95,35.57,10.2,0.93,2.91,14.23,80.56,1.35,295.91,0.0,0.0
2025-01-21 03:00:00,81.91,152.3,23.81,9.66,0.6,11.48,14.05,81.02,1.38,295.77,0.0,0.0
2025-01-21 04:00:00,79.09,128.92,18.27,9.12,0.48,12.89,13.99,82.64,1.44,306.18,0.0,0.0
2025-01-21 05:00:00,81.72,124.38,15.77,8.95,0.32,19.95,13.65,82.35,1.22,310.21,0.0,0.0
2025-01-21 06:00:00,75.9,105.52,14.4,8.88,0.34,15.13,13.24,87.14,1.45,311.72,0.0,0.0
2025-01-21 07:00:00,72.79,102.39,10.34,9.56,0.34,26.37,14.86,79.38,1.47,330.35,0.0,0.0
2025-01-21 08:00:00,71.28,97.5,12.76,8.81,0.56,41.44,18.15,69.1,1.38,172.26,0.0,92.45
2025-01-21 09:00:00,61.48,109.12,12.94,14.11,0.48,57.75,21.1,62.02,1.06,103.64,0.0,200.1
2025-01-21 10:00:00,67.25,104.24,11.16,12.77,0.5,72.0,23.96,54.49,1.15,176.31,0.0,239.85
2025-01-21 11:00:00,74.37,112.92,17.68,25.54,0.55,79.57,26.46,48.25,0.61,67.66,0.0,251.92
2025-01-21 12:00:00,53.29,111.39,24.95,93.56,0.43,86.7,27.94,44.22,0.99,190.67,0.0,269.68
2025-01-21 13:00:00,55.48,115.46,16.05,17.26,0.4,96.08,29.11,39.51,0.66,131.63,0.0,271.27
2025-01-21 14:00:00,48.56,104.66,14.34,19.84,0.33,96.69,29.75,36.09,0.77,129.98,0.0,275.08
2025-01-21 15:00:00,45.72,96.56,22.8,52.27,0.36,86.06,29.51,35.73,0.62,155.06,0.0,139.85
2025-01-21 16:00:00,43.4,95.69,39.04,107.08,0.5,59.64,27.98,37.32,0.86,113.36,0.0,15.12
2025-01-21 17:00:00,42.37,100.32,75.89,100.72,1.56,10.48,25.18,43.65,0.76,161.4,0.0,0.0
2025-01-21 18:00:00,57.52,114.32,69.11,47.58,3.4,0.0,21.93,51.22,1.21,137.32,0.0,0.0
2025-01-21 19:00:00,63.92,156.34,77.63,16.59,1.84,20.409982597728217,20.0,56.14,1.32,317.26,0.0,0.0
2025-01-21 20:00:00,54.47,147.42,53.29,12.02,1.42,27.85242989792825,18.25,68.97,1.36,307.46,0.0,0.0
2025-01-21 21:00:00,60.27,136.69,44.38,7.44,1.46,20.27135274674427,17.24,74.5,1.43,314.03,0.0,0.0
2025-01-21 22:00:00,55.31,138.11,42.12,4.19,2.03,4.046414180831558,16.69,77.22,1.38,299.61,0.0,0.0
2025-01-21 23:00:00,58.2,155.71,47.59,7.33,1.93,13.995687407099274,15.66,77.62,1.38,301.33,0.0,0.0
2025-01-22 00:00:00,65.03,153.39,49.82,9.83,1.48,26.05699964223038,15.97,75.16,1.57,321.24,0.0,0.0
2025-01-22 01:00:00,64.89,157.29,38.04,7.63,0.89,3.86,15.36,79.1,1.38,304.14,0.0,0.0
2025-01-22 02:00:00,63.67,147.39,23.02,4.52,0.66,5.5,14.61,84.49,1.44,311.43,0.0,0.0
2025-01-22 03:00:00,63.27,134.25,22.17,3.68,0.5,4.82,13.86,87.19,1.36,300.56,0.0,0.0
2025-01-22 04:00:00,59.25,122.27,16.63,2.86,0.39,5.95,13.61,88.48,1.44,309.36,0.0,0.0
2025-01-22 05:00:00,53.72,111.21,15.87,2.12,0.49,2.72,13.18,91.96,1.42,305.36,0.0,0.0
2025-01-22 06:00:00,54.69,115.13,13.66,1.9,0.38,5.4,12.93,92.25,1.41,302.04,0.0,0.0
2025-01-22 07:00:00,49.42,101.64,14.24,1.72,0.45,5.5,13.47,92.24,1.35,311.68,0.0,0.0
2025-01-22 08:00:00,57.01,96.97,19.84,6.33,0.66,21.3,17.23,75.86,1.38,333.38,0.0,47.1
2025-01-22 09:00:00,57.54,117.34,19.44,10.14,0.59,50.79,21.06,63.1,0.95,91.5,0.0,212.95
2025-01-22 10:00:00,60.27,123.97,28.51,11.86,0.8,77.79,24.84,52.9,0.73,77.88,0.0,263.35
2025-01-22 11:00:00,67.53,136.71,30.29,22.31,0.76,96.54,27.74,44.06,0.6,173.92,0.0,259.75
2025-01-22 12:00:00,70.26,140.5,29.43,49.1,0.59,98.27,29.52,37.29,0.84,175.0,0.0,254.65
2025-01-22 13:00:00,61.54,130.12,28.56,51.58,0.54,109.13,30.66,36.06,0.87,173.65,0.0,259.02
2025-01-22 14:00:00,57.88,121.6,33.78,51.6,0.59,112.02,31.43,34.54,1.04,178.3,0.0,265.38
2025-01-22 15:00:00,58.62,125.89,25.28,47.74,0.42,129.78,30.74,35.36,0.87,110.26,0.0,135.98
2025-01-22 16:00:00,62.63,123.58,57.61,39.85,1.06,90.44,29.38,38.52,0.89,178.1,0.0,15.52
2025-01-22 17:00:00,64.39,125.8,59.84,25.96,1.21,62.46,26.48,46.0,0.87,111.49,0.0,0.0
2025-01-22 18:00:00,62.44,126.83,85.58,14.68,2.11,14.8,23.39,55.3,1.03,213.2,0.0,0.0
2025-01-22 19:00:00,64.04,143.3,83.48,15.68,4.0,0.0,21.63,61.12,1.25,268.21,0.0,0.0
2025-01-22 20:00:00,81.58,177.9,69.48,13.44,1.85,0.16,19.71,70.27,1.36,310.65,0.0,0.0
2025-01-22 21:00:00,79.22,173.14,59.26,8.62,1.79,21.997415475916135,18.51,76.18,1.34,308.19,0.0,0.0
2025-01-22 22:00:00,79.16,168.17,50.51,6.37,1.62,23.926895908900065,17.84,77.93,1.29,302.22,0.0,0.0
2025-01-22 23:00:00,80.32,163.49,54.45,6.61,1.74,19.004826629522118,17.12,78.97,1.42,305.38,0.0,0.0
2025-01-23 00:00:00,80.68,156.47,38.78,9.78,1.04,10.16,17.35,75.23,1.49,318.82,0.0,0.0
2025-01-23 01:00:00,72.19,154.03,23.43,10.24,0.67,17.27,16.47,79.9,1.49,320.22,0.0,0.0
2025-01-23 02:00:00,71.5,146.11,17.42,9.44,0.5,18.66,16.21,80.63,1.35,316.88,0.0,0.0
2025-01-23 03:00:00,66.51,139.99,16.22,9.18,0.45,15.62,15.25,85.02,1.17,176.68,0.0,0.0
2025-01-23 04:00:00,78.8,133.47,14.09,5.57,0.44,9.24,14.61,89.12,1.39,303.71,0.0,0.0
2025-01-23 05:00:00,73.73,130.24,15.1,6.1,0.4,18.24,14.24,86.9,1.33,294.81,0.0,0.0
2025-01-23 06:00:00,74.99,124.24,15.3,4.92,0.42,11.98,13.8,90.37,0.92,303.62,0.0,0.0
2025-01-23 07:00:00,70.24,122.41,15.42,3.78,0.55,3.28,14.35,92.08,1.34,316.04,0.0,0.0
2025-01-23 08:00:00,70.48,117.18,34.77,11.37,1.02,14.97,18.35,75.4,0.72,155.06,0.0,34.88
2025-01-23 09:00:00,87.94,144.17,47.55,20.0,1.26,48.87,23.27,54.98,1.08,137.98,0.0,226.35
2025-01-23 10:00:00,86.94,148.45,36.94,29.87,0.96,71.18,25.36,50.71,0.86,159.64,0.0,274.45
2025-01-23 11:00:00,72.24,129.01,23.61,45.14,0.68,86.69,27.12,48.02,0.7,116.48,0.0,275.45
2025-01-23 12:00:00,71.18,138.4,26.63,75.52,0.6,95.41,29.14,42.99,1.25,166.96,0.0,264.23
2025-01-23 13:00:00,72.29,136.89,26.72,39.86,0.57,89.54,30.26,39.1,1.44,167.48,0.0,269.27
2025-01-23 14:00:00,66.25,126.96,29.1,38.77,0.48,87.31,31.07,34.22,1.32,179.4,0.0,268.35
2025-01-23 15:00:00,64.58,115.91,27.28,36.37,0.46,90.06,30.47,32.72,1.39,159.27,0.0,142.38
2025-01-23 16:00:00,63.57,105.6,44.15,33.96,0.89,64.88,29.2,38.09,1.15,168.01,0.0,8.93
2025-01-23 17:00:00,66.59,111.39,51.92,26.67,0.9,44.46,26.01,47.83,1.06,216.52,0.0,0.0
2025-01-23 18:00:00,67.77,111.34,56.44,21.7,1.26,35.1,23.62,60.67,0.85,207.1,0.0,0.0
2025-01-23 19:00:00,73.79,134.16,85.46,23.22,2.12,13.66,22.11,67.74,1.07,191.87,0.0,0.0
2025-01-23 20:00:00,86.91,163.33,80.14,18.94,2.33,10.33,21.64,68.41,1.01,137.22,0.0,0.0
2025-01-23 21:00:00,95.57,189.07,53.9,12.21,1.58,8.48,19.98,74.58,1.29,307.42,0.0,0.0
2025-01-23 22:00:00,102.63,180.75,66.63,10.56,2.16,1.03,18.92,80.26,1.35,310.98,0.0,0.0
2025-01-23 23:00:00,109.5,201.89,61.6,9.84,1.86,27.3292534761891,17.95,83.55,1.25,305.76,0.0,0.0
2025-01-24 00:00:00,118.58,207.8,49.97,7.93,1.7,0.55,17.2,88.33,1.39,306.38,0.0,0.0
2025-01-24 01:00:00,115.5,206.92,39.75,6.57,1.74,30.393318412351285,16.62,91.05,1.41,309.65,0.0,0.0
2025-01-24 02:00:00,112.4,202.84,36.56,5.42,1.5,35.31141069986183,15.98,92.66,1.4,305.74,0.0,0.0
2025-01-24 03:00:00,115.54,199.71,24.15,5.97,0.92,12.22,16.24,89.2,1.48,313.24,0.0,0.0
2025-01-24 04:00:00,108.66,188.98,17.68,7.11,0.55,23.56,16.02,85.79,1.42,323.52,0.0,0.0
2025-01-24 05:00:00,102.75,175.78,12.76,9.18,0.46,38.53,16.2,82.25,1.46,327.1,0.0,0.0
2025-01-24 06:00:00,95.86,157.06,14.85,8.58,0.53,29.48,15.24,86.86,1.28,307.74,0.0,0.0
2025-01-24 07:00:00,96.1,146.69,15.43,7.2,0.73,13.16,15.43,91.25,1.27,207.33,0.0,0.0
2025-01-24 08:00:00,92.94,152.21,26.27,15.57,0.92,21.33,18.3,80.43,1.29,339.93,0.0,35.55
2025-01-24 09:00:00,99.4,159.69,43.87,26.2,1.27,50.28,22.56,65.25,0.74,164.97,0.0,214.77
2025-01-24 10:00:00,103.79,192.47,26.19,32.84,0.92,85.9,25.18,55.64,0.55,145.44,0.0,256.52
2025-01-24 11:00:00,107.14,185.32,29.08,42.2,0.9,100.84,27.21,49.01,0.91,179.06,0.0,247.7
2025-01-24 12:00:00,77.91,145.05,32.87,77.78,0.71,102.18,28.99,43.9,0.73,142.04,0.0,269.2
2025-01-24 13:00:00,72.76,137.14,22.96,93.83,0.56,90.86,30.12,41.04,0.6,167.78,0.0,272.38
2025-01-24 14:00:00,70.44,124.1,23.79,64.67,0.47,90.04,31.13,36.76,0.94,143.9,0.0,256.9
2025-01-24 15:00:00,64.07,112.83,18.24,40.16,0.32,82.98,30.55,36.3,1.14,133.55,0.0,96.87
2025-01-24 16:00:00,60.61,107.07,32.96,50.67,0.78,83.62,29.5,40.28,1.3,163.46,0.0,5.85
2025-01-24 17:00:00,67.63,109.66,61.49,49.72,0.95,36.89,26.73,49.0,1.03,111.71,0.0,0.0
2025-01-24 18:00:00,68.04,112.22,51.86,24.57,1.21,33.73,24.21,56.53,0.87,40.44,0.0,0.0
2025-01-24 19:00:00,68.93,115.88,73.45,24.16,2.99,6.07,22.42,63.53,1.09,303.78,0.0,0.0
2025-01-24 20:00:00,64.38,122.08,61.09,18.0,2.64,0.18,21.06,70.43,0.9,305.72,0.0,0.0
2025-01-24 21:00:00,71.96,132.5,52.98,20.84,1.91,23.12,21.22,70.16,1.1,336.64,0.0,0.0
2025-01-24 22:00:00,70.98,140.57,14.16,15.78,0.6,65.31,21.61,65.06,1.48,176.19,0.0,0.0
2025-01-24 23:00:00,66.23,128.6,8.58,12.41,0.49,69.66,20.72,67.28,1.3,261.2,0.0,0.0
2025-01-25 00:00:00,61.83,107.8,8.01,10.56,0.42,64.14,19.89,69.98,1.27,332.69,0.0,0.0
2025-01-25 01:00:00,56.01,98.8,8.24,9.82,0.45,53.52,18.66,74.42,1.25,310.24,0.0,0.0
2025-01-25 02:00:00,56.04,93.28,11.85,9.99,0.47,39.14,17.61,79.08,1.15,297.79,0.0,0.0
2025-01-25 03:00:00,54.78,93.11,10.57,9.79,0.46,33.98,16.67,83.35,1.32,306.07,0.0,0.0
2025-01-25 04:00:00,51.76,88.94,8.98,7.63,0.44,19.62,15.67,90.5,1.29,312.78,0.0,0.0
2025-01-25 05:00:00,53.46,85.63,10.9,7.94,0.44,22.08,15.68,87.55,1.25,314.59,0.0,0.0
2025-01-25 06:00:00,50.16,85.28,12.58,7.03,0.45,15.76,14.95,91.0,1.3,303.79,0.0,0.0
2025-01-25 07:00:00,51.11,83.1,16.13,6.73,0.58,13.17,15.17,90.57,1.03,297.91,0.0,0.0
2025-01-25 08:00:00,55.21,86.34,18.09,9.78,0.63,31.78,17.81,76.23,1.29,237.38,0.0,39.22
2025-01-25 09:00:00,53.72,91.04,17.35,13.56,0.6,59.17,21.02,62.26,0.73,97.34,0.0,227.4
2025-01-25 10:00:00,50.5,95.33,23.29,24.56,0.8,76.79,23.72,55.78,0.81,196.04,0.0,228.75
2025-01-25 11:00:00,54.48,113.22,26.36,36.16,0.74,97.03,25.9,51.02,0.7,174.47,0.0,240.68
2025-01-25 12:00:00,59.59,125.14,27.59,43.27,0.68,111.13,27.63,46.38,0.56,137.07,0.0,247.77
2025-01-25 13:00:00,78.59,149.06,28.45,37.64,0.68,119.65,28.98,42.95,1.07,179.85,0.0,256.35
2025-01-25 14:00:00,72.73,145.82,24.12,35.95,0.55,116.65,30.06,41.37,0.83,138.74,0.0,264.9
2025-01-25 15:00:00,77.62,140.02,24.62,32.94,0.55,108.44,29.79,41.81,0.72,134.16,0.0,152.18
2025-01-25 16:00:00,71.43,136.26,25.89,29.23,0.52,103.11,28.61,44.58,0.77,125.33,0.0,5.85
2025-01-25 17:00:00,70.19,130.28,41.52,26.62,0.96,68.97,26.48,51.39,0.73,148.1,0.0,0.0
2025-01-25 18:00:00,70.91,149.86,100.54,28.26,2.48,9.37,24.03,60.21,1.09,197.54,0.0,0.0
2025-01-25 19:00:00,79.07,180.5,74.23,22.1,1.88,8.5,21.76,69.02,1.27,303.21,0.0,0.0
2025-01-25 20:00:00,91.3,184.14,73.44,18.39,2.19,2.47,20.6,76.04,1.17,297.1,0.0,0.0
2025-01-25 21:00:00,102.49,199.49,63.14,13.81,2.22,19.538295403470293,19.44,81.48,1.33,303.26,0.0,0.0
2025-01-25 22:00:00,94.88,202.16,61.53,14.49,2.4,16.71969610202074,19.34,80.76,1.37,319.88,0.0,0.0
2025-01-25 23:00:00,109.86,208.53,50.16,25.51,1.46,17.25,19.84,74.29,1.24,325.15,0.0,0.0
2025-01-26 00:00:00,109.08,203.5,21.54,23.94,0.5,35.11,19.6,71.45,1.16,335.69,0.0,0.0
2025-01-26 01:00:00,89.43,170.2,14.84,18.11,0.36,39.68,19.14,71.91,1.31,333.14,0.0,0.0
2025-01-26 02:00:00,83.02,155.82,13.42,16.6,0.3,36.1,18.12,74.53,1.14,306.04,0.0,0.0
2025-01-26 03:00:00,73.95,136.94,11.77,13.46,0.27,32.83,16.54,79.17,0.79,165.94,0.0,0.0
2025-01-26 04:00:00,67.6,121.9,9.37,8.96,0.29,16.86,15.49,87.49,1.02,323.78,0.0,0.0
2025-01-26 05:00:00,63.47,114.02,12.08,8.52,0.36,18.86,15.58,82.49,1.03,308.53,0.0,0.0
2025-01-26 06:00:00,56.3,93.68,14.73,8.82,0.32,21.04,14.81,84.51,1.14,316.06,0.0,0.0
2025-01-26 07:00:00,57.32,93.24,15.6,8.89,0.34,22.46,14.84,82.88,1.36,301.25,0.0,0.0
2025-01-26 08:00:00,51.62,89.94,15.66,11.3,0.42,36.62,17.69,71.0,1.12,336.04,0.0,39.35
2025-01-26 09:00:00,54.4,92.71,18.5,14.15,0.47,62.8,21.75,56.24,1.0,202.69,0.0,221.58
2025-01-26 10:00:00,56.97,103.37,19.48,20.42,0.53,82.76,24.76,48.3,0.48,79.3,0.0,240.65
2025-01-26 11:00:00,57.96,110.42,22.28,63.26,0.42,87.5,26.56,45.78,0.51,180.79,0.0,258.45
2025-01-26 12:00:00,61.28,110.19,13.97,55.74,0.29,100.41,28.32,43.76,0.73,225.89,0.0,243.22
2025-01-26 13:00:00,60.32,108.01,20.06,70.74,0.38,114.35,29.4,41.91,0.92,139.69,0.0,249.92
2025-01-26 14:00:00,63.75,105.06,15.54,61.13,0.3,126.06,30.04,40.04,0.64,174.8,0.0,251.58
2025-01-26 15:00:00,55.6,101.36,14.48,56.62,0.29,122.85,29.72,40.79,0.72,73.39,0.0,152.55
2025-01-26 16:00:00,56.18,99.61,26.1,118.19,0.35,100.2,28.7,42.76,0.85,81.24,0.0,13.38
2025-01-26 17:00:00,67.48,114.72,51.76,117.14,0.84,66.1,27.0,46.66,1.16,110.1,0.0,0.0
2025-01-26 18:00:00,69.58,139.0,57.05,85.96,1.46,40.52,24.1,54.0,0.9,133.95,0.0,0.0
2025-01-26 19:00:00,82.01,146.21,76.44,56.97,2.17,8.01,22.05,61.41,0.94,229.1,0.0,0.0
2025-01-26 20:00:00,102.24,168.98,63.68,28.48,1.59,1.02,20.59,69.72,1.23,317.61,0.0,0.0
2025-01-26 21:00:00,97.54,179.11,53.38,21.23,2.79,1.839936999597919,19.96,75.3,1.11,232.89,0.0,0.0
2025-01-26 22:00:00,109.23,186.55,71.56,27.49,2.86,4.234295736318739,19.47,73.26,1.21,299.4,0.0,0.0
2025-01-26 23:00:00,111.27,209.11,61.3,23.22,1.81,3.64,18.33,77.94,1.48,312.04,0.0,0.0
2025-01-27 00:00:00,116.34,199.18,24.06,19.26,0.51,27.62,19.03,66.93,1.41,319.62,0.0,0.0
2025-01-27 01:00:00,94.85,162.57,17.97,14.12,0.5,24.51,17.23,75.43,1.12,290.68,0.0,0.0
2025-01-27 02:00:00,80.89,140.07,12.04,12.58,0.34,31.3,17.24,73.6,1.53,315.69,0.0,0.0
2025-01-27 03:00:00,75.08,110.68,12.91,10.2,0.38,24.85,16.52,77.53,1.56,319.49,0.0,0.0
2025-01-27 04:00:00,66.25,98.22,11.42,10.43,0.23,29.53,15.4,78.85,1.35,307.31,0.0,0.0
2025-01-27 05:00:00,63.44,98.83,11.72,9.47,0.27,28.21,14.62,80.43,1.32,309.28,0.0,0.0
2025-01-27 06:00:00,44.32,87.33,16.03,9.55,0.41,29.65,14.83,75.51,1.13,301.63,0.0,0.0
2025-01-27 07:00:00,54.48,88.8,12.01,9.4,0.31,28.76,15.01,76.25,1.17,318.58,0.0,0.0
2025-01-27 08:00:00,51.14,74.01,14.59,12.81,0.43,40.31,17.83,65.21,1.44,331.77,0.0,33.85
2025-01-27 09:00:00,51.55,89.58,22.47,14.95,0.53,54.95,21.52,54.22,0.77,30.62,0.0,233.6
2025-01-27 10:00:00,57.21,98.14,25.26,19.86,0.64,73.78,24.47,46.95,0.57,43.67,0.0,233.6
2025-01-27 11:00:00,59.92,123.91,23.07,37.67,0.45,86.05,26.72,42.53,0.65,57.61,0.0,235.1
2025-01-27 12:00:00,53.77,112.63,24.76,39.74,0.46,94.5,28.53,40.36,0.96,136.17,0.0,249.95
2025-01-27 13:00:00,60.61,113.56,20.53,35.86,0.36,113.97,29.47,39.42,0.83,160.15,0.0,274.65
2025-01-27 14:00:00,56.82,109.4,19.4,36.51,0.39,129.1,29.93,39.62,0.57,73.24,0.0,280.03
2025-01-27 15:00:00,57.35,103.96,33.04,42.58,0.62,117.21,29.84,40.02,1.18,140.06,0.0,160.82
2025-01-27 16:00:00,55.17,113.57,45.95,45.96,0.86,96.21,28.7,42.15,1.36,167.17,0.0,14.18
2025-01-27 17:00:00,60.46,128.26,50.55,35.36,0.92,75.18,26.29,48.6,1.13,67.72,0.0,0.0
2025-01-27 18:00:00,64.7,136.94,117.61,34.03,2.99,3.03,23.56,56.45,1.18,169.16,0.0,0.0
2025-01-27 19:00:00,76.48,156.57,101.96,41.43,2.54,3.55,21.97,60.22,1.22,315.22,0.0,0.0
2025-01-27 20:00:00,84.25,160.2,69.94,22.22,1.82,2.38,20.4,69.69,1.23,237.09,0.0,0.0
2025-01-27 21:00:00,78.45,167.19,64.17,16.07,2.38,7.909122898402712,19.48,75.6,1.24,319.29,0.0,0.0
2025-01-27 22:00:00,82.9,168.77,53.24,12.71,2.06,15.125003956959624,18.47,80.43,1.21,324.5,0.0,0.0
2025-01-27 23:00:00,94.25,172.93,69.15,19.04,2.53,5.645643401225097,18.48,75.07,1.28,330.77,0.0,0.0
2025-01-28 00:00:00,94.8,179.84,50.12,22.86,1.3,12.09,18.75,67.03,1.32,308.56,0.0,0.0
2025-01-28 01:00:00,86.79,168.81,18.2,17.08,0.37,36.38,17.76,62.32,1.27,307.53,0.0,0.0
2025-01-28 02:00:00,65.53,132.2,13.89,13.27,0.35,29.75,16.84,69.74,1.42,306.68,0.0,0.0
2025-01-28 03:00:00,63.76,115.54,12.94,10.98,0.32,25.62,15.61,78.19,1.26,321.03,0.0,0.0
2025-01-28 04:00:00,61.77,96.95,10.34,10.18,0.23,25.85,15.11,77.09,0.86,249.42,0.0,0.0
2025-01-28 05:00:00,58.26,86.44,9.95,8.9,0.24,19.52,14.5,80.37,1.21,306.44,0.0,0.0
2025-01-28 06:00:00,55.57,81.96,12.03,8.11,0.29,12.83,14.02,83.17,1.32,300.43,0.0,0.0
2025-01-28 07:00:00,52.96,75.69,14.04,8.84,0.32,12.47,14.74,78.55,1.28,296.89,0.0,0.0
2025-01-28 08:00:00,45.51,78.78,19.0,13.42,0.46,30.68,17.98,62.86,1.02,164.47,0.0,32.7
2025-01-28 09:00:00,43.51,90.59,19.85,14.9,0.45,60.27,21.95,46.56,0.93,182.0,0.0,230.05
2025-01-28 10:00:00,48.91,91.94,24.06,26.64,0.59,76.24,24.86,40.55,0.76,221.3,0.0,231.52
2025-01-28 11:00:00,52.9,105.93,25.4,23.3,0.43,86.37,27.2,37.33,0.56,100.39,0.0,239.4
2025-01-28 12:00:00,53.95,108.25,21.89,26.02,0.35,96.1,28.85,37.29,0.78,124.04,0.0,239.45
2025-01-28 13:00:00,48.44,102.6,20.56,26.2,0.34,98.12,29.93,37.72,0.83,142.36,0.0,238.05
2025-01-28 14:00:00,48.02,98.79,16.96,21.62,0.26,100.9,31.14,36.98,0.69,91.79,0.0,236.05
2025-01-28 15:00:00,47.57,98.93,19.66,19.09,0.34,105.1,30.8,37.06,0.53,129.74,0.0,139.6
2025-01-28 16:00:00,44.56,97.68,28.12,19.1,0.48,99.16,29.36,39.82,0.94,121.29,0.0,14.62
2025-01-28 17:00:00,48.12,101.1,58.46,20.86,1.07,62.34,27.24,45.36,0.96,91.48,0.0,0.0
2025-01-28 18:00:00,47.89,110.12,71.07,19.38,1.76,30.06,24.46,52.61,1.15,88.75,0.0,0.0
2025-01-28 19:00:00,56.84,131.91,90.82,22.55,3.04,7.56,22.68,59.06,1.26,246.8,0.0,0.0
2025-01-28 20:00:00,79.35,162.07,69.69,16.66,1.85,3.7,21.24,66.33,1.21,297.91,0.0,0.0
2025-01-28 21:00:00,81.22,165.12,73.16,13.92,2.09,13.469367579169916,20.54,68.94,1.24,314.8,0.0,0.0
2025-01-28 22:00:00,73.79,160.88,68.86,12.75,2.03,13.889880370164366,19.88,71.35,1.36,306.18,0.0,0.0
2025-01-28 23:00:00,75.32,156.44,51.77,10.54,2.04,11.138119230932771,18.78,79.63,1.13,322.13,0.0,0.0
2025-01-29 00:00:00,79.82,158.8,47.16,11.0,2.09,10.462355659871125,18.13,82.43,1.18,232.16,0.0,0.0
2025-01-29 01:00:00,81.76,162.48,51.78,11.7,1.93,16.140352185005238,17.74,82.75,1.33,314.27,0.0,0.0
2025-01-29 02:00:00,84.27,166.4,19.64,10.29,1.71,23.127743512294053,17.12,86.5,1.35,305.64,0.0,0.0
2025-01-29 03:00:00,88.42,167.07,16.59,9.19,1.56,26.486600228566274,17.09,86.26,1.2,247.02,0.0,0.0
2025-01-29 04:00:00,91.35,158.85,22.23,12.96,0.94,12.95,17.41,73.9,0.99,173.54,0.0,0.0
2025-01-29 05:00:00,76.83,147.2,17.58,11.3,0.88,8.82,16.46,81.96,1.36,307.46,0.0,0.0
2025-01-29 06:00:00,88.31,143.2,16.82,9.36,0.69,4.66,15.65,88.94,1.38,304.94,0.0,0.0
2025-01-29 07:00:00,80.39,141.09,21.02,9.63,0.73,2.25,16.32,88.18,1.37,311.36,0.0,0.0
2025-01-29 08:00:00,82.82,133.92,26.14,20.54,0.86,21.6,19.63,71.14,0.89,142.72,0.0,29.45
2025-01-29 09:00:00,75.93,139.75,35.47,33.0,1.13,42.95,22.99,61.13,0.7,131.46,0.0,222.67
2025-01-29 10:00:00,79.52,145.27,6.4,30.0,0.93,71.56,25.81,56.47,0.67,224.21,0.0,216.1
2025-01-29 11:00:00,79.88,161.97,12.08,34.3,0.66,84.26,28.3,50.62,0.9,153.28,0.0,219.5
2025-01-29 12:00:00,81.05,151.52,16.49,29.8,0.59,91.14,30.26,46.25,1.2,171.43,0.0,224.02
2025-01-29 13:00:00,74.4,143.24,15.4,19.5,0.52,88.3,31.19,43.8,1.52,163.7,0.0,223.08
2025-01-29 14:00:00,70.77,136.07,21.48,15.13,0.57,82.74,31.84,42.7,1.49,172.77,0.0,202.08
2025-01-29 15:00:00,73.14,122.89,26.88,16.68,0.85,78.91,31.53,43.61,1.39,174.32,0.0,123.72
2025-01-29 16:00:00,67.8,122.79,26.22,18.66,0.76,81.9,30.39,45.25,1.62,164.65,0.0,18.18
2025-01-29 17:00:00,66.12,121.56,44.03,7.56,1.2,47.28,28.54,50.94,1.32,197.79,0.0,0.0
2025-01-29 18:00:00,68.01,122.19,55.76,12.32,1.47,35.78,25.59,58.59,1.24,315.71,0.0,0.0
2025-01-29 19:00:00,68.66,130.84,68.45,11.6,2.08,20.66,24.04,62.56,0.98,176.66,0.0,0.0
2025-01-29 20:00:00,75.29,140.82,86.14,13.2,2.99,5.72,23.73,65.07,0.75,207.2,0.0,0.0
2025-01-29 21:00:00,94.51,170.48,48.89,15.93,1.26,28.16,23.83,65.54,1.28,218.7,0.0,0.0
2025-01-29 22:00:00,86.48,171.52,27.0,15.26,0.66,46.48,23.04,67.65,1.24,160.86,0.0,0.0
2025-01-29 23:00:00,81.23,157.51,28.07,13.12,0.65,36.5,21.77,71.99,0.94,266.66,0.0,0.0
2025-01-30 00:00:00,76.52,147.87,17.09,9.49,0.4,42.0,22.03,71.23,0.63,228.28,0.0,0.0
2025-01-30 01:00:00,72.31,138.26,11.73,15.47,0.37,42.44,21.18,74.38,0.38,83.57,0.0,0.0
2025-01-30 02:00:00,67.66,124.78,11.96,21.79,0.38,38.86,20.41,77.29,0.66,188.29,0.0,0.0
2025-01-30 03:00:00,68.1,114.13,10.38,13.6,0.39,26.23,19.16,83.18,1.36,313.47,0.0,0.0
2025-01-30 04:00:00,73.52,116.55,11.87,11.16,0.48,19.9,18.45,86.43,1.36,307.48,0.0,0.0
2025-01-30 05:00:00,84.17,115.52,12.58,9.16,0.49,13.32,17.83,90.32,1.25,308.09,0.0,0.0
2025-01-30 06:00:00,74.66,119.24,16.46,8.11,0.57,7.09,17.4,92.93,0.82,183.76,0.0,0.0
2025-01-30 07:00:00,79.41,126.84,14.89,7.37,0.72,3.32,18.03,91.72,1.32,312.42,0.0,0.0
2025-01-30 08:00:00,79.43,124.43,24.82,10.26,1.01,15.11,21.18,80.03,1.01,290.02,0.0,29.9
2025-01-30 09:00:00,88.2,146.36,35.56,15.77,1.15,44.42,25.11,64.69,1.08,141.21,0.0,215.45
2025-01-30 10:00:00,89.67,154.46,29.63,15.99,1.04,53.12,27.85,56.32,1.38,166.34,0.0,212.68
2025-01-30 11:00:00,91.05,166.87,20.83,14.62,0.7,65.01,30.3,48.47,1.18,180.04,0.0,217.88
2025-01-30 12:00:00,81.9,143.82,16.77,10.18,0.56,73.24,31.67,44.71,1.1,174.2,0.0,204.4
2025-01-30 13:00:00,42.0,69.76,15.78,9.81,0.61,77.94,32.5,43.36,1.31,170.42,0.0,216.75
2025-01-30 14:00:00,73.98,125.92,15.6,10.17,0.56,84.93,32.88,41.53,1.2,194.22,0.0,199.0
2025-01-30 15:00:00,64.71,118.29,22.41,12.8,0.67,79.99,32.9,40.33,1.1,186.06,0.0,144.0
2025-01-30 16:00:00,63.24,113.77,28.5,12.39,0.8,74.16,31.75,42.34,1.35,173.34,0.0,16.82
2025-01-30 17:00:00,66.61,117.06,29.82,8.67,0.97,64.61,30.28,46.19,1.33,137.72,0.0,0.0
2025-01-30 18:00:00,68.52,121.46,56.52,10.19,1.47,29.33,26.92,55.86,0.94,114.76,0.0,0.0
2025-01-30 19:00:00,66.18,109.89,82.43,10.46,2.35,2.2,25.02,61.64,1.16,36.14,0.0,0.0
2025-01-30 20:00:00,73.47,117.79,79.59,12.82,3.48,0.16,24.35,64.02,1.1,180.17,0.0,0.0
2025-01-30 21:00:00,79.19,136.12,59.42,15.42,1.71,7.77,23.94,65.89,0.62,214.88,0.0,0.0
2025-01-30 22:00:00,77.64,141.16,28.27,15.9,0.78,40.86,24.35,66.29,0.98,225.98,0.0,0.0
2025-01-30 23:00:00,74.64,131.66,17.71,15.32,0.52,45.92,23.5,70.37,0.76,169.92,0.0,0.0
2025-01-31 00:00:00,67.9,121.98,14.77,17.46,0.48,37.27,22.81,74.26,0.26,161.12,0.0,0.0
2025-01-31 01:00:00,64.51,114.28,11.49,19.8,0.47,31.12,22.0,78.03,0.8,238.54,0.0,0.0
2025-01-31 02:00:00,64.42,111.74,12.2,16.61,0.5,23.07,21.04,82.31,1.14,312.89,0.0,0.0
2025-01-31 03:00:00,62.95,105.0,13.21,12.99,0.5,14.02,20.26,86.02,0.77,106.48,0.0,0.0
2025-01-31 04:00:00,61.39,102.01,17.44,12.5,0.52,9.98,20.58,85.58,0.92,129.0,0.0,0.0
2025-01-31 05:00:00,58.91,98.97,19.0,12.07,0.55,9.94,19.87,89.38,0.81,184.04,0.0,0.0
2025-01-31 06:00:00,57.43,96.58,18.69,11.58,0.55,7.06,19.48,90.12,0.86,242.31,0.0,0.0
2025-01-31 07:00:00,63.71,91.07,16.4,8.24,0.67,0.12,19.18,93.88,0.98,321.06,0.0,0.0
2025-01-31 08:00:00,65.82,96.0,18.92,12.26,0.83,15.26,21.58,83.81,1.44,201.93,0.0,30.32
2025-01-31 09:00:00,66.56,101.34,23.47,17.49,0.89,23.85,23.83,74.46,1.06,193.1,0.0,250.48
2025-01-31 10:00:00,68.4,112.91,24.97,15.47,0.87,36.38,26.27,66.07,0.54,174.74,0.0,221.52
2025-01-31 11:00:00,69.08,113.28,14.0,17.35,0.62,67.4,28.26,56.35,1.01,101.44,0.0,230.3
2025-01-31 12:00:00,62.03,107.1,12.66,21.69,0.59,87.91,30.53,47.64,0.88,241.56,0.0,243.73
2025-01-31 13:00:00,59.99,100.31,15.16,21.74,0.54,103.07,31.58,44.44,0.53,151.93,0.0,227.52
2025-01-31 14:00:00,57.3,102.17,16.14,19.96,0.54,106.26,32.6,41.9,0.73,181.72,0.0,229.62
2025-01-31 15:00:00,52.05,99.36,24.37,20.73,0.74,91.04,32.12,42.63,1.07,162.96,0.0,140.43
2025-01-31 16:00:00,52.39,103.12,27.1,15.88,0.82,86.28,31.17,43.63,1.67,166.02,0.0,9.68
2025-01-31 17:00:00,57.17,110.6,30.54,21.82,0.95,73.6,29.66,47.03,1.23,133.03,0.0,0.0
2025-01-31 18:00:00,55.07,106.9,44.12,20.82,1.32,42.36,26.44,58.54,0.77,214.64,0.0,0.0
2025-01-31 19:00:00,57.3,113.45,76.42,17.64,2.89,5.03,25.08,66.29,0.61,195.8,0.0,0.0
2025-01-31 20:00:00,74.49,145.82,70.48,13.35,2.4,3.08,23.35,73.24,1.14,303.8,0.0,0.0
2025-01-31 21:00:00,74.89,148.59,69.07,11.42,2.46,0.0,22.55,78.28,1.09,302.77,0.0,0.0
2025-01-31 22:00:00,75.38,150.36,59.32,10.52,1.92,1.17,22.06,77.01,1.22,306.65,0.0,0.0
2025-01-31 23:00:00,71.95,141.44,41.82,10.2,1.25,6.07,21.47,76.06,1.05,335.32,0.0,0.0
2025-02-01 00:00:00,68.62,133.26,37.12,10.1,1.25,5.74,20.4,81.6,1.27,309.51,0.0,0.0
2025-02-01 01:00:00,67.13,127.69,28.04,9.13,0.99,8.0,19.78,85.9,1.31,314.04,0.0,0.0
2025-02-01 02:00:00,69.84,128.09,18.6,8.54,0.7,11.26,19.3,88.55,1.43,318.7,0.0,0.0
2025-02-01 03:00:00,69.45,126.57,15.27,7.74,0.58,10.25,18.88,90.63,1.13,305.36,0.0,0.0
2025-02-01 04:00:00,71.45,124.36,16.21,6.78,0.66,3.86,18.66,92.55,0.62,265.44,0.0,0.0
2025-02-01 05:00:00,70.45,120.05,18.72,6.48,0.79,1.08,18.43,93.54,0.94,253.51,0.0,0.0
2025-02-01 06:00:00,67.78,119.31,16.3,5.68,0.72,33.42172658195067,18.03,95.39,1.21,318.56,0.0,0.0
2025-02-01 07:00:00,67.62,117.58,15.75,5.12,0.82,29.842273649255873,18.51,95.6,1.32,310.65,0.0,0.0
2025-02-01 08:00:00,71.46,119.84,26.8,7.19,1.05,4.71,20.96,85.25,1.34,322.16,0.0,25.6
2025-02-01 09:00:00,74.4,127.96,35.06,15.54,1.17,35.92,24.86,67.15,0.91,236.71,0.0,247.28
2025-02-01 10:00:00,76.08,137.92,34.83,21.47,1.1,58.66,28.45,53.0,1.08,174.98,0.0,259.8
2025-02-01 11:00:00,75.94,140.26,23.08,14.65,0.65,64.08,30.66,46.18,1.1,185.21,0.0,242.08
2025-02-01 12:00:00,68.94,120.36,15.98,9.57,0.42,67.89,32.06,40.12,1.36,174.64,0.0,248.23
2025-02-01 13:00:00,50.8,99.8,17.44,9.78,0.38,68.85,32.98,37.28,1.42,174.62,0.0,240.98
2025-02-01 14:00:00,45.62,94.34,23.32,12.96,0.54,66.65,33.07,37.08,1.38,179.01,0.0,229.58
2025-02-01 15:00:00,45.29,82.54,21.43,10.32,0.47,67.13,32.54,37.66,1.34,179.25,0.0,142.7
2025-02-01 16:00:00,39.28,80.64,27.52,9.7,0.57,60.26,31.59,39.24,1.28,165.15,0.0,7.0
2025-02-01 17:00:00,41.23,81.81,32.24,9.06,0.7,46.1,29.48,45.0,0.93,218.5,0.0,0.0
2025-02-01 18:00:00,48.74,90.13,65.36,9.18,1.95,11.22,26.25,53.85,1.25,303.74,0.0,0.0
2025-02-01 19:00:00,56.68,104.32,76.1,8.97,2.42,0.0,24.64,59.3,1.28,290.86,0.0,0.0
2025-02-01 20:00:00,69.64,124.68,47.6,7.13,1.39,16.922876255674964,22.92,67.3,1.33,310.21,0.0,0.0
2025-02-01 21:00:00,60.46,122.76,52.1,7.71,1.17,23.413230702202156,22.09,67.63,1.37,305.07,0.0,0.0
2025-02-01 22:00:00,55.68,111.14,48.41,8.48,1.12,21.825808662317428,21.24,73.19,1.4,314.87,0.0,0.0
2025-02-01 23:00:00,53.89,112.05,39.72,9.46,0.89,3.56,21.16,69.99,1.08,307.63,0.0,0.0
2025-02-02 00:00:00,48.31,104.83,28.93,9.96,0.63,19.44,21.4,63.4,0.97,306.78,0.0,0.0
2025-02-02 01:00:00,43.75,98.47,16.32,8.91,0.5,31.4,21.08,63.71,1.13,322.99,0.0,0.0
2025-02-02 02:00:00,42.14,93.41,12.15,10.76,0.4,37.1,21.16,62.68,1.46,325.88,0.0,0.0
2025-02-02 03:00:00,40.03,82.95,10.67,9.39,0.36,34.76,20.06,66.92,1.4,303.9,0.0,0.0
2025-02-02 04:00:00,38.95,76.45,11.73,6.97,0.39,21.92,18.48,78.74,1.38,299.4,0.0,0.0
2025-02-02 05:00:00,38.39,73.04,11.93,5.71,0.4,15.61,17.69,83.5,1.45,303.56,0.0,0.0
2025-02-02 06:00:00,35.31,73.12,14.1,5.22,0.47,11.12,17.41,84.52,1.39,301.42,0.0,0.0
2025-02-02 07:00:00,37.22,72.46,16.05,6.0,0.56,13.44,18.12,80.46,1.26,302.62,0.0,0.0
2025-02-02 08:00:00,41.86,76.46,17.79,11.1,0.77,25.52,20.88,70.94,1.17,174.39,0.0,14.35
2025-02-02 09:00:00,44.38,85.71,22.35,21.58,1.01,50.32,24.36,62.38,0.64,47.63,0.0,229.42
2025-02-02 10:00:00,48.11,100.51,22.44,22.06,0.82,72.25,26.88,56.11,0.68,100.57,0.0,230.65
2025-02-02 11:00:00,54.27,106.2,25.45,27.18,0.78,87.43,28.7,50.88,0.98,142.21,0.0,238.55
2025-02-02 12:00:00,59.68,108.62,21.21,28.62,0.6,96.74,31.17,45.24,1.02,180.39,0.0,230.52
2025-02-02 13:00:00,57.88,110.25,17.81,23.1,0.5,91.56,32.99,38.33,0.72,168.81,0.0,221.27
2025-02-02 14:00:00,53.99,104.87,18.07,13.55,0.4,74.84,33.53,34.06,1.15,185.35,0.0,211.7
2025-02-02 15:00:00,49.48,90.85,19.36,12.3,0.42,81.6,33.03,34.49,1.17,176.01,0.0,127.23
2025-02-02 16:00:00,43.22,82.11,27.96,21.94,0.67,92.12,31.93,37.72,1.24,174.98,0.0,11.2
2025-02-02 17:00:00,43.92,79.71,33.99,16.92,0.77,66.24,29.84,41.99,0.99,117.86,0.0,0.0
2025-02-02 18:00:00,44.14,77.66,33.25,12.75,0.88,45.94,26.54,49.2,1.22,307.62,0.0,0.0
2025-02-02 19:00:00,45.34,84.83,47.2,11.06,1.2,15.91,24.23,60.4,1.38,314.91,0.0,0.0
2025-02-02 20:00:00,48.18,85.4,45.29,8.31,1.27,4.33,23.03,66.38,1.36,318.06,0.0,0.0
2025-02-02 21:00:00,45.22,92.37,46.98,8.83,1.67,2.88,22.44,69.43,1.29,297.64,0.0,0.0
2025-02-02 22:00:00,45.62,102.29,42.65,8.23,2.24,0.0,21.73,74.47,1.39,313.84,0.0,0.0
2025-02-02 23:00:00,51.62,114.38,46.12,18.95,1.5,16.6,22.12,71.36,1.09,310.18,0.0,0.0
2025-02-03 00:00:00,60.45,123.3,26.05,17.66,0.79,35.15,21.55,69.33,1.01,308.67,0.0,0.0
2025-02-03 01:00:00,56.7,114.47,24.81,12.02,0.73,29.86,20.81,70.64,0.98,257.54,0.0,0.0
2025-02-03 02:00:00,56.19,101.53,15.03,8.11,0.63,22.29,19.48,80.06,1.35,303.63,0.0,0.0
2025-02-03 03:00:00,51.04,89.56,12.68,6.61,0.64,16.79,18.85,82.78,1.36,302.58,0.0,0.0
2025-02-03 04:00:00,49.46,85.78,12.24,5.84,0.55,12.7,18.36,84.79,1.36,303.64,0.0,0.0
2025-02-03 05:00:00,49.86,82.5,11.21,5.51,0.49,16.56,17.88,85.63,1.45,309.64,0.0,0.0
2025-02-03 06:00:00,48.07,77.04,9.45,5.34,0.4,19.98,17.6,84.88,1.41,304.66,0.0,0.0
2025-02-03 07:00:00,42.25,72.28,12.59,5.92,0.54,18.76,18.25,81.59,1.34,297.93,0.0,0.0
2025-02-03 08:00:00,43.1,79.19,17.16,9.14,0.62,31.57,21.35,70.21,1.06,250.86,0.0,6.4
2025-02-03 09:00:00,46.79,94.32,29.96,13.49,0.86,64.51,25.64,55.6,0.79,262.25,0.0,279.48
2025-02-03 10:00:00,49.77,103.49,28.31,14.96,0.9,100.94,28.54,48.36,1.02,144.5,0.0,259.58
2025-02-03 11:00:00,52.26,117.11,25.77,16.11,0.72,98.33,31.19,42.86,1.0,162.31,0.0,229.85
2025-02-03 12:00:00,61.71,142.94,22.68,21.74,0.55,87.24,33.26,38.61,1.01,192.77,0.0,240.08
2025-02-03 13:00:00,54.82,130.98,17.89,18.82,0.5,85.67,34.28,35.88,0.87,210.3,0.0,235.02
2025-02-03 14:00:00,49.57,119.39,21.12,13.47,0.54,82.86,34.89,34.59,0.97,208.33,0.0,239.48
2025-02-03 15:00:00,48.72,107.88,17.49,9.25,0.46,92.14,34.31,35.33,0.29,248.14,0.0,139.98
2025-02-03 16:00:00,46.74,97.96,28.52,14.79,0.71,90.52,32.99,38.13,1.48,162.6,0.0,14.5
2025-02-03 17:00:00,49.9,96.45,42.86,16.75,0.86,57.59,31.14,42.4,1.54,115.25,0.0,0.0
2025-02-03 18:00:00,53.32,99.78,86.93,13.05,2.24,6.24,27.6,51.09,1.23,148.87,0.0,0.0
2025-02-03 19:00:00,56.72,108.43,87.82,14.1,2.23,0.38,25.79,55.18,1.26,269.16,0.0,0.0
2025-02-03 20:00:00,62.52,121.08,66.63,10.68,2.0,0.06,24.09,65.6,1.18,242.96,0.0,0.0
2025-02-03 21:00:00,66.92,132.34,56.52,9.36,2.22,0.0,23.12,70.39,1.16,245.58,0.0,0.0
2025-02-03 22:00:00,67.07,133.41,52.11,8.54,1.84,8.552549698048184,22.04,73.53,1.16,253.29,0.0,0.0
2025-02-03 23:00:00,62.38,133.93,51.4,8.52,1.71,12.749438871222159,21.22,76.76,0.9,179.44,0.0,0.0
2025-02-04 00:00:00,63.01,136.68,57.57,8.07,1.93,7.253614849280707,20.68,78.6,1.09,327.91,0.0,0.0
2025-02-04 01:00:00,76.94,162.26,58.72,19.21,2.18,13.644598345633039,20.29,77.35,1.25,323.38,0.0,0.0
2025-02-04 02:00:00,103.04,199.38,51.67,16.08,1.87,0.19,20.52,78.15,1.29,329.69,0.0,0.0
2025-02-04 03:00:00,110.45,205.13,32.23,12.55,1.18,5.25,19.99,80.77,1.35,317.64,0.0,0.0
2025-02-04 04:00:00,103.7,189.0,21.1,10.48,0.86,11.08,19.49,83.76,1.21,313.76,0.0,0.0
2025-02-04 05:00:00,94.04,173.9,15.69,8.49,0.62,11.72,18.69,87.13,1.44,307.63,0.0,0.0
2025-02-04 06:00:00,83.91,151.84,15.98,7.98,0.56,16.48,18.34,86.78,1.32,301.28,0.0,0.0
2025-02-04 07:00:00,76.1,136.51,22.17,7.33,0.82,6.36,19.21,86.25,1.04,230.45,0.0,0.0
2025-02-04 08:00:00,79.66,144.58,26.09,11.8,0.9,22.5,22.16,74.66,1.15,336.05,0.0,5.25
2025-02-04 09:00:00,83.49,163.64,43.86,24.32,1.54,61.79,26.74,60.52,0.61,141.02,0.0,251.48
2025-02-04 10:00:00,87.99,183.94,41.35,35.15,1.43,82.44,28.98,51.66,0.81,156.73,0.0,284.22
2025-02-04 11:00:00,90.3,183.09,24.89,24.18,0.8,107.04,31.17,46.4,0.73,105.76,0.0,258.12
2025-02-04 12:00:00,82.99,171.97,21.69,20.63,0.44,83.38,33.48,37.78,0.99,167.89,0.0,247.6
2025-02-04 13:00:00,68.13,148.24,18.97,18.27,0.41,81.13,34.5,34.61,1.3,165.72,0.0,221.48
2025-02-04 14:00:00,56.65,130.23,25.82,15.06,0.43,62.56,34.85,30.88,1.3,174.34,0.0,199.2
2025-02-04 15:00:00,47.33,104.69,24.91,11.64,0.44,63.45,34.23,31.3,0.9,197.46,0.0,124.75
2025-02-04 16:00:00,46.17,85.93,24.5,10.86,0.48,61.94,32.92,32.14,1.32,172.74,0.0,18.73
2025-02-04 17:00:00,41.13,81.89,37.66,9.46,0.77,49.1,30.76,37.39,0.78,123.4,0.0,0.0
2025-02-04 18:00:00,42.98,91.72,62.75,4.63,1.64,21.18,27.06,45.16,1.21,304.37,0.0,0.0
2025-02-04 19:00:00,47.84,98.18,72.28,10.0,3.52,2.0,25.1,51.35,1.3,284.0,0.0,0.0
2025-02-04 20:00:00,54.68,122.02,47.52,8.13,1.51,1.2,23.23,64.32,1.35,303.42,0.0,0.0
2025-02-04 21:00:00,52.13,127.11,43.63,8.6,1.34,1.23,22.08,68.5,1.26,312.32,0.0,0.0
2025-02-04 22:00:00,53.21,106.35,43.36,8.46,1.52,0.91,21.3,68.9,1.34,312.52,0.0,0.0
2025-02-04 23:00:00,52.62,119.09,50.07,10.45,1.3,6.36,21.31,64.73,1.16,305.32,0.0,0.0
2025-02-05 00:00:00,54.56,120.83,25.47,12.08,0.67,25.3,21.11,67.34,1.18,308.17,0.0,0.0
2025-02-05 01:00:00,54.52,119.21,24.136034969787243,11.93,0.73,25.18,20.61,71.62,0.87,339.03,0.0,0.0
2025-02-05 02:00:00,58.19,125.74,18.594698296444154,12.36,0.5,30.34,20.34,71.25,0.84,155.09,0.0,0.0
2025-02-05 03:00:00,57.29,118.27,0.25,14.02,0.34,44.78,20.8,65.66,1.37,324.03,0.0,0.0
2025-02-05 04:00:00,52.34,103.64,3.45,15.61,0.3,52.3,20.54,64.81,1.28,312.61,0.0,0.0
2025-02-05 05:00:00,48.17,87.27,7.5,14.76,0.33,43.25,19.27,69.57,1.24,226.34,0.0,0.0
2025-02-05 06:00:00,46.89,82.18,10.7,15.06,0.41,36.9,18.71,73.29,1.06,298.09,0.0,0.0
2025-02-05 07:00:00,49.14,82.11,8.67,14.04,0.41,46.55,20.23,70.47,1.21,312.99,0.0,0.38
2025-02-05 08:00:00,50.4,86.63,2.35,15.99,0.38,60.04,23.31,63.63,1.22,328.67,0.0,3.08
2025-02-05 09:00:00,48.64,102.74,5.52,15.98,0.34,71.8,26.32,57.2,1.4,259.69,0.0,200.22
2025-02-05 10:00:00,47.24,93.68,7.76,21.4,0.36,80.4,28.56,52.24,0.8,112.91,0.0,209.1
2025-02-05 11:00:00,50.61,93.48,6.45,59.04,0.46,89.72,29.9,49.38,1.14,349.32,0.0,203.92
2025-02-05 12:00:00,51.93,100.38,36.38,168.5,0.44,77.77,31.4,44.46,0.98,250.87,0.0,217.75
2025-02-05 13:00:00,55.31,107.33,24.75,84.32,0.41,100.5,32.96,40.61,0.69,212.68,0.0,243.4
2025-02-05 14:00:00,54.07,110.04,13.92,46.82,0.31,108.0,33.14,39.68,0.7,116.0,0.0,237.32
2025-02-05 15:00:00,56.87,104.32,20.4,26.66,0.42,98.69,33.03,38.13,0.66,192.32,0.0,127.88
2025-02-05 16:00:00,54.52,98.51,23.79,22.79,0.48,86.22,32.41,37.91,0.67,227.15,0.0,33.4
2025-02-05 17:00:00,50.24,93.38,32.76,14.33,0.71,60.75,30.33,40.75,0.6,124.27,0.0,0.0
2025-02-05 18:00:00,44.85,94.97,47.9,15.88,1.18,38.4,27.73,45.78,0.9,187.11,0.0,0.0
2025-02-05 19:00:00,52.04,100.83,63.64,13.02,1.54,20.54,26.11,50.69,1.31,322.21,0.0,0.0
2025-02-05 20:00:00,55.5,108.92,39.33,11.3,0.97,22.72,23.94,60.48,1.32,308.38,0.0,0.0
2025-02-05 21:00:00,50.43,116.26,28.66,37.3,0.64,48.24,25.34,56.33,1.42,342.48,0.0,0.0
2025-02-05 22:00:00,52.48,118.15,13.1,19.42,0.41,61.62,24.55,59.08,1.46,335.37,0.0,0.0
2025-02-05 23:00:00,46.8,105.76,11.54,21.06,0.37,61.65,23.42,61.67,1.3,323.12,0.0,0.0
2025-02-06 00:00:00,45.52,98.0,11.21,19.21,0.44,60.76,22.88,63.76,1.41,335.89,0.0,0.0
2025-02-06 01:00:00,55.6,94.61,13.73,28.39,0.45,57.2,22.41,66.94,1.02,333.74,0.0,0.0
2025-02-06 02:00:00,56.72,102.24,18.65,51.22,0.45,56.5,21.63,69.13,0.96,17.55,0.0,0.0
2025-02-06 03:00:00,56.7,107.88,7.86,15.08,0.48,67.72,20.85,71.02,1.43,181.42,0.0,0.0
2025-02-06 04:00:00,60.08,108.67,14.36,33.55,0.46,59.71,20.28,73.24,1.5,175.07,0.0,0.0
2025-02-06 05:00:00,60.57,115.99,17.32,39.17,0.48,57.78,19.72,74.89,1.24,180.41,0.0,0.0
2025-02-06 06:00:00,68.44,119.59,25.17,66.73,0.53,56.82,19.24,74.28,1.3,178.61,0.0,0.0
2025-02-06 07:00:00,72.21,127.3,20.28,56.87,0.54,69.35,19.12,70.99,1.29,90.69,0.0,0.0
2025-02-06 08:00:00,79.13,134.34,11.63,17.11,0.56,82.06,19.84,63.96,1.4,4.35,0.0,14.38
2025-02-06 09:00:00,71.8,132.42,12.08,14.59,0.5,84.36,21.59,56.34,1.38,95.1,0.0,247.23
2025-02-06 10:00:00,69.64,134.68,17.45,46.21,0.46,86.12,23.52,50.54,1.14,13.53,0.0,268.88
2025-02-06 11:00:00,72.49,129.36,15.75,30.17,0.47,81.0,25.62,45.04,1.12,271.87,0.0,242.82
2025-02-06 12:00:00,51.428221023507916,97.53760064365105,10.8,32.66,0.1874895546741204,93.21,27.57,38.11,0.97,5.88,0.0,231.4
2025-02-06 13:00:00,39.309849219919336,73.93960658450203,10.0,19.14,0.3,39.78985350286332,28.52,36.64,0.8,119.64,0.0,238.18
2025-02-06 14:00:00,30.93,71.97,7.08,23.490686435498134,0.3,84.42,28.84,37.12,0.9,32.47,0.0,250.32
2025-02-06 15:00:00,34.88,86.2,7.86,25.556056994427475,0.32,90.38,28.46,38.34,0.82,40.62,0.0,139.23
2025-02-06 16:00:00,37.06,82.97,12.41,6.22,0.36,82.72,27.44,39.66,0.61,121.26,0.0,23.62
2025-02-06 17:00:00,38.99,86.88,13.664762026935076,12.11,0.38,78.02,26.04,40.82,0.6,125.3,0.0,0.0
2025-02-06 18:00:00,42.18,86.22,11.98,11.73,0.49,62.34,24.33,43.14,0.96,335.74,0.0,0.0
2025-02-06 19:00:00,38.68,81.21,11.52,9.75,0.5,60.03,23.59,41.78,1.2,174.34,0.0,0.0
2025-02-06 20:00:00,35.48,83.16,8.72,10.16,0.42,63.91,22.62,40.56,0.88,106.37,0.0,0.0
2025-02-06 21:00:00,33.49,80.02,9.3,9.18,0.48,59.01,21.71,41.52,0.91,97.48,0.0,0.0
2025-02-06 22:00:00,34.36,80.36,7.28,15.28,0.34,59.72,21.0,41.91,1.27,254.46,0.0,0.0
2025-02-06 23:00:00,34.83,73.06,8.28,25.06,0.31,54.22,19.97,44.32,1.25,332.34,0.0,0.0
2025-02-07 00:00:00,34.02,73.59,6.93,23.78,0.3,55.25,19.2,46.3,1.48,312.71,0.0,0.0
2025-02-07 01:00:00,35.82,68.15,4.84,15.95,0.3,58.16,18.82,47.33,1.55,314.33,0.0,0.0
2025-02-07 02:00:00,36.43,64.88,4.14,21.44,0.31,54.83,18.22,48.35,1.53,308.98,0.0,0.0
2025-02-07 03:00:00,32.54,58.25,3.92,19.11,0.3,55.43,17.89,47.96,1.41,311.12,0.0,0.0
2025-02-07 04:00:00,29.33,57.8,3.45,17.56,0.28,55.6,17.66,47.73,1.35,322.29,0.0,0.0
2025-02-07 05:00:00,29.28,61.04,3.36,17.5,0.29,57.6,17.83,46.26,1.24,349.84,0.0,0.0
2025-02-07 06:00:00,33.79,56.4,2.86,11.78,0.32,59.84,17.55,45.87,1.01,188.03,0.0,0.0
2025-02-07 07:00:00,28.04,54.96,5.12,11.53,0.46,54.97,17.54,46.39,1.08,325.55,0.0,0.02
2025-02-07 08:00:00,33.53,70.06,11.17,86.35,0.5,48.64,19.04,45.21,0.96,98.41,0.0,23.67
2025-02-07 09:00:00,35.75,95.14,6.44,36.57,0.37,65.31,21.23,39.53,1.22,181.53,0.0,234.85
2025-02-07 10:00:00,37.96,100.9,3.88,12.98,0.39,71.76,23.31,35.57,1.0,192.84,0.0,255.52
2025-02-07 11:00:00,42.99,96.7,3.98,21.44,0.36,77.7,25.3,32.57,1.1,177.12,0.0,215.65
2025-02-07 12:00:00,40.06,97.88,6.38,54.18,0.36,80.52,26.86,31.88,0.87,110.14,0.0,188.82
2025-02-07 13:00:00,42.39,91.57,4.61,13.88,0.38,95.74,28.1,31.74,0.99,192.77,0.0,248.85
2025-02-07 14:00:00,41.45,86.08,8.86,22.08,0.5,99.64,28.65,32.42,0.63,54.04,0.0,266.9
2025-02-07 15:00:00,40.61,92.06,17.18,150.05,0.52,84.01,28.31,33.89,0.81,42.05,0.0,169.55
2025-02-07 16:00:00,49.4,104.97,18.8,167.16,0.55,76.07,27.5,35.82,0.81,68.69,0.0,25.38
2025-02-07 17:00:00,56.64,104.38,20.26,125.79,0.62,66.16,25.91,39.12,1.08,98.86,0.0,0.0
2025-02-07 18:00:00,58.51,107.0,31.42,33.12,1.17,36.05,23.99,43.4,1.13,101.04,0.0,0.0
2025-02-07 19:00:00,56.78,111.7,32.61,29.53,1.36,21.46,22.26,48.34,1.27,73.33,0.0,0.0
2025-02-07 20:00:00,54.62,130.47,40.49,33.56,1.85,5.49,21.19,52.18,1.16,313.81,0.0,0.0
2025-02-07 21:00:00,69.07,139.74,37.58,18.72,1.74,14.03,20.99,48.8,0.67,108.79,0.0,0.0
2025-02-07 22:00:00,66.12,134.7,20.09,17.62,1.06,32.12,20.34,48.2,0.89,178.77,0.0,0.0
2025-02-07 23:00:00,62.65,129.46,14.54,18.02,0.81,39.53,20.08,46.95,1.23,322.0,0.0,0.0
2025-02-08 00:00:00,59.66,116.2,7.36,11.03,0.37,49.61,19.68,45.79,1.23,315.78,0.0,0.0
2025-02-08 01:00:00,55.02,98.22,5.74,11.6,0.44,47.11,18.3,47.95,1.36,302.78,0.0,0.0
2025-02-08 02:00:00,48.88,88.22,4.92,10.92,0.4,46.34,18.35,43.94,1.39,321.32,0.0,0.0
2025-02-08 03:00:00,40.46,81.71,5.7,13.44,0.34,42.54,17.46,46.23,1.24,302.89,0.0,0.0
2025-02-08 04:00:00,45.76,82.96,5.35,12.14,0.34,33.54,16.58,59.2,1.43,308.42,0.0,0.0
2025-02-08 05:00:00,45.78,85.81,4.73,12.44,0.32,40.89,16.95,51.75,1.34,322.6,0.0,0.0
2025-02-08 06:00:00,39.91,80.87,5.25,10.99,0.34,44.8,17.12,49.35,1.08,328.77,0.0,0.0
2025-02-08 07:00:00,39.43,81.42,8.75,10.26,0.46,37.85,17.48,49.5,0.89,293.24,0.0,0.0
2025-02-08 08:00:00,43.07,83.02,7.37,12.26,0.52,53.11,19.53,44.45,0.7,22.18,0.0,12.5
2025-02-08 09:00:00,39.68,85.84,5.38,14.36,0.52,66.8,22.06,39.44,1.04,116.05,0.0,244.55
2025-02-08 10:00:00,40.14,86.67,7.14,14.63,0.51,73.74,24.62,35.71,0.87,185.67,0.0,233.78
2025-02-08 11:00:00,49.97,89.87,6.18,14.81,0.44,88.06,26.92,32.97,1.03,186.77,0.0,265.48
2025-02-08 12:00:00,46.95,102.68,8.45,15.33,0.47,95.82,28.83,33.35,0.78,39.9,0.0,261.8
2025-02-08 13:00:00,51.61,105.5,11.06,16.57,0.56,100.05,30.23,32.57,0.82,191.91,0.0,199.4
2025-02-08 14:00:00,51.84,105.04,8.09,16.86,0.48,114.95,30.82,33.66,0.74,225.84,0.0,200.62
2025-02-08 15:00:00,51.59,101.24,9.69,17.39,0.52,122.6,30.68,34.78,0.61,74.3,0.0,128.35
2025-02-08 16:00:00,56.08,104.11,13.06,30.34,0.59,105.33,29.61,36.66,0.88,106.95,0.0,34.7
2025-02-08 17:00:00,53.54,112.15,23.16,55.83,0.78,72.36,27.89,40.17,1.04,84.31,0.0,0.0
2025-02-08 18:00:00,56.39,117.96,36.15,46.24,1.4,30.36,25.48,46.02,1.15,80.61,0.0,0.0
2025-02-08 19:00:00,64.85,126.91,28.51,36.34,1.29,23.64,23.64,50.6,0.98,316.96,0.0,0.0
2025-02-08 20:00:00,66.76,138.78,45.76,40.8,2.37,4.49,23.08,50.92,1.18,134.98,0.0,0.0
2025-02-08 21:00:00,76.93,155.77,47.02,31.06,3.15,3.92,22.6,50.05,1.22,275.29,0.0,0.0
2025-02-08 22:00:00,94.17,186.97,44.3,27.8,2.21,4.72,21.34,52.66,1.02,249.12,0.0,0.0
2025-02-08 23:00:00,97.52,185.96,40.84,24.98,2.3,3.42,20.55,55.5,1.37,318.03,0.0,0.0
2025-02-09 00:00:00,94.16,183.5,25.68,21.12,1.17,17.26,20.11,54.53,1.09,298.9,0.0,0.0
2025-02-09 01:00:00,83.88,149.76,11.93,16.52,0.58,36.64,19.55,50.9,1.09,286.88,0.0,0.0
2025-02-09 02:00:00,75.8,118.56,7.65,15.44,0.44,41.36,18.32,54.7,1.29,209.45,0.0,0.0
2025-02-09 03:00:00,69.0,100.72,6.49,13.0,0.45,37.78,17.35,59.76,1.04,326.04,0.0,0.0
2025-02-09 04:00:00,48.3,81.59,4.76,13.63,0.31,45.66,17.19,52.25,1.2,293.26,0.0,0.0
2025-02-09 05:00:00,35.54,68.78,4.85,12.83,0.25,35.67,16.34,63.58,1.38,305.51,0.0,0.0
2025-02-09 06:00:00,43.67,72.03,6.4,10.24,0.3,23.56,15.26,75.18,1.46,302.84,0.0,0.0
2025-02-09 07:00:00,44.61,71.33,8.1,12.18,0.35,24.65,16.48,63.89,1.3,309.7,0.0,0.0
2025-02-09 08:00:00,45.79,75.14,8.99,14.84,0.42,41.62,19.8,50.62,1.2,179.1,0.0,3.35
2025-02-09 09:00:00,40.34,82.81,8.76,17.24,0.42,64.18,23.68,37.74,0.82,133.96,0.0,176.12
2025-02-09 10:00:00,37.76,86.32,12.99,33.2,0.59,77.18,26.65,33.89,0.48,68.42,0.0,187.0
2025-02-09 11:00:00,48.75,97.48,11.2,30.53,0.47,91.64,28.98,31.43,0.64,101.09,0.0,185.6
2025-02-09 12:00:00,59.0,108.67,10.93,27.45,0.42,101.45,30.52,31.16,0.88,165.08,0.0,192.62
2025-02-09 13:00:00,62.15,105.73,8.02,24.43,0.32,112.42,31.64,31.07,1.03,187.58,0.0,192.3
2025-02-09 14:00:00,62.59,105.46,5.9,26.34,0.29,127.71,32.2,31.87,1.16,288.4,0.0,199.1
2025-02-09 15:00:00,62.09,101.78,7.8,25.97,0.36,136.68,31.81,33.01,0.7,80.83,0.0,127.32
2025-02-09 16:00:00,55.94,97.6,8.0,38.19,0.36,133.32,30.97,34.64,0.66,69.64,0.0,42.62
2025-02-09 17:00:00,59.42,101.96,19.18,85.74,0.67,92.36,29.02,39.78,1.02,106.65,0.0,0.0
2025-02-09 18:00:00,64.44,112.92,38.83,53.78,1.56,33.4,26.35,46.29,0.8,217.39,0.0,0.0
2025-02-09 19:00:00,72.63,133.56,49.62,39.47,3.37,8.29,24.46,51.35,0.84,310.43,0.0,0.0
2025-02-09 20:00:00,101.09,190.71,43.78,31.67,2.2,8.79,23.0,55.24,1.32,308.85,0.0,0.0
2025-02-09 21:00:00,109.93,204.87,41.11,23.3,2.15,4.18,21.77,62.3,1.32,313.2,0.0,0.0
2025-02-09 22:00:00,106.91,193.23,28.47,18.13,1.52,1.96,20.56,69.87,1.32,320.78,0.0,0.0
2025-02-09 23:00:00,101.57,186.28,27.27,18.42,1.58,5.57,20.02,67.87,1.49,307.74,0.0,0.0
2025-02-10 00:00:00,94.0,180.15,23.3,26.11,1.17,12.48,19.14,69.11,1.28,312.93,0.0,0.0
2025-02-10 01:00:00,92.58,179.14,18.02,23.47,1.09,11.12,18.51,76.01,1.44,309.07,0.0,0.0
2025-02-10 02:00:00,93.6,173.93,13.99,22.24,0.84,14.88,18.13,77.12,1.19,317.76,0.0,0.0
2025-02-10 03:00:00,87.95,163.68,13.53,24.89,0.65,16.58,18.16,75.26,0.58,209.47,0.0,0.0
2025-02-10 04:00:00,86.35,152.96,11.54,22.44,0.6,19.04,17.34,79.23,1.4,306.53,0.0,0.0
2025-02-10 05:00:00,79.96,139.48,8.69,22.74,0.48,25.1,16.97,78.6,1.01,331.84,0.0,0.0
2025-02-10 06:00:00,79.1,128.13,10.58,20.52,0.55,18.42,16.47,81.1,1.23,325.88,0.0,0.0
2025-02-10 07:00:00,78.87,124.36,11.77,17.61,0.66,9.7,17.41,81.16,1.14,312.13,0.0,0.0
2025-02-10 08:00:00,85.42,124.04,13.5,28.49,0.75,29.25,20.75,67.53,1.13,169.09,0.0,14.05
2025-02-10 09:00:00,84.42,148.6,16.93,36.29,0.9,60.49,24.04,55.26,1.3,269.82,0.0,234.45
2025-02-10 10:00:00,95.11,164.73,21.44,38.32,1.04,95.2,27.5,44.67,0.51,175.32,0.0,220.1
2025-02-10 11:00:00,95.61,181.43,25.24,107.16,0.98,121.38,30.19,39.43,0.66,234.32,0.0,252.32
2025-02-10 12:00:00,94.62,184.87,17.28,113.79,0.67,119.51,32.39,35.5,0.81,205.56,0.0,279.65
2025-02-10 13:00:00,91.26,169.77,12.59,56.44,0.58,108.96,33.56,33.4,1.05,179.63,0.0,222.5
2025-02-10 14:00:00,82.69,153.84,11.29,42.1,0.48,107.11,33.46,33.87,1.12,177.09,0.0,218.42
2025-02-10 15:00:00,79.7,140.48,12.91,31.93,0.54,107.85,33.04,35.84,1.31,163.62,0.0,143.05
2025-02-10 16:00:00,82.32,134.57,16.85,29.59,0.78,94.07,32.41,37.65,0.91,191.92,0.0,29.52
2025-02-10 17:00:00,83.17,133.16,20.34,26.76,0.98,75.34,30.48,41.95,1.1,138.88,0.0,0.0
2025-02-10 18:00:00,82.74,141.49,28.66,29.32,1.34,48.38,27.53,49.13,0.94,12.96,0.0,0.0
2025-02-10 19:00:00,94.04,144.49,45.73,29.44,2.39,17.53,25.73,54.0,1.23,180.12,0.0,0.0
2025-02-10 20:00:00,102.59,161.65,37.21,23.02,1.81,7.87,24.4,59.91,1.36,315.04,0.0,0.0
2025-02-10 21:00:00,74.04,140.52,29.96,20.4,1.59,5.42,23.54,65.32,1.36,310.42,0.0,0.0
2025-02-10 22:00:00,64.55,133.72,27.07,19.16,1.54,3.91,22.69,68.38,1.34,306.14,0.0,0.0
2025-02-10 23:00:00,64.06,132.82,32.06,18.64,1.84,1.89,22.3,69.68,1.33,317.14,0.0,0.0
2025-02-11 00:00:00,65.01,134.45,30.97,20.2,1.59,6.56,22.36,67.54,1.14,293.32,0.0,0.0
2025-02-11 01:00:00,63.6,137.83,17.68,24.37,1.01,26.51,21.91,67.98,1.28,304.99,0.0,0.0
2025-02-11 02:00:00,64.68,142.8,12.89,27.88,0.81,30.01,21.5,69.04,0.96,321.9,0.0,0.0
2025-02-11 03:00:00,63.37,135.29,10.32,22.88,0.75,29.7,20.66,72.61,1.25,309.32,0.0,0.0
2025-02-11 04:00:00,63.07,129.94,9.86,21.8,0.68,33.22,20.36,72.33,1.37,310.08,0.0,0.0
2025-02-11 05:00:00,62.44,123.54,7.57,19.81,0.6,40.3,20.49,71.34,1.46,322.38,0.0,0.0
2025-02-11 06:00:00,54.58,108.06,11.19,22.22,0.64,44.99,19.79,71.8,1.02,218.08,0.0,0.0
2025-02-11 07:00:00,53.74,99.59,8.06,19.29,0.67,36.86,20.12,73.81,1.45,317.11,0.0,0.0
2025-02-11 08:00:00,60.05,102.49,8.66,23.22,0.66,50.15,22.37,65.14,1.2,262.97,0.0,16.48
2025-02-11 09:00:00,62.06,112.99,13.62,29.97,0.85,66.07,25.56,57.2,0.7,119.74,0.0,250.38
2025-02-11 10:00:00,65.1,127.53,16.29,33.71,1.01,99.44,28.56,50.13,0.58,27.77,0.0,262.75
2025-02-11 11:00:00,67.54,138.69,17.78,29.12,1.07,127.94,30.74,45.66,1.0,139.11,0.0,275.23
2025-02-11 12:00:00,72.76,146.46,13.58,29.57,0.7,107.34,32.72,41.55,1.2,178.95,0.0,277.12
2025-02-11 13:00:00,68.99,138.81,10.91,22.82,0.59,94.08,33.52,39.86,0.63,195.53,0.0,210.08
2025-02-11 14:00:00,65.75,136.56,14.1,20.04,0.69,88.85,33.02,39.54,0.41,151.34,0.0,139.1
2025-02-11 15:00:00,64.78,134.77,7.44,17.96,0.44,93.01,32.37,40.84,0.66,248.74,0.0,10.38
2025-02-11 16:00:00,77.06,153.84,25.21,17.53,1.1,55.06,32.42,41.35,0.8,189.75,0.0,18.23
2025-02-11 17:00:00,77.73,153.8,15.09,22.89,0.57,71.24,30.91,39.74,1.05,317.17,0.0,0.0
2025-02-11 18:00:00,73.9,136.1,18.87,24.65,0.94,61.79,27.46,44.75,1.08,250.87,0.0,0.0
2025-02-11 19:00:00,68.4,138.89,26.42,26.95,1.12,44.32,25.62,48.97,1.28,312.06,0.0,0.0
2025-02-11 20:00:00,70.47,144.71,25.56,31.42,1.15,31.16,24.24,55.4,1.25,317.9,0.0,0.0
2025-02-11 21:00:00,80.23,154.38,32.45,39.97,1.45,12.12,23.1,59.07,1.36,311.8,0.0,0.0
2025-02-11 22:00:00,83.38,166.55,18.76,31.74,0.74,33.69,22.75,56.94,1.28,330.77,0.0,0.0
2025-02-11 23:00:00,80.87,158.11,9.91,22.54,0.43,54.97,23.35,52.3,1.04,313.08,0.0,0.0
2025-02-12 00:00:00,66.45,134.36,15.92,17.44,0.52,40.22,22.26,56.54,0.96,262.3,0.0,0.0
2025-02-12 01:00:00,61.25,112.29,12.76,15.37,0.56,33.18,20.89,61.51,0.93,294.69,0.0,0.0
2025-02-12 02:00:00,59.75,105.7,8.86,13.1,0.55,26.48,19.29,73.17,1.25,308.09,0.0,0.0
2025-02-12 03:00:00,56.52,98.52,7.74,12.48,0.53,25.21,18.52,73.11,1.25,316.77,0.0,0.0
2025-02-12 04:00:00,56.54,97.86,8.28,13.59,0.42,32.27,18.45,68.4,1.26,317.42,0.0,0.0
2025-02-12 05:00:00,48.47,96.34,6.28,14.7,0.38,40.62,18.31,64.22,1.25,308.79,0.0,0.0
2025-02-12 06:00:00,44.69,77.07,7.24,13.3,0.43,28.92,17.64,69.35,1.38,316.98,0.0,0.0
2025-02-12 07:00:00,45.76,80.59,13.6,15.97,0.72,15.44,18.19,68.58,1.32,301.23,0.0,0.0
2025-02-12 08:00:00,54.61,88.36,12.4,23.85,0.61,36.65,22.1,54.06,1.31,89.61,0.0,5.72
2025-02-12 09:00:00,49.47,105.24,5.7,25.82,0.29,65.31,26.72,39.85,1.08,339.96,0.0,253.9
2025-02-12 10:00:00,49.6,90.01,3.81,24.42,0.25,73.94,30.56,32.26,1.46,146.52,0.0,253.5
2025-02-12 11:00:00,44.81786545845669,84.47180783555406,19.486392245612098,17.04841682164542,0.5983319546048915,33.34192758719134,,,,,,
2025-02-12 12:00:00,44.81786545845669,84.47180783555406,19.486392245612098,17.04841682164542,0.5983319546048915,33.34192758719134,,,,,,
2025-02-12 13:00:00,53.71,83.49,4.0,3.76,0.26,83.04,33.16,27.69,1.05,327.76,0.0,243.63
2025-02-12 14:00:00,49.03,82.3,4.2,0.58,0.13,79.52,33.57,25.68,1.24,324.24,0.0,243.77
2025-02-12 15:00:00,41.15,76.56,8.32,22.640968056178874,0.24,71.82,33.41,25.78,0.87,260.8,0.0,118.7
2025-02-12 16:00:00,39.86,69.76,6.3,22.252725661361378,0.21,75.52,32.54,27.68,1.25,318.98,0.0,62.92
2025-02-12 17:00:00,36.25,68.24,8.4,20.930785470185583,0.2,62.1,30.23,30.49,1.26,320.67,0.0,0.0
2025-02-12 18:00:00,31.32,63.35,12.38,10.6,0.37,55.88,26.51,35.09,1.32,324.43,0.0,0.0
2025-02-12 19:00:00,31.84,68.89,18.96,12.48,0.55,40.72,24.86,36.46,1.26,316.46,0.0,0.0
2025-02-12 20:00:00,32.06,75.09,16.73,9.69,0.49,43.06,24.32,38.32,1.14,294.8,0.0,0.0
2025-02-12 21:00:00,34.38,71.85,13.24,11.82,0.36,46.0,23.1,40.68,1.08,305.15,0.0,0.0
2025-02-12 22:00:00,36.62,69.81,18.31,10.9,0.56,34.56,22.24,41.8,0.87,291.41,0.0,0.0
2025-02-12 23:00:00,34.57,76.72,11.12,7.26,0.26,38.41,19.88,48.98,0.8,266.05,0.0,0.0
2025-02-13 00:00:00,31.15,68.55,9.46,5.96,0.38,36.56,19.05,52.7,1.16,231.74,0.0,0.0
2025-02-13 01:00:00,32.34,59.34,6.72,5.58,0.32,41.28,18.13,53.78,0.86,324.12,0.0,0.0
2025-02-13 02:00:00,34.84,64.31,6.68,5.37,0.38,36.09,17.53,57.94,1.13,298.01,0.0,0.0
2025-02-13 03:00:00,31.62,54.15,5.16,5.5,0.27,43.05,17.24,58.86,1.35,293.31,0.0,0.0
2025-02-13 04:00:00,27.52,53.17,4.01,7.08,0.3,64.27,18.39,53.91,1.32,312.62,0.0,0.0
2025-02-13 05:00:00,27.42,51.64,4.73,9.03,0.29,61.42,18.11,55.2,1.42,319.32,0.0,0.0
2025-02-13 06:00:00,28.39,51.58,5.54,10.18,0.33,53.89,17.19,58.4,1.46,307.35,0.0,0.0
2025-02-13 07:00:00,30.06,60.82,7.08,9.55,0.45,51.08,17.68,58.66,1.53,317.9,0.0,0.18
2025-02-13 08:00:00,26.76,74.69,9.76,53.64,0.41,59.11,20.2,48.14,1.39,179.88,0.0,11.2
2025-02-13 09:00:00,28.84,76.74,8.84,70.94,0.32,65.48,22.9,37.4,1.38,185.97,0.0,169.55
2025-02-13 10:00:00,28.6,91.91,27.02,27.058634695385134,0.31,38.1,25.27,33.28,1.06,195.84,0.0,213.2
2025-02-13 11:00:00,36.17,103.95,23.47,28.62675232899085,0.26,50.49,26.92,30.01,1.43,349.68,0.0,219.42
2025-02-13 12:00:00,46.9,108.06,13.26,100.89,0.24,70.29,28.78,26.92,0.8,103.92,0.0,225.65
2025-02-13 13:00:00,39.98,96.84,13.44,76.44,0.25,71.2,29.86,24.02,0.94,96.81,0.0,214.75
2025-02-13 14:00:00,36.44,90.01,4.64,25.86,0.18,86.88,30.36,24.21,0.99,178.4,0.0,214.12
2025-02-13 15:00:00,30.84,79.87,6.52,49.56,0.2,83.44,29.96,24.75,1.04,7.3,0.0,108.78
2025-02-13 16:00:00,35.11,68.3,3.79,8.62,0.24,86.92,29.33,25.33,1.05,185.96,0.0,59.68
2025-02-13 17:00:00,30.57,63.3,5.56,3.76,0.29,76.2,27.03,27.52,1.1,293.38,0.0,0.0
2025-02-13 18:00:00,27.73,59.47,27.7,6.25,1.18,29.54,23.73,33.74,1.0,103.57,0.0,0.0
2025-02-13 19:00:00,35.97,65.33,33.72,12.07,1.57,16.06,22.03,38.83,1.25,239.48,0.0,0.0
2025-02-13 20:00:00,62.8,102.66,30.9,9.59,1.38,2.05,19.71,53.41,1.51,310.13,0.0,0.0
2025-02-13 21:00:00,56.73,115.24,33.33,10.17,1.46,1.3,18.97,52.74,1.43,304.79,0.0,0.0
2025-02-13 22:00:00,57.99,128.9,22.37,9.62,0.96,21.34,18.83,48.66,1.37,301.51,0.0,0.0
2025-02-13 23:00:00,56.44,123.15,11.3,6.03,0.56,39.59,18.6,47.46,1.38,291.29,0.0,0.0
2025-02-14 00:00:00,51.72,101.36,8.6,5.93,0.49,41.16,17.46,53.35,1.43,296.46,0.0,0.0
2025-02-14 01:00:00,48.1,94.8,8.27,4.88,0.42,35.57,15.92,63.24,1.38,301.4,0.0,0.0
2025-02-14 02:00:00,48.44,87.02,7.44,5.39,0.46,37.82,15.41,61.7,1.03,226.83,0.0,0.0
2025-02-14 03:00:00,38.74,76.0,6.64,6.51,0.42,41.71,14.84,62.06,1.06,278.35,0.0,0.0
2025-02-14 04:00:00,39.0,76.74,6.79,5.24,0.38,37.77,14.1,63.65,1.36,308.33,0.0,0.0
2025-02-14 05:00:00,40.59,76.29,8.52,3.36,0.51,22.23,13.32,75.6,1.39,311.87,0.0,0.0
2025-02-14 06:00:00,38.21,65.22,7.86,4.37,0.37,33.13,13.58,65.27,1.39,289.09,0.0,0.0
2025-02-14 07:00:00,33.56,61.4,7.32,5.39,0.34,44.55,14.72,59.86,1.31,298.38,0.0,0.05
2025-02-14 08:00:00,25.38,67.26,8.3,15.24,0.44,57.94,18.94,47.41,1.56,324.38,0.0,16.73
2025-02-14 09:00:00,29.44,88.38,7.99,27.01,0.37,70.62,22.78,39.16,1.22,172.76,0.0,185.42
2025-02-14 10:00:00,32.51,86.1,19.64,95.06,0.37,53.32,25.58,34.25,0.85,115.66,0.0,190.7
2025-02-14 11:00:00,49.68,107.86,23.5,198.76,0.36,53.34,27.61,29.95,0.56,99.37,0.0,209.1
2025-02-14 12:00:00,48.85,109.48,19.06,174.72,0.36,61.69,29.21,26.61,0.77,222.76,0.0,180.05
2025-02-14 13:00:00,45.32,106.21,10.96,70.34,0.24,76.34,30.9,24.67,0.72,121.63,0.0,152.48
2025-02-14 14:00:00,40.57,90.52,5.22,6.25,0.16,75.93,31.75,23.19,1.08,167.79,0.0,159.88
2025-02-14 15:00:00,30.36,80.33,5.53,3.28,0.16,75.0,31.38,23.29,1.13,248.56,0.0,71.77
2025-02-14 16:00:00,21.36,61.86,5.15,3.33,0.21,78.3,30.84,24.12,0.76,312.01,0.0,61.82
2025-02-14 17:00:00,22.11,52.88,13.66,6.59,0.4,61.73,28.28,28.58,0.84,299.77,0.0,0.0
2025-02-14 18:00:00,23.1,52.67,72.41,40.35,1.89,13.82,24.84,36.09,0.93,204.61,0.0,0.0
2025-02-14 19:00:00,64.4,227.78,75.31,46.08,2.23,3.48,22.82,41.59,0.9,209.48,0.0,0.0
2025-02-14 20:00:00,70.66,163.89,67.14,32.88,2.33,3.46,21.17,49.88,0.96,251.52,0.0,0.0
2025-02-14 21:00:00,73.52,190.67,54.46,23.02,2.46,1.92,19.99,56.78,1.18,330.38,0.0,0.0
2025-02-14 22:00:00,89.76,187.72,40.06,17.27,1.77,1.12,18.57,65.88,1.52,310.01,0.0,0.0
2025-02-14 23:00:00,63.31,156.94,54.06,20.99,1.55,1.24,18.16,61.24,1.16,309.73,0.0,0.0
2025-02-15 00:00:00,68.84,158.09,45.44,19.36,0.87,6.14,17.22,63.66,1.23,322.71,0.0,0.0
2025-02-15 01:00:00,66.97,142.2,28.52,15.52,0.6,19.44,16.77,62.93,1.46,311.47,0.0,0.0
2025-02-15 02:00:00,62.43,112.06,24.11,13.94,0.73,18.85,16.22,63.3,1.45,310.66,0.0,0.0
2025-02-15 03:00:00,54.72,101.53,16.52,13.36,0.43,26.46,15.79,57.57,1.23,308.94,0.0,0.0
2025-02-15 04:00:00,49.05,85.07,19.06,12.68,0.42,22.91,15.28,58.46,1.22,279.96,0.0,0.0
2025-02-15 05:00:00,51.01,61.4,17.11,12.24,0.41,19.93,14.46,66.86,1.44,299.2,0.0,0.0
2025-02-15 06:00:00,46.07,66.09,14.91,12.35,0.33,20.81,13.94,67.12,1.56,306.65,0.0,0.0
2025-02-15 07:00:00,39.36,77.62,18.45,17.88,0.39,23.18,14.86,58.92,1.36,311.56,0.0,0.0
2025-02-15 08:00:00,33.69,76.88,16.65,20.3,0.42,44.35,19.21,46.59,1.42,257.09,0.0,10.05
2025-02-15 09:00:00,37.37,93.7,16.88,14.43,0.49,65.12,24.02,37.46,1.02,260.38,0.0,166.82
2025-02-15 10:00:00,40.31,93.16,26.58,21.18,0.56,77.1,27.42,31.54,0.78,88.73,0.0,156.92
2025-02-15 11:00:00,45.94,107.78,24.32,32.6,0.51,94.74,30.07,27.35,1.14,138.78,0.0,172.27
2025-02-15 12:00:00,43.94,101.18,17.94,24.92,0.37,103.12,32.08,25.63,0.85,285.0,0.0,148.23
2025-02-15 13:00:00,44.62,94.1,8.21,19.96,0.18,87.56,32.75,24.7,1.21,348.95,0.0,135.43
2025-02-15 14:00:00,42.76,88.13,17.6,17.45,0.3,77.33,34.11,23.97,0.98,314.61,0.0,117.35
2025-02-15 15:00:00,38.47,65.21,5.06,11.02,0.13,76.45,33.27,24.76,1.32,252.68,0.0,56.35
2025-02-15 16:00:00,29.8,55.09,9.98,12.36,0.21,78.3,32.28,26.21,1.04,266.75,0.0,52.4
2025-02-15 17:00:00,25.74,56.86,35.98,13.46,0.94,52.08,29.8,30.74,1.0,311.27,0.0,0.0
2025-02-15 18:00:00,35.82,69.16,82.89,11.27,3.08,6.18,25.84,38.7,1.12,185.91,0.0,0.0
2025-02-15 19:00:00,70.3,150.25,73.67,20.28,3.28,0.08,24.24,43.86,0.88,185.74,0.0,0.0
2025-02-15 20:00:00,87.99,194.0,85.19,49.8,2.96,4.98,22.97,44.35,1.25,286.89,0.0,0.0
2025-02-15 21:00:00,101.57,220.77,61.49,24.61,1.74,2.33,20.92,58.02,1.27,312.08,0.0,0.0
2025-02-15 22:00:00,99.38,204.16,62.76,22.02,1.56,1.1,19.84,59.52,1.24,304.54,0.0,0.0
2025-02-15 23:00:00,92.11,185.3,53.71,19.1,1.32,1.11,18.49,63.61,1.44,314.25,0.0,0.0
2025-02-16 00:00:00,75.56,170.76,53.17,18.42,0.82,1.1,18.08,65.57,1.44,311.41,0.0,0.0
2025-02-16 01:00:00,74.57,153.2,37.0,23.13,0.62,7.59,17.89,61.11,1.38,299.53,0.0,0.0
2025-02-16 02:00:00,69.23,144.74,37.04,22.93,0.64,8.6,17.21,66.5,1.42,310.73,0.0,0.0
2025-02-16 03:00:00,69.84,147.35,31.87,16.68,0.66,8.97,16.68,69.97,1.43,305.54,0.0,0.0
2025-02-16 04:00:00,65.29,132.96,21.72,18.55,0.5,16.99,16.46,67.93,1.42,299.76,0.0,0.0
2025-02-16 05:00:00,63.92,124.24,15.75,18.31,0.48,23.81,16.19,66.41,1.39,296.41,0.0,0.0
2025-02-16 06:00:00,56.11,107.72,17.27,20.02,0.5,21.92,15.79,65.14,1.36,319.89,0.0,0.0
2025-02-16 07:00:00,50.61,104.14,25.57,27.04,0.63,14.88,16.94,60.84,1.02,281.75,0.0,0.0
2025-02-16 08:00:00,48.71,119.49,26.52,46.29,0.65,36.34,20.68,51.26,1.34,258.04,0.0,10.27
2025-02-16 09:00:00,58.62,121.02,21.71,43.7,0.54,64.27,25.68,41.17,1.03,33.39,0.0,196.45
2025-02-16 10:00:00,54.38,121.69,22.59,38.92,0.45,81.7,29.4,34.32,0.69,84.6,0.0,196.47
2025-02-16 11:00:00,52.42,119.94,15.69,31.92,0.22,83.18,31.7,28.78,0.97,228.92,0.0,177.82
2025-02-16 12:00:00,52.81,98.76,19.06,43.67,0.26,94.26,33.5,26.58,0.88,246.34,0.0,196.4
2025-02-16 13:00:00,52.32,90.15,19.27,33.61,0.21,89.28,34.8,24.42,0.9,250.22,0.0,207.05
2025-02-16 14:00:00,47.6,87.8,14.04,13.62,0.15,76.27,35.4,21.6,0.75,284.57,0.0,146.12
2025-02-16 15:00:00,42.16,77.32,17.36,17.44,0.21,88.56,34.48,24.55,1.02,205.74,0.0,72.75
2025-02-16 16:00:00,36.1,77.46,18.07,12.77,0.24,74.26,33.74,24.36,0.55,254.5,0.0,72.0
2025-02-16 17:00:00,31.04,72.72,12.43,17.08,0.18,61.76,31.31,24.84,0.89,317.98,0.0,0.0
2025-02-16 18:00:00,27.3,66.14,25.84,39.07,0.43,45.25,27.51,29.7,0.94,309.64,0.0,0.0
2025-02-16 19:00:00,32.31,66.68,45.72,21.71,1.52,21.47,25.01,36.59,1.04,283.35,0.0,0.0
2025-02-16 20:00:00,53.63,98.15,56.32,26.34,1.52,3.44,22.95,44.0,1.45,311.19,0.0,0.0
2025-02-16 21:00:00,61.76,116.81,33.77,21.34,0.62,21.12,22.5,43.0,1.28,323.76,0.0,0.0
2025-02-16 22:00:00,50.42,106.81,26.55,14.32,0.51,29.21,22.07,44.32,1.07,245.39,0.0,0.0
2025-02-16 23:00:00,49.1,92.96,28.83,12.25,0.6,22.83,20.99,49.96,1.44,315.3,0.0,0.0
2025-02-17 00:00:00,40.8,89.93,20.49,13.4,0.42,29.12,20.06,53.27,1.48,320.32,0.0,0.0
2025-02-17 01:00:00,41.58,87.56,21.82,12.03,0.52,17.13,19.3,60.52,1.54,321.41,0.0,0.0
2025-02-17 02:00:00,46.34,88.09,18.81,12.9,0.48,22.37,18.9,60.76,1.66,311.96,0.0,0.0
2025-02-17 03:00:00,35.87,84.76,12.77,13.28,0.33,32.03,18.23,58.97,1.5,310.73,0.0,0.0
2025-02-17 04:00:00,36.81,86.28,19.51,13.95,0.34,25.83,17.31,60.28,0.75,292.48,0.0,0.0
2025-02-17 05:00:00,32.68,84.58,15.86,11.56,0.36,22.0,16.5,69.46,1.35,318.48,0.0,0.0
2025-02-17 06:00:00,35.67,82.14,16.18,10.41,0.36,16.52,16.21,70.96,1.4,302.74,0.0,0.0
2025-02-17 07:00:00,34.9,77.99,15.38,11.74,0.45,22.65,17.76,64.25,1.39,323.39,0.0,0.0
2025-02-17 08:00:00,37.14,77.41,21.13,20.02,0.6,38.31,21.62,52.6,1.18,257.7,0.0,11.72
2025-02-17 09:00:00,35.83,98.62,21.46,22.51,0.54,67.67,26.04,42.58,0.71,107.04,0.0,219.92
2025-02-17 10:00:00,44.81,107.68,22.39,23.74,0.66,92.55,29.27,37.84,0.89,114.54,0.0,237.18
2025-02-17 11:00:00,50.25,119.49,19.77,27.83,0.53,97.12,31.43,33.57,0.58,81.46,0.0,214.75
2025-02-17 12:00:00,51.29,116.25,14.48,47.2,0.36,98.65,32.66,31.4,0.54,58.96,0.0,199.25
2025-02-17 13:00:00,47.02,107.04,18.89,95.71,0.33,97.74,33.76,29.99,0.57,144.11,0.0,176.22
2025-02-17 14:00:00,50.44,107.48,16.21,95.23,0.29,118.98,34.12,29.21,0.9,202.97,0.0,176.85
2025-02-17 15:00:00,51.57,97.64,19.59,73.25,0.37,127.79,33.66,29.49,0.46,208.4,0.0,96.15
2025-02-17 16:00:00,45.82,96.94,12.8,62.14,0.36,132.56,32.65,30.67,0.71,114.3,0.0,52.82
2025-02-17 17:00:00,47.25,92.6,47.35,50.8,0.95,88.42,30.49,35.2,0.82,212.13,0.0,0.0
2025-02-17 18:00:00,53.91,109.28,88.55,60.22,2.04,32.81,28.21,39.56,1.13,73.35,0.0,0.0
2025-02-17 19:00:00,64.94,124.35,100.82,68.31,2.72,7.97,26.99,42.25,0.94,96.2,0.0,0.0
2025-02-17 20:00:00,79.2,156.25,85.19,49.48,3.58,4.2,25.12,46.89,0.96,295.08,0.0,0.0
2025-02-17 21:00:00,94.37,182.96,81.58,24.95,2.9,2.06,23.32,53.09,1.34,297.26,0.0,0.0
2025-02-17 22:00:00,96.78,194.0,48.26,18.4,1.23,3.03,21.35,62.2,1.42,314.64,0.0,0.0
2025-02-17 23:00:00,81.45,178.22,46.83,23.2,1.15,6.62,21.66,60.11,1.44,325.88,0.0,0.0
2025-02-18 00:00:00,69.54,162.45,32.51,33.25,0.64,20.36,20.78,60.79,1.34,323.54,0.0,0.0
2025-02-18 01:00:00,66.49,155.03,24.54,27.97,0.59,21.33,20.17,65.13,1.43,325.85,0.0,0.0
2025-02-18 02:00:00,59.58,155.9,20.42,24.08,0.54,24.02,19.3,65.12,1.44,307.88,0.0,0.0
2025-02-18 03:00:00,55.45,130.61,15.36,27.26,0.38,28.46,18.86,63.26,1.42,306.29,0.0,0.0
2025-02-18 04:00:00,55.75,116.2,14.39,20.87,0.38,25.44,18.13,68.22,1.32,234.69,0.0,0.0
2025-02-18 05:00:00,57.18,105.07,16.21,15.66,0.44,19.04,17.18,73.45,1.53,313.3,0.0,0.0
2025-02-18 06:00:00,52.07,96.72,14.88,14.61,0.34,22.87,17.32,68.66,1.42,301.23,0.0,0.0
2025-02-18 07:00:00,46.57,87.33,15.44,18.07,0.38,28.85,18.88,61.41,1.42,328.32,0.0,0.0
2025-02-18 08:00:00,41.02,90.55,15.64,22.09,0.39,44.84,22.2,52.64,1.45,265.52,0.0,8.65
2025-02-18 09:00:00,38.83,95.07,15.26,19.06,0.38,64.76,25.7,45.04,0.98,23.27,0.0,180.35
2025-02-18 10:00:00,41.88,101.2,20.34,23.01,0.55,84.35,28.1,41.55,0.82,227.9,0.0,209.3
2025-02-18 11:00:00,40.8,106.49,27.08,26.72,0.66,115.83,30.67,37.67,0.88,191.65,0.0,219.85
2025-02-18 12:00:00,55.41,114.66,24.97,26.79,0.59,131.7,32.54,34.05,0.91,109.83,0.0,214.9
2025-02-18 13:00:00,52.28,120.26,11.46,29.7,0.25,115.11,33.6,30.89,0.85,288.66,0.0,219.02
2025-02-18 14:00:00,48.47,117.1,12.54,30.71,0.18,94.51,34.72,28.82,0.85,193.74,0.0,220.77
2025-02-18 15:00:00,39.78,94.28,16.1,22.2,0.2,89.76,34.06,28.75,0.99,169.8,0.0,116.62
2025-02-18 16:00:00,35.77,76.61,30.22,23.74,0.45,75.03,33.6,29.36,0.9,148.18,0.0,56.32
2025-02-18 17:00:00,43.45,89.37,33.58,74.95,0.45,88.19,31.17,35.65,1.07,74.98,0.0,0.0
2025-02-18 18:00:00,43.3,95.78,82.04,61.3,1.8,33.12,28.38,41.76,0.77,212.13,0.0,0.0
2025-02-18 19:00:00,64.68,129.4,75.36,47.44,1.61,23.35,25.86,48.06,1.22,226.48,0.0,0.0
2025-02-18 20:00:00,52.74,160.37,96.74,40.49,2.1,6.51,24.71,50.54,1.33,311.36,0.0,0.0
2025-02-18 21:00:00,35.32,166.98,65.12,28.83,1.34,6.18,22.94,59.52,1.3,319.68,0.0,0.0
2025-02-18 22:00:00,27.09,165.39,70.07,32.97,1.72,5.16,22.43,61.23,1.11,320.93,0.0,0.0
2025-02-18 23:00:00,24.54,169.86,59.69,34.22,1.57,4.14,21.98,63.09,1.46,314.65,0.0,0.0
2025-02-19 00:00:00,64.3,117.22,32.32,31.56,0.72,27.76,22.13,60.43,1.51,319.13,0.0,0.0
2025-02-19 01:00:00,88.48,159.32,19.27,24.9,0.42,37.39,21.48,59.03,1.37,300.86,0.0,0.0
2025-02-19 02:00:00,71.25,130.13,14.26,20.8,0.31,38.04,20.89,59.09,0.87,237.16,0.0,0.0
2025-02-19 03:00:00,64.68,112.19,14.68,17.14,0.4,30.69,19.64,67.43,1.36,314.0,0.0,0.0
2025-02-19 04:00:00,60.45,105.15,13.41,15.27,0.32,29.99,19.73,66.35,1.55,317.98,0.0,0.0
2025-02-19 05:00:00,51.8,93.86,11.6,14.58,0.3,37.03,19.42,64.32,1.47,309.64,0.0,0.0
2025-02-19 06:00:00,46.65,81.82,13.27,13.96,0.31,34.52,18.84,66.62,1.5,308.64,0.0,0.0
2025-02-19 07:00:00,49.48,78.95,15.48,15.59,0.38,34.47,19.9,63.49,1.44,325.76,0.0,0.0
2025-02-19 08:00:00,42.89,81.04,14.27,18.65,0.36,51.86,23.1,53.85,0.94,28.98,0.0,2.52
2025-02-19 09:00:00,45.95,86.22,14.83,24.13,0.46,73.34,26.5,46.21,0.86,53.14,0.0,185.32
2025-02-19 10:00:00,47.79,98.76,22.02,35.93,0.52,91.15,28.88,43.31,0.56,36.58,0.0,215.9
2025-02-19 11:00:00,54.18,107.77,24.17,82.38,0.39,96.29,31.14,39.61,0.76,67.42,0.0,210.5
2025-02-19 12:00:00,56.74,104.79,17.6,75.85,0.3,107.38,32.7,36.41,0.52,72.33,0.0,220.18
2025-02-19 13:00:00,56.66,105.18,16.55,64.52,0.31,109.69,33.28,34.5,0.91,88.68,0.0,208.15
2025-02-19 14:00:00,54.44,103.22,12.9,54.79,0.22,117.28,33.67,33.8,0.69,73.52,0.0,203.23
2025-02-19 15:00:00,60.58,96.75,9.06,58.79,0.2,123.45,32.67,34.39,0.92,254.98,0.0,79.65
2025-02-19 16:00:00,58.79,98.2,22.78,58.28,0.42,115.96,32.31,34.91,1.1,137.96,0.0,39.83
2025-02-19 17:00:00,59.22,103.52,21.87,52.46,0.37,102.01,30.54,39.01,1.05,45.21,0.0,0.0
2025-02-19 18:00:00,67.76,110.67,71.69,41.04,1.81,39.58,27.38,46.92,1.14,322.07,0.0,0.0
2025-02-19 19:00:00,73.9,131.24,79.69,34.06,1.93,21.39,25.67,53.22,0.8,291.05,0.0,0.0
2025-02-19 20:00:00,92.14,154.4,82.54,29.72,2.08,12.14,24.52,57.58,1.15,310.77,0.0,0.0
2025-02-19 21:00:00,89.8,168.0,49.72,24.36,1.22,19.61,23.47,60.66,1.29,319.04,0.0,0.0
2025-02-19 22:00:00,87.81,164.36,54.08,28.61,1.28,17.59,22.55,60.3,1.45,311.08,0.0,0.0
2025-02-19 23:00:00,83.78,160.86,48.77,45.09,1.01,20.93,22.13,58.11,1.53,303.68,0.0,0.0
2025-02-20 00:00:00,86.34,161.64,20.98,26.56,0.35,41.58,22.16,56.18,1.05,319.92,0.0,0.0
2025-02-20 01:00:00,73.29,137.52,10.29,19.84,0.26,49.26,22.31,55.48,1.03,304.96,0.0,0.0
2025-02-20 02:00:00,64.06,105.04,10.52,17.08,0.26,47.62,21.82,57.99,1.11,284.91,0.0,0.0
2025-02-20 03:00:00,54.5,91.36,11.82,16.6,0.26,42.05,20.23,63.96,1.26,304.21,0.0,0.0
2025-02-20 04:00:00,50.5,79.87,9.33,17.88,0.25,47.17,20.19,62.78,0.76,314.07,0.0,0.0
2025-02-20 05:00:00,44.76,77.22,10.58,19.95,0.29,43.42,19.74,64.73,1.02,306.75,0.0,0.0
2025-02-20 06:00:00,47.92,73.25,12.56,17.49,0.33,36.78,19.1,67.8,1.14,316.8,0.0,0.0
2025-02-20 07:00:00,45.61,77.17,16.2,20.61,0.4,34.9,19.63,68.0,1.28,304.5,0.0,0.0
2025-02-20 08:00:00,45.16,78.18,13.94,24.01,0.39,51.61,22.75,58.12,1.36,243.77,0.0,0.12
2025-02-20 09:00:00,43.9,83.48,16.15,24.74,0.45,70.26,27.01,47.32,0.83,192.69,0.0,169.25
2025-02-20 10:00:00,53.36,93.14,12.72,28.49,0.36,85.05,30.16,39.12,0.98,106.07,0.0,200.22
2025-02-20 11:00:00,48.48,96.04,7.45,18.43,0.18,79.17,31.99,32.59,1.27,181.94,0.0,208.2
2025-02-20 12:00:00,40.79,79.81,11.25,10.79,0.18,72.72,33.74,28.59,1.22,344.28,0.0,153.93
2025-02-20 13:00:00,38.14,73.43,7.65,12.03,0.14,82.85,33.9,28.39,1.35,261.4,0.0,140.45
2025-02-20 14:00:00,34.34,57.86,14.51,11.52,0.21,74.75,35.07,26.15,1.02,222.42,0.0,111.65
2025-02-20 15:00:00,29.44,56.52,10.66,8.48,0.13,67.81,34.3,25.37,1.08,333.29,0.0,72.75
2025-02-20 16:00:00,23.2,55.36,11.42,8.14,0.19,67.1,33.52,26.68,1.21,317.49,0.0,41.72
2025-02-20 17:00:00,19.98,46.52,6.83,8.14,0.12,65.8,31.31,29.24,1.27,314.88,0.0,0.0
2025-02-20 18:00:00,17.95,48.23,22.06,8.31,0.34,44.78,28.26,33.91,0.97,284.34,0.0,0.0
2025-02-20 19:00:00,15.34,55.96,35.65,9.19,0.63,33.37,26.42,38.79,0.86,295.22,0.0,0.0
2025-02-20 20:00:00,20.24,59.05,31.22,12.24,0.56,33.35,25.13,41.97,1.18,311.03,0.0,0.0
2025-02-20 21:00:00,27.58,62.74,17.4,16.04,0.35,44.98,24.85,40.18,1.31,305.27,0.0,0.0
2025-02-20 22:00:00,28.84,63.61,24.33,16.04,0.49,33.14,23.53,44.48,1.2,303.87,0.0,0.0
2025-02-20 23:00:00,30.41,66.84,23.52,13.19,0.44,25.99,21.7,52.19,1.21,319.0,0.0,0.0
2025-02-21 00:00:00,31.79,66.68,18.03,12.37,0.41,25.88,21.1,53.21,1.48,306.48,0.0,0.0
2025-02-21 01:00:00,29.05,67.99,14.64,11.97,0.36,32.11,20.69,53.4,1.26,317.5,0.0,0.0
2025-02-21 02:00:00,24.46,61.14,12.18,11.74,0.36,31.94,19.82,57.3,1.3,312.7,0.0,0.0
2025-02-21 03:00:00,27.2,58.45,12.68,12.92,0.33,29.15,19.01,61.05,1.46,308.33,0.0,0.0
2025-02-21 04:00:00,28.38,61.47,17.86,14.74,0.46,21.23,18.02,64.02,1.38,304.6,0.0,0.0
2025-02-21 05:00:00,31.33,59.66,17.22,13.24,0.56,17.92,17.45,67.67,1.25,308.02,0.0,0.0
2025-02-21 06:00:00,32.28,58.96,14.34,12.08,0.48,16.54,16.95,70.35,1.43,307.52,0.0,0.0
2025-02-21 07:00:00,30.23,57.68,15.66,13.86,0.49,16.61,18.05,65.26,1.32,323.59,0.0,0.0
2025-02-21 08:00:00,35.06,59.18,19.72,26.26,0.56,36.22,22.46,50.22,1.25,192.91,0.0,0.0
2025-02-21 09:00:00,33.55,71.71,18.95,21.63,0.47,59.59,27.06,40.44,1.02,107.21,0.0,154.57
2025-02-21 10:00:00,34.3,81.0,16.45,25.75,0.47,74.28,30.16,34.72,0.81,122.26,0.0,150.3
2025-02-21 11:00:00,35.94,83.27,17.22,68.83,0.32,73.72,32.02,29.05,0.78,15.46,0.0,113.25
2025-02-21 12:00:00,37.92,85.25,17.59,58.99,0.3,70.9,33.14,25.9,0.42,210.02,0.0,99.52
2025-02-21 13:00:00,27.36,80.24,9.13,11.4,0.21,69.55,34.52,23.41,0.68,323.15,0.0,154.65
2025-02-21 14:00:00,23.26,64.31,13.5,10.09,0.26,63.47,34.85,22.78,0.92,155.62,0.0,145.12
2025-02-21 15:00:00,24.0,61.02,13.93,7.1,0.28,62.43,34.33,22.84,0.79,328.9,0.0,84.95
2025-02-21 16:00:00,23.98,53.28,6.43,9.44,0.22,66.25,33.25,24.37,1.33,328.1,0.0,21.88
2025-02-21 17:00:00,20.12,54.32,12.22,9.6,0.29,56.39,30.91,28.02,1.06,318.78,0.0,0.0
2025-02-21 18:00:00,21.54,51.76,21.6,12.55,0.44,40.93,27.54,31.94,1.34,330.74,0.0,0.0
2025-02-21 19:00:00,22.26,60.7,42.3,19.71,0.78,17.58,25.38,35.37,1.27,314.02,0.0,0.0
2025-02-21 20:00:00,25.91,77.09,41.95,18.51,2.32,7.26,24.15,41.52,1.32,293.98,0.0,0.0
2025-02-21 21:00:00,47.74,124.3,24.15,13.0,0.46,32.1,23.94,42.07,1.09,287.91,0.0,0.0
2025-02-21 22:00:00,41.28,107.57,11.52,19.82,0.27,45.1,23.66,40.67,0.76,303.66,0.0,0.0
2025-02-21 23:00:00,30.88,87.38,13.6,21.16,0.29,42.15,22.93,39.74,0.75,260.51,0.0,0.0
2025-02-22 00:00:00,30.67,75.88,24.61,17.11,0.3,29.71,21.22,45.52,1.1,301.45,0.0,0.0
2025-02-22 01:00:00,31.76,77.04,14.32,17.76,0.24,35.62,20.27,48.9,1.3,300.11,0.0,0.0
2025-02-22 02:00:00,30.1,68.51,9.81,17.82,0.23,36.94,19.4,51.54,1.23,314.28,0.0,0.0
2025-02-22 03:00:00,27.34,59.47,7.87,15.82,0.23,36.86,18.54,55.34,1.45,301.61,0.0,0.0
2025-02-22 04:00:00,21.39,57.02,7.54,13.14,0.26,39.32,18.2,57.48,1.03,305.53,0.0,0.0
2025-02-22 05:00:00,26.32,50.28,7.42,12.54,0.24,48.09,18.29,55.45,1.07,267.06,0.0,0.0
2025-02-22 06:00:00,25.44,52.85,10.21,13.21,0.29,40.34,17.76,58.09,1.47,316.2,0.0,0.0
2025-02-22 07:00:00,31.48,61.08,13.44,15.64,0.34,37.96,19.1,57.36,1.3,314.53,0.0,0.0
2025-02-22 08:00:00,32.0,67.94,8.44,15.12,0.32,56.6,22.95,48.31,1.52,347.21,0.0,0.65
2025-02-22 09:00:00,28.11,63.28,7.12,21.97,0.32,67.0,25.81,44.42,1.3,184.18,0.0,108.83
2025-02-22 10:00:00,31.58,74.24,31.45,156.56,0.49,56.56,28.28,41.1,0.9,137.62,0.0,141.62
2025-02-22 11:00:00,35.46,87.96,22.14,112.45,0.38,74.02,30.02,38.64,0.73,116.12,0.0,114.75
2025-02-22 12:00:00,42.11,96.36,11.9,49.47,0.31,85.8,31.31,35.9,0.65,49.8,0.0,110.9
2025-02-22 13:00:00,43.36,88.96,8.99,26.85,0.29,84.56,32.66,33.0,0.78,182.95,0.0,128.75
2025-02-22 14:00:00,40.44,80.11,3.4,13.11,0.23,82.06,32.93,30.4,1.16,355.68,0.0,107.55
2025-02-22 15:00:00,34.77,75.02,5.24,21.64,0.25,84.8,32.52,31.4,0.73,263.28,0.0,88.05
2025-02-22 16:00:00,32.34,69.52,11.19,24.94,0.32,85.05,31.97,33.3,0.74,120.49,0.0,22.05
2025-02-22 17:00:00,35.45,73.45,16.01,58.39,0.38,74.92,30.21,36.37,0.66,78.78,0.0,0.0
2025-02-22 18:00:00,35.97,81.11,23.18,15.23,0.54,49.8,27.39,39.99,1.21,307.04,0.0,0.0
2025-02-22 19:00:00,37.44,84.13,54.11,16.26,0.99,19.72,25.62,42.64,0.92,235.49,0.0,0.0
2025-02-22 20:00:00,41.4,103.24,42.11,17.64,1.01,24.72,24.45,45.56,1.36,303.0,0.0,0.0
2025-02-22 21:00:00,45.67,104.82,27.84,14.96,0.64,34.9,23.15,46.67,1.1,298.62,0.0,0.0
2025-02-22 22:00:00,44.2,97.87,12.23,7.56,0.4,39.08,22.53,42.57,1.19,316.41,0.0,0.0
2025-02-22 23:00:00,37.45,88.7,12.63,6.96,0.38,40.29,21.61,44.65,1.12,292.2,0.0,0.0
2025-02-23 00:00:00,35.11,87.12,18.76,9.68,0.41,34.16,20.45,48.64,0.76,234.96,0.0,0.0
2025-02-23 01:00:00,33.23,86.64,24.42,9.39,0.47,25.24,19.75,50.75,1.22,298.97,0.0,0.0
2025-02-23 02:00:00,30.8,82.7,13.14,10.16,0.34,38.1,18.87,53.16,1.29,302.79,0.0,0.0
2025-02-23 03:00:00,35.81,83.68,13.42,8.22,0.36,36.28,17.95,54.4,0.94,250.4,0.0,0.0
2025-02-23 04:00:00,36.63,78.88,11.41,7.13,0.31,37.52,17.45,56.79,0.79,244.29,0.0,0.0
2025-02-23 05:00:00,28.56,76.98,9.29,8.07,0.31,36.12,16.89,56.94,0.87,279.86,0.0,0.0
2025-02-23 06:00:00,21.76,68.77,12.2,7.88,0.37,26.56,15.86,65.79,1.46,305.15,0.0,0.0
2025-02-23 07:00:00,25.01,70.16,13.59,9.52,0.4,30.16,17.3,59.68,1.06,251.16,0.0,0.0
2025-02-23 08:00:00,30.15,73.22,14.55,10.68,0.45,55.89,21.87,44.66,1.26,104.72,0.0,2.55
2025-02-23 09:00:00,34.22,82.67,11.18,15.72,0.5,75.84,25.75,35.76,0.83,45.18,0.0,146.43
2025-02-23 10:00:00,39.52,84.82,11.18,14.77,0.41,83.49,28.25,32.22,0.88,25.67,0.0,168.2
2025-02-23 11:00:00,41.13,84.3,6.24,8.37,0.28,80.64,30.23,30.6,0.81,57.12,0.0,127.83
2025-02-23 12:00:00,39.67,90.56,9.38,27.13,0.24,75.2,31.5,28.02,1.0,188.44,0.0,123.82
2025-02-23 13:00:00,36.5,91.38,17.38,65.31,0.19,63.21,32.6,25.68,0.59,184.26,0.0,147.0
2025-02-23 14:00:00,28.13,86.24,10.8,17.1,0.22,69.33,33.48,24.42,0.9,244.72,0.0,212.9
2025-02-23 15:00:00,29.45,69.64,6.98,4.58,0.18,72.35,33.05,24.25,0.96,329.9,0.0,170.65
2025-02-23 16:00:00,22.17,61.13,1.03,4.56,0.14,75.36,32.04,25.0,0.89,25.12,0.0,12.8
2025-02-23 17:00:00,21.29,51.82,8.49,5.33,0.3,64.9,29.88,27.8,0.93,109.04,0.0,0.0
2025-02-23 18:00:00,26.09,53.86,42.48,13.07,0.88,40.81,27.77,33.46,1.13,92.16,0.0,0.0
2025-02-23 19:00:00,33.75,79.25,48.24,16.98,1.04,29.45,26.88,34.54,1.0,105.93,0.0,0.0
2025-02-23 20:00:00,44.32,97.16,24.07,14.04,0.7,41.14,25.77,35.4,1.12,79.36,0.0,0.0
2025-02-23 21:00:00,44.04,100.39,34.06,14.77,0.8,33.33,24.46,36.94,1.14,90.92,0.0,0.0
2025-02-23 22:00:00,47.62,96.28,35.97,23.78,0.7,26.08,23.38,38.72,0.9,98.47,0.0,0.0
2025-02-23 23:00:00,47.64,97.43,39.28,19.92,0.88,21.44,22.23,42.37,0.95,295.8,0.0,0.0
2025-02-24 00:00:00,45.35,96.66,25.07,19.54,0.75,30.6,21.19,45.09,1.31,310.65,0.0,0.0
2025-02-24 01:00:00,44.69,98.82,18.34,11.98,0.59,33.97,19.62,50.57,1.23,297.22,0.0,0.0
2025-02-24 02:00:00,41.84,97.59,15.09,9.91,0.51,32.94,19.01,53.0,1.39,318.15,0.0,0.0
2025-02-24 03:00:00,37.69,91.01,10.91,10.8,0.34,43.37,19.13,49.16,1.28,301.6,0.0,0.0
2025-02-24 04:00:00,39.18,89.37,8.12,8.15,0.29,37.43,17.24,60.6,1.41,306.52,0.0,0.0
2025-02-24 05:00:00,44.56,84.2,9.18,8.32,0.3,37.3,17.38,55.69,0.75,281.67,0.0,0.0
2025-02-24 06:00:00,33.96,80.03,12.24,8.45,0.36,34.89,16.96,56.9,1.31,303.53,0.0,0.0
2025-02-24 07:00:00,32.98,74.82,13.31,8.78,0.4,35.77,18.05,56.78,1.42,320.26,0.0,0.0
2025-02-24 08:00:00,30.5,78.41,13.29,11.51,0.42,51.71,21.32,46.0,1.11,189.84,0.0,11.98
2025-02-24 09:00:00,35.18,87.89,15.23,17.8,0.48,63.67,25.1,38.36,0.7,55.59,0.0,150.43
2025-02-24 10:00:00,41.73,91.0,13.55,16.94,0.36,70.72,27.77,34.72,0.83,65.4,0.0,145.48
2025-02-24 11:00:00,38.56,94.33,14.42,29.03,0.37,79.39,29.72,32.87,0.75,97.23,0.0,194.27
2025-02-24 12:00:00,37.65,94.64,10.94,15.14,0.38,87.76,31.16,30.53,0.82,90.68,0.0,143.45
2025-02-24 13:00:00,39.32,91.2,12.13,12.08,0.37,86.92,32.2,28.21,0.79,113.09,0.0,153.65
2025-02-24 14:00:00,36.6,85.07,10.3,12.55,0.28,92.6,32.9,27.2,0.5,56.02,0.0,149.68
2025-02-24 15:00:00,35.16,76.29,9.77,12.43,0.28,94.55,31.8,26.96,0.96,191.2,0.0,119.78
2025-02-24 16:00:00,32.61,70.6,9.41,12.39,0.32,96.43,31.03,28.41,0.86,77.25,0.0,3.75
2025-02-24 17:00:00,33.24,70.21,8.74,27.63,0.36,89.17,29.64,31.08,1.1,192.83,0.0,0.0
2025-02-24 18:00:00,27.76,69.76,26.1,30.28,0.64,63.28,26.91,36.12,0.84,259.82,0.0,0.0
2025-02-24 19:00:00,33.43,78.07,71.41,28.97,1.69,18.31,25.38,39.89,1.08,201.04,0.0,0.0
2025-02-24 20:00:00,46.5,93.23,63.51,19.3,1.44,19.66,23.58,44.62,1.1,95.47,0.0,0.0
2025-02-24 21:00:00,54.63,117.46,67.7,14.99,1.63,13.34,22.67,47.04,0.96,176.14,0.0,0.0
2025-02-24 22:00:00,50.18,126.14,56.18,19.86,1.48,19.58,22.04,49.14,1.13,303.87,0.0,0.0
2025-02-24 23:00:00,55.23,130.54,18.9,21.62,0.58,46.94,21.86,47.3,1.46,305.25,0.0,0.0
2025-02-25 00:00:00,47.39,120.61,16.01,20.67,0.41,43.65,20.89,49.74,1.07,296.11,0.0,0.0
2025-02-25 01:00:00,44.56,116.4,14.0,19.03,0.39,41.32,20.44,51.35,1.29,307.6,0.0,0.0
2025-02-25 02:00:00,40.07,107.76,10.86,19.31,0.26,49.63,19.86,52.2,0.52,210.08,0.0,0.0
2025-02-25 03:00:00,40.64,98.54,7.64,11.6,0.24,51.96,19.16,51.91,0.81,310.26,0.0,0.0
2025-02-25 04:00:00,37.44,87.91,8.69,13.72,0.34,48.1,19.05,50.13,1.04,328.36,0.0,0.0
2025-02-25 05:00:00,30.44,77.72,11.62,14.17,0.35,46.2,19.13,49.01,1.36,318.18,0.0,0.0
2025-02-25 06:00:00,27.17,70.71,10.95,11.24,0.34,44.32,17.87,54.24,0.97,221.86,0.0,0.0
2025-02-25 07:00:00,26.54,66.4,15.08,10.27,0.41,32.09,18.37,59.79,1.14,243.68,0.0,0.0
2025-02-25 08:00:00,27.85,73.48,13.42,14.82,0.42,61.21,22.19,44.7,0.84,28.11,0.0,12.15
2025-02-25 09:00:00,30.42,75.39,7.68,9.1,0.27,70.76,24.83,38.32,0.72,30.94,0.0,135.32
2025-02-25 10:00:00,27.99,79.43,9.6,5.81,0.26,67.34,26.9,35.57,0.63,76.7,0.0,156.88
2025-02-25 11:00:00,26.9,85.99,10.92,15.6,0.23,71.13,28.84,32.32,0.73,72.62,0.0,126.45
2025-02-25 12:00:00,30.89,86.0,18.7,92.78,0.29,76.18,30.18,31.06,0.88,108.82,0.0,176.65
2025-02-25 13:00:00,39.5,84.86,16.28,71.32,0.29,90.16,31.11,30.65,0.68,103.65,0.0,158.57
2025-02-25 14:00:00,39.96,80.86,14.19,50.9,0.28,98.7,31.81,30.3,0.57,165.62,0.0,143.72
2025-02-25 15:00:00,34.9,84.33,15.44,60.37,0.28,106.55,31.25,30.46,0.78,215.66,0.0,165.18
2025-02-25 16:00:00,38.02,82.07,14.57,42.67,0.18,102.08,30.17,31.22,0.82,197.74,0.0,0.1
2025-02-25 17:00:00,40.3,83.33,20.78,69.72,0.42,92.25,28.78,33.46,0.93,67.66,0.0,0.0
2025-02-25 18:00:00,37.36,84.41,61.67,63.25,1.1,39.21,25.84,38.97,0.6,119.54,0.0,0.0
2025-02-25 19:00:00,42.76,95.98,55.11,54.36,1.05,28.02,23.97,43.92,1.27,297.61,0.0,0.0
2025-02-25 20:00:00,49.29,110.06,78.21,42.09,1.97,6.48,22.86,48.31,1.12,313.48,0.0,0.0
2025-02-25 21:00:00,70.16,137.56,81.03,39.57,2.42,2.36,21.95,52.5,1.03,235.24,0.0,0.0
2025-02-25 22:00:00,71.66,141.59,71.17,46.95,2.05,2.03,20.92,58.56,1.42,310.41,0.0,0.0
2025-02-25 23:00:00,74.25,151.08,59.78,27.86,2.3,1.56,19.92,63.71,1.52,309.05,0.0,0.0
2025-02-26 00:00:00,73.48,164.98,58.06,41.84,1.46,4.92,19.72,60.04,1.48,311.6,0.0,0.0
2025-02-26 01:00:00,81.25,180.06,30.81,22.58,0.84,20.33,18.91,62.45,1.42,309.39,0.0,0.0
2025-02-26 02:00:00,72.1,153.85,19.71,14.36,0.55,22.08,18.13,66.39,1.28,229.29,0.0,0.0
2025-02-26 03:00:00,66.44,125.47,13.11,12.72,0.4,30.67,17.89,65.17,1.37,317.01,0.0,0.0
2025-02-26 04:00:00,57.78,96.3,9.6,10.06,0.24,35.97,18.48,58.16,1.61,310.27,0.0,0.0
2025-02-26 05:00:00,41.32,73.34,8.6,12.93,0.22,40.67,18.63,55.43,1.6,305.86,0.0,0.0
2025-02-26 06:00:00,39.87,63.26,10.42,11.8,0.27,37.38,18.04,57.3,1.53,301.35,0.0,0.0
2025-02-26 07:00:00,41.61,64.91,10.97,12.74,0.34,42.52,19.16,55.42,1.48,318.4,0.0,0.0
2025-02-26 08:00:00,41.61,77.48,10.12,12.73,0.31,61.83,22.42,46.86,1.02,198.85,0.0,7.48
2025-02-26 09:00:00,48.36,84.22,9.78,14.97,0.34,76.05,26.12,39.21,0.87,24.56,0.0,106.98
2025-02-26 10:00:00,40.38,83.96,11.34,13.27,0.28,79.34,29.06,33.53,0.69,79.26,0.0,92.15
2025-02-26 11:00:00,38.14,79.62,8.42,8.68,0.2,76.19,31.03,29.16,0.52,38.99,0.0,134.5
2025-02-26 12:00:00,31.11,78.44,9.74,6.38,0.24,72.08,32.81,25.02,0.75,158.85,0.0,173.43
2025-02-26 13:00:00,22.79,72.65,7.78,7.86,0.22,71.03,33.39,23.26,0.49,127.87,0.0,180.78
2025-02-26 14:00:00,18.41,70.32,7.59,7.29,0.2,64.71,33.46,22.47,0.8,81.0,0.0,136.85
2025-02-26 15:00:00,17.32,68.04,15.73,59.97,0.19,62.52,32.76,23.9,0.96,127.34,0.0,81.47
2025-02-26 16:00:00,20.19,59.46,6.74,9.94,0.22,66.23,32.0,25.49,0.6,80.66,0.0,0.0
2025-02-26 17:00:00,15.67,57.14,14.18,7.0,0.35,53.89,30.0,28.1,0.9,98.22,0.0,0.0
2025-02-26 18:00:00,21.18,55.83,42.92,28.94,0.77,26.6,27.88,30.53,1.23,95.81,0.0,0.0
2025-02-26 19:00:00,31.08,61.36,51.32,26.72,1.05,9.34,25.67,34.32,1.19,59.49,0.0,0.0
2025-02-26 20:00:00,35.31,72.94,48.83,12.03,1.14,3.91,23.28,41.38,1.31,304.2,0.0,0.0
2025-02-26 21:00:00,42.28,77.95,43.34,11.08,1.25,9.939653981157928,21.71,54.26,1.38,307.79,0.0,0.0
2025-02-26 22:00:00,42.97,84.68,34.88,10.41,1.36,8.972532193902872,20.76,60.58,1.45,313.68,0.0,0.0
2025-02-26 23:00:00,44.48,93.49,40.41,11.82,1.39,11.620799026717066,20.56,58.21,1.42,324.54,0.0,0.0
2025-02-27 00:00:00,44.65,92.41,50.12,22.64,1.34,18.209823466894832,20.36,55.74,1.33,326.82,0.0,0.0
2025-02-27 01:00:00,51.08,111.31,40.11,14.61,1.12,2.95,19.4,60.21,1.4,309.55,0.0,0.0
2025-02-27 02:00:00,47.59,124.02,22.24,10.8,0.59,9.36,18.98,59.61,1.41,306.02,0.0,0.0
2025-02-27 03:00:00,48.84,97.9,14.69,9.72,0.51,20.74,18.81,54.35,1.44,321.77,0.0,0.0
2025-02-27 04:00:00,49.05,89.29,11.57,10.1,0.33,27.16,19.2,51.41,1.59,319.86,0.0,0.0
2025-02-27 05:00:00,41.72,77.54,11.73,12.01,0.36,30.26,18.76,53.13,1.46,322.81,0.0,0.0
2025-02-27 06:00:00,38.8,72.84,12.32,13.66,0.34,28.35,18.32,54.34,1.55,320.01,0.0,0.0
2025-02-27 07:00:00,42.46,81.39,11.63,7.94,0.5,29.19,19.69,53.47,1.43,329.67,0.0,1.9
2025-02-27 08:00:00,46.1,83.34,18.35,14.26,0.51,43.62,23.21,45.84,0.95,71.69,0.0,6.88
2025-02-27 09:00:00,47.0,90.94,23.22,19.05,0.62,58.32,26.95,38.84,0.83,96.86,0.0,104.65
2025-02-27 10:00:00,44.58,92.8,21.38,16.25,0.54,62.01,29.26,33.75,1.0,119.9,0.0,102.42
2025-02-27 11:00:00,43.41,96.6,18.35,22.24,0.58,69.68,30.94,31.67,1.36,159.94,0.0,134.1
2025-02-27 12:00:00,48.61,90.72,18.67,52.22,0.38,75.23,32.56,28.74,0.82,131.3,0.0,171.22
2025-02-27 13:00:00,44.62,82.99,22.11,71.86,0.42,78.92,33.48,27.26,1.23,158.86,0.0,178.65
2025-02-27 14:00:00,41.52,77.96,13.28,70.97,0.27,88.3,33.62,26.66,0.64,161.64,0.0,171.27
2025-02-27 15:00:00,37.65,68.07,11.04,36.32,0.28,91.65,33.6,25.77,0.88,225.46,0.0,107.75
2025-02-27 16:00:00,34.79,69.14,17.4,23.19,0.4,91.51,32.64,27.06,0.65,137.34,0.0,17.83
2025-02-27 17:00:00,32.3,69.28,25.84,15.13,0.53,79.82,30.82,30.04,0.84,85.31,0.0,0.0
2025-02-27 18:00:00,33.4,62.73,55.41,18.82,1.16,48.32,28.52,34.16,1.12,73.49,0.0,0.0
2025-02-27 19:00:00,42.43,75.45,74.5,35.95,1.67,17.21,26.85,38.36,1.02,66.71,0.0,0.0
2025-02-27 20:00:00,42.87,101.34,81.3,21.35,2.4,6.09,25.52,40.96,0.94,126.78,0.0,0.0
2025-02-27 21:00:00,53.45,118.41,68.83,12.42,1.56,10.46,23.61,44.28,1.14,307.98,0.0,0.0
2025-02-27 22:00:00,58.15,119.57,54.54,10.54,1.37,6.98,21.92,53.56,1.39,306.42,0.0,0.0
2025-02-27 23:00:00,54.0,124.91,48.57,11.79,1.38,4.14,20.37,60.44,1.47,308.12,0.0,0.0
2025-02-28 00:00:00,56.93,124.04,48.94,16.61,1.19,6.64,20.05,57.48,1.13,322.2,0.0,0.0
2025-02-28 01:00:00,61.91,128.18,44.7,12.05,1.25,3.82,19.31,65.29,1.52,313.38,0.0,0.0
2025-02-28 02:00:00,57.13,128.88,35.4,13.96,0.92,13.45,19.29,59.67,1.43,313.82,0.0,0.0
2025-02-28 03:00:00,57.74,124.5,21.81,13.84,0.79,19.96,19.11,61.54,1.46,311.13,0.0,0.0
2025-02-28 04:00:00,59.64,111.48,17.94,14.28,0.64,21.94,18.05,65.61,1.32,302.46,0.0,0.0
2025-02-28 05:00:00,57.74,105.95,22.2,13.48,0.86,15.17,17.2,68.56,1.4,307.72,0.0,0.0
2025-02-28 06:00:00,68.44,120.85,20.83,16.35,0.67,15.31,16.85,71.84,1.33,313.93,0.0,0.0
2025-02-28 07:00:00,62.58,118.66,25.28,14.12,0.82,7.1,18.78,70.39,1.35,314.81,0.0,0.42
2025-02-28 08:00:00,59.6,116.54,34.46,16.52,1.06,29.16,22.86,58.42,1.25,339.28,0.0,14.45
2025-02-28 09:00:00,65.49,129.21,48.15,27.94,1.18,74.45,27.4,41.92,0.96,171.77,0.0,104.98
2025-02-28 10:00:00,67.57,145.72,34.04,41.0,0.87,92.01,30.08,35.38,1.04,151.01,0.0,130.22
2025-02-28 11:00:00,72.4,141.09,24.7,50.04,0.6,116.17,32.36,32.12,0.75,115.2,0.0,125.1
2025-02-28 12:00:00,72.35,142.82,17.6,48.27,0.4,120.4,33.92,27.62,0.84,257.62,0.0,126.55
2025-02-28 13:00:00,76.71,138.57,21.88,41.27,0.51,116.91,35.44,25.35,0.94,176.54,0.0,128.32
2025-02-28 14:00:00,64.75,126.96,19.4,28.7,0.37,104.28,35.82,24.26,0.79,160.14,0.0,131.57
2025-02-28 15:00:00,62.13,114.39,31.92,24.21,0.56,92.52,35.53,24.54,1.03,169.71,0.0,123.72
2025-02-28 16:00:00,57.19,103.72,28.26,23.67,0.52,91.61,34.45,25.45,0.95,185.84,0.0,6.98
2025-02-28 17:00:00,54.43,102.01,63.14,20.87,1.21,50.29,32.28,29.55,0.9,172.38,0.0,0.0
2025-02-28 18:00:00,57.3,108.46,98.76,19.54,2.38,13.87,28.93,36.16,1.07,145.14,0.0,0.0
2025-02-28 19:00:00,67.94,124.11,54.6,19.55,1.18,46.4,28.12,42.38,1.09,58.38,0.0,0.0
2025-02-28 20:00:00,66.9,125.87,46.14,18.0,1.21,42.57,26.67,46.26,1.12,138.04,0.0,0.0
2025-02-28 21:00:00,76.15,122.76,49.22,16.43,1.23,42.45,26.34,47.32,0.82,102.01,0.0,0.0
2025-02-28 22:00:00,76.16,130.1,46.46,14.73,1.1,39.79,24.63,50.54,1.27,293.84,0.0,0.0
2025-02-28 23:00:00,76.54,131.07,29.08,14.14,0.81,42.44,23.47,54.52,1.2,240.8,0.0,0.0
2025-03-01 00:00:00,77.37,134.01,38.12,13.34,0.91,21.02,22.31,59.29,1.3,246.48,0.0,0.0
2025-03-01 01:00:00,80.6,139.39,30.79,13.89,0.84,20.21,21.46,64.06,1.2,315.84,0.0,0.0
2025-03-01 02:00:00,69.45,131.45,25.84,18.2,1.0,21.74,21.04,64.4,1.38,309.78,0.0,0.0
2025-03-01 03:00:00,73.54,131.15,26.96,22.35,2.04,17.99,20.33,67.7,1.37,314.0,0.0,0.0
2025-03-01 04:00:00,91.3,136.49,23.9,18.67,1.7,17.19,19.82,71.32,1.4,306.74,0.0,0.0
2025-03-01 05:00:00,90.27,140.28,18.76,17.72,0.84,27.72,19.19,68.54,1.33,299.23,0.0,0.0
2025-03-01 06:00:00,82.58,124.48,22.14,14.93,0.89,22.61,18.8,72.76,0.99,245.94,0.0,0.0
2025-03-01 07:00:00,80.85,128.24,36.77,16.63,1.39,12.02,20.8,65.04,0.48,253.28,0.0,0.0
2025-03-01 08:00:00,79.16,133.94,36.72,30.88,1.28,44.33,24.41,53.5,0.96,123.32,0.0,16.05
2025-03-01 09:00:00,81.45,146.07,28.76,29.14,1.0,71.85,27.77,48.04,0.75,159.27,0.0,129.5
2025-03-01 10:00:00,79.99,148.96,27.8,29.52,0.83,83.13,30.46,42.7,0.89,198.92,0.0,120.72
2025-03-01 11:00:00,89.04,145.67,23.64,30.73,0.69,97.28,32.3,39.73,0.63,237.72,0.0,141.38
2025-03-01 12:00:00,77.84,142.76,19.31,25.01,0.58,96.0,34.05,35.64,1.14,180.03,0.0,120.3
2025-03-01 13:00:00,73.18,135.86,20.19,19.44,0.53,95.42,34.7,32.74,1.42,170.86,0.0,125.7
2025-03-01 14:00:00,67.33,115.4,19.68,17.42,0.5,94.26,35.52,31.25,0.81,199.64,0.0,120.6
2025-03-01 15:00:00,64.95,106.54,24.03,16.56,0.55,93.56,35.25,31.97,1.07,182.78,0.0,107.45
2025-03-01 16:00:00,58.48,102.38,29.59,15.46,0.66,84.95,34.09,33.12,1.4,169.79,0.0,9.55
2025-03-01 17:00:00,53.66,100.5,38.66,14.21,0.9,67.32,32.91,34.5,1.06,163.58,0.0,0.0
2025-03-01 18:00:00,60.85,104.87,52.96,12.68,1.19,44.08,29.97,38.72,1.07,261.42,0.0,0.0
2025-03-01 19:00:00,67.36,113.69,65.81,18.0,1.52,28.24,28.18,42.63,0.92,264.71,0.0,0.0
2025-03-01 20:00:00,65.93,122.52,90.79,32.64,2.71,7.71,27.09,46.04,1.19,113.98,0.0,0.0
2025-03-01 21:00:00,80.67,150.89,90.14,30.26,2.86,4.12,26.48,47.74,0.95,295.74,0.0,0.0
2025-03-01 22:00:00,96.8,189.29,74.02,21.74,1.88,8.01,25.98,48.71,0.99,267.18,0.0,0.0
2025-03-01 23:00:00,90.87,186.42,50.39,17.72,1.2,15.92,24.98,52.54,1.0,301.78,0.0,0.0
2025-03-02 00:00:00,86.32,167.28,27.91,21.52,0.53,38.75,24.79,51.86,0.84,184.31,0.0,0.0
2025-03-02 01:00:00,68.28,156.26,18.92,19.74,0.5,35.9,23.18,58.49,0.94,306.43,0.0,0.0
2025-03-02 02:00:00,54.7,138.9,27.18,17.06,0.56,24.29,22.77,60.43,0.81,231.92,0.0,0.0
2025-03-02 03:00:00,35.89,129.88,23.83,14.14,0.57,16.6,21.91,67.47,1.22,263.97,0.0,0.0
2025-03-02 04:00:00,41.47,120.79,21.06,12.42,0.54,19.48,21.41,66.66,1.19,306.54,0.0,0.0
2025-03-02 05:00:00,46.68,112.84,20.07,11.82,0.52,21.44,20.96,67.89,1.15,288.61,0.0,0.0
2025-03-02 06:00:00,42.27,100.69,20.21,14.52,0.48,34.03,20.73,62.88,1.06,318.39,0.0,0.0
2025-03-02 07:00:00,41.42,97.46,17.58,11.83,0.51,33.98,21.6,62.68,1.0,302.13,0.0,0.0
2025-03-02 08:00:00,39.25,99.67,13.64,22.71,0.59,51.25,24.58,54.53,1.36,354.43,0.0,24.53
2025-03-02 09:00:00,1.05,29.110610772138,19.17,29.86,0.7,66.56,27.4,49.22,1.04,121.72,0.0,126.82
2025-03-02 10:00:00,121.51,172.01,27.38,40.57,0.78,83.78,30.7,42.36,0.56,253.93,0.0,176.12
2025-03-02 11:00:00,109.78,173.0,22.76,29.28,0.68,89.38,32.63,37.33,1.0,189.23,0.0,185.25
2025-03-02 12:00:00,104.34,160.52,13.94,24.9,0.46,95.65,34.66,32.3,0.64,170.39,0.0,164.45
2025-03-02 13:00:00,65.71,142.55,13.84,20.79,0.45,96.97,35.63,30.85,0.62,270.59,0.0,151.78
2025-03-02 14:00:00,71.11,121.19,11.86,16.52,0.4,99.63,35.65,30.99,1.12,260.11,0.0,142.05
2025-03-02 15:00:00,58.5,96.62,7.07,17.28,0.36,102.57,35.09,31.68,0.96,202.13,0.0,109.25
2025-03-02 16:00:00,53.42,99.42,27.92,17.2,0.6,80.18,34.24,32.52,0.85,213.46,0.0,12.75
2025-03-02 17:00:00,49.97,106.3,40.86,17.64,0.94,58.68,32.17,36.08,0.61,180.82,0.0,0.0
2025-03-02 18:00:00,49.95,103.81,32.77,17.86,0.75,52.56,29.46,38.64,0.84,240.62,0.0,0.0
2025-03-02 19:00:00,52.5,102.69,44.83,18.29,0.97,34.22,27.42,42.08,0.86,338.48,0.0,0.0
2025-03-02 20:00:00,60.11,118.76,71.45,28.76,2.04,4.12,26.49,46.38,1.05,309.04,0.0,0.0
2025-03-02 21:00:00,76.86,151.04,30.78,21.5,0.83,27.04,26.01,47.05,1.36,320.36,0.0,0.0
2025-03-02 22:00:00,79.48,140.54,23.66,19.98,0.62,41.51,25.44,49.5,1.32,313.87,0.0,0.0
2025-03-02 23:00:00,61.01,117.56,17.43,17.18,0.5,43.32,25.06,46.27,0.87,317.18,0.0,0.0
2025-03-03 00:00:00,54.56,110.43,12.42,14.14,0.38,38.46,23.98,47.85,1.34,304.14,0.0,0.0
2025-03-03 01:00:00,54.17,97.72,18.91,15.68,0.5,24.57,23.32,49.6,0.76,220.88,0.0,0.0
2025-03-03 02:00:00,47.31,98.86,13.74,15.26,0.68,20.46,21.3,57.76,1.37,309.13,0.0,0.0
2025-03-03 03:00:00,46.29,95.56,18.44,22.4,0.63,15.42,21.36,52.26,0.77,196.66,0.0,0.0
2025-03-03 04:00:00,40.32,91.61,14.41,15.1,0.47,14.98,20.6,56.98,1.19,306.41,0.0,0.0
2025-03-03 05:00:00,43.86,87.68,15.04,10.61,0.59,5.04,19.36,67.69,1.14,243.87,0.0,0.0
2025-03-03 06:00:00,37.49,88.41,16.4,9.79,0.49,2.95,18.84,68.28,1.36,326.77,0.0,0.0
2025-03-03 07:00:00,33.92,79.64,12.14,12.94,0.38,26.02,22.92,51.68,1.25,221.91,0.0,36.37
2025-03-03 08:00:00,44.81786545845669,84.47180783555406,19.486392245612098,17.04841682164542,0.5983319546048915,33.34192758719134,,,,,,
2025-03-03 09:00:00,33.48,76.24,2.94,12.21,0.5,67.09,28.85,39.49,1.64,352.89,0.0,93.5
2025-03-03 10:00:00,60.43,101.29,13.14,80.82,0.35,67.25,30.46,37.18,1.08,95.25,0.0,92.15
2025-03-03 11:00:00,51.51,127.82,12.29,79.31,0.2,64.31,32.42,34.19,1.08,257.4,0.0,90.65
2025-03-03 12:00:00,47.77,114.82,9.16,0.71,0.16,69.85,34.29,28.01,0.96,329.74,0.0,94.32
2025-03-03 13:00:00,42.64,96.86,7.72,5.84,0.24,73.0,35.6,24.58,0.96,180.22,0.0,91.15
2025-03-03 14:00:00,38.45,84.24,4.12,9.6,0.18,79.75,35.25,25.0,1.38,341.29,0.0,74.25
2025-03-03 15:00:00,34.6,78.58,5.54,7.84,0.2,79.67,34.74,26.63,1.29,181.32,0.0,68.0
2025-03-03 16:00:00,27.99,77.06,10.92,53.57,0.25,78.31,33.74,27.98,0.76,37.45,0.0,3.88
2025-03-03 17:00:00,34.58,77.82,23.46,83.97,0.36,63.07,32.24,30.85,0.68,207.62,0.0,0.0
2025-03-03 18:00:00,30.81,85.74,49.8,66.83,0.8,30.61,29.1,36.47,0.82,151.53,0.0,0.0
2025-03-03 19:00:00,37.88,91.14,71.12,20.23,1.52,10.04,27.74,38.83,0.54,195.8,0.0,0.0
2025-03-03 20:00:00,41.96,114.06,66.27,9.89,1.34,13.26,26.92,39.47,0.91,221.82,0.0,0.0
2025-03-03 21:00:00,42.53,114.89,50.66,8.17,1.08,20.95,25.71,40.87,1.01,222.54,0.0,0.0
2025-03-03 22:00:00,41.95,105.84,49.48,8.11,1.19,11.82,24.03,47.98,1.32,325.42,0.0,0.0
2025-03-03 23:00:00,47.46,111.52,49.62,10.66,1.2,10.45,23.49,48.48,1.26,313.7,0.0,0.0
2025-03-04 00:00:00,40.44,106.38,23.14,20.4,0.77,30.83,23.2,46.23,1.34,313.96,0.0,0.0
2025-03-04 01:00:00,44.62,105.7,30.01,17.14,0.94,14.9,21.73,57.04,1.38,303.6,0.0,0.0
2025-03-04 02:00:00,46.88,108.19,21.16,14.29,0.65,19.69,20.98,55.6,1.46,307.12,0.0,0.0
2025-03-04 03:00:00,50.0,103.82,13.68,11.68,0.44,30.22,20.24,57.48,1.4,301.17,0.0,0.0
2025-03-04 04:00:00,47.1,100.18,13.15,10.76,0.42,27.4,19.66,61.97,1.44,306.35,0.0,0.0
2025-03-04 05:00:00,43.61,93.38,3.76,10.21,0.39,29.61,19.01,65.61,1.43,306.51,0.0,0.0
2025-03-04 06:00:00,45.94,82.98,14.647547269168417,15.81,0.43,35.18,19.74,59.35,1.39,326.79,0.0,0.0
2025-03-04 07:00:00,40.61,81.62,5.48,19.93,0.45,38.43,21.09,55.5,1.3,324.36,0.0,0.0
2025-03-04 08:00:00,44.88,89.91,12.76,16.8,0.49,55.92,24.44,49.23,1.25,253.02,0.0,9.5
2025-03-04 09:00:00,43.98,98.96,6.5,37.66,0.46,80.04,28.15,43.32,1.14,253.99,0.0,146.05
2025-03-04 10:00:00,44.89,113.57,0.22,59.09,0.44,83.57,31.14,38.11,0.96,94.45,0.0,151.83
2025-03-04 11:00:00,50.39,114.21,0.39,15.74,0.38,82.32,33.97,32.0,0.75,309.58,0.0,95.88
2025-03-04 12:00:00,44.58,109.27,0.09,13.9,0.29,86.45,35.18,28.83,1.01,231.94,0.0,82.25
2025-03-04 13:00:00,39.44,98.89,9.38,9.27,0.2,88.29,35.98,27.24,1.07,329.97,0.0,107.9
2025-03-04 14:00:00,41.72,98.29,14.41,10.8,0.27,81.18,36.14,26.87,1.03,326.0,0.0,95.38
2025-03-04 15:00:00,39.38,88.2,12.22,7.2,0.26,76.4,36.25,26.26,1.0,314.37,0.0,83.05
2025-03-04 16:00:00,32.86,98.09,19.46,7.92,0.34,59.5,34.56,26.69,0.84,304.49,0.0,3.3
2025-03-04 17:00:00,35.75,85.5,9.94,9.78,0.21,66.87,32.63,30.3,1.35,302.69,0.0,0.0
2025-03-04 18:00:00,29.3,77.51,17.43,17.54,0.34,52.03,29.44,35.14,1.35,302.79,0.0,0.0
2025-03-04 19:00:00,29.83,97.88,18.28,10.24,0.36,49.81,28.8,34.88,1.35,324.9,0.0,0.0
2025-03-04 20:00:00,35.51,97.98,9.98,10.32,0.24,54.24,28.06,35.34,1.56,343.15,0.0,0.0
2025-03-04 21:00:00,34.41,94.98,9.03,8.57,0.24,53.02,27.19,37.94,1.67,346.24,0.0,0.0
2025-03-04 22:00:00,34.69,120.27,7.6,8.27,0.2,53.66,26.16,40.06,1.44,338.83,0.0,0.0
2025-03-04 23:00:00,28.45,107.3,7.76,9.74,0.19,52.17,25.26,41.5,1.58,339.99,0.0,0.0
2025-03-05 00:00:00,32.75,98.2,5.55,8.77,0.23,56.42,24.66,41.63,1.6,345.85,0.0,0.0
2025-03-05 01:00:00,31.44,112.53,5.56,9.23,0.24,55.39,23.41,43.65,1.23,255.66,0.0,0.0
2025-03-05 02:00:00,31.28,110.8,4.97,9.08,0.22,54.94,22.14,44.54,1.31,328.4,0.0,0.0
2025-03-05 03:00:00,33.64,106.61,3.65,8.5,0.21,55.32,21.44,43.61,1.53,328.86,0.0,0.0
2025-03-05 04:00:00,32.08,96.98,4.21,9.2,0.2,54.2,20.71,43.8,1.54,341.56,0.0,0.0
2025-03-05 05:00:00,22.92,94.93,4.81,9.22,0.2,53.68,19.83,45.26,1.57,331.86,0.0,0.0
2025-03-05 06:00:00,29.57,89.43,6.1,8.99,0.21,51.94,18.93,46.53,1.62,339.57,0.0,0.0
2025-03-05 07:00:00,28.35,91.91,6.28,8.71,0.2,50.98,20.15,43.32,1.76,349.08,0.0,1.05
2025-03-05 08:00:00,37.51,106.77,5.98,11.74,0.26,57.8,22.6,35.74,1.65,170.0,0.0,9.85
2025-03-05 09:00:00,31.23,94.24,5.98,24.03,0.2,61.56,24.06,29.9,1.46,92.31,0.0,75.03
2025-03-05 10:00:00,38.99,106.22,9.53,16.39,0.19,66.56,25.73,27.05,1.38,179.62,0.0,88.45
2025-03-05 11:00:00,27.41,104.88,11.37,14.4,0.2,71.94,27.52,23.7,1.23,265.27,0.0,92.48
2025-03-05 12:00:00,30.93,97.09,9.38,12.47,0.19,84.77,29.2,21.62,0.94,97.62,0.0,97.75
2025-03-05 13:00:00,33.55,92.85,16.21,7.56,0.24,82.49,30.96,19.5,0.75,157.43,0.0,93.62
2025-03-05 14:00:00,34.15,89.98,17.98,2.7,0.28,73.41,32.68,18.02,0.77,291.3,0.0,106.3
2025-03-05 15:00:00,27.7,96.91,13.51,7.33,0.26,73.19,32.6,18.02,0.98,297.52,0.0,80.97
2025-03-05 16:00:00,28.94,96.04,8.29,3.96,0.2,74.47,31.37,18.51,0.99,236.37,0.0,3.88
2025-03-05 17:00:00,30.58,76.92,5.68,10.35,0.2,71.03,29.66,19.92,1.08,306.26,0.0,0.0
2025-03-05 18:00:00,27.03,63.22,19.47,42.48,0.41,49.88,27.09,21.75,1.46,315.26,0.0,0.0
2025-03-05 19:00:00,35.31,67.1,21.78,12.14,0.5,39.28,24.82,24.16,1.32,323.84,0.0,0.0
2025-03-05 20:00:00,24.03,67.24,25.52,10.76,0.56,37.3,23.01,27.84,0.99,288.54,0.0,0.0
2025-03-05 21:00:00,24.18,62.99,23.15,14.83,0.56,36.27,21.2,32.56,1.05,305.68,0.0,0.0
2025-03-05 22:00:00,29.38,64.66,11.18,11.99,0.27,46.18,20.68,32.3,1.48,302.59,0.0,0.0
2025-03-05 23:00:00,24.98,59.28,8.74,14.37,0.26,48.29,19.64,31.77,1.31,303.48,0.0,0.0
2025-03-06 00:00:00,29.37,48.95,7.77,23.85,0.23,50.59,19.2,32.08,1.35,321.52,0.0,0.0
2025-03-06 01:00:00,21.42,51.39,8.3,21.36,0.26,48.5,18.1,34.66,1.27,296.25,0.0,0.0
2025-03-06 02:00:00,21.99,44.74,7.45,12.24,0.28,47.12,16.96,37.09,1.03,306.89,0.0,0.0
2025-03-06 03:00:00,23.12,52.52,11.19,33.32,0.3,40.4,15.96,40.71,1.24,289.99,0.0,0.0
2025-03-06 04:00:00,30.94,48.45,10.71,20.19,0.32,36.85,14.69,45.34,1.34,302.82,0.0,0.0
2025-03-06 05:00:00,27.25,43.93,9.97,7.83,0.32,39.21,14.38,43.9,1.21,308.96,0.0,0.0
2025-03-06 06:00:00,21.61,50.7,22.03,6.13,0.46,26.54,14.14,44.86,0.9,260.68,0.0,0.0
2025-03-06 07:00:00,30.04,61.44,23.34,6.67,0.52,28.1,15.87,46.86,1.1,322.33,0.0,0.25
2025-03-06 08:00:00,34.36,66.37,10.8,16.36,0.35,58.77,20.53,34.87,1.04,261.86,0.0,8.65
2025-03-06 09:00:00,31.11,63.23,15.97,71.84,0.28,70.21,24.26,27.6,0.99,8.67,0.0,73.97
2025-03-06 10:00:00,35.27,71.25,39.86,123.43,0.28,52.71,26.82,23.16,0.7,112.78,0.0,84.78
2025-03-06 11:00:00,31.31,81.19,34.09,160.62,0.38,67.58,28.57,21.84,0.69,203.6,0.0,67.55
2025-03-06 12:00:00,36.13,99.45,45.13,164.47,0.46,65.69,30.18,20.74,0.41,58.08,0.0,86.12
2025-03-06 13:00:00,40.84,107.37,34.02,140.78,0.39,70.84,31.44,20.0,0.52,207.63,0.0,96.38
2025-03-06 14:00:00,39.58,95.06,20.37,66.31,0.27,84.6,32.13,19.68,1.0,94.4,0.0,95.25
2025-03-06 15:00:00,33.72,91.55,9.46,15.22,0.22,90.44,32.4,19.35,0.84,180.93,0.0,72.72
2025-03-06 16:00:00,40.14,84.77,12.02,11.48,0.28,90.8,31.24,20.26,0.45,118.6,0.0,5.0
2025-03-06 17:00:00,28.81,72.58,29.47,75.62,0.55,66.94,29.38,22.58,0.9,220.82,0.0,0.0
2025-03-06 18:00:00,22.88,72.63,79.81,114.85,1.64,10.34,25.51,28.14,1.1,217.15,0.0,0.0
2025-03-06 19:00:00,28.94,93.52,68.07,39.86,1.1,27.58,25.24,28.46,1.01,71.28,0.0,0.0
2025-03-06 20:00:00,37.12,101.65,47.31,15.82,1.08,29.8,23.06,33.66,0.97,319.01,0.0,0.0
2025-03-06 21:00:00,45.64,101.42,59.9,17.79,1.24,7.67,21.05,46.22,1.48,309.06,0.0,0.0
2025-03-06 22:00:00,47.88,122.57,49.24,18.34,1.13,11.76,19.74,49.72,1.38,307.49,0.0,0.0
2025-03-06 23:00:00,52.9,133.59,36.52,11.94,0.99,15.05,18.57,53.91,1.43,311.07,0.0,0.0
2025-03-07 00:00:00,46.39,126.09,29.4,8.64,0.7,21.62,17.77,56.43,1.41,309.67,0.0,0.0
2025-03-07 01:00:00,41.32,118.4,24.3,6.48,0.73,28.7,17.28,50.7,1.41,312.8,0.0,0.0
2025-03-07 02:00:00,50.51,105.96,6.34,5.12,0.5,26.82,17.19,52.58,1.56,313.46,0.0,0.0
2025-03-07 03:00:00,55.66,100.92,16.86,8.52,0.59,27.04,16.88,42.0,1.61,316.9,0.0,0.0
2025-03-07 04:00:00,41.38,89.04,2.11,11.4,0.36,28.08,16.3,41.84,1.58,313.92,0.0,0.0
2025-03-07 05:00:00,39.96,84.38,11.52778747754198,8.09,0.34,30.24,15.38,44.75,1.52,306.34,0.0,0.0
2025-03-07 06:00:00,32.44,77.54,12.462101661331964,9.26,0.36,32.36,15.07,43.39,1.32,321.85,0.0,0.0
2025-03-07 07:00:00,31.31,66.5,10.8,10.4,0.42,34.37,17.2,40.19,1.07,329.76,0.0,0.0
2025-03-07 08:00:00,40.64,77.57,17.18,15.25,0.44,53.73,21.56,32.76,1.07,99.29,0.0,14.58
2025-03-07 09:00:00,35.02,76.12,18.29,37.4,0.4,73.77,26.23,26.97,1.01,173.4,0.0,111.62
2025-03-07 10:00:00,39.28,80.04,10.79,100.09,0.28,74.51,29.1,23.21,0.9,182.84,0.0,126.82
2025-03-07 11:00:00,45.87071450953697,86.97681964073682,5.39,48.6,0.019545565008823373,80.64,31.41,20.95,0.82,130.44,0.0,104.2
2025-03-07 12:00:00,17.38,36.29,8.06,36.06,0.12,43.33709254930359,32.57,20.83,0.83,287.57,0.0,96.7
2025-03-07 13:00:00,26.66,62.3,8.1,56.76,0.23,82.6,33.78,20.43,0.85,123.91,0.0,93.65
2025-03-07 14:00:00,21.35,64.04,5.4,22.20182387787716,0.29,83.72,34.4,20.28,0.92,63.87,0.0,101.88
2025-03-07 15:00:00,24.19,59.36,0.38,20.85,0.42,77.76,34.37,19.84,0.93,282.05,0.0,71.4
2025-03-07 16:00:00,24.16,53.32,0.01,4.78,0.24,83.04,33.1,19.81,0.66,251.01,0.0,9.85
2025-03-07 17:00:00,19.2,50.13,7.71130189547414,8.86,0.23,80.56,31.25,22.2,1.02,327.35,0.0,0.0
2025-03-07 18:00:00,20.54,52.66,72.42,10.11,0.74,39.77,27.06,28.74,1.24,316.79,0.0,0.0
2025-03-07 19:00:00,19.16,55.71,65.72,6.92,1.1,11.07,24.47,34.23,1.35,295.2,0.0,0.0
2025-03-07 20:00:00,25.01,72.59,59.4,19.56,2.59,8.07,23.98,33.77,0.64,240.18,0.0,0.0
2025-03-07 21:00:00,53.92,114.64,47.71,15.22,4.12,3.98,23.67,36.07,0.98,245.54,0.0,0.0
2025-03-07 22:00:00,79.5,159.9,56.75,15.78,2.45,1.94,21.62,40.84,1.35,307.3,0.0,0.0
2025-03-07 23:00:00,85.39,174.5,54.61,21.33,1.0,4.19,20.62,41.32,1.36,313.59,0.0,0.0
2025-03-08 00:00:00,79.04,154.15,36.08,20.58,0.53,11.0,19.9,45.02,1.42,305.84,0.0,0.0
2025-03-08 01:00:00,70.66,132.96,23.35,20.38,0.46,20.28,18.69,49.63,1.41,313.98,0.0,0.0
2025-03-08 02:00:00,49.41,116.73,17.95,17.25,0.41,28.38,19.76,43.01,1.62,329.38,0.0,0.0
2025-03-08 03:00:00,43.5,99.55,12.13,15.11,0.4,35.16,19.22,41.36,1.59,327.25,0.0,0.0
2025-03-08 04:00:00,45.15,86.4,11.11,14.26,0.32,32.25,18.7,43.19,1.52,328.68,0.0,0.0
2025-03-08 05:00:00,45.57,75.18,12.13,15.62,0.3,30.58,17.42,45.17,1.02,247.26,0.0,0.0
2025-03-08 06:00:00,40.56,68.66,22.92,16.76,0.48,18.87,16.84,46.44,0.8,207.24,0.0,0.0
2025-03-08 07:00:00,41.44,69.22,26.45,21.81,0.61,22.71,18.96,44.44,1.2,304.76,0.0,0.0
2025-03-08 08:00:00,43.47,79.01,19.32,23.28,0.47,56.78,23.08,35.59,0.96,92.96,0.0,11.8
2025-03-08 09:00:00,47.13,82.79,21.68,20.04,0.44,82.99,27.48,30.7,0.44,250.36,0.0,87.18
2025-03-08 10:00:00,43.78,90.66,20.83,27.62,0.36,101.22,31.4,25.3,0.62,53.2,0.0,102.12
2025-03-08 11:00:00,48.44,90.5,22.6,38.81,0.33,122.95,33.44,22.86,0.62,86.72,0.0,102.38
2025-03-08 12:00:00,42.5,86.04,24.3,33.66,0.38,132.21,34.54,21.68,1.35,168.51,0.0,96.43
2025-03-08 13:00:00,41.15,88.25,24.14,24.36,0.34,128.67,35.6,21.01,0.9,126.82,0.0,109.1
2025-03-08 14:00:00,39.2,83.47,23.47,21.88,0.3,127.66,36.6,20.59,0.8,126.3,0.0,107.95
2025-03-08 15:00:00,34.32,76.39,12.97,14.24,0.15,108.63,36.02,20.43,1.02,330.22,0.0,70.72
2025-03-08 16:00:00,31.74,71.02,15.46,10.83,0.14,85.49,34.91,20.82,0.99,321.92,0.0,15.45
2025-03-08 17:00:00,25.38,65.84,17.13,9.88,0.23,77.04,32.92,23.58,0.77,225.26,0.0,0.0
2025-03-08 18:00:00,25.87,66.75,59.22,11.5,1.73,27.74,29.35,28.5,0.94,283.92,0.0,0.0
2025-03-08 19:00:00,32.7,83.45,68.34,14.3,1.29,14.62,26.96,32.37,0.74,242.44,0.0,0.0
2025-03-08 20:00:00,40.85,90.28,80.02,18.7,1.78,5.7,25.86,35.76,0.9,296.83,0.0,0.0
2025-03-08 21:00:00,45.84,97.51,72.29,19.96,1.57,4.93,25.05,38.62,1.25,316.7,0.0,0.0
2025-03-08 22:00:00,48.78,111.94,45.04,28.66,1.01,20.22,24.74,36.35,1.48,311.71,0.0,0.0
2025-03-08 23:00:00,42.24,105.05,30.8,24.3,0.73,32.63,23.76,38.22,1.41,321.19,0.0,0.0
2025-03-09 00:00:00,44.42,106.05,30.47,28.12,0.77,29.3,22.4,42.8,1.36,318.83,0.0,0.0
2025-03-09 01:00:00,45.72,111.43,22.78,16.42,0.55,20.56,21.3,50.68,1.5,310.17,0.0,0.0
2025-03-09 02:00:00,48.47,108.4,15.64,17.0,0.4,30.4,20.87,47.75,1.24,305.79,0.0,0.0
2025-03-09 03:00:00,43.61,96.08,11.96,16.81,0.27,41.87,22.28,40.64,1.51,329.97,0.0,0.0
2025-03-09 04:00:00,34.36,79.95,7.98,16.13,0.26,46.84,22.06,40.79,1.52,322.47,0.0,0.0
2025-03-09 05:00:00,31.86,72.77,9.94,13.4,0.27,43.36,20.58,43.16,1.42,301.26,0.0,0.0
2025-03-09 06:00:00,26.86,66.31,11.31,12.58,0.31,41.59,19.84,45.71,1.44,307.62,0.0,0.0
2025-03-09 07:00:00,33.54,66.64,13.21,14.31,0.37,41.69,21.02,46.09,1.17,187.8,0.0,0.0
2025-03-09 08:00:00,35.16,67.79,14.36,18.59,0.39,60.29,24.53,38.98,1.21,108.72,0.0,7.15
2025-03-09 09:00:00,33.04,71.78,16.28,26.12,0.52,81.68,28.2,32.86,0.78,63.04,0.0,88.55
2025-03-09 10:00:00,36.18,79.22,20.6,18.95,0.48,88.54,30.88,29.99,0.8,126.23,0.0,92.92
2025-03-09 11:00:00,42.31,94.35,19.35,19.92,0.48,101.16,32.5,28.69,0.97,146.72,0.0,92.48
2025-03-09 12:00:00,51.92,102.28,16.87,22.1,0.48,113.89,34.45,26.07,0.93,132.8,0.0,112.5
2025-03-09 13:00:00,53.1,104.69,6.94,20.61,0.31,119.82,35.58,24.4,0.82,138.64,0.0,108.18
2025-03-09 14:00:00,52.1,96.22,16.38,22.48,0.38,115.37,35.97,23.13,0.86,137.56,0.0,102.3
2025-03-09 15:00:00,51.03,87.19,14.32,25.78,0.29,116.74,35.35,22.9,0.71,184.42,0.0,77.65
2025-03-09 16:00:00,48.73,81.77,8.86,55.22,0.2,116.71,34.06,23.62,0.62,114.27,0.0,9.43
2025-03-09 17:00:00,41.89,77.44,21.51,74.42,0.35,102.61,32.54,25.76,1.09,89.48,0.0,0.0
2025-03-09 18:00:00,40.07,73.03,27.86,37.01,0.55,81.48,29.68,29.54,1.08,61.17,0.0,0.0
2025-03-09 19:00:00,44.04,79.51,29.86,21.86,0.78,58.02,28.24,32.23,1.26,61.18,0.0,0.0
2025-03-09 20:00:00,50.6,86.22,48.99,17.62,1.1,36.11,27.23,33.9,1.19,39.42,0.0,0.0
2025-03-09 21:00:00,53.33,89.61,79.04,18.15,1.8,13.28,25.5,38.88,1.1,333.59,0.0,0.0
2025-03-09 22:00:00,57.5,106.56,88.9,31.23,1.97,7.84,25.27,38.35,1.28,306.53,0.0,0.0
2025-03-09 23:00:00,58.62,128.98,35.0,27.23,0.78,40.43,25.78,33.07,1.24,332.86,0.0,0.0
2025-03-10 00:00:00,58.24,119.4,16.65,35.1,0.6,47.17,24.92,32.35,1.27,335.72,0.0,0.0
2025-03-10 01:00:00,56.17,110.25,10.43,26.14,0.39,51.78,23.88,34.16,1.42,324.1,0.0,0.0
2025-03-10 02:00:00,47.74,97.0,9.52,25.73,0.24,49.09,23.24,35.47,1.64,325.06,0.0,0.0
2025-03-10 03:00:00,40.11,86.6,8.42,27.14,0.22,51.08,22.66,36.13,1.4,332.28,0.0,0.0
2025-03-10 04:00:00,31.25,78.83,10.86,28.79,0.34,52.06,22.46,35.12,0.36,188.36,0.0,0.0
2025-03-10 05:00:00,28.7,64.28,22.28,30.18,0.5,36.54,21.29,37.77,0.83,257.56,0.0,0.0
2025-03-10 06:00:00,34.18,63.72,27.64,24.66,0.55,24.4,19.9,43.82,0.66,204.15,0.0,0.0
2025-03-10 07:00:00,35.29,68.38,23.6,17.27,0.58,29.7,21.44,43.12,1.18,170.16,0.0,0.0
2025-03-10 08:00:00,39.1,78.9,23.2,23.78,0.63,54.73,24.88,36.79,0.89,60.19,0.0,4.68
2025-03-10 09:00:00,47.64,104.12,23.23,28.7,0.78,76.46,27.67,43.62,0.89,99.72,0.0,56.88
2025-03-10 10:00:00,64.0,115.68,20.82,19.21,0.69,68.94,29.73,52.42,0.87,104.01,0.0,70.28
2025-03-10 11:00:00,71.77,122.27,15.37,20.29,0.54,85.37,31.67,47.97,0.6,81.22,0.0,77.95
2025-03-10 12:00:00,68.7,118.2,15.03,25.28,0.5,107.06,33.16,42.36,0.76,54.64,0.0,74.6
2025-03-10 13:00:00,66.59,115.81,18.73,30.48,0.6,120.4,34.4,37.48,0.81,103.41,0.0,92.68
2025-03-10 14:00:00,63.17,115.38,17.51,30.6,0.54,133.3,35.09,31.22,0.41,189.34,0.0,81.95
2025-03-10 15:00:00,62.11,114.42,13.61,27.1,0.46,136.79,35.02,27.0,0.65,69.33,0.0,55.08
2025-03-10 16:00:00,56.16,92.08,20.81,29.59,0.5,132.93,33.93,27.58,0.54,91.37,0.0,4.4
2025-03-10 17:00:00,26.68,61.39,34.84,32.35,0.75,111.44,32.16,30.18,0.72,203.47,0.0,0.0
2025-03-10 18:00:00,46.38,108.85,71.69,45.33,1.41,66.16,29.56,33.66,1.27,74.38,0.0,0.0
2025-03-10 19:00:00,45.28,114.77,90.16,29.5,1.88,32.49,27.88,35.98,1.26,67.21,0.0,0.0
2025-03-10 20:00:00,65.24,132.4,85.65,21.02,1.88,24.6,27.28,36.92,1.22,67.8,0.0,0.0
2025-03-10 21:00:00,73.25,136.24,59.94,18.14,1.61,31.06,25.54,42.58,1.27,258.68,0.0,0.0
2025-03-10 22:00:00,82.8,141.36,64.14,15.64,1.76,13.43,23.84,50.19,1.39,306.83,0.0,0.0
2025-03-10 23:00:00,84.72,141.34,62.76,31.15,1.83,18.42,23.3,51.5,1.28,240.14,0.0,0.0
2025-03-11 00:00:00,84.22,149.08,42.32,46.27,1.37,37.95,22.88,47.26,1.26,321.82,0.0,0.0
2025-03-11 01:00:00,83.68,151.56,26.91,41.03,0.89,49.2,22.83,44.7,1.27,321.4,0.0,0.0
2025-03-11 02:00:00,74.75,143.28,22.48,42.24,0.84,38.7,21.48,49.94,1.45,316.77,0.0,0.0
2025-03-11 03:00:00,83.12,135.25,19.71,30.86,0.61,39.71,21.06,49.96,1.47,320.92,0.0,0.0
2025-03-11 04:00:00,76.95,122.53,15.54,23.37,0.38,43.34,20.95,50.08,1.47,322.04,0.0,0.0
2025-03-11 05:00:00,69.31,121.67,12.01,21.93,0.28,49.02,20.56,48.36,1.29,332.42,0.0,0.0
2025-03-11 06:00:00,63.21,116.06,22.64,17.41,0.51,27.74,19.32,58.67,1.08,283.31,0.0,0.0
2025-03-11 07:00:00,60.17,111.69,32.26,16.16,0.7,15.78,20.91,58.15,1.33,313.84,0.0,0.0
2025-03-11 08:00:00,57.76,109.54,36.2,32.06,0.84,52.87,25.44,41.74,0.99,127.35,0.0,2.65
2025-03-11 09:00:00,55.1,119.56,35.1,35.71,0.79,89.87,29.54,34.91,0.92,112.6,0.0,48.38
2025-03-11 10:00:00,62.28,138.38,27.43,36.17,0.7,105.48,31.73,34.18,0.79,104.95,0.0,79.97
2025-03-11 11:00:00,91.85,136.81,18.39,33.24,0.49,114.08,33.52,33.8,0.69,79.76,0.0,82.2
2025-03-11 12:00:00,95.54,133.07,18.08,34.22,0.45,119.57,34.89,31.28,0.85,118.44,0.0,74.6
2025-03-11 13:00:00,78.06,130.42,20.96,30.97,0.4,124.08,36.0,28.52,0.66,89.34,0.0,78.43
2025-03-11 14:00:00,66.28,121.77,13.83,80.16,0.23,131.47,36.17,27.09,1.22,334.48,0.0,77.88
2025-03-11 15:00:00,61.29,106.43,25.95,99.75,0.36,124.46,35.6,27.82,0.82,93.06,0.0,62.72
2025-03-11 16:00:00,60.15,108.46,36.33,86.83,0.46,117.6,34.71,27.63,0.76,145.65,0.0,8.12
2025-03-11 17:00:00,63.89,109.2,65.0,99.71,1.04,82.8,33.25,29.65,1.01,110.9,0.0,0.0
2025-03-11 18:00:00,65.22,109.75,107.9,43.89,1.96,32.58,30.33,35.12,0.93,54.28,0.0,0.0
2025-03-11 19:00:00,70.14,126.3,110.28,45.51,2.38,13.04,28.92,36.74,0.92,89.65,0.0,0.0
2025-03-11 20:00:00,80.8,156.25,65.24,27.64,1.98,22.2,27.38,37.65,0.99,214.75,0.0,0.0
2025-03-11 21:00:00,83.12,154.62,47.72,15.52,1.01,17.96,25.03,48.9,1.26,309.5,0.0,0.0
2025-03-11 22:00:00,72.51,145.5,48.26,14.95,1.11,3.92,23.68,57.96,1.46,305.69,0.0,0.0
2025-03-11 23:00:00,69.98,143.87,37.04,14.4,0.94,12.54,22.59,54.38,1.45,305.5,0.0,0.0
2025-03-12 00:00:00,64.72,141.59,39.2,16.78,0.89,16.37,22.19,51.63,1.39,312.12,0.0,0.0
2025-03-12 01:00:00,63.81,145.69,38.02,27.15,0.86,16.48,22.14,50.77,1.37,332.19,0.0,0.0
2025-03-12 02:00:00,67.64,150.71,39.71,25.1,0.83,12.56,21.76,51.69,0.96,302.43,0.0,0.0
2025-03-12 03:00:00,76.6,154.17,35.99,17.75,1.14,10.84,21.1,56.9,1.18,154.22,0.0,0.0
2025-03-12 04:00:00,85.49,165.0,31.26,10.58,1.04,5.04,20.58,61.4,1.38,307.66,0.0,0.0
2025-03-12 05:00:00,96.19,163.74,27.32,6.96,0.84,3.53,19.95,67.0,1.49,303.94,0.0,0.0
2025-03-12 06:00:00,102.25,162.85,21.78,6.12,0.67,9.36,20.1,60.98,1.47,308.64,0.0,0.0
2025-03-12 07:00:00,89.73,142.92,20.03,6.25,0.7,22.92,22.37,53.34,1.38,323.17,0.0,1.78
2025-03-12 08:00:00,86.82,138.17,19.34,14.25,0.77,56.43,26.51,43.54,0.87,132.24,0.0,3.13
2025-03-12 09:00:00,72.77,138.02,29.56,16.64,0.86,81.69,30.4,39.22,1.06,245.56,0.0,65.45
2025-03-12 10:00:00,78.13,142.5,35.22,20.82,0.99,111.14,34.51,34.2,0.68,174.33,0.0,78.25
2025-03-12 11:00:00,82.87,155.6,28.08,29.3,0.79,121.09,35.92,32.1,1.27,162.04,0.0,86.55
2025-03-12 12:00:00,85.39,159.7,16.84,26.03,0.57,108.74,37.6,28.26,1.0,191.83,0.0,91.48
2025-03-12 13:00:00,79.12,142.59,18.765307841329424,22.06,0.46,111.63,38.47,26.18,0.63,207.52,0.0,115.0
2025-03-12 14:00:00,72.75,130.06,6.14,16.53,0.28,109.68,39.35,22.85,0.92,321.61,0.0,92.58
2025-03-12 15:00:00,64.96,103.27,6.84,11.45,0.36,111.72,38.09,22.93,0.7,320.38,0.0,50.87
2025-03-12 16:00:00,45.3,93.57,21.3,16.39,0.52,104.78,37.21,23.87,0.92,223.62,0.0,10.0
2025-03-12 17:00:00,41.67,92.39,23.88,12.01,0.56,96.53,35.25,27.05,0.9,311.78,0.0,0.0
2025-03-12 18:00:00,51.69,95.81,54.74,13.44,1.34,44.31,31.28,33.93,1.22,321.94,0.0,0.0
2025-03-12 19:00:00,60.62,103.18,65.53,12.84,1.85,20.03,28.73,39.07,0.92,245.58,0.0,0.0
2025-03-12 20:00:00,59.52,109.69,74.18,13.94,3.06,6.61,27.89,43.9,0.98,243.94,0.0,0.0
2025-03-12 21:00:00,67.36,142.68,58.18,16.93,1.46,10.68,26.35,46.1,1.19,315.87,0.0,0.0
2025-03-12 22:00:00,72.7,146.75,60.66,17.45,1.74,11.24,26.48,43.88,0.81,267.72,0.0,0.0
2025-03-12 23:00:00,82.77,149.33,69.05,17.07,1.58,6.9,25.88,45.53,1.02,304.88,0.0,0.0
2025-03-13 00:00:00,97.51,157.68,65.14,18.95,1.41,5.46,24.42,48.51,1.18,301.29,0.0,0.0
2025-03-13 01:00:00,93.69,159.83,53.69,22.73,2.15,8.56,23.29,52.26,0.8,246.16,0.0,0.0
2025-03-13 02:00:00,98.65,181.92,39.74,18.97,1.68,13.64,22.43,56.7,0.88,217.13,0.0,0.0
2025-03-13 03:00:00,110.77,181.81,30.68,18.99,1.25,19.28,22.03,55.04,1.31,311.0,0.0,0.0
2025-03-13 04:00:00,104.19,169.34,22.51,17.47,0.79,26.99,21.76,54.56,0.97,301.3,0.0,0.0
2025-03-13 05:00:00,101.97,159.57,26.11,20.2,0.66,20.87,21.04,56.4,0.81,303.38,0.0,0.0
2025-03-13 06:00:00,103.94,148.32,23.53,13.05,0.58,15.98,20.36,63.88,1.0,299.38,0.0,0.0
2025-03-13 07:00:00,80.18,129.78,34.86,9.52,0.74,20.13,22.82,53.06,1.05,310.8,0.0,0.0
2025-03-13 08:00:00,75.92,118.28,28.67,28.1,0.6,51.63,28.06,39.24,1.13,182.38,0.0,2.0
2025-03-13 09:00:00,63.82,124.21,17.53,18.07,0.34,83.5,33.36,26.62,0.87,247.29,0.0,81.82
2025-03-13 10:00:00,61.16,106.86,8.07,15.42,0.24,94.32,35.66,24.37,1.23,98.04,0.0,94.02
2025-03-13 11:00:00,55.02,100.74,8.4,15.52,0.24,103.97,37.43,23.27,1.12,183.7,0.0,100.78
2025-03-13 12:00:00,58.99,100.44,20.83,11.64,0.37,94.31,39.75,21.06,0.52,314.35,0.0,107.25
2025-03-13 13:00:00,60.43,92.91,14.12,5.39,0.21,93.9,40.2,20.31,0.98,214.94,0.0,115.0
2025-03-13 14:00:00,48.21,93.94,17.88,7.88,0.26,92.28,40.53,20.26,0.92,310.4,0.0,110.88
2025-03-13 15:00:00,42.94,86.08,16.85,8.92,0.24,90.0,39.36,20.1,1.0,310.34,0.0,93.78
2025-03-13 16:00:00,40.95,79.01,5.91,9.78,0.18,100.24,37.7,21.94,1.1,327.9,0.0,9.52
2025-03-13 17:00:00,32.73,74.14,15.18,7.04,0.37,87.37,35.73,24.09,0.92,307.49,0.0,0.0
2025-03-13 18:00:00,33.16,76.97,37.3,10.55,0.79,59.22,31.85,28.56,1.25,293.1,0.0,0.0
2025-03-13 19:00:00,40.67,84.7,73.36,14.39,3.71,7.25,30.07,32.73,0.93,250.42,0.0,0.0
2025-03-13 20:00:00,62.82,117.45,78.6,20.41,2.58,10.98,29.41,34.14,0.87,249.39,0.0,0.0
2025-03-13 21:00:00,92.18,159.56,56.9,20.66,1.52,17.26,27.86,36.18,1.32,315.42,0.0,0.0
2025-03-13 22:00:00,112.7,166.0,42.68,16.97,1.29,13.46,25.94,43.69,1.27,321.28,0.0,0.0
2025-03-13 23:00:00,107.59,156.98,34.93,28.48,1.31,12.32,25.18,44.69,1.4,305.9,0.0,0.0
2025-03-14 00:00:00,96.9,161.17,33.59,32.29,1.6,19.11,25.27,38.35,1.28,297.65,0.0,0.0
2025-03-14 01:00:00,109.4,166.89,29.42,28.76,1.92,26.86,24.87,39.05,1.08,241.72,0.0,0.0
2025-03-14 02:00:00,129.68,167.24,32.53,20.01,2.76,15.17,23.95,44.11,0.97,176.48,0.0,0.0
2025-03-14 03:00:00,126.99,173.69,29.24,14.82,2.57,14.02,23.05,49.2,1.31,307.12,0.0,0.0
2025-03-14 04:00:00,110.79,171.88,21.6,12.96,1.68,19.26,22.49,47.44,0.56,163.27,0.0,0.0
2025-03-14 05:00:00,98.81,154.04,23.24,14.32,1.7,20.05,22.35,46.12,0.83,276.01,0.0,0.0
2025-03-14 06:00:00,93.9,154.44,13.39,9.14,1.23,12.42,20.68,58.19,1.18,306.27,0.0,0.0
2025-03-14 07:00:00,90.44,145.61,17.25,13.23,1.3,10.88,22.93,55.68,0.96,244.68,0.0,0.0
2025-03-14 08:00:00,85.39,145.94,28.36,16.38,1.14,40.56,28.38,39.94,0.94,143.68,0.0,3.7
2025-03-14 09:00:00,80.45,128.4,4.7,12.24,0.25,78.97,32.59,25.96,0.6,44.74,0.0,68.08
2025-03-14 10:00:00,61.98,115.25,4.15,10.04,0.08,79.19,34.74,23.82,1.05,209.24,0.0,75.58
2025-03-14 11:00:00,58.35,100.36,5.46,10.46,0.04,82.32,36.39,22.53,0.75,252.27,0.0,86.88
2025-03-14 12:00:00,49.85,87.47,3.32,6.58,0.02,86.4,37.61,21.91,0.99,249.46,0.0,94.2
2025-03-14 13:00:00,40.54,77.51,5.08,5.98,0.05,92.9,38.96,21.1,0.98,158.61,0.0,95.55
2025-03-14 14:00:00,37.87,72.34,2.65,7.17,0.02,102.33,39.22,21.62,0.79,295.8,0.0,99.68
2025-03-14 15:00:00,28.82,63.99,4.54,7.62,0.03,98.96,38.82,22.46,0.94,304.02,0.0,73.65
2025-03-14 16:00:00,33.2,66.47,10.1,8.2,0.11,94.3,37.69,23.41,0.74,294.93,0.0,6.42
2025-03-14 17:00:00,31.56,64.97,31.41,8.91,0.49,66.76,35.5,26.93,0.67,119.72,0.0,0.0
2025-03-14 18:00:00,33.72,70.5,42.13,10.35,0.77,42.42,32.3,31.18,0.54,188.96,0.0,0.0
2025-03-14 19:00:00,44.13,76.01,33.6,13.6,0.66,44.01,30.47,32.64,0.6,158.92,0.0,0.0
2025-03-14 20:00:00,48.74,80.91,68.53,13.37,1.47,10.34,29.0,36.54,0.94,147.79,0.0,0.0
2025-03-14 21:00:00,47.63,91.32,49.96,16.16,1.11,22.29,27.76,38.68,0.87,298.55,0.0,0.0
2025-03-14 22:00:00,51.32,100.15,42.08,16.63,0.83,30.78,27.7,39.16,0.98,195.73,0.0,0.0
2025-03-14 23:00:00,57.31,99.96,41.94,13.46,0.92,17.25,26.09,44.0,1.28,290.2,0.0,0.0
2025-03-15 00:00:00,65.28,115.35,13.7,15.82,0.51,41.34,25.16,42.93,0.98,315.75,0.0,0.0
2025-03-15 01:00:00,59.36,101.81,10.45,13.13,0.56,34.4,24.56,45.99,1.03,240.12,0.0,0.0
2025-03-15 02:00:00,61.58,104.07,8.46,10.49,0.5,27.52,23.48,51.02,1.28,319.37,0.0,0.0
2025-03-15 03:00:00,58.18,100.41,3.87,12.76,0.39,32.64,23.3,46.32,0.88,282.05,0.0,0.0
2025-03-15 04:00:00,52.04,82.8,12.24,12.21,0.46,24.74,23.18,44.41,0.98,274.61,0.0,0.0
2025-03-15 05:00:00,47.54,78.59,10.3,15.73,0.52,25.7,23.24,42.1,0.91,312.48,0.0,0.0
2025-03-15 06:00:00,46.41,81.53,10.92,19.07,0.56,22.2,22.11,47.18,0.9,301.02,0.0,0.0
2025-03-15 07:00:00,47.39,84.63,16.48,17.93,0.64,17.04,22.98,51.02,1.12,319.79,0.0,0.0
2025-03-15 08:00:00,65.47,94.15,22.8,22.38,0.87,46.06,27.79,39.06,0.89,150.06,0.0,21.05
2025-03-15 09:00:00,75.0,116.03,44.47,30.72,1.25,95.51,31.99,31.8,0.45,172.47,0.0,111.93
2025-03-15 10:00:00,74.0,143.93,22.85,31.03,0.71,114.72,34.29,28.01,0.8,190.57,0.0,107.65
2025-03-15 11:00:00,81.16,133.52,27.02,27.64,0.78,122.69,37.04,26.69,0.99,153.75,0.0,100.0
2025-03-15 12:00:00,86.77,131.56,26.15,26.03,0.65,117.79,38.2,26.77,0.89,165.59,0.0,105.48
2025-03-15 13:00:00,80.71,135.03,21.87,17.97,0.55,107.34,38.9,25.29,1.33,182.47,0.0,115.65
2025-03-15 14:00:00,77.11,126.26,18.7,21.21,0.56,114.72,39.03,24.83,1.36,187.34,0.0,113.78
2025-03-15 15:00:00,76.42,116.26,20.22,16.47,0.5,106.02,38.97,24.35,0.93,221.91,0.0,92.75
2025-03-15 16:00:00,67.34,109.54,22.94,13.54,0.55,94.62,38.04,24.35,0.91,196.72,0.0,8.62
2025-03-15 17:00:00,62.47,94.1,28.06,11.21,0.64,77.71,35.98,26.28,0.73,168.01,0.0,0.0
2025-03-15 18:00:00,53.0,99.12,42.06,11.2,1.02,53.73,32.74,32.0,0.94,281.26,0.0,0.0
2025-03-15 19:00:00,56.74,100.48,88.49,12.26,2.7,7.56,30.06,37.99,1.0,232.19,0.0,0.0
2025-03-15 20:00:00,67.44,126.04,88.53,14.51,4.15,18.63,30.13,38.87,0.74,267.9,0.0,0.0
2025-03-15 21:00:00,88.0,158.98,38.72,10.95,0.86,58.03,32.53,31.73,0.42,255.39,0.0,0.0
2025-03-15 22:00:00,78.06,187.06,84.0,9.14,2.03,2.45,30.7,36.62,0.45,119.32,0.0,0.0
2025-03-15 23:00:00,72.45,168.3,62.52,10.46,1.35,15.26,29.14,39.25,1.03,285.46,0.0,0.0
2025-03-16 00:00:00,64.28,156.6,31.86,10.12,0.46,35.08,28.01,41.67,1.06,297.94,0.0,0.0
2025-03-16 01:00:00,64.86,137.3,11.96,12.01,0.35,51.41,27.53,41.1,1.07,302.81,0.0,0.0
2025-03-16 02:00:00,56.34,110.57,2.9,12.38,0.28,56.06,27.06,40.11,1.17,275.3,0.0,0.0
2025-03-16 03:00:00,44.55,95.19,5.07,15.14,0.3,47.94,26.53,41.91,0.96,322.51,0.0,0.0
2025-03-16 04:00:00,49.06,92.78,17.92,11.79,0.38,28.12,25.82,45.78,0.66,193.06,0.0,0.0
2025-03-16 05:00:00,66.87,94.98,21.48,15.18,0.42,27.39,25.01,48.65,1.05,99.76,0.0,0.0
2025-03-16 06:00:00,63.46,98.88,25.73,17.38,0.64,22.15,25.02,49.4,1.06,189.67,0.0,0.0
2025-03-16 07:00:00,63.48,105.44,30.19,21.41,0.75,23.83,26.39,49.79,0.71,233.67,0.0,0.0
2025-03-16 08:00:00,64.65,116.58,15.9,32.92,0.71,48.56,28.92,42.96,0.84,332.05,0.0,33.92
2025-03-16 09:00:00,66.43,122.96,5.42,19.1,0.57,77.33,31.44,34.75,1.52,353.88,0.0,83.75
2025-03-16 10:00:00,70.37,124.76,13.51,18.63,0.59,73.61,34.41,28.35,0.66,280.53,0.0,83.25
2025-03-16 11:00:00,68.92,108.36,11.31,15.92,0.4,100.26,36.47,25.89,0.72,312.12,0.0,98.72
2025-03-16 12:00:00,68.0,101.33,19.73,18.89,0.42,105.55,38.19,24.6,0.78,186.26,0.0,110.95
2025-03-16 13:00:00,52.22,90.16,13.27,12.85,0.34,102.98,38.94,23.92,1.22,218.27,0.0,104.75
2025-03-16 14:00:00,57.01,92.5,7.1,15.03,0.33,108.22,38.55,24.43,1.49,191.85,0.0,98.93
2025-03-16 15:00:00,54.65,93.52,11.48,14.85,0.4,110.18,38.4,25.43,1.12,185.75,0.0,77.45
2025-03-16 16:00:00,60.39,97.43,25.56,13.96,0.52,106.1,37.64,26.7,0.9,192.47,0.0,11.78
2025-03-16 17:00:00,63.66,93.18,24.91,13.77,0.59,98.75,36.27,28.4,0.47,164.04,0.0,0.0
2025-03-16 18:00:00,65.88,97.49,45.93,14.34,1.04,66.27,33.32,32.69,1.1,249.06,0.0,0.0
2025-03-16 19:00:00,68.76,110.64,93.98,15.39,3.02,10.46,30.78,38.81,0.56,257.33,0.0,0.0
2025-03-16 20:00:00,71.66,137.64,32.58,21.66,1.52,23.03,29.83,40.28,1.3,309.99,0.0,0.0
2025-03-16 21:00:00,77.12,141.43,27.67,17.88,1.11,22.76,28.74,45.89,1.43,297.5,0.0,0.0
2025-03-16 22:00:00,78.51,143.9,19.22,20.41,0.48,64.48,29.06,36.79,1.25,313.9,0.0,0.0
2025-03-16 23:00:00,67.92,114.58,18.53,17.37,0.5,56.33,28.07,38.01,1.07,289.84,0.0,0.0
2025-03-17 00:00:00,70.32,110.7,23.99,16.37,0.51,43.34,26.4,42.28,1.06,317.39,0.0,0.0
2025-03-17 01:00:00,69.01,104.06,19.44,13.54,0.46,38.85,24.99,48.15,1.17,304.02,0.0,0.0
2025-03-17 02:00:00,66.96,104.71,17.29,13.5,0.46,33.26,24.4,50.57,1.08,191.16,0.0,0.0
2025-03-17 03:00:00,48.4,90.99,18.66,13.98,0.61,28.33,23.6,50.51,1.03,311.98,0.0,0.0
2025-03-17 04:00:00,50.72,84.16,4.61,15.76,0.73,22.68,23.06,50.66,1.19,307.42,0.0,0.0
2025-03-17 05:00:00,60.12,94.81,9.12,18.05,0.81,21.18,22.42,55.16,1.36,309.54,0.0,0.0
2025-03-17 06:00:00,67.84,109.26,17.63,16.44,0.44,28.64,22.33,51.74,1.34,309.06,0.0,0.0
2025-03-17 07:00:00,62.9,100.32,19.71,17.04,0.5,34.76,24.12,47.22,1.39,305.1,0.0,0.0
2025-03-17 08:00:00,59.43,100.8,7.84,13.9,0.34,59.89,28.28,36.26,1.19,328.8,0.0,18.05
2025-03-17 09:00:00,48.31,100.73,9.19,11.85,0.16,69.94,31.41,29.12,1.46,343.2,0.0,76.68
2025-03-17 10:00:00,47.8,89.58,11.64,10.49,0.14,77.66,33.61,25.85,1.23,257.61,0.0,89.07
2025-03-17 11:00:00,47.67,85.15,19.33,12.2,0.25,79.96,35.18,25.24,0.93,335.89,0.0,93.88
2025-03-17 12:00:00,41.45,80.96,13.6,13.31,0.19,89.33,36.56,24.1,0.78,338.07,0.0,98.58
2025-03-17 13:00:00,39.98,72.53,7.11,13.2,0.19,92.55,37.59,23.26,0.63,212.69,0.0,118.33
2025-03-17 14:00:00,33.89,73.74,13.72,10.84,0.23,90.24,38.01,23.4,0.66,281.21,0.0,110.88
2025-03-17 15:00:00,34.8,67.28,4.9,10.52,0.22,87.63,37.44,23.99,0.94,304.31,0.0,71.65
2025-03-17 16:00:00,33.83,66.61,4.43,9.79,0.2,85.77,36.18,25.22,1.08,324.88,0.0,17.9
2025-03-17 17:00:00,33.81,70.34,12.72,8.34,0.18,79.99,34.52,27.25,1.24,301.4,0.0,0.0
2025-03-17 18:00:00,32.55,68.84,13.41,7.85,0.24,69.18,31.88,29.36,1.03,284.15,0.0,0.0
2025-03-17 19:00:00,29.91,75.52,24.06,9.22,0.48,48.68,29.8,31.76,1.07,292.92,0.0,0.0
2025-03-17 20:00:00,36.81,79.65,14.97,13.65,0.39,58.12,29.65,31.3,1.05,328.5,0.0,0.0
2025-03-17 21:00:00,35.94,73.83,15.16,16.34,0.47,48.94,28.25,33.35,1.17,318.97,0.0,0.0
2025-03-17 22:00:00,39.61,82.4,18.1,25.03,0.43,45.76,26.69,36.17,1.18,311.46,0.0,0.0
2025-03-17 23:00:00,42.34,78.6,18.3,18.25,0.45,42.03,26.0,37.59,1.19,292.69,0.0,0.0
2025-03-18 00:00:00,40.21,80.9,20.23,16.81,0.52,37.61,24.84,40.6,1.01,230.76,0.0,0.0
2025-03-18 01:00:00,46.02,83.46,18.84,13.79,0.48,35.04,24.04,46.96,1.36,304.29,0.0,0.0
2025-03-18 02:00:00,42.29,85.48,18.82,13.58,0.46,30.98,23.34,49.83,1.24,257.91,0.0,0.0
2025-03-18 03:00:00,41.02,78.84,18.39,13.43,0.42,34.97,22.8,49.43,1.23,286.54,0.0,0.0
2025-03-18 04:00:00,38.41,79.94,15.14,12.43,0.4,33.76,21.94,55.43,1.36,293.3,0.0,0.0
2025-03-18 05:00:00,45.91,82.41,16.29,12.7,0.4,35.71,21.74,54.02,1.25,291.42,0.0,0.0
2025-03-18 06:00:00,45.32,84.87,15.92,13.56,0.4,44.38,21.81,51.78,1.33,299.87,0.0,0.0
2025-03-18 07:00:00,41.53,80.41,17.94,14.24,0.47,44.4,23.09,53.41,1.58,316.15,0.0,0.02
2025-03-18 08:00:00,45.97,89.24,16.4,20.0,0.46,70.1,26.7,44.05,1.25,101.68,0.0,11.68
2025-03-18 09:00:00,43.2,90.27,18.09,25.1,0.59,90.33,30.04,38.98,0.76,47.42,0.0,79.05
2025-03-18 10:00:00,50.33,102.33,18.33,16.64,0.5,96.9,32.57,35.58,0.69,85.29,0.0,108.15
2025-03-18 11:00:00,49.14,106.06,24.46,111.0,0.44,99.3,34.41,31.93,0.6,76.91,0.0,136.0
2025-03-18 12:00:00,50.69,119.59,17.9,81.46,0.4,121.47,35.7,28.87,0.7,213.76,0.0,137.18
2025-03-18 13:00:00,49.79,94.46,23.61,74.86,0.48,127.14,36.58,27.1,0.98,178.15,0.0,138.57
2025-03-18 14:00:00,49.38,95.81,23.25,70.64,0.44,142.44,37.47,26.19,1.08,156.99,0.0,139.85
2025-03-18 15:00:00,52.08,94.39,24.31,39.32,0.46,131.14,37.47,25.85,0.86,192.06,0.0,110.3
2025-03-18 16:00:00,52.3,93.69,22.83,31.41,0.42,125.39,36.46,26.66,0.57,235.0,0.0,14.88
2025-03-18 17:00:00,45.47,92.44,57.61,27.67,0.99,85.29,34.93,29.45,0.7,199.44,0.0,0.0
2025-03-18 18:00:00,50.7,97.52,108.44,24.91,2.68,25.34,31.72,35.02,0.79,180.53,0.0,0.0
2025-03-18 19:00:00,56.04,111.92,103.98,21.97,2.88,11.0,29.8,39.48,1.04,294.16,0.0,0.0
2025-03-18 20:00:00,63.32,134.75,95.1,24.77,2.21,20.93,29.22,38.29,0.97,252.69,0.0,0.0
2025-03-18 21:00:00,64.35,140.25,63.96,21.86,1.43,26.75,27.37,42.35,1.18,298.26,0.0,0.0
2025-03-18 22:00:00,70.49,140.18,50.16,47.67,1.08,34.79,27.89,43.54,1.32,256.36,0.0,0.0
2025-03-18 23:00:00,64.88,142.95,21.0,35.62,0.54,65.64,28.32,36.71,0.88,140.8,0.0,0.0
2025-03-19 00:00:00,53.32,123.56,19.25,19.2,0.32,58.88,27.19,38.52,0.64,222.85,0.0,0.0
2025-03-19 01:00:00,49.07,102.53,21.14,20.83,0.36,47.82,25.17,44.18,1.02,232.1,0.0,0.0
2025-03-19 02:00:00,53.9,94.84,22.05,17.38,0.4,33.31,23.87,50.88,0.89,284.33,0.0,0.0
2025-03-19 03:00:00,58.07,92.92,24.01,23.5,0.54,30.26,23.73,48.54,1.07,301.95,0.0,0.0
2025-03-19 04:00:00,48.5,85.95,23.44,34.98,0.67,41.36,23.83,46.27,1.14,244.79,0.0,0.0
2025-03-19 05:00:00,42.66,80.71,19.88,39.98,0.7,35.92,22.57,55.16,1.35,301.39,0.0,0.0
2025-03-19 06:00:00,43.0,92.23,20.61,24.76,0.52,29.39,22.44,55.2,1.29,298.49,0.0,0.0
2025-03-19 07:00:00,59.58,90.01,23.54,33.23,0.65,41.03,24.54,46.55,0.94,176.03,0.0,0.02
2025-03-19 08:00:00,55.24,96.43,26.52,30.17,0.76,53.7,27.22,44.35,0.81,80.1,0.0,45.05
2025-03-19 09:00:00,63.82,111.51,36.66,34.47,0.94,56.74,29.23,45.34,1.16,152.3,0.0,123.17
2025-03-19 10:00:00,71.23,128.54,33.78,36.06,0.85,75.38,31.4,42.28,1.31,159.89,0.0,136.52
2025-03-19 11:00:00,73.76,130.1,26.34,37.83,0.6,91.01,33.94,39.14,1.63,171.08,0.0,160.62
2025-03-19 12:00:00,75.49,128.34,23.76,24.52,0.45,97.67,36.53,31.75,1.36,174.6,0.0,161.35
2025-03-19 13:00:00,65.65,115.89,20.28,18.51,0.38,104.11,37.52,27.91,1.67,167.11,0.0,125.3
2025-03-19 14:00:00,59.06,107.43,20.39,13.98,0.38,106.58,37.86,27.78,1.56,178.26,0.0,113.48
2025-03-19 15:00:00,58.26,100.79,23.71,15.46,0.39,105.09,37.78,28.59,1.52,179.46,0.0,93.08
2025-03-19 16:00:00,60.27,98.86,24.24,13.34,0.42,99.43,37.04,28.22,1.75,169.78,0.0,17.12
2025-03-19 17:00:00,59.92,97.18,36.8,21.92,0.68,83.9,36.09,29.31,1.61,171.63,0.0,0.0
2025-03-19 18:00:00,57.64,99.54,55.58,30.19,1.16,50.51,34.09,32.76,1.48,172.0,0.0,0.0
2025-03-19 19:00:00,53.23,101.1,68.91,29.75,1.46,35.56,32.31,34.26,1.21,188.1,0.0,0.0
2025-03-19 20:00:00,52.98,108.62,40.11,41.35,0.75,61.79,32.93,32.06,1.66,167.22,0.0,0.0
2025-03-19 21:00:00,57.46,102.22,30.82,28.33,0.57,68.46,32.09,36.4,1.76,160.1,0.0,0.0
2025-03-19 22:00:00,56.6,98.97,32.86,63.04,0.44,58.33,31.19,40.81,1.74,166.67,0.0,0.0
2025-03-19 23:00:00,59.78,95.01,23.15,53.66,0.3,55.16,29.98,45.64,1.54,165.68,0.0,0.0
2025-03-20 00:00:00,62.24,92.68,16.99,30.43,0.33,47.28,28.63,49.16,0.82,149.78,0.0,0.0
2025-03-20 01:00:00,51.89,76.81,17.81,33.37,0.35,39.48,27.49,52.04,0.73,207.01,0.0,0.0
2025-03-20 02:00:00,52.8,73.84,19.43,25.78,0.4,31.79,26.48,55.0,0.72,68.82,0.0,0.0
2025-03-20 03:00:00,44.75,72.96,26.07,24.44,0.41,24.91,26.84,54.1,0.91,176.04,0.0,0.0
2025-03-20 04:00:00,40.11,72.96,31.43,30.62,0.42,19.8,26.4,55.29,0.72,73.22,0.0,0.0
2025-03-20 05:00:00,39.76,73.08,23.13,23.42,0.36,27.25,26.73,54.16,1.21,145.1,0.0,0.0
2025-03-20 06:00:00,39.53,73.14,27.72,20.23,0.5,18.87,26.09,55.24,1.03,196.92,0.0,0.0
2025-03-20 07:00:00,35.66,75.72,23.29,25.42,0.46,17.15,27.01,55.14,1.64,164.92,0.0,0.55
2025-03-20 08:00:00,41.5,70.45,20.75,23.98,0.46,21.88,28.96,52.06,1.66,164.84,0.0,42.32
2025-03-20 09:00:00,31.15,69.92,19.04,23.27,0.5,30.0,30.81,47.63,1.66,169.32,0.0,101.07
2025-03-20 10:00:00,32.6,70.28,21.43,23.81,0.48,46.8,33.18,41.0,1.66,173.95,0.0,130.35
2025-03-20 11:00:00,33.67,71.81,19.2,19.02,0.38,58.12,34.49,37.83,1.74,173.48,0.0,148.55
2025-03-20 12:00:00,41.34,73.89,17.91,18.66,0.34,71.91,35.72,35.29,1.38,191.54,0.0,139.88
2025-03-20 13:00:00,37.81,72.74,21.11,15.1,0.37,79.93,36.69,33.96,1.51,173.36,0.0,148.77
2025-03-20 14:00:00,33.45,80.75,19.3,12.35,0.34,82.44,37.43,31.53,1.33,182.85,0.0,146.15
2025-03-20 15:00:00,38.85,80.47,20.65,10.8,0.4,87.88,37.41,29.65,1.54,186.3,0.0,115.95
2025-03-20 16:00:00,46.02,78.22,24.12,10.26,0.44,85.3,36.56,30.71,1.73,163.79,0.0,19.95
2025-03-20 17:00:00,46.23,80.41,29.43,11.02,0.63,77.56,35.86,32.14,1.77,163.32,0.0,0.0
2025-03-20 18:00:00,65.17,101.56,45.3,29.08,1.03,55.05,34.66,32.89,1.73,167.29,0.0,0.0
2025-03-20 19:00:00,63.99,104.74,65.97,22.42,1.43,23.96,33.18,34.69,1.63,168.24,0.0,0.0
2025-03-20 20:00:00,61.96,98.87,53.91,18.82,1.07,30.06,31.54,36.85,1.06,200.3,0.0,0.0
2025-03-20 21:00:00,64.76,105.0,50.06,24.42,0.91,26.8,29.52,41.5,0.78,319.07,0.0,0.0
2025-03-20 22:00:00,60.53,97.37,31.14,23.44,0.46,31.34,29.37,42.91,0.58,192.08,0.0,0.0
2025-03-20 23:00:00,56.5,88.68,24.84,32.98,0.41,31.97,29.23,44.8,1.16,182.27,0.0,0.0
2025-03-21 00:00:00,59.87,84.28,16.65,26.98,0.27,33.16,28.89,48.16,1.03,175.27,0.0,0.0
2025-03-21 01:00:00,53.08,75.69,16.26,25.87,0.28,28.58,27.81,52.02,0.9,220.1,0.0,0.0
2025-03-21 02:00:00,36.17,69.62,23.19,32.38,0.33,19.97,27.39,52.86,1.23,142.14,0.0,0.0
2025-03-21 03:00:00,34.24,62.7,20.62,27.21,0.29,26.5,27.25,53.22,1.06,185.37,0.0,0.0
2025-03-21 04:00:00,31.07,62.43,15.15,27.09,0.28,34.45,26.62,49.97,0.61,132.32,0.0,0.0
2025-03-21 05:00:00,35.47,58.27,15.37,19.54,0.34,41.32,25.56,47.5,0.77,260.01,0.0,0.0
2025-03-21 06:00:00,47.52,66.73,23.18,21.36,0.44,42.75,24.21,54.45,0.99,312.62,0.0,0.0
2025-03-21 07:00:00,44.39,77.32,21.59,27.78,0.47,49.92,25.22,53.22,1.3,327.78,0.0,2.52
2025-03-21 08:00:00,45.45,86.12,28.9,30.62,0.63,51.24,27.9,48.1,0.76,306.26,0.0,52.62
2025-03-21 09:00:00,49.76,93.68,24.43,26.53,0.53,68.07,30.1,41.02,0.9,328.0,0.0,75.78
2025-03-21 10:00:00,49.24,87.6,14.05,18.84,0.3,86.63,32.33,32.19,1.15,341.76,0.0,90.42
2025-03-21 11:00:00,51.82,87.94,11.78,15.93,0.33,95.13,34.37,26.96,0.62,210.97,0.0,110.4
2025-03-21 12:00:00,47.1,87.48,24.78,17.84,0.4,92.36,34.91,24.98,0.74,173.65,0.0,113.55
2025-03-21 13:00:00,47.05,84.6,18.3,15.52,0.39,100.18,36.18,24.16,0.81,244.24,0.0,127.58
2025-03-21 14:00:00,41.44,83.08,13.72,14.09,0.35,109.41,37.4,23.63,0.66,196.38,0.0,125.02
2025-03-21 15:00:00,57.19,80.8,24.49,14.81,0.38,103.32,36.53,24.5,1.04,184.86,0.0,95.38
2025-03-21 16:00:00,53.04,91.5,21.06,15.48,0.34,90.55,35.56,24.48,0.6,266.49,0.0,21.4
2025-03-21 17:00:00,46.72,92.12,15.35,11.9,0.26,88.26,33.5,26.98,1.19,317.74,0.0,0.0
2025-03-21 18:00:00,44.01,98.42,23.11,16.24,0.36,70.35,30.44,30.94,1.21,318.45,0.0,0.0
2025-03-21 19:00:00,49.25,99.89,44.1,16.66,1.02,40.18,27.5,42.18,1.13,275.02,0.0,0.0
2025-03-21 20:00:00,56.6,128.86,69.46,22.18,2.65,8.26,27.17,45.08,1.2,285.4,0.0,0.0
2025-03-21 21:00:00,69.66,173.48,51.32,32.45,1.14,17.45,28.18,34.15,1.08,243.12,0.0,0.0
2025-03-21 22:00:00,71.7,164.94,38.66,45.3,0.67,22.12,28.1,49.39,1.44,170.62,0.0,0.0
2025-03-21 23:00:00,70.42,145.31,26.88,29.69,0.37,31.42,27.04,57.88,1.6,161.24,0.0,0.0
2025-03-22 00:00:00,61.79,114.96,18.61,21.57,0.22,32.98,25.98,62.72,1.26,185.51,0.0,0.0
2025-03-22 01:00:00,59.3,86.56,15.29,16.04,0.24,30.64,25.28,66.16,1.38,166.12,0.0,0.0
2025-03-22 02:00:00,53.98,79.6,13.66,13.33,0.24,27.86,24.53,68.71,0.9,165.4,0.0,0.0
2025-03-22 03:00:00,51.55,64.61,16.74,14.26,0.28,23.16,23.85,70.6,0.5,243.2,0.0,0.0
2025-03-22 04:00:00,52.93,65.75,21.38,16.05,0.38,18.59,23.07,73.26,0.64,262.5,0.0,0.0
2025-03-22 05:00:00,50.68,74.7,20.48,11.93,0.4,15.56,21.84,74.11,1.11,309.75,0.0,0.0
2025-03-22 06:00:00,52.54,76.76,26.75,15.59,0.55,4.03,20.96,73.32,1.1,289.89,0.0,0.0
2025-03-22 07:00:00,52.41,78.6,26.22,24.59,0.63,10.08,23.26,64.82,0.62,220.82,0.0,0.02
2025-03-22 08:00:00,45.12,89.93,35.16,20.12,0.8,28.71,26.04,61.1,0.69,185.74,0.0,57.2
2025-03-22 09:00:00,58.14,102.17,36.33,21.55,0.92,61.24,28.74,52.89,0.74,131.49,0.0,138.9
2025-03-22 10:00:00,63.4,118.27,26.9,30.84,0.73,102.4,31.18,43.08,0.66,187.48,0.0,151.82
2025-03-22 11:00:00,64.94,123.67,29.19,35.32,0.67,121.61,33.28,34.85,1.0,197.84,0.0,127.88
2025-03-22 12:00:00,66.64,127.92,22.41,47.94,0.43,135.59,34.89,27.98,0.98,211.14,0.0,121.88
2025-03-22 13:00:00,61.27,109.51,22.54,47.24,0.43,138.84,35.96,25.47,0.79,127.15,0.0,115.08
2025-03-22 14:00:00,56.46,112.89,20.07,41.46,0.36,138.04,36.54,24.42,0.99,80.34,0.0,111.35
2025-03-22 15:00:00,62.1,108.94,25.42,30.12,0.4,126.92,36.2,24.08,0.73,177.23,0.0,100.82
2025-03-22 16:00:00,63.42,108.03,35.69,21.16,0.43,102.72,35.58,24.57,0.63,184.68,0.0,29.15
2025-03-22 17:00:00,56.21,101.67,53.51,21.47,0.83,81.19,34.06,27.14,0.92,195.67,0.0,0.0
2025-03-22 18:00:00,61.22,109.24,81.46,18.35,1.8,34.39,31.14,31.74,0.92,254.62,0.0,0.0
2025-03-22 19:00:00,61.03,112.48,75.23,16.66,1.56,14.57,28.1,34.39,1.16,238.26,0.0,0.0
2025-03-22 20:00:00,59.1,122.86,47.93,20.53,0.87,16.57,26.12,43.07,0.87,167.37,0.0,0.0
2025-03-22 21:00:00,64.96,123.67,78.17,21.88,2.7,1.0,25.92,41.18,1.06,302.14,0.0,0.0
2025-03-22 22:00:00,72.2,149.82,59.82,17.8,1.2,10.1,26.12,39.17,0.67,234.02,0.0,0.0
2025-03-22 23:00:00,71.45,146.3,22.77,21.75,0.55,33.8,25.37,40.35,1.32,309.58,0.0,0.0
2025-03-23 00:00:00,62.85,130.21,21.24,26.01,0.53,35.27,25.13,43.69,1.17,294.2,0.0,0.0
2025-03-23 01:00:00,63.99,128.79,27.08,28.1,0.64,29.82,24.08,46.64,0.64,229.01,0.0,0.0
2025-03-23 02:00:00,64.48,118.68,30.87,27.31,0.68,22.96,23.95,49.5,0.54,149.14,0.0,0.0
2025-03-23 03:00:00,68.14,117.83,23.53,34.17,0.56,24.9,23.27,53.82,1.31,244.41,0.0,0.0
2025-03-23 04:00:00,69.7,121.42,15.87,30.63,0.58,34.89,23.12,50.36,1.32,315.9,0.0,0.0
2025-03-23 05:00:00,65.99,111.86,14.5,26.43,0.49,33.49,22.22,54.3,0.95,290.23,0.0,0.0
2025-03-23 06:00:00,66.66,113.62,21.78,31.65,0.67,25.16,22.13,56.82,1.23,299.11,0.0,0.0
2025-03-23 07:00:00,63.16,121.56,22.45,38.16,0.75,30.33,23.81,49.92,1.2,337.91,0.0,0.45
2025-03-23 08:00:00,66.9,127.56,26.98,40.1,0.92,52.21,26.8,49.56,0.99,25.2,0.0,46.2
2025-03-23 09:00:00,81.89,137.22,23.14,23.78,0.64,62.92,29.64,52.86,0.83,150.32,0.0,88.32
2025-03-23 10:00:00,74.65,128.2,17.39,18.54,0.42,75.82,31.96,46.86,0.86,193.24,0.0,99.45
2025-03-23 11:00:00,75.27,120.82,12.62,67.92,0.26,102.83,34.3,31.56,1.06,43.58,0.0,103.15
2025-03-23 12:00:00,66.84,110.69,14.08,69.14,0.18,108.8,35.47,26.63,0.92,191.89,0.0,110.9
2025-03-23 13:00:00,58.68,106.15,8.23,33.79,0.14,108.99,36.6,24.74,1.08,182.97,0.0,115.4
2025-03-23 14:00:00,49.72,96.06,9.19,19.12,0.14,107.7,36.86,23.0,0.87,313.48,0.0,123.85
2025-03-23 15:00:00,49.46,84.3,9.83,12.19,0.15,103.17,36.92,21.64,0.99,302.21,0.0,94.62
2025-03-23 16:00:00,44.25,72.26,18.02,10.84,0.2,99.09,35.91,21.8,0.65,305.93,0.0,25.28
2025-03-23 17:00:00,46.41,71.34,26.12,10.5,0.38,84.41,34.2,23.67,0.9,310.25,0.0,0.0
2025-03-23 18:00:00,47.7,69.68,8.13,8.36,0.12,79.88,31.54,23.34,0.91,290.63,0.0,0.0
2025-03-23 19:00:00,35.48,61.59,18.57,9.77,0.34,60.1,30.11,23.85,1.42,312.07,0.0,0.0
2025-03-23 20:00:00,38.81,66.1,22.74,12.41,0.55,51.03,29.84,24.26,1.46,335.72,0.0,0.0
2025-03-23 21:00:00,36.73,66.28,27.59,19.83,0.56,45.26,28.42,26.01,0.68,279.38,0.0,0.0
2025-03-23 22:00:00,37.67,72.9,27.49,16.32,0.48,46.7,27.28,26.88,0.81,271.56,0.0,0.0
2025-03-23 23:00:00,41.25,78.61,31.44,12.02,0.59,37.66,25.89,28.86,0.96,272.16,0.0,0.0
2025-03-24 00:00:00,35.62,77.96,44.37,13.09,0.75,18.54,24.51,32.27,0.8,232.99,0.0,0.0
2025-03-24 01:00:00,36.34,79.72,26.82,13.8,0.6,18.33,22.79,45.55,1.5,303.83,0.0,0.0
2025-03-24 02:00:00,38.65,84.35,18.34,16.44,0.55,23.1,22.15,44.16,1.49,295.74,0.0,0.0
2025-03-24 03:00:00,38.31,80.42,10.42,10.15,0.38,39.07,22.34,37.02,1.46,303.71,0.0,0.0
2025-03-24 04:00:00,35.65,75.14,9.36,12.24,0.38,40.46,21.51,38.73,1.52,302.34,0.0,0.0
2025-03-24 05:00:00,41.68,77.34,8.4,12.08,0.38,42.86,20.84,42.46,1.11,310.5,0.0,0.0
2025-03-24 06:00:00,42.08,75.46,8.97,9.01,0.4,37.79,20.16,51.5,1.52,310.09,0.0,0.0
2025-03-24 07:00:00,48.41,77.23,15.42,17.47,0.53,46.28,23.03,44.4,1.07,176.88,0.0,1.72
2025-03-24 08:00:00,45.22,83.8,18.54,28.45,0.66,70.66,26.98,41.95,0.82,43.16,0.0,39.25
2025-03-24 09:00:00,56.04,110.69,23.55,24.78,0.73,81.19,29.22,43.0,0.87,116.34,0.0,92.48
2025-03-24 10:00:00,62.36,113.14,23.35,23.45,0.72,93.34,31.14,41.72,1.0,133.62,0.0,112.2
2025-03-24 11:00:00,64.4,115.82,15.05,22.54,0.48,109.77,33.56,33.81,0.87,19.14,0.0,108.98
2025-03-24 12:00:00,64.8,118.58,9.86,37.33,0.27,107.14,35.5,23.06,0.85,104.39,0.0,104.48
2025-03-24 13:00:00,53.88,97.38,15.95,99.15,0.29,115.12,36.44,23.89,0.6,172.11,0.0,119.1
2025-03-24 14:00:00,57.82,93.39,13.3,63.37,0.27,125.18,36.45,24.8,0.98,111.56,0.0,108.55
2025-03-24 15:00:00,55.26,86.62,9.77,32.06,0.29,127.55,36.36,24.31,0.62,65.19,0.0,88.52
2025-03-24 16:00:00,47.92,78.12,16.95,34.17,0.42,120.13,35.54,24.51,0.81,211.53,0.0,21.48
2025-03-24 17:00:00,48.3,86.06,22.69,51.51,0.47,101.86,34.04,25.42,1.05,117.82,0.0,0.0
2025-03-24 18:00:00,56.71,85.71,97.35,68.7,1.88,28.93,30.6,31.05,0.87,113.61,0.0,0.0
2025-03-24 19:00:00,71.17,114.09,50.06,26.56,1.48,40.71,30.4,31.64,1.02,94.5,0.0,0.0
2025-03-24 20:00:00,63.48,112.81,8.48,17.32,1.25,43.1,28.56,33.97,1.06,137.57,0.0,0.0
2025-03-24 21:00:00,69.81,119.95,31.33,17.47,1.18,33.34,26.48,38.72,1.3,302.07,0.0,0.0
2025-03-24 22:00:00,66.05,119.14,8.65,28.5,0.94,37.28,24.42,42.3,1.4,300.37,0.0,0.0
2025-03-24 23:00:00,70.1,129.62,4.92,20.8,0.82,32.61,23.47,46.39,1.48,302.26,0.0,0.0
2025-03-25 00:00:00,71.06,148.78,13.36,14.71,0.72,24.23,22.79,51.41,1.45,304.8,0.0,0.0
2025-03-25 01:00:00,69.39,144.88,12.94,12.84,0.52,34.35,22.58,46.8,1.46,295.53,0.0,0.0
2025-03-25 02:00:00,68.51,133.04,6.54,13.94,0.45,45.24,21.74,43.38,1.0,315.79,0.0,0.0
2025-03-25 03:00:00,60.25,112.06,8.34,12.74,0.48,28.41,20.5,47.94,1.25,310.7,0.0,0.0
2025-03-25 04:00:00,62.82,103.55,15.03,11.98,0.5,20.85,19.74,53.16,1.49,315.76,0.0,0.0
2025-03-25 05:00:00,62.68,101.74,8.51,19.81,0.5,40.12,20.04,40.82,1.5,313.34,0.0,0.0
2025-03-25 06:00:00,58.69,97.81,9.85,15.05,0.5,37.79,19.5,49.01,1.45,308.93,0.0,0.0
2025-03-25 07:00:00,63.84,99.12,4.1,18.8,0.63,45.39,22.63,38.7,1.74,336.41,0.0,2.0
2025-03-25 08:00:00,65.55,104.66,8.68,22.4,0.52,74.16,26.35,30.88,1.46,259.16,0.0,33.95
2025-03-25 09:00:00,65.23,115.38,13.16,25.02,0.62,100.79,29.87,27.89,1.01,23.4,0.0,68.55
2025-03-25 10:00:00,68.73,115.26,17.93,35.04,0.73,125.08,32.66,27.44,0.79,80.8,0.0,97.3
2025-03-25 11:00:00,72.9,125.16,10.81,31.82,0.4,134.9,34.6,25.34,0.9,271.33,0.0,104.1
2025-03-25 12:00:00,71.86,123.79,15.32,57.36,0.35,129.9,36.18,22.24,0.82,127.5,0.0,109.28
2025-03-25 13:00:00,68.82,117.13,12.06,153.96,0.26,128.76,36.95,21.4,0.66,265.2,0.0,95.65
2025-03-25 14:00:00,57.15,113.11,17.38,95.24,0.26,145.46,37.14,21.5,0.5,216.38,0.0,86.1
2025-03-25 15:00:00,62.42,111.58,22.98,79.1,0.32,145.93,36.86,21.76,0.64,180.53,0.0,75.48
2025-03-25 16:00:00,57.94,107.56,27.33,63.24,0.39,135.1,35.82,22.42,0.78,203.14,0.0,4.33
2025-03-25 17:00:00,23.9,57.68,60.67,58.38,0.91,90.44,34.11,24.8,0.71,91.11,0.0,0.0
2025-03-25 18:00:00,45.22,107.95,123.71,34.12,2.7,11.1,30.58,29.9,1.14,98.13,0.0,0.0
2025-03-25 19:00:00,54.34,125.3,107.28,23.38,2.18,19.88,29.53,30.96,0.83,149.83,0.0,0.0
2025-03-25 20:00:00,62.76,141.66,83.5,18.38,1.78,27.9,27.92,33.72,1.01,243.41,0.0,0.0
2025-03-25 21:00:00,64.58,138.07,55.44,15.49,1.34,29.85,25.88,40.53,1.31,300.76,0.0,0.0
2025-03-25 22:00:00,71.55,141.7,63.55,13.79,1.5,6.34,24.52,51.72,1.48,305.68,0.0,0.0
2025-03-25 23:00:00,70.61,156.92,50.35,14.32,1.31,16.54,23.33,48.3,1.44,306.64,0.0,0.0
2025-03-26 00:00:00,70.63,149.54,42.52,22.67,1.06,22.33,23.18,48.24,1.51,302.81,0.0,0.0
2025-03-26 01:00:00,73.33,149.79,29.52,26.76,0.85,33.58,22.24,47.99,1.48,296.98,0.0,0.0
2025-03-26 02:00:00,75.09,153.93,22.88,27.3,0.85,43.65,21.44,47.67,1.32,291.92,0.0,0.0
2025-03-26 03:00:00,82.76,155.77,29.12,47.8,1.25,34.87,20.92,51.14,1.15,305.66,0.0,0.0
2025-03-26 04:00:00,95.21,153.04,20.58,41.46,0.76,49.16,20.8,47.5,1.34,291.26,0.0,0.0
2025-03-26 05:00:00,91.62,148.9,23.88,33.29,0.76,40.58,20.51,48.27,0.95,270.37,0.0,0.0
2025-03-26 06:00:00,91.64,142.43,30.58,26.52,0.95,23.73,20.5,48.0,0.74,266.67,0.0,0.0
2025-03-26 07:00:00,94.94,143.86,28.07,27.4,0.96,30.67,23.04,48.5,0.9,279.33,0.0,0.88
2025-03-26 08:00:00,103.42,166.08,53.84,38.69,1.38,62.11,27.51,36.3,1.15,181.23,0.0,31.52
2025-03-26 09:00:00,103.24,176.36,49.67,38.04,1.1,101.33,30.98,30.15,1.14,157.02,0.0,74.82
2025-03-26 10:00:00,98.01,170.23,28.81,34.45,0.96,126.08,33.92,26.64,1.32,156.47,0.0,104.78
2025-03-26 11:00:00,98.87,157.56,21.12,36.97,0.66,141.3,36.16,24.0,0.56,152.64,0.0,123.48
2025-03-26 12:00:00,92.68,148.25,20.1,25.0,0.41,131.8,37.6,21.31,0.46,133.0,0.0,133.2
2025-03-26 13:00:00,78.59,132.08,11.18,26.63,0.26,138.55,38.54,20.01,1.02,256.8,0.0,122.68
2025-03-26 14:00:00,68.5,108.78,18.35,44.25,0.26,137.24,38.39,19.33,0.99,114.96,0.0,115.1
2025-03-26 15:00:00,64.16,93.04,21.2,97.38,0.21,145.47,38.26,19.63,0.73,62.15,0.0,98.45
2025-03-26 16:00:00,62.97,91.67,28.56,89.71,0.34,141.17,37.42,20.35,0.64,104.81,0.0,18.3
2025-03-26 17:00:00,53.48,93.39,102.0,74.94,1.57,65.41,35.39,23.7,0.86,175.0,0.0,0.0
2025-03-26 18:00:00,56.78,106.91,128.8,71.1,2.63,24.57,31.5,28.46,1.23,263.14,0.0,0.0
2025-03-26 19:00:00,60.07,127.79,128.47,62.64,3.69,8.39,29.48,31.42,1.0,207.5,0.0,0.0
2025-03-26 20:00:00,73.74,159.56,104.42,49.67,2.42,19.6,28.81,31.13,1.01,169.86,0.0,0.0
2025-03-26 21:00:00,84.7,173.51,82.2,28.03,1.72,21.53,27.46,33.48,1.18,232.61,0.0,0.0
2025-03-26 22:00:00,75.27,171.98,61.93,24.58,1.16,11.63,25.04,46.31,1.44,309.12,0.0,0.0
2025-03-26 23:00:00,80.65,174.3,55.18,20.56,1.17,10.73,24.72,47.24,1.31,316.45,0.0,0.0
2025-03-27 00:00:00,77.96,171.8,39.3,35.73,0.91,33.37,24.36,40.45,1.09,303.55,0.0,0.0
2025-03-27 01:00:00,78.22,163.73,24.28,38.64,0.73,47.06,23.73,39.62,1.15,289.72,0.0,0.0
2025-03-27 02:00:00,86.2,160.45,33.62,43.55,0.81,37.3,23.88,39.64,1.02,275.76,0.0,0.0
2025-03-27 03:00:00,87.71,163.02,41.9,51.12,1.14,33.0,22.95,43.99,1.24,286.58,0.0,0.0
2025-03-27 04:00:00,97.43,170.77,32.45,39.47,0.97,26.9,22.44,50.5,0.88,195.16,0.0,0.0
2025-03-27 05:00:00,96.57,169.67,24.25,30.92,0.68,34.58,22.74,45.7,0.85,324.11,0.0,0.0
2025-03-27 06:00:00,88.41,158.1,18.56,31.99,0.61,46.84,22.89,41.22,1.5,330.53,0.0,0.0
2025-03-27 07:00:00,86.6,154.81,22.77,40.08,0.86,43.34,24.34,41.16,1.38,340.24,0.0,1.48
2025-03-27 08:00:00,85.01,154.5,17.17,31.36,0.66,70.5,28.79,32.88,1.23,184.22,0.0,29.72
2025-03-27 09:00:00,83.59,153.04,38.84,30.85,0.97,90.11,33.28,29.37,0.56,185.74,0.0,105.42
2025-03-27 10:00:00,83.84,148.39,29.06,21.74,0.62,103.27,36.11,27.69,1.04,166.2,0.0,137.57
2025-03-27 11:00:00,78.46,147.22,22.9,18.03,0.5,105.56,38.02,26.04,1.08,192.32,0.0,129.4
2025-03-27 12:00:00,70.92,130.72,19.08,17.87,0.35,110.59,39.53,24.32,0.74,177.96,0.0,120.2
2025-03-27 13:00:00,60.2,114.16,15.74,19.74,0.27,127.4,40.23,20.77,0.74,242.76,0.0,118.78
2025-03-27 14:00:00,55.19,108.06,15.25,18.92,0.27,127.51,40.63,19.66,0.85,208.58,0.0,118.95
2025-03-27 15:00:00,50.25,96.81,10.37,18.57,0.19,131.87,39.79,19.95,1.15,346.88,0.0,83.15
2025-03-27 16:00:00,49.87,93.62,15.11,17.09,0.26,125.98,38.77,20.28,0.81,257.11,0.0,17.9
2025-03-27 17:00:00,47.21,91.33,100.77,16.98,1.64,42.0,36.52,23.36,0.79,195.49,0.0,0.0
2025-03-27 18:00:00,48.5,101.7,103.36,20.84,2.03,26.78,32.8,26.96,1.28,288.15,0.0,0.0
2025-03-27 19:00:00,54.28,124.24,95.27,33.04,2.52,11.16,30.32,32.9,0.87,308.57,0.0,0.0
2025-03-27 20:00:00,61.82,148.73,73.36,32.63,1.5,36.13,29.62,30.88,1.02,317.61,0.0,0.0
2025-03-27 21:00:00,66.04,164.54,31.8,16.72,0.67,66.44,30.15,28.33,1.04,327.55,0.0,0.0
2025-03-27 22:00:00,66.31,134.17,17.64,20.71,0.57,84.44,30.29,29.49,0.91,328.62,0.0,0.0
2025-03-27 23:00:00,64.53,120.85,24.32,30.81,0.67,69.34,27.91,36.04,1.21,303.29,0.0,0.0
2025-03-28 00:00:00,69.35,129.59,21.5,25.12,0.62,66.84,26.27,38.91,1.34,317.2,0.0,0.0
2025-03-28 01:00:00,67.61,133.18,26.36,19.39,0.59,52.76,25.6,40.07,1.43,310.9,0.0,0.0
2025-03-28 02:00:00,66.51,132.3,19.0,18.73,0.5,61.87,25.14,36.04,1.12,317.59,0.0,0.0
2025-03-28 03:00:00,68.57,120.63,28.77,17.32,0.49,42.54,24.65,41.1,1.34,320.76,0.0,0.0
2025-03-28 04:00:00,69.1,117.65,19.56,18.54,0.42,61.52,24.74,39.09,1.14,295.9,0.0,0.0
2025-03-28 05:00:00,56.3,108.93,4.16,20.84,0.38,68.05,24.15,40.16,1.23,316.56,0.0,0.0
2025-03-28 06:00:00,57.62,103.25,5.28,33.15,0.42,61.08,23.99,43.24,0.96,316.71,0.0,0.0
2025-03-28 07:00:00,59.53,98.3,10.51,24.24,0.48,62.15,26.37,42.34,1.11,247.03,0.0,3.68
2025-03-28 08:00:00,61.73,103.8,7.05,22.32,0.46,79.45,30.32,36.26,1.44,169.43,0.0,40.88
2025-03-28 09:00:00,59.42,113.24,8.29,17.77,0.38,86.4,33.06,32.93,1.6,95.76,0.0,85.57
2025-03-28 10:00:00,60.18,112.68,7.73,16.51,0.33,93.79,35.41,30.22,1.66,268.55,0.0,89.98
2025-03-28 11:00:00,62.11,113.1,31.44,136.49,0.31,86.7,37.68,27.12,1.28,180.77,0.0,93.3
2025-03-28 12:00:00,64.0,117.48,22.21,121.46,0.27,108.13,39.48,24.71,1.15,119.91,0.0,100.1
2025-03-28 13:00:00,59.47,119.34,23.62,122.36,0.22,111.16,40.17,22.52,1.24,269.0,0.0,106.88
2025-03-28 14:00:00,57.81,113.52,15.13,53.9,0.23,128.55,40.43,21.74,0.69,199.61,0.0,114.3
2025-03-28 15:00:00,57.23,107.88,22.4,76.52,0.29,115.74,39.76,22.7,0.65,124.32,0.0,73.32
2025-03-28 16:00:00,49.5,101.22,9.16,29.97,0.3,116.68,38.85,23.96,0.64,102.09,0.0,28.8
2025-03-28 17:00:00,42.78,90.62,16.13,13.79,0.38,105.24,37.26,25.4,0.97,325.77,0.0,0.0
2025-03-28 18:00:00,43.2,87.08,18.62,16.08,0.53,84.01,34.7,28.31,0.87,255.2,0.0,0.0
2025-03-28 19:00:00,47.42,93.4,62.47,60.44,1.34,38.72,32.8,31.6,1.25,298.55,0.0,0.0
2025-03-28 20:00:00,48.16,108.7,48.66,30.33,1.16,42.54,31.31,33.98,1.26,299.6,0.0,0.0
2025-03-28 21:00:00,53.34,115.67,23.4,17.42,0.7,57.82,30.91,33.59,1.1,324.14,0.0,0.0
2025-03-28 22:00:00,57.45,121.26,17.67,19.81,0.52,62.13,31.04,32.24,1.13,336.62,0.0,0.0
2025-03-28 23:00:00,49.52,120.5,15.01,16.55,0.52,58.39,29.45,35.49,1.07,309.69,0.0,0.0
2025-03-29 00:00:00,50.04,119.3,12.74,15.7,0.46,60.18,29.1,34.59,1.42,260.19,0.0,0.0
2025-03-29 01:00:00,49.57,109.14,9.12,14.13,0.4,63.64,28.95,33.04,1.52,344.2,0.0,0.0
2025-03-29 02:00:00,51.05,107.29,8.44,13.76,0.37,59.41,27.8,34.18,1.5,335.65,0.0,0.0
2025-03-29 03:00:00,48.1,104.66,7.9,12.94,0.35,58.2,27.04,34.66,1.58,327.67,0.0,0.0
2025-03-29 04:00:00,42.79,106.18,10.91,14.66,0.39,52.51,25.85,36.26,0.99,312.94,0.0,0.0
2025-03-29 05:00:00,43.48,105.8,15.39,14.79,0.42,45.46,24.72,38.21,0.76,264.06,0.0,0.0
2025-03-29 06:00:00,45.14,109.91,12.55,14.33,0.48,43.85,24.17,39.61,1.39,305.68,0.0,0.0
2025-03-29 07:00:00,45.48,114.43,13.32,16.16,0.54,49.3,26.03,37.43,1.33,324.85,0.0,3.05
2025-03-29 08:00:00,48.62,124.04,19.63,50.79,0.47,62.7,28.84,33.94,1.1,121.26,0.0,53.6
2025-03-29 09:00:00,54.5,134.55,11.69,27.61,0.46,89.0,31.24,30.08,1.02,108.6,0.0,105.85
2025-03-29 10:00:00,61.4,145.83,16.43,19.86,0.53,106.05,33.11,28.66,1.06,197.91,0.0,106.02
2025-03-29 11:00:00,65.19,160.08,10.56,15.28,0.36,111.22,35.19,26.04,1.19,97.33,0.0,101.85
2025-03-29 12:00:00,60.58,157.41,12.11,14.08,0.37,122.75,37.37,23.92,0.68,117.37,0.0,111.55
2025-03-29 13:00:00,55.6,145.15,13.61,13.24,0.33,125.65,38.63,22.86,0.86,273.41,0.0,118.72
2025-03-29 14:00:00,56.96,137.89,20.28,78.74,0.33,113.2,38.97,22.96,1.07,328.89,0.0,116.08
2025-03-29 15:00:00,56.66,131.36,25.35,120.01,0.28,112.57,38.53,23.53,1.08,183.38,0.0,97.12
2025-03-29 16:00:00,52.52,128.21,11.17,35.96,0.29,122.84,38.05,24.1,0.81,52.13,0.0,16.4
2025-03-29 17:00:00,48.39,120.76,33.64,59.46,0.64,93.91,36.47,26.21,0.94,173.04,0.0,0.0
2025-03-29 18:00:00,48.77,126.93,113.04,51.06,2.19,19.65,33.03,31.3,1.18,268.17,0.0,0.0
2025-03-29 19:00:00,57.67,142.82,91.06,39.1,1.96,14.82,30.98,37.16,0.93,300.91,0.0,0.0
2025-03-29 20:00:00,57.19,153.43,54.46,24.32,1.37,49.14,31.32,31.66,0.94,302.43,0.0,0.0
2025-03-29 21:00:00,66.02,160.65,31.12,52.46,1.09,67.31,30.74,29.14,1.17,327.35,0.0,0.0
2025-03-29 22:00:00,65.52,151.6,23.19,41.1,0.81,75.76,29.94,28.28,1.3,326.6,0.0,0.0
2025-03-29 23:00:00,69.32,143.14,22.86,42.31,0.84,68.5,28.52,29.98,1.25,320.81,0.0,0.0
2025-03-30 00:00:00,73.36,142.91,20.76,30.91,0.59,67.41,27.7,31.14,0.97,290.35,0.0,0.0
2025-03-30 01:00:00,60.1,138.51,14.91,14.94,0.43,67.75,26.12,36.84,1.23,291.17,0.0,0.0
2025-03-30 02:00:00,59.4,130.24,12.25,13.75,0.36,69.6,25.16,37.24,1.34,287.29,0.0,0.0
2025-03-30 03:00:00,53.53,117.38,12.34,20.09,0.49,63.49,24.07,39.86,1.38,291.68,0.0,0.0
2025-03-30 04:00:00,55.27,117.63,14.33,21.2,0.53,56.67,23.93,35.68,1.56,305.57,0.0,0.0
2025-03-30 05:00:00,56.5,117.29,13.96,20.72,0.52,52.75,23.24,38.12,1.28,300.43,0.0,0.0
2025-03-30 06:00:00,63.59,122.76,20.43,19.7,0.58,38.3,22.33,47.03,1.22,232.21,0.0,0.0
2025-03-30 07:00:00,63.46,129.69,20.8,22.7,0.67,42.73,24.85,42.26,1.18,245.7,0.0,1.7
2025-03-30 08:00:00,60.65,129.39,21.91,28.53,0.63,77.07,29.2,24.16,0.8,132.5,0.0,38.48
2025-03-30 09:00:00,64.05,124.9,11.76,15.87,0.41,100.3,32.02,20.26,0.84,40.36,0.0,70.4
2025-03-30 10:00:00,61.96,123.52,10.04,19.42,0.31,107.67,34.67,19.15,0.92,25.99,0.0,78.92
2025-03-30 11:00:00,56.6,119.54,11.21,58.36,0.28,116.89,37.32,18.44,0.73,76.04,0.0,91.1
2025-03-30 12:00:00,52.58,125.64,23.01,114.94,0.36,125.6,38.45,19.44,0.62,78.28,0.0,96.38
2025-03-30 13:00:00,52.38,127.28,12.97,36.77,0.42,142.29,39.37,19.77,0.74,107.28,0.0,109.05
2025-03-30 14:00:00,52.32,118.14,12.66,67.33,0.32,144.87,39.57,19.86,0.8,192.12,0.0,108.07
2025-03-30 15:00:00,52.38,106.17,12.92,88.85,0.24,140.29,38.96,20.5,0.97,181.65,0.0,99.02
2025-03-30 16:00:00,48.75,101.51,21.07,132.66,0.22,121.86,38.38,21.2,0.63,39.57,0.0,19.68
2025-03-30 17:00:00,56.82,114.34,77.89,56.12032466667265,0.89,67.6,36.6,24.07,0.56,137.82,0.0,0.0
2025-03-30 18:00:00,61.67,140.23,134.3,118.56,2.54,12.24,32.8,29.17,1.26,242.53,0.0,0.0
2025-03-30 19:00:00,63.18,150.54,80.6,47.17,1.61,35.4,31.89,28.63,0.99,77.97,0.0,0.0
2025-03-30 20:00:00,74.28,160.99,64.22,48.24,1.41,43.27,30.95,27.13,0.95,152.9,0.0,0.0
2025-03-30 21:00:00,44.81786545845669,84.47180783555406,19.486392245612098,17.04841682164542,0.5983319546048915,33.34192758719134,,,,,,
2025-03-30 22:00:00,44.81786545845669,84.47180783555406,19.486392245612098,17.04841682164542,0.5983319546048915,33.34192758719134,,,,,,
2025-03-30 23:00:00,77.68,163.36,31.44,6.1,0.66,44.06,27.93,27.78,1.08,235.76,0.0,0.0
2025-03-31 00:00:00,76.56,160.82,13.66,1.0,0.41,54.16,26.33,35.3,1.4,304.1,0.0,0.0
2025-03-31 01:00:00,69.96,142.18,7.89,20.307488741418485,0.34,53.22,25.78,31.26,1.42,289.5,0.0,0.0
2025-03-31 02:00:00,60.7,117.04,7.93,0.75,0.33,52.25,25.06,30.27,1.04,264.9,0.0,0.0
2025-03-31 03:00:00,53.09,104.66,7.15,16.17771154512078,0.36,44.74,23.66,38.11,0.94,289.92,0.0,0.0
2025-03-31 04:00:00,53.53,97.87,6.78,14.384996966074596,0.36,38.66,22.7,42.77,1.27,233.89,0.0,0.0
2025-03-31 05:00:00,53.84,95.84,0.08,0.69,0.39,26.91,22.18,47.74,1.38,308.26,0.0,0.0
2025-03-31 06:00:00,53.05,97.01,4.2,0.44,0.43,28.43,22.6,43.71,1.22,276.77,0.0,0.0
2025-03-31 07:00:00,53.04,100.15,19.64,4.27,0.6,29.06,24.64,41.1,1.35,319.98,0.0,2.47
2025-03-31 08:00:00,60.8,110.24,22.43,20.33,0.76,58.07,27.84,28.92,1.41,98.44,0.0,63.0
2025-03-31 09:00:00,65.9,143.45,10.85,27.09,0.73,82.05,30.71,24.44,0.98,19.82,0.0,90.5
2025-03-31 10:00:00,72.28,188.71,26.1,15.86,0.83,102.79,33.34,24.75,0.84,85.06,0.0,104.28
2025-03-31 11:00:00,83.66,181.2,21.97,35.28,0.71,127.49,35.5,25.97,0.67,58.5,0.0,117.9
2025-03-31 12:00:00,91.48,182.76,21.64,37.68,0.8,135.84,36.95,28.2,0.67,78.81,0.0,130.75
2025-03-31 13:00:00,95.24,187.82,17.12,27.99,0.64,143.38,38.01,28.79,0.67,131.67,0.0,147.55
2025-03-31 14:00:00,101.55,193.01,17.94,49.38,0.6,156.84,38.45,29.17,0.51,29.91,0.0,152.4
2025-03-31 15:00:00,102.38,186.49,14.14,49.83,0.59,159.96,37.88,29.86,1.0,116.04,0.0,108.28
2025-03-31 16:00:00,106.7,164.84,7.22,94.34,0.59,143.62,36.7,31.24,0.82,40.9,0.0,0.0
2025-03-31 17:00:00,112.4,158.24,21.82,105.71,0.78,120.41,35.6,32.61,0.77,91.4,0.0,0.0
2025-03-31 18:00:00,118.69,169.18,60.39,51.51,1.4,72.54,34.05,34.74,1.2,117.15,0.0,0.0
2025-03-31 19:00:00,132.05,182.03,68.16,36.55,1.71,49.86,33.34,36.81,1.03,87.87,0.0,0.0
2025-03-31 20:00:00,131.56,194.64,61.43,28.74,1.72,38.94,31.99,39.46,0.94,102.28,0.0,0.0
2025-03-31 21:00:00,131.45,203.58,58.0,31.78,1.71,44.35,30.98,40.49,1.0,60.16,0.0,0.0
2025-03-31 22:00:00,132.32,204.46,43.43,37.48,1.58,52.86,29.94,39.54,0.99,331.42,0.0,0.0
2025-03-31 23:00:00,126.44,201.49,36.26,33.9,1.4,50.6,28.63,37.28,0.9,266.57,0.0,0.0
2025-04-01 00:00:00,126.71,196.88,39.56,24.99,1.03,38.7,27.53,37.33,1.29,287.64,0.0,0.0
2025-04-01 01:00:00,112.12,178.12,22.95,24.69,1.02,37.96,26.13,44.38,1.46,306.9,0.0,0.0
2025-04-01 02:00:00,110.12,167.29,14.21,24.38,0.71,47.61,25.94,38.74,1.22,304.64,0.0,0.0
2025-04-01 03:00:00,92.9,147.84,7.64,17.3,0.6,48.65,26.06,36.41,1.23,284.89,0.0,0.0
2025-04-01 04:00:00,82.1,136.94,9.94,13.72,0.46,49.15,26.12,35.37,1.35,318.44,0.0,0.0
2025-04-01 05:00:00,78.58,125.63,14.93,12.24,0.47,50.72,26.5,31.5,1.04,289.66,0.0,0.0
2025-04-01 06:00:00,72.18,113.18,16.76,11.01,0.46,45.26,26.31,33.47,1.41,313.31,0.0,0.0
2025-04-01 07:00:00,65.9,108.38,33.7,14.88,0.9,27.68,27.06,34.65,0.88,287.22,0.0,1.18
2025-04-01 08:00:00,63.54,118.02,19.85,30.54,0.91,41.42,28.61,32.1,0.83,192.1,0.0,4.22
2025-04-01 09:00:00,65.02,137.4,39.3,25.21,1.26,49.26,30.4,27.89,1.01,129.31,0.0,80.35
2025-04-01 10:00:00,70.53,136.45,38.02,23.37,1.15,62.44,31.07,28.94,0.78,109.78,0.0,62.7
2025-04-01 11:00:00,68.28,119.18,27.61,26.92,1.1,70.79,30.35,34.64,1.34,277.72,0.0,1.78
2025-04-01 12:00:00,75.18,132.14,38.01,23.43,1.2,67.96,30.22,35.53,1.46,347.17,0.0,0.32
2025-04-01 13:00:00,82.37,155.18,40.03,29.05,1.38,64.56,30.63,38.56,1.47,257.45,0.0,42.82
2025-04-01 14:00:00,90.98,177.66,30.02,41.87,1.27,78.36,32.02,40.89,1.63,346.49,0.0,96.88
2025-04-01 15:00:00,103.3,191.88,24.02,58.4,1.09,78.86,32.03,41.74,1.42,352.5,0.0,38.2
2025-04-01 16:00:00,98.14,184.67,27.48,58.44,1.0,61.58,30.92,43.12,1.48,246.72,0.0,1.88
2025-04-01 17:00:00,93.58,169.84,26.59,47.26,0.98,56.38,30.14,44.72,1.33,249.19,0.0,0.0
2025-04-01 18:00:00,94.42,165.66,25.76,36.46,1.1,47.27,29.37,45.47,1.16,316.49,0.0,0.0
2025-04-01 19:00:00,93.67,157.79,30.6,28.69,1.26,34.53,28.73,46.85,1.02,94.94,0.0,0.0
2025-04-01 20:00:00,95.1,150.38,42.82,38.93,1.54,25.03,28.98,47.8,1.27,330.62,0.0,0.0
2025-04-01 21:00:00,98.47,157.5,35.23,61.27,1.31,34.55,29.08,47.32,1.06,96.1,0.0,0.0
2025-04-01 22:00:00,99.43,156.67,28.96,55.03,1.19,36.0,27.96,50.6,1.06,235.8,0.0,0.0
2025-04-01 23:00:00,97.36,156.53,39.41,43.94,1.24,21.35,27.04,53.18,0.73,219.04,0.0,0.0
2025-04-02 00:00:00,94.53,157.8,23.06,36.16,0.85,28.61,26.22,54.34,1.53,309.96,0.0,0.0
2025-04-02 01:00:00,91.61,206.28,20.44,44.01,0.77,36.43,24.59,63.78,1.61,212.29,0.07,0.0
2025-04-02 02:00:00,128.65,346.09,11.96,9.69,0.57,32.33,20.14,90.5,1.26,304.92,0.3,0.0
2025-04-02 03:00:00,149.75,167.59,10.34,7.46,0.4,22.65,20.3,93.89,1.07,318.35,0.05,0.0
2025-04-02 04:00:00,38.171814655334785,71.00277516723642,8.33,7.15,0.38,35.24,20.88,87.08,1.36,306.81,0.05,0.0
2025-04-02 05:00:00,62.76,87.24,3.97,6.6,0.33,47.57,21.09,82.25,1.49,307.58,0.0,0.0
2025-04-02 06:00:00,62.3,85.83,9.5,6.43,0.32,58.34,21.82,76.6,1.47,342.93,0.0,0.0
2025-04-02 07:00:00,46.07,48.48,9.18,6.45,0.34,60.11,22.67,73.05,1.42,339.05,0.0,6.95
2025-04-02 08:00:00,42.93,52.86,12.52,5.82,0.36,63.02,24.25,68.18,1.52,181.0,0.0,50.0
2025-04-02 09:00:00,33.95,67.26,20.49,8.1,0.42,64.3,25.88,63.62,1.36,262.77,0.0,56.88
2025-04-02 10:00:00,30.06,72.57,21.52,9.44,0.48,69.67,27.95,56.96,1.32,177.71,0.0,63.7
2025-04-02 11:00:00,30.57,84.75,44.49,39.07,0.66,63.25,29.89,51.78,1.02,40.41,0.0,67.25
2025-04-02 12:00:00,37.67,106.28,42.43,27.87,0.75,82.65,31.93,45.56,0.82,77.33,0.0,73.05
2025-04-02 13:00:00,46.48,102.21,29.86,16.71,0.54,100.6,34.12,36.79,0.93,72.04,0.0,95.88
2025-04-02 14:00:00,48.46,67.93,32.31,11.94,0.57,88.44,32.95,36.61,0.73,89.21,0.0,31.95
2025-04-02 15:00:00,48.82,76.22,28.43,10.74,0.53,84.55,32.06,38.44,1.2,186.76,0.0,37.42
2025-04-02 16:00:00,45.92,69.37,32.6,29.26,0.6,70.51,29.57,45.15,1.16,331.37,0.0,0.0
2025-04-02 17:00:00,49.72,92.64,39.54,18.23,0.56,46.23,25.2,66.53,1.15,242.01,0.05,0.0
2025-04-02 18:00:00,56.66,120.8,67.82,25.28,1.46,24.86,26.41,59.14,1.22,104.61,0.0,0.0
2025-04-02 19:00:00,64.68,135.38,80.2,27.07,1.39,5.6,26.4,61.89,0.97,316.33,0.0,0.0
2025-04-02 20:00:00,78.9,164.58,84.29,25.05,2.24,4.24,26.25,59.89,0.96,114.95,0.0,0.0
2025-04-02 21:00:00,82.87,157.7,68.19,22.19,1.71,11.75,26.56,57.0,1.04,155.14,0.0,0.0
2025-04-02 22:00:00,88.64,157.27,65.76,18.88,1.55,6.26,25.25,63.04,1.28,318.39,0.0,0.0
2025-04-02 23:00:00,90.29,131.54,58.29,14.74,1.34,4.27,24.7,68.26,0.76,203.26,0.0,0.0
2025-04-03 00:00:00,85.71,123.86,44.45,23.51,0.97,26.89,25.92,55.39,1.1,117.04,0.0,0.0
2025-04-03 01:00:00,76.32,109.43,36.4,25.62,0.81,31.9,26.02,53.52,0.7,262.51,0.0,0.0
2025-04-03 02:00:00,70.69,100.35,40.41,17.65,0.92,17.02,24.4,64.49,0.85,166.7,0.0,0.0
2025-04-03 03:00:00,72.04,92.79,38.4,16.02,0.7,12.91,24.06,67.57,0.92,209.89,0.0,0.0
2025-04-03 04:00:00,65.9,85.95,34.76,11.51,0.6,11.59,23.52,71.87,1.2,317.38,0.0,0.0
2025-04-03 05:00:00,56.16,83.26,35.29,14.55,0.57,26.39,24.91,59.73,1.0,112.72,0.0,0.0
2025-04-03 06:00:00,52.81,75.61,41.88,14.74,0.64,46.45,25.95,51.89,1.22,222.26,0.07,0.0
2025-04-03 07:00:00,58.17,80.09,32.72,8.02,0.62,24.768159769913115,21.01,84.1,0.9,176.96,0.15,0.0
2025-04-03 08:00:00,63.09,81.44,48.06,6.76,1.16,6.08,21.28,88.21,0.72,227.74,0.0,0.0
2025-04-03 09:00:00,60.4,85.91,40.27,6.45,0.96,15.33,22.29,82.52,1.01,178.93,0.0,6.8
2025-04-03 10:00:00,57.72,87.84,39.28,10.03,0.94,42.54,24.14,68.44,1.26,157.78,0.05,20.12
2025-04-03 11:00:00,59.6,83.08,58.25,7.96,1.24,23.31,23.25,75.08,0.74,120.14,0.05,23.32
2025-04-03 12:00:00,67.12,94.92,34.85,12.28,0.64,42.28,23.58,73.75,1.09,347.64,0.35,20.75
2025-04-03 13:00:00,55.41,91.23,49.3,5.18,0.72,11.22,19.9,96.33,0.81,215.43,3.47,0.0
2025-04-03 14:00:00,50.61,82.8,31.46,4.62,0.57,10.07,20.65,97.22,1.11,326.17,0.0,19.52
2025-04-03 15:00:00,47.9,63.16,29.66,5.37,0.61,23.19,22.63,90.05,0.96,276.23,0.05,59.2
2025-04-03 16:00:00,43.12,64.25,32.91,6.99,0.62,46.86,24.6,71.2,0.9,116.63,0.0,41.45
2025-04-03 17:00:00,39.93,68.07,52.59,8.17,1.07,41.74,24.84,68.14,0.4,124.15,0.0,2.95
2025-04-03 18:00:00,50.58,92.6,70.97,9.18,1.59,12.8,23.32,75.76,0.7,228.98,0.0,0.0
2025-04-03 19:00:00,58.7,108.66,65.01,8.28,1.8,5.19,22.61,81.14,1.0,270.68,0.0,0.0
2025-04-03 20:00:00,62.94,117.94,68.5,9.35,1.82,5.86,23.26,75.16,0.91,94.7,0.0,0.0
2025-04-03 21:00:00,67.65,135.21,46.64,8.92,0.82,10.94,22.9,78.03,0.99,210.56,0.0,0.0
2025-04-03 22:00:00,62.22,127.49,47.68,8.59,1.09,5.14,21.93,83.49,0.74,273.07,0.0,0.0
2025-04-03 23:00:00,59.65,120.99,47.69,7.51,1.04,1.06,21.28,88.42,1.11,292.72,0.0,0.0
2025-04-04 00:00:00,64.23,120.34,47.27,7.34,1.26,0.56,21.3,87.82,0.8,222.82,0.0,0.0
2025-04-04 01:00:00,60.47,122.43,43.25,6.98,1.11,0.48,21.54,89.21,1.06,225.55,0.0,0.0
2025-04-04 02:00:00,57.91,119.04,42.61,6.9,1.01,0.46,21.26,90.16,1.11,247.26,0.0,0.0
2025-04-04 03:00:00,55.55,115.94,42.32,8.05,0.94,1.26,21.02,90.69,0.77,183.94,0.0,0.0
2025-04-04 04:00:00,56.3,113.86,38.15,7.27,0.8,1.64,21.08,89.96,0.86,270.39,0.0,0.0
2025-04-04 05:00:00,57.75,97.78,36.61,6.76,0.9,0.52,21.08,92.08,1.18,304.6,0.0,0.0
2025-04-04 06:00:00,59.15,96.26,31.5,5.98,0.71,0.5,20.74,95.02,1.23,311.01,0.0,0.0
2025-04-04 07:00:00,57.46,93.0,37.16,6.29,0.9,7.62,22.76,83.29,1.22,170.51,0.0,18.92
2025-04-04 08:00:00,56.61,98.0,42.24,10.9,0.81,27.22,25.6,68.18,0.67,147.04,0.0,82.7
2025-04-04 09:00:00,58.92,110.43781788612495,39.38,21.13,0.6,35.54,27.18,63.3,0.64,289.21,0.0,116.8
2025-04-04 10:00:00,44.81786545845669,84.47180783555406,19.486392245612098,17.04841682164542,0.5983319546048915,33.34192758719134,,,,,,
2025-04-04 11:00:00,56.74,90.21,34.53,8.08,0.52,64.0,33.27,48.43,0.26,346.11,0.0,140.5
2025-04-04 12:00:00,55.28,86.93,22.33,5.33,0.37,67.39,34.09,46.76,0.84,336.43,0.0,122.18
2025-04-04 13:00:00,52.18,84.9,24.83,13.74,0.4,83.69,35.24,42.26,0.76,301.68,0.0,86.78
2025-04-04 14:00:00,58.22,94.48,29.1,16.7,0.42,96.6,36.28,38.18,0.75,118.02,0.0,64.88
2025-04-04 15:00:00,53.72,79.4,31.69,17.04,0.44,102.22,36.12,36.25,0.71,114.64,0.0,77.3
2025-04-04 16:00:00,50.91,84.4,51.97,18.85,0.79,89.22,35.58,35.75,1.28,161.8,0.0,35.97
2025-04-04 17:00:00,55.76,95.63,60.98,16.38,1.05,68.4,33.74,40.46,1.0,102.97,0.0,0.0
2025-04-04 18:00:00,64.92,119.26,55.86,9.41,1.05,40.89,30.33,49.54,1.3,301.0,0.0,0.0
2025-04-04 19:00:00,58.48,117.31,96.68,12.32,2.19,13.3,29.29,52.41,1.11,304.62,0.0,0.0
2025-04-04 20:00:00,72.54,140.33,82.63,14.82,1.75,23.22,28.79,47.7,0.99,288.42,0.0,0.0
2025-04-04 21:00:00,70.38,143.4,87.9,11.14,2.0,14.93,27.7,49.29,0.85,132.26,0.0,0.0
2025-04-04 22:00:00,80.8,155.32,89.4,11.53,2.06,4.31,26.21,55.76,0.71,204.19,0.0,0.0
2025-04-04 23:00:00,87.43,159.51,61.3,13.05,0.98,9.47,24.83,62.38,1.14,283.02,0.0,0.0
2025-04-05 00:00:00,86.36,154.3,65.75,15.64,1.25,4.17,24.29,63.42,1.0,278.82,0.0,0.0
2025-04-05 01:00:00,92.54,155.9,56.57,12.67,0.8,5.03,23.21,69.2,1.38,308.67,0.0,0.0
2025-04-05 02:00:00,82.64,151.04,51.01,19.22,0.66,9.92,23.01,66.33,0.61,212.18,0.0,0.0
2025-04-05 03:00:00,77.39,149.91,43.48,17.18,0.52,13.8,22.47,69.12,0.43,174.83,0.0,0.0
2025-04-05 04:00:00,82.45,144.26,40.06,12.68,0.46,13.62,22.01,72.89,0.84,247.04,0.0,0.0
2025-04-05 05:00:00,77.26,127.74,46.6,11.41,0.56,5.73,21.96,72.38,0.99,180.33,0.0,0.0
2025-04-05 06:00:00,75.58,119.39,48.1,11.56,0.8,5.11,22.04,72.07,1.16,313.19,0.0,0.0
2025-04-05 07:00:00,73.81,121.62,43.84,12.29,0.64,20.58,24.37,64.23,1.26,335.14,0.0,4.0
2025-04-05 08:00:00,73.96,120.66,40.34,25.36,0.56,52.32,27.8,50.64,0.81,121.28,0.0,62.4
2025-04-05 09:00:00,72.03,112.29,36.41,28.01,0.52,79.57,31.6,45.18,0.84,315.47,0.0,116.02
2025-04-05 10:00:00,70.58,116.3,38.58,23.92,0.62,90.99,34.54,40.92,0.68,255.51,0.0,133.78
2025-04-05 11:00:00,74.63,111.64,31.06,27.61,0.41,107.53,36.34,36.8,1.05,205.34,0.0,131.48
2025-04-05 12:00:00,72.55,109.92,30.5,24.07,0.3,103.05,38.09,28.95,0.83,217.85,0.0,119.85
2025-04-05 13:00:00,61.84,102.21,31.67,17.18,0.34,104.53,38.75,25.9,1.21,183.78,0.0,119.2
2025-04-05 14:00:00,61.14,95.44,35.08,17.36,0.37,101.52,38.67,27.75,0.62,236.35,0.0,109.6
2025-04-05 15:00:00,63.49,99.44,33.51,17.24,0.33,105.2,38.41,26.54,1.1,204.05,0.0,94.55
2025-04-05 16:00:00,64.64,99.94,42.4,17.29,0.5,99.03,37.67,27.22,1.28,185.63,0.0,43.25
2025-04-05 17:00:00,67.5,108.91,49.82,15.26,0.65,84.97,36.07,29.3,1.14,172.85,0.0,0.0
2025-04-05 18:00:00,65.26,116.12,78.97,16.42,1.17,50.47,32.98,33.38,1.05,282.14,0.0,0.0
2025-04-05 19:00:00,70.75,127.74,79.8,17.9,2.08,30.48,30.01,39.78,1.24,284.83,0.0,0.0
2025-04-05 20:00:00,80.27,141.14,91.0,18.56,2.32,8.81,28.64,46.52,1.16,270.79,0.0,0.0
2025-04-05 21:00:00,95.78,164.9,87.29,19.68,1.37,9.18,27.24,47.24,1.28,296.51,0.0,0.0
2025-04-05 22:00:00,97.83,168.18,92.75,20.13,1.54,3.77,25.8,50.98,1.09,283.9,0.0,0.0
2025-04-05 23:00:00,100.93,181.08,79.36,16.51,1.53,2.82,24.85,57.2,1.02,290.68,0.0,0.0
2025-04-06 00:00:00,110.09,196.96,58.82,18.73,1.01,12.4,24.1,54.98,1.19,299.96,0.0,0.0
2025-04-06 01:00:00,108.62,185.66,55.62,17.29,0.84,18.06,24.65,48.09,0.69,247.56,0.0,0.0
2025-04-06 02:00:00,100.83,166.98,42.64,14.37,0.56,23.18,23.92,52.25,1.01,300.86,0.0,0.0
2025-04-06 03:00:00,94.01,162.44,39.94,29.98,0.49,18.66,22.94,53.09,1.32,320.36,0.0,0.0
2025-04-06 04:00:00,88.2,141.78,40.16,33.7,0.41,12.98,22.22,56.56,1.46,313.82,0.0,0.0
2025-04-06 05:00:00,78.35,130.12,36.13,28.75,0.27,20.36,22.36,47.84,1.38,308.4,0.0,0.0
2025-04-06 06:00:00,65.14,118.78,33.78,16.28,0.3,19.36,22.36,52.51,1.4,318.75,0.0,0.0
2025-04-06 07:00:00,63.81,109.83,36.47,16.1,0.34,27.64,26.23,43.8,1.19,279.9,0.0,0.45
2025-04-06 08:00:00,55.9,99.95,42.43,19.87,0.59,66.18,30.24,34.74,0.64,56.65,0.0,44.25
2025-04-06 09:00:00,63.49,104.31,30.18,25.8,0.32,89.03,33.16,27.32,0.74,55.65,0.0,106.38
2025-04-06 10:00:00,60.11,110.62,38.63,27.82,0.44,101.13,36.0,23.96,0.98,150.43,0.0,105.3
2025-04-06 11:00:00,60.9,111.21,37.42,54.08,0.31,119.29,38.18,21.53,0.91,145.92,0.0,110.0
2025-04-06 12:00:00,59.32,108.8,32.51,47.54,0.2,126.76,39.68,20.4,0.84,167.57,0.0,116.65
2025-04-06 13:00:00,52.43,100.82,34.8,33.36,0.2,117.56,40.51,19.71,0.72,249.79,0.0,114.65
2025-04-06 14:00:00,54.14,94.74,25.52,11.3,0.04,100.15,41.01,19.48,0.95,324.53,0.0,110.82
2025-04-06 15:00:00,45.44,89.3,25.0,10.2,0.17,90.37,40.56,19.04,1.14,327.4,0.0,102.5
2025-04-06 16:00:00,39.78,80.29,18.18,9.56,0.16,90.57,39.53,19.72,1.01,255.56,0.0,55.95
2025-04-06 17:00:00,32.8,72.6,26.84,9.3,0.27,78.22,37.55,21.24,0.83,323.05,0.0,0.0
2025-04-06 18:00:00,28.61,71.48,63.13,12.8,1.12,29.68,33.27,28.06,0.76,294.72,0.0,0.0
2025-04-06 19:00:00,41.88,84.19,78.54,16.63,1.61,15.35,30.98,33.23,0.93,304.46,0.0,0.0
2025-04-06 20:00:00,59.3,111.89,74.62,16.26,1.71,10.9,28.9,40.14,1.28,303.85,0.0,0.0
2025-04-06 21:00:00,70.22,128.88,72.41,15.82,1.62,8.09,27.97,42.78,1.14,309.3,0.0,0.0
2025-04-06 22:00:00,85.19,155.86,77.35,17.49,2.1,2.68,26.76,47.03,1.25,300.13,0.0,0.0
2025-04-06 23:00:00,104.7,176.18,66.83,26.47,1.43,4.15,25.6,46.07,1.36,307.72,0.0,0.0
2025-04-07 00:00:00,95.51,172.46,63.03,36.89,1.34,5.73,24.98,49.28,1.17,237.95,0.0,0.0
2025-04-07 01:00:00,101.78,198.4,66.3,37.5,1.5,4.04,24.39,50.97,1.19,283.07,0.0,0.0
2025-04-07 02:00:00,116.65,215.3,58.39,34.49,1.21,10.04,24.72,47.74,1.19,289.93,0.0,0.0
2025-04-07 03:00:00,113.16,206.76,46.24,32.28,1.12,10.24,24.09,52.92,1.28,334.68,0.0,0.0
2025-04-07 04:00:00,110.2,180.21,34.15,28.7,0.8,22.62,24.24,44.54,1.24,327.0,0.0,0.0
2025-04-07 05:00:00,97.11,152.99,30.79,21.62,0.71,20.15,22.53,55.29,1.04,300.81,0.0,0.0
2025-04-07 06:00:00,92.46,138.36,43.3,22.71,1.06,9.99,22.96,55.65,0.52,260.93,0.0,0.0
2025-04-07 07:00:00,93.06,157.35,51.34,35.24,1.24,20.11,25.6,49.49,0.45,232.45,0.0,1.68
2025-04-07 08:00:00,86.51,169.69,48.04,47.04,1.18,70.62,29.84,36.19,1.05,145.77,0.0,39.78
2025-04-07 09:00:00,89.59,184.66,56.81,39.16,1.35,102.33,32.9,32.42,1.39,176.85,0.0,76.12
2025-04-07 10:00:00,88.63,181.84,48.21,35.21,1.02,126.75,36.01,28.25,0.9,176.51,0.0,127.55
2025-04-07 11:00:00,90.01,172.85,36.56,36.83,0.81,139.73,39.14,24.32,0.82,216.38,0.0,145.85
2025-04-07 12:00:00,71.68372022679146,137.31608656423347,35.24,27.01,0.7442713568142637,118.67,41.12,20.02,1.37,189.66,0.0,156.43
2025-04-07 13:00:00,8.68,80.04,30.52,42.98,0.21,59.81000853797421,41.62,19.42,0.9,119.37,0.0,143.48
2025-04-07 14:00:00,11.8,119.75,33.38,44.937276915021414,0.47,111.28,41.87,19.05,0.8,104.38,0.0,132.33
2025-04-07 15:00:00,15.18,117.69,35.14,47.68573988447088,0.5,122.6,41.3,19.41,0.83,116.66,0.0,107.2
2025-04-07 16:00:00,28.6,113.61,45.52,32.29,0.72,109.56,40.3,20.4,0.7,143.45,0.0,44.78
2025-04-07 17:00:00,35.96,114.92,35.1117309451394,35.53,0.9,93.6,37.95,23.96,1.04,77.49,0.0,0.0
2025-04-07 18:00:00,46.04,121.73,40.025111060729,15.32,1.28,59.26,36.0,25.3,0.97,111.27,0.0,0.0
2025-04-07 19:00:00,57.67,127.45,70.52,10.33,2.22,26.04,33.41,28.66,1.1,157.46,0.0,0.0
2025-04-07 20:00:00,74.96,145.97,75.03,10.97,2.55,4.76,30.4,37.95,1.15,231.26,0.0,0.0
2025-04-07 21:00:00,83.54,157.25,71.41,9.7,1.99,2.19,28.71,45.69,1.47,310.88,0.0,0.0
2025-04-07 22:00:00,81.32,154.92,61.57,12.57,1.66,8.12,27.76,41.17,1.26,311.02,0.0,0.0
2025-04-07 23:00:00,79.82,150.7,58.06,12.68,1.73,2.7,26.95,50.28,1.38,310.25,0.0,0.0
2025-04-08 00:00:00,87.88,154.71,60.26,17.89,1.28,3.12,27.67,45.62,1.12,264.72,0.0,0.0
2025-04-08 01:00:00,84.7,162.27,55.04,16.26,1.17,11.04,28.18,41.51,0.88,142.56,0.0,0.0
2025-04-08 02:00:00,84.92,172.49,64.63,11.73,1.52,3.13,26.87,46.34,0.72,259.1,0.0,0.0
2025-04-08 03:00:00,87.38,166.8,58.76,9.17,1.59,0.59,25.65,55.18,0.93,268.06,0.0,0.0
2025-04-08 04:00:00,89.57,160.4,51.68,9.02,1.33,0.56,24.64,59.41,0.84,178.33,0.0,0.0
2025-04-08 05:00:00,91.27,157.25,48.52,12.77,1.62,1.15,25.31,55.03,0.57,184.54,0.0,0.0
2025-04-08 06:00:00,88.34,164.61,43.02,22.36,1.39,7.96,25.85,49.64,0.71,189.88,0.0,0.0
2025-04-08 07:00:00,94.4,169.85,38.67,19.3,0.87,20.4,27.84,47.72,1.57,158.41,0.0,2.92
2025-04-08 08:00:00,91.69,165.65,26.88,20.47,0.59,40.64,30.35,44.06,1.59,155.29,0.0,44.62
2025-04-08 09:00:00,79.59,149.97,23.72,45.44,0.44,55.83,32.77,38.75,1.77,164.94,0.0,71.6
2025-04-08 10:00:00,63.82,131.48,24.22,31.07,0.45,63.52,34.17,39.0,1.52,174.72,0.0,68.18
2025-04-08 11:00:00,59.86,119.53,21.48,26.02,0.43,83.4,35.83,37.02,1.32,172.64,0.0,40.3
2025-04-08 12:00:00,58.61,106.04,21.39,45.71,0.4,106.22,37.22,33.91,1.18,181.06,0.0,62.15
2025-04-08 13:00:00,59.7,104.62,17.93,31.57,0.39,115.51,38.61,30.98,0.89,174.96,0.0,48.1
2025-04-08 14:00:00,57.5,105.91,15.62,20.18,0.32,122.44,39.64,28.82,0.56,79.49,0.0,76.0
2025-04-08 15:00:00,50.82,103.02,18.8,16.48,0.36,124.28,39.7,28.39,0.51,137.85,0.0,65.97
2025-04-08 16:00:00,55.34,103.82,30.5,10.77,0.52,109.63,38.93,29.03,0.67,159.09,0.0,46.58
2025-04-08 17:00:00,57.56,103.22,49.96,8.27,0.89,81.53,36.96,30.9,0.76,251.5,0.0,0.0
2025-04-08 18:00:00,54.18,106.68,60.02,6.74,1.51,39.91,33.6,37.9,0.96,294.97,0.0,0.0
2025-04-08 19:00:00,67.61,122.23,110.54,10.73,3.27,3.37,32.46,41.72,0.79,133.99,0.0,0.0
2025-04-08 20:00:00,77.73,141.58,70.55,10.22,1.57,20.11,32.53,42.75,0.68,189.86,0.0,0.0
2025-04-08 21:00:00,83.7,146.92,61.64,9.28,1.35,18.11,30.98,46.76,0.98,103.33,0.0,0.0
2025-04-08 22:00:00,85.85,149.24,54.66,8.85,1.13,18.31,30.02,49.13,1.04,320.5,0.0,0.0
2025-04-08 23:00:00,81.26,151.0,47.14,7.95,0.82,22.31,29.34,49.87,0.92,289.62,0.0,0.0
2025-04-09 00:00:00,70.83,139.21,24.08,9.12,0.4,39.26,29.72,48.78,0.66,242.8,0.0,0.0
2025-04-09 01:00:00,67.37,119.87,20.66,12.82,0.41,37.17,29.16,50.95,0.44,216.11,0.0,0.0
2025-04-09 02:00:00,69.69,101.61,18.99,14.71,0.44,33.91,28.31,53.52,0.76,225.93,0.0,0.0
2025-04-09 03:00:00,62.97,91.3,18.32,17.2,0.47,33.77,28.68,53.49,1.55,162.79,0.0,0.0
2025-04-09 04:00:00,55.76,84.05,15.18,22.15,0.34,36.49,28.06,53.2,1.57,170.5,0.0,0.0
2025-04-09 05:00:00,42.0,77.88,13.89,25.57,0.29,36.58,26.89,54.26,0.8,147.82,0.0,0.0
2025-04-09 06:00:00,37.88,72.5,25.36,37.57,0.38,32.78,27.19,53.5,1.07,170.78,0.0,0.0
2025-04-09 07:00:00,33.66,76.81,24.01,28.1,0.45,35.97,28.32,53.7,1.61,177.81,0.0,13.6
2025-04-09 08:00:00,35.28,87.13,17.74,13.13,0.42,43.72,29.96,53.57,1.57,180.89,0.0,55.75
2025-04-09 09:00:00,39.06,89.65,18.32,11.52,0.5,54.12,32.33,48.67,1.35,174.64,0.0,83.52
2025-04-09 10:00:00,43.29,87.54,19.6,9.65,0.52,64.9,34.29,44.3,1.27,178.26,0.0,55.28
2025-04-09 11:00:00,44.98,82.21,19.26,8.47,0.42,76.03,36.13,40.57,0.84,235.12,0.0,61.65
2025-04-09 12:00:00,41.19,84.9,17.53,7.73,0.41,85.89,37.77,37.61,0.64,212.9,0.0,110.78
2025-04-09 13:00:00,32.86,84.28,15.39,7.82,0.36,94.34,38.82,35.11,0.66,247.04,0.0,132.22
2025-04-09 14:00:00,31.19,86.06,15.39,10.41,0.4,98.23,39.59,32.21,0.76,191.08,0.0,121.93
2025-04-09 15:00:00,36.47,82.35,18.37,10.54,0.42,95.68,39.81,30.17,0.71,167.36,0.0,111.15
2025-04-09 16:00:00,43.14,102.53,11.74,17.88,0.24,81.17,29.15,55.09,2.13,257.24,2.1,1.38
2025-04-09 17:00:00,48.64,134.07,21.54,7.73,0.54,45.88,23.29,73.3,1.0,176.3,0.2,0.0
2025-04-09 18:00:00,41.31,109.23,26.94,5.7,0.56,53.75,29.08,45.68,2.42,155.08,0.05,0.0
2025-04-09 19:00:00,36.16,108.88,17.03,2.69,0.36,72.67,30.79,37.25,2.3,169.75,0.0,0.0
2025-04-09 20:00:00,49.16,117.37,29.71,0.74,0.64,42.75,30.02,39.5,1.48,203.83,0.0,0.0
2025-04-09 21:00:00,57.54,123.1,22.97,4.87,0.42,41.5,29.57,40.76,0.91,164.6,0.0,0.0
2025-04-09 22:00:00,50.02,100.32,29.21,3.42,0.57,28.97,28.96,41.66,1.01,182.39,0.0,0.0
2025-04-09 23:00:00,52.78,99.23,25.32,1.79,0.42,31.02,28.01,44.64,1.02,201.86,0.0,0.0
2025-04-10 00:00:00,45.51,89.63,17.57,0.56,0.37,36.74,27.51,45.54,1.08,111.99,0.0,0.0
2025-04-10 01:00:00,38.98,81.25,5.17,0.03,0.26,46.08,27.55,43.82,1.04,84.42,0.0,0.0
2025-04-10 02:00:00,35.81,67.05,7.21,0.02,0.31,36.47,26.04,48.4,0.79,96.56,0.0,0.0
2025-04-10 03:00:00,32.49,60.37,6.64,1.28,0.31,29.42,24.97,54.82,1.02,239.58,0.0,0.0
2025-04-10 04:00:00,26.82,56.83,11.18,1.8,0.37,16.36,23.46,64.38,1.34,308.82,0.0,0.0
2025-04-10 05:00:00,22.62,58.58,7.72,4.66,0.46,17.92,22.9,63.7,1.01,241.75,0.0,0.0
2025-04-10 06:00:00,19.66,60.82,9.26,4.57,0.5,15.42,22.38,66.41,1.09,303.01,0.0,0.0
2025-04-10 07:00:00,25.5,60.04,11.76,12.15,0.51,23.37,24.72,59.78,0.96,254.1,0.0,5.48
2025-04-10 08:00:00,29.47,64.55,11.24,13.55,0.48,44.24,28.13,49.31,0.97,203.17,0.0,62.2
2025-04-10 09:00:00,27.02,68.91,21.55,16.9,0.62,65.86,30.88,41.46,0.76,176.29,0.0,105.32
2025-04-10 10:00:00,30.15,76.76,24.09,25.2,0.6,77.74,33.28,37.92,1.17,196.52,0.0,100.95
2025-04-10 11:00:00,34.51,81.18,22.26,20.16,0.5,83.24,35.96,34.19,0.9,202.62,0.0,78.15
2025-04-10 12:00:00,33.22,75.44,21.18,17.35,0.46,93.05,38.58,29.86,0.73,247.46,0.0,101.98
2025-04-10 13:00:00,38.62,69.42,18.36,4.59,0.4,91.35,40.52,24.68,0.91,302.85,0.0,111.87
2025-04-10 14:00:00,40.2,70.63,20.94,8.14,0.42,90.58,40.95,24.2,0.74,306.87,0.0,91.4
2025-04-10 15:00:00,36.53,81.29,13.77,7.99,0.32,98.05,40.51,23.2,0.89,328.18,0.0,95.85
2025-04-10 16:00:00,37.23,85.68,29.14,3.83,0.56,74.72,39.41,23.31,0.71,278.74,0.0,42.15
2025-04-10 17:00:00,38.21,81.88,25.7,5.97,0.46,75.64,36.28,27.08,1.3,240.19,0.0,0.0
2025-04-10 18:00:00,36.2,84.81,19.88,8.52,0.42,72.06,34.38,28.33,1.04,123.72,0.0,0.0
2025-04-10 19:00:00,30.49,84.03,56.04,13.26,1.45,27.46,32.8,32.53,1.25,226.29,0.0,0.0
2025-04-10 20:00:00,37.26,103.33,57.08,10.22,1.24,25.79,31.98,33.76,1.36,167.18,0.0,0.0
2025-04-10 21:00:00,50.52,127.85,41.19,9.67,0.84,41.23,31.09,35.69,1.4,149.12,0.0,0.0
2025-04-10 22:00:00,68.37,130.65,33.8,6.39,0.67,41.04,30.34,37.32,1.12,180.55,0.0,0.0
2025-04-10 23:00:00,74.62,121.93,26.12,6.13,0.46,42.04,27.88,41.9,1.16,311.36,0.0,0.0
2025-04-11 00:00:00,65.05,100.67,23.39,7.8,0.36,30.36,26.27,51.85,1.29,302.65,0.0,0.0
2025-04-11 01:00:00,56.31,87.81,21.62,15.87,0.38,47.34,27.74,42.57,0.89,269.83,0.0,0.0
2025-04-11 02:00:00,46.76,76.14,19.64,13.75,0.33,46.34,26.54,45.86,0.62,226.49,0.0,0.0
2025-04-11 03:00:00,42.58,76.05,24.08,20.71,0.53,32.56,26.94,45.98,0.89,74.83,0.0,0.0
2025-04-11 04:00:00,45.17,72.26,30.27,25.58,0.78,17.02,25.03,52.48,0.84,276.35,0.0,0.0
2025-04-11 05:00:00,45.82,85.99,27.62,17.24,0.75,12.72,23.4,62.72,1.17,303.58,0.0,0.0
2025-04-11 06:00:00,49.51,100.57,29.18,12.16,0.86,5.56,23.22,67.13,1.3,309.8,0.0,0.0
2025-04-11 07:00:00,54.58,102.02,37.89,13.97,1.16,11.68,25.79,60.46,0.96,278.42,0.0,0.78
2025-04-11 08:00:00,54.38,111.32,30.84,17.7,0.75,46.99,29.69,43.6,1.34,175.29,0.0,40.5
2025-04-11 09:00:00,52.6,110.82,23.05,20.31,0.58,70.17,31.95,38.19,1.07,192.87,0.0,54.88
2025-04-11 10:00:00,52.24,101.04,22.02,46.03,0.51,94.09,34.48,33.72,0.71,227.41,0.0,60.28
2025-04-11 11:00:00,56.84,94.63,25.19,34.32,0.6,109.8,36.96,29.8,0.7,229.29,0.0,68.72
2025-04-11 12:00:00,52.91,98.72,8.71,14.6,0.3,110.82,38.61,24.5,1.14,255.72,0.0,122.0
2025-04-11 13:00:00,43.84,95.82,20.11,11.08,0.42,106.1,39.78,22.85,0.57,310.8,0.0,86.18
2025-04-11 14:00:00,42.45,94.87,17.0,8.01,0.34,106.93,40.16,21.57,0.84,174.13,0.0,82.48
2025-04-11 15:00:00,43.58,91.8,16.18,4.82,0.3,99.95,40.02,20.94,0.76,264.45,0.0,59.9
2025-04-11 16:00:00,45.07,84.04,15.63,5.06,0.28,84.64,38.49,22.83,1.02,322.34,0.0,23.2
2025-04-11 17:00:00,38.24,78.45,21.58,6.68,0.48,72.69,36.33,24.74,1.02,311.52,0.0,0.0
2025-04-11 18:00:00,37.71,89.22,84.64,11.32,3.3,6.15,33.62,30.57,1.2,295.36,0.0,0.0
2025-04-11 19:00:00,52.75,110.8,74.36,13.35,2.23,2.28,31.74,36.12,1.32,301.13,0.0,0.0
2025-04-11 20:00:00,66.71,131.82,62.98,18.23,1.91,11.65,31.74,34.54,1.22,275.46,0.0,0.0
2025-04-11 21:00:00,64.92,140.93,16.55,11.21,0.3,69.48,35.22,23.57,0.83,239.95,0.0,0.0
2025-04-11 22:00:00,55.02,128.93,29.67,10.12,0.52,58.44,33.79,25.79,0.9,305.11,0.0,0.0
2025-04-11 23:00:00,45.63,107.13,37.82,10.79,0.63,40.06,29.58,32.63,1.0,283.11,0.0,0.0
2025-04-12 00:00:00,47.19,93.82,63.51,14.69,1.04,4.69,28.14,38.69,0.82,234.32,0.0,0.0
2025-04-12 01:00:00,54.35,102.65,45.72,14.56,0.75,7.55,27.28,46.77,1.28,294.34,0.0,0.0
2025-04-12 02:00:00,55.59,107.99,48.37,26.41,0.9,11.65,28.4,38.33,0.65,172.2,0.0,0.0
2025-04-12 03:00:00,45.07,99.08,16.11,12.95,0.31,52.55,30.68,28.86,0.82,189.56,0.0,0.0
2025-04-12 04:00:00,48.42,91.29,24.28,15.15,0.44,38.2,29.6,32.32,0.64,198.12,0.0,0.0
2025-04-12 05:00:00,52.8,93.47,26.25,25.14,0.4,32.54,28.54,35.54,0.58,302.51,0.0,0.0
2025-04-12 06:00:00,42.65,89.38,10.68,23.27,0.19,50.9,29.05,38.06,1.28,306.49,0.0,0.0
2025-04-12 07:00:00,36.62,88.13,8.65,16.54,0.22,55.76,29.85,39.01,1.21,314.97,0.0,6.52
2025-04-12 08:00:00,30.49,89.95,6.88,16.24,0.2,64.05,31.86,37.86,1.44,324.62,0.0,48.42
2025-04-12 09:00:00,27.6,82.83,7.15,14.12,0.2,67.28,33.3,37.76,1.3,333.7,0.0,55.08
2025-04-12 10:00:00,31.44,76.17,7.54,13.35,0.23,67.68,34.86,35.77,1.16,333.4,0.0,84.2
2025-04-12 11:00:00,33.98,76.82,9.5,12.4,0.21,69.22,36.52,31.9,0.94,243.86,0.0,131.82
2025-04-12 12:00:00,34.62,70.01,10.59,11.29,0.22,72.2,37.81,27.99,0.84,333.07,0.0,116.48
2025-04-12 13:00:00,32.98,77.74,12.86,3.84,0.24,65.92,39.02,24.8,0.66,321.02,0.0,87.3
2025-04-12 14:00:00,30.78,77.62,11.0,6.26,0.22,63.77,39.38,23.52,0.68,280.94,0.0,78.4
2025-04-12 15:00:00,24.97,67.82,10.52,6.48,0.23,65.64,38.94,24.42,1.08,293.96,0.0,67.25
2025-04-12 16:00:00,26.21,69.33,10.19,7.55,0.22,66.24,38.39,23.48,1.04,295.18,0.0,37.75
2025-04-12 17:00:00,26.62,72.78,8.18,6.76,0.21,62.68,36.17,24.84,1.6,298.23,0.0,0.0
2025-04-12 18:00:00,22.42,76.54,1.88,4.44,0.18,63.25,33.16,28.53,1.32,313.58,0.0,0.0
2025-04-12 19:00:00,15.7,74.2,10.46,6.72,0.28,55.37,32.11,29.66,1.28,296.84,0.0,0.0
2025-04-12 20:00:00,15.66,61.14,15.22,5.02,0.33,48.64,31.37,30.17,1.24,299.27,0.0,0.0
2025-04-12 21:00:00,21.2,60.49,17.9,5.8,0.34,42.52,30.06,32.6,1.04,316.76,0.0,0.0
2025-04-12 22:00:00,17.6,58.99,11.02,9.76,0.27,42.44,28.77,34.75,1.2,330.3,0.0,0.0
2025-04-12 23:00:00,18.07,56.84,32.3,7.25,0.48,28.11,27.76,36.5,0.56,132.02,0.0,0.0
2025-04-13 00:00:00,20.56,54.48,20.42,5.78,0.28,33.32,26.79,39.75,0.84,126.77,0.0,0.0
2025-04-13 01:00:00,19.45,51.79,20.71,7.0,0.3,30.94,26.5,41.13,0.58,63.41,0.0,0.0
2025-04-13 02:00:00,24.2,51.92,23.35,5.08,0.35,19.9,25.63,44.58,0.89,198.88,0.0,0.0
2025-04-13 03:00:00,22.75,55.71,15.36,5.3,0.26,11.89,24.12,61.02,1.38,305.33,0.0,0.0
2025-04-13 04:00:00,21.64,51.44,12.56,6.27,0.25,13.91,23.78,55.6,1.37,295.34,0.0,0.0
2025-04-13 05:00:00,17.69,42.2,19.88,6.21,0.32,14.96,24.1,50.28,0.81,256.12,0.0,0.0
2025-04-13 06:00:00,20.7,48.5,25.88,10.47,0.51,6.83,24.16,51.91,1.06,273.94,0.0,0.0
2025-04-13 07:00:00,25.3,53.24,27.1,15.56,0.64,15.83,26.66,48.95,0.98,272.65,0.0,1.15
2025-04-13 08:00:00,31.93,66.94,31.94,23.28,0.63,40.94,30.36,37.48,0.6,267.0,0.0,48.5
2025-04-13 09:00:00,38.42,76.45,18.39,31.59,0.38,64.09,33.08,34.36,0.48,222.87,0.0,89.88
2025-04-13 10:00:00,41.56,81.54,19.54,53.49,0.39,84.84,35.1,31.64,0.82,198.91,0.0,83.2
2025-04-13 11:00:00,43.63,92.79,15.71,47.44,0.36,114.24,36.94,29.59,0.87,117.32,0.0,111.78
2025-04-13 12:00:00,51.38,99.74,18.67,63.2,0.38,117.36,38.28,27.88,0.5,292.66,0.0,128.7
2025-04-13 13:00:00,59.33,96.89,12.8,48.86,0.29,106.22,39.66,23.96,0.88,186.63,0.0,133.05
2025-04-13 14:00:00,55.14,97.03,11.45,50.44,0.22,109.78,39.35,23.26,1.11,340.31,0.0,85.48
2025-04-13 15:00:00,46.84,95.3,11.4,37.82,0.26,110.63,38.27,24.08,0.92,160.55,0.0,56.55
2025-04-13 16:00:00,43.39,88.18,9.95,22.57,0.28,98.57,37.56,25.21,1.0,250.6,0.0,45.52
2025-04-13 17:00:00,43.15,87.62,10.74,13.72,0.38,86.8,36.44,26.62,1.02,134.23,0.0,0.3
2025-04-13 18:00:00,43.68,93.4,35.41,21.0,0.89,57.75,33.32,32.56,0.83,80.13,0.0,0.0
2025-04-13 19:00:00,57.0,101.95,33.64,16.52,0.95,45.0,31.62,34.58,0.95,158.88,0.0,0.0
2025-04-13 20:00:00,68.33,111.96,51.18,17.86,1.5,21.37,30.34,36.9,0.66,191.54,0.0,0.0
2025-04-13 21:00:00,74.64,126.18,48.58,23.01,1.3,26.53,29.77,38.36,0.97,331.23,0.0,0.0
2025-04-13 22:00:00,77.15,129.26,35.48,12.25,0.92,35.77,28.5,39.95,0.6,244.0,0.0,0.0
2025-04-13 23:00:00,65.35,109.49,40.01,10.97,0.95,37.17,29.05,37.38,1.16,99.12,0.0,0.0
2025-04-14 00:00:00,57.56,97.71,20.61,19.87,0.47,49.16,28.91,37.51,1.06,93.43,0.0,0.0
2025-04-14 01:00:00,50.47,99.92,9.26,8.75,0.34,63.61,28.53,40.33,0.75,66.35,0.0,0.0
2025-04-14 02:00:00,48.7,88.16,7.4,9.06,0.34,62.61,27.8,42.67,0.96,92.81,0.0,0.0
2025-04-14 03:00:00,45.09,79.58,11.42,12.03,0.37,52.39,26.8,45.66,0.97,163.04,0.0,0.0
2025-04-14 04:00:00,44.84,79.98,10.04,14.7,0.49,38.54,25.12,49.43,0.8,325.86,0.0,0.0
2025-04-14 05:00:00,42.57,83.48,18.31,14.81,0.55,31.6,25.2,48.41,1.04,169.14,0.0,0.0
2025-04-14 06:00:00,43.32,84.31,28.92,22.79,0.72,28.55,26.36,47.41,0.82,121.19,0.0,0.0
2025-04-14 07:00:00,49.34,93.03,25.0,24.44,0.71,37.5,27.74,46.86,1.14,165.12,0.0,20.2
2025-04-14 08:00:00,53.03,100.48,13.86,29.32,0.5,56.44,29.4,44.42,0.86,87.85,0.0,55.62
2025-04-14 09:00:00,53.57,96.53,9.52,15.16,0.36,74.69,31.54,39.89,0.99,58.17,0.0,57.5
2025-04-14 10:00:00,50.19,89.49,10.7,28.71,0.34,90.22,33.7,36.67,0.68,74.76,0.0,68.18
2025-04-14 11:00:00,48.52,84.17,21.22,67.52,0.46,100.87,35.33,34.09,1.1,150.9,0.0,54.73
2025-04-14 12:00:00,49.31,84.07,10.95,25.01,0.34,98.38,37.04,29.86,0.76,158.99,0.0,60.2
2025-04-14 13:00:00,48.17,81.39,7.14,14.85,0.3,110.27,37.59,28.88,1.17,322.42,0.0,63.32
2025-04-14 14:00:00,44.65,77.16,8.46,31.52,0.31,127.13,37.74,28.44,0.53,37.24,0.0,58.08
2025-04-14 15:00:00,41.64,78.1,23.74,88.22,0.43,116.41,37.98,28.04,0.7,109.42,0.0,53.97
2025-04-14 16:00:00,46.43,86.04,17.74,27.96,0.44,114.48,37.08,28.89,0.7,116.43,0.0,31.15
2025-04-14 17:00:00,48.28,89.39,13.06,15.1,0.38,111.06,36.36,29.91,1.1,76.94,0.0,0.38
2025-04-14 18:00:00,44.12,88.68,55.74,4.66,1.18,59.67,33.97,33.19,1.19,107.06,0.0,0.0
2025-04-14 19:00:00,44.73,91.46,66.99,5.55,1.47,29.9,32.34,35.19,1.13,75.37,0.0,0.0
2025-04-14 20:00:00,49.68,100.92,66.33,5.6,1.64,19.98,31.99,34.27,1.12,89.44,0.0,0.0
2025-04-14 21:00:00,53.52,104.89,50.25,5.51,1.12,29.8,31.21,34.36,0.94,75.01,0.0,0.0
2025-04-14 22:00:00,59.3,106.29,40.07,5.27,0.97,24.59,29.21,38.48,1.01,107.07,0.0,0.0
2025-04-14 23:00:00,57.58,104.22,38.4,5.36,0.96,15.1,27.57,47.14,1.45,307.96,0.0,0.0
2025-04-15 00:00:00,57.14,102.38,32.97,5.24,0.78,15.18,26.68,49.09,1.26,303.86,0.0,0.0
2025-04-15 01:00:00,54.59,98.28,36.01,5.11,0.92,11.62,26.84,49.42,1.08,318.74,0.0,0.0
2025-04-15 02:00:00,57.4,103.65,36.78,5.18,1.09,9.62,26.82,49.18,1.04,235.09,0.0,0.0
2025-04-15 03:00:00,59.07,107.46,37.39,5.35,1.24,8.32,26.04,51.5,0.86,185.16,0.0,0.0
2025-04-15 04:00:00,66.09,113.92,39.25,5.3,1.25,8.28,26.04,51.86,0.81,129.71,0.0,0.0
2025-04-15 05:00:00,70.11,121.12,30.76,5.23,0.82,25.24,26.66,48.13,0.8,88.78,0.0,0.0
2025-04-15 06:00:00,72.44,127.22,32.12,5.0,0.88,22.28,26.14,51.23,0.95,234.29,0.0,0.0
2025-04-15 07:00:00,75.03,119.6,29.73,4.93,0.76,36.53,28.49,48.93,0.86,190.46,0.0,4.85
2025-04-15 08:00:00,71.88,120.72,25.15,4.99,0.68,57.86,30.9,44.8,0.99,199.33,0.0,48.88
2025-04-15 09:00:00,67.38,118.59,20.68,5.03,0.62,70.6,33.36,39.54,1.48,166.24,0.0,73.12
2025-04-15 10:00:00,59.1,105.32,18.93,4.61,0.5,85.88,35.73,32.67,1.48,180.92,0.0,78.35
2025-04-15 11:00:00,52.12,98.98,17.55,4.7,0.48,95.5,37.7,29.08,1.27,191.96,0.0,63.95
2025-04-15 12:00:00,51.07,100.18,19.05,4.49,0.43,106.62,39.51,27.18,0.98,170.92,0.0,72.05
2025-04-15 13:00:00,53.0,96.06,9.18,4.8,0.26,113.15,39.99,25.32,1.02,131.39,0.0,74.6
2025-04-15 14:00:00,53.36,95.72,12.6,4.67,0.26,112.21,40.25,24.3,0.99,92.87,0.0,73.62
2025-04-15 15:00:00,51.68,88.55,6.64,4.52,0.22,121.24,39.86,24.62,1.17,176.88,0.0,65.03
2025-04-15 16:00:00,47.31,83.17,11.53,4.42,0.29,119.4,39.32,25.07,0.96,205.56,0.0,44.48
2025-04-15 17:00:00,39.66,80.22,20.73,4.36,0.45,105.92,37.68,27.41,0.82,111.0,0.0,0.0
2025-04-15 18:00:00,40.88,82.75,114.25,4.79,2.32,26.36,34.66,32.49,1.17,215.86,0.0,0.0
2025-04-15 19:00:00,54.6,107.43,64.62,5.01,1.3,47.68,34.79,36.1,1.1,110.42,0.0,0.0
2025-04-15 20:00:00,64.49,134.47,24.49,4.58,0.59,65.77,33.34,40.49,1.42,146.69,0.0,0.0
2025-04-15 21:00:00,66.28,132.18,20.85,4.37,0.48,61.28,31.33,43.52,0.88,90.61,0.0,0.0
2025-04-15 22:00:00,58.55,115.8,17.79,4.27,0.42,56.17,30.23,46.91,1.18,91.7,0.0,0.0
2025-04-15 23:00:00,54.12,103.18,16.38,4.26,0.37,56.12,29.7,48.93,0.7,150.18,0.0,0.0
2025-04-16 00:00:00,54.74,92.95,13.32,4.13,0.34,51.47,28.9,51.08,0.98,110.56,0.0,0.0
2025-04-16 01:00:00,47.44,85.56,8.42,4.18,0.3,51.66,28.28,52.97,1.2,112.74,0.0,0.0
2025-04-16 02:00:00,43.96,80.75,5.0,3.99,0.3,52.66,27.13,56.08,0.98,93.67,0.0,0.0
2025-04-16 03:00:00,48.53,79.59,5.6,3.94,0.31,49.97,26.54,57.84,0.85,106.82,0.0,0.0
2025-04-16 04:00:00,51.71,78.15,7.22,3.96,0.34,49.38,26.26,58.4,1.0,104.89,0.0,0.0
2025-04-16 05:00:00,57.91,87.6,9.21,4.06,0.37,49.42,26.02,58.71,1.76,160.82,0.0,0.0
2025-04-16 06:00:00,60.96,95.69,10.66,4.07,0.32,47.53,25.61,59.85,0.72,108.21,0.0,0.0
2025-04-16 07:00:00,52.54,84.76,17.92,3.96,0.42,44.56,26.75,58.68,1.01,191.93,0.0,7.95
2025-04-16 08:00:00,42.73,77.68,16.56,4.23,0.48,44.68,28.76,56.79,1.57,162.76,0.0,44.92
2025-04-16 09:00:00,38.84,77.36,16.65,4.4,0.55,47.49,31.14,53.36,1.24,186.99,0.0,65.12
2025-04-16 10:00:00,45.96,84.39,15.94,4.02,0.52,56.77,33.5,47.88,0.97,194.28,0.0,81.12
2025-04-16 11:00:00,51.18,84.33,12.85,3.93,0.46,71.55,34.88,44.21,1.14,171.62,0.0,103.65
2025-04-16 12:00:00,51.6,87.12,16.33,4.25,0.5,85.53,36.86,39.91,0.94,172.28,0.0,109.92
2025-04-16 13:00:00,53.43,87.58,13.5,8.05,0.45,104.78,38.1,36.46,0.9,157.84,0.0,127.78
2025-04-16 14:00:00,51.58,87.28,15.8,11.93,0.46,105.17,38.69,33.55,0.84,182.22,0.0,97.0
2025-04-16 15:00:00,44.81786545845669,84.47180783555406,19.486392245612098,17.04841682164542,0.5983319546048915,33.34192758719134,,,,,,
2025-04-16 16:00:00,41.72,125.5,2.47,6.02,0.3,86.85,38.02,32.79,0.86,187.3,0.0,12.0
2025-04-16 17:00:00,36.54,133.57,13.03,7.34,0.28,92.52,36.65,35.04,1.16,313.18,0.0,0.0
2025-04-16 18:00:00,35.53,124.69,15.01,13.46,0.39,90.56,32.44,43.62,0.82,40.34,0.0,0.0
2025-04-16 19:00:00,45.4,155.0,30.58,16.44,0.74,73.39,32.58,43.55,1.39,152.7,0.0,0.0
2025-04-16 20:00:00,54.79,139.95,26.03,20.16,0.55,72.58,32.15,43.54,1.52,133.85,0.0,0.0
2025-04-16 21:00:00,57.36,129.75,24.7,15.96,0.49,67.87,31.33,45.15,1.02,141.74,0.0,0.0
2025-04-16 22:00:00,62.3,121.71,26.71,12.82,0.48,57.46,30.93,47.54,0.82,152.29,0.0,0.0
2025-04-16 23:00:00,61.67,120.57,27.7,12.72,0.47,48.45,29.62,51.51,1.01,218.67,0.0,0.0
2025-04-17 00:00:00,56.87,101.62,16.67,10.98,0.38,46.53,28.68,56.28,1.18,299.6,0.0,0.0
2025-04-17 01:00:00,54.56,91.01,16.46,13.44,0.4,39.54,27.84,58.8,1.09,299.64,0.0,0.0
2025-04-17 02:00:00,53.7,87.27,25.35,10.71,0.51,19.58,27.43,61.7,0.7,113.18,0.0,0.0
2025-04-17 03:00:00,47.56,85.49,22.94,10.39,0.6,15.82,26.55,66.58,1.39,305.24,0.0,0.0
2025-04-17 04:00:00,47.49,84.24,22.79,9.64,0.63,10.35,25.9,70.06,1.21,309.94,0.0,0.0
2025-04-17 05:00:00,45.74,83.15,25.32,10.33,0.68,8.42,25.58,71.06,1.01,306.82,0.0,0.0
2025-04-17 06:00:00,47.06,83.5,26.09,16.79,0.54,19.63,27.36,63.24,1.12,174.12,0.0,0.0
2025-04-17 07:00:00,43.52,80.67,22.72,17.63,0.44,25.05,28.52,63.13,1.58,171.43,0.0,8.0
2025-04-17 08:00:00,39.86,76.84,19.18,11.76,0.48,23.08,30.05,62.07,1.66,171.82,0.0,44.8
2025-04-17 09:00:00,38.36,77.67,18.93,11.47,0.55,40.63,32.53,54.2,1.02,177.82,0.0,58.53
2025-04-17 10:00:00,40.6,78.04,15.45,12.51,0.5,62.68,34.51,48.62,0.55,216.57,0.0,93.1
2025-04-17 11:00:00,45.71,83.19,16.23,18.48,0.49,82.24,36.21,44.26,1.04,214.62,0.0,92.52
2025-04-17 12:00:00,47.77,88.53,12.65,20.81,0.43,98.65,37.63,40.74,0.52,232.71,0.0,94.25
2025-04-17 13:00:00,41.64,84.71,14.77,14.07,0.42,95.56,39.16,35.95,0.81,204.78,0.0,91.05
2025-04-17 14:00:00,43.29,92.14,13.9,15.44,0.48,95.65,39.06,33.98,0.67,183.92,0.0,80.5
2025-04-17 15:00:00,39.57,91.18,12.13,14.6,0.4,95.81,39.26,32.51,0.55,223.04,0.0,80.52
2025-04-17 16:00:00,35.3,85.63,30.66,12.07,0.76,80.69,39.09,32.01,0.97,151.09,0.0,23.57
2025-04-17 17:00:00,45.99,90.45,59.72,10.68,1.14,47.75,37.86,34.59,1.11,157.89,0.0,0.0
2025-04-17 18:00:00,60.13,107.21,90.89,12.66,1.98,23.09,35.13,39.04,0.95,268.4,0.0,0.0
2025-04-17 19:00:00,58.68,114.01,92.47,12.38,2.34,5.5,33.24,42.33,1.04,112.8,0.0,0.0
2025-04-17 20:00:00,62.41,121.17,70.21,11.15,1.88,5.44,32.02,46.31,1.04,318.71,0.0,0.0
2025-04-17 21:00:00,73.93,130.9,88.86,13.8,2.72,0.0,31.98,47.17,0.9,238.28,0.0,0.0
2025-04-17 22:00:00,87.87,158.28,65.39,17.46,1.69,7.39,31.03,47.97,1.14,247.87,0.0,0.0
2025-04-17 23:00:00,93.47,170.76,52.43,32.88,0.96,7.61,30.84,49.85,1.02,148.88,0.0,0.0
2025-04-18 00:00:00,85.95,150.26,22.92,30.71,0.37,23.21,31.13,50.04,1.09,167.65,0.0,0.0
2025-04-18 01:00:00,78.33,127.58,15.11,25.63,0.3,25.92,30.16,51.32,0.71,237.5,0.0,0.0
2025-04-18 02:00:00,67.4,114.29,17.46,31.71,0.35,21.91,29.59,50.78,0.63,216.31,0.0,0.0
2025-04-18 03:00:00,58.92,103.89,17.6,27.15,0.37,19.34,28.67,54.72,1.02,168.4,0.0,0.0
2025-04-18 04:00:00,58.67,104.73,22.28,32.95,0.35,17.74,28.8,53.94,0.78,115.22,0.0,0.0
2025-04-18 05:00:00,55.58,101.77,16.1,27.19,0.38,20.8,28.06,57.95,0.77,231.39,0.0,0.0
2025-04-18 06:00:00,53.54,99.61,18.31,21.4,0.5,17.08,27.92,60.59,1.04,161.58,0.0,0.0
2025-04-18 07:00:00,54.59,103.92,18.98,14.55,0.53,19.9,29.44,60.0,1.19,182.19,0.0,16.22
2025-04-18 08:00:00,52.4,106.48,17.98,11.4,0.48,27.1,32.5,53.82,0.63,233.84,0.0,55.57
2025-04-18 09:00:00,51.56,109.74,10.36,7.28,0.53,56.96,35.87,43.62,0.91,250.68,0.0,99.8
2025-04-18 10:00:00,56.24,114.26,14.4,14.7,0.48,66.68,38.22,35.42,0.65,255.32,0.0,98.98
2025-04-18 11:00:00,53.06,108.09,10.6,13.1,0.32,76.73,39.83,29.7,0.61,241.48,0.0,104.68
2025-04-18 12:00:00,49.05,97.0,11.61,9.82,0.32,84.03,41.01,28.37,1.11,230.45,0.0,83.52
2025-04-18 13:00:00,48.12,91.12,13.53,8.36,0.31,90.04,41.65,26.99,1.08,179.89,0.0,75.85
2025-04-18 14:00:00,50.93,89.33,13.05,7.35,0.31,87.48,41.43,26.23,1.02,229.79,0.0,86.32
2025-04-18 15:00:00,52.13,87.92,14.99,7.26,0.35,84.91,40.74,28.29,1.03,207.54,0.0,97.05
2025-04-18 16:00:00,42.86,85.24,12.73,5.7,0.31,75.02,39.12,28.9,1.1,250.02,0.0,43.18
2025-04-18 17:00:00,37.66,86.29,17.25,9.12,0.43,66.44,37.11,32.33,0.91,312.41,0.0,0.0
2025-04-18 18:00:00,42.03,91.28,19.61,10.2,0.43,54.52,35.74,34.44,1.02,317.12,0.0,0.0
2025-04-18 19:00:00,43.3,95.94,75.55,6.93,2.52,10.18,34.56,36.72,0.94,248.45,0.0,0.0
2025-04-18 20:00:00,49.68,114.82,48.67,9.5,1.19,19.09,34.86,36.09,1.08,208.44,0.0,0.0
2025-04-18 21:00:00,64.09,136.52,26.19,13.76,0.65,47.19,33.85,38.49,1.52,163.8,0.0,0.0
2025-04-18 22:00:00,73.18,133.47,24.18,9.78,0.57,38.97,32.37,42.76,1.34,179.34,0.0,0.0
2025-04-18 23:00:00,71.04,125.23,22.42,20.58,0.48,34.13,31.43,45.85,1.15,168.51,0.0,0.0
2025-04-19 00:00:00,64.35,115.38,22.32,43.98,0.4,31.09,30.72,48.2,0.91,174.55,0.0,0.0
2025-04-19 01:00:00,55.7,105.93,12.5,27.89,0.35,38.36,30.3,48.44,1.38,182.78,0.0,0.0
2025-04-19 02:00:00,54.75,97.24,12.09,20.8,0.37,35.83,29.5,49.92,0.83,164.98,0.0,0.0
2025-04-19 03:00:00,49.26,87.23,16.24,18.01,0.33,29.97,28.97,51.62,0.93,181.72,0.0,0.0
2025-04-19 04:00:00,47.24,83.14,10.75,15.61,0.32,31.93,28.83,52.04,1.18,178.9,0.0,0.0
2025-04-19 05:00:00,42.53,80.63,11.82,16.55,0.36,29.45,28.33,52.75,1.15,172.0,0.0,0.0
2025-04-19 06:00:00,39.79,83.42,17.52,33.64,0.52,23.09,27.97,54.06,0.87,176.7,0.0,0.0
2025-04-19 07:00:00,41.54,88.31,21.27,23.07,0.62,22.93,29.3,52.48,0.83,226.29,0.0,13.95
2025-04-19 08:00:00,42.3,95.84,20.86,14.39,0.66,41.74,32.94,42.07,0.9,227.68,0.0,71.82
2025-04-19 09:00:00,39.76,97.15,22.14,11.52,0.57,48.71,36.84,29.45,0.78,287.17,0.0,108.28
2025-04-19 10:00:00,39.3,95.74,14.17,9.36,0.36,60.34,39.11,24.36,0.96,308.04,0.0,117.55
2025-04-19 11:00:00,44.82,83.8,16.48,8.87,0.39,70.09,40.88,22.64,0.75,290.39,0.0,144.48
2025-04-19 12:00:00,42.52,84.59,8.22,8.86,0.2,76.77,42.06,20.97,1.03,180.84,0.0,137.65
2025-04-19 13:00:00,35.21,83.54,7.59,3.83,0.17,70.6,43.02,20.18,0.87,12.04,0.0,119.68
2025-04-19 14:00:00,32.55,81.08,5.19,3.32,0.14,70.32,43.17,20.2,1.06,341.29,0.0,140.07
2025-04-19 15:00:00,27.4,73.41,6.96,3.38,0.15,70.23,42.73,20.34,1.08,174.92,0.0,134.65
2025-04-19 16:00:00,23.64,66.88,15.44,3.38,0.24,63.61,41.63,21.48,1.06,311.87,0.0,37.75
2025-04-19 17:00:00,28.22,66.84,13.5,3.7,0.22,61.38,39.99,22.72,1.01,325.3,0.0,0.0
2025-04-19 18:00:00,27.93,67.59,14.48,8.94,0.31,52.11,37.02,25.36,1.13,311.15,0.0,0.0
2025-04-19 19:00:00,31.14,73.24,33.64,8.04,0.73,22.27,34.34,28.89,0.76,218.97,0.0,0.0
2025-04-19 20:00:00,39.4,93.31,65.72,8.55,1.93,6.57,33.95,29.96,0.38,200.71,0.0,0.0
2025-04-19 21:00:00,48.64,112.93,81.88,10.5,2.2,3.95,32.59,35.34,0.5,305.29,0.0,0.0
2025-04-19 22:00:00,67.08,137.75,69.81,14.27,3.18,3.07,31.36,38.87,0.8,271.93,0.0,0.0
2025-04-19 23:00:00,76.09,153.37,50.9,16.39,1.85,2.18,29.94,41.67,0.97,307.6,0.0,0.0
2025-04-20 00:00:00,75.46,159.06,39.08,42.38,0.72,8.37,29.12,37.81,0.96,304.04,0.0,0.0
2025-04-20 01:00:00,68.43,150.56,26.48,25.58,0.43,19.64,29.02,35.34,1.32,295.69,0.0,0.0
2025-04-20 02:00:00,65.99,142.3,12.3,11.19,0.21,36.06,28.54,35.03,1.34,303.29,0.0,0.0
2025-04-20 03:00:00,56.71,120.13,10.22,10.54,0.16,38.97,27.92,36.88,1.16,284.73,0.0,0.0
2025-04-20 04:00:00,49.78,97.77,7.36,10.22,0.13,43.46,27.01,37.1,1.11,269.77,0.0,0.0
2025-04-20 05:00:00,39.91,83.19,18.14,6.62,0.2,35.31,27.11,36.77,0.97,246.83,0.0,0.0
2025-04-20 06:00:00,38.33,73.71,14.54,7.66,0.31,37.02,27.9,36.12,1.31,284.88,0.0,0.0
2025-04-20 07:00:00,47.09,80.73,26.79,9.5,0.49,36.84,30.47,35.43,0.78,207.72,0.0,2.43
2025-04-20 08:00:00,46.76,93.08,7.43,8.74,0.15,71.94,33.77,28.18,1.55,342.8,0.0,61.78
2025-04-20 09:00:00,43.2,87.53,2.3,6.45,0.09,82.74,36.27,23.92,1.33,94.44,0.0,130.22
2025-04-20 10:00:00,43.3,84.27,2.48,7.2,0.12,93.39,38.04,22.9,1.25,96.92,0.0,137.68
2025-04-20 11:00:00,42.74,84.38,4.62,9.28,0.12,97.73,40.06,21.71,0.93,181.89,0.0,143.07
2025-04-20 12:00:00,42.3,79.38,16.44,6.31,0.22,91.61,41.78,20.92,0.61,208.78,0.0,151.05
2025-04-20 13:00:00,40.4,83.38,4.89,6.56,0.23,106.74,42.43,20.4,0.63,110.37,0.0,172.42
2025-04-20 14:00:00,39.65,86.5,6.31,8.4,0.24,111.01,42.61,20.45,0.67,135.95,0.0,165.3
2025-04-20 15:00:00,36.76,88.02,10.02,5.39,0.25,97.36,42.32,20.58,0.49,237.98,0.0,128.07
2025-04-20 16:00:00,38.96,88.05,11.83,3.86,0.31,89.21,41.68,21.41,0.65,240.39,0.0,39.1
2025-04-20 17:00:00,37.43,85.15,28.64,4.32,0.51,73.29,40.19,23.0,0.74,273.23,0.0,0.0
2025-04-20 18:00:00,39.03,83.32,58.8,5.94,1.54,33.61,36.9,27.54,0.6,217.24,0.0,0.0
2025-04-20 19:00:00,41.07,96.45,72.3,8.0,1.83,13.8,34.39,30.58,1.14,223.84,0.0,0.0
2025-04-20 20:00:00,54.94,125.28,61.96,9.36,2.84,6.97,32.7,37.11,1.33,294.56,0.0,0.0
2025-04-20 21:00:00,68.08,146.09,40.7,23.76,1.01,21.39,32.31,34.19,1.12,298.47,0.0,0.0
2025-04-20 22:00:00,67.71,139.7,49.72,13.16,1.27,16.71,31.37,34.21,0.99,242.2,0.0,0.0
2025-04-20 23:00:00,70.74,141.88,32.3,18.68,0.88,18.97,30.22,37.64,1.4,313.94,0.0,0.0
2025-04-21 00:00:00,63.31,136.18,22.28,16.0,0.54,27.2,29.82,36.96,1.38,308.35,0.0,0.0
2025-04-21 01:00:00,66.52,126.35,15.9,19.3,0.37,36.58,29.06,37.24,0.88,295.74,0.0,0.0
2025-04-21 02:00:00,61.89,104.83,9.57,21.9,0.22,48.38,30.48,33.09,1.02,220.7,0.0,0.0
2025-04-21 03:00:00,52.35,93.06,18.48,27.28,0.34,30.68,29.84,34.55,0.98,199.58,0.0,0.0
2025-04-21 04:00:00,47.33,88.54,27.86,18.14,0.43,17.61,27.12,42.4,1.32,283.35,0.0,0.0
2025-04-21 05:00:00,46.61,89.54,21.24,19.51,0.48,18.68,26.46,43.22,1.11,282.62,0.0,0.0
2025-04-21 06:00:00,46.8,89.69,23.23,22.59,0.51,22.1,27.82,37.96,0.9,204.39,0.0,0.0
2025-04-21 07:00:00,49.16,94.93,29.32,38.66,0.61,23.16,29.8,35.88,0.81,285.5,0.0,3.7
2025-04-21 08:00:00,54.46,106.49,19.16,23.25,0.45,58.65,33.65,29.63,0.99,313.15,0.0,65.23
2025-04-21 09:00:00,54.76,115.52,11.71,25.54,0.26,72.47,36.44,25.71,1.15,337.01,0.0,109.4
2025-04-21 10:00:00,51.27,119.34,13.15,57.75,0.15,74.74,38.3,22.75,1.4,18.83,0.0,123.68
2025-04-21 11:00:00,48.6,127.01,10.82,67.91,0.16,86.52,40.0,21.72,0.96,123.66,0.0,140.45
2025-04-21 12:00:00,49.17,130.43,11.84,16.12,0.26,98.32,41.31,21.58,0.74,183.72,0.0,129.2
2025-04-21 13:00:00,45.86,137.8,10.76,8.2,0.23,99.59,41.98,21.26,0.64,221.41,0.0,122.2
2025-04-21 14:00:00,43.07,137.85,17.46,8.27,0.29,92.94,42.7,20.96,0.65,273.56,0.0,126.78
2025-04-21 15:00:00,47.43,130.49,9.71,5.99,0.18,96.56,42.04,21.74,0.85,255.04,0.0,104.15
2025-04-21 16:00:00,43.14,121.02,10.06,5.28,0.18,95.18,41.0,22.33,1.0,175.92,0.0,41.78
2025-04-21 17:00:00,39.7,111.16,11.69,5.01,0.24,82.66,39.44,24.14,1.01,310.17,0.0,0.0
2025-04-21 18:00:00,34.26,102.58,12.98,6.99,0.3,73.28,36.82,26.52,1.04,316.9,0.0,0.0
2025-04-21 19:00:00,32.64,106.71,24.45,19.0,0.46,48.1,34.35,28.15,1.33,303.26,0.0,0.0
2025-04-21 20:00:00,35.89,124.24,43.86,19.76,1.04,29.04,33.29,29.78,1.21,283.2,0.0,0.0
2025-04-21 21:00:00,46.6,138.56,62.78,9.36,1.39,11.27,31.54,35.03,1.06,234.22,0.0,0.0
2025-04-21 22:00:00,52.88,147.48,28.82,8.94,0.65,36.69,31.58,32.93,0.98,284.02,0.0,0.0
2025-04-21 23:00:00,51.87,142.86,42.46,10.35,0.88,24.08,31.24,33.57,0.94,200.26,0.0,0.0
2025-04-22 00:00:00,56.32,139.65,31.26,8.6,0.4,37.24,30.44,33.23,0.68,231.42,0.0,0.0
2025-04-22 01:00:00,57.63,125.16,25.58,6.73,0.36,37.93,29.68,32.62,0.63,146.23,0.0,0.0
2025-04-22 02:00:00,54.61,116.57,20.46,11.74,0.46,27.76,28.31,36.89,0.84,284.9,0.0,0.0
2025-04-22 03:00:00,52.15,119.15,22.86,11.89,0.55,12.7,27.12,43.74,0.9,328.42,0.0,0.0
2025-04-22 04:00:00,53.63,120.44,30.13,8.2,0.63,9.59,27.34,43.04,0.94,197.22,0.0,0.0
2025-04-22 05:00:00,55.56,115.32,23.58,6.7,0.48,15.82,26.3,45.48,1.08,305.72,0.0,0.0
2025-04-22 06:00:00,52.72,120.2,28.07,32.56,0.88,18.16,26.08,44.64,1.24,252.73,0.0,0.0
2025-04-22 07:00:00,58.98,138.74,33.44,38.92,0.83,37.74,30.01,37.9,1.24,185.8,0.0,2.22
2025-04-22 08:00:00,61.3,165.9,26.09,24.57,0.6,77.59,33.85,30.66,1.26,257.81,0.0,59.05
2025-04-22 09:00:00,51.18,163.77,11.05,17.96,0.34,96.39,36.95,24.85,1.16,174.09,0.0,103.32
2025-04-22 10:00:00,47.68,157.78,13.32,45.72,0.35,108.42,39.39,22.04,0.88,125.73,0.0,119.42
2025-04-22 11:00:00,43.81,148.69,11.38,53.66,0.31,124.65,40.9,20.63,0.85,38.44,0.0,151.88
2025-04-22 12:00:00,43.47,145.66,10.78,31.1,0.31,126.83,41.86,19.32,0.77,85.04,0.0,140.32
2025-04-22 13:00:00,40.47,141.23,10.52,30.8,0.26,136.68,42.54,19.03,0.79,223.63,0.0,123.5
2025-04-22 14:00:00,37.29,136.83,15.25,36.68,0.3,139.14,42.96,19.11,1.17,251.36,0.0,99.3
2025-04-22 15:00:00,26.66,133.45,14.38,39.2,0.3,141.18,42.89,18.96,0.99,115.7,0.0,77.28
2025-04-22 16:00:00,34.89,129.84,26.4,34.48,0.45,129.88,42.23,19.38,0.84,156.62,0.0,21.42
2025-04-22 17:00:00,33.86,132.31,21.48,32.0,0.5,131.56,40.41,21.29,1.11,145.24,0.0,0.0
2025-04-22 18:00:00,36.21,133.86,88.4,26.43,1.93,51.11,36.78,26.57,1.1,254.59,0.0,0.0
2025-04-22 19:00:00,48.48,141.84,118.71,22.27,3.87,13.81,34.16,33.58,1.12,248.22,0.0,0.0
2025-04-22 20:00:00,14.22,95.62,117.28,19.04,3.49,5.18,33.9,31.35,0.85,292.68,0.0,0.0
2025-04-22 21:00:00,65.73,242.69,67.7,15.0,1.66,19.32,32.78,33.32,0.96,308.35,0.0,0.0
2025-04-22 22:00:00,83.24,254.86,39.7,21.9,0.92,38.4,31.67,32.88,1.12,280.44,0.0,0.0
2025-04-22 23:00:00,77.8,214.14,52.0,37.95,1.08,29.63,30.52,33.28,1.12,275.27,0.0,0.0
2025-04-23 00:00:00,75.63,182.67,39.02,18.36,0.71,27.83,29.59,34.18,0.98,316.74,0.0,0.0
2025-04-23 01:00:00,81.92,171.27,29.62,11.79,0.72,18.77,28.32,45.0,0.92,252.31,0.0,0.0
2025-04-23 02:00:00,64.04,151.6,34.72,12.74,0.75,13.2,28.13,40.83,0.81,165.36,0.0,0.0
2025-04-23 03:00:00,63.71,140.24,26.17,11.15,0.63,19.44,26.84,44.01,1.18,273.5,0.0,0.0
2025-04-23 04:00:00,61.92,124.25,22.71,12.47,0.55,29.17,27.3,36.37,0.8,296.27,0.0,0.0
2025-04-23 05:00:00,50.83,120.18,19.83,11.76,0.55,25.06,26.1,42.93,1.17,292.61,0.0,0.0
2025-04-23 06:00:00,57.9,116.2,24.35,11.82,0.62,21.36,26.34,45.28,1.03,292.46,0.0,0.0
2025-04-23 07:00:00,59.84,123.72,38.01,14.84,1.02,29.38,29.95,38.93,0.86,270.8,0.0,1.25
2025-04-23 08:00:00,61.01,118.71,17.18,23.31,0.53,74.08,33.43,28.36,1.23,265.36,0.0,47.58
2025-04-23 09:00:00,54.76,139.43,22.49,75.2,0.45,89.7,36.72,23.8,0.92,190.22,0.0,83.98
2025-04-23 10:00:00,64.75,137.36,22.0,91.34,0.32,103.86,38.83,21.42,1.08,259.96,0.0,75.28
2025-04-23 11:00:00,64.28,147.66,18.58,43.83,0.4,136.81,40.62,19.79,0.7,171.94,0.0,71.05
2025-04-23 12:00:00,61.08,145.96,8.92,32.04,0.28,147.76,41.93,18.91,0.9,180.74,0.0,75.32
2025-04-23 13:00:00,48.57,132.45,13.09,39.16,0.27,155.35,42.56,18.39,0.78,102.08,0.0,69.35
2025-04-23 14:00:00,56.89,113.64,11.05,45.83,0.24,156.26,42.78,18.27,0.72,251.63,0.0,74.72
2025-04-23 15:00:00,56.34,107.75,10.62,18.35,0.26,125.06,42.52,18.48,1.19,132.21,0.0,52.45
2025-04-23 16:00:00,53.34,104.86,14.58,9.09,0.29,110.88,41.79,18.82,0.76,303.68,0.0,17.18
2025-04-23 17:00:00,47.44,93.05,21.57,7.25,0.33,100.07,39.89,20.48,0.82,181.05,0.0,0.0
2025-04-23 18:00:00,44.12,93.5,103.32,9.09,2.51,19.09,36.87,24.11,0.58,196.28,0.0,0.0
2025-04-23 19:00:00,53.78,110.06,93.27,14.26,5.56,4.7,34.26,28.78,1.02,272.08,0.0,0.0
2025-04-23 20:00:00,77.01,170.26,54.25,14.36,3.38,16.29,32.49,33.07,1.39,303.94,0.0,0.0
2025-04-23 21:00:00,78.6,170.46,20.34,11.38,0.5,60.32,33.42,24.99,1.07,286.42,0.0,0.0
2025-04-23 22:00:00,65.38,142.94,36.65,10.81,0.72,44.45,32.11,26.12,1.26,285.43,0.0,0.0
2025-04-23 23:00:00,62.83,132.67,24.09,9.81,0.51,45.28,30.38,27.82,1.19,303.93,0.0,0.0
2025-04-24 00:00:00,61.83,115.24,17.35,11.0,0.39,47.64,28.92,27.33,1.18,311.74,0.0,0.0
2025-04-24 01:00:00,52.49,110.98,12.25,14.78,0.34,48.38,28.41,28.15,1.17,304.27,0.0,0.0
2025-04-24 02:00:00,46.6,90.49,10.61,15.54,0.31,47.52,27.36,29.28,1.15,296.91,0.0,0.0
2025-04-24 03:00:00,45.89,83.18,15.06,11.98,0.39,39.49,27.36,32.67,1.29,199.21,0.0,0.0
2025-04-24 04:00:00,45.15,84.47,23.02,15.75,0.51,26.2,26.5,31.63,0.7,236.68,0.0,0.0
2025-04-24 05:00:00,50.86,95.67,23.41,20.23,0.53,21.14,24.97,40.15,1.15,295.14,0.0,0.0
2025-04-24 06:00:00,54.11,94.15,20.88,15.34,0.64,13.72,24.92,50.53,1.46,307.63,0.0,0.0
2025-04-24 07:00:00,60.49,102.5,19.36,28.99,0.48,35.45,29.43,37.84,1.25,246.9,0.0,0.1
2025-04-24 08:00:00,52.99,102.31,21.15,15.64,0.43,74.0,35.59,21.61,0.82,164.88,0.0,32.95
2025-04-24 09:00:00,49.88,99.35,28.02,27.13,0.53,95.93,38.22,18.66,0.63,186.06,0.0,66.78
2025-04-24 10:00:00,46.11,97.77,30.36,54.91,0.54,127.41,39.8,17.12,0.88,134.9,0.0,70.78
2025-04-24 11:00:00,46.18,102.33,19.83,27.2,0.4,145.75,41.24,16.62,0.71,237.18,0.0,76.45
2025-04-24 12:00:00,43.44,104.28,6.71,27.92,0.21,149.51,42.57,16.24,1.04,183.61,0.0,80.58
2025-04-24 13:00:00,49.51,97.02,9.29,23.8,0.22,152.26,42.76,16.32,1.09,113.27,0.0,74.9
2025-04-24 14:00:00,43.62,94.24,14.53,26.98,0.26,130.76,43.27,16.97,0.6,208.03,0.0,78.47
2025-04-24 15:00:00,43.55,96.71,12.16,21.02,0.22,127.02,42.53,17.52,0.82,173.35,0.0,81.12
2025-04-24 16:00:00,44.55,97.4,25.74,10.71,0.39,96.7,41.88,18.27,0.65,301.78,0.0,24.65
2025-04-24 17:00:00,39.86,89.86,19.56,17.16,0.4,91.06,39.86,20.48,0.94,175.47,0.0,0.0
2025-04-24 18:00:00,39.35,88.85,89.38,24.39,1.99,35.26,36.16,24.14,0.86,285.97,0.0,0.0
2025-04-24 19:00:00,51.97,98.47,86.92,19.18,2.09,16.91,34.03,29.35,1.16,302.03,0.0,0.0
2025-04-24 20:00:00,52.05,107.4,47.18,18.74,1.08,31.78,33.92,26.52,0.96,286.59,0.0,0.0
2025-04-24 21:00:00,61.33,110.98,52.42,22.18,1.27,23.46,31.89,31.16,1.08,306.2,0.0,0.0
2025-04-24 22:00:00,64.85,111.04,43.3,27.28,1.12,17.91,30.16,35.87,0.96,302.68,0.0,0.0
2025-04-24 23:00:00,63.88,122.93,49.84,27.13,1.16,10.71,29.02,38.65,1.12,328.56,0.0,0.0
2025-04-25 00:00:00,67.63,133.9,36.79,29.64,0.92,9.45,27.65,42.87,1.12,269.6,0.0,0.0
2025-04-25 01:00:00,63.76,123.94,43.75,38.02,1.05,8.43,27.1,45.7,1.11,319.65,0.0,0.0
2025-04-25 02:00:00,72.49,140.68,45.25,32.32,1.11,6.14,26.78,50.58,0.98,268.16,0.0,0.0
2025-04-25 03:00:00,81.36,152.12,46.96,25.89,1.16,4.15,26.68,51.9,0.91,304.77,0.0,0.0
2025-04-25 04:00:00,82.71,144.61,38.8,23.57,1.06,4.15,25.84,55.3,1.42,305.34,0.0,0.0
2025-04-25 05:00:00,76.12,142.63,27.0,27.05,0.87,11.73,25.03,52.05,1.4,305.23,0.0,0.0
2025-04-25 06:00:00,71.71,133.75,29.5,21.35,0.98,6.9,25.66,57.31,1.38,301.26,0.0,0.0
2025-04-25 07:00:00,77.56,139.7,29.24,40.58,1.15,31.37,28.57,42.68,1.15,244.22,0.0,6.28
2025-04-25 08:00:00,72.32,148.8,51.19,54.71,1.55,79.15,32.29,37.14,0.97,167.38,0.0,52.98
2025-04-25 09:00:00,81.72,183.28,27.9,49.8,1.03,123.65,35.14,34.08,0.6,128.34,0.0,78.82
2025-04-25 10:00:00,85.23,188.07,16.25,43.74,0.7,134.11,38.1,28.04,1.09,191.76,0.0,96.12
2025-04-25 11:00:00,82.41,177.41,8.9,28.83,0.4,118.25,41.02,21.41,1.18,176.7,0.0,97.43
2025-04-25 12:00:00,76.82,147.28,14.18,17.57,0.29,109.06,42.43,18.45,0.73,82.78,0.0,94.4
2025-04-25 13:00:00,53.56,120.36,16.87,23.66,0.32,114.77,43.11,18.49,0.49,175.6,0.0,73.1
2025-04-25 14:00:00,51.63,125.25,19.39,40.69,0.33,118.69,42.86,18.62,0.94,128.04,0.0,87.12
2025-04-25 15:00:00,56.45,131.7,18.28,48.59,0.26,116.68,42.34,18.98,0.89,101.68,0.0,60.6
2025-04-25 16:00:00,52.98,119.83,17.85,64.22,0.26,114.17,42.1,19.54,0.77,83.18,0.0,33.3
2025-04-25 17:00:00,46.48,115.38,53.15,72.6,0.85,75.16,40.55,21.25,1.05,131.16,0.0,0.0
2025-04-25 18:00:00,60.61,125.56,110.36,58.84,2.33,14.22,36.75,26.15,1.28,264.5,0.0,0.0
2025-04-25 19:00:00,60.89,143.41,93.62,50.81,1.68,9.77,34.08,33.86,1.09,315.57,0.0,0.0
2025-04-25 20:00:00,67.03,156.82,72.7,62.28,1.66,16.72,34.75,30.69,0.9,289.02,0.0,0.0
2025-04-25 21:00:00,77.78,171.36,90.93,53.96,3.23,5.02,34.74,31.1,0.93,227.88,0.0,0.0
2025-04-25 22:00:00,85.41,199.64,58.18,38.28,1.69,26.6,35.29,31.83,0.95,178.72,0.0,0.0
2025-04-25 23:00:00,88.37,204.99,31.56,76.9,0.57,44.39,34.84,33.02,1.0,174.88,0.0,0.0
2025-04-26 00:00:00,78.52,174.5,29.1,86.84,0.45,39.94,33.29,35.13,0.92,218.06,0.0,0.0
2025-04-26 01:00:00,74.56,155.34,19.55,58.14,0.36,43.4,32.45,35.58,0.97,196.9,0.0,0.0
2025-04-26 02:00:00,65.06,141.23,14.18,41.06,0.35,46.19,31.76,37.27,0.96,186.16,0.0,0.0
2025-04-26 03:00:00,60.18,123.47,6.05,16.22,0.22,59.34,31.92,37.88,0.51,164.03,0.0,0.0
2025-04-26 04:00:00,50.46,107.34,4.59,12.08,0.17,59.63,31.38,39.23,0.34,121.14,0.0,0.0
2025-04-26 05:00:00,45.32,88.78,11.58,14.7,0.36,49.03,30.08,42.46,0.82,162.89,0.0,0.0
2025-04-26 06:00:00,43.16,84.29,26.99,14.48,0.49,31.28,29.76,45.1,0.87,215.48,0.0,0.0
2025-04-26 07:00:00,45.15,89.88,21.54,13.05,0.45,36.84,31.72,42.33,1.04,217.92,0.0,6.8
2025-04-26 08:00:00,41.29,87.18,15.79,14.88,0.41,47.42,34.69,36.21,0.66,227.86,0.0,54.35
2025-04-26 09:00:00,39.85,85.89,13.86,17.34,0.36,63.86,37.05,30.67,0.77,316.36,0.0,72.68
2025-04-26 10:00:00,43.2,89.27,5.9,18.65,0.26,83.27,38.2,26.45,1.06,172.98,0.0,82.85
2025-04-26 11:00:00,37.89,87.02,7.2,18.48,0.23,95.28,40.15,24.06,0.72,180.92,0.0,95.75
2025-04-26 12:00:00,38.1,83.74,3.49,25.11,0.16,98.91,40.99,23.19,1.21,9.07,0.0,81.65
2025-04-26 13:00:00,36.23,83.4,12.55,51.34,0.22,109.93,41.2,23.33,0.82,165.98,0.0,77.85
2025-04-26 14:00:00,42.92,84.9,15.75,54.41,0.3,127.7,41.48,22.97,0.67,83.83,0.0,77.53
2025-04-26 15:00:00,56.5,103.92,26.45,46.54,0.47,123.52,40.34,24.16,0.84,172.56,0.0,48.65
2025-04-26 16:00:00,61.36,108.95,28.67,46.0,0.56,102.37,38.86,26.78,1.07,282.82,0.0,0.52
2025-04-26 17:00:00,53.0,110.14,15.86,24.53,0.26,94.5,37.67,26.72,1.2,330.49,0.0,0.0
2025-04-26 18:00:00,53.32,110.01,4.61,15.4,0.2,78.43,34.45,32.92,1.97,94.59,0.0,0.0
2025-04-26 19:00:00,47.22,111.2,26.56,17.42,0.55,51.52,32.28,39.35,0.93,153.12,0.0,0.0
2025-04-26 20:00:00,46.94,103.28,48.04,32.1,0.85,24.12,31.02,43.6,0.91,172.72,0.0,0.0
2025-04-26 21:00:00,49.15,111.36,29.66,29.01,0.56,43.68,32.37,38.21,1.2,84.11,0.0,0.0
2025-04-26 22:00:00,48.88,105.6,28.83,20.72,0.59,41.55,32.14,38.58,1.01,88.36,0.0,0.0
2025-04-26 23:00:00,58.2,110.89,27.09,19.6,0.55,33.36,31.14,41.23,0.89,253.45,0.0,0.0
2025-04-27 00:00:00,57.44,111.06,36.12,14.86,0.74,18.34,29.92,47.66,0.98,206.93,0.0,0.0
2025-04-27 01:00:00,54.31,100.76,18.14,27.0,0.45,38.61,30.83,42.21,1.97,165.1,0.0,0.0
2025-04-27 02:00:00,51.86,99.71,5.05,16.32,0.35,48.66,30.1,46.5,2.26,160.54,0.0,0.0
2025-04-27 03:00:00,53.58,99.78,3.39,13.32,0.29,57.18,28.8,49.43,1.74,160.65,0.0,0.0
2025-04-27 04:00:00,49.81,90.49,5.89,12.51,0.29,52.27,27.82,52.14,1.28,140.24,0.0,0.0
2025-04-27 05:00:00,42.13,80.07,6.1,12.34,0.3,50.19,27.18,55.45,0.7,118.13,0.0,0.0
2025-04-27 06:00:00,38.95,66.81,6.43,12.52,0.36,48.67,26.68,59.7,1.05,105.99,0.0,0.05
2025-04-27 07:00:00,36.96,58.78,8.68,13.22,0.41,45.95,26.52,61.42,1.01,92.67,0.0,2.6
2025-04-27 08:00:00,29.15,56.55,13.2,10.64,0.48,30.46,27.1,60.66,1.25,164.34,0.0,61.85
2025-04-27 09:00:00,39.93,66.17,9.99,10.21,0.44,36.2,29.38,54.98,1.33,174.2,0.0,67.85
2025-04-27 10:00:00,35.97,55.69,12.99,10.15,0.47,44.6,31.4,49.96,1.6,175.89,0.0,75.28
2025-04-27 11:00:00,37.17,59.15,14.62,10.32,0.44,55.37,33.88,43.72,1.71,170.07,0.0,94.02
2025-04-27 12:00:00,43.99,69.07,12.24,20.68,0.47,91.37,35.9,39.38,1.38,177.45,0.0,100.08
2025-04-27 13:00:00,40.48,67.38,9.94,21.8,0.39,96.62,37.21,35.32,1.38,194.09,0.0,98.0
2025-04-27 14:00:00,42.92,66.28,8.5,17.78,0.36,88.41,37.81,33.62,1.29,199.33,0.0,106.05
2025-04-27 15:00:00,48.78,71.82,9.86,14.44,0.38,79.54,37.87,32.38,1.12,186.81,0.0,72.92
2025-04-27 16:00:00,50.53,66.75,8.9,13.86,0.34,80.78,37.6,31.31,0.95,232.31,0.0,19.47
2025-04-27 17:00:00,41.17,66.62,12.05,14.35,0.44,77.13,36.8,31.87,0.92,225.21,0.0,0.0
2025-04-27 18:00:00,39.95,67.09,23.96,14.67,0.64,65.17,35.37,32.69,0.51,110.7,0.0,0.0
2025-04-27 19:00:00,41.83,72.87,16.14,14.51,0.59,60.49,32.37,41.47,1.12,47.37,0.0,0.0
2025-04-27 20:00:00,42.12,86.49,10.2,13.04,0.43,59.15,29.0,49.41,1.28,77.5,0.0,0.0
2025-04-27 21:00:00,45.74,90.43,15.68,15.28,0.44,55.37,27.68,50.72,1.44,99.31,0.0,0.0
2025-04-27 22:00:00,48.9,88.88,11.31,17.3,0.39,58.78,27.19,50.47,1.21,91.08,0.0,0.0
2025-04-27 23:00:00,38.36,78.13,8.68,14.94,0.33,64.77,27.22,48.85,1.04,92.93,0.0,0.0
2025-04-28 00:00:00,31.83,64.15,6.98,12.89,0.25,66.61,27.07,49.71,0.81,122.11,0.0,0.0
2025-04-28 01:00:00,29.09,49.53,3.55,11.7,0.22,60.3,26.8,50.93,0.93,155.59,0.0,0.0
2025-04-28 02:00:00,28.24,48.44,3.61,11.63,0.22,55.4,26.88,51.26,0.65,187.39,0.0,0.0
2025-04-28 03:00:00,23.76,52.66,5.09,11.02,0.24,43.85,25.9,55.82,1.14,300.38,0.0,0.0
2025-04-28 04:00:00,20.21,40.74,6.3,11.81,0.25,48.26,26.23,54.36,1.42,148.22,0.0,0.0
2025-04-28 05:00:00,23.36,46.48,9.39,14.61,0.35,44.99,25.75,56.12,1.06,92.3,0.0,0.0
2025-04-28 06:00:00,32.54,46.37,12.39,12.58,0.44,33.55,25.9,57.47,1.12,120.08,0.0,0.0
2025-04-28 07:00:00,25.7,56.14,16.09,11.8,0.46,31.34,27.0,57.27,1.54,160.13,0.0,8.25
2025-04-28 08:00:00,32.06,56.89,15.69,12.48,0.53,36.48,29.68,54.21,1.41,172.34,0.0,57.95
2025-04-28 09:00:00,30.65,67.42,16.11,12.77,0.66,45.22,33.22,48.04,1.36,185.27,0.0,87.15
2025-04-28 10:00:00,38.25,71.98,13.8,14.53,0.57,63.67,35.43,42.28,1.12,204.84,0.0,91.08
2025-04-28 11:00:00,35.3,71.94,14.59,15.1,0.54,72.94,37.68,36.95,0.66,220.96,0.0,99.07
2025-04-28 12:00:00,35.62,70.74,14.1,17.27,0.5,82.6,38.94,33.79,0.63,226.55,0.0,120.42
2025-04-28 13:00:00,36.43,68.84,14.06,16.26,0.46,84.56,40.29,29.34,0.76,242.83,0.0,123.92
2025-04-28 14:00:00,32.96,69.56,15.15,15.94,0.39,84.93,39.89,25.52,0.76,279.92,0.0,94.08
2025-04-28 15:00:00,29.9,75.79,15.43,12.96,0.37,85.8,39.67,25.11,1.06,161.75,0.0,110.93
2025-04-28 16:00:00,31.0,71.14,7.5,15.22,0.32,92.77,39.31,24.99,0.85,145.66,0.0,38.38
2025-04-28 17:00:00,29.78,68.74,30.07,15.7,0.66,77.22,38.16,26.55,0.65,219.5,0.0,0.0
2025-04-28 18:00:00,36.95,71.05,49.24,18.06,1.27,46.35,35.88,30.34,0.71,140.21,0.0,0.0
2025-04-28 19:00:00,33.79,96.6,55.42,22.31,1.54,36.52,34.62,37.68,1.54,131.26,0.0,0.0
2025-04-28 20:00:00,49.03,113.31,26.91,15.03,0.79,54.78,32.97,42.37,1.48,143.0,0.0,0.0
2025-04-28 21:00:00,49.46,110.48,28.49,14.42,0.82,51.25,32.19,42.41,1.4,160.57,0.0,0.0
2025-04-28 22:00:00,44.12,103.5,24.76,13.76,0.67,48.24,31.27,44.35,1.38,137.2,0.0,0.0
2025-04-28 23:00:00,44.93,97.11,9.43,13.16,0.36,56.06,29.59,51.28,1.24,93.76,0.0,0.0
2025-04-29 00:00:00,40.33,76.06,9.31,17.49,0.32,46.85,28.5,53.88,1.09,72.52,0.0,0.0
2025-04-29 01:00:00,40.13,70.77,10.01,18.66,0.35,41.19,27.63,55.68,1.2,62.1,0.0,0.0
2025-04-29 02:00:00,34.02,71.69,10.56,17.1,0.37,37.83,27.1,57.42,0.97,97.75,0.0,0.0
2025-04-29 03:00:00,40.1,75.02,7.24,14.93,0.32,40.51,26.72,58.96,0.88,99.53,0.0,0.0
2025-04-29 04:00:00,33.1,57.91,6.9,14.32,0.32,38.44,26.37,60.22,0.88,99.38,0.0,0.0
2025-04-29 05:00:00,35.62,60.57,6.07,9.22,0.31,34.1,25.94,61.88,0.93,78.33,0.0,0.0
2025-04-29 06:00:00,34.51,60.98,11.8,11.05,0.42,23.51,26.28,61.24,0.97,75.7,0.0,0.0
2025-04-29 07:00:00,32.08,57.48,14.25,10.97,0.48,22.87,27.55,60.01,1.01,90.48,0.0,10.55
2025-04-29 08:00:00,34.9,64.2,14.3,11.59,0.47,25.75,29.54,55.79,1.14,128.04,0.0,78.75
2025-04-29 09:00:00,39.47,64.54,15.6,14.2,0.5,28.74,32.4,48.39,1.79,159.73,0.0,107.52
2025-04-29 10:00:00,35.32,60.8,18.33,21.93,0.58,45.3,34.91,42.39,1.76,173.18,0.0,99.72
2025-04-29 11:00:00,38.03,80.46,16.06,21.64,0.48,69.43,37.44,36.71,1.39,186.84,0.0,119.52
2025-04-29 12:00:00,34.88,77.67,15.96,13.58,0.42,73.76,39.64,30.91,0.7,219.1,0.0,136.45
2025-04-29 13:00:00,35.74,75.54,14.69,12.75,0.41,86.49,41.16,27.37,0.73,244.34,0.0,128.9
2025-04-29 14:00:00,40.15,78.49,14.38,10.62,0.38,92.26,41.44,25.28,0.76,211.12,0.0,151.42
2025-04-29 15:00:00,41.04,82.45,10.66,11.19,0.26,90.5,40.58,23.89,1.17,286.55,0.0,59.02
2025-04-29 16:00:00,39.59,105.63,16.96,7.08,0.4,71.13,36.06,28.15,1.46,241.86,0.0,2.9
2025-04-29 17:00:00,32.28,104.36,34.86,7.49,0.63,54.33,36.36,28.91,1.21,212.68,0.0,0.0
2025-04-29 18:00:00,34.0,101.27,52.62,5.42,1.26,29.08,35.17,30.36,1.32,152.67,0.0,0.0
2025-04-29 19:00:00,38.87,100.17,54.25,8.76,1.23,29.95,33.52,32.93,1.22,103.59,0.0,0.0
2025-04-29 20:00:00,47.23,112.9,23.95,9.84,0.61,60.92,31.49,41.74,1.22,127.31,0.0,0.0
2025-04-29 21:00:00,50.03,114.82,17.34,8.34,0.45,62.35,30.16,44.84,1.01,89.58,0.0,0.0
2025-04-29 22:00:00,45.19,95.48,14.55,7.77,0.43,57.39,29.27,48.52,1.0,116.0,0.0,0.0
2025-04-29 23:00:00,46.89,90.6,13.86,7.42,0.34,57.17,28.72,50.13,0.92,91.41,0.0,0.0
2025-04-30 00:00:00,36.23,71.55,6.08,8.62,0.24,58.92,27.91,53.64,1.22,81.55,0.0,0.0
2025-04-30 01:00:00,31.53,58.92,6.48,15.56,0.3,49.67,26.9,56.84,1.14,43.08,0.0,0.0
2025-04-30 02:00:00,28.88,53.64,6.29,16.04,0.31,47.4,26.01,60.58,0.89,63.62,0.0,0.0
2025-04-30 03:00:00,40.51,51.49,6.54,16.82,0.32,49.12,25.37,62.05,0.8,89.08,0.0,0.0
2025-04-30 04:00:00,32.08,56.88,6.4,11.79,0.32,45.9,25.06,63.16,0.78,126.22,0.0,0.0
2025-04-30 05:00:00,26.58,53.78,7.38,10.36,0.34,41.72,25.07,63.42,0.84,183.81,0.0,0.0
2025-04-30 06:00:00,25.59,59.28,8.89,10.22,0.41,40.24,25.64,62.29,1.0,196.98,0.0,0.0
2025-04-30 07:00:00,27.81,55.22,12.99,15.22,0.67,42.57,26.87,59.17,1.11,270.55,0.0,29.62
2025-04-30 08:00:00,31.18,71.81,14.79,15.48,0.66,52.35,28.75,55.98,0.74,63.78,0.0,79.18
2025-04-30 09:00:00,37.32,96.55,15.89,11.73,0.56,58.49,30.48,53.31,0.86,148.44,0.0,120.98
2025-04-30 10:00:00,38.56,93.41,11.68,10.81,0.48,68.68,33.03,47.36,0.7,97.78,0.0,108.4
2025-04-30 11:00:00,35.92,93.3,14.31,12.64,0.55,84.6,35.56,41.46,0.82,238.37,0.0,117.85
2025-04-30 12:00:00,40.34,86.88,17.3,17.1,0.55,106.49,38.2,35.74,0.72,237.81,0.0,158.85
2025-04-30 13:00:00,34.02,91.52,8.8,19.74,0.42,126.09,39.54,32.28,0.83,126.59,0.0,157.8
2025-04-30 14:00:00,45.05,94.78,7.6,21.26,0.43,140.85,40.41,29.68,0.95,136.34,0.0,155.9
2025-04-30 15:00:00,44.02,102.23,17.53,49.82,0.48,137.22,40.67,27.02,0.73,107.56,0.0,93.2
2025-04-30 16:00:00,40.63,103.3,29.15,88.15,0.51,124.58,40.38,26.1,0.97,109.16,0.0,29.75
2025-04-30 17:00:00,46.84,109.64,34.08,87.46,0.66,105.96,39.06,27.66,1.05,85.32,0.0,0.0
2025-04-30 18:00:00,52.01,112.43,28.31,36.32,0.69,88.94,37.16,30.45,1.15,86.73,0.0,0.0
2025-04-30 19:00:00,53.81,106.24,42.1,18.46,1.02,59.26,35.5,31.6,0.98,92.53,0.0,0.0
2025-04-30 20:00:00,59.42,115.32,59.49,16.61,1.45,27.52,33.96,36.36,1.18,93.18,0.0,0.0
2025-04-30 21:00:00,69.38,127.14,62.63,14.74,1.63,21.29,32.98,40.5,1.16,94.42,0.0,0.0
2025-04-30 22:00:00,72.19,128.43,26.13,10.57,0.71,48.09,32.52,43.5,1.06,80.35,0.0,0.0
2025-04-30 23:00:00,65.07,118.23,7.66,8.34,0.38,55.17,31.62,48.5,1.0,66.3,0.0,0.0
2025-05-01 00:00:00,59.3,106.66,6.28,7.11,0.29,47.99,31.19,53.02,1.01,77.07,0.0,0.0
2025-05-01 01:00:00,51.41,87.35,6.9,8.41,0.37,43.83,30.53,54.24,1.06,83.55,0.0,0.0
2025-05-01 02:00:00,37.81,75.09,6.14,7.73,0.34,41.31,29.94,56.93,1.01,81.36,0.0,0.0
2025-05-01 03:00:00,26.67,66.25,5.3,6.73,0.31,37.57,29.55,58.5,1.08,111.11,0.0,0.0
2025-05-01 04:00:00,29.52,57.12,5.31,6.02,0.29,33.62,28.96,61.1,1.19,137.51,0.0,0.0
2025-05-01 05:00:00,28.22,55.03,6.07,5.64,0.29,29.06,28.38,63.68,0.83,99.22,0.0,0.0
2025-05-01 06:00:00,29.07,57.56,11.04,5.93,0.38,24.46,28.65,62.72,1.31,152.05,0.0,0.0
2025-05-01 07:00:00,28.94,46.69,12.73,9.91,0.38,27.7,29.82,57.83,1.65,163.38,0.0,9.9
2025-05-01 08:00:00,24.18,56.91,11.7,14.21,0.38,33.63,31.53,53.3,1.71,169.5,0.0,81.75
2025-05-01 09:00:00,32.94,59.27,10.87,12.78,0.4,43.06,33.03,50.04,1.62,166.74,0.0,121.35
2025-05-01 10:00:00,29.69,63.45,13.07,11.72,0.39,54.41,35.05,45.3,1.14,180.48,0.0,118.3
2025-05-01 11:00:00,34.98,68.5,12.65,15.86,0.39,70.78,36.6,41.78,1.37,174.27,0.0,141.05
2025-05-01 12:00:00,34.74,70.37,12.95,24.41,0.37,87.4,38.29,38.26,1.13,190.62,0.0,144.78
2025-05-01 13:00:00,38.44,73.82,9.84,33.86,0.32,102.58,39.34,34.34,1.08,149.91,0.0,144.98
2025-05-01 14:00:00,43.82,74.78,9.95,35.8,0.31,108.64,40.02,31.99,0.92,166.45,0.0,144.1
2025-05-01 15:00:00,44.18,77.16,9.92,27.2,0.33,109.24,40.05,30.26,0.9,187.63,0.0,93.35
2025-05-01 16:00:00,50.07,79.97,18.02,18.69,0.42,98.72,39.46,30.41,1.12,220.65,0.0,25.32
2025-05-01 17:00:00,42.85,80.51,19.21,21.17,0.56,91.04,38.98,30.54,1.3,185.67,0.0,0.0
2025-05-01 18:00:00,45.31,88.34,19.41,24.7,0.56,80.15,36.46,34.79,1.06,86.03,0.0,0.0
2025-05-01 19:00:00,47.23,120.94,8.45,28.3,0.3,80.25,31.42,44.49,1.28,77.98,0.0,0.0
2025-05-01 20:00:00,41.7,105.8,11.04,25.01,0.34,74.93,29.8,46.55,1.58,84.09,0.0,0.0
2025-05-01 21:00:00,40.9,88.25,14.13,11.12,0.35,69.68,28.13,49.68,1.37,98.65,0.0,0.0
2025-05-01 22:00:00,37.62,75.53,16.53,6.29,0.35,68.39,27.82,48.88,1.21,124.72,0.0,0.0
2025-05-01 23:00:00,35.35,62.79,10.55,6.02,0.26,70.36,27.29,51.49,1.46,149.4,0.0,0.0
2025-05-02 00:00:00,29.12,60.48,7.01,6.44,0.2,65.15,26.32,54.96,1.18,266.54,0.0,0.0
2025-05-02 01:00:00,28.26,54.6,7.39,5.93,0.23,58.25,25.76,56.9,0.62,160.62,0.0,0.0
2025-05-02 02:00:00,24.4,43.59,6.96,14.89,0.34,51.46,25.34,58.13,0.83,135.68,0.0,0.0
2025-05-02 03:00:00,32.5,49.28,9.07,18.19,0.37,45.74,24.86,60.9,0.81,291.06,0.0,0.0
2025-05-02 04:00:00,25.9,49.9,9.22,16.97,0.4,46.46,25.36,59.04,1.14,123.49,0.0,0.0
2025-05-02 05:00:00,22.63,45.62,7.63,10.59,0.32,49.24,24.81,60.5,0.98,73.87,0.0,0.0
2025-05-02 06:00:00,21.9,46.62,16.32,11.97,0.4,40.35,25.59,58.72,0.8,87.3,0.0,0.0
2025-05-02 07:00:00,18.07,43.89,17.52,16.4,0.43,46.24,27.21,54.96,0.89,94.32,0.0,17.3
2025-05-02 08:00:00,25.94,54.07,18.98,22.67,0.5,56.76,28.78,51.89,0.88,118.36,0.0,86.75
2025-05-02 09:00:00,26.13,65.46,19.36,15.57,0.56,60.8,30.44,49.84,1.01,151.18,0.0,128.82
2025-05-02 10:00:00,32.66,67.09,14.87,10.45,0.51,68.29,32.7,47.24,0.89,184.27,0.0,107.3
2025-05-02 11:00:00,34.03,66.9,14.89,20.67,0.44,81.22,34.82,43.04,0.89,242.84,0.0,122.28
2025-05-02 12:00:00,39.71,68.78,14.52,26.79,0.43,99.69,36.05,40.04,1.28,126.57,0.0,151.68
2025-05-02 13:00:00,37.25,78.0,12.78,24.33,0.41,115.24,37.35,38.04,0.78,140.78,0.0,143.32
2025-05-02 14:00:00,39.14,81.24,17.44,28.39,0.47,133.61,37.9,36.31,0.78,64.22,0.0,142.65
2025-05-02 15:00:00,44.36,78.94,32.92,123.99,0.44,117.81,38.22,34.05,0.89,147.99,0.0,94.8
2025-05-02 16:00:00,50.0,96.71,27.51,80.36,0.47,124.24,38.03,34.07,0.9,111.68,0.0,36.88
2025-05-02 17:00:00,52.2,105.39,18.1,12.51,0.5,94.39,36.35,41.64,1.09,99.02,0.0,0.0
2025-05-02 18:00:00,52.86,104.76,22.09,10.27,0.64,79.77,34.84,45.1,1.16,112.19,0.0,0.0
2025-05-02 19:00:00,56.54,96.69,27.5,9.99,0.71,70.26,33.7,47.38,1.14,88.67,0.0,0.0
2025-05-02 20:00:00,48.38,92.98,25.19,10.39,0.71,65.5,32.69,48.87,1.1,81.47,0.0,0.0
2025-05-02 21:00:00,44.38,92.82,29.71,10.09,0.8,56.6,31.99,49.6,1.09,114.0,0.0,0.0
2025-05-02 22:00:00,48.77,99.24,31.98,8.68,0.78,47.12,31.24,50.86,0.9,126.92,0.0,0.0
2025-05-02 23:00:00,49.15,92.58,26.75,9.07,0.6,44.06,29.72,53.84,0.85,120.54,0.0,0.0
2025-05-03 00:00:00,46.57,83.34,19.08,11.17,0.42,45.92,29.6,53.69,0.68,172.39,0.0,0.0
2025-05-03 01:00:00,40.22,87.01,15.12,10.85,0.36,45.39,29.26,55.04,0.57,193.84,0.0,0.0
2025-05-03 02:00:00,43.64,88.92,12.67,9.32,0.34,39.18,28.69,57.43,0.91,186.57,0.0,0.0
2025-05-03 03:00:00,45.61,96.01,16.42,7.58,0.42,20.13,27.94,63.32,0.73,249.1,0.0,0.0
2025-05-03 04:00:00,46.12,90.07,22.58,7.72,0.54,10.02,27.56,63.52,1.12,313.38,0.0,0.0
2025-05-03 05:00:00,41.04,88.35,21.58,7.22,0.48,11.44,28.36,62.78,0.94,216.47,0.0,0.0
2025-05-03 06:00:00,42.03,85.51,20.16,9.61,0.5,16.11,29.27,61.23,1.27,171.4,0.0,2.75
2025-05-03 07:00:00,38.43,81.52,17.38,11.05,0.46,22.18,30.79,58.78,1.5,160.26,0.0,41.32
2025-05-03 08:00:00,43.38,79.98,13.68,9.31,0.48,32.24,32.92,53.92,1.47,177.42,0.0,93.57
2025-05-03 09:00:00,50.11,83.8,13.75,9.73,0.48,45.79,34.8,47.92,1.15,196.4,0.0,134.15
2025-05-03 10:00:00,46.04,77.52,13.67,9.74,0.43,59.22,36.86,42.04,0.56,243.74,0.0,140.93
2025-05-03 11:00:00,39.1,83.87,15.51,10.1,0.46,69.18,38.86,36.34,0.88,190.36,0.0,160.57
2025-05-03 12:00:00,38.38,82.52,15.92,11.46,0.46,82.69,40.11,32.61,0.91,213.42,0.0,134.9
2025-05-03 13:00:00,39.55,84.66,24.85,9.71,0.56,70.62,38.85,32.91,1.34,187.14,0.0,57.85
2025-05-03 14:00:00,40.78,95.2,16.97,8.48,0.37,75.13,38.16,29.92,1.15,133.84,0.0,138.25
2025-05-03 15:00:00,39.63,104.3,8.3,6.11,0.23,77.26,34.71,34.03,1.44,34.52,0.0,32.3
2025-05-03 16:00:00,41.73,146.77,9.89,7.94,0.32,77.03,30.72,46.16,1.28,72.16,0.0,21.35
2025-05-03 17:00:00,40.41,142.26,13.63,8.4,0.39,75.27,30.88,48.6,1.23,87.26,0.0,0.0
2025-05-03 18:00:00,42.83,124.07,15.09,6.24,0.39,69.96,30.16,46.72,1.08,59.32,0.0,0.0
2025-05-03 19:00:00,35.61,104.11,17.83,14.7,0.52,58.01,29.02,50.26,1.12,62.06,0.0,0.0
2025-05-03 20:00:00,38.6,99.79,18.66,26.26,0.49,52.22,28.52,50.76,1.32,26.89,0.0,0.0
2025-05-03 21:00:00,35.24,95.51,15.28,18.38,0.34,55.72,28.17,49.57,0.78,130.62,0.0,0.0
2025-05-03 22:00:00,26.54,92.56,12.71,6.99,0.3,55.92,28.1,48.89,0.78,64.49,0.0,0.0
2025-05-03 23:00:00,31.15,73.6,12.31,5.87,0.33,53.56,27.4,51.86,1.23,130.08,0.0,0.0
2025-05-04 00:00:00,32.75,72.3,14.08,8.09,0.43,52.42,26.95,53.04,0.71,158.2,0.0,0.0
2025-05-04 01:00:00,42.64,82.95,12.31,9.25,0.33,49.79,26.38,55.16,0.98,82.62,0.0,0.0
2025-05-04 02:00:00,39.52,86.02,12.69,47.83,0.34,43.84,26.21,55.86,1.11,121.55,0.0,0.0
2025-05-04 03:00:00,44.62,84.78,6.64,9.62,0.26,48.02,25.51,57.76,1.52,144.17,0.0,0.0
2025-05-04 04:00:00,34.63,69.32,6.42,6.28,0.24,52.52,24.99,58.12,1.26,157.35,0.0,0.0
2025-05-04 05:00:00,29.34,61.28,8.0,5.06,0.24,57.8,24.45,59.11,1.25,142.12,0.0,0.0
2025-05-04 06:00:00,23.59,55.91,14.62,8.02,0.33,51.7,24.72,59.55,1.03,173.52,0.0,0.0
2025-05-04 07:00:00,28.42,52.88,13.11,16.65,0.32,58.86,25.82,58.59,0.88,256.31,0.0,11.82
2025-05-04 08:00:00,28.32,53.97,14.08,20.28,0.37,67.13,28.01,53.98,0.96,248.4,0.0,67.6
2025-05-04 09:00:00,29.82,54.05,10.26,8.68,0.32,76.92,30.46,49.03,0.92,251.38,0.0,116.65
2025-05-04 10:00:00,28.32,46.64,17.5,43.52,0.4,78.94,32.85,45.31,1.21,203.56,0.0,109.45
2025-05-04 11:00:00,36.1,56.47,15.72,33.76,0.43,88.78,35.08,42.59,0.97,221.25,0.0,122.55
2025-05-04 12:00:00,42.52,65.21,14.57,25.16,0.43,96.62,36.7,39.47,0.72,237.99,0.0,152.02
2025-05-04 13:00:00,41.11,64.64,10.06,14.72,0.36,102.35,37.76,35.12,0.68,170.93,0.0,135.78
2025-05-04 14:00:00,38.29,65.34,7.49,11.82,0.27,107.08,38.17,32.2,1.03,242.27,0.0,132.98
2025-05-04 15:00:00,38.53,74.97,13.17,9.88,0.36,102.03,38.12,32.36,0.71,218.59,0.0,88.35
2025-05-04 16:00:00,38.7,74.52,16.33,7.65,0.38,85.97,35.25,36.35,1.47,142.46,0.0,31.72
2025-05-04 17:00:00,36.91,68.26,28.37,9.25,0.61,71.97,35.41,37.28,1.36,130.7,0.0,6.18
2025-05-04 18:00:00,46.37,79.1,25.83,16.4,0.59,73.32,32.67,40.32,1.46,144.15,0.0,0.0
2025-05-04 19:00:00,37.0,79.57,25.31,5.22,0.57,55.79,28.58,54.05,1.76,170.91,0.4,0.0
2025-05-04 20:00:00,56.12,102.41,36.93,4.84,0.86,19.78,24.62,73.34,0.78,155.06,0.0,0.0
2025-05-04 21:00:00,53.44,89.42,32.78,5.68,0.69,32.29,26.48,58.57,1.06,89.15,0.0,0.0
2025-05-04 22:00:00,53.6,80.48,28.95,5.35,0.58,34.61,26.96,53.18,0.78,101.92,0.0,0.0
2025-05-04 23:00:00,46.61,77.46,14.38,6.48,0.37,42.67,26.15,59.12,1.35,318.72,0.0,0.0
2025-05-05 00:00:00,42.74,73.65,9.24,4.54,0.27,39.25,22.24,80.34,0.58,264.79,0.6,0.0
2025-05-05 01:00:00,36.79,68.19,5.38,4.49,0.2,52.83,21.91,77.94,1.52,173.66,0.1,0.0
2025-05-05 02:00:00,29.28,47.45,5.48,4.5,0.18,40.38,20.56,86.36,0.9,211.04,0.05,0.0
2025-05-05 03:00:00,26.35,34.76,9.56,3.62,0.21,27.85,21.56,80.45,0.88,237.89,0.0,0.0
2025-05-05 04:00:00,22.77,34.34,10.1,5.05,0.26,14.67,22.73,74.76,0.82,298.53,0.05,0.0
2025-05-05 05:00:00,19.11,30.66,5.82,4.66,0.16,21.84,23.27,68.11,1.29,282.81,0.05,0.0
2025-05-05 06:00:00,20.99,34.23,13.66,3.44,0.35,14.4,22.7,71.45,1.19,224.07,0.1,0.0
2025-05-05 07:00:00,16.2,28.08,27.08,7.29,0.73,8.36,24.36,68.9,0.74,262.2,0.0,18.15
2025-05-05 08:00:00,21.27,43.4,17.53,7.98,0.45,20.96,27.69,57.1,0.88,138.44,0.05,87.65
2025-05-05 09:00:00,32.69,52.79,19.5,7.56,0.47,21.95,29.96,53.81,1.38,195.06,0.0,136.88
2025-05-05 10:00:00,35.14,52.51,17.36,8.16,0.45,36.97,32.4,47.36,1.4,184.63,0.0,117.45
2025-05-05 11:00:00,26.86,51.72,14.9,10.93,0.37,75.45,34.57,38.46,1.14,202.78,0.0,153.32
2025-05-05 12:00:00,23.02,50.96,13.98,8.23,0.34,81.31,35.7,36.1,1.3,184.14,0.0,151.65
2025-05-05 13:00:00,20.48,53.24,15.32,5.05,0.31,84.39,36.84,35.12,0.65,226.97,0.0,131.4
2025-05-05 14:00:00,29.0,53.06,14.67,6.15,0.31,89.48,37.03,34.46,1.48,190.09,0.0,128.43
2025-05-05 15:00:00,32.09,50.94,17.07,6.84,0.36,88.01,37.2,34.17,1.08,203.46,0.0,95.7
2025-05-05 16:00:00,34.17,61.43,20.5,8.65,0.44,90.8,36.65,35.72,1.31,191.46,0.0,21.75
2025-05-05 17:00:00,33.95,67.9,29.31,13.29,0.68,77.5,35.84,36.41,1.51,175.16,0.0,0.0
2025-05-05 18:00:00,38.7,80.3,10.73,20.3,0.24,78.64,31.95,40.41,1.58,172.69,0.0,0.0
2025-05-05 19:00:00,38.1,89.36,19.39,13.78,0.52,60.24,28.9,48.97,0.77,153.49,0.0,0.0
2025-05-05 20:00:00,35.59,85.27,23.73,9.85,0.47,51.11,25.91,60.08,0.52,149.77,0.25,0.0
2025-05-05 21:00:00,40.6,80.27,27.45,8.06,0.64,29.64,23.9,72.34,0.87,218.92,0.0,0.0
2025-05-05 22:00:00,43.2,90.45,15.6,8.9,0.33,40.91,26.42,57.67,1.48,242.13,0.0,0.0
2025-05-05 23:00:00,39.95,73.51,8.3,8.26,0.19,43.86,25.75,58.4,1.39,337.93,0.0,0.0
2025-05-06 00:00:00,30.12,63.65,22.05,10.45,0.48,27.08,25.62,60.68,0.7,110.04,0.0,0.0
2025-05-06 01:00:00,30.28,65.09,20.3,10.23,0.41,25.62,25.38,60.99,0.92,227.17,0.0,0.0
2025-05-06 02:00:00,26.38,62.44,15.02,10.17,0.36,26.77,23.73,71.26,1.11,225.33,0.1,0.0
2025-05-06 03:00:00,34.73,56.85,12.96,7.94,0.28,21.73,22.48,76.58,0.81,215.53,0.0,0.0
2025-05-06 04:00:00,35.25,49.74,11.87,8.47,0.28,21.25,22.82,72.0,0.78,247.57,0.0,0.0
2025-05-06 05:00:00,26.18,47.92,20.64,9.25,0.56,11.06,22.12,77.42,0.86,177.95,0.0,0.0
2025-05-06 06:00:00,32.27,56.11,18.62,10.14,0.46,15.72,23.59,70.44,1.18,185.07,0.0,0.0
2025-05-06 07:00:00,27.95,57.38,20.43,15.96,0.42,23.54,25.96,63.3,1.0,243.1,0.0,26.35
2025-05-06 08:00:00,30.62,60.18,19.89,24.84,0.4,47.42,28.76,52.78,0.64,255.41,0.0,107.98
2025-05-06 09:00:00,31.29,58.86,18.34,13.68,0.49,57.7,31.14,46.95,0.84,179.21,0.0,165.62
2025-05-06 10:00:00,30.36,65.34,12.22,11.08,0.37,70.4,32.64,41.67,0.88,228.15,0.0,164.82
2025-05-06 11:00:00,28.27,62.98,11.7,10.25,0.29,77.52,34.36,38.84,0.68,233.49,0.0,188.65
2025-05-06 12:00:00,26.1,61.06,14.21,13.34,0.31,88.52,35.92,35.92,1.06,178.12,0.0,151.65
2025-05-06 13:00:00,28.83,61.39,16.95,11.92,0.42,87.04,36.7,34.39,1.5,174.93,0.0,158.77
2025-05-06 14:00:00,30.52,59.31,12.07,12.33,0.28,89.26,37.08,33.1,1.0,218.57,0.0,142.0
2025-05-06 15:00:00,38.09,55.7,17.83,12.54,0.31,79.47,37.22,30.87,0.82,220.61,0.0,90.75
2025-05-06 16:00:00,36.94,58.18,12.79,11.88,0.32,78.08,36.84,30.46,0.57,218.55,0.0,21.65
2025-05-06 17:00:00,34.66,58.54,25.55,14.48,0.53,69.42,35.89,31.8,1.05,181.03,0.0,0.0
2025-05-06 18:00:00,38.44,68.51,46.31,12.38,0.96,42.13,33.78,35.09,1.11,138.19,0.0,0.0
2025-05-06 19:00:00,39.76,74.49,46.26,11.65,0.87,33.15,32.0,37.52,1.12,312.88,0.0,0.0
2025-05-06 20:00:00,38.66,75.12,31.3,8.27,0.67,37.5,31.68,35.38,0.63,277.72,0.0,0.0
2025-05-06 21:00:00,41.14,81.56,55.0,9.78,2.03,6.79,29.94,40.19,1.0,252.45,0.0,0.0
2025-05-06 22:00:00,43.93,106.76,16.46,9.14,0.33,38.43,28.47,47.7,1.67,295.62,0.0,0.0
2025-05-06 23:00:00,37.81,88.65,3.84,7.85,0.15,49.3,26.97,53.22,1.44,318.16,0.0,0.0
2025-05-07 00:00:00,34.96,63.79,2.84,7.21,0.1,51.27,26.09,57.36,1.21,299.46,0.0,0.0
2025-05-07 01:00:00,31.37,50.0,2.75,7.28,0.1,48.57,25.52,55.93,0.92,314.74,0.0,0.0
2025-05-07 02:00:00,25.14,39.83,3.88,6.63,0.1,44.77,24.88,57.35,1.04,319.44,0.0,0.0
2025-05-07 03:00:00,19.0,36.9,9.56,7.48,0.18,35.44,24.44,58.69,0.86,265.78,0.0,0.0
2025-05-07 04:00:00,18.83,29.03,7.22,8.53,0.15,33.36,23.89,61.68,1.06,313.24,0.0,0.0
2025-05-07 05:00:00,21.69,28.71,8.6,9.59,0.16,30.53,23.08,65.44,1.33,309.03,0.0,0.0
2025-05-07 06:00:00,18.77,41.76,17.44,8.82,0.26,22.65,23.61,65.61,0.6,231.32,0.0,0.0
2025-05-07 07:00:00,19.42,45.08,18.8,9.75,0.39,31.84,25.81,57.48,1.24,206.3,0.0,11.38
2025-05-07 08:00:00,21.3,45.63,15.93,14.51,0.32,46.39,27.73,52.0,1.54,166.56,0.0,53.82
2025-05-07 09:00:00,24.25,46.58,15.2,14.08,0.37,51.14,29.86,45.91,1.36,171.68,0.0,85.0
2025-05-07 10:00:00,21.04,47.03,13.68,15.29,0.33,60.65,31.81,41.63,1.28,172.68,0.0,103.3
2025-05-07 11:00:00,25.71,46.62,10.18,19.56,0.28,67.86,34.14,37.91,0.76,238.91,0.0,111.6
2025-05-07 12:00:00,23.79,48.83,13.54,14.07,0.28,70.97,35.92,34.36,0.81,209.1,0.0,116.6
2025-05-07 13:00:00,19.64,43.96,11.92,8.65,0.26,75.76,37.18,31.34,0.71,272.16,0.0,112.75
2025-05-07 14:00:00,18.96,42.96,10.88,2.52,0.24773725587417905,74.15,37.29,29.01,0.7,227.49,0.0,112.4
2025-05-07 15:00:00,41.386601829343974,79.0483925098648,9.3,24.346689050528916,0.07,65.1,37.06,28.48,0.88,223.37,0.0,82.78
2025-05-07 16:00:00,21.77534734169629,44.55,12.84,6.38,0.23,60.93,36.22,30.9,0.82,253.64,0.0,20.65
2025-05-07 17:00:00,12.68,58.7,13.08,5.22,0.26,30.891097435207506,35.14,31.91,0.93,287.93,0.0,0.0
2025-05-07 18:00:00,20.75,57.94,15.73,5.94,0.38,26.875025834503525,33.53,34.26,1.09,241.39,0.0,0.0
2025-05-07 19:00:00,23.92,56.77,18.95,8.8,0.39,37.37,31.36,38.98,1.27,341.04,0.0,0.0
2025-05-07 20:00:00,31.93,56.9,15.24,8.33,0.32,42.33,30.62,41.6,1.3,226.88,0.0,0.0
2025-05-07 21:00:00,35.09,57.91,7.28,8.32,0.2,45.76,30.14,42.75,1.31,304.51,0.0,0.0
2025-05-07 22:00:00,36.81,56.65,11.0,8.91,0.24,39.79,28.61,44.74,0.89,190.79,0.0,0.0
2025-05-07 23:00:00,39.92,52.3,37.78,11.67,0.74,13.57,27.94,45.98,0.86,258.58,0.0,0.0
2025-05-08 00:00:00,43.92,54.04,20.44,9.43,0.28,24.16,27.16,49.64,1.08,231.06,0.0,0.0
2025-05-08 01:00:00,46.69,57.46,16.8,8.91,0.26,26.36,27.29,48.52,0.67,201.77,0.0,0.0
2025-05-08 02:00:00,40.73,51.66,8.96,10.14,0.23,31.31,26.35,51.17,0.52,290.96,0.0,0.0
2025-05-08 03:00:00,24.33,47.92,14.02,13.92,0.4,25.4,26.01,53.09,0.68,205.45,0.0,0.0
2025-05-08 04:00:00,27.12,50.14,20.2,34.52,0.31,16.34,25.93,53.44,1.17,222.98,0.0,0.0
2025-05-08 05:00:00,28.62,59.1,21.11,25.13,0.42,12.14,24.96,57.13,0.88,127.1,0.0,0.0
2025-05-08 06:00:00,30.74,61.62,14.02,14.32,0.34,21.53,25.84,56.97,0.86,310.41,0.0,0.0
2025-05-08 07:00:00,31.21,62.38,19.74,21.0,0.45,30.86,28.3,52.61,0.84,279.07,0.0,20.9
2025-05-08 08:00:00,38.08,69.24,14.21,18.5,0.4,41.96,30.98,46.86,0.83,258.57,0.0,69.92
2025-05-08 09:00:00,31.77,59.9,12.36,10.55,0.32,43.92,32.77,39.81,1.02,259.33,0.0,93.3
2025-05-08 10:00:00,23.48,50.59,11.58,10.8,0.36,41.24,33.84,38.7,0.82,242.0,0.0,110.5
2025-05-08 11:00:00,20.72,50.1,11.53,17.56,0.33,42.41,35.34,36.41,0.52,246.65,0.0,93.95
2025-05-08 12:00:00,25.14,46.84,8.86,7.7,0.27,48.14,36.85,32.82,0.89,221.6,0.0,77.5
2025-05-08 13:00:00,24.73,42.18,7.82,7.86,0.29,60.74,37.14,32.47,1.14,188.16,0.0,83.0
2025-05-08 14:00:00,22.72,45.47,12.0,4.58,0.31,67.23,37.45,32.48,0.6,222.65,0.0,89.1
2025-05-08 15:00:00,22.61,45.94,11.37,7.71,0.28,72.63,37.17,32.62,0.94,246.25,0.0,67.32
2025-05-08 16:00:00,25.64,47.94,8.926780120418755,8.15,0.32,63.97,36.85,31.5,0.68,280.04,0.0,20.0
2025-05-08 17:00:00,26.46,44.78,10.19866949124477,8.74,0.38,51.79,35.89,32.9,0.66,307.7,0.0,0.0
2025-05-08 18:00:00,28.67,41.24,33.21,4.3,0.74,40.54,34.22,35.02,0.87,254.8,0.0,0.0
2025-05-08 19:00:00,23.48,48.29,63.14,7.59,1.78,7.66,31.92,40.25,1.1,232.89,0.0,0.0
2025-05-08 20:00:00,30.76,61.24,37.8,9.01,0.88,19.87,31.22,43.32,1.11,162.94,0.0,0.0
2025-05-08 21:00:00,29.61,61.63,41.54,9.47,1.12,19.75,31.38,39.74,0.72,281.86,0.0,0.0
2025-05-08 22:00:00,35.54,61.12,29.51,9.55,0.62,19.18,29.31,49.08,1.24,301.34,0.0,0.0
2025-05-08 23:00:00,34.9,69.1,45.86,14.08,1.0,7.31,29.01,46.55,0.7,194.66,0.0,0.0
2025-05-09 00:00:00,33.55,65.79,25.21,15.96,0.41,39.97,29.75,49.31,1.42,124.41,0.0,0.0
2025-05-09 01:00:00,35.28,63.9,8.35,9.11,0.22,54.72,29.09,51.36,1.57,175.56,0.0,0.0
2025-05-09 02:00:00,34.4,59.26,7.2,13.35,0.19,50.4,27.9,56.44,1.2,184.75,0.0,0.0
2025-05-09 03:00:00,33.2,49.28,8.68,19.26,0.2,46.76,27.47,57.13,1.07,180.65,0.0,0.0
2025-05-09 04:00:00,32.06,47.95,13.38,27.39,0.23,36.46,27.03,57.92,0.64,217.0,0.0,0.0
2025-05-09 05:00:00,27.64,47.92,19.36,33.54,0.26,29.93,26.54,59.81,0.64,236.1,0.0,0.0
2025-05-09 06:00:00,27.65,51.62,19.58,29.84,0.29,30.16,27.14,59.58,0.75,186.06,0.0,0.1
2025-05-09 07:00:00,34.58,53.62,18.67,24.34,0.37,38.14,28.91,55.54,1.01,160.12,0.0,28.7
2025-05-09 08:00:00,29.4,56.99,22.12,26.14,0.5,55.31,30.76,50.12,0.94,174.17,0.0,71.3
2025-05-09 09:00:00,32.64,53.68,17.36,23.22,0.35,66.82,33.21,44.4,0.53,171.67,0.0,87.18
2025-05-09 10:00:00,40.46,48.66,12.55,11.99,0.32,74.23,35.47,39.64,0.31,291.0,0.0,106.1
2025-05-09 11:00:00,39.92,55.43,18.25,14.48,0.38,76.52,36.84,35.92,0.79,205.88,0.0,92.18
2025-05-09 12:00:00,41.7,59.92,18.19,10.54,0.38,80.17,37.72,33.81,0.9,218.23,0.0,91.82
2025-05-09 13:00:00,38.48,64.02,13.7,12.68,0.31,82.63,38.4,32.2,0.61,184.24,0.0,85.52
2025-05-09 14:00:00,39.31,64.27,12.37,10.88,0.27,85.26,39.05,30.94,0.62,183.27,0.0,98.05
2025-05-09 15:00:00,38.77,57.32,13.29,10.65,0.27,89.1,38.89,30.39,0.84,119.39,0.0,82.95
2025-05-09 16:00:00,35.03,60.42,12.68,11.1,0.31,90.77,37.76,32.24,0.86,158.87,0.0,15.38
2025-05-09 17:00:00,34.82,59.03,23.09,11.39,0.55,73.06,33.22,45.91,2.34,151.84,0.0,0.0
2025-05-09 18:00:00,41.03,91.08,23.12,8.61,0.57,64.08,28.7,54.52,1.78,138.22,0.0,0.0
2025-05-09 19:00:00,38.0,95.09,34.96,8.0,0.77,50.66,30.8,45.86,1.12,122.93,0.0,0.0
2025-05-09 20:00:00,42.27,87.26,36.26,7.15,0.82,40.75,30.55,45.16,1.13,80.14,0.0,0.0
2025-05-09 21:00:00,45.18,80.87,49.14,7.86,1.0,31.83,29.9,48.0,1.14,258.21,0.0,0.0
2025-05-09 22:00:00,47.19,84.38,56.19,8.48,1.06,15.5,28.98,51.6,1.12,227.62,0.0,0.0
2025-05-09 23:00:00,43.22,75.71,37.92,12.8,0.72,18.93,28.64,53.17,1.5,323.66,0.0,0.0
2025-05-10 00:00:00,50.61,83.54,30.45,13.24,0.51,26.52,28.74,50.31,0.75,282.85,0.0,0.0
2025-05-10 01:00:00,45.82,80.78,18.84,17.16,0.39,28.6,27.82,53.2,1.3,315.99,0.0,0.0
2025-05-10 02:00:00,43.09,75.69,19.34,28.37,0.39,26.25,27.65,54.76,1.29,299.2,0.0,0.0
2025-05-10 03:00:00,46.16,82.54,24.94,23.77,0.45,15.21,27.24,56.49,0.88,273.88,0.0,0.0
2025-05-10 04:00:00,49.72,89.46,25.32,27.82,0.55,15.7,27.76,54.91,0.86,161.56,0.0,0.0
2025-05-10 05:00:00,55.82,101.0,25.2,23.85,0.49,21.5,27.38,57.08,1.05,223.17,0.0,0.0
2025-05-10 06:00:00,50.28,93.04,26.86,17.0,0.51,27.7,28.74,54.94,1.12,238.27,0.0,0.0
2025-05-10 07:00:00,47.9,89.55,13.85,10.99,0.29,53.3,27.94,60.27,1.1,296.65,0.0,25.92
2025-05-10 08:00:00,46.67,73.72,6.49,8.46,0.21,51.47,27.25,64.38,1.51,256.86,0.0,74.92
2025-05-10 09:00:00,36.34,57.17,6.13,7.42,0.26,55.97,30.68,54.92,1.18,190.76,0.0,98.3
2025-05-10 10:00:00,37.21,55.03,10.76,9.36,0.34,73.35,33.63,46.87,0.9,23.94,0.0,93.42
2025-05-10 11:00:00,36.05,56.85,18.44,12.64,0.47,89.63,35.81,41.8,0.62,141.5,0.0,99.93
2025-05-10 12:00:00,39.43,62.82,18.16,14.94,0.4,105.45,37.47,39.18,0.63,178.94,0.0,112.05
2025-05-10 13:00:00,38.94,70.3,14.53,13.32,0.36,105.35,38.22,37.61,0.57,187.62,0.0,127.98
2025-05-10 14:00:00,43.47,72.2,15.26,14.35,0.36,102.16,37.67,37.8,0.95,164.94,0.0,90.12
2025-05-10 15:00:00,43.21,74.36,2.61,2.95,0.27,103.71,37.83,36.81,1.41,352.84,0.0,67.8
2025-05-10 16:00:00,51.24,96.92,2.14,8.07,0.26,103.55,37.6,36.96,0.88,166.91,0.0,34.88
2025-05-10 17:00:00,48.86,91.73,16.12,6.54,0.46,83.5,35.76,40.81,1.75,135.26,0.0,0.0
2025-05-10 18:00:00,54.72,96.56,12.58,3.02,0.44,65.78,30.77,54.97,1.5,210.7,0.55,0.0
2025-05-10 19:00:00,66.3,102.99,15.98,0.87,0.56,28.92,24.92,83.17,1.31,246.28,0.6,0.0
2025-05-10 20:00:00,66.14,83.77,7.33,2.28,0.32,47.42,26.07,71.75,1.61,304.4,0.05,0.0
2025-05-10 21:00:00,56.7,73.9,8.21,1.6,0.33,47.0,26.54,72.19,1.4,298.54,0.0,0.0
2025-05-10 22:00:00,61.23,80.3,4.82,1.38,0.24,47.2,26.84,69.84,1.36,337.99,0.0,0.0
2025-05-10 23:00:00,53.2,75.71,1.28,1.22,0.24,47.33,26.48,71.03,1.39,336.55,0.0,0.0
2025-05-11 00:00:00,44.16,64.2,2.49,1.59,0.3,42.63,26.6,70.74,1.44,332.71,0.0,0.0
2025-05-11 01:00:00,47.53,63.67,7.92,2.52,0.37,35.46,26.42,70.36,0.55,212.5,0.0,0.0
2025-05-11 02:00:00,45.3,62.48,10.29,2.03,0.44,26.23,26.45,72.32,0.77,163.91,0.0,0.0
2025-05-11 03:00:00,41.14,63.53,10.71,3.65,0.32,31.42,26.89,68.29,0.92,167.55,0.0,0.0
2025-05-11 04:00:00,38.67,55.75,8.32,3.82,0.28,33.66,26.76,66.73,0.61,176.75,0.0,0.0
2025-05-11 05:00:00,36.9,56.26,9.02,3.52,0.3,32.99,26.54,68.35,1.18,318.51,0.0,0.0
2025-05-11 06:00:00,36.14,56.08,8.96,2.09,0.29,32.98,26.63,68.88,1.33,328.7,0.0,0.0
2025-05-11 07:00:00,33.83,45.71,13.53,1.52,0.36,27.81,27.55,67.42,1.13,305.82,0.0,16.62
2025-05-11 08:00:00,29.72,49.68,11.04,1.74,0.38,31.75,29.51,60.85,0.76,324.36,0.0,105.28
2025-05-11 09:00:00,30.17,50.22,14.8,2.0,0.38,36.54,30.19,59.16,0.92,333.24,0.0,79.52
2025-05-11 10:00:00,31.46,52.27,9.5,2.0,0.34,42.75,30.75,57.6,1.26,183.56,0.0,120.2
2025-05-11 11:00:00,27.38,51.41,22.22,2.38,0.57,53.36,33.81,49.99,1.2,146.07,0.0,161.65
2025-05-11 12:00:00,40.12,60.66,19.44,4.19,0.49,71.52,36.27,41.7,0.97,202.42,0.0,166.18
2025-05-11 13:00:00,37.3,57.96,14.4,4.42,0.44,71.96,36.34,40.84,0.98,203.8,0.0,181.85
2025-05-11 14:00:00,36.94,61.66,16.8,5.42,0.44,76.53,36.78,39.81,0.97,144.26,0.0,176.73
2025-05-11 15:00:00,41.1,62.62,3.0,5.64,0.26,84.69,37.42,37.07,1.16,13.82,0.0,137.1
2025-05-11 16:00:00,46.16,61.88,8.88,4.23,0.32,83.19,37.07,37.06,0.61,144.79,0.0,28.98
2025-05-11 17:00:00,40.89,58.36,7.53,3.78,0.34,83.05,36.58,38.34,1.13,55.55,0.0,2.35
2025-05-11 18:00:00,39.33,66.3,51.58,3.2,1.34,37.74,34.21,45.0,1.08,194.55,0.0,0.0
2025-05-11 19:00:00,47.01,77.4,98.01,3.36,3.34,2.91,32.04,49.86,1.23,273.54,0.0,0.0
2025-05-11 20:00:00,70.78,114.07,63.39,3.87,2.26,7.74,31.08,55.18,1.16,285.0,0.0,0.0
2025-05-11 21:00:00,77.59,123.58,70.3,9.06,2.7,4.75,31.44,53.56,1.1,203.26,0.0,0.0
2025-05-11 22:00:00,83.06,137.56,59.67,5.21,1.57,5.52,29.79,61.02,1.35,305.24,0.0,0.0
2025-05-11 23:00:00,69.84,132.96,42.69,8.63,0.92,10.71,28.98,60.14,0.99,318.56,0.0,0.0
2025-05-12 00:00:00,63.9,122.51,25.54,5.77,0.39,17.86,28.84,58.92,1.28,322.02,0.0,0.0
2025-05-12 01:00:00,64.1,105.12,17.75,3.45,0.2,28.01,29.41,57.85,1.22,289.49,0.0,0.0
2025-05-12 02:00:00,49.41,79.97,5.55,2.28,0.11,40.35,26.28,75.88,0.8,246.42,0.4,0.0
2025-05-12 03:00:00,46.1,65.44,2.78,5.28,0.13,33.8,24.78,81.68,1.08,190.24,0.05,0.0
2025-05-12 04:00:00,44.64,57.41,3.58,5.18,0.21,34.06,24.81,80.34,0.88,188.0,0.0,0.0
2025-05-12 05:00:00,38.11,50.91,11.62,5.13,0.31,22.88,25.84,77.71,0.63,156.9,0.0,0.0
2025-05-12 06:00:00,33.3,51.03,14.15,5.0,0.26,23.47,25.82,78.1,0.76,271.71,0.0,0.0
2025-05-12 07:00:00,35.25,44.71,15.58,4.87,0.34,18.57,26.3,79.05,0.86,271.48,0.0,5.35
2025-05-12 08:00:00,29.35,42.98,15.01,5.5,0.3,26.19,28.5,69.51,1.02,243.8,0.05,119.07
2025-05-12 09:00:00,31.03,49.93,15.82,6.78,0.32,39.66,31.5,57.26,1.06,300.24,0.0,159.88
2025-05-12 10:00:00,30.14,54.76,8.87,6.98,0.15,54.35,33.07,51.52,1.32,338.52,0.0,156.1
2025-05-12 11:00:00,32.64,51.92,6.88,5.96,0.12,58.2,33.82,49.14,1.24,326.6,0.0,170.95
2025-05-12 12:00:00,31.15,49.37,6.36,4.19,0.09,61.35,33.45,47.77,1.64,256.57,0.0,145.28
2025-05-12 13:00:00,31.49,43.62,5.08,11.24,0.09,65.11,33.6,46.56,1.35,328.0,0.0,137.95
2025-05-12 14:00:00,27.15,44.32,4.7,10.47,0.06,62.24,34.11,44.78,1.12,346.1,0.0,136.38
2025-05-12 15:00:00,27.59,38.11,12.16,11.44,0.07,56.41,34.48,41.44,0.95,325.05,0.0,91.48
2025-05-12 16:00:00,23.1,38.54,15.92,11.86,0.14,49.28,33.92,41.37,1.03,333.87,0.0,5.4
2025-05-12 17:00:00,24.26,43.31,18.57,11.71,0.16,45.86,33.28,42.94,1.14,318.37,0.0,0.0
2025-05-12 18:00:00,30.4,43.8,50.0,9.25,0.66,12.42,31.83,47.77,1.19,305.26,0.0,0.0
2025-05-12 19:00:00,28.22,48.72,62.84,13.04,3.13,0.4,30.79,52.15,1.27,212.7,0.0,0.0
2025-05-12 20:00:00,43.06,78.76,51.23,15.6,5.05,0.0,29.73,57.09,0.86,194.23,0.0,0.0
2025-05-12 21:00:00,70.58,133.48,54.22,17.06,3.88,0.0,29.37,57.7,1.0,292.9,0.0,0.0
2025-05-12 22:00:00,91.75,175.76,52.94,16.1,2.64,0.24,29.15,59.67,1.28,302.88,0.0,0.0
2025-05-12 23:00:00,85.61,181.36,58.71,22.58,1.28,45.52354068713438,28.72,57.06,1.25,300.0,0.0,0.0
2025-05-13 00:00:00,78.7,157.74,32.64,19.53,0.37,2.47,28.5,54.33,1.28,293.38,0.0,0.0
2025-05-13 01:00:00,66.48,111.86,27.48,19.75,0.48,8.82,28.65,54.66,0.6,253.46,0.0,0.0
2025-05-13 02:00:00,61.07,100.88,28.79,18.23,0.38,7.17,28.28,57.64,1.26,306.13,0.0,0.0
2025-05-13 03:00:00,65.11,99.52,32.28,15.76,0.15,5.09,27.54,62.03,1.18,301.75,0.0,0.0
2025-05-13 04:00:00,62.82,86.04,32.26,15.03,0.06,5.65,27.18,61.5,1.27,307.48,0.0,0.0
2025-05-13 05:00:00,45.8,74.82,32.27,13.92,0.26,4.43,27.33,62.92,1.13,272.17,0.0,0.0
2025-05-13 06:00:00,49.22,64.88,21.6,12.58,0.11,7.6,27.85,64.45,1.23,308.58,0.0,0.0
2025-05-13 07:00:00,43.35,67.31,21.96,14.54,0.27,13.55,29.9,60.05,1.02,230.34,0.0,29.9
2025-05-13 08:00:00,33.89,65.85,13.94,16.29,0.12,28.36,32.67,51.26,1.07,302.96,0.0,162.32
2025-05-13 09:00:00,35.93,59.14,18.2,15.44,0.16,31.82,32.99,50.85,1.01,314.74,0.0,168.4
2025-05-13 10:00:00,40.31,58.42,15.26,14.54,0.13,40.6,34.24,48.44,1.15,250.09,0.0,168.15
2025-05-13 11:00:00,39.98,58.04,16.18,15.29,0.18,49.07,35.12,46.46,0.8,323.14,0.0,172.65
2025-05-13 12:00:00,32.6,59.46,24.53,12.6,0.34,49.62,35.34,45.37,0.9,222.69,0.0,149.02
2025-05-13 13:00:00,38.06,65.71,14.31,12.56,0.15,61.7,35.98,43.65,1.13,263.67,0.0,130.4
2025-05-13 14:00:00,34.42,66.46,13.08,16.16,0.14,71.25,37.53,38.61,0.69,173.1,0.0,133.77
2025-05-13 15:00:00,37.64,63.31,15.5,15.48,0.39,69.11,37.67,36.31,0.74,144.44,0.0,111.95
2025-05-13 16:00:00,33.14,68.19,7.16,9.97,0.32,57.68,30.6,57.01,1.94,323.02,0.0,0.62
2025-05-13 17:00:00,31.44,67.76,6.36,13.17,0.29,61.08,29.56,57.76,1.79,343.56,0.0,0.0
2025-05-13 18:00:00,29.28,65.6,16.01,13.8,0.42,53.03,29.31,58.1,1.19,310.81,0.0,0.0
2025-05-13 19:00:00,26.04,49.54,8.91,12.74,0.33,49.51,27.96,61.48,1.47,317.46,0.0,0.0
2025-05-13 20:00:00,22.05,50.14,11.62,15.6120577743043,0.35,39.94,26.99,65.77,1.36,316.73,0.0,0.0
2025-05-13 21:00:00,28.35,46.12,13.78,15.523722381348627,0.37,35.88,26.98,65.34,1.32,321.6,0.0,0.0
2025-05-13 22:00:00,30.67,42.85,12.14,14.423601606216318,0.32,32.83,26.69,66.96,1.39,318.14,0.0,0.0
2025-05-13 23:00:00,27.69,42.27,15.05,15.457987653240039,0.32,29.27,26.52,66.42,1.15,318.38,0.0,0.0
2025-05-14 00:00:00,28.1,40.18,19.56,16.264701334511315,0.36,23.16,26.15,67.55,1.17,310.98,0.0,0.0
2025-05-14 01:00:00,28.17,40.1,15.45,13.824395692865567,0.34,21.87,25.94,69.74,1.18,299.04,0.0,0.0
2025-05-14 02:00:00,27.58,38.32,15.93,14.333555993299738,0.32,22.03,26.41,68.36,0.96,280.13,0.0,0.0
2025-05-14 03:00:00,24.3,39.51,13.62,12.70387119000911,0.31,19.56,25.82,71.18,1.08,300.88,0.0,0.0
2025-05-14 04:00:00,27.9,42.29,27.87,18.908853967381148,0.34,9.64,25.84,70.78,0.9,295.18,0.0,0.0
2025-05-14 05:00:00,32.18,43.52,16.62,12.87063724190694,0.35,13.67,26.03,71.59,1.28,306.68,0.0,0.0
2025-05-14 06:00:00,30.71,49.74,23.2,13.115096121399127,0.62,12.12,27.11,66.69,1.35,218.58,0.0,0.0
2025-05-14 07:00:00,34.63,56.25,27.52,16.903605784694374,0.69,21.57,29.17,58.74,1.34,200.44,0.0,84.55
2025-05-14 08:00:00,38.55,60.52,24.08,18.410613040599273,0.62,33.72,31.34,52.7,1.29,179.7,0.0,167.5
2025-05-14 09:00:00,35.04,62.96,20.98,14.47,0.64,40.58,33.44,48.86,1.12,204.68,0.0,207.08
2025-05-14 10:00:00,36.46,61.73,17.16,15.14,0.51,53.03,35.14,45.41,0.69,241.22,0.0,201.5
2025-05-14 11:00:00,40.25,61.14,18.05,15.22,0.44,58.84,37.0,40.99,0.5,296.07,0.0,178.52
2025-05-14 12:00:00,36.1,60.08,12.84,13.83,0.35,69.58,38.22,37.37,0.46,254.4,0.0,168.95
2025-05-14 13:00:00,28.92,54.25,13.75,10.53,0.32,74.42,38.9,35.38,0.78,276.7,0.0,158.85
2025-05-14 14:00:00,31.67,53.65,17.47,7.12,0.35,75.17,39.07,33.87,0.72,248.21,0.0,148.55
2025-05-14 15:00:00,25.67,46.52,13.03,4.78,0.3,80.29,39.08,33.43,0.96,272.98,0.0,119.38
2025-05-14 16:00:00,26.74,45.78,9.84,7.14,0.28,86.1,38.72,33.86,1.01,242.25,0.0,10.82
2025-05-14 17:00:00,22.33,41.96,6.62,7.06,0.27,85.69,37.96,34.75,0.96,137.26,0.0,0.0
2025-05-14 18:00:00,20.46,43.98,85.68,6.15,1.97,23.79,35.91,39.53,1.08,256.1,0.0,0.0
2025-05-14 19:00:00,40.87,64.74,105.08,6.85,2.74,1.56,33.99,44.2,1.13,306.55,0.0,0.0
2025-05-14 20:00:00,37.67,80.09,43.87,8.07,1.1,24.38,34.18,44.88,0.92,288.0,0.0,0.0
2025-05-14 21:00:00,38.46,80.7,40.38,9.25,0.83,28.55,33.91,45.33,0.76,152.95,0.0,0.0
2025-05-14 22:00:00,57.08,87.38,24.97,8.34,0.57,34.28,33.05,47.83,0.65,319.6,0.0,0.0
2025-05-14 23:00:00,46.57,73.87,16.32,8.89,0.37,39.0,32.3,50.02,1.07,297.53,0.0,0.0
2025-05-15 00:00:00,40.76,64.77,10.28,7.79,0.22,44.7,31.31,52.34,0.88,319.42,0.0,0.0
2025-05-15 01:00:00,33.31,61.79,8.24,8.56,0.2,45.76,30.58,54.28,1.08,247.51,0.0,0.0
2025-05-15 02:00:00,27.55,55.95,9.66,8.53,0.18,39.55,29.98,57.17,1.04,311.05,0.0,0.0
2025-05-15 03:00:00,29.83,48.36,8.28,10.56,0.18,36.32,29.6,58.9,1.15,312.04,0.0,0.0
2025-05-15 04:00:00,23.94,48.01,9.02,10.45,0.19,35.66,29.23,61.1,1.15,314.85,0.0,0.0
2025-05-15 05:00:00,27.84,43.44,19.68,10.0,0.33,26.54,29.2,60.9,0.67,250.93,0.0,0.0
2025-05-15 06:00:00,23.33,47.55,17.84,10.75,0.4,21.84,29.69,58.4,0.83,202.35,0.0,0.0
2025-05-15 07:00:00,23.39,48.87,26.3,10.79,0.57,14.75,29.89,57.79,1.07,170.46,0.0,0.0
2025-05-15 08:00:00,27.39,52.09,23.61,9.2,0.61,17.07,30.42,57.7,0.88,161.68,0.0,10.02
2025-05-15 09:00:00,27.7,54.24,31.83,8.59,0.83,14.4,31.19,57.44,0.68,247.08,0.0,48.03
2025-05-15 10:00:00,24.68,56.46,22.71,8.46,0.55,30.55,32.02,54.53,0.74,278.45,0.0,98.4
2025-05-15 11:00:00,29.04,59.19,15.89,10.51,0.35,49.83,31.5,54.28,1.01,309.14,0.0,49.0
2025-05-15 12:00:00,27.9,59.07,32.46,10.51,0.57,34.44,31.4,56.12,1.01,300.6,0.0,28.1
2025-05-15 13:00:00,31.77,66.87,19.16,9.1,0.37,49.06,32.54,53.76,0.9,329.21,0.0,125.1
2025-05-15 14:00:00,37.01,71.1,17.885349178135694,9.36,0.62,50.57,33.1,52.32,1.06,312.32,0.0,79.43
2025-05-15 15:00:00,33.52,70.6,12.079545634269968,9.24,0.38,58.72,33.93,48.34,0.76,307.98,0.0,90.62
2025-05-15 16:00:00,33.3,70.39,10.771280644327575,9.09,0.33,61.49,35.17,43.52,0.79,319.24,0.0,14.02
2025-05-15 17:00:00,31.16,66.15,10.128511742331272,8.05,0.32,54.14,34.32,46.52,0.75,320.41,0.0,0.0
2025-05-15 18:00:00,28.44,59.55,15.439992052702706,9.41,0.53,45.32,33.16,50.62,1.18,306.29,0.0,0.0
2025-05-15 19:00:00,35.03,63.33,17.859210222080478,11.6,0.62,32.1,31.54,54.52,1.29,313.97,0.0,0.0
2025-05-15 20:00:00,32.35,67.67,39.59,11.41,0.8,17.86,30.1,58.96,1.25,320.98,0.0,0.0
2025-05-15 21:00:00,41.95,72.8,33.86,8.22,0.67,15.85,29.94,59.99,1.02,328.9,0.0,0.0
2025-05-15 22:00:00,53.66,80.98,41.57,9.61,0.74,8.3,29.58,61.31,1.23,298.12,0.0,0.0
2025-05-15 23:00:00,52.22,88.54,29.71,7.98,0.53,10.16,29.03,63.96,1.04,318.37,0.0,0.0
2025-05-16 00:00:00,48.93,83.46,33.92,8.62,0.56,9.37,29.18,62.69,1.13,304.56,0.0,0.0
2025-05-16 01:00:00,46.03,83.32,27.72,9.06,0.42,11.93,28.81,64.15,0.94,248.9,0.0,0.0
2025-05-16 02:00:00,46.27,77.04,28.31,8.66,0.43,11.05,28.61,65.18,1.1,262.34,0.0,0.0
2025-05-16 03:00:00,48.58,71.55,27.79,8.0,0.46,7.62,28.25,67.6,1.24,299.94,0.0,0.0
2025-05-16 04:00:00,57.42,76.11,27.8,9.49,0.41,10.77,28.12,66.79,1.0,300.87,0.0,0.0
2025-05-16 05:00:00,52.13,70.3,24.1,8.28,0.43,11.05,27.55,68.7,1.0,284.8,0.0,0.0
2025-05-16 06:00:00,47.33,68.53,28.16,7.91,0.62,10.67,28.66,65.15,0.91,185.27,0.0,4.53
2025-05-16 07:00:00,45.52,71.17,24.71,7.56,0.57,21.54,30.65,59.64,0.6,239.67,0.0,83.55
2025-05-16 08:00:00,41.47,70.1,21.35,8.64,0.53,37.36,33.15,53.06,0.73,238.41,0.0,187.18
2025-05-16 09:00:00,44.25,63.57,22.66,7.98,0.67,39.94,34.76,49.15,0.81,232.4,0.0,204.95
2025-05-16 10:00:00,44.96,66.55,12.16,7.2,0.35,51.9,35.49,46.79,0.88,127.45,0.0,211.15
2025-05-16 11:00:00,40.92,63.12,6.5,7.48,0.28,59.91,37.18,43.35,1.14,113.88,0.0,204.22
2025-05-16 12:00:00,35.48,76.08,18.84,9.31,0.44,65.68,39.32,38.88,0.68,210.43,0.0,195.73
2025-05-16 13:00:00,38.23,70.43,14.86,7.07,0.42,76.03,38.66,39.85,1.06,203.98,0.0,179.23
2025-05-16 14:00:00,37.92,74.4,16.14,8.96,0.38,67.64,36.28,44.72,0.92,269.9,0.0,115.4
2025-05-16 15:00:00,38.62,71.55,10.37,5.72,0.33,63.96,35.45,44.14,0.99,299.52,0.0,108.98
2025-05-16 16:00:00,36.74,71.8,8.39,6.56,0.31,59.96,35.6,45.24,1.33,305.5,0.0,29.62
2025-05-16 17:00:00,36.2,65.94,15.26,4.2,0.41,51.06,34.33,48.6,1.1,316.21,0.0,0.0
2025-05-16 18:00:00,39.03,62.55,28.24,8.04,0.95,38.56,33.38,49.16,1.11,306.94,0.0,0.0
2025-05-16 19:00:00,35.83,61.73,44.0,8.14,1.82,19.07,32.64,51.19,1.06,266.79,0.0,0.0
2025-05-16 20:00:00,45.02,84.02,29.27,8.76,1.01,28.94,32.96,50.68,0.99,192.4,0.0,0.0
2025-05-16 21:00:00,44.74,84.91,22.44,8.5,0.69,36.78,32.33,54.1,0.85,179.47,0.0,0.0
2025-05-16 22:00:00,60.02,102.99,20.55,10.1,0.58,36.88,31.34,57.49,1.68,178.02,0.0,0.0
2025-05-16 23:00:00,60.34,93.58,10.63,10.75,0.4,50.49,30.31,59.92,1.75,186.37,0.0,0.0
2025-05-17 00:00:00,58.32,89.9,8.2,13.02,0.31,49.16,28.86,65.28,1.84,193.42,0.0,0.0
2025-05-17 01:00:00,48.55,77.38,3.58,7.76,0.24,54.03,28.43,65.95,1.57,203.61,0.0,0.0
2025-05-17 02:00:00,42.27,58.81,3.2,6.84,0.27,54.14,28.44,65.25,1.18,185.72,0.0,0.0
2025-05-17 03:00:00,44.55,48.67,4.96,6.25,0.28,44.93,28.22,66.85,1.01,104.23,0.0,0.0
2025-05-17 04:00:00,40.85,43.75,5.08,6.69,0.27,45.9,27.94,67.44,1.44,141.65,0.0,0.0
2025-05-17 05:00:00,34.22,44.27,8.96,7.75,0.35,38.31,27.4,70.82,1.46,166.39,0.0,0.0
2025-05-17 06:00:00,33.09,44.52,9.48,7.07,0.38,40.27,27.33,71.59,1.03,196.45,0.0,3.4
2025-05-17 07:00:00,32.0,39.47,10.38,6.68,0.38,40.35,27.61,71.78,1.74,191.21,0.0,74.22
2025-05-17 08:00:00,26.18,38.36,8.1,5.9,0.35,46.67,29.25,66.58,0.87,223.44,0.0,170.75
2025-05-17 09:00:00,20.83,40.7,13.31,5.9,0.48,50.56,32.14,57.92,0.75,238.37,0.0,233.95
2025-05-17 10:00:00,27.02,47.68,11.95,7.15,0.46,58.95,34.88,50.25,0.8,171.27,0.0,251.38
2025-05-17 11:00:00,25.45,51.19,10.01,8.14,0.3,66.08,36.76,47.08,0.89,251.99,0.0,249.0
2025-05-17 12:00:00,30.34,52.91,9.64,9.43,0.34,71.87,38.68,43.1,0.76,307.62,0.0,232.65
2025-05-17 13:00:00,33.13,50.68,12.96,10.14,0.37,73.82,39.22,41.14,0.63,296.52,0.0,213.18
2025-05-17 14:00:00,33.44,52.02,8.66,5.56,0.31,76.65,39.33,39.25,0.63,130.38,0.0,147.7
2025-05-17 15:00:00,34.03,58.06,15.61,8.15,0.48,67.84,37.29,44.53,1.5,182.86,0.0,71.32
2025-05-17 16:00:00,41.47,66.22,12.26,6.65,0.44,61.64,31.47,59.18,1.51,159.35,0.2,0.82
2025-05-17 17:00:00,40.81,82.15,16.94,6.24,0.66,48.48,30.09,57.74,1.28,201.18,0.0,0.0
2025-05-17 18:00:00,42.04,91.02,30.62,7.33,0.89,39.23,30.88,56.05,0.95,280.13,0.0,0.0
2025-05-17 19:00:00,40.84,90.64,7.43,3.28,0.37,44.01,29.96,61.44,1.36,323.25,0.0,0.0
2025-05-17 20:00:00,39.48,74.15,5.19,5.93,0.34,48.31,29.07,63.72,1.18,315.06,0.0,0.0
2025-05-17 21:00:00,35.92,64.65,13.8,6.44,0.71,36.06,28.98,64.6,0.98,319.44,0.0,0.0
2025-05-17 22:00:00,43.0,71.97,13.96,7.77,0.47,35.82,28.7,67.27,1.39,323.84,0.0,0.0
2025-05-17 23:00:00,39.28,70.42,5.33,5.92,0.25,43.8,28.3,69.15,1.33,330.79,0.0,0.0
2025-05-18 00:00:00,34.7,61.28,6.14,6.43,0.31,39.72,28.26,69.7,1.06,243.09,0.0,0.0
2025-05-18 01:00:00,36.55,57.9,7.17,8.05,0.33,36.56,28.1,69.71,0.91,304.81,0.0,0.0
2025-05-18 02:00:00,35.27,54.0,13.57,6.85,0.38,32.34,28.25,68.28,0.62,285.12,0.0,0.0
2025-05-18 03:00:00,31.3,55.53,10.255389328685686,7.59,0.37,37.61,28.5,66.84,0.99,233.86,0.0,0.0
2025-05-18 04:00:00,30.04,57.9,14.72788518071772,7.54,0.53,27.42,27.94,70.64,1.03,314.26,0.0,0.0
2025-05-18 05:00:00,38.2,63.41,14.037440963615474,7.22,0.52,19.83,27.03,75.63,1.01,227.91,0.0,0.0
2025-05-18 06:00:00,38.47,63.61,11.72547130005995,6.03,0.44,22.44,28.02,71.68,1.4,18.45,0.0,6.92
2025-05-18 07:00:00,36.92,64.88,16.583724478904053,10.78,0.58,39.54,29.37,65.79,1.24,16.22,0.0,81.95
2025-05-18 08:00:00,39.04,68.86,13.906528769145883,11.98,0.46,55.2,31.39,58.52,1.16,110.56,0.0,187.55
2025-05-18 09:00:00,42.04,63.94,10.979724463750738,8.34,0.41,65.34,33.49,52.17,0.75,76.34,0.0,227.85
2025-05-18 10:00:00,48.58,61.5,12.36801891419508,8.92,0.5,77.61,34.93,49.95,0.66,158.24,0.0,207.38
2025-05-18 11:00:00,48.25,64.26,12.85457579035686,9.75,0.5,81.45,35.68,48.54,1.22,154.78,0.0,216.0
2025-05-18 12:00:00,44.81786545845669,84.47180783555406,19.486392245612098,17.04841682164542,0.5983319546048915,33.34192758719134,,,,,,
2025-05-18 13:00:00,44.81786545845669,84.47180783555406,19.486392245612098,17.04841682164542,0.5983319546048915,33.34192758719134,,,,,,
2025-05-18 14:00:00,44.81786545845669,84.47180783555406,19.486392245612098,17.04841682164542,0.5983319546048915,33.34192758719134,,,,,,
2025-05-18 15:00:00,44.81786545845669,84.47180783555406,19.486392245612098,17.04841682164542,0.5983319546048915,33.34192758719134,,,,,,
2025-05-18 16:00:00,50.18,82.56,12.01,87.18,0.39,105.41,38.42,40.1,1.12,7.2,0.0,40.0
2025-05-18 17:00:00,55.55,90.1,11.73,58.98,0.34,81.32,35.25,45.95,1.36,27.87,0.0,8.62
2025-05-18 18:00:00,55.02,96.28,11.93,26.41,0.43,80.72,33.24,47.32,0.91,57.77,0.0,0.0
2025-05-18 19:00:00,57.66,107.05,12.1,22.02,0.89,55.27,33.52,47.42,0.78,245.86,0.0,0.0
2025-05-18 20:00:00,61.71,114.3,11.91,21.26,0.94,45.0,32.88,50.96,0.79,219.2,0.0,0.0
2025-05-18 21:00:00,64.4,122.56,12.0,15.04,1.11,29.0,32.02,56.25,1.13,265.6,0.0,0.0
2025-05-18 22:00:00,67.79,128.42,12.06,16.58,1.12,22.78,31.6,54.74,0.74,289.85,0.0,0.0
2025-05-18 23:00:00,69.35,129.3,11.88,14.52,0.78,26.93,30.99,58.83,1.16,316.95,0.05,0.0
2025-05-19 00:00:00,74.06,135.93,11.76,12.58,0.84,14.34,30.35,61.14,0.84,196.16,0.0,0.0
2025-05-19 01:00:00,73.84,122.65,12.15,11.35,1.05,8.33,29.67,63.83,0.98,262.38,0.0,0.0
2025-05-19 02:00:00,75.76,134.73,12.0,9.77,1.27,7.69,28.85,69.04,1.1,295.22,0.0,0.0
2025-05-19 03:00:00,76.96,142.69,12.18,11.11,0.81,14.05,28.61,68.53,0.96,293.74,0.0,0.0
2025-05-19 04:00:00,79.43,142.0,12.43,9.5,0.99,9.56,28.46,69.67,1.29,301.28,0.0,0.0
2025-05-19 05:00:00,80.29,135.68,12.25,10.54,1.01,13.77,28.54,68.97,0.94,282.61,0.0,0.0
2025-05-19 06:00:00,84.08,135.62,11.95,8.69,1.14,8.86,29.48,67.36,0.68,176.48,0.0,1.48
2025-05-19 07:00:00,80.81,135.64,11.99,8.86,0.67,27.42,31.49,60.62,0.74,142.99,0.0,64.38
2025-05-19 08:00:00,75.95,127.12,12.21,8.95,0.57,44.98,32.98,57.43,1.1,152.21,0.0,140.8
2025-05-19 09:00:00,69.61,113.09,11.91,10.97,0.7,53.36,34.85,53.82,1.0,165.84,0.0,139.15
2025-05-19 10:00:00,67.37,108.4,11.86,14.58,0.55,67.9,36.05,50.46,0.62,187.95,0.0,154.05
2025-05-19 11:00:00,65.23,90.64,11.95,14.0,0.6,70.92,37.16,48.05,1.14,192.51,0.0,146.55
2025-05-19 12:00:00,66.41,86.57,12.12,17.86,0.42,85.38,38.57,43.83,0.57,182.2,0.0,141.33
2025-05-19 13:00:00,61.48,85.34,12.02,12.88,0.37,90.43,39.36,41.43,0.79,101.78,0.0,129.12
2025-05-19 14:00:00,60.91,82.64,11.77,11.92,0.38,88.69,39.71,39.32,0.57,174.19,0.0,129.75
2025-05-19 15:00:00,58.14,88.22,11.92,9.88,0.43,84.64,39.08,39.62,0.65,221.55,0.0,102.12
2025-05-19 16:00:00,59.98,85.77,19.03,9.8,0.5,81.99,39.36,38.92,1.06,204.26,0.0,91.5
2025-05-19 17:00:00,51.12,81.76,26.74,8.13,0.7,73.1,38.88,39.98,1.09,155.59,0.0,11.92
2025-05-19 18:00:00,55.45,83.83,35.21,6.7,0.98,62.54,37.5,42.65,1.38,143.71,0.0,0.0
2025-05-19 19:00:00,58.49,90.11,27.06,24.24,0.71,63.2,35.52,46.81,1.02,210.68,0.0,0.0
2025-05-19 20:00:00,58.77,89.15,14.18,23.89,0.44,67.45,33.17,51.77,1.26,307.89,0.0,0.0
2025-05-19 21:00:00,57.15,95.88,21.19,13.95,0.5,51.84,31.86,57.62,1.19,237.28,0.0,0.0
2025-05-19 22:00:00,59.35,101.03,19.64,10.42,0.54,39.29,31.74,59.33,0.92,254.6,0.0,0.0
2025-05-19 23:00:00,56.75,95.11,14.34,8.38,0.43,43.69,31.11,59.97,1.34,335.41,0.0,0.0
2025-05-20 00:00:00,53.66,82.33,8.2,7.73,0.29,49.13,29.63,61.37,1.38,322.88,0.0,0.0
2025-05-20 01:00:00,45.86,71.57,5.3,5.92,0.27,59.32,29.44,59.64,1.38,333.71,0.0,0.0
2025-05-20 02:00:00,35.06,66.27,5.6,6.92,0.26,34.02,28.85,61.5,1.35,324.92,0.0,0.0
2025-05-20 03:00:00,31.46,54.45,5.4,7.1,0.24,31.23,28.7,60.62,1.17,311.75,0.0,0.0
2025-05-20 04:00:00,27.94,52.49,9.24,7.74,0.34,26.6,28.37,62.3,0.7,220.15,0.0,0.0
2025-05-20 05:00:00,25.6,50.79,8.06,6.91,0.29,22.62,27.96,66.73,1.3,305.32,0.0,0.0
2025-05-20 06:00:00,26.64,42.99,9.27,8.74,0.34,20.97,28.76,63.68,1.04,322.47,0.0,0.9
2025-05-20 07:00:00,33.98,49.76,11.02,12.16,0.39,22.02,30.74,58.92,1.07,96.3,0.0,42.12
2025-05-20 08:00:00,34.91,58.76,17.8,10.38,0.63,31.35,33.36,52.42,0.58,131.83,0.0,155.48
2025-05-20 09:00:00,37.62,68.18,18.09,10.24,0.64,44.49,35.44,47.17,0.68,187.01,0.0,168.48
2025-05-20 10:00:00,37.59,79.43,42.14,89.47,0.56,41.3,36.54,42.73,0.72,286.76,0.0,144.35
2025-05-20 11:00:00,43.48,89.74,28.96,67.4,0.74,113.87,38.42,40.84,0.66,125.79,0.0,148.85
2025-05-20 12:00:00,51.03,94.48,24.16,32.36,0.69,125.68,38.77,40.52,0.96,244.59,0.0,141.73
2025-05-20 13:00:00,55.97,100.88,20.44,24.54,0.6,113.68,40.49,36.77,0.86,297.62,0.0,147.6
2025-05-20 14:00:00,59.88,103.87,11.36,18.01,0.43,122.77,40.1,35.92,1.16,123.86,0.0,134.18
2025-05-20 15:00:00,57.18,109.69,13.74,5.47,0.38,86.13,37.38,36.36,1.14,89.34,0.0,59.05
2025-05-20 16:00:00,62.38,112.04,18.34,21.37,0.52,73.65,34.92,43.4,1.11,112.04,0.0,3.75
2025-05-20 17:00:00,56.58,117.65,32.03,5.98,0.74,53.6,35.61,37.23,0.61,189.03,0.0,0.57
2025-05-20 18:00:00,47.52,104.25,20.38,16.12,0.5,58.43,34.23,42.24,0.87,268.45,0.0,0.0
2025-05-20 19:00:00,45.78,104.44,19.84,35.46,0.56,47.65,32.67,49.05,1.23,322.34,0.0,0.0
2025-05-20 20:00:00,45.9,107.68,21.35,15.36,0.66,31.87,29.94,64.19,1.33,306.93,0.0,0.0
2025-05-20 21:00:00,51.64,107.04,22.33,12.4,0.75,30.65,30.41,61.83,1.06,296.77,0.0,0.0
2025-05-20 22:00:00,48.98,114.74,17.32,13.28,0.57,37.42,30.26,62.21,1.21,314.4,0.0,0.0
2025-05-20 23:00:00,50.6,101.98,13.51,11.42,0.46,41.26,29.69,63.36,1.2,305.82,0.0,0.0
2025-05-21 00:00:00,46.36,91.04,13.8,11.76,0.39,37.78,29.64,62.76,0.94,326.76,0.0,0.0
2025-05-21 01:00:00,43.15,80.59,15.15,13.08,0.45,34.15,29.62,63.53,1.07,310.35,0.0,0.0
2025-05-21 02:00:00,48.85,83.37,14.86,13.05,0.38,32.63,29.44,64.84,0.93,310.97,0.0,0.0
2025-05-21 03:00:00,44.03,80.26,15.1,15.27,0.38,34.8,29.2,64.19,0.95,302.72,0.0,0.0
2025-05-21 04:00:00,39.93,75.38,11.57,14.92,0.32,37.55,28.47,66.0,1.23,307.56,0.0,0.0
2025-05-21 05:00:00,41.49,74.63,9.37,11.95,0.32,37.94,28.27,67.7,1.14,314.01,0.0,0.0
2025-05-21 06:00:00,46.23,68.21,8.59,10.15,0.36,44.81,29.09,65.73,1.25,315.76,0.0,13.25
2025-05-21 07:00:00,37.44,68.0,9.56,11.29,0.38,59.36,30.79,60.2,0.88,292.9,0.0,71.9
2025-05-21 08:00:00,39.19,69.78,11.26,11.05,0.41,62.81,32.79,54.82,0.77,69.02,0.0,159.98
2025-05-21 09:00:00,41.44,61.7,15.0,17.48,0.48,75.79,34.71,48.49,0.54,175.22,0.0,161.68
2025-05-21 10:00:00,46.19,62.86,9.43,21.14,0.35,85.52,36.04,46.46,1.17,260.04,0.0,148.3
2025-05-21 11:00:00,48.24,67.49,9.26,20.34,0.39,87.81,37.8,43.6,0.7,322.29,0.0,159.85
2025-05-21 12:00:00,51.84,67.55,6.68,13.86,0.34,91.07,38.54,42.23,0.93,197.09,0.0,163.07
2025-05-21 13:00:00,53.21,73.07,19.93,59.49,0.31,70.76,38.53,41.97,0.96,169.38,0.0,159.15
2025-05-21 14:00:00,46.62,75.57,26.33,66.82,0.37,80.85,39.48,40.1,0.7,234.19,0.0,156.85
2025-05-21 15:00:00,51.42,94.92,24.66,56.66,0.48,99.2,39.72,39.34,0.88,219.6,0.0,126.62
2025-05-21 16:00:00,62.76,107.99,15.04,47.18,0.46,112.05,39.4,39.15,0.68,208.28,0.0,49.3
2025-05-21 17:00:00,68.01,112.9,25.26,39.48,0.65,96.89,38.33,40.72,0.98,153.0,0.0,0.0
2025-05-21 18:00:00,68.91,114.99,18.67,21.74,0.61,47.18,31.03,62.64,1.75,199.37,0.0,0.0
2025-05-21 19:00:00,90.84,114.35,14.88,12.03,0.45,33.23,25.54,86.47,1.73,248.3,3.8,0.0
2025-05-21 20:00:00,97.31,112.36,19.0,10.3,0.46,30.06,23.24,94.66,2.29,175.53,0.6,0.0
2025-05-21 21:00:00,37.46776342510371,70.3325038711545,13.28,8.39,0.44,23.47,23.61,95.58,1.68,178.11,0.3,0.0
2025-05-21 22:00:00,50.68,62.56,15.86,8.49,0.36,17.8,23.6,94.86,1.15,191.4,0.15,0.0
2025-05-21 23:00:00,43.65,47.67,12.9,8.0,0.3,15.68,23.36,96.07,0.61,226.56,0.1,0.0
2025-05-22 00:00:00,35.61,48.14,15.46,7.55,0.36,11.12,23.39,96.92,0.75,94.92,0.05,0.0
2025-05-22 01:00:00,29.29,42.67,10.24,7.29,0.27,12.16,23.3,96.94,0.57,250.15,0.0,0.0
2025-05-22 02:00:00,22.12,36.81,9.47,6.79,0.23,12.57,23.46,96.86,1.3,177.68,0.0,0.0
2025-05-22 03:00:00,22.52,30.43,8.22,6.7,0.2,12.05,23.42,97.23,0.74,138.56,0.0,0.0
2025-05-22 04:00:00,21.91,31.08,7.32,7.44,0.2,12.23,23.63,97.0,0.84,164.96,0.0,0.0
2025-05-22 05:00:00,17.93,26.7,6.42,7.06,0.21,14.38,23.95,94.42,1.05,177.09,0.0,0.0
2025-05-22 06:00:00,14.8,21.9,7.53,12.008165313287703,0.24,33.38,24.26,92.88,0.8,216.95,0.0,0.0
2025-05-22 07:00:00,26.19,37.22,4.2,11.0,0.24,15.41,24.94,89.73,1.38,337.71,0.0,8.23
2025-05-22 08:00:00,21.08,29.29,5.71,13.4,0.26,17.94,26.42,81.88,1.39,183.57,0.0,130.93
2025-05-22 09:00:00,15.34,30.15,8.74,21.34,0.18,22.89,27.92,74.01,1.21,253.32,0.0,189.25
2025-05-22 10:00:00,15.64,33.65,12.84,27.54,0.17,38.0,28.84,68.64,1.22,146.97,0.0,191.9
2025-05-22 11:00:00,17.34,34.47,11.1,22.68,0.47,30.1,29.21,66.08,0.7,111.56,0.05,125.68
2025-05-22 12:00:00,24.53,38.07,15.5,22.52,0.51,31.34,29.6,64.89,0.91,151.1,0.0,156.52
2025-05-22 13:00:00,23.43,41.45,18.16,22.79,0.55,31.57,29.67,64.34,1.0,186.68,0.0,130.5
2025-05-22 14:00:00,23.46,57.99,20.66,27.12,0.46,31.24,29.8,65.0,1.01,164.3,0.0,151.0
2025-05-22 15:00:00,30.16,47.14,12.2,30.65,0.32,40.6,30.33,61.68,0.94,122.04,0.0,146.4
2025-05-22 16:00:00,24.96,46.88,6.05,25.02,0.32,46.64,30.4,60.21,0.64,79.29,0.0,88.57
2025-05-22 17:00:00,22.87,45.58,14.6,21.5,0.48,42.23,29.96,62.42,0.64,110.89,0.0,4.3
2025-05-22 18:00:00,28.47,46.83,20.07,19.26,0.61,31.01,29.18,65.73,1.0,77.82,0.0,0.0
2025-05-22 19:00:00,30.8,47.54,28.56,16.08,0.95,16.39,28.66,69.97,1.05,140.9,0.0,0.0
2025-05-22 20:00:00,36.08,56.18,30.34,14.99,1.12,8.56,28.32,71.82,1.4,168.14,0.0,0.0
2025-05-22 21:00:00,39.55,70.3,26.84,14.05,0.83,6.78,27.98,74.27,1.19,183.18,0.0,0.0
2025-05-22 22:00:00,45.17,81.28,16.84,13.32,0.56,9.89,27.58,76.78,1.12,186.33,0.0,0.0
2025-05-22 23:00:00,38.8,67.74,13.14,13.44,0.39,10.06,26.86,82.02,1.46,169.27,0.0,0.0
2025-05-23 00:00:00,34.02,52.77,4.88,13.24,0.22,9.06,26.23,85.26,1.5,169.43,0.0,0.0
2025-05-23 01:00:00,30.26,47.74,2.81,12.81,0.21,7.36,25.73,87.72,1.19,180.44,0.0,0.0
2025-05-23 02:00:00,23.3,43.35,3.2,12.56,0.2,5.48,25.32,88.54,0.72,156.13,0.0,0.0
2025-05-23 03:00:00,16.98,33.96,5.37,12.84,0.24,5.2,25.23,87.61,0.74,150.45,0.0,0.0
2025-05-23 04:00:00,14.82,37.51,6.54,13.79,0.23,3.98,25.11,87.33,1.02,170.45,0.0,0.0
2025-05-23 05:00:00,14.6,32.08,6.42,14.05,0.24,2.59,24.9,89.0,0.51,168.74,0.0,0.0
2025-05-23 06:00:00,12.43,30.24,9.3,14.09,0.36,2.46,25.22,87.08,0.99,170.17,0.0,0.0
2025-05-23 07:00:00,16.3,34.24,9.17,14.28,0.43,5.2,25.54,83.16,1.26,167.19,0.0,51.25
2025-05-23 08:00:00,13.71,28.09,4.98,14.62,0.38,13.07,27.01,76.72,1.49,155.31,0.0,130.93
2025-05-23 09:00:00,11.57,22.31,5.42,13.35,0.37,18.45,28.64,72.02,0.94,131.56,0.0,152.48
2025-05-23 10:00:00,9.32,26.78,10.42,13.18,0.52,19.99,29.36,69.75,1.27,167.67,0.0,143.48
2025-05-23 11:00:00,13.99,29.83,7.86,13.09,0.39,24.04,30.22,67.28,1.38,154.88,0.0,166.12
2025-05-23 12:00:00,15.54,32.41,5.32,12.4,0.31,29.34,31.88,61.81,1.02,137.12,0.0,142.7
2025-05-23 13:00:00,14.86,30.79,6.91,12.05,0.32,31.76,32.54,59.12,1.04,139.53,0.0,159.0
2025-05-23 14:00:00,16.68,26.87,5.74,11.75,0.27,33.42,33.11,56.14,0.82,125.18,0.0,160.52
2025-05-23 15:00:00,13.63,25.49,5.17,11.43,0.32,34.73,33.12,55.29,1.0,138.58,0.0,121.38
2025-05-23 16:00:00,17.87,24.92,8.85,11.14,0.38,31.58,32.92,54.5,1.18,147.14,0.0,18.45
2025-05-23 17:00:00,15.2,27.54,17.42,11.26,0.58,24.24,32.48,55.54,1.27,154.42,0.0,0.0
2025-05-23 18:00:00,17.26,33.4,17.36,11.24,0.72,21.76,31.85,56.94,1.51,153.94,0.0,0.0
2025-05-23 19:00:00,24.52,41.85,28.47,11.54,1.03,10.75,31.29,60.44,1.32,156.24,0.0,0.0
2025-05-23 20:00:00,23.13,47.32,27.44,12.48,0.9,7.47,30.83,63.17,1.26,140.34,0.0,0.0
2025-05-23 21:00:00,32.76,68.74,19.22,11.84,0.71,9.4,30.35,65.18,1.26,148.49,0.0,0.0
2025-05-23 22:00:00,44.47,81.58,16.04,11.2,0.58,5.87,29.79,69.18,1.2,162.64,0.0,0.0
2025-05-23 23:00:00,37.86,78.0,12.42,10.95,0.42,4.03,29.2,73.28,0.97,164.92,0.0,0.0
2025-05-24 00:00:00,29.02,59.38,9.83,10.76,0.27,4.22,28.7,75.54,1.09,194.13,0.0,0.0
2025-05-24 01:00:00,27.07,46.95,10.85,12.42,0.23,3.67,28.32,75.07,1.12,172.04,0.0,0.0
2025-05-24 02:00:00,23.38,46.42,12.07,16.92,0.29,1.98,27.96,76.76,1.43,172.08,0.0,0.0
2025-05-24 03:00:00,25.71,41.35,11.47,17.01,0.24,1.54,27.66,78.12,1.15,163.56,0.0,0.0
2025-05-24 04:00:00,25.23,42.42,6.27,15.35,0.2,4.08,27.38,79.9,1.46,169.61,0.0,0.0
2025-05-24 05:00:00,23.25,35.4,4.45,13.36,0.25,4.9,27.12,82.17,1.43,173.46,0.0,0.0
2025-05-24 06:00:00,22.88,32.52,8.9,13.96,0.4,2.29,26.82,84.66,1.58,165.99,0.0,0.0
2025-05-24 07:00:00,18.6,28.94,12.56,18.4,0.4,2.16,26.43,84.44,1.57,169.69,0.0,0.0
2025-05-24 08:00:00,14.56,29.57,6.8,18.61,0.4,7.12,26.35,82.06,1.52,164.54,0.0,77.5
2025-05-24 09:00:00,11.89,25.77,7.04,17.17,0.44,11.43,26.72,76.68,1.53,163.65,0.0,135.38
2025-05-24 10:00:00,11.52,24.76,9.98,16.67,0.48,11.49,27.14,76.16,1.08,142.89,0.0,143.0
2025-05-24 11:00:00,14.38,27.97,8.87,23.3,0.34,16.06,28.01,72.48,0.85,91.72,0.0,140.15
2025-05-24 12:00:00,15.51,25.61,12.42,20.13,0.4,22.92,28.51,69.11,1.08,131.35,0.0,104.82
2025-05-24 13:00:00,16.72,31.94,10.64,15.09,0.38,23.8,28.7,69.66,0.67,119.68,0.0,106.7
2025-05-24 14:00:00,14.55,34.35,8.89,21.48,0.27,24.55,29.06,68.46,0.78,98.91,0.0,127.0
2025-05-24 15:00:00,13.6,36.1,9.35,26.71,0.3,32.65,30.42,63.08,0.76,87.26,0.0,111.05
2025-05-24 16:00:00,11.71,36.32,10.76,25.26,0.33,36.76,30.89,59.24,0.91,97.92,0.0,25.15
2025-05-24 17:00:00,14.78,35.98,2.77,14.83,0.2,39.4,30.89,62.08,0.84,67.99,0.0,8.62
2025-05-24 18:00:00,13.08,29.29,9.25,14.06,0.3,27.38,29.8,66.6,1.03,87.92,0.0,0.0
2025-05-24 19:00:00,12.78,27.78,30.17,32.64,0.56,11.04,29.26,68.1,1.04,88.04,0.0,0.0
2025-05-24 20:00:00,18.1,36.52,25.89,25.19,0.79,9.37,29.12,69.48,0.99,116.65,0.0,0.0
2025-05-24 21:00:00,25.53,44.05,18.9,17.05,0.61,10.68,28.88,70.76,1.03,147.16,0.0,0.0
2025-05-24 22:00:00,28.38,51.87,11.87,14.86,0.4,10.84,28.64,71.45,0.92,74.96,0.0,0.0
2025-05-24 23:00:00,26.04,48.63,9.52,12.8,0.31,10.12,28.26,74.38,1.05,68.49,0.0,0.0
2025-05-25 00:00:00,19.52,36.88,6.27,11.38,0.25,11.26,28.1,76.26,1.13,90.96,0.0,0.0
2025-05-25 01:00:00,17.28,28.7,5.74,10.92,0.22,11.08,27.94,75.53,0.96,113.13,0.0,0.0
2025-05-25 02:00:00,14.34,28.79,2.29,10.92,0.18,13.54,27.52,75.43,1.06,122.94,0.0,0.0
2025-05-25 03:00:00,10.7,27.09,3.06,10.3,0.17,11.69,27.11,78.76,1.26,136.39,0.0,0.0
2025-05-25 04:00:00,9.22,25.41,1.62,9.59,0.18,8.36,26.62,83.09,1.05,120.98,0.0,0.0
2025-05-25 05:00:00,7.48,20.32,1.76,9.34,0.19,6.85,26.56,83.24,0.75,128.76,0.0,0.0
2025-05-25 06:00:00,6.21,18.3,4.14,9.01,0.27,7.56,26.9,81.44,0.88,104.31,0.0,0.0
2025-05-25 07:00:00,4.92,15.74,2.86,9.16,0.29,9.4,27.65,79.41,0.97,92.53,0.0,71.28
2025-05-25 08:00:00,9.34,24.01,4.18,9.7,0.31,13.42,28.52,76.09,1.0,96.12,0.0,188.82
2025-05-25 09:00:00,9.58,22.42,6.52,10.58,0.35,15.3,28.76,74.89,1.12,98.56,0.0,100.88
2025-05-25 10:00:00,20.33,26.98,9.24,10.07,0.41,17.21,29.27,72.79,1.18,133.76,0.0,165.82
2025-05-25 11:00:00,18.58,31.52,9.22,9.96,0.4,22.29,30.99,67.77,1.12,140.78,0.0,210.95
2025-05-25 12:00:00,18.13,30.48,8.49,13.07,0.34,23.87,31.4,66.67,1.08,108.9,0.0,228.45
2025-05-25 13:00:00,22.07,33.34,7.09,14.07,0.32,30.54,33.44,60.13,1.04,99.83,0.0,220.85
2025-05-25 14:00:00,18.6,32.98,2.02,13.97,0.22,35.05,34.52,53.9,1.02,93.08,0.0,201.7
2025-05-25 15:00:00,17.06,29.12,4.06,11.99,0.26,38.52,34.3,53.71,0.92,108.69,0.0,114.88
2025-05-25 16:00:00,18.28,32.04,8.97,12.17,0.4,35.26,33.69,55.76,1.18,141.51,0.0,64.9
2025-05-25 17:00:00,21.38,35.03,12.53,12.44,0.44,32.23,33.02,57.31,1.02,123.89,0.0,9.05
2025-05-25 18:00:00,17.65,35.73,5.27,10.75,0.3,29.96,31.69,61.9,1.21,203.91,0.0,0.0
2025-05-25 19:00:00,16.68,37.92,1.79,9.35,0.29,27.13,28.91,73.48,1.68,262.37,0.0,0.0
2025-05-25 20:00:00,19.98,38.28,5.39,10.99,0.36,21.27,27.6,77.65,1.46,16.71,0.0,0.0
2025-05-25 21:00:00,21.53,31.95,15.81,14.38,0.36,12.3,26.81,80.1,1.09,249.8,0.0,0.0
2025-05-25 22:00:00,23.2,41.32,17.53,16.2,0.36,9.43,26.73,80.84,1.15,306.59,0.0,0.0
2025-05-25 23:00:00,24.26,39.32,4.45,12.45,0.23,15.34,26.37,81.34,1.25,317.85,0.0,0.0
2025-05-26 00:00:00,19.19,29.34,4.26,11.02,0.25,14.81,26.36,81.06,1.12,304.69,0.0,0.0
2025-05-26 01:00:00,19.1,29.57,6.29,10.48,0.28,10.62,26.23,82.57,1.4,316.68,0.0,0.0
2025-05-26 02:00:00,15.43,32.3,3.36,10.3,0.26,12.59,25.84,84.86,1.46,333.12,0.0,0.0
2025-05-26 03:00:00,15.35,28.98,2.92,9.64,0.32,9.6,25.46,89.15,1.28,314.45,0.0,0.0
2025-05-26 04:00:00,15.96,29.46,2.47,8.86,0.35,6.78,25.28,91.68,1.31,323.01,0.0,0.0
2025-05-26 05:00:00,19.42,37.56,2.6,8.64,0.36,5.26,25.28,92.42,1.38,313.16,0.0,0.0
2025-05-26 06:00:00,26.43,37.72,4.23,8.67,0.44,4.45,26.42,88.19,0.82,180.73,0.0,0.0
2025-05-26 07:00:00,26.72,41.98,6.89,8.73,0.57,14.16,28.78,77.42,0.98,76.54,0.0,22.68
2025-05-26 08:00:00,33.1,49.92,4.88,9.3,0.52,27.03,30.68,69.72,0.78,49.35,0.0,183.62
2025-05-26 09:00:00,34.72,55.81,6.24,9.28,0.48,36.37,32.47,63.22,0.62,86.04,0.0,207.92
2025-05-26 10:00:00,29.52,60.03,5.89,9.32,0.43,40.14,33.55,60.36,0.9,102.35,0.0,174.85
2025-05-26 11:00:00,30.64,58.51,4.15,9.58,0.51,44.2,34.74,56.65,0.8,64.0,0.0,217.9
2025-05-26 12:00:00,31.22,57.24,4.92,10.2,0.44,47.99,36.5,49.98,0.7,127.93,0.0,222.88
2025-05-26 13:00:00,24.93,47.38,5.43,16.3,0.37,59.1,37.37,45.5,0.85,148.67,0.0,265.4
2025-05-26 14:00:00,27.73,49.88,7.88,31.06,0.34,73.3,37.5,45.55,0.71,126.5,0.0,194.48
2025-05-26 15:00:00,42.88,61.38,7.86,20.54,0.37,37.75,32.26,63.35,1.12,67.49,0.0,0.0
2025-05-26 16:00:00,42.44,72.32,12.29,11.16,0.51,26.65,31.25,65.76,0.69,181.92,0.0,0.0
2025-05-26 17:00:00,35.02,59.12,17.9,10.06,0.62,25.61,32.12,63.72,0.68,184.72,0.0,0.0
2025-05-26 18:00:00,35.42,66.5,21.98,9.57,0.78,19.74,31.66,66.16,0.99,117.14,0.0,0.0
2025-05-26 19:00:00,38.26,64.46,32.34,9.83,1.14,10.12,31.13,64.61,1.05,64.13,0.0,0.0
2025-05-26 20:00:00,34.27,62.81,32.1,11.68,1.09,7.9,30.53,66.32,0.99,69.1,0.0,0.0
2025-05-26 21:00:00,34.52,72.39,28.2,10.86,0.96,5.74,30.27,68.56,1.08,83.58,0.0,0.0
2025-05-26 22:00:00,35.98,76.39,21.97,11.57,0.79,8.6,30.38,65.91,0.66,136.19,0.0,0.0
2025-05-26 23:00:00,37.44,73.66,13.67,10.9,0.54,11.38,30.16,66.06,0.72,127.6,0.0,0.0
2025-05-27 00:00:00,30.63,64.86,11.43,9.36,0.37,8.89,28.49,76.38,1.06,247.9,0.0,0.0
2025-05-27 01:00:00,31.71,60.24,11.62,7.64,0.37,2.6,26.6,90.65,0.98,288.18,0.05,0.0
2025-05-27 02:00:00,27.12,53.96,8.82,6.9,0.34,1.48,26.27,93.62,1.17,289.88,0.0,0.0
2025-05-27 03:00:00,31.3,50.26,9.55,6.61,0.34,0.03,26.38,94.0,1.04,278.88,0.05,0.0
2025-05-27 04:00:00,29.96,44.68,9.44,6.55,0.36,2.1,26.38,93.86,1.16,298.38,0.0,0.0
2025-05-27 05:00:00,26.62,42.03,11.99,6.49,0.58,15.829028466720453,26.51,95.3,0.7,188.0,0.0,0.0
2025-05-27 06:00:00,25.04,47.34,13.17,6.27,0.57,1.88,27.34,89.02,0.88,95.53,0.0,0.0
2025-05-27 07:00:00,25.85,45.97,14.46,6.77,0.61,4.64,28.78,78.16,1.34,162.04,0.0,52.22
2025-05-27 08:00:00,25.53,51.57,13.71,7.63,0.6,8.8,29.86,74.44,1.07,175.46,0.0,130.82
2025-05-27 09:00:00,26.45,52.46,12.99,8.05,0.65,14.99,30.94,71.48,0.68,209.67,0.0,168.02
2025-05-27 10:00:00,31.88,51.05,10.86,7.56,0.57,26.83,32.62,66.35,0.36,198.36,0.0,180.8
2025-05-27 11:00:00,35.1,53.38,13.12,6.96,0.59,39.23,35.04,58.6,0.67,231.26,0.0,177.45
2025-05-27 12:00:00,32.6,61.52,7.9,6.32,0.43,41.93,36.54,53.34,0.58,339.93,0.0,193.45
2025-05-27 13:00:00,36.08,62.46,9.68,6.12,0.45,47.72,37.49,49.36,0.83,175.2,0.0,172.82
2025-05-27 14:00:00,42.41,67.12,1.23,5.84,0.33,54.72,37.9,46.36,0.96,190.44,0.0,170.75
2025-05-27 15:00:00,42.32,62.82,2.86,5.98,0.29,40.25,30.97,68.08,1.7,260.86,0.3,23.62
2025-05-27 16:00:00,41.68,66.56,7.7,5.98,0.4,32.03,28.97,72.44,1.18,259.48,0.0,4.55
2025-05-27 17:00:00,40.63,66.98,19.59,6.13,0.81,26.85,29.1,70.96,1.76,161.82,0.0,0.0
2025-05-27 18:00:00,42.47,72.36,21.23,5.99,0.91,24.97,27.58,78.51,1.52,178.3,0.0,0.0
2025-05-27 19:00:00,49.94,82.93,18.71,5.92,0.76,19.84,25.95,89.51,1.25,181.26,0.05,0.0
2025-05-27 20:00:00,57.52,79.64,14.97,5.66,0.52,20.54,25.2,91.12,1.09,290.34,0.05,0.0
2025-05-27 21:00:00,49.03,71.24,9.91,5.65,0.43,21.53,25.4,89.25,0.88,255.06,0.05,0.0
2025-05-27 22:00:00,43.92,68.85,4.4,5.3,0.3,24.68,25.08,86.18,1.1,310.85,0.0,0.0
2025-05-27 23:00:00,36.64,61.67,0.44,5.33,0.24,25.56,25.21,86.68,1.32,331.5,0.0,0.0
2025-05-28 00:00:00,27.36,50.37,0.08,5.79,0.24,27.81,25.28,86.94,1.01,299.3,0.0,0.0
2025-05-28 01:00:00,20.94,41.89,6.927132868186179,5.87,0.26,26.66,25.3,87.18,0.72,308.28,0.0,0.0
2025-05-28 02:00:00,29.66,38.51,1.32,5.46,0.26,25.54,25.16,87.5,1.16,321.02,0.0,0.0
2025-05-28 03:00:00,25.5,31.71,2.24,5.57,0.26,23.33,25.08,87.71,0.98,315.27,0.0,0.0
2025-05-28 04:00:00,23.32,29.65,2.02,5.38,0.24,21.66,24.92,88.36,1.13,293.5,0.0,0.0
2025-05-28 05:00:00,27.31,30.26,1.9,5.26,0.26,20.38,24.79,88.46,1.14,322.68,0.0,0.0
2025-05-28 06:00:00,23.52,30.97,1.89,5.27,0.26,22.72,25.2,86.16,1.02,312.96,0.0,0.0
2025-05-28 07:00:00,20.83,29.03,0.66,5.4,0.28,23.92,26.12,82.89,0.88,334.83,0.0,8.98
2025-05-28 08:00:00,20.44,28.26,0.37,5.13,0.3,25.48,27.26,79.14,0.78,180.99,0.0,110.98
2025-05-28 09:00:00,20.15,24.76,1.85,5.05,0.34,30.16,29.11,72.92,0.75,70.65,0.0,203.5
2025-05-28 10:00:00,24.1,27.6,2.98,5.07,0.35,39.97,31.43,66.6,1.0,113.3,0.0,224.82
2025-05-28 11:00:00,23.45,31.08,8.94,5.21,0.4,42.94,32.38,63.93,0.81,168.64,0.0,210.35
2025-05-28 12:00:00,25.33,42.8,33.95,16.28,0.47,33.96,34.24,58.27,0.91,78.05,0.0,203.68
2025-05-28 13:00:00,40.96,65.28,35.28,23.65,0.66,50.77,34.56,56.78,1.06,160.48,0.0,208.55
2025-05-28 14:00:00,49.39,78.28,22.26,18.74,0.6,63.25,34.79,57.88,1.07,202.1,0.0,200.2
2025-05-28 15:00:00,52.01,83.52,12.2,13.11,0.49,44.43,33.58,64.17,1.5,189.87,0.0,162.77
2025-05-28 16:00:00,48.69,78.54,9.91,10.68,0.6,41.28,32.32,66.76,1.65,185.93,0.0,46.85
2025-05-28 17:00:00,41.0,71.79,7.58,10.11,0.32,38.99,25.38,85.36,1.06,147.2,5.05,0.0
2025-05-28 18:00:00,39.17,60.18,17.38,9.45,0.7,28.1,22.96,97.28,1.39,187.31,0.15,0.0
2025-05-28 19:00:00,31.76,51.65,13.62,8.96,0.6,25.02,23.53,96.55,0.57,179.19,0.1,0.0
2025-05-28 20:00:00,32.42,44.57,19.91,7.54,0.75,18.83,24.29,93.91,1.31,166.1,0.1,0.0
2025-05-28 21:00:00,37.37,44.76,17.38,6.48,0.62,21.36,24.36,94.14,1.3,185.75,0.15,0.0
2025-05-28 22:00:00,37.96,52.88,10.87,6.25,0.43,20.33,24.34,96.02,0.64,199.76,0.05,0.0
2025-05-28 23:00:00,33.44,47.02,6.62,7.0,0.39,19.51,23.93,96.79,1.24,309.69,0.1,0.0
2025-05-29 00:00:00,35.93,41.75,6.55,7.24,0.29,18.0,23.72,97.22,1.41,306.53,0.0,0.0
2025-05-29 01:00:00,30.46,40.92,2.7,6.65,0.23,19.35,23.64,97.04,1.34,303.53,0.0,0.0
2025-05-29 02:00:00,24.43,44.51,3.26,6.35,0.22,13.54,23.52,96.69,1.33,321.84,0.0,0.0
2025-05-29 03:00:00,18.2,36.26,2.26,5.6,0.25,11.45,23.77,96.87,1.33,324.01,0.0,0.0
2025-05-29 04:00:00,19.24,30.22,0.54,5.72,0.23,11.82,23.9,96.41,0.88,243.06,0.0,0.0
2025-05-29 05:00:00,15.89,27.91,1.55,12.52,0.27,12.06,23.86,96.8,1.14,299.32,0.0,0.0
2025-05-29 06:00:00,17.86,29.87,6.84,14.85,0.42,6.16,24.58,96.22,0.49,296.96,0.0,0.2
2025-05-29 07:00:00,20.75,35.26,9.18,15.21,0.49,8.88,26.36,88.03,0.78,231.07,0.0,55.0
2025-05-29 08:00:00,18.54,42.14,11.4,17.78,0.66,20.97,29.36,72.93,0.75,296.14,0.0,225.25
2025-05-29 09:00:00,18.58,41.06,8.32,19.37,0.42,37.52,31.44,63.17,0.94,312.34,0.0,279.38
2025-05-29 10:00:00,18.75,39.63,12.29,17.55,0.47,44.21,32.92,58.81,0.96,295.75,0.0,274.73
2025-05-29 11:00:00,19.84,38.71,10.84,16.62,0.46,47.46,34.59,56.39,0.75,315.76,0.0,266.8
2025-05-29 12:00:00,27.46,55.79,10.74,16.37,0.45,50.73,35.73,53.09,0.82,307.36,0.0,245.42
2025-05-29 13:00:00,24.92,55.11,9.34,15.76,0.43,57.52,36.58,49.27,0.49,201.38,0.0,234.52
2025-05-29 14:00:00,27.77,62.36,10.34,16.0,0.44,60.21,36.86,48.75,0.49,247.24,0.0,241.73
2025-05-29 15:00:00,36.65,65.76,10.71,15.77,0.48,57.78,36.24,50.91,0.58,255.97,0.0,127.57
2025-05-29 16:00:00,39.79,67.77,9.27,16.19,0.44,53.16,35.04,54.83,1.0,240.85,0.0,117.32
2025-05-29 17:00:00,37.69,68.05,6.29,15.35,0.4,50.28,31.28,65.6,1.17,31.0,0.0,6.3
2025-05-29 18:00:00,35.25,63.58,12.73,14.86,0.57,42.48,30.1,68.46,1.23,315.5,0.0,0.0
2025-05-29 19:00:00,31.18,55.76,47.82,15.36,1.72,14.06,30.22,69.42,0.86,301.66,0.0,0.0
2025-05-29 20:00:00,33.89,68.15,29.68,15.72,1.02,17.27,30.79,64.27,0.34,161.82,0.0,0.0
2025-05-29 21:00:00,41.6,79.4,17.63,15.63,0.7,26.2,29.92,65.46,0.72,283.12,0.0,0.0
2025-05-29 22:00:00,54.46,86.26,20.72,15.8,0.58,24.06,29.43,66.64,0.74,152.74,0.0,0.0
2025-05-29 23:00:00,55.36,90.44,12.94,15.27,0.43,27.98,28.67,69.75,0.86,193.28,0.0,0.0
2025-05-30 00:00:00,45.74,77.24,4.32,14.26,0.25,28.75,27.89,73.81,1.02,331.37,0.0,0.0
2025-05-30 01:00:00,37.48,56.12,7.86,14.57,0.3,20.28,27.92,75.05,0.52,176.3,0.0,0.0
2025-05-30 02:00:00,30.26,50.15,2.27,15.4,0.24,38.68,28.11,70.76,0.76,283.76,0.0,0.0
2025-05-30 03:00:00,28.73,52.42,1.56,14.63,0.24,30.22,27.23,77.35,0.52,295.41,0.0,0.0
2025-05-30 04:00:00,30.64,46.24,2.42,14.36,0.24,24.67,26.65,80.98,0.66,278.86,0.0,0.0
2025-05-30 05:00:00,25.18,39.82,5.95,14.21,0.32,16.76,26.45,83.28,0.57,113.43,0.0,0.0
2025-05-30 06:00:00,25.36,42.31,8.05,14.08,0.45,11.86,27.08,82.54,0.51,183.98,0.0,5.82
2025-05-30 07:00:00,25.35,51.34,11.32,15.18,0.55,17.0,29.2,74.4,0.59,237.47,0.0,116.65
2025-05-30 08:00:00,29.43,55.3,7.22,16.62,0.35,28.6,31.46,66.42,1.01,299.99,0.0,246.2
2025-05-30 09:00:00,33.98,61.96,6.86,16.61,0.37,31.96,32.5,62.98,1.01,297.76,0.0,251.85
2025-05-30 10:00:00,38.79,73.47,8.78,16.71,0.4,34.4,33.66,60.6,1.04,297.79,0.0,269.33
2025-05-30 11:00:00,33.37,78.74,5.37,17.18,0.31,39.02,34.09,58.92,0.95,306.03,0.0,243.25
2025-05-30 12:00:00,31.81,77.51,9.1,16.52,0.34,42.46,35.05,55.98,0.99,311.68,0.0,229.88
2025-05-30 13:00:00,29.8,82.96,10.55,16.13,0.35,43.82,35.38,55.15,0.86,298.28,0.0,217.7
2025-05-30 14:00:00,34.97,84.96,10.39,17.09,0.39,41.78,35.29,55.37,0.86,271.47,0.0,240.73
2025-05-30 15:00:00,40.6,90.27,5.78,15.82,0.34,43.9,32.74,60.99,0.59,70.0,0.0,113.0
2025-05-30 16:00:00,36.85,81.47,18.15,14.34,0.6,37.19,30.38,65.8,1.42,125.85,0.0,6.72
2025-05-30 17:00:00,35.5,73.72,21.1,14.04,0.7,34.44,29.92,67.55,1.08,154.26,0.0,0.0
2025-05-30 18:00:00,35.68,79.94,28.67,11.32,1.22,21.72,30.54,68.36,1.5,172.19,0.0,0.0
2025-05-30 19:00:00,39.27,82.45,25.61,14.05,0.96,18.02,30.23,69.99,0.97,142.09,0.0,0.0
2025-05-30 20:00:00,35.06,84.12,28.48,15.1,0.96,16.02,30.29,69.36,1.14,178.27,0.0,0.0
2025-05-30 21:00:00,39.12,82.94,25.67,19.84,0.89,9.32,29.96,71.6,1.32,167.4,0.0,0.0
2025-05-30 22:00:00,43.73,86.82,21.66,21.51,0.72,8.45,29.47,74.09,0.97,178.09,0.0,0.0
2025-05-30 23:00:00,46.0,90.75,16.72,21.9,0.56,6.92,29.03,75.26,1.08,191.46,0.0,0.0
2025-05-31 00:00:00,42.24,87.86,10.22,18.46,0.3,9.09,28.62,75.29,0.76,195.76,0.0,0.0
2025-05-31 01:00:00,40.72,84.83,6.55,15.99,0.25,8.85,28.6,75.32,0.78,223.88,0.0,0.0
2025-05-31 02:00:00,33.94,68.0,9.23,15.77,0.28,7.32,28.1,76.91,0.34,328.56,0.0,0.0
2025-05-31 03:00:00,32.79,63.91,8.9,15.93,0.28,7.79,28.22,76.22,0.85,215.08,0.0,0.0
2025-05-31 04:00:00,30.08,70.66,4.54,15.62,0.2,16.37,28.45,72.71,0.84,286.64,0.0,0.0
2025-05-31 05:00:00,26.96,71.25,2.64,14.28,0.19,19.35,28.29,71.14,0.88,287.3,0.0,0.0
2025-05-31 06:00:00,22.84,58.5,2.2,14.11,0.16,35.3,29.12,67.06,0.81,308.7,0.0,72.55
2025-05-31 07:00:00,44.81786545845669,84.47180783555406,19.486392245612098,17.04841682164542,0.5983319546048915,33.34192758719134,,,,,,
2025-05-31 08:00:00,18.59,43.93,4.93,7.14,0.14,31.87,30.64,63.55,1.16,328.87,0.0,168.6
2025-05-31 09:00:00,21.27,51.34,7.73,4.17,0.09,32.82,31.97,60.98,1.11,321.23,0.0,206.18
2025-05-31 10:00:00,27.26,67.52,13.15,2.8,0.16,36.32,33.42,57.4,0.99,316.83,0.0,247.48
2025-05-31 11:00:00,28.25,81.33,14.53,2.49,0.15,40.49,34.61,53.62,0.96,308.05,0.0,235.27
2025-05-31 12:00:00,44.81786545845669,84.47180783555406,19.486392245612098,17.04841682164542,0.5983319546048915,33.34192758719134,,,,,,
2025-05-31 13:00:00,44.81786545845669,84.47180783555406,19.486392245612098,17.04841682164542,0.5983319546048915,33.34192758719134,,,,,,
2025-05-31 14:00:00,44.81786545845669,84.47180783555406,19.486392245612098,17.04841682164542,0.5983319546048915,33.34192758719134,,,,,,
2025-05-31 15:00:00,44.81786545845669,84.47180783555406,19.486392245612098,17.04841682164542,0.5983319546048915,33.34192758719134,,,,,,
2025-05-31 16:00:00,37.77,94.25,20.12,16.04,0.32,54.24,36.93,39.8,0.7,280.17,0.0,83.12
2025-05-31 17:00:00,41.97,92.93,23.56,16.46,0.4,49.21,35.72,44.3,0.68,239.91,0.0,0.8
2025-05-31 18:00:00,40.08,97.36,23.85,15.5,0.44,41.28,34.58,46.71,0.37,230.59,0.0,0.0
2025-05-31 19:00:00,37.17,99.75,23.6,16.05,0.52,35.43,33.36,47.71,0.76,315.35,0.0,0.0
2025-05-31 20:00:00,34.91,100.78,32.04,23.51,0.75,23.11,31.94,50.32,1.06,331.3,0.0,0.0
2025-05-31 21:00:00,44.78,112.57,30.9,23.35,0.72,20.45,31.18,51.7,0.96,338.44,0.0,0.0
2025-05-31 22:00:00,48.95,121.15,25.1,22.92,0.57,23.57,30.48,53.36,0.83,344.99,0.0,0.0
2025-05-31 23:00:00,51.0,123.62,16.92,18.37,0.39,27.54,29.75,55.59,0.9,259.8,0.0,0.0
2025-06-01 00:00:00,52.88,119.09,13.78,16.7,0.24,29.43,29.62,56.1,0.87,317.2,0.0,0.0
2025-06-01 01:00:00,48.39,115.92,13.17,16.88,0.18,30.78,29.54,56.28,1.0,310.65,0.0,0.0
2025-06-01 02:00:00,43.88,104.54,8.35,16.46,0.15,31.84,28.86,59.52,0.82,301.71,0.0,0.0
2025-06-01 03:00:00,43.71,94.38,6.24,15.7,0.17,32.45,28.5,60.62,1.11,302.69,0.0,0.0
2025-06-01 04:00:00,33.99,92.57,5.2,14.37,0.14,31.32,27.96,61.81,0.78,292.4,0.0,0.0
2025-06-01 05:00:00,29.82,83.65,7.42,14.68,0.18,26.94,27.16,63.86,0.96,321.47,0.0,0.0
2025-06-01 06:00:00,26.87,79.57,12.73,17.22,0.27,22.26,27.24,64.72,0.84,327.63,0.0,0.15
2025-06-01 07:00:00,35.82,80.26,15.22,18.08,0.24,20.79,28.49,64.76,0.64,308.95,0.0,49.3
2025-06-01 08:00:00,38.98,83.29,11.64,18.56,0.26,28.2,30.7,58.28,0.79,287.85,0.0,222.8
2025-06-01 09:00:00,30.36,80.7,8.97,16.55,0.22,34.33,32.64,52.22,0.88,305.14,0.0,200.95
2025-06-01 10:00:00,26.06,83.65,11.27,15.89,0.29,34.11,34.22,49.47,0.77,244.31,0.0,222.5
2025-06-01 11:00:00,28.7,85.55,12.14,15.73,0.26,40.75,35.39,47.66,0.76,292.22,0.0,241.52
2025-06-01 12:00:00,32.66,85.2,12.86,15.93,0.28,46.04,36.36,46.14,0.61,251.13,0.0,247.22
2025-06-01 13:00:00,34.16,84.6,9.16,16.34,0.24,52.07,37.05,43.03,0.72,276.7,0.0,194.65
2025-06-01 14:00:00,33.26,76.76,14.06,18.32,0.26,58.47,37.35,39.75,0.74,258.86,0.0,169.23
2025-06-01 15:00:00,28.86,78.22,9.08,16.19,0.17,56.07,37.08,37.37,0.74,250.93,0.0,113.25
2025-06-01 16:00:00,34.02,83.45,11.28,15.2,0.17,53.44,36.66,34.85,0.74,288.66,0.0,48.6
2025-06-01 17:00:00,27.92,83.63,12.28,14.81,0.22,51.88,35.74,36.8,0.52,260.95,0.0,0.0
2025-06-01 18:00:00,29.56,87.9,20.45,16.26,0.42,46.22,34.83,38.42,0.73,171.71,0.0,0.0
2025-06-01 19:00:00,34.27,89.0,22.07,16.09,0.5,41.03,33.37,40.18,0.42,112.01,0.0,0.0
2025-06-01 20:00:00,34.69,86.25,25.01,15.86,0.62,34.3,32.23,41.64,0.69,60.05,0.0,0.0
2025-06-01 21:00:00,39.49,91.68,27.86,15.54,0.68,32.06,31.46,44.49,0.55,171.17,0.0,0.0
2025-06-01 22:00:00,40.27,94.96,27.34,16.43,0.55,28.96,30.66,47.59,1.02,256.31,0.0,0.0
2025-06-01 23:00:00,42.08,97.44,23.61,17.5,0.36,28.51,30.17,49.24,0.7,76.89,0.0,0.0
2025-06-02 00:00:00,40.18,88.88,17.45,16.5,0.32,28.89,28.99,52.74,0.5,262.21,0.0,0.0
2025-06-02 01:00:00,38.68,86.07,14.89,16.99,0.27,25.55,29.17,53.76,0.42,121.91,0.0,0.0
2025-06-02 02:00:00,38.26,81.76,9.21,15.63,0.21,24.67,29.72,55.71,0.41,119.06,0.0,0.0
2025-06-02 03:00:00,40.3,76.74,7.6,16.59,0.23,25.12,29.26,57.9,0.56,174.24,0.0,0.0
2025-06-02 04:00:00,38.8,77.47,9.78,23.54,0.29,28.64,28.83,58.18,0.49,238.02,0.0,0.0
2025-06-02 05:00:00,37.2,74.98,9.03,20.02,0.23,28.82,28.54,59.93,0.74,340.6,0.0,0.0
2025-06-02 06:00:00,37.5,74.51,9.29,18.78,0.27,27.98,28.9,61.46,0.52,278.23,0.0,8.22
2025-06-02 07:00:00,35.89,71.2,12.36,20.89,0.32,25.92,29.67,61.76,0.62,263.76,0.0,69.65
2025-06-02 08:00:00,34.3,68.4,11.76,19.52,0.34,29.47,30.96,59.35,0.66,263.29,0.0,185.42
2025-06-02 09:00:00,31.23,63.42,14.75,17.32,0.45,31.98,32.77,54.84,0.73,288.5,0.0,159.12
2025-06-02 10:00:00,34.73,63.91,14.68,16.67,0.42,35.87,33.75,52.98,0.63,287.42,0.0,138.02
2025-06-02 11:00:00,32.46,60.2,13.15,16.51,0.26,50.18,34.44,50.87,0.78,302.44,0.0,130.15
2025-06-02 12:00:00,44.81786545845669,84.47180783555406,19.486392245612098,17.04841682164542,0.5983319546048915,33.34192758719134,,,,,,
2025-06-02 13:00:00,28.91,76.48,10.78,12.74,0.27,54.54,35.86,44.28,0.75,231.69,0.0,93.38
2025-06-02 14:00:00,32.82,84.4,14.21,10.99,0.27,47.77,35.58,43.97,0.66,218.2,0.0,90.1
2025-06-02 15:00:00,43.06,79.84,12.34,9.54,0.22,46.03,34.94,44.69,0.67,221.63,0.0,85.5
2025-06-02 16:00:00,38.34,77.28,10.65,8.89,0.23,47.54,34.58,44.2,0.64,285.97,0.0,55.4
2025-06-02 17:00:00,29.29,76.72,16.86,8.52,0.36,42.17,34.2,44.24,0.86,200.45,0.0,0.0
2025-06-02 18:00:00,32.77,71.9,25.73,8.37,0.68,32.54,33.56,44.58,1.11,164.67,0.0,0.0
2025-06-02 19:00:00,45.73,87.32,35.96,8.38,0.82,19.32,32.22,47.64,0.95,116.53,0.0,0.0
2025-06-02 20:00:00,55.13,99.87,31.17,8.48,0.83,20.12,31.33,49.35,1.29,154.8,0.0,0.0
2025-06-02 21:00:00,53.56,101.14,26.36,8.16,0.6,19.84,30.67,51.57,1.08,155.53,0.0,0.0
2025-06-02 22:00:00,57.72,105.08,24.74,10.58,0.49,16.13,29.98,54.78,0.84,225.24,0.0,0.0
2025-06-02 23:00:00,59.9,102.35,24.47,18.09,0.32,13.2,29.13,57.91,0.62,291.42,0.0,0.0
2025-06-03 00:00:00,44.78,93.71,17.84,21.54,0.26,17.8,28.78,58.4,0.88,252.88,0.0,0.0
2025-06-03 01:00:00,40.47,84.62,9.14,11.3,0.2,24.19,28.68,57.9,1.0,219.61,0.0,0.0
2025-06-03 02:00:00,32.83,67.33,6.63,11.1,0.21,29.4,28.38,57.74,0.8,311.1,0.0,0.0
2025-06-03 03:00:00,30.44,60.34,3.99,9.01,0.16,35.85,28.51,58.86,1.12,310.6,0.0,0.0
2025-06-03 04:00:00,24.89,64.44,4.5,8.83,0.14,35.22,28.15,61.6,1.17,323.96,0.0,0.0
2025-06-03 05:00:00,30.85,59.62,6.31,8.94,0.18,31.1,27.43,64.85,0.7,305.07,0.0,0.0
2025-06-03 06:00:00,27.04,58.67,7.86,9.5,0.19,30.88,27.54,64.09,0.91,315.85,0.0,0.48
2025-06-03 07:00:00,25.46,56.06,12.06,9.33,0.28,28.77,29.51,59.25,0.56,285.94,0.0,37.95
2025-06-03 08:00:00,26.03,61.76,11.0,9.91,0.28,32.76,31.87,52.76,0.63,298.25,0.0,163.62
2025-06-03 09:00:00,24.08,67.68,12.58,8.9,0.37,34.27,33.49,47.1,0.78,293.47,0.0,129.58
2025-06-03 10:00:00,21.65,73.44,12.85,8.85,0.34,37.33,34.86,43.58,0.82,276.53,0.0,111.62
2025-06-03 11:00:00,26.46,76.82,8.48,8.77,0.21,45.54,35.9,40.97,0.8,302.76,0.0,124.1
2025-06-03 12:00:00,22.97,79.24,14.82,8.83,0.3,46.56,37.16,36.97,0.74,270.21,0.0,142.4
2025-06-03 13:00:00,30.2,79.18,15.07,9.05,0.28,49.97,37.67,35.29,0.38,247.98,0.0,136.4
2025-06-03 14:00:00,33.84,78.53,11.86,11.26,0.23,56.45,37.54,35.05,0.72,271.2,0.0,151.18
2025-06-03 15:00:00,30.72,80.34,9.77,11.65,0.22,57.5,37.11,35.48,0.64,260.16,0.0,100.52
2025-06-03 16:00:00,33.48,86.21,15.14,9.3,0.3,50.28,36.44,35.8,0.78,250.86,0.0,44.62
2025-06-03 17:00:00,32.23,78.75,14.59,8.28,0.33,50.91,35.75,36.0,0.5,245.6,0.0,0.0
2025-06-03 18:00:00,29.16,75.22,20.17,8.56,0.5,44.14,34.6,37.93,0.34,246.12,0.0,0.0
2025-06-03 19:00:00,34.39,84.48,45.34,9.15,1.06,21.02,32.91,41.86,0.69,99.76,0.0,0.0
2025-06-03 20:00:00,36.37,90.71,48.31,9.46,1.14,13.66,31.93,44.36,0.86,181.58,0.0,0.0
2025-06-03 21:00:00,41.75,98.55,39.86,11.1,0.82,16.84,31.72,46.56,1.25,334.24,0.0,0.0
2025-06-03 22:00:00,45.9,99.04,8.45,10.4,0.21,37.89,31.43,51.05,1.59,351.51,0.0,0.0
2025-06-03 23:00:00,43.86,92.51,6.53,10.91,0.2,38.94,30.1,54.6,0.96,324.33,0.0,0.0
2025-06-04 00:00:00,35.05,80.85,5.45,10.43,0.13,37.87,29.35,56.94,1.05,321.49,0.0,0.0
2025-06-04 01:00:00,35.6,67.89,4.2,9.34,0.11,42.84,28.9,57.39,0.92,303.19,0.0,0.0
2025-06-04 02:00:00,28.85,56.08,2.96,8.44,0.11,47.88,27.86,60.76,0.99,312.81,0.0,0.0
2025-06-04 03:00:00,26.47,53.92,4.92,8.36,0.11,43.38,26.22,68.52,0.96,314.22,0.0,0.0
2025-06-04 04:00:00,26.4,53.58,7.24,8.53,0.13,37.41,26.04,69.77,0.84,252.1,0.0,0.0
2025-06-04 05:00:00,26.33,54.05,7.88,8.97,0.17,30.69,26.34,70.1,1.04,265.83,0.0,0.0
2025-06-04 06:00:00,22.15,49.79,9.94,10.17,0.2,26.72,26.8,69.66,1.04,329.88,0.0,0.0
2025-06-04 07:00:00,25.7,50.03,16.26,11.11,0.34,23.45,27.53,68.48,0.77,331.02,0.0,33.45
2025-06-04 08:00:00,33.22,53.53,13.62,13.08,0.28,32.07,30.05,60.46,0.6,301.67,0.0,145.9
2025-06-04 09:00:00,28.21,53.76,14.01,15.74,0.42,38.34,32.14,55.03,0.6,274.68,0.0,135.5
2025-06-04 10:00:00,28.87,57.41,11.39,13.19,0.3,42.54,34.28,48.48,0.58,297.3,0.0,169.6
2025-06-04 11:00:00,26.78,60.86,10.77,11.15,0.28,46.87,35.48,45.64,0.58,222.46,0.0,219.25
2025-06-04 12:00:00,29.92,65.9,10.45,9.99,0.27,50.66,36.61,42.35,0.66,270.54,0.0,175.72
2025-06-04 13:00:00,30.78,69.84,12.22,9.22,0.26,52.16,36.92,39.44,0.45,247.46,0.0,150.48
2025-06-04 14:00:00,24.35,71.98,9.3,10.5,0.23,57.74,37.45,37.76,0.63,244.71,0.0,177.8
2025-06-04 15:00:00,29.72,70.79,15.59,28.16,0.26,60.97,36.06,42.1,1.12,327.91,0.0,116.32
2025-06-04 16:00:00,39.39,70.09,5.48,10.17,0.18,53.15,32.83,49.77,1.71,348.14,0.0,58.5
2025-06-04 17:00:00,34.34,64.09,6.61,9.76,0.18,54.59,31.71,51.28,1.7,354.84,0.0,11.85
2025-06-04 18:00:00,26.36,60.14,6.51,9.2,0.24,47.95,30.34,55.68,1.37,177.91,0.0,0.0
2025-06-04 19:00:00,24.99,55.36,8.32,9.24,0.29,40.95,29.76,57.85,1.08,256.64,0.0,0.0
2025-06-04 20:00:00,27.21,52.16,6.64,9.13,0.24,40.31,28.7,61.65,0.94,339.28,0.0,0.0
2025-06-04 21:00:00,32.11,51.49,15.98,9.25,0.47,33.42,28.64,61.76,0.6,229.01,0.0,0.0
2025-06-04 22:00:00,28.66,56.86,13.08,9.36,0.34,33.82,28.39,62.59,0.91,326.86,0.0,0.0
2025-06-04 23:00:00,29.95,53.33,13.78,10.02,0.33,31.6,28.36,62.21,0.97,281.54,0.0,0.0
2025-06-05 00:00:00,30.21,54.62,14.3,13.25,0.26,29.84,27.31,66.28,1.27,327.47,0.0,0.0
2025-06-05 01:00:00,33.23,53.8,10.92,12.29,0.28,28.08,27.27,65.77,0.91,292.62,0.0,0.0
2025-06-05 02:00:00,29.66,53.69,9.46,11.72,0.26,29.13,27.56,64.2,0.98,303.45,0.0,0.0
2025-06-05 03:00:00,24.96,50.92,5.06,10.63,0.21,32.73,27.5,65.56,0.92,338.55,0.0,0.0
2025-06-05 04:00:00,26.69,53.87,4.62,10.63,0.23,32.93,26.72,69.29,1.06,336.44,0.0,0.0
2025-06-05 05:00:00,21.98,47.4,6.6,10.59,0.2,31.35,26.48,69.62,0.85,334.04,0.0,0.0
2025-06-05 06:00:00,23.75,53.44,12.79,13.06,0.27,29.1,26.96,68.04,0.98,335.04,0.0,0.0
2025-06-05 07:00:00,28.2,55.15,8.12,11.26,0.23,29.36,27.46,68.49,1.2,342.63,0.0,34.0
2025-06-05 08:00:00,27.43,53.32,9.76,10.78,0.36,32.15,29.7,61.77,0.96,322.19,0.0,121.4
2025-06-05 09:00:00,24.33,49.84,6.91,11.52,0.26,44.55,32.12,54.4,1.12,345.18,0.0,153.6
2025-06-05 10:00:00,27.96,50.62,5.83,11.57,0.24,53.04,33.95,48.26,0.98,183.38,0.0,211.9
2025-06-05 11:00:00,28.09,56.54,7.5,12.8,0.22,62.24,36.01,42.72,0.97,117.78,0.0,244.32
2025-06-05 12:00:00,27.48,59.96,7.8,13.18,0.24,72.29,37.21,39.17,0.64,55.2,0.0,229.98
2025-06-05 13:00:00,26.12,62.42,5.97,16.36,0.2,81.14,36.94,37.8,0.94,182.56,0.0,186.15
2025-06-05 14:00:00,31.19,66.09,25.14,66.5,0.3,67.34,36.94,35.69,0.46,165.38,0.0,146.25
2025-06-05 15:00:00,32.53,70.36,31.06,80.36,0.36,57.27,36.54,35.51,0.48,153.57,0.0,108.72
2025-06-05 16:00:00,40.19,81.88,30.32,86.68,0.4,61.98,36.66,34.83,0.69,157.46,0.0,79.7
2025-06-05 17:00:00,40.38,80.72,30.13,34.68,0.54,65.13,36.69,34.38,0.74,120.28,0.0,14.45
2025-06-05 18:00:00,37.67,81.54,45.44,27.62,0.9,47.1,34.74,38.34,0.76,95.06,0.0,0.0
2025-06-05 19:00:00,40.72,91.38,33.01,21.98,0.84,40.49,33.61,47.45,0.66,169.78,0.0,0.0
2025-06-05 20:00:00,43.43,99.06,29.64,16.62,0.86,35.62,32.49,50.85,1.06,336.56,0.0,0.0
2025-06-05 21:00:00,46.49,92.85,29.28,16.38,0.83,31.95,31.95,51.61,0.87,167.2,0.0,0.0
2025-06-05 22:00:00,51.88,89.46,23.46,14.49,0.7,31.49,31.02,53.54,1.05,252.77,0.0,0.0
2025-06-05 23:00:00,52.28,94.81,36.04,13.18,0.79,21.47,29.93,56.61,0.87,278.95,0.0,0.0
2025-06-06 00:00:00,47.45,101.22,33.53,13.62,0.62,17.2,29.19,58.6,1.1,280.59,0.0,0.0
2025-06-06 01:00:00,50.89,95.03,23.5,13.44,0.38,21.0,28.4,61.59,0.76,242.12,0.0,0.0
2025-06-06 02:00:00,46.11,88.93,18.05,17.56,0.36,22.11,27.83,62.57,0.95,236.82,0.0,0.0
2025-06-06 03:00:00,48.62,91.45,21.08,18.59,0.45,16.35,27.42,64.01,0.68,282.71,0.0,0.0
2025-06-06 04:00:00,48.29,93.74,21.58,16.21,0.59,11.88,26.28,70.92,0.95,285.73,0.0,0.0
2025-06-06 05:00:00,47.12,99.22,27.14,15.39,0.58,13.52,26.0,68.63,0.98,248.33,0.0,0.0
2025-06-06 06:00:00,53.0,99.09,15.46,15.42,0.32,25.13,26.95,63.84,1.1,310.87,0.0,0.0
2025-06-06 07:00:00,49.91,101.02,10.5,16.28,0.28,37.58,29.3,55.83,1.18,167.44,0.0,22.25
2025-06-06 08:00:00,51.61,96.38,9.43,15.42,0.24,57.7,32.44,46.27,1.3,172.48,0.0,131.07
2025-06-06 09:00:00,43.09,85.1,10.81,28.71,0.24,74.81,34.68,38.92,0.84,189.48,0.0,125.75
2025-06-06 10:00:00,36.6,85.8,12.48,31.85,0.34,91.58,36.74,35.5,0.91,212.9,0.0,137.85
2025-06-06 11:00:00,40.53,94.44,11.61,47.12,0.24,102.4,38.16,33.04,0.85,172.51,0.0,114.32
2025-06-06 12:00:00,41.22,92.96,17.4,61.02,0.25,103.83,39.22,30.62,0.82,177.91,0.0,128.7
2025-06-06 13:00:00,42.04,94.97,20.04,72.3,0.18,91.22,40.2,27.28,0.78,111.17,0.0,129.35
2025-06-06 14:00:00,41.16,95.23,26.79,112.82,0.22,88.98,40.46,27.22,0.92,119.81,0.0,127.8
2025-06-06 15:00:00,43.68,104.18,28.7,91.31,0.32,93.85,39.95,27.71,0.86,209.9,0.0,87.92
2025-06-06 16:00:00,46.34,114.04,22.98,67.58,0.3,93.89,39.24,28.32,0.44,288.64,0.0,43.1
2025-06-06 17:00:00,47.0,107.98,23.78,91.7,0.24,89.26,38.61,28.68,1.04,320.14,0.0,3.4
2025-06-06 18:00:00,37.75,104.13,71.95,79.92,1.49,44.46,36.95,32.48,1.28,297.84,0.0,0.0
2025-06-06 19:00:00,44.36,110.78,41.97,50.74,0.69,42.46,34.42,41.68,1.27,307.78,0.0,0.0
2025-06-06 20:00:00,45.33,115.66,62.18,37.98,1.14,20.54,33.39,42.22,1.2,314.32,0.0,0.0
2025-06-06 21:00:00,37.5,110.22,27.7,17.89,0.56,31.4,33.3,38.63,1.09,269.85,0.0,0.0
2025-06-06 22:00:00,51.13,116.68,49.99,14.69,1.22,12.08,33.0,40.11,0.82,238.58,0.0,0.0
2025-06-06 23:00:00,58.56,125.45,38.93,13.95,0.71,13.6,31.13,47.43,0.87,293.89,0.0,0.0
2025-06-07 00:00:00,60.17,125.48,40.89,13.47,0.66,7.4,29.88,53.89,0.74,294.56,0.0,0.0
2025-06-07 01:00:00,44.09,109.48,31.9,13.06,0.52,10.16,29.49,54.6,0.88,246.01,0.0,0.0
2025-06-07 02:00:00,47.35,97.07,29.58,12.51,0.5,8.9,28.63,61.04,1.21,321.49,0.0,0.0
2025-06-07 03:00:00,41.3,93.23,13.95,14.9,0.27,27.49,28.9,50.88,1.26,315.3,0.0,0.0
2025-06-07 04:00:00,41.64,90.36,12.13,14.6,0.24,32.02,29.3,48.21,1.41,321.64,0.0,0.0
2025-06-07 05:00:00,38.59,88.0,10.7,16.82,0.21,34.32,29.44,49.52,1.32,321.76,0.0,0.0
2025-06-07 06:00:00,34.72,81.29,9.8,15.9,0.24,36.67,29.85,48.99,1.4,335.08,0.0,0.0
2025-06-07 07:00:00,36.58,81.5,9.44,20.34,0.27,44.95,31.01,48.61,1.32,341.42,0.0,34.7
2025-06-07 08:00:00,41.28,85.82,6.46,16.11,0.22,59.06,33.27,45.45,1.25,179.21,0.0,121.7
2025-06-07 09:00:00,40.78,87.74,4.66,12.59,0.13,62.17,33.3,45.92,1.29,348.42,0.0,125.32
2025-06-07 10:00:00,41.88,83.88,4.65,12.15,0.12,63.05,33.93,44.77,1.38,264.29,0.0,131.2
2025-06-07 11:00:00,35.6,71.51,5.7,11.01,0.14,64.06,35.13,42.61,1.1,332.84,0.0,139.93
2025-06-07 12:00:00,30.87,70.58,15.06,13.98,0.26,64.15,36.16,40.66,0.8,332.14,0.0,146.98
2025-06-07 13:00:00,33.85,72.1,16.74,14.45,0.3,65.84,37.4,38.76,0.94,303.36,0.0,150.55
2025-06-07 14:00:00,36.4,75.1,16.35,13.5,0.3,64.41,36.06,41.34,0.9,315.75,0.0,159.85
2025-06-07 15:00:00,34.47,74.0,18.46,12.37,0.32,67.76,37.32,36.78,0.72,288.84,0.0,111.55
2025-06-07 16:00:00,33.23,77.75,15.52,11.54,0.25,68.8,37.14,36.0,0.67,315.42,0.0,65.97
2025-06-07 17:00:00,30.31,75.27,24.53,11.64,0.5,59.05,36.71,36.07,0.54,139.54,0.0,1.23
2025-06-07 18:00:00,33.39,84.5,61.84,11.8,1.47,21.71,34.66,41.33,1.03,207.49,0.0,0.0
2025-06-07 19:00:00,45.81,92.75,69.99,11.9,1.77,12.67,32.95,44.08,1.01,336.33,0.0,0.0
2025-06-07 20:00:00,56.37,109.8,59.13,11.53,1.29,13.84,32.45,45.67,0.68,149.57,0.0,0.0
2025-06-07 21:00:00,60.58,121.42,42.09,11.26,0.95,18.0,31.68,49.62,1.08,315.68,0.0,0.0
2025-06-07 22:00:00,60.76,122.59,38.81,13.02,0.81,20.42,31.32,49.46,0.78,93.9,0.0,0.0
2025-06-07 23:00:00,55.95,115.73,27.58,12.24,0.55,28.87,31.04,49.17,0.82,162.17,0.0,0.0
2025-06-08 00:00:00,56.5,109.64,29.42,12.41,0.58,23.52,30.66,51.89,0.8,277.14,0.0,0.0
2025-06-08 01:00:00,52.08,108.66,26.01,16.12,0.65,25.52,30.86,51.44,0.6,118.15,0.0,0.0
2025-06-08 02:00:00,47.21,106.57,15.55,14.48,0.3,27.86,30.1,53.13,0.8,185.84,0.0,0.0
2025-06-08 03:00:00,43.23,99.71,12.68,16.06,0.28,30.55,30.17,52.57,0.9,197.78,0.0,0.0
2025-06-08 04:00:00,42.07,93.85,9.31,13.97,0.25,31.08,29.78,54.48,0.59,343.95,0.0,0.0
2025-06-08 05:00:00,37.56,87.47,12.52,14.24,0.37,28.5,29.21,57.39,0.6,104.83,0.0,0.0
2025-06-08 06:00:00,39.42,91.23,18.3,17.07,0.35,25.87,29.78,57.78,0.9,314.66,0.0,0.0
2025-06-08 07:00:00,48.41,96.97,14.28,20.39,0.26,37.99,31.86,54.3,0.72,307.73,0.0,53.65
2025-06-08 08:00:00,41.87,92.94,9.04,19.33,0.2,49.5,33.81,49.72,0.96,308.81,0.0,110.6
2025-06-08 09:00:00,39.28,96.49,6.49,16.72,0.18,54.1,35.7,45.46,1.04,312.17,0.0,104.32
2025-06-08 10:00:00,37.92,97.98,14.36,17.04,0.28,56.91,37.92,40.72,0.95,337.02,0.0,110.48
2025-06-08 11:00:00,43.51,90.57,10.46,18.26,0.21,66.78,39.75,36.58,1.04,332.75,0.0,98.28
2025-06-08 12:00:00,39.94,94.62,10.85,17.97,0.2,72.94,41.37,33.54,0.74,226.42,0.0,125.68
2025-06-08 13:00:00,40.28,97.54,8.43,16.01,0.15,80.82,41.19,31.82,0.77,194.69,0.0,122.65
2025-06-08 14:00:00,38.23,93.9,3.76,14.49,0.1,82.1,40.96,31.06,1.14,263.88,0.0,83.65
2025-06-08 15:00:00,34.79,93.4,5.23,13.84,0.15,73.69,39.88,34.08,1.2,267.61,0.0,70.55
2025-06-08 16:00:00,38.82,98.04,5.81,13.62,0.17,71.32,39.09,34.69,1.48,344.18,0.0,17.65
2025-06-08 17:00:00,39.9,93.66,22.24,18.2,0.4,57.6,37.37,39.21,0.52,115.13,0.0,0.0
2025-06-08 18:00:00,32.32,91.48,39.48,14.06,0.98,38.34,36.23,40.32,0.66,172.79,0.0,0.0
2025-06-08 19:00:00,35.01,97.36,52.92,14.05,1.29,21.36,35.57,41.64,0.78,167.46,0.0,0.0
2025-06-08 20:00:00,53.35,109.66,41.86,23.05,1.12,23.17,35.02,43.26,1.16,206.86,0.0,0.0
2025-06-08 21:00:00,70.2,133.01,37.17,32.5,0.87,23.36,34.25,44.09,1.48,172.88,0.0,0.0
2025-06-08 22:00:00,72.32,141.05,26.55,26.38,0.59,25.89,32.78,49.08,1.5,169.46,0.0,0.0
2025-06-08 23:00:00,71.48,127.19,20.6,24.35,0.42,26.33,31.62,53.63,1.33,176.52,0.0,0.0
2025-06-09 00:00:00,56.28,109.17,14.47,24.56,0.29,28.46,31.03,54.12,1.5,177.06,0.0,0.0
2025-06-09 01:00:00,42.27,97.07,7.85,18.26,0.22,31.04,30.4,55.63,1.16,170.32,0.0,0.0
2025-06-09 02:00:00,36.82,83.59,7.02,15.66,0.21,29.58,29.87,57.94,1.1,166.21,0.0,0.0
2025-06-09 03:00:00,34.06,74.26,7.85,15.61,0.22,25.69,29.25,60.33,0.54,177.48,0.0,0.0
2025-06-09 04:00:00,34.24,74.26,9.58,14.7,0.27,21.49,28.38,63.58,0.8,272.32,0.0,0.0
2025-06-09 05:00:00,31.84,72.9,16.39,15.52,0.44,19.95,29.03,59.86,1.23,171.67,0.0,0.0
2025-06-09 06:00:00,32.23,77.49,18.31,16.17,0.52,19.78,29.55,60.02,1.36,177.51,0.0,0.0
2025-06-09 07:00:00,36.15,78.19,20.39,23.57,0.6,24.57,30.98,57.03,1.4,176.86,0.0,16.58
2025-06-09 08:00:00,40.62,87.84,16.87,19.47,0.52,42.28,34.32,48.64,0.86,266.3,0.0,101.7
2025-06-09 09:00:00,39.57,87.3,12.52,17.22,0.34,52.94,37.04,41.66,1.06,251.69,0.0,113.02
2025-06-09 10:00:00,38.57,91.6,9.79,16.83,0.28,62.72,38.96,37.48,1.12,346.95,0.0,134.48
2025-06-09 11:00:00,33.84,91.96,9.59,18.69,0.26,74.73,40.66,34.16,1.0,343.27,0.0,138.55
2025-06-09 12:00:00,31.64,88.05,7.28,20.78,0.27,90.42,41.98,30.75,1.12,163.52,0.0,133.48
2025-06-09 13:00:00,30.14,90.9,15.05,16.78,0.36,89.52,42.8,28.66,0.89,326.98,0.0,99.72
2025-06-09 14:00:00,32.6,90.61,9.63,15.13,0.24,88.34,41.65,29.2,1.24,180.45,0.0,78.65
2025-06-09 15:00:00,41.96,105.24,15.21,22.78,0.36,56.83,29.12,69.38,1.64,219.18,0.7,2.58
2025-06-09 16:00:00,50.4,105.73,41.73,12.99,1.23,24.41,30.0,63.92,0.7,227.68,0.0,1.38
2025-06-09 17:00:00,46.24,107.19,25.77,12.78,0.45,26.24,32.6,58.65,0.91,328.78,0.0,0.0
2025-06-09 18:00:00,45.39,105.87,67.7,12.8,2.24,12.86,33.12,60.28,0.96,247.89,0.0,0.0
2025-06-09 19:00:00,53.95,126.61,46.59,13.68,2.67,19.59,32.79,55.65,1.48,170.7,0.0,0.0
2025-06-09 20:00:00,53.08,123.27,25.07,20.08,0.7,43.78,31.9,52.85,1.98,164.41,0.0,0.0
2025-06-09 21:00:00,56.75,121.36,23.59,27.09,0.55,41.77,31.2,54.29,1.45,186.2,0.0,0.0
2025-06-09 22:00:00,62.05,120.94,20.4,28.48,0.44,43.56,30.34,55.74,1.48,171.82,0.0,0.0
2025-06-09 23:00:00,60.74,105.99,19.31,24.31,0.4,42.64,29.72,57.58,1.36,176.27,0.0,0.0
2025-06-10 00:00:00,54.5,99.3,10.77,21.17,0.19,47.11,29.76,56.48,0.84,176.79,0.0,0.0
2025-06-10 01:00:00,42.58,80.57,3.93,17.27,0.15,57.62,30.06,54.18,0.61,205.51,0.0,0.0
2025-06-10 02:00:00,42.3,67.19,3.31,15.18,0.16,53.57,29.36,58.24,0.67,255.07,0.0,0.0
2025-06-10 03:00:00,34.01,62.48,3.4,13.27,0.15,46.13,28.72,61.9,0.72,289.08,0.0,0.0
2025-06-10 04:00:00,26.56,51.85,4.09,12.73,0.15,41.72,28.51,63.43,0.65,278.45,0.0,0.0
2025-06-10 05:00:00,27.2,52.7,4.8,12.73,0.17,39.94,28.2,64.63,0.46,311.46,0.0,0.0
2025-06-10 06:00:00,27.14,55.16,8.96,13.12,0.3,31.73,28.59,65.08,0.5,321.28,0.0,0.75
2025-06-10 07:00:00,31.58,59.52,13.84,14.88,0.42,24.16,30.26,62.29,0.57,307.14,0.0,42.62
2025-06-10 08:00:00,28.76,63.79,13.14,16.06,0.37,29.48,32.98,56.54,0.81,301.41,0.0,132.32
2025-06-10 09:00:00,29.63,69.18,12.54,15.53,0.41,37.55,35.38,50.43,0.92,311.42,0.0,142.93
2025-06-10 10:00:00,28.28,76.93,15.37,16.11,0.36,48.04,37.42,45.97,0.98,308.42,0.0,131.6
2025-06-10 11:00:00,31.39,81.44,14.04,15.84,0.362783808699877,64.51,40.02,39.46,0.86,324.42,0.0,171.85
2025-06-10 12:00:00,36.26,87.43,10.48,27.37301216088803,0.21,83.85,40.92,34.1,1.14,176.4,0.0,146.75
2025-06-10 13:00:00,38.78,92.93,7.68,0.03,0.26,98.69,42.11,31.38,0.69,40.77,0.0,124.72
2025-06-10 14:00:00,49.120304607847864,92.22786280046465,11.919112924330788,5.76,0.39,77.41,41.86,32.75,0.59,105.64,0.0,121.15
2025-06-10 15:00:00,62.6,112.42,15.2950074725415,15.7,0.42,85.92,42.14,32.27,0.46,100.16,0.0,125.75
2025-06-10 16:00:00,60.67,116.02,22.84,44.97,0.52,85.62,41.58,32.14,0.85,80.78,0.0,51.32
2025-06-10 17:00:00,53.77,118.36,34.9,35.64,0.72,63.26,40.04,35.41,0.9,200.21,0.0,0.55
2025-06-10 18:00:00,56.24,124.68,28.41,16.3,0.79,67.79,36.87,40.71,1.16,119.0,0.0,0.0
2025-06-10 19:00:00,63.42,129.92,26.34,12.34,0.74,67.8,32.36,48.65,1.47,143.24,0.0,0.0
2025-06-10 20:00:00,58.43,126.65,27.06,10.39,0.74,56.67,30.25,57.23,1.46,163.19,0.0,0.0
2025-06-10 21:00:00,56.88,124.17,20.25,8.11,0.6,55.66,28.96,64.92,1.72,142.06,0.0,0.0
2025-06-10 22:00:00,61.28,120.33,16.82,6.84,0.5,43.06,25.72,82.62,1.19,193.56,0.25,0.0
2025-06-10 23:00:00,55.77,100.73,13.83,6.43,0.54,34.07,24.8,87.88,0.97,163.23,0.05,0.0
2025-06-11 00:00:00,47.38,81.46,10.32,6.3,0.38,35.36,24.74,87.47,0.69,233.7,0.25,0.0
2025-06-11 01:00:00,45.12,69.76,8.34,6.06,0.35,32.8,23.91,93.78,0.89,304.72,0.1,0.0
2025-06-11 02:00:00,43.04,62.75,5.62,5.99,0.37,35.7,23.86,93.74,0.95,326.82,0.1,0.0
2025-06-11 03:00:00,37.05,58.94,5.86,5.82,0.38,32.53,23.9,93.5,0.52,161.96,0.05,0.0
2025-06-11 04:00:00,40.05,52.31,9.79,5.78,0.42,26.19,24.28,90.98,0.3,144.17,0.0,0.0
2025-06-11 05:00:00,39.63,50.0,10.57,5.54,0.42,24.59,24.2,90.0,0.86,302.91,0.0,0.0
2025-06-11 06:00:00,31.26,55.16,8.95,5.88,0.43,28.1,25.26,84.54,1.14,303.82,0.0,0.95
2025-06-11 07:00:00,31.65,57.26,10.65,5.84,0.44,41.32,27.24,73.94,0.96,82.33,0.0,38.3
2025-06-11 08:00:00,37.65,58.99,17.69,6.12,0.66,41.16,28.97,70.04,1.17,162.23,0.0,89.58
2025-06-11 09:00:00,40.34,67.01,20.57,6.13,0.67,48.81,30.1,68.06,0.78,175.06,0.0,81.98
2025-06-11 10:00:00,41.95,72.38,22.7,6.41,0.74,54.78,31.92,63.31,0.83,151.31,0.0,91.88
2025-06-11 11:00:00,45.16,74.61,20.87,6.05,0.63,69.75,34.02,57.96,0.68,123.37,0.0,103.52
2025-06-11 12:00:00,50.12,78.48,22.1,4.35,0.62,81.67,34.71,52.9,0.8,141.3,0.0,130.85
2025-06-11 13:00:00,55.3,84.73,19.03,8.81,0.57,77.46,35.35,50.01,0.6,126.52,0.0,130.82
2025-06-11 14:00:00,53.03,91.03,13.62,8.85,0.46,78.4,36.25,46.86,0.72,74.56,0.0,147.75
2025-06-11 15:00:00,49.46,91.96,18.92,11.41,0.49,83.54,36.17,47.31,0.62,128.71,0.0,122.3
2025-06-11 16:00:00,56.36,103.56,23.59,22.99,0.57,88.92,35.9,48.0,0.61,173.32,0.0,77.35
2025-06-11 17:00:00,66.37,112.74,31.34,23.64,0.72,88.36,35.78,48.28,0.95,135.4,0.0,2.15
2025-06-11 18:00:00,72.32,111.3,37.32,20.58,1.06,76.54,34.96,49.9,1.05,147.61,0.0,0.0
2025-06-11 19:00:00,75.26,116.75,53.01,17.91,1.68,43.41,33.98,52.97,1.23,165.35,0.0,0.0
2025-06-11 20:00:00,79.62,122.56,52.9,14.74,1.47,37.09,32.82,56.55,1.05,160.13,0.0,0.0
2025-06-11 21:00:00,87.31,128.1,35.34,12.89,1.04,43.35,31.72,59.69,0.86,247.06,0.0,0.0
2025-06-11 22:00:00,90.45,127.88,27.96,11.52,0.85,39.46,31.13,63.0,0.86,246.47,0.0,0.0
2025-06-11 23:00:00,85.03,124.07,29.16,10.79,0.89,32.52,30.58,64.86,0.82,196.71,0.0,0.0
2025-06-12 00:00:00,78.8,118.89,22.42,10.6,0.45,37.15,29.96,66.78,0.96,275.33,0.0,0.0
2025-06-12 01:00:00,74.69,108.93,19.79,10.6,0.42,30.88,29.65,68.39,0.9,187.64,0.0,0.0
2025-06-12 02:00:00,68.96,105.15,19.99,11.96,0.5,26.47,29.23,70.24,0.38,79.68,0.0,0.0
2025-06-12 03:00:00,64.63,106.95,12.9,11.2,0.42,35.12,28.97,71.02,0.8,171.53,0.0,0.0
2025-06-12 04:00:00,67.48,101.17,12.72,10.76,0.46,25.15,28.61,76.43,1.03,309.07,0.0,0.0
2025-06-12 05:00:00,65.64,98.29,13.04,10.77,0.47,25.25,28.37,76.84,1.22,311.9,0.0,0.0
2025-06-12 06:00:00,64.06,100.13,12.15,10.64,0.42,27.52,29.25,72.8,1.27,335.45,0.0,0.57
2025-06-12 07:00:00,64.01,98.66,14.3,10.97,0.55,31.42,30.88,67.2,0.77,108.57,0.0,59.9
2025-06-12 08:00:00,61.86,100.02,15.29,10.9,0.68,48.08,32.56,61.19,1.17,185.72,0.0,169.3
2025-06-12 09:00:00,64.92,111.58,18.5,11.39,0.74,64.47,34.71,55.8,0.86,144.18,0.0,187.75
2025-06-12 10:00:00,70.25,124.72,17.1,14.07,0.53,67.52,35.78,51.48,0.8,100.65,0.0,179.35
2025-06-12 11:00:00,75.96,125.03,20.02,26.44,0.46,73.55,36.87,48.73,0.79,57.42,0.0,172.3
2025-06-12 12:00:00,78.95,122.22,16.98,27.92,0.48,77.16,37.8,47.11,0.56,73.29,0.0,199.22
2025-06-12 13:00:00,79.66,122.57,12.21,27.32,0.44,75.36,38.25,45.06,0.92,77.29,0.0,202.22
2025-06-12 14:00:00,77.85,117.54,10.13,27.95,0.42,77.17,38.2,44.16,0.75,70.4,0.0,169.02
2025-06-12 15:00:00,77.54,112.65,17.61,23.59,0.55,63.87,37.63,47.22,1.2,139.08,0.0,144.38
2025-06-12 16:00:00,72.61,108.94,18.03,26.28,0.46,66.04,37.88,44.13,1.02,96.46,0.0,79.8
2025-06-12 17:00:00,67.46,102.66,22.68,18.06,0.66,53.53,36.86,47.57,1.08,130.72,0.0,1.85
2025-06-12 18:00:00,69.57,94.49,33.09,20.03,0.98,41.65,36.27,45.94,1.02,139.39,0.0,0.0
2025-06-12 19:00:00,71.41,93.39,30.64,12.57,1.01,33.99,34.35,56.14,0.8,156.63,0.0,0.0
2025-06-12 20:00:00,74.92,105.52,29.66,10.84,1.04,29.53,33.37,59.34,1.36,170.13,0.0,0.0
2025-06-12 21:00:00,76.08,111.84,23.17,10.38,0.78,28.83,32.03,63.81,1.29,163.3,0.0,0.0
2025-06-12 22:00:00,78.4,117.11,19.47,11.76,0.64,29.41,31.06,66.7,1.0,124.79,0.0,0.0
2025-06-12 23:00:00,78.96,116.14,16.61,13.45,0.55,28.84,30.45,69.17,1.34,169.63,0.0,0.0
2025-06-13 00:00:00,73.64,110.2,12.49,13.67,0.47,26.22,29.69,71.77,1.3,163.96,0.0,0.0
2025-06-13 01:00:00,69.6,100.3,6.76,12.36,0.35,28.74,29.12,71.92,0.34,251.44,0.0,0.0
2025-06-13 02:00:00,63.61,86.87,5.3,11.19,0.4,34.82,28.88,70.61,1.08,336.35,0.0,0.0
2025-06-13 03:00:00,59.43,89.64,7.47,10.7,0.58,33.08,28.3,72.73,1.02,272.77,0.0,0.0
2025-06-13 04:00:00,62.57,92.54,13.92,10.12,0.5,24.56,28.49,72.55,1.15,147.43,0.0,0.0
2025-06-13 05:00:00,58.92,83.6,12.71,10.2,0.42,21.42,28.06,75.75,1.07,162.78,0.0,0.0
2025-06-13 06:00:00,51.19,72.67,11.56,10.92,0.4,26.9,28.0,75.5,1.39,161.45,0.0,0.0
2025-06-13 07:00:00,44.54,63.59,13.85,11.43,0.42,29.78,29.71,69.69,0.44,160.37,0.0,17.4
2025-06-13 08:00:00,36.61,55.18,15.91,12.82,0.46,37.69,31.74,63.17,0.99,146.95,0.0,187.2
2025-06-13 09:00:00,34.51,59.14,19.58,15.65,0.68,39.84,33.43,59.73,1.15,160.0,0.0,211.88
2025-06-13 10:00:00,40.7,66.72,18.28,20.14,0.56,47.9,34.16,57.06,0.76,126.89,0.0,202.32
2025-06-13 11:00:00,41.72,62.28,11.78,21.38,0.47,56.58,35.48,53.14,0.73,185.68,0.0,216.1
2025-06-13 12:00:00,38.14,62.02,8.1,21.54,0.38,61.86,36.63,50.05,0.49,158.19,0.0,237.75
2025-06-13 13:00:00,39.0,65.6,15.02,20.34,0.53,58.51,35.78,52.69,1.64,177.3,0.0,193.65
2025-06-13 14:00:00,43.4,71.02,13.07,18.0,0.51,55.22,34.99,54.97,1.89,169.99,0.0,228.08
2025-06-13 15:00:00,51.04,80.29,14.04,16.48,0.5,51.74,34.92,54.56,1.65,155.97,0.0,175.7
2025-06-13 16:00:00,56.7,86.28,16.74,11.32,0.59,36.84,32.35,65.18,1.08,97.27,0.0,15.92
2025-06-13 17:00:00,52.68,82.28,30.43,10.16,1.02,30.78,33.04,61.8,1.2,136.04,0.0,0.0
2025-06-13 18:00:00,48.27,80.31,33.03,11.85,1.18,33.97,33.67,57.76,1.46,173.08,0.0,0.0
2025-06-13 19:00:00,51.65,86.28,35.48,11.35,1.32,32.1,33.48,58.12,1.45,168.84,0.0,0.0
2025-06-13 20:00:00,57.07,93.5,27.28,8.74,0.94,33.52,32.78,61.98,1.36,171.89,0.0,0.0
2025-06-13 21:00:00,68.75,110.16,26.3,7.8,0.85,38.55,32.01,64.02,1.03,181.8,0.0,0.0
2025-06-13 22:00:00,74.12,119.57,22.79,9.72,0.65,41.49,31.49,64.47,1.24,172.5,0.0,0.0
2025-06-13 23:00:00,64.58,109.26,16.21,11.68,0.52,26.46,30.85,66.47,0.69,179.16,0.0,0.0
2025-06-14 00:00:00,56.13,95.74,9.43,9.98,0.38,36.74,30.41,67.52,1.25,174.92,0.0,0.0
2025-06-14 01:00:00,51.79,81.98,7.91,8.93,0.33,34.2,29.85,68.95,1.09,169.58,0.0,0.0
2025-06-14 02:00:00,51.3,72.02,8.07,8.35,0.32,31.59,29.41,69.96,1.0,210.5,0.0,0.0
2025-06-14 03:00:00,50.78,65.76,7.71,7.7,0.34,33.67,29.02,71.49,0.86,159.3,0.0,0.0
2025-06-14 04:00:00,45.69,60.87,7.09,7.67,0.4,33.21,28.49,74.05,1.15,264.1,0.0,0.0
2025-06-14 05:00:00,45.04,60.24,8.66,7.86,0.81,29.38,28.21,75.74,1.11,163.92,0.0,0.0
2025-06-14 06:00:00,50.65,65.4,12.0,7.96,0.6,31.71,29.43,71.53,0.83,332.5,0.0,0.0
2025-06-14 07:00:00,46.99,70.1,16.1,7.81,0.65,41.44,30.77,66.79,0.79,170.5,0.0,24.98
2025-06-14 08:00:00,42.17,71.87,18.06,7.88,0.59,40.5,32.04,63.58,1.41,167.6,0.0,193.32
2025-06-14 09:00:00,44.75,74.8,17.16,8.37,0.54,47.62,33.67,59.67,0.62,221.37,0.0,252.4
2025-06-14 10:00:00,45.42,74.6,17.07,8.87,0.6,56.54,34.91,56.52,0.98,185.94,0.0,260.17
2025-06-14 11:00:00,47.05,74.18,12.16,8.55,0.52,54.84,36.29,52.22,1.11,164.27,0.0,268.98
2025-06-14 12:00:00,46.3,70.34,15.81,8.33,0.52,51.99,37.62,48.86,0.86,190.5,0.0,260.42
2025-06-14 13:00:00,41.86,69.67,9.65,8.08,0.43,53.05,38.26,46.17,0.74,161.4,0.0,258.72
2025-06-14 14:00:00,41.96,70.1,12.79,8.24,0.47,56.61,38.45,45.5,1.11,141.79,0.0,212.62
2025-06-14 15:00:00,42.74,72.96,13.77,8.29,0.47,52.82,37.44,47.4,1.54,139.9,0.0,191.62
2025-06-14 16:00:00,42.58,77.04,14.61,8.07,0.52,51.78,36.79,49.04,1.67,167.65,0.0,129.98
2025-06-14 17:00:00,42.63,74.81,18.24,8.43,0.63,51.73,36.52,49.78,1.74,163.47,0.0,15.12
2025-06-14 18:00:00,47.17,78.83,28.46,8.31,0.99,48.4,35.9,51.57,1.46,168.31,0.0,0.0
2025-06-14 19:00:00,51.07,85.73,32.98,11.0,0.94,47.96,34.72,55.19,1.52,174.55,0.0,0.0
2025-06-14 20:00:00,54.93,94.12,28.85,14.61,0.88,38.15,33.89,57.13,1.44,168.86,0.0,0.0
2025-06-14 21:00:00,60.79,102.02,27.34,16.7,0.75,30.17,33.4,57.34,1.31,169.0,0.0,0.0
2025-06-14 22:00:00,61.27,102.71,20.09,15.84,0.58,25.06,32.68,59.9,1.27,175.21,0.0,0.0
2025-06-14 23:00:00,57.55,94.28,10.32,10.21,0.37,30.85,31.38,63.9,0.49,233.82,0.0,0.0
2025-06-15 00:00:00,47.96,79.82,8.59,11.76,0.28,33.72,30.68,64.16,0.78,208.63,0.0,0.0
2025-06-15 01:00:00,43.24,69.66,8.69,11.38,0.31,31.15,28.85,76.66,1.16,90.16,0.0,0.0
2025-06-15 02:00:00,41.77,65.68,3.93,10.04,0.26,32.84,27.86,79.8,0.84,342.62,0.0,0.0
2025-06-15 03:00:00,33.72,55.92,3.44,8.88,0.24,30.71,27.77,77.39,1.18,244.96,0.0,0.0
2025-06-15 04:00:00,28.24,45.78,2.94,8.4,0.26,31.97,27.56,79.38,1.2,329.18,0.0,0.0
2025-06-15 05:00:00,26.76,44.75,4.7,7.86,0.32,29.4,27.18,81.92,0.82,205.03,0.0,0.0
2025-06-15 06:00:00,24.08,44.07,5.75,7.67,0.39,30.32,27.98,78.97,0.94,229.44,0.0,0.25
2025-06-15 07:00:00,24.14,43.43,13.18,7.5,0.5,26.71,29.21,74.13,1.15,156.93,0.0,52.7
2025-06-15 08:00:00,25.31,46.28,12.58,7.55,0.48,32.02,30.45,69.69,0.9,139.98,0.0,175.55
2025-06-15 09:00:00,28.17,48.38,12.78,7.46,0.47,38.12,32.03,64.86,1.21,152.69,0.0,202.7
2025-06-15 10:00:00,28.53,49.22,10.91,7.58,0.39,42.75,33.98,58.42,1.07,141.78,0.0,180.55
2025-06-15 11:00:00,26.86,49.47,9.96,7.2,0.35,42.62,35.07,55.28,0.54,112.78,0.0,190.38
2025-06-15 12:00:00,27.12,49.88,9.45,6.99,0.34,39.89,36.55,50.51,1.09,164.46,0.0,201.1
2025-06-15 13:00:00,27.4,45.59,12.2,6.87,0.4,42.35,36.97,49.06,1.28,161.4,0.0,204.35
2025-06-15 14:00:00,27.72,46.68,10.76,7.13,0.4,41.57,37.2,47.94,1.52,166.42,0.0,145.12
2025-06-15 15:00:00,29.65,50.33,13.74,9.39,0.46,36.18,35.94,50.65,1.7,161.45,0.0,34.02
2025-06-15 16:00:00,30.67,46.58,9.69,9.52,0.37,41.87,35.7,51.08,1.66,181.27,0.0,98.52
2025-06-15 17:00:00,31.52,52.98,13.57,12.16,0.42,41.19,34.86,52.39,1.76,171.33,0.0,1.98
2025-06-15 18:00:00,34.16,62.62,17.06,13.13,0.58,35.77,33.71,56.46,1.7,180.82,0.0,0.0
2025-06-15 19:00:00,33.71,63.55,18.11,11.62,0.61,23.3,32.96,56.97,1.61,173.76,0.0,0.0
2025-06-15 20:00:00,35.9,68.75,19.8,11.42,0.8,16.07,32.5,57.48,1.65,168.58,0.0,0.0
2025-06-15 21:00:00,43.47,75.91,16.38,9.74,0.64,16.72,31.94,59.17,1.65,170.58,0.0,0.0
2025-06-15 22:00:00,45.84,78.33,18.41,8.9,0.66,15.21,31.4,61.9,1.52,168.16,0.0,0.0
2025-06-15 23:00:00,41.09,73.69,15.95,9.09,0.44,14.96,30.72,64.55,1.52,164.89,0.0,0.0
2025-06-16 00:00:00,33.63,65.32,9.49,9.01,0.28,18.08,30.21,66.44,1.44,159.84,0.0,0.0
2025-06-16 01:00:00,25.58,49.9,7.57,10.64,0.26,19.63,29.83,67.7,1.31,164.53,0.0,0.0
2025-06-16 02:00:00,19.85,37.36,5.26,9.72,0.27,19.81,29.32,69.53,1.63,164.83,0.0,0.0
2025-06-16 03:00:00,19.3,31.74,6.22,10.3,0.26,19.07,28.84,70.87,1.36,169.42,0.0,0.0
2025-06-16 04:00:00,19.28,27.13,6.62,11.16,0.28,18.8,28.58,71.44,1.27,163.92,0.0,0.0
2025-06-16 05:00:00,14.98,26.52,8.17,12.32,0.33,16.94,28.26,72.66,1.44,165.74,0.0,0.0
2025-06-16 06:00:00,13.19,27.74,8.64,11.63,0.39,17.33,28.51,72.58,1.58,164.55,0.0,0.0
2025-06-16 07:00:00,12.16,27.33,8.54,10.58,0.42,17.68,29.25,69.97,1.6,159.54,0.0,41.1
2025-06-16 08:00:00,12.76,27.97,7.81,9.28,0.41,18.71,29.67,68.38,1.58,167.41,0.0,126.05
2025-06-16 09:00:00,13.58,34.79,10.01,8.8,0.57,20.88,30.94,64.7,1.32,166.17,0.0,178.35
2025-06-16 10:00:00,12.26,40.59,13.25,8.53,0.57,22.86,32.61,59.33,1.02,170.26,0.0,176.02
2025-06-16 11:00:00,10.14,38.51,9.94,11.2,0.41,28.95,33.96,54.17,1.71,161.41,0.0,199.88
2025-06-16 12:00:00,9.88,35.8,11.39,10.55,0.43,27.3,34.79,51.83,1.28,173.23,0.0,171.95
2025-06-16 13:00:00,15.58,33.44,9.49,11.34,0.35,33.26,35.22,49.4,1.44,159.05,0.0,149.08
2025-06-16 14:00:00,20.75,33.29,12.29,8.14,0.46,30.62,35.16,49.89,1.6,167.36,0.0,157.27
2025-06-16 15:00:00,19.66,36.95,12.21,8.02,0.39,35.94,35.34,50.11,1.83,173.95,0.0,134.82
2025-06-16 16:00:00,17.22,34.36,14.14,12.88,0.42,35.09,35.0,50.4,1.85,181.52,0.0,96.22
2025-06-16 17:00:00,15.58,33.33,14.28,14.41,0.45,30.9,34.12,52.3,1.9,169.99,0.0,6.62
2025-06-16 18:00:00,16.55,36.89,18.71,18.97,0.68,25.6,33.31,54.76,1.74,167.16,0.0,0.0
2025-06-16 19:00:00,18.83,35.67,18.4,25.53,0.72,21.15,32.78,56.29,1.91,170.12,0.0,0.0
2025-06-16 20:00:00,22.59,35.74,15.76,25.51,0.62,22.01,32.06,58.84,1.84,173.48,0.0,0.0
2025-06-16 21:00:00,31.25,46.51,10.82,15.78,0.44,22.49,30.15,66.33,1.41,181.48,0.0,0.0
2025-06-16 22:00:00,33.35,53.21,6.83,10.35,0.34,24.96,28.63,70.45,1.16,179.16,0.0,0.0
2025-06-16 23:00:00,25.76,42.88,4.01,8.84,0.28,25.86,27.92,74.32,1.06,184.69,0.0,0.0
2025-06-17 00:00:00,18.68,32.72,3.24,7.95,0.19,26.96,27.28,76.47,0.87,181.31,0.0,0.0
2025-06-17 01:00:00,17.59,27.88,5.28,9.08,0.22,21.18,26.86,80.48,1.18,187.64,0.0,0.0
2025-06-17 02:00:00,21.06,24.7,5.52,10.49,0.24,20.2,26.87,78.65,1.16,171.31,0.0,0.0
2025-06-17 03:00:00,19.41,24.88,6.52,11.4,0.2,20.1,26.44,79.98,1.44,171.76,0.0,0.0
2025-06-17 04:00:00,13.99,23.88,6.22,9.91,0.2,17.9,25.82,84.93,1.38,178.75,0.0,0.0
2025-06-17 05:00:00,12.71,22.56,9.52,10.84,0.27,13.12,25.83,85.26,1.36,165.71,0.0,0.0
2025-06-17 06:00:00,12.52,23.48,7.04,9.9,0.29,14.95,26.62,80.96,1.06,187.02,0.0,0.08
2025-06-17 07:00:00,10.02,22.72,6.16,8.87,0.3,18.1,27.65,74.11,0.38,217.42,0.0,39.1
2025-06-17 08:00:00,7.51,23.1,4.87,7.54,0.32,22.98,28.88,69.0,0.62,251.61,0.0,159.02
2025-06-17 09:00:00,9.44,29.74,8.85,6.92,0.39,26.32,30.87,63.69,0.53,276.93,0.0,188.08
2025-06-17 10:00:00,11.07,35.0,10.89,6.75,0.4,31.3,32.61,58.48,0.5,290.74,0.0,184.82
2025-06-17 11:00:00,12.42,35.68,10.61,6.47,0.34,34.49,33.42,56.22,0.68,284.07,0.0,184.45
2025-06-17 12:00:00,13.82,34.6,13.8,6.11,0.37,35.05,34.56,53.27,0.63,275.13,0.0,191.98
2025-06-17 13:00:00,10.46,35.6,10.2,4.76,0.32,36.86,35.36,50.88,0.67,274.21,0.0,196.35
2025-06-17 14:00:00,9.88,37.9,10.15,4.16,0.31,37.48,34.67,51.4,0.65,303.42,0.0,188.75
2025-06-17 15:00:00,14.11,38.59,11.23,2.98,0.34,35.78,34.51,51.67,0.62,280.21,0.0,147.25
2025-06-17 16:00:00,15.88,40.81,15.18,2.23,0.41,37.11,34.59,50.35,0.46,260.72,0.0,82.15
2025-06-17 17:00:00,14.42,43.94,15.76,3.55,0.43,39.97,34.42,51.02,0.47,227.0,0.0,18.45
2025-06-17 18:00:00,16.5,49.94,13.87,5.57,0.39,41.04,33.7,52.28,0.7,322.53,0.0,0.0
2025-06-17 19:00:00,15.68,53.73,23.14,6.2,0.77,30.92,33.14,53.95,0.84,188.62,0.0,0.0
2025-06-17 20:00:00,17.66,55.27,32.42,5.7,0.98,20.27,32.57,57.16,1.24,139.36,0.0,0.0
2025-06-17 21:00:00,24.42,57.86,30.32,6.29,0.8,17.63,31.67,61.61,0.55,232.96,0.0,0.0
2025-06-17 22:00:00,22.47,55.08,15.62,6.98,0.38,31.55,31.59,54.7,1.26,182.88,0.0,0.0
2025-06-17 23:00:00,19.74,52.06,15.55,5.77,0.35,30.94,30.67,58.6,1.19,177.43,0.0,0.0
2025-06-18 00:00:00,19.97,50.97,10.7,8.75,0.25,28.39,29.53,63.98,1.33,166.81,0.0,0.0
2025-06-18 01:00:00,20.82,48.86,10.75,8.87,0.24,23.65,29.07,66.02,0.88,160.86,0.0,0.0
2025-06-18 02:00:00,22.66,48.23,8.27,8.8,0.21,23.15,28.83,65.09,0.38,119.59,0.0,0.0
2025-06-18 03:00:00,22.0,46.49,4.78,6.19,0.17,26.55,29.13,62.52,0.9,289.46,0.0,0.0
2025-06-18 04:00:00,22.53,43.86,5.4,7.33,0.18,25.31,28.9,62.4,0.7,291.18,0.0,0.0
2025-06-18 05:00:00,22.82,42.94,5.81,7.38,0.21,24.28,28.44,62.77,0.6,301.75,0.0,0.0
2025-06-18 06:00:00,21.78,42.26,8.09,6.22,0.24,23.48,28.36,63.12,0.4,251.77,0.0,0.0
2025-06-18 07:00:00,22.77,43.96,8.7,5.49,0.28,25.34,29.52,59.94,0.46,265.0,0.0,14.18
2025-06-18 08:00:00,21.0,51.66,6.0,5.22,0.28,27.72,30.83,56.7,0.52,254.29,0.0,170.2
2025-06-18 09:00:00,17.45,57.08,7.49,4.96,0.28,28.81,32.31,52.81,0.52,252.4,0.0,199.48
2025-06-18 10:00:00,22.49,59.79,8.31,4.81,0.35,28.3,33.66,50.82,0.74,218.94,0.0,183.65
2025-06-18 11:00:00,24.85,61.56,8.2,4.81,0.29,31.89,35.22,48.4,0.57,276.54,0.0,186.15
2025-06-18 12:00:00,20.88,58.37,9.68,4.64,0.32,31.89,35.83,47.56,0.64,237.23,0.0,183.12
2025-06-18 13:00:00,18.42,50.45,10.6,4.77,0.34,34.4,36.32,46.26,0.61,270.54,0.0,189.88
2025-06-18 14:00:00,18.11,48.27,9.74,4.77,0.32,36.82,36.62,46.42,0.58,291.88,0.0,155.75
2025-06-18 15:00:00,23.85,46.99,7.54,4.69,0.3,35.11,36.11,48.42,0.83,299.83,0.0,175.82
2025-06-18 16:00:00,24.52,44.08,10.7,4.6,0.38,33.02,35.72,49.54,0.75,283.65,0.0,95.22
2025-06-18 17:00:00,17.46,42.99,12.03,4.86,0.4,32.78,34.63,52.26,0.84,268.69,0.0,2.9
2025-06-18 18:00:00,18.13,43.2,12.16,4.87,0.55,20.39,28.56,83.42,0.72,68.54,0.3,0.0
2025-06-18 19:00:00,19.29,42.42,17.21,4.74,0.66,15.25,28.33,81.96,0.54,293.41,0.0,0.0
2025-06-18 20:00:00,16.91,39.43,16.05,4.66,0.7,20.08,28.42,77.04,1.38,180.92,0.0,0.0
2025-06-18 21:00:00,19.3,40.21,13.73,5.48,0.55,17.66,27.89,78.51,1.17,175.66,0.0,0.0
2025-06-18 22:00:00,20.11,40.47,8.81,5.53,0.43,18.96,27.35,80.75,0.52,136.92,0.0,0.0
2025-06-18 23:00:00,16.92,37.4,8.88,5.31,0.4,15.33,27.33,81.28,0.85,220.82,0.0,0.0
2025-06-19 00:00:00,13.2,30.7,6.25,5.05,0.21,16.4,27.43,80.11,0.7,189.02,0.0,0.0
2025-06-19 01:00:00,11.33,25.94,4.36,4.8,0.2,15.96,27.45,79.9,0.62,146.88,0.0,0.0
2025-06-19 02:00:00,10.16,23.83,4.54,4.78,0.22,15.54,27.24,81.13,0.52,154.56,0.0,0.0
2025-06-19 03:00:00,9.72,22.35,4.34,4.98,0.2,14.86,27.22,79.54,0.6,174.57,0.0,0.0
2025-06-19 04:00:00,9.14,19.66,3.92,4.83,0.17,15.12,27.18,76.25,0.62,180.36,0.0,0.0
2025-06-19 05:00:00,7.18,15.45,4.64,4.65,0.2,15.08,27.15,75.25,0.52,182.26,0.0,0.0
2025-06-19 06:00:00,5.88,16.13,6.5,4.59,0.21,15.0,27.34,73.66,0.34,223.83,0.0,0.0
2025-06-19 07:00:00,5.18,18.71,9.26,4.53,0.4,11.45,27.16,75.9,0.9,171.52,0.0,0.0
2025-06-19 08:00:00,10.39,22.72,8.72,4.75,0.4,10.72,25.72,86.98,0.46,201.73,0.2,58.35
2025-06-19 09:00:00,13.9,25.07,8.52,4.76,0.4,12.35,26.7,82.2,0.26,142.24,0.0,87.15
2025-06-19 10:00:00,14.74,27.98,10.8,4.95,0.54,17.54,29.09,73.06,0.7,203.46,0.0,175.15
2025-06-19 11:00:00,15.74,28.22,9.04,4.63,0.37,26.3,31.38,64.16,0.46,233.54,0.0,180.98
2025-06-19 12:00:00,12.02,29.9,9.3,4.44,0.35,29.38,33.08,59.31,0.75,211.05,0.0,203.25
2025-06-19 13:00:00,11.96,34.77,9.4,5.07,0.38,32.87,33.23,58.31,1.47,188.28,0.0,191.0
2025-06-19 14:00:00,17.13,35.24,10.56,10.32,0.34,31.7,32.24,60.86,0.69,213.96,0.0,90.5
2025-06-19 15:00:00,21.51,41.66,9.54,9.93,0.35,27.05,30.34,67.78,0.46,225.19,0.0,125.82
2025-06-19 16:00:00,21.44,43.97,10.98,8.21,0.4,27.06,31.07,65.08,0.68,251.5,0.0,68.42
2025-06-19 17:00:00,18.16,39.04,12.27,9.53,0.43,30.11,31.73,62.46,0.31,225.51,0.0,13.3
2025-06-19 18:00:00,16.95,38.53,9.35,10.13,0.41,26.31,26.29,84.64,1.03,287.34,0.1,0.0
2025-06-19 19:00:00,17.37,35.62,14.79,10.34,0.55,17.52,24.71,92.16,0.66,294.53,0.05,0.0
2025-06-19 20:00:00,15.62,29.44,15.3,10.29,0.58,15.75,25.25,89.39,0.54,204.48,0.0,0.0
2025-06-19 21:00:00,17.86,28.84,9.33,10.39,0.37,23.8,25.34,85.32,0.69,288.72,0.0,0.0
2025-06-19 22:00:00,18.74,27.78,11.53,10.8,0.36,25.54,25.21,84.45,0.53,286.61,0.0,0.0
2025-06-19 23:00:00,15.24,28.35,7.32,11.06,0.29,28.64,25.07,84.0,0.75,305.81,0.0,0.0
2025-06-20 00:00:00,13.4,30.85,6.09,11.3,0.28,30.8,25.11,82.34,0.76,279.68,0.0,0.0
2025-06-20 01:00:00,13.22,28.66,3.62,11.18,0.2,30.55,25.04,80.6,0.46,268.97,0.0,0.0
2025-06-20 02:00:00,11.4,25.23,5.08,11.44,0.2,30.02,25.01,79.24,0.62,227.99,0.0,0.0
2025-06-20 03:00:00,9.04,26.84,5.54,14.18,0.21,30.55,25.0,79.35,0.35,233.65,0.0,0.0
2025-06-20 04:00:00,7.17,30.82,7.58,13.22,0.23,28.42,24.44,83.79,0.95,188.5,0.0,0.0
2025-06-20 05:00:00,6.5,29.66,5.41,11.68,0.22,27.08,24.67,85.19,0.81,199.2,0.0,0.0
2025-06-20 06:00:00,10.3,28.2,8.16,11.1,0.33,24.74,25.11,84.46,0.9,188.16,0.0,0.0
2025-06-20 07:00:00,12.14,29.42,10.03,11.03,0.41,22.29,25.75,81.96,0.98,200.42,0.0,18.05
2025-06-20 08:00:00,8.78,25.4,9.41,11.11,0.46,20.92,26.07,80.21,1.18,187.76,0.0,21.28
2025-06-20 09:00:00,7.06,29.23,12.82,10.95,0.52,18.88,26.9,77.43,0.26,260.09,0.0,80.55
2025-06-20 10:00:00,9.1,32.59,10.65,10.84,0.42,21.29,27.79,74.91,0.54,270.71,0.0,147.5
2025-06-20 11:00:00,9.99,33.18,8.75,11.44,0.34,24.49,28.88,71.28,0.63,286.3,0.0,185.08
2025-06-20 12:00:00,13.22,39.63,9.1,12.48,0.33,27.12,30.2,66.98,0.68,289.62,0.0,172.65
2025-06-20 13:00:00,16.21,39.74,10.37,12.32,0.32,31.36,31.64,61.68,0.63,303.7,0.0,208.42
2025-06-20 14:00:00,14.21,39.45,9.79,12.42,0.26,32.03,32.42,59.21,1.03,306.18,0.0,216.98
2025-06-20 15:00:00,12.82,41.6,11.08,11.26,0.33,33.6,33.13,56.55,0.93,296.36,0.0,173.52
2025-06-20 16:00:00,9.54,41.14,13.38,11.26,0.35,34.42,33.31,53.8,0.84,298.35,0.0,68.2
2025-06-20 17:00:00,9.65,44.56,13.84,10.79,0.38,33.3,32.58,56.04,0.96,311.99,0.0,9.88
2025-06-20 18:00:00,15.23,44.67,13.54,10.76,0.36,31.38,31.61,59.27,1.03,323.52,0.0,0.0
2025-06-20 19:00:00,17.49,44.89,7.56,10.38,0.25,27.7,29.56,66.23,1.21,336.06,0.0,0.0
2025-06-20 20:00:00,14.78,46.77,11.09,10.2,0.33,21.94,28.51,70.57,1.18,341.36,0.0,0.0
2025-06-20 21:00:00,17.11,46.5,17.43,13.3,0.46,14.53,28.12,71.08,0.89,172.93,0.0,0.0
2025-06-20 22:00:00,19.72,48.0,22.95,14.32,0.49,12.26,28.26,69.35,0.7,171.52,0.0,0.0
2025-06-20 23:00:00,22.13,53.6,29.5,14.89,0.76,8.48,28.22,70.61,0.78,233.65,0.0,0.0
2025-06-21 00:00:00,27.91,58.8,18.21,12.93,0.35,13.08,28.43,69.6,0.64,304.75,0.0,0.0
2025-06-21 01:00:00,27.93,57.34,8.62,15.7,0.32,20.09,28.84,66.4,0.62,301.88,0.0,0.0
2025-06-21 02:00:00,25.72,52.82,8.17,19.73,0.19,19.33,28.4,67.73,0.8,318.35,0.0,0.0
2025-06-21 03:00:00,26.59,47.3,9.21,22.86,0.2,17.25,27.72,70.07,0.72,308.32,0.0,0.0
2025-06-21 04:00:00,24.98,41.68,10.32,26.59,0.18,14.96,27.11,71.85,0.74,310.39,0.0,0.0
2025-06-21 05:00:00,22.98,38.12,7.36,19.32,0.29,15.8,26.87,73.4,0.72,312.57,0.0,0.0
2025-06-21 06:00:00,23.9,38.18,10.52,19.72,0.31,13.78,27.16,73.42,0.58,314.95,0.0,0.0
2025-06-21 07:00:00,22.23,41.18,10.52,18.45,0.32,15.59,28.46,69.65,0.65,267.34,0.0,57.3
2025-06-21 08:00:00,19.2,43.37,9.02,20.77,0.3,17.55,29.96,65.18,0.61,263.77,0.0,193.0
2025-06-21 09:00:00,16.58,44.85,9.49,19.59,0.3,22.72,30.73,61.95,0.71,276.8,0.0,220.08
2025-06-21 10:00:00,13.9,47.93,9.69,17.76,0.32,25.44,32.22,58.18,0.8,257.14,0.0,232.95
2025-06-21 11:00:00,16.52,51.46,10.33,13.47,0.3,27.2,33.62,54.61,0.66,265.43,0.0,228.0
2025-06-21 12:00:00,18.21,51.53,10.43,12.82,0.31,30.41,34.45,51.43,0.82,262.12,0.0,225.65
2025-06-21 13:00:00,16.32,46.86,10.36,12.4,0.24,34.87,35.38,48.02,0.86,277.99,0.0,231.7
2025-06-21 14:00:00,16.26,44.86,10.07,14.88,0.25,39.38,35.28,47.67,0.9,275.31,0.0,212.42
2025-06-21 15:00:00,17.86,45.16,10.1,15.86,0.25,37.53,33.92,49.86,1.08,303.26,0.0,73.08
2025-06-21 16:00:00,21.35,48.52,8.0,12.74,0.2,34.11,33.24,53.68,1.15,324.1,0.0,31.42
2025-06-21 17:00:00,26.18,46.44,5.11,11.2,0.19,27.93,31.29,62.11,1.25,323.36,0.0,0.0
2025-06-21 18:00:00,24.73,41.52,5.19,11.5,0.21,25.27,30.89,61.7,1.27,311.95,0.0,0.0
2025-06-21 19:00:00,18.42,37.34,9.42,11.12,0.31,23.64,30.26,61.37,1.08,314.61,0.0,0.0
2025-06-21 20:00:00,14.66,33.08,11.98,10.94,0.32,24.0,29.69,62.77,1.12,317.46,0.0,0.0
2025-06-21 21:00:00,11.58,30.74,8.73,11.14,0.27,23.67,29.18,65.47,1.19,314.01,0.0,0.0
2025-06-21 22:00:00,10.05,29.91,7.98,12.05,0.24,22.71,28.88,66.26,1.05,310.0,0.0,0.0
2025-06-21 23:00:00,11.42,31.87,3.13,11.0,0.17,26.88,27.84,70.86,1.24,309.67,0.0,0.0
2025-06-22 00:00:00,14.0,30.21,4.15,11.12,0.2,23.88,26.98,75.64,0.93,305.35,0.0,0.0
2025-06-22 01:00:00,17.47,29.78,6.12,12.19,0.26,19.9,26.86,76.5,0.8,304.02,0.0,0.0
2025-06-22 02:00:00,16.99,30.53,4.17,11.23,0.2,20.27,26.83,77.3,1.22,174.74,0.0,0.0
2025-06-22 03:00:00,15.73,29.61,3.69,10.67,0.2,19.16,26.54,78.8,0.86,187.34,0.0,0.0
2025-06-22 04:00:00,14.88,31.03,5.08,10.76,0.22,16.27,26.0,81.79,1.35,168.63,0.0,0.0
2025-06-22 05:00:00,12.71,26.68,4.95,10.46,0.22,14.68,25.82,82.55,1.33,184.3,0.0,0.0
2025-06-22 06:00:00,11.32,23.3,6.92,10.72,0.32,12.8,26.06,82.16,1.16,174.13,0.0,0.22
2025-06-22 07:00:00,10.82,27.83,8.87,11.19,0.38,11.07,26.82,79.28,0.52,219.12,0.0,0.02
2025-06-22 08:00:00,10.33,32.93,8.02,12.78,0.36,13.32,27.4,75.48,0.72,206.04,0.0,35.35
2025-06-22 09:00:00,10.48,34.01,7.42,13.42,0.35,15.9,27.85,73.28,0.55,250.86,0.0,37.0
2025-06-22 10:00:00,11.33,36.42,9.13,12.1,0.41,16.08,28.19,72.53,0.49,227.24,0.0,91.1
2025-06-22 11:00:00,12.87,37.43,9.38,11.44,0.42,19.54,29.42,69.07,0.64,214.52,0.0,212.88
2025-06-22 12:00:00,15.63,40.21,8.76,12.03,0.34,22.86,29.74,66.6,0.57,282.04,0.0,134.98
2025-06-22 13:00:00,15.27,46.18,9.35,12.13,0.29,24.52,29.78,66.44,0.91,301.28,0.0,150.65
2025-06-22 14:00:00,15.39,46.98,10.17,12.8,0.32,23.44,29.99,64.95,0.64,293.69,0.0,137.5
2025-06-22 15:00:00,18.82,47.24,8.99,13.12,0.3,26.66,30.55,63.47,0.72,292.21,0.0,83.93
2025-06-22 16:00:00,22.22,52.15,10.18,12.65,0.33,23.48,30.42,63.28,0.65,303.13,0.0,20.67
2025-06-22 17:00:00,24.04,49.3,8.15,11.77,0.28,23.15,29.82,64.52,1.06,311.94,0.0,0.0
2025-06-22 18:00:00,22.46,45.12,11.96,11.86,0.36,19.99,29.47,65.53,1.11,322.05,0.0,0.0
2025-06-22 19:00:00,17.63,43.19,13.71,11.76,0.44,16.61,29.05,67.76,1.13,333.64,0.0,0.0
2025-06-22 20:00:00,18.2,43.96,18.1,12.0,0.6,15.72,28.92,68.35,0.69,272.91,0.0,0.0
2025-06-22 21:00:00,20.62,51.16,5.2,10.44,0.25,22.39,25.5,84.34,1.16,322.53,0.0,0.0
2025-06-22 22:00:00,18.11,45.52,11.73,10.1,0.49,11.86,24.68,91.88,0.75,277.07,0.2,0.0
2025-06-22 23:00:00,16.88,37.91,17.11,9.98,0.67,6.26,24.87,94.6,1.01,154.53,0.05,0.0
2025-06-23 00:00:00,18.83,39.28,9.26,9.72,0.27,7.74,25.01,93.2,0.64,173.08,0.0,0.0
2025-06-23 01:00:00,19.38,36.14,6.38,10.32,0.28,11.64,25.52,85.85,0.88,311.26,0.0,0.0
2025-06-23 02:00:00,18.81,31.07,6.28,11.6,0.24,11.74,25.87,82.53,0.43,321.24,0.0,0.0
2025-06-23 03:00:00,15.47,28.92,6.29,13.9,0.16,13.11,26.18,79.09,0.62,293.89,0.0,0.0
2025-06-23 04:00:00,11.75,25.57,7.95,17.64,0.15,12.53,26.36,76.37,0.5,278.07,0.0,0.0
2025-06-23 05:00:00,9.69,21.04,6.46,18.33,0.17,13.84,26.4,75.67,0.56,315.94,0.0,0.0
2025-06-23 06:00:00,12.74,26.46,9.54,18.56,0.3,11.65,26.6,75.59,0.48,282.51,0.0,0.22
2025-06-23 07:00:00,14.33,30.66,9.96,18.34,0.32,12.44,27.6,72.58,0.36,300.01,0.0,78.57
2025-06-23 08:00:00,14.42,30.51,7.43,21.76,0.29,16.37,29.22,67.24,0.8,288.6,0.0,181.98
2025-06-23 09:00:00,19.4,36.37,10.11,18.36,0.4,17.68,29.86,65.35,0.37,282.3,0.0,148.2
2025-06-23 10:00:00,19.44,38.18,14.1,19.64,0.45,17.12,29.96,65.06,0.6,291.3,0.0,87.82
2025-06-23 11:00:00,15.75,38.95,11.21,14.4,0.35,18.12,28.1,73.95,0.76,232.92,0.0,79.95
2025-06-23 12:00:00,18.31,44.4,14.05,13.77,0.45,17.0,29.68,67.95,0.38,268.64,0.0,128.8
2025-06-23 13:00:00,21.24,47.79,12.94,12.29,0.41,18.93,29.36,67.95,0.51,268.5,0.0,38.2
2025-06-23 14:00:00,18.43,48.36,10.99,10.88,0.37,19.03,29.21,68.82,0.5,279.68,0.0,48.85
2025-06-23 15:00:00,14.5,50.44,12.56,11.31,0.37,19.4,29.25,68.53,0.54,296.89,0.0,25.52
2025-06-23 16:00:00,15.6,49.57,11.34,11.51,0.42,21.34,30.1,66.31,0.69,286.77,0.0,69.02
2025-06-23 17:00:00,16.2,46.51,9.29,9.15,0.31,19.22,27.29,80.24,0.91,316.12,0.45,0.0
2025-06-23 18:00:00,14.77,47.02,16.29,10.12,0.5,9.78,25.05,95.09,1.12,338.36,0.05,0.0
2025-06-23 19:00:00,17.05,43.8,24.82,10.56,1.27,4.4,25.37,95.43,0.65,255.43,0.0,0.0
2025-06-23 20:00:00,23.35,47.02,23.78,10.01,0.99,3.81,25.53,95.15,0.58,119.44,0.05,0.0
2025-06-23 21:00:00,30.39,53.58,16.91,9.52,0.62,5.62,25.36,94.46,0.71,132.77,0.15,0.0
2025-06-23 22:00:00,28.68,52.28,11.82,9.28,0.38,8.11,25.22,93.35,0.37,220.49,0.05,0.0
2025-06-23 23:00:00,25.12,46.91,7.79,9.04,0.34,9.65,24.84,94.61,0.69,128.45,0.1,0.0
2025-06-24 00:00:00,21.74,36.47,4.67,8.91,0.22,10.54,24.48,95.13,0.84,100.25,0.0,0.0
2025-06-24 01:00:00,15.68,29.74,3.47,8.96,0.2,10.92,24.49,95.03,0.54,274.13,0.0,0.0
2025-06-24 02:00:00,12.6,26.1,4.28,8.68,0.2,8.83,24.58,94.53,0.91,137.64,0.0,0.0
2025-06-24 03:00:00,15.02,24.51,3.5,8.7,0.2,9.05,24.66,92.96,0.28,171.02,0.0,0.0
2025-06-24 04:00:00,15.74,24.03,4.04,8.65,0.19,11.32,24.9,87.94,0.52,290.98,0.0,0.0
2025-06-24 05:00:00,13.13,23.57,7.9,9.09,0.21,10.07,25.29,84.13,0.34,276.5,0.0,0.0
2025-06-24 06:00:00,11.47,25.88,4.9,10.02,0.26,11.47,25.53,83.64,0.65,301.51,0.0,0.0
2025-06-24 07:00:00,12.62,26.5,8.2,10.07,0.41,10.34,26.1,82.18,0.38,223.8,0.05,24.88
2025-06-24 08:00:00,13.68,29.01,6.48,9.92,0.36,12.68,27.19,78.16,0.34,263.83,0.0,130.1
2025-06-24 09:00:00,13.83,31.5,8.57,10.47,0.48,14.03,28.75,72.97,0.54,269.61,0.0,167.42
2025-06-24 10:00:00,18.08,34.69,10.57,11.25,0.5,13.55,28.38,74.0,0.42,259.73,0.0,107.0
2025-06-24 11:00:00,20.79,39.68,10.8,10.68,0.43,15.13,28.66,73.54,0.46,273.18,0.0,68.47
2025-06-24 12:00:00,20.02,44.64,15.45,8.7,0.52,13.61,28.57,74.95,0.5,258.6,0.0,53.92
2025-06-24 13:00:00,19.54,49.38,11.18,9.51,0.39,14.4,27.65,80.91,0.64,289.06,2.95,56.2
2025-06-24 14:00:00,22.25,50.58,12.45,8.69,0.48,17.77,25.38,95.91,0.3,198.69,0.8,59.47
2025-06-24 15:00:00,25.24,54.22,11.98,10.04,0.47,5.8,26.34,94.71,0.52,327.62,0.0,70.75
2025-06-24 16:00:00,24.67,56.11,13.78,8.93,0.52,3.51,25.82,91.38,0.34,312.78,0.1,33.88
2025-06-24 17:00:00,20.84,47.88,15.3,10.15,0.42,1.88,25.86,87.89,0.52,309.5,0.0,3.1
2025-06-24 18:00:00,18.34,37.97,9.32,11.15,0.37,5.2,25.68,85.23,0.74,322.67,0.0,0.0
2025-06-24 19:00:00,17.66,31.49,15.71,11.37,0.51,3.64,25.57,84.82,0.82,306.7,0.0,0.0
2025-06-24 20:00:00,13.59,29.59,14.35,11.4,0.5,3.22,25.4,85.46,0.59,296.16,0.0,0.0
2025-06-24 21:00:00,12.65,26.9,14.28,11.86,0.44,2.0,25.34,85.49,0.52,300.42,0.0,0.0
2025-06-24 22:00:00,15.11,27.34,11.86,12.48,0.39,2.67,24.78,87.7,0.76,232.42,0.1,0.0
2025-06-24 23:00:00,17.07,31.7,9.74,11.74,0.29,2.36,23.8,93.88,0.29,161.94,0.15,0.0
2025-06-25 00:00:00,15.83,31.72,7.28,10.49,0.23,2.57,23.54,95.6,0.95,145.73,0.05,0.0
2025-06-25 01:00:00,13.0,27.86,7.82,10.11,0.18,3.0,23.51,96.2,0.9,149.78,0.15,0.0
2025-06-25 02:00:00,16.18,28.9,10.74,10.02,0.25,1.29,23.54,96.9,1.13,152.73,0.2,0.0
2025-06-25 03:00:00,21.69,32.66,8.98,10.22,0.26,0.84,23.5,96.94,1.26,149.84,0.1,0.0
2025-06-25 04:00:00,20.52,33.09,7.92,10.36,0.24,24.850036900750926,23.53,96.82,0.48,185.15,0.0,0.0
2025-06-25 05:00:00,16.02,32.96,7.3,9.79,0.26,24.427898542152832,23.55,96.82,0.68,199.3,0.0,0.0
2025-06-25 06:00:00,14.58,33.32,11.73,9.59,0.47,18.77910785935281,23.86,96.83,0.67,91.34,0.0,0.0
2025-06-25 07:00:00,18.56,35.15,12.83,10.14,0.88,8.10609241206937,24.26,96.84,1.17,173.62,0.0,0.0
2025-06-25 08:00:00,19.59,36.34,13.15,9.71,0.74,11.975195614419121,24.68,94.99,0.78,165.24,0.0,0.0
2025-06-25 09:00:00,18.7,35.61,13.7,9.94,0.94,6.488287227333574,25.78,89.69,1.12,173.46,0.0,79.8
2025-06-25 10:00:00,21.27,43.21,10.22,7.09,0.55,14.0,27.65,81.9,0.67,247.2,0.0,211.53
2025-06-25 11:00:00,21.78,46.3,8.94,11.33,0.34,9.96,29.32,74.18,0.58,266.91,0.0,188.85
2025-06-25 12:00:00,22.99,43.64,9.57,8.82,0.3,15.0,29.97,70.69,0.62,322.12,0.0,165.75
2025-06-25 13:00:00,23.27,46.2,8.35,10.49,0.32,19.06,29.94,70.97,0.86,253.78,0.0,151.32
2025-06-25 14:00:00,21.07,49.43,10.01,7.46,0.43,19.45,30.35,70.55,1.08,278.91,0.0,146.65
2025-06-25 15:00:00,30.08,57.56,13.08,8.35,0.56,20.19,30.96,70.5,0.95,180.48,0.0,142.25
2025-06-25 16:00:00,38.88,64.28,12.53,6.76,0.44,18.83,29.01,78.31,0.93,161.4,2.4,12.4
2025-06-25 17:00:00,32.3,59.02,10.74,7.05,0.45,16.3,25.08,96.22,1.12,121.31,3.4,0.0
2025-06-25 18:00:00,24.56,53.88,20.08,9.74,0.92,8.78,25.37,97.19,0.8,178.62,0.2,0.0
2025-06-25 19:00:00,22.98,46.83,25.01,9.76,1.35,5.81,25.5,97.19,0.88,216.18,0.05,0.0
2025-06-25 20:00:00,24.42,43.81,22.15,9.99,1.66,4.19,25.58,97.19,0.88,95.02,0.0,0.0
2025-06-25 21:00:00,24.66,48.5,16.55,9.54,0.64,6.13,25.28,97.19,1.33,171.24,2.05,0.0
2025-06-25 22:00:00,29.71,51.92,17.64,9.24,0.35,7.68,24.28,97.19,1.42,89.92,8.05,0.0
2025-06-25 23:00:00,28.91,43.65,5.76,9.42,0.2,16.96,23.47,97.15,1.09,240.48,1.35,0.0
2025-06-26 00:00:00,21.16,29.9,3.68,9.41,0.18,15.06,23.4,97.15,0.69,235.21,0.5,0.0
2025-06-26 01:00:00,15.66,21.42,4.41,9.4,0.19,12.82,23.58,97.16,0.92,256.66,0.0,0.0
2025-06-26 02:00:00,11.58,15.02,9.94,9.53,0.26,7.71,23.98,97.17,0.9,139.06,0.0,0.0
2025-06-26 03:00:00,13.18,15.84,8.55,10.08,0.28,6.99,24.06,97.18,1.04,245.08,0.0,0.0
2025-06-26 04:00:00,15.1,19.71,6.93,9.68,0.27,5.85,24.14,97.21,0.75,205.06,0.0,0.0
2025-06-26 05:00:00,11.32,20.79,8.0,9.74,0.3,5.69,24.17,97.19,1.03,185.34,0.0,0.0
2025-06-26 06:00:00,11.1,19.24,9.7,9.79,0.52,4.76,24.31,97.19,1.27,169.03,0.0,0.0
2025-06-26 07:00:00,14.01,19.11,13.75,10.0,0.76,3.93,24.75,97.19,0.96,177.75,0.0,11.82
2025-06-26 08:00:00,14.76,26.06,14.01,9.94,0.83,4.97,25.2,97.21,1.38,165.39,0.05,44.75
2025-06-26 09:00:00,18.63,30.4,13.74,10.41,1.2,4.94,25.5,97.21,1.43,167.82,0.0,5.3
2025-06-26 10:00:00,22.37,33.08,12.98,10.3,0.88,11.64,25.93,96.37,1.67,169.59,0.0,130.98
2025-06-26 11:00:00,22.18,39.93,13.04,11.55,0.52,6.4,25.5,93.59,1.5,173.57,0.0,123.93
2025-06-26 12:00:00,23.94,41.04,13.38,12.08,0.47,8.85,26.99,86.56,0.93,162.55,0.0,184.12
2025-06-26 13:00:00,20.88,41.32,12.98,11.4,0.42,19.28,29.38,77.78,1.12,173.52,0.0,152.1
2025-06-26 14:00:00,21.31,40.51,10.93,10.88,0.38,21.58,29.59,74.58,1.56,172.16,0.0,175.88
2025-06-26 15:00:00,25.02,48.46,12.57,11.09,0.43,17.58,28.68,79.45,1.4,180.33,0.0,155.75
2025-06-26 16:00:00,30.91,50.8,8.14,10.63,0.37,15.86,27.36,83.54,1.34,180.32,0.0,58.58
2025-06-26 17:00:00,31.35,39.34,11.16,6.55,0.59,11.49,26.12,89.48,1.16,173.88,0.0,0.0
2025-06-26 18:00:00,25.62,33.44,10.84,7.98,0.65,11.14,24.64,93.66,1.35,171.58,0.0,0.0
2025-06-26 19:00:00,18.24,29.48,12.56,9.43,0.7,9.36,24.23,97.12,1.02,157.36,0.05,0.0
2025-06-26 20:00:00,13.23,27.32,13.61,9.32,0.64,7.91,24.2,97.2,1.22,156.61,0.0,0.0
2025-06-26 21:00:00,11.55,23.9,10.04,8.87,0.46,9.64,24.47,96.1,1.07,166.79,0.0,0.0
2025-06-26 22:00:00,15.96,24.76,7.9,8.7,0.34,11.57,24.44,94.79,1.43,178.69,0.0,0.0
2025-06-26 23:00:00,19.73,28.1,6.66,8.88,0.21,12.78,24.26,94.22,1.34,168.96,0.0,0.0
2025-06-27 00:00:00,17.1,28.06,3.29,8.81,0.2,14.29,24.5,91.1,0.92,170.7,0.0,0.0
2025-06-27 01:00:00,12.8,24.45,2.8,8.65,0.16,16.08,24.46,90.59,1.25,181.32,0.0,0.0
2025-06-27 02:00:00,11.82,20.64,3.0,8.56,0.16,17.28,24.48,90.11,0.71,170.2,0.0,0.0
2025-06-27 03:00:00,14.86,20.77,3.36,8.7,0.17,16.84,24.43,90.3,0.73,166.41,0.0,0.0
2025-06-27 04:00:00,14.96,19.52,4.06,8.73,0.18,15.23,24.31,90.95,0.52,151.61,0.0,0.0
2025-06-27 05:00:00,15.82,20.7,5.9,8.97,0.25,13.31,24.15,92.82,0.9,175.23,0.0,0.0
2025-06-27 06:00:00,16.48,27.74,8.52,9.14,0.43,10.52,24.62,92.26,0.9,184.12,0.0,1.1
2025-06-27 07:00:00,12.13,30.24,9.77,9.17,0.45,12.17,25.95,86.73,1.1,194.7,0.0,46.48
2025-06-27 08:00:00,9.39,28.85,7.79,9.26,0.53,12.95,26.6,84.29,0.64,182.14,0.0,59.12
2025-06-27 09:00:00,15.4,37.4,10.59,9.18,0.54,14.24,27.54,79.35,0.62,212.42,0.0,114.78
2025-06-27 10:00:00,21.57,45.52,11.88,9.14,0.55,15.93,29.24,73.97,0.48,262.91,0.05,181.55
2025-06-27 11:00:00,19.16,43.48,10.66,9.31,0.38,18.22,30.46,68.78,0.55,282.89,0.0,215.85
2025-06-27 12:00:00,19.44,42.32,7.84,9.66,0.3,22.28,31.81,64.13,0.71,321.19,0.0,205.75
2025-06-27 13:00:00,22.14,43.09,10.18,9.31,0.42,21.39,31.4,65.88,0.66,216.29,0.0,187.42
2025-06-27 14:00:00,24.22,46.47,7.51,8.94,0.36,20.6,30.8,69.52,0.57,183.48,0.0,174.5
2025-06-27 15:00:00,27.6,46.45,9.62,9.12,0.32,22.62,31.48,65.6,0.93,232.7,0.0,177.77
2025-06-27 16:00:00,27.17,43.53,11.25,8.82,0.45,20.94,29.2,73.55,1.65,185.84,0.0,1.72
2025-06-27 17:00:00,27.7,43.38,15.34,10.22,0.7,16.76,28.11,78.09,1.39,174.62,0.0,0.0
2025-06-27 18:00:00,29.93,46.66,18.75,12.8,0.84,11.76,27.42,79.67,1.12,160.87,0.0,0.0
2025-06-27 19:00:00,26.0,49.78,19.87,14.96,1.02,9.69,26.99,82.18,1.25,169.19,0.0,0.0
2025-06-27 20:00:00,24.65,51.81,19.12,15.4,0.84,8.71,27.11,80.91,1.13,172.36,0.0,0.0
2025-06-27 21:00:00,31.09,62.48,20.72,14.81,0.66,6.93,26.75,82.27,0.66,170.46,0.0,0.0
2025-06-27 22:00:00,34.46,69.71,19.48,14.28,0.64,5.93,26.16,85.04,0.8,128.25,0.0,0.0
2025-06-27 23:00:00,31.9,67.79,20.43,16.11,0.64,5.53,26.4,83.3,1.3,177.46,0.0,0.0
2025-06-28 00:00:00,31.68,68.0,15.72,19.49,0.34,7.54,26.2,84.61,1.28,162.74,0.0,0.0
2025-06-28 01:00:00,26.59,63.84,10.92,16.5,0.26,9.16,26.0,86.75,0.84,189.46,0.0,0.0
2025-06-28 02:00:00,21.68,59.22,7.88,12.82,0.21,8.7,25.92,89.22,1.27,163.53,0.0,0.0
2025-06-28 03:00:00,18.84,55.87,6.21,11.75,0.18,9.37,25.91,89.69,1.06,165.04,0.0,0.0
2025-06-28 04:00:00,16.29,47.92,6.47,10.76,0.17,7.94,25.7,88.58,0.42,125.96,0.0,0.0
2025-06-28 05:00:00,15.44,41.08,9.67,11.69,0.23,9.48,25.89,82.57,0.49,132.0,0.0,0.0
2025-06-28 06:00:00,14.58,38.58,10.84,11.23,0.31,9.66,25.78,82.79,0.72,171.74,0.0,0.0
2025-06-28 07:00:00,17.08,38.82,14.01,10.66,0.47,10.42,26.29,81.28,0.33,297.91,0.0,11.77
2025-06-28 08:00:00,21.2,43.38,10.26,10.47,0.32,16.09,27.19,76.99,0.32,270.13,0.0,87.45
2025-06-28 09:00:00,23.59,49.3,10.79,11.49,0.33,19.4,29.15,71.12,0.45,221.95,0.0,130.1
2025-06-28 10:00:00,21.45,49.39,13.61,13.62,0.34,22.97,30.16,67.82,0.64,305.54,0.0,112.55
2025-06-28 11:00:00,20.5,48.83,12.29,15.31,0.28,27.82,30.99,64.79,0.61,311.0,0.0,103.4
2025-06-28 12:00:00,23.6,48.94,15.32,15.6,0.31,32.18,32.44,59.32,0.52,261.46,0.0,64.18
2025-06-28 13:00:00,26.61,55.98,9.58,14.32,0.21,34.52,32.12,60.09,0.8,323.04,0.0,69.18
2025-06-28 14:00:00,28.37,64.79,8.62,11.9,0.19,33.83,31.86,59.94,0.66,324.96,0.0,87.95
2025-06-28 15:00:00,28.24,60.64,12.72,11.48,0.28,32.81,32.32,58.1,0.51,328.32,0.0,86.35
2025-06-28 16:00:00,27.81,57.96,12.59,11.26,0.25,33.9,31.83,59.04,0.46,328.13,0.0,55.47
2025-06-28 17:00:00,26.95,60.2,12.81,11.8,0.28,33.28,31.55,58.48,0.52,217.33,0.0,0.85
2025-06-28 18:00:00,27.53,60.84,11.71,10.3,0.27,30.44,28.94,68.12,0.9,300.44,0.0,0.0
2025-06-28 19:00:00,25.79,57.24,12.27,9.94,0.25,25.37,27.22,71.54,0.86,304.19,0.0,0.0
2025-06-28 20:00:00,21.49,54.69,9.05,9.82,0.2,32.04,27.47,69.15,0.98,303.46,0.0,0.0
2025-06-28 21:00:00,22.3,55.76,11.88,13.63,0.18,28.67,26.9,70.45,0.81,312.72,0.0,0.0
2025-06-28 22:00:00,25.98,57.55,8.65,12.18,0.16,32.54,26.73,69.67,0.88,309.05,0.0,0.0
2025-06-28 23:00:00,26.32,55.01,8.46,12.56,0.16,32.09,26.7,71.2,0.64,292.6,0.0,0.0
2025-06-29 00:00:00,24.37,52.77,6.06,11.28,0.14,34.74,24.25,82.44,0.87,299.79,0.8,0.0
2025-06-29 01:00:00,22.23,48.9,3.04,9.2,0.13,29.74,22.32,94.37,1.07,153.76,0.2,0.0
2025-06-29 02:00:00,20.07,41.8,2.74,8.9,0.14,25.81,22.22,95.59,0.84,156.62,0.0,0.0
2025-06-29 03:00:00,15.34,38.76,3.62,8.97,0.19,18.56,22.38,96.96,0.96,346.21,0.15,0.0
2025-06-29 04:00:00,14.4,42.08,7.65,9.53,0.28,13.63,22.44,97.2,0.84,170.73,0.45,0.0
2025-06-29 05:00:00,15.4,41.91,8.16,9.01,0.18,15.63,22.57,97.2,1.2,148.52,0.05,0.0
2025-06-29 06:00:00,16.52,36.8,6.82,8.85,0.22,14.06,22.74,97.19,0.53,106.15,0.55,0.0
2025-06-29 07:00:00,19.82,37.12,10.21,8.76,0.39,11.0,22.72,97.19,1.29,175.13,0.35,5.48
2025-06-29 08:00:00,19.6,39.12,9.03,8.8,0.38,12.45,23.49,96.1,1.28,186.68,0.05,78.53
2025-06-29 09:00:00,17.12,42.71,7.53,8.99,0.35,12.76,24.04,93.96,0.52,190.61,0.05,30.3
2025-06-29 10:00:00,17.56,43.56,9.09,8.66,0.37,11.93,24.46,92.34,0.41,231.46,0.0,44.88
2025-06-29 11:00:00,19.79,43.89,8.64,8.8,0.31,16.2,25.72,86.42,0.34,307.04,0.0,71.82
2025-06-29 12:00:00,20.18,42.75,9.82,9.0,0.31,18.65,25.4,88.37,0.51,306.38,0.0,64.58
2025-06-29 13:00:00,16.99,34.1,7.44,9.59,0.21,22.6,26.29,79.6,1.04,307.42,0.0,79.07
2025-06-29 14:00:00,13.89,30.26,8.56,9.74,0.24,22.42,25.61,84.26,0.71,292.46,0.05,81.32
2025-06-29 15:00:00,16.22,31.22,11.36,10.36,0.31,20.63,26.07,82.64,0.55,286.6,0.0,72.68
2025-06-29 16:00:00,18.89,31.88,11.04,10.99,0.3,17.73,25.66,85.95,0.58,317.59,0.05,30.88
2025-06-29 17:00:00,17.53,34.88,13.9,10.74,0.38,12.44,24.83,90.6,0.74,338.88,0.0,0.0
2025-06-29 18:00:00,15.96,39.43,18.35,10.65,0.52,8.46,24.45,91.85,0.68,241.2,0.05,0.0
2025-06-29 19:00:00,16.25,39.25,21.52,10.7,0.6,6.19,24.06,93.78,0.51,129.67,0.05,0.0
2025-06-29 20:00:00,25.92,39.31,20.46,9.92,0.72,5.52,23.98,96.02,0.73,113.7,0.05,0.0
2025-06-29 21:00:00,36.65,53.42,18.62,9.67,0.71,6.18,24.1,96.76,1.08,156.28,0.05,0.0
2025-06-29 22:00:00,42.95,69.93,17.41,9.32,0.59,6.4,24.12,96.76,1.31,168.4,0.0,0.0
2025-06-29 23:00:00,44.3,68.6,10.8,8.8,0.32,6.83,24.06,96.95,0.39,147.57,0.0,0.0
2025-06-30 00:00:00,33.98,58.74,8.09,9.22,0.29,7.92,23.85,94.98,0.72,316.87,0.0,0.0
2025-06-30 01:00:00,26.32,45.36,5.03,8.99,0.19,9.55,23.66,91.73,0.4,157.65,0.0,0.0
2025-06-30 02:00:00,21.05,36.43,4.04,8.76,0.14,10.57,23.45,90.21,0.67,102.36,0.0,0.0
2025-06-30 03:00:00,17.2,35.7,3.2,8.66,0.13,11.9,23.09,90.38,1.27,157.48,0.0,0.0
2025-06-30 04:00:00,14.85,31.82,3.8,8.45,0.14,12.14,22.42,93.45,1.28,158.4,0.1,0.0
2025-06-30 05:00:00,11.0,28.34,5.6,8.43,0.18,9.73,22.33,95.3,0.86,112.22,0.0,0.0
2025-06-30 06:00:00,10.2,27.52,6.47,8.23,0.24,6.4,22.7,96.51,0.66,53.22,0.0,0.0
2025-06-30 07:00:00,14.9,30.25,10.87,8.92,0.45,4.93,23.51,94.92,0.55,258.98,0.0,0.0
2025-06-30 08:00:00,16.42,32.42,10.46,10.51,0.56,6.39,24.72,88.6,0.44,316.22,0.0,47.28
2025-06-30 09:00:00,16.97,36.6,11.34,13.06,0.46,8.13,26.08,82.91,0.33,320.8,0.0,109.92
2025-06-30 10:00:00,17.67,39.01,11.96,15.24,0.41,9.29,26.61,80.54,0.62,305.04,0.0,110.0
2025-06-30 11:00:00,14.79,39.0,10.61,16.83,0.34,12.04,27.57,76.85,0.54,303.13,0.0,118.75
2025-06-30 12:00:00,18.07,40.56,10.55,14.1,0.3,15.44,27.68,75.68,0.73,304.09,0.0,86.22
2025-06-30 13:00:00,22.94,42.75,9.19,10.6,0.26,14.52,27.17,78.0,0.66,317.32,0.0,25.0
2025-06-30 14:00:00,20.58,44.34,12.09,11.5,0.3,14.35,27.91,76.62,0.58,328.9,0.0,112.15
2025-06-30 15:00:00,17.44,42.67,11.2,11.63,0.32,17.32,29.05,73.52,0.79,310.31,0.0,90.92
2025-06-30 16:00:00,21.87,66.18,13.55,10.96,0.37,13.94,27.19,83.43,0.8,250.36,0.25,8.2
2025-06-30 17:00:00,22.92,85.71,9.7,9.52,0.28,9.77,24.92,96.6,1.42,96.56,5.7,0.0
2025-06-30 18:00:00,18.84,66.98,8.16,8.83,0.32,12.62,23.92,97.22,1.16,94.79,5.85,0.0
2025-06-30 19:00:00,20.35,51.76,22.95,8.81,0.97,6.32,23.8,97.2,1.82,85.74,0.3,0.0
2025-06-30 20:00:00,19.96,47.6,26.73,9.14,1.18,3.09,24.2,97.24,2.26,108.92,0.0,0.0
2025-06-30 21:00:00,19.8,51.59,20.5,8.87,0.79,3.91,24.12,97.22,2.24,101.52,0.05,0.0
2025-06-30 22:00:00,20.66,55.01,17.91,8.67,0.67,3.38,23.8,97.23,2.38,93.39,0.0,0.0
2025-06-30 23:00:00,21.51,47.25,13.98,8.66,0.45,4.43,23.7,97.24,1.81,80.82,0.0,0.0
2025-07-01 00:00:00,22.69,45.27,10.33,8.22,0.21,5.31,23.62,97.23,1.46,60.6,0.0,0.0
2025-07-01 01:00:00,18.51,46.28,5.52,8.18,0.19,9.63,23.51,97.2,1.09,100.18,0.0,0.0
2025-07-01 02:00:00,17.39,39.83,3.68,8.06,0.2,9.7,23.67,97.2,0.54,144.22,0.25,0.0
2025-07-01 03:00:00,16.35,33.34,4.77,8.0,0.21,7.56,23.7,97.21,0.82,72.44,0.0,0.0
2025-07-01 04:00:00,14.7,28.97,4.4,7.72,0.17,7.05,23.86,97.22,0.84,95.74,0.0,0.0
2025-07-01 05:00:00,12.92,29.76,6.14,7.83,0.26,4.44,23.98,97.21,0.79,58.88,0.0,0.0
2025-07-01 06:00:00,12.99,35.97,9.77,8.24,0.46,4.21,23.97,97.22,0.39,124.09,0.15,0.0
2025-07-01 07:00:00,15.15,37.25,10.26,7.94,0.45,4.79,24.06,97.22,0.55,172.58,0.0,0.0
2025-07-01 08:00:00,16.91,38.12,10.71,8.25,0.51,4.77,24.42,97.22,0.65,167.18,0.0,21.62
2025-07-01 09:00:00,19.69,42.18,11.02,8.5,0.5,6.39,25.48,93.85,0.46,320.51,0.0,122.63
2025-07-01 10:00:00,18.6,48.14,10.81,8.89,0.44,8.65,26.12,88.01,0.67,239.59,0.0,101.52
2025-07-01 11:00:00,16.83,47.92,12.34,9.24,0.44,10.13,26.17,89.24,0.42,256.09,0.0,119.58
2025-07-01 12:00:00,15.18,45.29,9.74,9.07,0.32,10.63,26.96,85.06,0.68,323.81,0.0,130.25
2025-07-01 13:00:00,17.0,43.5,9.24,6.59,0.35,11.68,27.32,82.73,0.62,318.56,0.0,108.93
2025-07-01 14:00:00,20.5,40.91,11.14,7.67,0.38,10.3,27.66,81.57,0.63,299.76,0.0,110.6
2025-07-01 15:00:00,21.32,38.42,8.08,8.46,0.3,12.34,28.16,79.86,0.63,324.08,0.05,86.9
2025-07-01 16:00:00,19.78,42.67,11.32,8.68,0.48,10.14,27.36,83.96,0.43,302.66,0.0,2.45
2025-07-01 17:00:00,14.98,43.98,12.65,8.93,0.55,8.56,27.02,84.93,0.73,314.48,0.0,0.0
2025-07-01 18:00:00,17.14,39.92,9.48,8.12,0.32,10.23,25.09,93.78,0.86,316.2,0.05,0.0
2025-07-01 19:00:00,17.94,39.82,11.08,7.9,0.33,9.3,24.05,96.8,0.69,339.04,0.25,0.0
2025-07-01 20:00:00,13.22,34.2,13.88,7.63,0.38,7.42,23.83,97.2,0.72,332.02,0.2,0.0
2025-07-01 21:00:00,13.15,30.52,16.16,8.02,0.45,5.78,23.92,97.21,0.66,18.17,0.05,0.0
2025-07-01 22:00:00,14.1,32.28,13.74,7.6,0.55,5.13,24.12,97.2,1.05,222.7,0.0,0.0
2025-07-01 23:00:00,13.47,32.24,10.88,7.36,0.52,4.62,24.24,97.19,1.18,164.19,0.0,0.0
2025-07-02 00:00:00,15.07,33.54,4.3,7.22,0.18,5.5,24.24,97.2,0.56,132.9,0.05,0.0
2025-07-02 01:00:00,14.37,32.36,2.63,7.23,0.16,7.62,24.01,97.18,0.42,152.51,0.0,0.0
2025-07-02 02:00:00,10.35,31.04,3.11,7.15,0.15,7.24,23.72,97.18,0.48,35.55,0.0,0.0
2025-07-02 03:00:00,9.48,33.95,3.59,7.49,0.16,7.16,23.68,97.18,0.41,199.16,0.0,0.0
2025-07-02 04:00:00,9.3,34.54,3.35,7.33,0.14,6.27,23.41,97.18,0.6,122.12,0.0,0.0
2025-07-02 05:00:00,7.18,28.67,5.74,7.46,0.2,5.7,23.46,97.0,0.59,102.45,0.0,0.0
2025-07-02 06:00:00,6.42,25.01,6.65,7.33,0.29,6.02,23.79,95.61,0.33,144.76,0.0,0.0
2025-07-02 07:00:00,10.88,29.3,8.64,7.36,0.45,5.57,24.62,91.55,0.66,291.24,0.0,18.5
2025-07-02 08:00:00,13.71,34.8,8.5,7.73,0.42,7.12,25.24,87.83,0.53,326.52,0.0,38.15
2025-07-02 09:00:00,15.74,40.7,9.74,8.24,0.53,7.47,26.61,83.94,0.3,219.28,0.0,34.22
2025-07-02 10:00:00,16.81,45.18,9.53,8.69,0.45,11.19,27.87,78.51,0.66,324.14,0.0,38.92
2025-07-02 11:00:00,15.07,47.32,8.82,8.32,0.4,12.84,28.54,77.05,0.6,314.97,0.0,42.7
2025-07-02 12:00:00,15.46,45.36,9.54,8.23,0.38,12.58,28.78,76.05,0.55,310.7,0.0,60.5
2025-07-02 13:00:00,18.68,42.1,9.58,5.56,0.35,12.39,28.06,79.24,0.64,250.54,0.0,72.18
2025-07-02 14:00:00,21.32,42.7,12.19,6.94,0.48,10.43,28.46,79.39,0.29,276.14,0.0,109.8
2025-07-02 15:00:00,22.6,47.62,10.51,7.54,0.46,13.36,28.84,79.31,0.45,216.22,0.0,91.15
2025-07-02 16:00:00,24.73,51.91,6.28,7.51,0.31,13.52,29.08,77.08,0.91,336.83,0.05,60.97
2025-07-02 17:00:00,22.54,45.71,9.16,7.3,0.42,11.38,29.08,77.17,0.83,262.31,0.0,1.72
2025-07-02 18:00:00,17.51,43.15,16.67,4.84,1.08,8.09,28.27,79.19,1.23,122.47,0.0,0.0
2025-07-02 19:00:00,17.48,51.24,16.38,7.62,0.99,7.59,26.92,85.68,0.99,136.4,0.0,0.0
2025-07-02 20:00:00,18.2,54.7,17.27,7.55,0.98,8.18,26.32,85.0,0.93,161.01,0.0,0.0
2025-07-02 21:00:00,27.58,56.0,14.82,7.26,0.71,8.64,25.96,86.61,1.29,177.82,0.0,0.0
2025-07-02 22:00:00,33.31,58.6,9.96,7.2,0.49,10.27,25.49,89.7,1.29,176.23,0.0,0.0
2025-07-02 23:00:00,27.12,54.77,9.91,8.33,0.45,9.13,24.97,93.1,1.48,185.14,0.0,0.0
2025-07-03 00:00:00,28.18,51.55,5.3,8.64,0.24,9.36,24.82,94.66,1.21,171.95,0.0,0.0
2025-07-03 01:00:00,25.42,49.37,3.22,8.13,0.17,8.54,25.2,91.0,0.3,218.52,0.0,0.0
2025-07-03 02:00:00,18.39,45.72,3.06,7.5,0.16,8.75,25.24,90.33,0.85,157.38,0.0,0.0
2025-07-03 03:00:00,14.77,43.4,4.09,7.82,0.15,8.33,25.29,88.42,0.64,244.14,0.0,0.0
2025-07-03 04:00:00,14.98,41.74,5.93,8.99,0.15,7.94,25.07,88.2,0.42,211.84,0.0,0.0
2025-07-03 05:00:00,13.64,36.9,6.38,9.06,0.19,7.13,24.77,89.78,0.72,116.32,0.0,0.0
2025-07-03 06:00:00,10.71,33.71,9.24,8.53,0.34,6.59,25.13,88.65,0.52,152.23,0.0,1.27
2025-07-03 07:00:00,12.56,37.54,10.48,8.82,0.38,8.23,25.94,84.26,0.58,273.37,0.0,45.53
2025-07-03 08:00:00,15.6,38.56,8.47,9.63,0.36,10.95,26.84,80.39,0.53,318.27,0.0,82.4
2025-07-03 09:00:00,20.74,36.87,10.01,10.29,0.41,12.42,28.11,76.24,0.38,299.56,0.0,78.0
2025-07-03 10:00:00,21.71,39.62,8.94,9.94,0.36,15.44,28.84,74.4,0.55,236.89,0.0,82.4
2025-07-03 11:00:00,18.7,40.85,9.95,9.69,0.35,16.68,29.21,73.96,0.45,339.12,0.0,100.7
2025-07-03 12:00:00,19.76,43.63,8.07,9.54,0.28,19.21,29.57,73.43,0.7,336.3,0.0,95.93
2025-07-03 13:00:00,19.74,43.38,6.91,6.38,0.24,20.4,29.79,72.77,0.88,335.92,0.0,92.57
2025-07-03 14:00:00,19.93,41.18,9.32,4.32,0.32,20.15,30.1,71.61,0.42,273.31,0.0,69.22
2025-07-03 15:00:00,23.22,42.72,8.59,3.45,0.32,16.97,26.21,90.55,1.06,253.05,0.1,26.3
2025-07-03 16:00:00,25.4,48.36,19.23,6.34,0.73,10.47,27.31,91.82,0.98,249.35,0.0,18.55
2025-07-03 17:00:00,29.74,52.27,21.56,6.19,1.17,8.16,27.74,91.81,1.06,106.27,0.0,0.0
2025-07-03 18:00:00,32.66,55.3,21.27,6.1,1.51,4.77,27.14,91.28,0.73,120.08,0.0,0.0
2025-07-03 19:00:00,25.72,56.84,5.96,5.36,0.18,15.65,23.86,96.05,1.37,335.86,7.45,0.0
2025-07-03 20:00:00,19.55,48.34,14.84,5.31,0.48,11.55,23.65,97.16,0.43,180.18,1.2,0.0
2025-07-03 21:00:00,20.33,40.29,15.72,5.52,0.59,6.33,24.09,97.16,0.83,161.08,0.75,0.0
2025-07-03 22:00:00,20.85,36.19,13.54,5.53,0.46,5.96,24.27,97.24,1.32,167.75,0.2,0.0
2025-07-03 23:00:00,21.18,30.76,10.09,4.68,0.28,8.41,24.09,97.21,0.97,166.26,0.3,0.0
2025-07-04 00:00:00,20.74,25.74,4.21,4.76,0.23,9.27,23.92,97.2,1.16,157.0,0.1,0.0
2025-07-04 01:00:00,15.08,22.08,4.14,4.79,0.19,9.42,23.84,97.2,1.24,156.56,0.05,0.0
2025-07-04 02:00:00,11.0,21.54,4.51,4.68,0.18,7.47,23.82,97.22,0.71,140.89,0.0,0.0
2025-07-04 03:00:00,13.54,29.15,6.71,5.24,0.18,7.63,23.37,97.2,0.49,53.76,0.0,0.0
2025-07-04 04:00:00,15.9,29.14,9.88,5.99,0.18,4.78,23.35,97.21,0.9,104.06,0.0,0.0
2025-07-04 05:00:00,11.85,24.9,5.7,5.92,0.19,7.16,23.76,97.0,1.08,151.15,0.0,0.0
2025-07-04 06:00:00,8.98,27.47,6.4,5.66,0.29,6.23,23.98,95.82,0.62,141.73,0.0,0.0
2025-07-04 07:00:00,8.85,30.81,9.6,5.96,0.43,4.2,24.18,94.57,0.74,136.58,0.0,0.0
2025-07-04 08:00:00,9.19,30.07,8.26,5.39,0.6,4.76,24.41,94.5,0.51,106.41,0.0,0.0
2025-07-04 09:00:00,10.78,27.17,8.12,5.28,0.57,5.76,25.1,92.19,0.27,130.66,0.05,72.22
2025-07-04 10:00:00,12.46,28.94,8.76,5.48,0.51,8.55,26.38,85.88,0.38,259.23,0.0,136.0
2025-07-04 11:00:00,10.52,32.33,9.14,6.39,0.37,10.09,26.53,83.73,0.43,242.64,0.0,69.57
2025-07-04 12:00:00,10.71,33.04,10.71,6.93,0.39,10.3,26.62,83.04,0.56,320.88,0.0,64.25
2025-07-04 13:00:00,13.58,34.89,11.07,6.91,0.38,10.14,26.56,83.78,0.6,336.16,0.0,33.53
2025-07-04 14:00:00,15.18,35.61,10.65,6.42,0.38,11.0,26.67,83.34,0.42,289.65,0.0,61.18
2025-07-04 15:00:00,20.37,40.7,9.82,6.85,0.36,12.96,26.93,83.31,0.53,340.2,0.0,60.3
2025-07-04 16:00:00,23.83,49.72,12.27,7.06,0.48,10.84,26.7,84.0,0.43,252.77,0.0,10.45
2025-07-04 17:00:00,27.46,57.46,15.97,4.44,0.72,8.02,26.86,84.52,0.45,192.52,0.0,0.0
2025-07-04 18:00:00,33.01,60.69,16.47,6.06,0.96,6.17,26.75,83.56,1.1,175.66,0.0,0.0
2025-07-04 19:00:00,30.17,59.44,17.54,6.38,0.82,5.44,26.16,87.32,0.66,115.81,0.0,0.0
2025-07-04 20:00:00,24.52,59.11,17.95,5.5,0.78,5.07,25.88,89.13,0.5,211.31,0.0,0.0
2025-07-04 21:00:00,23.02,54.75,18.81,5.4,0.95,4.02,25.38,94.87,0.78,63.68,0.0,0.0
2025-07-04 22:00:00,25.74,52.15,14.6,5.0,0.68,4.68,25.44,95.45,0.98,156.25,0.0,0.0
2025-07-04 23:00:00,22.74,48.06,6.9,4.57,0.32,8.48,25.28,89.9,0.62,159.9,0.0,0.0
2025-07-05 00:00:00,16.93,38.47,6.02,4.81,0.26,7.83,24.54,94.32,0.59,104.38,0.05,0.0
2025-07-05 01:00:00,12.93,32.82,6.44,4.88,0.31,5.49,24.11,97.22,0.59,61.54,0.0,0.0
2025-07-05 02:00:00,13.89,34.57,4.77,4.53,0.21,5.12,24.0,97.21,0.63,170.79,0.0,0.0
2025-07-05 03:00:00,16.95,36.02,7.18,4.7,0.26,4.56,24.34,96.45,0.47,146.15,0.0,0.0
2025-07-05 04:00:00,14.9,32.18,5.35,4.72,0.19,5.83,24.62,91.36,0.44,162.15,0.0,0.0
2025-07-05 05:00:00,14.29,29.69,9.39,6.66,0.19,5.76,24.99,85.74,0.24,201.44,0.0,0.0
2025-07-05 06:00:00,14.21,30.98,9.74,7.63,0.31,6.4,25.23,85.4,0.21,79.07,0.0,0.02
2025-07-05 07:00:00,14.08,37.31,11.13,8.54,0.4,6.85,25.89,83.58,0.26,190.84,0.0,35.38
2025-07-05 08:00:00,14.95,40.72,10.0,8.4,0.36,8.32,26.24,81.89,0.22,266.31,0.0,46.78
2025-07-05 09:00:00,16.82,39.2,13.87,10.41,0.47,7.96,26.6,80.97,0.32,128.52,0.0,62.22
2025-07-05 10:00:00,17.47,42.68,10.36,8.81,0.4,11.26,27.36,79.61,0.53,333.72,0.0,136.12
2025-07-05 11:00:00,19.24,45.57,9.03,7.24,0.34,12.44,27.8,78.35,0.5,311.74,0.0,120.5
2025-07-05 12:00:00,22.05,50.4,10.02,6.64,0.36,12.63,27.49,80.29,0.64,328.12,0.0,52.9
2025-07-05 13:00:00,22.74,56.22,8.24,5.78,0.37,11.79,27.93,79.9,0.34,238.88,0.0,77.9
2025-07-05 14:00:00,23.68,54.08,8.01,5.82,0.34,15.78,29.17,74.26,0.54,281.74,0.0,121.1
2025-07-05 15:00:00,33.62,53.79,8.22,5.78,0.33,16.57,29.06,74.48,0.66,248.69,0.0,121.57
2025-07-05 16:00:00,39.8,54.12,7.55,5.81,0.34,17.21,28.82,74.35,0.56,313.59,0.0,26.3
2025-07-05 17:00:00,30.03,51.38,11.33,5.24,0.51,14.94,28.6,75.73,0.8,213.9,0.0,1.4
2025-07-05 18:00:00,26.33,51.53,13.91,5.14,0.6,12.04,27.16,81.58,0.64,251.83,0.0,0.0
2025-07-05 19:00:00,24.43,48.44,14.24,5.18,0.55,10.4,26.61,83.44,0.31,256.74,0.0,0.0
2025-07-05 20:00:00,21.13,44.49,14.07,5.38,0.46,11.58,26.12,83.52,0.53,235.35,0.0,0.0
2025-07-05 21:00:00,19.56,41.51,15.38,6.32,0.39,11.98,25.61,83.37,0.68,307.08,0.0,0.0
2025-07-05 22:00:00,21.52,39.0,15.47,6.86,0.44,10.99,25.71,82.61,0.52,312.57,0.0,0.0
2025-07-05 23:00:00,20.87,38.83,9.86,6.23,0.32,11.96,25.16,85.87,0.45,299.09,0.0,0.0
2025-07-06 00:00:00,18.22,35.72,8.11,6.47,0.26,11.95,24.94,87.56,0.57,304.73,0.0,0.0
2025-07-06 01:00:00,16.47,34.03,7.06,6.35,0.29,9.87,24.29,93.2,0.57,193.0,0.0,0.0
2025-07-06 02:00:00,16.22,35.8,7.12,6.01,0.3,6.75,23.76,96.69,0.81,53.34,0.15,0.0
2025-07-06 03:00:00,16.12,34.89,5.23,5.27,0.23,5.56,23.74,96.78,0.52,114.12,0.05,0.0
2025-07-06 04:00:00,14.4,30.82,5.45,4.64,0.2,4.81,23.78,96.84,0.83,78.56,0.0,0.0
2025-07-06 05:00:00,12.4,23.64,5.59,4.41,0.22,4.21,23.75,96.85,0.76,85.49,0.0,0.0
2025-07-06 06:00:00,12.89,21.08,7.8,4.68,0.29,4.0,24.15,96.83,0.62,167.73,0.0,0.6
2025-07-06 07:00:00,13.92,21.06,5.26,4.68,0.28,6.73,25.04,94.25,0.55,297.92,0.0,65.1
2025-07-06 08:00:00,12.91,21.54,6.74,6.19,0.28,7.96,26.26,86.01,0.54,326.01,0.0,88.32
2025-07-06 09:00:00,16.72,24.77,7.56,7.14,0.32,9.24,26.69,83.51,0.56,333.34,0.0,70.43
2025-07-06 10:00:00,22.58,29.51,7.6,6.81,0.34,12.07,27.79,79.14,0.54,305.8,0.0,139.25
2025-07-06 11:00:00,22.16,27.0,7.58,6.79,0.28,13.66,27.2,80.22,0.67,320.17,0.0,46.68
2025-07-06 12:00:00,22.12,24.94,7.97,6.12,0.29,12.94,26.79,83.46,0.79,330.35,0.0,14.68
2025-07-06 13:00:00,19.45,28.38,6.97,5.4,0.3,11.28,26.36,87.32,0.75,332.36,0.0,36.78
2025-07-06 14:00:00,15.5,30.3,7.16,5.04,0.28,10.73,26.21,91.26,0.72,333.61,0.05,55.68
2025-07-06 15:00:00,15.84,29.74,6.79,4.91,0.37,12.31,26.46,89.99,0.63,336.45,0.0,105.25
2025-07-06 16:00:00,15.29,28.42,5.13,4.75,0.28,12.96,26.99,83.92,0.68,327.48,0.05,45.0
2025-07-06 17:00:00,14.62,30.26,7.94,4.75,0.32,11.68,26.86,84.17,0.59,316.2,0.0,0.0
2025-07-06 18:00:00,14.5,31.34,11.94,5.22,0.4,10.89,26.49,84.28,0.65,304.41,0.0,0.0
2025-07-06 19:00:00,12.94,31.56,13.03,5.39,0.48,9.96,26.14,85.8,0.57,314.47,0.0,0.0
2025-07-06 20:00:00,19.34,35.92,11.94,5.83,0.55,9.86,25.95,86.66,0.44,320.7,0.0,0.0
2025-07-06 21:00:00,26.34,39.24,11.61,6.04,0.44,9.08,25.3,91.22,0.49,174.62,0.1,0.0
2025-07-06 22:00:00,26.37,40.05,12.08,5.64,0.37,8.23,24.46,96.95,0.48,313.83,0.45,0.0
2025-07-06 23:00:00,23.41,40.11,9.74,5.66,0.29,9.04,24.14,97.14,0.48,234.75,0.5,0.0
2025-07-07 00:00:00,22.05,36.04,6.34,5.41,0.22,11.12,23.85,97.14,0.47,312.72,0.4,0.0
2025-07-07 01:00:00,19.26,32.59,3.48,4.92,0.18,13.61,23.47,97.14,0.45,318.63,0.25,0.0
2025-07-07 02:00:00,15.06,32.47,2.24,4.64,0.16,15.52,23.19,97.14,0.49,328.26,0.05,0.0
2025-07-07 03:00:00,16.33,33.36,3.08,4.81,0.18,14.77,23.19,97.14,0.22,252.04,0.05,0.0
2025-07-07 04:00:00,19.14,29.73,3.2,4.94,0.2,13.13,23.24,97.13,0.4,255.28,0.0,0.0
2025-07-07 05:00:00,17.39,24.77,4.05,4.9,0.22,11.69,23.31,97.14,0.48,332.64,0.0,0.0
2025-07-07 06:00:00,12.98,25.0,6.22,4.78,0.33,10.48,23.34,97.16,0.6,185.69,0.5,0.0
2025-07-07 07:00:00,9.43,25.89,10.45,4.98,0.31,8.4,23.28,97.16,0.66,317.97,0.75,0.0
2025-07-07 08:00:00,8.8,23.85,7.88,4.88,0.34,11.62,23.14,97.17,0.49,309.67,1.7,0.0
2025-07-07 09:00:00,12.38,20.82,10.83,4.44,0.31,9.67,23.03,97.2,0.56,332.21,0.7,0.0
2025-07-07 10:00:00,14.35,21.38,10.8,4.49,0.36,11.3,23.0,97.2,0.6,316.21,1.35,0.0
2025-07-07 11:00:00,14.42,22.86,9.56,3.73,0.32,13.31,22.94,97.2,0.44,300.18,2.75,0.5
2025-07-07 12:00:00,34.87873803175986,65.84383287969024,10.08,3.45,0.26,30.15316645105478,22.92,97.18,0.49,309.64,1.0,5.57
2025-07-07 13:00:00,36.17335059121042,67.25101147306322,9.96,8.0,0.4337220574321183,20.74,22.75,97.23,0.54,316.65,1.1,0.22
2025-07-07 14:00:00,0.9046009381249354,6.19,11.8,8.74,0.27,13.96,22.66,97.22,0.38,316.38,1.4,0.0
2025-07-07 15:00:00,2.176999092055683,8.54,14.46,8.91,0.39,11.82,22.81,97.22,0.26,147.71,1.45,0.0
2025-07-07 16:00:00,4.52,14.72,10.75219324890389,9.64,0.41,11.5,23.12,97.21,0.45,314.95,0.4,0.0
2025-07-07 17:00:00,6.64,20.62,10.63,9.288601683362142,0.33,16.5,23.01,97.21,0.65,308.12,0.35,0.0
2025-07-07 18:00:00,11.78,24.58,11.93,3.33,0.38,14.86,22.88,97.2,0.58,305.99,0.35,0.0
2025-07-07 19:00:00,13.43,21.7,12.22,6.13,0.37,17.4,22.59,97.2,0.61,289.94,1.3,0.0
2025-07-07 20:00:00,15.09,27.27,16.39,6.01,0.4,16.17,22.42,97.19,0.39,307.92,0.5,0.0
2025-07-07 21:00:00,14.76,29.19,14.11,6.18,0.39,15.85,22.86,97.2,0.45,314.78,0.1,0.0
2025-07-07 22:00:00,15.51,30.01,10.0,6.2,0.26,18.6,22.66,97.17,0.36,311.05,0.2,0.0
2025-07-07 23:00:00,15.98,31.08,11.22,6.19,0.27,17.5,22.7,97.16,0.46,240.61,0.45,0.0
2025-07-08 00:00:00,13.71,32.75,7.83,6.04,0.22,17.06,22.81,97.2,0.36,225.18,0.45,0.0
2025-07-08 01:00:00,11.02,29.85,5.73,6.26,0.2,19.92,22.73,97.2,0.42,323.12,0.05,0.0
2025-07-08 02:00:00,14.02,27.4,8.07,6.14,0.26,18.42,22.65,97.2,0.46,308.31,0.05,0.0
2025-07-08 03:00:00,20.39,27.58,4.68,6.44,0.24,17.22,22.74,97.2,0.41,233.98,0.0,0.0
2025-07-08 04:00:00,15.85,31.24,4.0,6.64,0.22,17.55,22.67,97.18,0.27,248.37,0.0,0.0
2025-07-08 05:00:00,12.03,29.18,4.19,6.8,0.24,17.35,22.69,97.16,0.31,227.75,0.05,0.0
2025-07-08 06:00:00,11.37,31.28,5.86,6.67,0.3,15.12,22.6,97.16,0.34,227.2,0.1,0.0
2025-07-08 07:00:00,18.1,36.94,10.65,6.7,0.39,11.55,22.46,97.17,0.27,173.1,1.05,0.0
2025-07-08 08:00:00,19.86,37.72,13.99,6.77,0.57,9.93,22.53,97.18,0.38,253.08,0.6,0.0
2025-07-08 09:00:00,20.81,41.76,12.52,7.02,0.62,9.92,22.73,97.17,0.49,247.29,0.45,0.0
2025-07-08 10:00:00,20.69,42.1,12.28,6.84,0.54,8.98,22.84,97.2,0.62,311.91,1.35,0.0
2025-07-08 11:00:00,22.38,33.76,7.23,6.57,0.29,15.54,22.73,97.2,0.6,299.44,0.25,8.82
2025-07-08 12:00:00,17.05,31.62,9.53,6.29,0.33,15.18,22.79,97.16,0.63,296.68,0.75,0.0
2025-07-08 13:00:00,19.78,32.71,7.34,6.21,0.26,18.96,22.39,97.18,0.61,304.03,1.0,0.0
2025-07-08 14:00:00,24.72,31.04,11.11,6.38,0.29,19.52,22.19,97.18,0.73,308.24,3.05,0.0
2025-07-08 15:00:00,20.94,37.32,9.33,6.31,0.25,18.2,22.4,97.18,0.58,313.63,3.5,0.0
2025-07-08 16:00:00,24.05,33.66,8.96,6.41,0.32,15.74,22.48,97.21,0.44,316.25,1.7,0.0
2025-07-08 17:00:00,18.11,33.45,14.44,6.43,0.52,12.4,22.58,97.2,0.63,299.9,0.05,0.0
2025-07-08 18:00:00,13.25,28.49,12.92,6.34,0.48,12.9,22.61,97.21,0.67,298.16,0.0,0.0
2025-07-08 19:00:00,11.17,27.79,13.78,6.46,0.6,11.58,22.66,97.24,0.54,278.84,1.5,0.0
2025-07-08 20:00:00,12.92,30.8,15.53,6.18,0.58,10.04,22.56,97.26,0.48,153.02,0.5,0.0
2025-07-08 21:00:00,15.14,31.68,11.99,6.11,0.46,9.48,22.58,97.3,0.59,313.48,0.2,0.0
2025-07-08 22:00:00,22.99,30.55,10.56,6.1,0.41,10.98,22.65,97.29,0.69,279.01,0.25,0.0
2025-07-08 23:00:00,18.11,30.14,7.64,6.06,0.3,11.86,22.69,97.29,1.0,293.9,1.9,0.0
2025-07-09 00:00:00,17.8,26.01,2.39,5.98,0.14,14.72,22.93,97.29,0.74,220.29,0.05,0.0
2025-07-09 01:00:00,13.62,26.85,3.75,5.9,0.16,17.14,22.75,97.28,0.8,181.42,7.25,0.0
2025-07-09 02:00:00,13.6,23.51,1.35,5.88,0.14,19.98,22.26,97.27,2.26,118.66,6.15,0.0
2025-07-09 03:00:00,9.96,16.67,4.44,6.04,0.22,18.24,22.06,97.22,4.34,106.82,3.3,0.0
2025-07-09 04:00:00,7.54,12.05,3.66,6.01,0.17,16.56,21.86,97.29,0.8,182.68,3.0,0.0
2025-07-09 05:00:00,5.98,9.17,5.25,6.17,0.2,18.0,21.5,97.26,0.32,157.11,3.05,0.0
2025-07-09 06:00:00,5.26,6.71,8.84,6.3,0.24,16.59,21.43,97.24,0.58,167.93,1.6,0.0
2025-07-09 07:00:00,5.64,8.12,10.08,6.1,0.34,15.04,21.65,97.26,0.5,200.76,1.5,0.0
2025-07-09 08:00:00,9.38,16.43,15.7,6.66,0.62,8.4,21.9,97.28,0.47,149.82,1.4,0.0
2025-07-09 09:00:00,12.44,15.12,16.16,6.34,0.61,7.95,22.12,97.28,0.46,184.63,1.25,0.0
2025-07-09 10:00:00,11.57,19.11,18.44,6.6,0.79,5.74,22.43,97.27,0.41,123.69,1.1,0.0
2025-07-09 11:00:00,14.96,22.4,15.36,6.36,0.71,6.68,22.56,97.26,0.62,227.38,0.5,0.0
2025-07-09 12:00:00,18.24,22.66,16.36,6.45,0.56,8.07,23.05,97.26,0.43,203.85,0.4,66.95
2025-07-09 13:00:00,17.44,28.49,14.38,6.66,0.48,9.42,23.78,97.24,0.55,308.74,0.05,83.05
2025-07-09 14:00:00,17.7,31.76,12.54,6.4,0.52,8.72,24.03,97.26,0.36,292.71,0.0,8.95
2025-07-09 15:00:00,19.32,31.39,10.17,6.2,0.76,5.62,23.81,97.28,0.71,173.0,0.0,0.0
2025-07-09 16:00:00,17.66,27.72,8.63,6.11,0.53,5.74,24.11,97.27,0.27,95.47,0.05,0.0
2025-07-09 17:00:00,14.43,27.02,7.22,6.03,0.34,6.58,24.19,97.24,0.88,321.75,0.0,0.0
2025-07-09 18:00:00,17.04,33.48,9.01,6.14,0.5,6.38,24.06,97.22,0.88,320.46,0.0,0.0
2025-07-09 19:00:00,16.51,39.79,15.04,6.23,1.12,3.74,23.96,97.23,0.49,252.98,0.0,0.0
2025-07-09 20:00:00,20.14,48.88,15.53,6.46,0.93,3.02,23.87,97.23,0.55,130.21,0.0,0.0
2025-07-09 21:00:00,23.53,49.83,15.08,6.83,0.92,2.74,23.9,97.22,0.52,202.55,0.0,0.0
2025-07-09 22:00:00,22.62,46.77,9.02,6.12,0.45,3.56,23.9,97.21,0.34,130.12,0.0,0.0
2025-07-09 23:00:00,17.19,47.04,7.29,6.16,0.48,3.32,23.73,97.21,0.53,210.69,0.0,0.0
2025-07-10 00:00:00,15.98,39.11,6.56,6.15,0.33,3.0,23.62,97.2,0.65,241.58,0.0,0.0
2025-07-10 01:00:00,12.04,43.25,4.35,5.86,0.23,3.32,23.51,97.22,0.5,198.53,0.0,0.0
2025-07-10 02:00:00,11.81,43.13,2.64,5.98,0.18,4.07,23.64,97.23,0.4,321.0,0.0,0.0
2025-07-10 03:00:00,13.06,38.36,5.28,5.79,0.2,3.99,23.66,97.22,0.56,190.52,0.0,0.0
2025-07-10 04:00:00,14.52,40.15,6.56,5.94,0.28,2.94,23.58,97.22,0.67,212.77,0.0,0.0
2025-07-10 05:00:00,15.72,45.18,6.02,5.85,0.22,4.54,23.48,97.21,0.7,205.3,0.0,0.0
2025-07-10 06:00:00,12.31,35.2,8.52,6.02,0.31,6.55,23.74,96.94,0.51,250.23,0.0,0.0
2025-07-10 07:00:00,13.1,34.08,7.94,5.88,0.37,8.71,24.72,94.37,0.77,305.58,0.0,6.85
2025-07-10 08:00:00,18.16,37.08,6.05,5.91,0.35,15.98,25.24,89.14,0.76,322.77,0.0,69.47
2025-07-10 09:00:00,13.37,32.13,6.51,6.17,0.32,22.68,26.16,83.31,0.88,323.31,0.0,157.85
2025-07-10 10:00:00,11.37,28.89,7.24,6.06,0.3,21.1,26.96,80.8,0.92,324.22,0.0,119.9
2025-07-10 11:00:00,14.4,32.54,7.24,5.94,0.38,17.97,27.46,80.54,0.88,323.9,0.0,85.02
2025-07-10 12:00:00,17.22,34.74,9.81,6.14,0.36,17.5,28.44,78.03,0.71,321.41,0.0,129.48
2025-07-10 13:00:00,21.58,41.8,5.84,5.98,0.27,19.29,28.87,76.1,0.88,324.31,0.0,113.4
2025-07-10 14:00:00,17.16,48.63,4.97,6.18,0.29,21.25,29.06,74.73,1.03,319.31,0.0,52.08
2025-07-10 15:00:00,21.58,48.96,7.98,6.2,0.3,23.81,28.99,74.6,0.8,315.39,0.0,56.05
2025-07-10 16:00:00,25.28,57.3,7.5,6.28,0.27,24.05,29.36,72.44,0.76,320.15,0.0,45.6
2025-07-10 17:00:00,26.98,60.7,8.26,6.4,0.33,20.21,28.74,74.26,0.67,316.91,0.0,8.3
2025-07-10 18:00:00,28.33,58.77,10.88,6.3,0.43,14.88,27.56,79.01,0.76,257.18,0.0,0.0
2025-07-10 19:00:00,26.61,62.46,18.25,6.85,0.68,7.6,26.52,84.44,0.67,320.41,0.0,0.0
2025-07-10 20:00:00,34.26,77.17,18.99,6.93,0.73,5.76,25.9,88.44,0.67,253.82,0.0,0.0
2025-07-10 21:00:00,33.17,76.17,14.6,6.71,0.44,5.17,25.28,91.13,0.74,258.09,0.0,0.0
2025-07-10 22:00:00,31.19,78.54,15.66,6.79,0.64,4.3,25.0,93.11,0.48,272.83,0.0,0.0
2025-07-10 23:00:00,32.33,79.74,10.39,6.96,0.44,4.82,24.61,95.37,0.72,42.64,0.0,0.0
2025-07-11 00:00:00,31.37,79.84,11.29,7.2,0.38,4.78,24.58,95.88,0.77,184.04,0.0,0.0
2025-07-11 01:00:00,34.2,79.44,7.1,6.27,0.2,5.5,24.45,95.66,0.65,117.01,0.0,0.0
2025-07-11 02:00:00,33.85,77.99,6.93,6.32,0.22,5.38,24.44,95.62,0.77,168.87,0.0,0.0
2025-07-11 03:00:00,26.51,72.78,5.65,6.26,0.24,5.77,24.48,94.92,0.79,173.78,0.0,0.0
2025-07-11 04:00:00,26.53,66.72,7.77,6.36,0.25,5.72,24.39,95.07,0.88,187.95,0.0,0.0
2025-07-11 05:00:00,20.99,64.8,2.98,6.31,0.16,6.86,24.32,94.74,0.99,319.92,0.0,0.0
2025-07-11 06:00:00,22.77,65.34,6.68,6.34,0.33,6.8,24.71,90.6,0.38,130.37,0.0,0.0
2025-07-11 07:00:00,23.75,62.32,10.48,6.32,0.4,6.24,25.69,86.46,0.69,267.96,0.0,25.82
2025-07-11 08:00:00,22.23,67.18,7.01,6.68,0.33,12.04,27.0,80.59,0.8,326.71,0.0,101.22
2025-07-11 09:00:00,20.41,64.25,6.58,6.65,0.34,15.93,28.31,76.59,0.78,315.73,0.0,131.25
2025-07-11 10:00:00,20.68,66.39,3.47,6.87,0.19,18.12,29.22,72.8,1.22,336.98,0.0,123.88
2025-07-11 11:00:00,23.61,62.9,1.04,6.75,0.17,21.03,30.2,69.28,1.21,321.91,0.0,118.88
2025-07-11 12:00:00,26.78,50.53,1.73,6.62,0.19,20.69,30.67,69.15,1.05,332.71,0.0,135.9
2025-07-11 13:00:00,24.01,57.91,4.14,6.58,0.25,20.23,30.84,69.47,0.92,330.55,0.0,133.65
2025-07-11 14:00:00,25.62,54.54,6.95,6.58,0.25,20.62,31.1,68.45,0.93,334.47,0.0,95.6
2025-07-11 15:00:00,23.32,55.56,5.28,6.49,0.24,19.95,30.66,69.07,0.88,323.27,0.0,89.52
2025-07-11 16:00:00,21.98,55.98,5.52,6.61,0.27,22.0,30.31,69.1,0.91,326.24,0.0,31.18
2025-07-11 17:00:00,24.48,53.11,6.07,6.62,0.27,18.7,29.75,70.92,1.14,255.31,0.0,0.0
2025-07-11 18:00:00,27.77,58.65,3.97,6.52,0.22,18.9,28.98,72.74,1.23,340.75,0.0,0.0
2025-07-11 19:00:00,20.85,60.3,7.52,6.47,0.32,14.32,27.36,78.55,1.22,298.96,0.0,0.0
2025-07-11 20:00:00,20.99,66.68,17.27,6.6,0.56,8.98,26.81,80.45,1.21,324.78,0.0,0.0
2025-07-11 21:00:00,27.33,68.82,17.86,6.84,0.5,6.0,26.48,82.7,1.17,331.14,0.0,0.0
2025-07-11 22:00:00,22.59,69.56,17.75,6.62,0.5,6.94,26.63,82.35,0.72,7.24,0.0,0.0
2025-07-11 23:00:00,29.68,74.0,16.52,6.71,0.5,5.2,26.35,84.8,0.78,181.7,0.0,0.0
2025-07-12 00:00:00,29.31,72.96,18.73,6.71,0.27,21.95,26.32,84.51,0.75,137.92,0.0,0.0
2025-07-12 01:00:00,29.93,74.54,8.67,2.18,0.23,2.58,26.15,84.57,0.79,227.01,0.0,0.0
2025-07-12 02:00:00,33.64,79.39,15.8,4.3,0.38,0.18,26.2,83.84,0.52,183.99,0.0,0.0
2025-07-12 03:00:00,34.74,85.28,4.79,4.5,0.33,1.92,26.12,84.37,0.48,178.93,0.0,0.0
2025-07-12 04:00:00,34.58,83.25,1.75,4.12,0.2,5.25,25.66,85.35,0.64,207.25,0.0,0.0
2025-07-12 05:00:00,31.7,74.87,4.35,3.72,0.18,7.54,25.52,85.32,0.49,168.62,0.0,0.0
2025-07-12 06:00:00,29.49,67.3,9.56,2.8,0.28,10.86,25.6,85.65,0.38,255.71,0.0,0.0
2025-07-12 07:00:00,33.55,62.33,14.15,5.69,0.39,3.39,26.0,84.82,0.79,317.4,0.0,2.1
2025-07-12 08:00:00,40.56,67.7,10.27,5.87,0.35,5.84,27.26,81.17,0.54,244.36,0.0,48.82
2025-07-12 09:00:00,39.82,68.99,6.19,5.69,0.35,9.84,28.01,76.5,0.73,320.99,0.0,51.82
2025-07-12 10:00:00,31.99,62.14,6.06,5.47,0.29,13.31,29.35,71.72,0.88,322.74,0.0,40.52
2025-07-12 11:00:00,29.08,60.86,7.19,5.12,0.32,14.47,30.6,68.52,0.85,322.45,0.0,23.62
2025-07-12 12:00:00,32.83,60.38,7.2,5.19,0.28,16.61,31.22,66.03,0.89,325.64,0.0,30.9
2025-07-12 13:00:00,26.81,70.59,5.8,5.15,0.28,17.06,31.57,65.29,0.61,332.97,0.0,20.28
2025-07-12 14:00:00,27.78,74.16,6.53,4.78,0.29,15.16,31.52,66.02,0.94,331.05,0.0,6.7
2025-07-12 15:00:00,30.4,69.19,6.22,4.7,0.32,15.8,31.63,65.1,0.84,332.5,0.0,14.12
2025-07-12 16:00:00,26.77,62.82,9.05,4.69,0.29,16.26,31.31,65.57,0.83,336.64,0.0,1.58
2025-07-12 17:00:00,23.55,58.23,9.24,4.89,0.34,12.81,30.74,66.81,0.62,338.34,0.0,0.0
2025-07-12 18:00:00,23.56,59.27,11.79,4.95,0.48,9.58,29.8,69.96,0.44,293.67,0.0,0.0
2025-07-12 19:00:00,24.3,61.26,19.77,5.41,0.73,3.85,28.94,72.38,0.67,97.1,0.0,0.0
2025-07-12 20:00:00,29.76,64.35,20.07,5.42,0.69,4.37,28.58,74.64,0.66,275.64,0.0,0.0
2025-07-12 21:00:00,33.03,66.61,19.92,5.81,0.68,4.48,28.04,77.31,0.58,267.28,0.0,0.0
2025-07-12 22:00:00,28.24,69.51,15.5,5.82,0.52,4.94,27.66,78.7,0.54,252.41,0.0,0.0
2025-07-12 23:00:00,33.4,68.75,9.62,5.75,0.38,6.77,27.33,79.43,0.73,174.39,0.0,0.0
2025-07-13 00:00:00,25.54,69.01,7.83,5.58,0.29,8.01,27.05,80.12,0.79,257.22,0.0,0.0
2025-07-13 01:00:00,25.54,66.86,8.26,5.62,0.31,6.21,26.74,81.61,0.48,118.78,0.0,0.0
2025-07-13 02:00:00,25.55,71.81,7.1,6.48,0.27,7.87,26.36,81.47,0.41,178.56,0.0,0.0
2025-07-13 03:00:00,25.63,70.66,6.52,6.36,0.21,7.82,25.89,82.86,0.52,103.06,0.0,0.0
2025-07-13 04:00:00,21.57,63.79,4.42,6.17,0.18,8.45,25.65,84.05,0.43,260.15,0.0,0.0
2025-07-13 05:00:00,24.06,63.72,5.03,6.02,0.2,7.61,25.64,84.8,0.26,291.71,0.0,0.0
2025-07-13 06:00:00,27.21,58.22,6.76,6.24,0.28,6.18,26.03,83.4,0.34,272.65,0.0,0.0
2025-07-13 07:00:00,26.73,62.1,6.32,6.39,0.27,8.45,27.02,79.91,0.56,331.86,0.0,3.3
2025-07-13 08:00:00,32.08,65.2,6.42,6.56,0.29,10.74,28.0,76.64,0.49,320.92,0.0,4.45
2025-07-13 09:00:00,29.63,62.19,6.04,5.91,0.27,14.54,29.59,71.9,0.52,317.94,0.0,22.65
2025-07-13 10:00:00,22.39,60.45,5.04,5.8,0.25,18.82,30.16,69.85,0.8,335.04,0.0,28.25
2025-07-13 11:00:00,19.65,55.45,5.22,5.6,0.24,18.1,29.99,70.98,0.9,337.36,0.0,46.98
2025-07-13 12:00:00,24.18,50.92,4.19,5.18,0.22,18.55,31.06,68.39,0.94,336.21,0.0,58.28
2025-07-13 13:00:00,21.84,51.36,4.11,5.0,0.22,18.91,31.5,67.12,0.89,336.64,0.0,21.12
2025-07-13 14:00:00,21.48,52.6,3.92,4.9,0.2,18.32,30.92,69.62,0.94,343.46,0.0,6.07
2025-07-13 15:00:00,19.2,44.32,4.11,5.14,0.23,15.08,29.37,78.06,1.0,344.38,0.0,11.5
2025-07-13 16:00:00,19.52,47.6,4.32,4.88,0.27,9.89,29.51,76.29,0.94,337.91,0.0,1.0
2025-07-13 17:00:00,21.76,41.93,8.54,5.16,0.39,12.54,30.06,70.71,0.48,125.78,0.0,0.0
2025-07-13 18:00:00,18.58,38.89,12.08,5.74,0.42,14.22,29.68,71.23,0.45,277.27,0.0,0.0
2025-07-13 19:00:00,18.67,47.99,13.37,7.05,0.49,11.92,28.66,73.86,0.91,341.18,0.0,0.0
2025-07-13 20:00:00,13.63,54.31,21.06,8.45,0.54,6.61,27.97,76.76,1.09,343.36,0.0,0.0
2025-07-13 21:00:00,10.57,56.72,14.7,8.26,0.41,10.3,27.72,77.15,0.94,247.52,0.0,0.0
2025-07-13 22:00:00,10.7,55.48,9.97,8.0,0.35,12.7,27.46,77.88,0.62,248.42,0.0,0.0
2025-07-13 23:00:00,11.53,53.81,10.16,7.81,0.35,10.5,27.31,78.74,0.66,180.71,0.0,0.0
2025-07-14 00:00:00,8.7,48.92,8.86,7.76,0.28,10.45,27.12,79.1,0.46,21.14,0.0,0.0
2025-07-14 01:00:00,6.2,45.35,5.04,7.3,0.18,11.76,26.86,79.57,0.31,104.54,0.0,0.0
2025-07-14 02:00:00,4.67,40.32,3.86,6.9,0.15,11.94,26.43,80.6,0.26,255.73,0.0,0.0
2025-07-14 03:00:00,4.18,34.83,3.4,6.59,0.17,10.2,26.06,82.18,0.43,240.79,0.0,0.0
2025-07-14 04:00:00,3.47,29.02,3.76,6.38,0.16,9.21,26.03,82.2,0.44,183.36,0.0,0.0
2025-07-14 05:00:00,2.87,25.55,4.16,6.4,0.18,7.5,25.64,84.01,0.52,277.2,0.0,0.0
2025-07-14 06:00:00,2.32,21.1,6.27,7.0,0.24,4.28,25.9,83.4,0.34,253.56,0.0,0.0
2025-07-14 07:00:00,1.92,27.06,10.15,12.13,0.35,3.27,26.64,79.42,0.14,159.49,0.0,5.75
2025-07-14 08:00:00,16.05,33.4,9.24,15.72,0.35,7.44,27.93,75.57,0.5,178.02,0.0,27.42
2025-07-14 09:00:00,18.39,34.48,7.69,10.86,0.36,19.3,29.32,70.91,0.32,94.59,0.0,29.0
2025-07-14 10:00:00,18.38,34.25,7.48,8.24,0.36,21.23,30.61,68.02,0.54,128.83,0.0,31.28
2025-07-14 11:00:00,15.24,25.99,7.12,4.47,0.31,21.54,31.74,64.9,0.42,208.42,0.0,19.23
2025-07-14 12:00:00,15.55,28.74,6.82,3.16,0.32,22.76,32.5,61.92,0.32,241.47,0.0,19.85
2025-07-14 13:00:00,16.0,32.14,5.82,3.43,0.31,21.46,31.78,64.59,0.52,236.02,0.0,33.72
2025-07-14 14:00:00,20.02,32.21,5.14,5.55,0.29,19.36,30.88,69.3,0.8,195.08,0.0,37.02
2025-07-14 15:00:00,20.37,34.79,3.92,2.89,0.26,19.79,31.9,63.45,0.84,344.39,0.0,43.92
2025-07-14 16:00:00,21.14,33.02,6.52,2.59,0.3,20.47,32.47,60.34,0.68,335.91,0.0,20.52
2025-07-14 17:00:00,18.19,31.44,7.86,5.4,0.37,18.95,31.54,61.74,0.77,345.24,0.0,0.7
2025-07-14 18:00:00,15.15,28.26,13.1,4.41,0.45,18.58,30.78,64.92,0.8,181.59,0.0,0.0
2025-07-14 19:00:00,16.93,30.91,16.71,3.62,0.6,12.74,30.02,67.68,0.76,260.76,0.0,0.0
2025-07-14 20:00:00,16.88,35.09,19.15,6.56,0.68,10.19,29.25,71.03,1.11,258.85,0.0,0.0
2025-07-14 21:00:00,18.78,44.26,6.38,6.02,0.24,17.24,27.6,79.04,1.27,334.76,0.0,0.0
2025-07-14 22:00:00,22.58,42.2,7.06,5.13,0.29,15.18,26.94,81.4,1.02,347.66,0.0,0.0
2025-07-14 23:00:00,19.54,35.76,9.09,5.14,0.29,14.43,27.02,80.78,1.04,93.86,0.0,0.0
2025-07-15 00:00:00,14.9,35.58,14.3,5.67,0.31,11.73,27.28,80.48,0.72,266.32,0.0,0.0
2025-07-15 01:00:00,15.03,35.24,9.82,5.6,0.26,13.71,27.1,80.98,0.92,325.18,0.0,0.0
2025-07-15 02:00:00,18.21,33.75,12.24,5.28,0.27,12.78,26.58,81.98,1.01,186.17,0.0,0.0
2025-07-15 03:00:00,18.69,34.01,18.83,5.58,0.26,10.18,26.31,83.44,1.18,336.24,0.0,0.0
2025-07-15 04:00:00,22.04,32.55,12.12,5.41,0.19,11.48,26.11,83.49,0.99,243.05,0.0,0.0
2025-07-15 05:00:00,19.81,30.13,9.37,5.03,0.22,12.32,25.88,83.64,0.62,268.35,0.0,0.0
2025-07-15 06:00:00,15.91,23.83,7.4,5.26,0.37,11.7,26.22,82.55,0.74,256.43,0.0,0.0
2025-07-15 07:00:00,16.7,24.45,7.46,5.2,0.43,12.78,26.67,81.93,0.66,262.62,0.0,0.82
2025-07-15 08:00:00,15.77,27.14,7.04,5.45,0.38,14.75,28.4,76.44,0.51,251.2,0.0,39.02
2025-07-15 09:00:00,14.34,31.49,4.47,5.34,0.29,17.52,29.69,73.27,1.02,258.94,0.0,65.0
2025-07-15 10:00:00,13.46,27.72,7.9,5.03,0.36,19.76,30.43,70.88,0.7,251.5,0.0,63.25
2025-07-15 11:00:00,12.24,27.06,7.42,5.17,0.38,21.43,32.24,64.34,0.44,266.04,0.0,89.2
2025-07-15 12:00:00,14.72,28.52,5.68,5.12,0.26,24.5,32.6,63.91,0.94,338.67,0.0,74.05
2025-07-15 13:00:00,15.8,24.36,3.79,3.26,0.24,26.06,33.32,63.25,1.29,344.91,0.0,84.0
2025-07-15 14:00:00,14.88,24.1,7.11,4.71,0.45,21.44,27.96,82.57,1.42,192.82,0.35,14.1
2025-07-15 15:00:00,22.11,32.06,17.33,5.09,0.98,11.11,27.85,92.53,0.57,214.59,0.05,37.4
2025-07-15 16:00:00,24.4,34.86,11.49,4.78,0.67,13.55,29.34,85.35,1.26,331.7,0.0,30.18
2025-07-15 17:00:00,20.55,38.55,5.65,4.56,0.3,18.02,28.29,81.32,1.26,340.18,0.0,0.0
2025-07-15 18:00:00,18.44,40.29,17.6,4.7,1.08,9.01,27.76,83.25,0.97,230.99,0.0,0.0
2025-07-15 19:00:00,17.16,34.74,24.28,4.89,1.32,5.68,27.35,85.37,1.04,307.87,0.0,0.0
2025-07-15 20:00:00,21.04,46.74,24.78,4.87,1.33,3.78,27.14,87.39,1.25,309.15,0.0,0.0
2025-07-15 21:00:00,29.35,56.5,19.91,3.12,0.97,4.51,27.32,87.32,1.13,313.62,0.0,0.0
2025-07-15 22:00:00,31.85,62.88,14.9,3.16,1.75,3.61,27.29,88.39,0.84,231.99,0.0,0.0
2025-07-15 23:00:00,29.3,65.62,16.93,3.97,0.68,3.1,27.02,89.44,0.67,150.89,0.0,0.0
2025-07-16 00:00:00,28.51,63.02,10.09,4.14,0.3,4.75,26.3,92.57,0.88,223.95,0.0,0.0
2025-07-16 01:00:00,27.65,49.34,9.28,4.22,0.26,4.61,26.15,94.01,0.48,123.04,0.0,0.0
2025-07-16 02:00:00,21.89,41.14,10.57,4.11,0.31,7.32,26.23,94.58,0.62,175.07,0.0,0.0
2025-07-16 03:00:00,19.02,39.21,10.6,4.15,0.19,8.82,26.46,88.88,0.68,260.74,0.0,0.0
2025-07-16 04:00:00,16.12,35.04,5.67,3.91,0.12,10.42,26.14,89.07,0.87,310.68,0.0,0.0
2025-07-16 05:00:00,13.51,33.32,7.16,3.71,0.16,9.12,25.78,89.02,0.83,192.0,0.0,0.0
2025-07-16 06:00:00,11.12,31.54,7.28,3.89,0.22,8.28,25.76,88.18,0.8,16.14,0.0,0.0
2025-07-16 07:00:00,12.87,27.14,6.82,1.39,0.24,9.4,26.2,88.01,0.94,261.53,0.0,0.72
2025-07-16 08:00:00,14.93,26.01,8.59,4.66,0.38,8.51,27.3,85.49,0.84,341.95,0.0,40.05
2025-07-16 09:00:00,12.99,29.23,7.5,5.46,0.31,9.96,28.6,80.85,0.7,259.37,0.0,48.6
2025-07-16 10:00:00,13.71,32.97,7.18,5.52,0.27,13.52,29.52,76.94,0.94,334.99,0.0,65.28
2025-07-16 11:00:00,17.87,35.01,3.23,5.36,0.17,15.65,29.67,76.66,1.09,254.85,0.0,66.95
2025-07-16 12:00:00,16.08,34.78,2.32,5.33,0.15,17.54,30.49,73.44,1.3,344.24,0.0,70.97
2025-07-16 13:00:00,16.95,33.76,3.08,5.42,0.18,17.24,29.96,73.66,1.39,337.45,0.0,80.82
2025-07-16 14:00:00,20.64,35.13,3.26,5.25,0.16,17.44,30.11,73.95,1.18,335.28,0.0,82.48
2025-07-16 15:00:00,22.83,39.62,4.96,5.48,0.24,18.38,30.34,73.77,1.01,282.67,0.0,79.08
2025-07-16 16:00:00,23.93,46.46,14.86,5.56,0.58,12.81,28.7,80.9,0.97,154.87,0.0,17.5
2025-07-16 17:00:00,21.59,46.62,12.27,5.36,0.48,11.99,28.62,79.47,0.28,90.83,0.0,0.0
2025-07-16 18:00:00,27.67,46.98,15.46,5.28,0.7,10.8,28.24,80.89,1.13,92.59,0.0,0.0
2025-07-16 19:00:00,25.9,50.18,18.98,5.54,0.95,7.18,27.38,85.35,0.94,191.97,0.0,0.0
2025-07-16 20:00:00,29.38,56.45,22.53,5.56,1.11,5.14,27.62,84.32,1.36,172.52,0.0,0.0
2025-07-16 21:00:00,31.43,66.99,18.61,5.48,0.7,5.36,27.02,88.34,1.03,163.96,0.0,0.0
2025-07-16 22:00:00,38.19,74.86,14.7,5.12,0.46,5.98,26.88,88.54,0.6,141.31,0.0,0.0
2025-07-16 23:00:00,39.39,75.26,13.32,5.25,0.46,5.45,26.54,91.82,0.8,79.29,0.0,0.0
2025-07-17 00:00:00,30.82,67.64,9.79,4.94,0.37,4.58,26.02,95.87,0.9,188.69,0.0,0.0
2025-07-17 01:00:00,30.2,59.55,7.46,4.9,0.33,4.12,25.71,97.18,0.83,186.17,0.0,0.0
2025-07-17 02:00:00,31.78,51.52,6.2,4.78,0.31,3.82,25.6,97.19,0.86,175.94,0.0,0.0
2025-07-17 03:00:00,28.28,57.25,10.71,4.78,0.33,3.09,25.46,97.2,0.78,150.27,0.0,0.0
2025-07-17 04:00:00,27.93,60.87,7.45,4.88,0.36,3.06,25.33,97.2,1.14,217.07,0.0,0.0
2025-07-17 05:00:00,27.39,55.63,6.33,5.02,0.67,2.82,25.46,97.21,0.87,80.66,0.0,0.0
2025-07-17 06:00:00,27.51,56.17,5.78,4.86,0.59,3.11,25.81,97.08,1.01,136.73,0.0,0.0
2025-07-17 07:00:00,26.7,55.92,7.34,4.69,0.55,3.85,26.85,92.68,0.8,204.64,0.0,31.5
2025-07-17 08:00:00,25.94,51.64,7.62,4.6,0.5,8.34,28.63,83.63,0.67,321.12,0.0,74.52
2025-07-17 09:00:00,21.27,58.09,6.6,4.62,0.38,15.61,30.45,75.38,0.64,330.69,0.0,88.1
2025-07-17 10:00:00,15.67,55.88,7.3,4.67,0.43,18.76,30.86,74.6,1.01,253.59,0.0,82.42
2025-07-17 11:00:00,31.2,58.97,10.63,4.46,0.5,15.41,28.2,85.09,0.96,219.06,3.25,17.35
2025-07-17 12:00:00,32.63,58.6,6.51,4.32,0.33,15.32,25.04,97.21,0.73,180.86,1.15,14.25
2025-07-17 13:00:00,25.2,49.69,4.67,4.48,0.25,14.37,24.63,97.23,0.9,241.81,0.0,3.4
2025-07-17 14:00:00,19.36,38.43,13.89,4.52,0.88,7.56,24.99,97.23,1.11,220.58,0.0,0.0
2025-07-17 15:00:00,22.92,35.51,11.1,4.5,0.48,7.91,25.64,97.24,0.94,178.37,0.1,0.0
2025-07-17 16:00:00,23.03,36.24,18.94,4.46,0.98,6.32,26.03,97.22,0.91,153.75,0.0,0.0
2025-07-17 17:00:00,24.66,44.51,21.32,4.5,1.01,5.35,26.24,97.15,0.96,172.12,0.0,0.0
2025-07-17 18:00:00,31.87,54.15,19.04,4.74,1.1,4.97,26.12,96.22,1.27,162.73,0.0,0.0
2025-07-17 19:00:00,37.4,64.22,15.83,4.28,0.78,5.01,25.41,97.13,1.2,257.39,0.0,0.0
2025-07-17 20:00:00,35.97,60.15,14.2,4.7,1.56,3.78,25.44,97.19,0.96,213.95,0.0,0.0
2025-07-17 21:00:00,37.42,56.27,15.53,4.48,1.08,3.73,25.28,97.2,0.95,56.72,0.0,0.0
2025-07-17 22:00:00,35.72,52.73,12.62,4.31,1.07,2.49,25.18,97.01,1.09,206.15,0.0,0.0
2025-07-17 23:00:00,33.18,57.17,10.56,4.31,0.99,3.69,25.24,96.88,0.81,81.59,0.0,0.0
2025-07-18 00:00:00,33.83,56.88,8.44,3.89,0.53,4.14,25.04,96.86,0.84,197.06,0.0,0.0
2025-07-18 01:00:00,29.13,48.34,7.35,3.97,0.38,3.49,24.93,96.87,0.91,263.54,0.0,0.0
2025-07-18 02:00:00,22.02,42.38,7.78,3.8,0.21,3.56,25.16,96.88,1.34,157.83,0.0,0.0
2025-07-18 03:00:00,25.14,43.1,6.66,3.9,0.19,3.47,25.14,97.16,0.65,204.84,0.0,0.0
2025-07-18 04:00:00,23.96,41.88,10.77,3.91,0.17,3.93,25.05,97.19,0.84,168.2,0.0,0.0
2025-07-18 05:00:00,20.87,38.5,24.71,3.8,0.26,3.14,24.85,97.21,0.71,246.67,0.0,0.0
2025-07-18 06:00:00,17.26,33.44,10.74,3.68,0.3,3.22,25.14,97.22,0.98,211.97,0.0,0.0
2025-07-18 07:00:00,18.4,37.2,9.04,3.86,0.35,3.77,25.97,97.05,0.81,140.48,0.0,25.92
2025-07-18 08:00:00,24.55,45.97,8.7,4.07,0.5,7.4,27.68,89.99,0.88,110.95,0.0,66.05
2025-07-18 09:00:00,31.02,61.48,8.06,4.04,0.37,16.56,29.25,81.19,1.11,181.71,0.0,82.5
2025-07-18 10:00:00,34.33,74.29,6.67,4.2,0.35,21.03,29.84,78.2,1.12,251.21,0.0,83.68
2025-07-18 11:00:00,32.83,82.34,9.02,3.95,0.4,15.92,26.58,88.29,0.68,266.45,0.85,14.85
2025-07-18 12:00:00,39.87,89.64,17.03,4.3,0.81,8.37,26.53,97.13,0.96,337.77,0.0,45.08
2025-07-18 13:00:00,41.28,90.31,12.9,4.66,0.76,8.68,26.39,95.01,0.81,114.26,0.0,0.0
2025-07-18 14:00:00,44.07,81.99,8.89,3.96,0.41,7.51,26.27,95.89,0.93,123.2,0.05,14.02
2025-07-18 15:00:00,44.64,79.41,17.01,4.11,0.86,8.16,26.89,90.91,1.15,160.49,0.0,21.78
2025-07-18 16:00:00,42.44,82.82,14.7,3.84,0.66,8.88,26.99,88.49,0.99,184.88,0.0,4.85
2025-07-18 17:00:00,44.72,81.66,13.08,3.7,0.6,8.45,26.64,91.59,0.83,211.96,0.0,0.0
2025-07-18 18:00:00,44.66,80.65,31.76,4.07,1.97,4.13,26.38,93.14,1.02,169.86,0.0,0.0
2025-07-18 19:00:00,42.79,84.08,28.3,4.57,1.68,3.72,25.64,96.85,0.91,215.73,0.0,0.0
2025-07-18 20:00:00,45.4,86.4,21.34,4.18,1.59,4.05,25.4,97.19,1.22,333.14,0.0,0.0
2025-07-18 21:00:00,50.0,86.82,21.0,4.3,1.94,3.69,25.41,97.19,1.06,241.81,0.0,0.0
2025-07-18 22:00:00,52.19,95.04,11.63,4.36,2.55,2.84,25.35,97.21,0.92,283.81,0.0,0.0
2025-07-18 23:00:00,65.4,112.13,8.9,4.27,2.05,3.36,25.32,97.2,0.65,196.41,0.0,0.0
2025-07-19 00:00:00,63.06,114.92,7.98,4.09,1.37,3.34,25.11,97.2,0.73,253.61,0.0,0.0
2025-07-19 01:00:00,51.31,103.44,10.01,3.83,0.83,3.22,24.82,97.2,1.16,280.6,0.0,0.0
2025-07-19 02:00:00,49.42,96.85,11.54,3.81,0.7,2.72,24.89,97.2,1.06,316.51,0.0,0.0
2025-07-19 03:00:00,47.29,92.41,13.24,4.36,0.95,2.64,24.84,97.2,1.1,337.14,0.0,0.0
2025-07-19 04:00:00,37.24,94.28,13.16,4.14,0.83,2.72,24.76,97.21,1.19,260.79,0.0,0.0
2025-07-19 05:00:00,26.38,90.36,9.27,3.73,0.46,2.56,24.43,97.21,1.09,319.12,0.0,0.0
2025-07-19 06:00:00,18.68,82.5,9.86,3.69,0.46,2.47,24.52,97.2,1.13,341.89,0.0,0.0
2025-07-19 07:00:00,15.43,79.99,13.21,3.66,0.48,3.1,25.28,97.2,1.03,253.84,0.0,31.45
2025-07-19 08:00:00,12.62,81.51,15.11,3.79,0.42,4.53,26.81,93.48,0.98,249.04,0.0,80.42
2025-07-19 09:00:00,12.23,89.68,12.2,3.5,0.3,11.0,28.99,81.43,0.79,261.98,0.0,90.18
2025-07-19 10:00:00,11.54,93.88,14.5,3.43,0.38,19.27,30.61,73.08,0.76,155.99,0.0,92.1
2025-07-19 11:00:00,8.93,95.93,13.88,3.4,0.19,23.05,31.54,68.1,0.94,198.92,0.05,97.12
2025-07-19 12:00:00,6.8,97.58,26.06,3.46,0.35,30.78,32.06,66.84,0.42,125.35,0.0,89.12
2025-07-19 13:00:00,5.21,103.8,30.87,3.6,0.3,39.1,32.66,65.03,0.36,236.03,0.0,74.05
2025-07-19 14:00:00,4.31,109.35,25.52,3.6,0.14,31.31,32.65,64.72,0.74,269.01,0.0,92.85
2025-07-19 15:00:00,10.57,104.98,20.71,3.38,0.2,25.6,31.6,67.4,0.78,287.76,0.0,39.4
2025-07-19 16:00:00,11.65,100.94,22.9,3.32,0.16,19.17,30.56,72.51,0.97,206.75,0.0,42.65
2025-07-19 17:00:00,8.48,92.7,20.68,3.38,0.2,16.98,30.74,70.96,0.76,96.18,0.0,1.27
2025-07-19 18:00:00,7.78,87.51,27.02,3.78,0.78,9.97,29.82,74.6,1.06,250.75,0.0,0.0
2025-07-19 19:00:00,6.42,96.44,42.4,4.47,2.62,3.16,28.53,79.45,1.06,201.64,0.0,0.0
2025-07-19 20:00:00,4.5,118.97,36.56,4.6,3.04,2.94,27.88,84.84,1.01,180.12,0.0,0.0
2025-07-19 21:00:00,7.09,132.64,32.08,3.81,1.1,3.29,27.41,87.38,1.02,321.65,0.0,0.0
2025-07-19 22:00:00,7.26,129.85,27.14,4.01,1.56,3.05,27.12,90.12,0.99,239.99,0.0,0.0
2025-07-19 23:00:00,5.35,134.82,26.55,3.92,0.84,2.69,26.7,92.98,1.24,310.26,0.0,0.0
2025-07-20 00:00:00,3.98,125.42,22.27,4.33,1.01,2.72,26.36,95.03,1.13,314.36,0.0,0.0
2025-07-20 01:00:00,2.99,116.75,24.51,4.31,0.73,2.18,26.11,93.16,0.95,329.61,0.0,0.0
2025-07-20 02:00:00,2.31,106.5,13.83,3.1,0.24,2.65,25.73,93.7,1.12,301.49,0.0,0.0
2025-07-20 03:00:00,3.56,96.01,6.53,2.86,0.13,3.38,26.01,90.42,1.18,323.02,0.0,0.0
2025-07-20 04:00:00,3.98,79.62,6.55,2.73,0.12,3.44,25.87,91.88,1.18,287.54,0.0,0.0
2025-07-20 05:00:00,3.43,67.38,6.29,2.65,0.16,3.23,25.64,92.63,1.09,293.62,0.0,0.0
2025-07-20 06:00:00,2.97,64.26,6.25,2.69,0.2,3.48,26.04,90.83,0.86,322.74,0.0,0.0
2025-07-20 07:00:00,2.6,61.83,5.56,2.76,0.18,6.28,26.85,82.82,0.82,330.18,0.0,5.68
2025-07-20 08:00:00,2.32,59.24,5.6,2.73,0.09,9.56,27.32,78.42,0.99,342.81,0.0,41.62
2025-07-20 09:00:00,4.26,58.45,6.44,2.69,0.12,9.78,28.01,77.02,1.24,334.22,0.0,59.2
2025-07-20 10:00:00,6.81,54.06,4.09,2.63,0.12,13.91,29.06,73.24,1.36,342.3,0.0,63.48
2025-07-20 11:00:00,6.72,54.76,1.95,2.54,0.08,17.01,30.25,69.24,1.09,258.21,0.0,83.68
2025-07-20 12:00:00,5.31,52.42,2.38,2.53,0.13,23.16,31.46,65.86,0.98,115.8,0.0,96.8
2025-07-20 13:00:00,3.93,51.1,10.66,2.68,0.23,23.92,31.51,66.59,0.88,65.39,0.0,96.1
2025-07-20 14:00:00,9.29,59.23,16.89,2.94,0.36,22.79,31.18,67.99,0.94,145.99,0.0,71.73
2025-07-20 15:00:00,35.35,72.42,10.66,3.41,0.35,24.65,30.03,73.12,0.69,170.73,0.0,43.0
2025-07-20 16:00:00,37.79,77.65,13.55,3.24,0.39,23.88,30.53,69.51,1.25,164.06,0.0,53.22
2025-07-20 17:00:00,32.11,83.96,13.44,3.3,0.36,19.82,30.19,71.32,1.01,208.28,0.0,2.55
2025-07-20 18:00:00,20.03,71.32,14.57,3.25,0.54,14.7,29.04,76.13,0.96,238.98,0.0,0.0
2025-07-20 19:00:00,26.94,48.89,25.71,3.32,0.9,9.06,28.51,79.18,0.71,197.71,0.0,0.0
2025-07-20 20:00:00,38.76,73.96,34.6,3.11,1.24,6.41,27.79,82.39,0.97,145.46,0.0,0.0
2025-07-20 21:00:00,44.56,88.32,26.04,3.26,0.99,6.62,27.97,82.3,0.9,171.51,0.0,0.0
2025-07-20 22:00:00,49.19,93.88,17.1,3.03,0.6,10.61,27.98,82.0,1.34,162.3,0.0,0.0
2025-07-20 23:00:00,48.14,91.11,13.46,2.86,0.41,11.88,27.61,83.46,1.1,187.29,0.0,0.0
2025-07-21 00:00:00,45.28,78.92,6.76,2.58,0.26,11.88,27.04,87.18,0.88,267.15,0.0,0.0
2025-07-21 01:00:00,47.19,76.0,4.5,2.85,0.25,12.8,26.78,88.94,1.18,339.46,0.0,0.0
2025-07-21 02:00:00,43.39,69.12,10.17,2.84,0.19,11.42,25.76,89.56,1.17,183.69,3.9,0.0
2025-07-21 03:00:00,31.15,57.7,2.98,2.72,0.12,15.5,23.64,97.2,0.96,344.05,7.3,0.0
2025-07-21 04:00:00,23.78,39.58,1.89,2.76,0.14,15.02,23.54,97.22,1.22,330.34,0.15,0.0
2025-07-21 05:00:00,19.41,31.88,1.17,2.66,0.13,13.72,23.31,97.22,1.14,338.42,0.0,0.0
2025-07-21 06:00:00,16.22,28.03,1.97,2.59,0.16,10.98,23.56,97.21,1.12,337.66,0.0,0.0
2025-07-21 07:00:00,16.73,23.57,4.78,2.74,0.29,8.73,24.21,97.21,0.76,181.78,0.0,18.9
2025-07-21 08:00:00,17.75,20.06,9.38,2.98,0.44,11.96,25.47,97.21,1.11,255.3,0.0,67.72
2025-07-21 09:00:00,21.78,24.22,5.6,3.01,0.28,16.68,28.04,83.45,1.3,349.0,0.0,93.98
2025-07-21 10:00:00,21.07,24.13,3.33,3.1,0.18,17.23,29.3,74.25,1.27,350.04,0.05,85.02
2025-07-21 11:00:00,20.06,33.0,2.35,2.95,0.18,19.33,30.96,68.64,1.16,175.86,0.0,84.18
2025-07-21 12:00:00,17.66,41.09,2.3,2.9,0.15,21.56,32.33,64.38,1.39,261.22,0.0,92.18
2025-07-21 13:00:00,18.82,39.87,2.32,3.16,0.14,25.47,32.74,62.04,1.42,344.29,0.0,98.45
2025-07-21 14:00:00,20.29,36.26,3.15,3.16,0.13,24.29,32.92,61.41,1.26,338.6,0.0,91.42
2025-07-21 15:00:00,25.8,42.41,22.16,6.55,0.15,14.34,32.58,61.67,1.3,259.54,0.0,86.68
2025-07-21 16:00:00,24.41,47.99,22.65,7.13,0.26,15.92,31.85,66.27,0.86,120.15,0.0,46.12
2025-07-21 17:00:00,25.27,55.8,8.54,6.03,0.34,20.92,31.14,68.63,0.88,136.53,0.0,2.15
2025-07-21 18:00:00,22.83,59.46,24.69,4.69,0.91,13.79,30.44,70.34,0.66,173.12,0.0,0.0
2025-07-21 19:00:00,22.6,59.55,31.96,4.19,1.1,10.16,29.58,73.29,1.1,201.6,0.0,0.0
2025-07-21 20:00:00,26.66,60.28,10.64,3.89,0.38,17.92,27.03,85.46,1.31,261.02,0.05,0.0
2025-07-21 21:00:00,24.26,55.27,6.49,3.74,0.27,16.1,24.48,97.16,0.94,242.59,0.05,0.0
2025-07-21 22:00:00,18.51,46.15,11.46,3.99,0.4,12.24,24.18,97.1,1.2,330.4,0.0,0.0
2025-07-21 23:00:00,17.78,38.38,12.4,3.93,0.51,8.82,24.56,97.17,0.88,324.33,0.0,0.0
2025-07-22 00:00:00,23.16,42.36,7.95,3.57,0.31,8.87,24.85,97.11,1.01,314.23,0.0,0.0
2025-07-22 01:00:00,21.37,41.89,5.65,3.22,0.21,9.22,24.79,97.16,1.3,332.6,0.0,0.0
2025-07-22 02:00:00,16.64,34.98,4.28,3.47,0.2,9.31,24.69,97.16,1.18,332.44,0.0,0.0
2025-07-22 03:00:00,13.67,28.33,2.32,3.26,0.18,8.67,24.72,97.17,1.23,334.4,0.0,0.0
2025-07-22 04:00:00,12.38,25.3,1.94,3.05,0.17,7.04,24.73,97.17,1.38,331.74,0.0,0.0
2025-07-22 05:00:00,14.29,27.88,2.56,3.04,0.18,6.39,24.79,97.18,1.38,333.51,0.0,0.0
2025-07-22 06:00:00,16.33,26.86,7.0,2.92,0.45,4.49,25.41,97.17,0.76,128.67,0.0,0.0
2025-07-22 07:00:00,20.02,30.39,8.23,3.04,0.5,4.75,26.41,95.72,1.13,259.83,0.0,0.0
2025-07-22 08:00:00,23.86,38.27,15.41,3.62,0.9,4.13,27.23,92.03,1.07,201.83,0.0,13.95
2025-07-22 09:00:00,28.03,47.08,14.32,3.57,0.73,6.6,28.48,87.03,0.69,123.05,0.0,85.6
2025-07-22 10:00:00,31.29,51.19,8.63,3.26,0.37,17.13,30.8,77.26,1.0,262.72,0.0,84.6
2025-07-22 11:00:00,30.5,57.21,6.31,5.6,0.32,21.82,31.28,74.66,0.9,338.96,0.0,91.87
2025-07-22 12:00:00,27.32,56.76,8.76,8.07,0.39,20.41,31.2,76.77,0.77,268.73,0.0,82.6
2025-07-22 13:00:00,22.48,55.17,5.04,8.17,0.32,18.95,29.44,83.75,1.25,335.8,0.0,63.75
2025-07-22 14:00:00,24.74,53.0,8.48,8.12,0.36,19.02,29.03,84.4,0.94,341.73,0.0,60.32
2025-07-22 15:00:00,24.76,48.54,3.95,8.01,0.29,24.71,27.53,84.0,1.04,334.66,0.0,29.58
2025-07-22 16:00:00,17.33,37.75,2.0,7.66,0.23,26.99,25.36,89.9,1.5,341.27,0.0,1.2
2025-07-22 17:00:00,12.42,27.42,3.93,7.87,0.32,18.43,24.85,96.5,0.91,333.37,0.2,0.0
2025-07-22 18:00:00,10.05,22.67,8.43,6.62,0.52,13.17,24.76,97.14,1.12,330.24,0.05,0.0
2025-07-22 19:00:00,9.89,20.05,12.65,6.9,0.6,5.84,24.87,97.22,1.04,337.04,0.0,0.0
2025-07-22 20:00:00,11.82,15.45,16.53,8.26,0.62,4.59,24.96,97.24,0.78,262.12,0.0,0.0
2025-07-22 21:00:00,18.0,24.32,16.68,8.04,0.59,4.26,25.02,97.22,0.92,259.23,0.05,0.0
2025-07-22 22:00:00,18.49,28.58,12.74,8.04,0.64,4.04,25.12,97.22,0.81,200.64,0.0,0.0
2025-07-22 23:00:00,18.08,30.66,9.59,7.88,0.49,4.36,25.04,97.22,1.08,319.7,0.0,0.0
2025-07-23 00:00:00,13.05,30.56,7.99,7.91,0.34,4.2,25.06,97.22,0.67,132.26,0.0,0.0
2025-07-23 01:00:00,9.52,27.81,5.6,7.92,0.29,4.76,24.84,97.23,0.71,159.38,0.0,0.0
2025-07-23 02:00:00,8.52,30.83,4.16,7.86,0.28,5.09,24.67,97.22,1.04,101.24,0.0,0.0
2025-07-23 03:00:00,9.38,32.08,2.86,7.86,0.3,4.73,24.57,97.22,0.96,182.09,0.0,0.0
2025-07-23 04:00:00,11.51,31.7,5.23,8.07,0.48,3.78,24.45,97.22,1.08,302.42,0.0,0.0
2025-07-23 05:00:00,18.06,30.74,5.45,8.05,0.44,3.66,24.42,97.23,0.74,224.74,0.0,0.0
2025-07-23 06:00:00,22.0,35.06,5.72,7.66,0.35,3.95,25.06,97.22,0.8,249.44,0.0,0.0
2025-07-23 07:00:00,18.34,33.82,5.08,7.81,0.42,5.36,26.53,95.93,0.66,259.42,0.0,28.32
2025-07-23 08:00:00,18.84,28.75,4.32,7.99,0.36,9.54,28.19,87.08,0.81,346.0,0.0,86.8
2025-07-23 09:00:00,19.41,29.5,2.86,7.78,0.31,13.46,29.22,81.87,0.94,336.66,0.0,93.08
2025-07-23 10:00:00,19.92,31.22,4.62,7.76,0.3,16.11,30.17,78.56,1.04,347.48,0.0,97.7
2025-07-23 11:00:00,19.22,35.36,6.52,7.6,0.38,18.36,30.97,75.86,0.91,337.67,0.0,85.25
2025-07-23 12:00:00,20.62,39.48,6.35,7.72,0.34,19.47,30.6,77.79,1.04,333.25,0.0,61.0
2025-07-23 13:00:00,24.11,43.55,12.5,7.88,0.28,19.0,26.9,90.1,1.12,343.85,2.5,13.0
2025-07-23 14:00:00,22.42,38.54,16.08,7.84,0.35,16.59,24.8,97.23,0.6,336.76,0.35,0.82
2025-07-23 15:00:00,18.07,32.24,13.76,8.04,0.64,8.73,25.62,97.24,0.42,153.97,0.1,0.0
2025-07-23 16:00:00,20.74,33.02,9.97,7.9,0.5,7.34,25.57,97.24,0.84,341.84,0.0,0.0
2025-07-23 17:00:00,24.51,31.08,10.24,7.94,0.53,5.87,25.57,97.24,0.76,340.03,0.0,0.0
2025-07-23 18:00:00,23.5,35.28,10.63,8.0,0.62,5.04,25.61,97.23,0.49,181.04,0.0,0.0
2025-07-23 19:00:00,20.8,39.9,11.99,7.78,0.91,4.7,25.65,97.23,0.55,179.7,0.0,0.0
2025-07-23 20:00:00,21.4,41.3,10.54,7.56,0.72,5.09,25.48,97.21,0.36,175.21,0.05,0.0
2025-07-23 21:00:00,21.31,37.46,7.86,7.66,0.45,6.12,25.2,97.2,0.68,325.27,0.15,0.0
2025-07-23 22:00:00,17.59,34.99,7.42,7.52,0.34,5.52,25.14,97.22,0.76,346.55,0.15,0.0
2025-07-23 23:00:00,17.99,36.34,8.05,7.56,0.4,8.17,25.14,97.22,0.85,231.99,0.55,0.0
2025-07-24 00:00:00,16.17,34.83,8.04,7.6,0.29,7.03,25.01,97.22,0.27,194.81,0.15,0.0
2025-07-24 01:00:00,16.12,28.61,4.59,7.62,0.21,7.83,24.87,97.23,0.9,171.32,0.05,0.0
2025-07-24 02:00:00,18.91,24.43,2.25,7.2,0.2,7.9,24.64,97.23,0.39,106.06,0.05,0.0
2025-07-24 03:00:00,14.3,19.12,2.38,7.3,0.2,7.95,24.27,97.23,0.74,342.5,0.05,0.0
2025-07-24 04:00:00,10.86,19.18,2.8,7.27,0.22,7.75,24.14,97.23,0.74,241.06,0.05,0.0
2025-07-24 05:00:00,8.4,20.27,4.11,7.43,0.22,6.14,24.2,97.23,0.52,172.18,0.0,0.0
2025-07-24 06:00:00,10.57,22.78,9.01,7.28,0.29,4.74,24.22,97.23,0.69,256.19,0.0,0.0
2025-07-24 07:00:00,16.72,28.08,7.21,7.22,0.4,5.31,24.28,97.23,0.68,254.08,0.05,0.0
2025-07-24 08:00:00,16.24,28.92,5.66,7.34,0.53,5.42,24.43,97.23,0.44,341.4,0.0,0.0
2025-07-24 09:00:00,14.58,29.93,6.76,7.63,0.79,4.67,24.99,97.21,0.48,323.64,0.05,1.48
2025-07-24 10:00:00,19.61,28.59,6.62,7.49,0.64,5.6,25.84,95.72,0.77,327.24,0.0,0.6
2025-07-24 11:00:00,22.31,30.5,4.44,7.37,0.32,7.68,26.73,90.02,0.7,345.23,0.0,21.65
2025-07-24 12:00:00,18.25,34.27,5.35,7.37,0.35,8.86,27.58,84.38,0.64,342.42,0.0,40.15
2025-07-24 13:00:00,16.16,40.26,9.55,7.43,0.43,7.34,27.27,84.22,0.61,325.17,0.0,24.28
2025-07-24 14:00:00,20.62,46.94,10.57,7.35,0.39,6.36,26.81,85.29,0.65,319.57,0.0,0.0
2025-07-24 15:00:00,25.52,43.47,10.9,7.4,0.38,6.48,26.82,84.26,0.6,324.96,0.0,3.3
2025-07-24 16:00:00,23.84,40.1,9.16,7.33,0.36,7.23,26.41,85.47,0.84,329.04,0.0,0.0
2025-07-24 17:00:00,22.72,43.8,10.99,7.22,0.42,6.16,26.3,85.72,0.66,325.63,0.0,0.0
2025-07-24 18:00:00,23.7,44.92,13.37,7.26,0.55,4.53,26.04,87.85,0.81,159.41,0.0,0.0
2025-07-24 19:00:00,22.1,46.78,19.39,7.54,0.93,3.14,25.63,90.3,0.78,189.64,0.0,0.0
2025-07-24 20:00:00,30.05,55.02,17.64,7.96,1.4,2.86,25.2,96.86,0.62,173.43,0.0,0.0
2025-07-24 21:00:00,31.43,57.48,12.02,7.5,0.91,2.72,25.17,97.21,0.56,81.86,0.0,0.0
2025-07-24 22:00:00,24.97,52.99,7.24,7.1,0.44,2.08,25.12,96.13,0.38,260.22,0.0,0.0
2025-07-24 23:00:00,19.71,47.8,5.33,7.17,0.37,3.79,24.99,92.38,0.44,311.04,0.05,0.0
2025-07-25 00:00:00,21.21,41.97,3.76,7.03,0.26,4.56,24.72,88.62,0.47,330.92,0.0,0.0
2025-07-25 01:00:00,25.78,43.45,3.78,6.98,0.33,5.66,24.51,90.28,0.48,256.19,0.0,0.0
2025-07-25 02:00:00,27.71,44.49,3.17,6.85,0.22,6.45,24.43,91.07,0.53,155.71,0.0,0.0
2025-07-25 03:00:00,28.87,39.26,3.77,6.76,0.22,6.68,23.44,96.43,0.46,308.98,1.85,0.0
2025-07-25 04:00:00,24.08,37.22,4.2,6.89,0.26,6.5,23.04,97.24,0.18,165.03,1.15,0.0
2025-07-25 05:00:00,18.9,33.43,6.56,7.09,0.26,5.94,23.15,97.24,0.36,105.97,0.4,0.0
2025-07-25 06:00:00,18.11,35.6,5.13,6.95,0.3,5.76,23.24,97.12,0.27,186.89,0.2,0.0
2025-07-25 07:00:00,16.74,32.48,9.02,7.0,0.48,4.5,23.42,96.88,0.27,270.05,0.05,0.0
2025-07-25 08:00:00,17.23,32.66,9.44,7.5,0.59,3.93,23.81,96.88,0.29,148.25,0.0,7.0
2025-07-25 09:00:00,19.79,30.11,7.6,7.2,0.54,4.33,24.33,96.85,0.22,123.74,0.0,40.6
2025-07-25 10:00:00,17.9,27.86,9.97,7.43,0.61,5.29,25.85,92.23,0.42,250.93,0.0,63.28
2025-07-25 11:00:00,15.7,30.89,7.14,7.17,0.4,5.89,25.93,90.79,0.7,244.25,0.0,49.28
2025-07-25 12:00:00,16.31,26.52,7.12,7.03,0.36,6.12,26.18,90.86,0.67,349.59,0.0,25.45
2025-07-25 13:00:00,14.32,32.05,4.88,6.99,0.38,6.07,25.32,95.74,0.48,258.05,0.05,37.38
2025-07-25 14:00:00,16.97,37.01,6.05,7.17,0.42,5.69,25.32,97.17,0.49,176.06,0.05,71.27
2025-07-25 15:00:00,22.98,36.9,6.67,7.39,0.55,5.1,26.1,95.79,0.42,274.35,0.0,54.47
2025-07-25 16:00:00,20.3,36.43,6.38,7.37,0.6,5.3,26.45,92.32,0.7,98.55,0.0,4.45
2025-07-25 17:00:00,20.88,31.95,7.96,7.23,0.61,4.73,26.37,91.93,0.67,340.82,0.0,0.0
2025-07-25 18:00:00,18.41,34.79,8.88,6.96,0.68,5.16,25.99,94.28,0.49,348.73,0.0,0.0
2025-07-25 19:00:00,22.56,34.09,9.19,7.11,0.82,2.43,25.81,95.76,0.46,126.98,0.0,0.0
2025-07-25 20:00:00,23.39,33.97,7.92,6.88,0.8,4.28,25.83,95.53,0.44,161.21,0.0,0.0
2025-07-25 21:00:00,18.89,34.94,7.9,6.84,0.57,2.75,25.82,94.76,0.36,151.39,0.0,0.0
2025-07-25 22:00:00,15.48,33.03,5.84,6.76,0.4,4.26,25.62,95.16,0.31,213.28,0.0,0.0
2025-07-25 23:00:00,16.76,32.78,5.41,6.76,0.4,4.3,25.21,96.81,0.43,111.88,0.05,0.0
2025-07-26 00:00:00,15.96,31.47,2.62,6.75,0.22,4.88,24.97,97.2,0.35,139.0,0.0,0.0
2025-07-26 01:00:00,14.87,29.55,3.99,6.86,0.21,5.55,24.96,97.17,0.15,160.86,0.05,0.0
2025-07-26 02:00:00,17.73,31.47,3.94,6.83,0.26,7.03,24.79,96.22,0.28,253.33,0.0,0.0
2025-07-26 03:00:00,17.37,29.39,3.53,6.88,0.32,7.74,24.8,95.02,0.24,304.05,0.0,0.0
2025-07-26 04:00:00,17.87,30.56,4.5,6.97,0.28,6.85,24.67,95.26,0.19,310.56,0.0,0.0
2025-07-26 05:00:00,19.29,31.88,4.14,6.93,0.25,7.26,24.18,96.83,0.34,126.28,0.1,0.0
2025-07-26 06:00:00,19.53,26.83,7.35,7.04,0.36,5.31,23.82,97.19,0.42,143.87,2.25,0.0
2025-07-26 07:00:00,21.67,27.08,12.09,7.07,0.58,4.11,23.77,97.2,0.29,109.55,0.9,0.0
2025-07-26 08:00:00,22.79,24.72,9.68,6.75,0.42,5.24,23.94,97.23,0.68,150.78,0.45,0.3
2025-07-26 09:00:00,18.72,23.87,7.36,6.88,0.48,4.0,24.39,97.26,0.21,118.09,0.1,1.88
2025-07-26 10:00:00,15.7,22.39,8.81,6.93,0.52,3.74,24.8,97.25,0.23,196.44,1.75,15.1
2025-07-26 11:00:00,16.74,21.92,11.4,7.16,0.6,5.54,24.42,97.24,0.28,73.56,2.45,2.65
2025-07-26 12:00:00,16.58,24.02,7.7,7.22,0.48,5.3,24.92,97.25,0.32,107.48,0.05,35.5
2025-07-26 13:00:00,19.04,27.72,6.31,6.86,0.52,5.59,25.21,97.22,0.43,267.82,0.05,20.05
2025-07-26 14:00:00,22.06,23.91,6.82,7.01,0.41,5.41,24.75,97.24,0.38,120.44,0.9,3.8
2025-07-26 15:00:00,17.45,19.26,8.67,6.84,0.6,5.93,24.86,97.23,0.68,170.04,0.05,1.1
2025-07-26 16:00:00,15.61,18.76,8.26,6.88,0.64,4.25,24.86,97.23,0.73,147.93,0.15,0.0
2025-07-26 17:00:00,11.71,18.27,7.48,6.82,0.7,4.74,24.81,97.24,1.11,164.37,0.05,0.0
2025-07-26 18:00:00,9.25,16.02,7.32,6.88,0.76,4.24,24.78,97.24,0.82,157.08,0.0,0.0
2025-07-26 19:00:00,10.04,16.86,8.71,6.75,0.76,4.2,24.78,97.25,0.94,135.14,0.0,0.0
2025-07-26 20:00:00,12.29,19.83,7.02,6.73,0.73,4.79,24.92,97.2,1.24,168.77,0.0,0.0
2025-07-26 21:00:00,9.7,22.12,4.97,6.7,0.49,5.71,24.9,96.67,1.18,168.36,0.0,0.0
2025-07-26 22:00:00,9.24,20.7,3.56,6.62,0.36,7.48,24.88,96.22,0.77,170.4,0.0,0.0
2025-07-26 23:00:00,9.03,19.71,2.77,6.62,0.3,7.25,24.85,95.15,1.0,165.36,0.0,0.0
2025-07-27 00:00:00,10.98,18.32,2.05,6.71,0.23,7.6,24.37,96.43,1.17,161.95,0.05,0.0
2025-07-27 01:00:00,14.14,16.97,2.08,6.49,0.2,7.35,24.19,96.48,0.76,177.56,0.05,0.0
2025-07-27 02:00:00,13.85,16.93,2.71,6.62,0.19,7.15,23.66,97.18,0.74,150.66,0.1,0.0
2025-07-27 03:00:00,10.4,12.4,4.05,6.84,0.17,7.98,23.41,97.2,0.21,141.73,0.05,0.0
2025-07-27 04:00:00,8.72,11.28,5.4,6.68,0.21,7.65,23.31,97.2,0.85,151.4,0.05,0.0
2025-07-27 05:00:00,10.25,13.57,6.69,6.78,0.22,6.39,23.38,97.2,1.3,175.96,0.0,0.0
2025-07-27 06:00:00,16.04,21.44,10.4,6.84,0.34,5.52,23.47,97.18,1.42,175.17,0.0,0.0
2025-07-27 07:00:00,21.87,25.49,7.89,6.9,0.43,5.32,23.71,96.83,1.48,181.45,0.0,0.0
2025-07-27 08:00:00,25.68,29.31,5.06,6.9,0.46,5.3,24.28,94.64,1.45,184.18,0.0,0.0
2025-07-27 09:00:00,18.52,26.15,4.97,6.96,0.54,5.2,24.69,92.75,1.06,177.46,0.0,0.0
2025-07-27 10:00:00,17.49,28.33,4.5,6.82,0.58,4.18,25.04,92.03,1.01,170.89,0.05,0.0
2025-07-27 11:00:00,21.81,35.97,3.98,6.92,0.49,6.06,25.7,90.76,0.48,171.94,0.0,0.0
2025-07-27 12:00:00,20.2,34.44,3.75,6.72,0.45,5.65,26.67,86.49,0.65,174.29,0.0,0.0
2025-07-27 13:00:00,18.15,35.91,3.76,6.78,0.4,7.41,26.63,88.06,0.72,167.95,0.0,0.0
2025-07-27 14:00:00,22.7,35.66,3.28,6.78,0.34,7.68,26.17,90.47,0.4,209.58,0.05,0.2
2025-07-27 15:00:00,27.31,32.88,3.45,6.64,0.4,6.8,25.75,94.92,0.6,241.02,0.0,0.45
2025-07-27 16:00:00,24.38,29.31,2.95,6.76,0.33,8.11,25.92,88.72,0.27,182.25,0.0,0.0
2025-07-27 17:00:00,17.76,22.35,4.81,6.8,0.5,7.73,25.82,88.17,0.59,146.04,0.0,0.0
2025-07-27 18:00:00,12.94,19.36,6.63,6.84,0.73,5.06,25.54,91.54,0.91,168.6,0.0,0.0
2025-07-27 19:00:00,11.54,26.4,6.92,6.89,1.02,4.43,25.38,93.94,1.2,180.91,0.0,0.0
2025-07-27 20:00:00,14.18,30.28,6.1,6.79,0.67,5.93,25.44,91.38,0.93,173.18,0.0,0.0
2025-07-27 21:00:00,15.17,25.82,6.39,6.98,0.62,6.48,25.1,90.46,0.91,174.56,0.0,0.0
2025-07-27 22:00:00,11.79,28.58,7.64,6.9,0.56,5.78,24.8,93.94,1.16,177.71,0.0,0.0
2025-07-27 23:00:00,11.24,26.61,5.1,6.76,0.42,6.14,24.79,93.76,0.96,170.4,0.0,0.0
2025-07-28 00:00:00,13.02,23.3,2.78,6.68,0.24,7.04,24.74,93.7,1.38,172.6,0.0,0.0
2025-07-28 01:00:00,9.99,24.32,1.96,6.58,0.19,7.68,24.33,96.24,1.21,165.68,0.1,0.0
2025-07-28 02:00:00,8.75,23.9,1.39,6.7,0.16,6.64,23.99,97.24,1.06,155.89,0.0,0.0
2025-07-28 03:00:00,9.55,20.87,0.72,6.58,0.15,6.96,24.0,97.22,0.96,149.2,0.0,0.0
2025-07-28 04:00:00,11.17,15.36,1.27,6.57,0.16,6.26,23.92,96.15,0.38,115.3,0.0,0.0
2025-07-28 05:00:00,8.44,14.14,3.56,6.76,0.2,6.26,24.02,91.8,0.85,165.74,0.0,0.0
2025-07-28 06:00:00,6.42,19.27,5.74,6.74,0.29,5.92,24.13,90.86,0.97,173.78,0.0,0.0
2025-07-28 07:00:00,7.36,25.26,7.58,6.94,0.47,4.64,24.37,91.06,0.77,159.62,0.0,0.0
2025-07-28 08:00:00,11.0,26.25,6.34,6.94,0.5,4.76,24.81,89.99,0.68,158.83,0.0,0.0
2025-07-28 09:00:00,12.37,26.85,6.12,7.01,0.56,5.2,25.6,87.11,0.56,163.11,0.0,0.0
2025-07-28 10:00:00,12.56,30.5,6.64,7.1,0.46,6.13,26.31,85.52,0.16,235.16,0.0,0.0
2025-07-28 11:00:00,10.59,28.69,7.13,6.83,0.4,6.76,26.34,85.45,0.26,184.4,0.0,0.0
2025-07-28 12:00:00,10.03,28.84,8.07,7.05,0.42,6.96,26.66,84.47,0.24,173.88,0.0,0.1
2025-07-28 13:00:00,9.68,28.9,7.65,7.14,0.48,6.54,27.19,82.32,0.61,149.1,0.0,0.0
2025-07-28 14:00:00,10.45,31.61,6.11,6.92,0.36,7.16,26.28,86.44,0.31,179.01,0.05,0.0
2025-07-28 15:00:00,9.42,28.77,5.49,7.09,0.36,8.14,25.22,90.99,0.34,148.04,0.0,0.0
2025-07-28 16:00:00,9.93,23.56,6.01,6.92,0.42,8.33,24.75,92.15,0.65,158.89,0.05,0.0
2025-07-28 17:00:00,7.7,19.41,8.81,7.13,0.52,8.13,24.74,92.38,0.64,162.23,0.0,0.0
2025-07-28 18:00:00,8.18,18.61,9.75,7.02,0.58,6.47,24.76,92.45,0.44,94.46,0.0,0.0
2025-07-28 19:00:00,14.19,21.62,12.65,7.13,0.63,6.22,24.35,94.54,0.49,180.92,0.15,0.0
2025-07-28 20:00:00,17.42,25.08,18.08,7.25,0.76,4.4,23.9,97.21,0.76,146.38,0.05,0.0
2025-07-28 21:00:00,13.8,21.53,7.47,7.01,0.44,5.84,24.04,97.22,0.61,126.16,0.0,0.0
2025-07-28 22:00:00,12.39,20.34,3.74,6.88,0.32,6.0,24.18,96.87,0.41,109.65,0.0,0.0
2025-07-28 23:00:00,11.65,21.15,2.93,6.9,0.26,8.18,24.32,94.7,0.45,134.09,0.0,0.0
2025-07-29 00:00:00,13.48,18.47,3.66,7.0,0.19,7.4,24.52,91.75,0.37,175.74,0.0,0.0
2025-07-29 01:00:00,10.69,17.06,1.48,7.1,0.16,9.62,24.59,89.29,0.3,192.23,0.0,0.0
2025-07-29 02:00:00,10.11,16.46,1.11,7.28,0.16,10.31,24.58,88.79,0.52,184.4,0.0,0.0
2025-07-29 03:00:00,9.92,16.59,1.18,7.28,0.16,10.36,24.54,88.59,0.64,191.79,0.0,0.0
2025-07-29 04:00:00,7.88,13.46,1.73,7.22,0.16,10.4,24.42,88.61,0.37,162.94,0.0,0.0
2025-07-29 05:00:00,7.13,12.88,3.27,7.38,0.19,9.54,24.24,89.38,0.48,161.88,0.0,0.0
2025-07-29 06:00:00,7.45,15.61,2.95,7.15,0.21,8.45,23.28,96.18,0.4,230.8,1.25,0.0
2025-07-29 07:00:00,10.56,22.23,6.0,7.36,0.37,5.64,23.14,97.22,0.4,101.83,0.95,0.0
2025-07-29 08:00:00,16.49,27.05,6.34,7.28,0.46,5.72,23.28,97.22,0.5,126.22,0.15,0.0
2025-07-29 09:00:00,16.84,29.24,7.8,7.57,0.52,4.46,23.54,97.23,0.33,105.3,0.2,0.0
2025-07-29 10:00:00,18.74,28.73,7.84,7.49,0.51,4.78,23.67,97.24,0.21,160.9,0.05,0.0
2025-07-29 11:00:00,18.89,31.8,5.97,7.56,0.41,4.96,24.13,97.25,0.29,177.32,0.0,0.0
2025-07-29 12:00:00,14.22,33.06,5.67,7.49,0.44,5.88,24.32,97.19,0.31,133.75,0.0,0.0
2025-07-29 13:00:00,11.92,32.32,6.59,7.46,0.51,5.62,24.42,97.11,0.5,267.82,0.05,0.0
2025-07-29 14:00:00,11.8,25.47,10.19,4.81,0.48,5.35,24.14,97.18,0.41,72.42,0.2,0.0
2025-07-29 15:00:00,11.49,23.39,11.74,7.56,0.55,4.53,24.22,97.18,0.49,121.38,0.05,0.0
2025-07-29 16:00:00,11.45,22.84,11.78,7.5,0.46,5.44,24.4,97.18,0.37,145.07,0.0,0.0
2025-07-29 17:00:00,10.07,21.36,9.82,7.48,0.47,5.33,24.42,97.01,0.39,178.97,0.0,0.0
2025-07-29 18:00:00,8.42,17.66,12.13,7.31,0.53,4.78,24.02,97.18,0.3,180.49,0.0,0.0
2025-07-29 19:00:00,10.3,19.05,13.06,7.42,0.55,4.79,23.7,96.86,0.29,257.21,0.05,0.0
2025-07-29 20:00:00,15.38,21.62,13.01,7.66,0.48,4.85,23.59,95.37,0.24,198.9,0.0,0.0
2025-07-29 21:00:00,12.76,24.75,10.43,7.52,0.42,6.05,23.65,93.67,0.57,159.99,0.0,0.0
2025-07-29 22:00:00,11.08,29.77,7.8,7.45,0.32,6.12,23.64,94.28,0.48,141.21,0.0,0.0
2025-07-29 23:00:00,14.41,32.05,7.29,7.58,0.31,6.22,23.7,93.97,1.01,160.0,0.0,0.0
2025-07-30 00:00:00,17.23,33.21,5.21,7.42,0.19,6.22,23.57,95.32,0.62,141.23,0.0,0.0
2025-07-30 01:00:00,16.61,34.2,4.93,7.41,0.18,6.6,23.54,94.51,0.66,124.34,0.0,0.0
2025-07-30 02:00:00,21.39,32.28,4.8,7.56,0.16,6.87,23.57,93.81,0.7,160.61,0.0,0.0
2025-07-30 03:00:00,19.05,28.7,4.68,7.54,0.19,6.65,23.46,94.19,0.36,111.6,0.0,0.0
2025-07-30 04:00:00,14.04,28.86,4.98,7.76,0.19,7.24,23.47,93.84,0.64,179.02,0.0,0.0
2025-07-30 05:00:00,10.4,26.31,5.46,7.86,0.24,7.19,23.46,94.7,1.16,173.5,0.0,0.0
2025-07-30 06:00:00,8.04,24.12,8.28,6.96,0.42,8.11,23.74,93.86,0.91,164.51,0.0,0.0
2025-07-30 07:00:00,11.88,26.07,9.48,8.96,0.42,17.673262036337192,24.22,92.91,0.34,147.19,0.0,0.05
2025-07-30 08:00:00,19.7,30.33,11.22,9.18,0.46,17.307963550336996,25.24,88.48,0.36,147.92,0.0,2.4
2025-07-30 09:00:00,19.59,31.26,11.54,9.35,0.48,3.38,25.46,87.76,0.37,181.28,0.0,0.0
2025-07-30 10:00:00,17.78,36.08,10.98,8.02,0.52,13.56,25.54,88.7,0.6,277.91,0.0,0.0
2025-07-30 11:00:00,19.67,42.7,8.44,9.56,0.39,0.03,26.28,85.85,0.63,197.95,0.0,0.0
2025-07-30 12:00:00,24.78,45.52,7.01,8.93,0.43,5.36,26.12,87.13,0.37,102.32,0.0,0.98
2025-07-30 13:00:00,22.78,43.21,6.64,7.1,0.4,7.42,26.58,84.7,0.59,176.18,0.0,4.47
2025-07-30 14:00:00,15.67,34.4,11.338317269155622,30.22774524773012,0.24,110.01,27.86,80.69,0.19,352.05,0.0,0.0
2025-07-30 15:00:00,44.81786545845669,84.47180783555406,19.486392245612098,17.04841682164542,0.5983319546048915,33.34192758719134,,,,,,
2025-07-30 16:00:00,38.07,74.28,8.71,1.41,0.46,12.96,27.58,80.35,0.37,244.12,0.0,0.0
2025-07-30 17:00:00,37.9,79.26,11.13,4.13,0.5,5.64,26.98,83.39,0.23,97.76,0.0,0.0
2025-07-30 18:00:00,27.32,60.67,15.17,3.64,0.46,4.94,26.43,85.66,0.48,206.64,0.0,0.0
2025-07-30 19:00:00,22.97,58.54,19.43,4.62,0.71,3.61,25.88,89.96,0.46,119.21,0.0,0.0
2025-07-30 20:00:00,24.15,59.59,18.04,4.58,0.91,2.83,25.7,91.16,0.83,143.97,0.0,0.0
2025-07-30 21:00:00,23.03,58.45,14.96,4.43,0.52,3.06,25.5,92.33,0.73,115.6,0.0,0.0
2025-07-30 22:00:00,19.27,57.26,13.27,4.42,0.38,3.24,25.37,93.21,1.01,168.0,0.0,0.0
2025-07-30 23:00:00,18.04,55.68,9.75,4.35,0.19,3.46,25.15,93.84,0.92,139.83,0.0,0.0
2025-07-31 00:00:00,16.64,52.16,7.58,3.99,0.26,2.37,24.63,95.87,0.67,63.01,0.0,0.0
2025-07-31 01:00:00,20.44,51.87,5.47,3.85,0.25,4.34,24.46,95.13,0.43,161.55,0.0,0.0
2025-07-31 02:00:00,19.56,46.92,5.63,4.1,0.53,3.62,24.09,95.1,0.55,63.09,0.0,0.0
2025-07-31 03:00:00,19.22,47.05,4.96,3.94,0.38,3.59,23.7,96.36,0.61,120.78,0.0,0.0
2025-07-31 04:00:00,23.05,45.93,5.8,4.05,0.24,3.8,23.62,96.45,0.72,51.58,0.0,0.0
2025-07-31 05:00:00,21.23,44.08,6.22,3.92,0.27,3.14,23.32,97.03,1.08,76.28,0.0,0.0
2025-07-31 06:00:00,15.49,42.9,6.28,3.81,0.47,2.76,23.85,95.91,1.02,143.96,0.0,0.0
2025-07-31 07:00:00,12.46,40.47,6.88,3.88,0.36,3.94,25.14,90.88,0.37,146.51,0.0,12.1
2025-07-31 08:00:00,14.63,36.14,7.92,4.27,0.45,5.84,26.55,84.76,0.2,129.58,0.0,50.95
2025-07-31 09:00:00,17.13,37.86,8.66,4.3,0.44,6.76,28.04,78.97,0.4,180.8,0.0,56.28
2025-07-31 10:00:00,17.18,44.45,8.09,4.33,0.38,7.78,28.48,77.0,0.77,174.33,0.0,65.03
2025-07-31 11:00:00,20.79,52.83,7.21,4.18,0.28,11.28,30.2,70.32,0.81,253.19,0.0,66.08
2025-07-31 12:00:00,22.96,56.06,8.73,4.24,0.32,14.03,31.45,66.03,0.54,213.63,0.0,68.72
2025-07-31 13:00:00,26.55,57.51,7.21,4.21,0.28,14.78,30.31,70.39,0.74,260.29,0.0,56.88
2025-07-31 14:00:00,27.52,59.0,5.41,4.2,0.22,13.99,27.54,80.1,1.31,257.93,0.0,79.28
2025-07-31 15:00:00,25.18,56.02,6.54,4.37,0.3,12.41,28.73,77.99,1.16,345.19,0.0,115.7
2025-07-31 16:00:00,24.11,53.33,7.58,4.28,0.31,13.56,30.18,70.2,0.72,265.37,0.0,92.0
2025-07-31 17:00:00,22.93,53.9,9.34,4.34,0.36,12.78,29.41,72.8,0.75,272.04,0.0,0.1
2025-07-31 18:00:00,20.2,54.33,13.92,4.3,0.46,9.85,28.37,75.9,0.8,263.47,0.0,0.0
2025-07-31 19:00:00,24.99,51.63,17.15,4.51,0.62,8.57,27.48,76.61,0.73,258.56,0.0,0.0
2025-07-31 20:00:00,28.46,53.06,25.68,4.8,1.0,5.41,26.7,81.52,0.92,37.38,0.0,0.0
2025-07-31 21:00:00,30.13,64.79,24.06,4.8,0.92,4.88,26.45,84.13,0.78,59.41,0.0,0.0
2025-07-31 22:00:00,26.62,63.76,18.68,4.81,0.62,4.94,26.42,84.68,0.58,187.4,0.0,0.0
2025-07-31 23:00:00,25.25,66.84,15.89,4.5,0.5,5.84,26.0,86.78,1.03,146.26,0.0,0.0
2025-08-01 00:00:00,30.52,65.53,15.8,4.54,0.44,4.75,25.38,91.09,0.8,112.18,0.0,0.0
2025-08-01 01:00:00,28.95,60.08,12.82,4.5,0.31,4.72,24.94,93.85,1.0,262.79,0.0,0.0
2025-08-01 02:00:00,26.43,57.96,12.58,4.78,0.31,4.29,24.54,96.12,0.86,245.09,0.0,0.0
2025-08-01 03:00:00,25.09,60.71,16.58,4.67,0.3,4.75,24.32,95.67,0.82,193.57,0.0,0.0
2025-08-01 04:00:00,21.6,56.78,20.37,5.21,0.56,2.98,24.28,96.8,1.04,254.0,0.0,0.0
2025-08-01 05:00:00,25.64,61.22,14.28,4.99,0.37,3.52,24.42,95.34,0.92,175.26,0.0,0.0
2025-08-01 06:00:00,28.8,60.71,12.9,5.16,0.49,4.42,24.75,93.09,0.48,185.23,0.0,0.0
2025-08-01 07:00:00,33.02,55.38,10.48,4.78,0.35,6.32,25.84,87.96,0.62,173.01,0.0,3.25
2025-08-01 08:00:00,35.67,54.81,8.56,5.06,0.4,8.95,27.38,81.64,0.68,341.75,0.0,49.42
2025-08-01 09:00:00,28.27,53.68,7.85,4.8,0.32,9.79,28.68,75.54,0.82,346.21,0.0,106.9
2025-08-01 10:00:00,24.6,55.97,6.18,4.89,0.29,11.28,29.03,73.18,0.94,352.15,0.0,108.12
2025-08-01 11:00:00,23.43,56.5,9.38,4.68,0.31,11.99,30.16,68.99,0.81,256.63,0.0,112.18
2025-08-01 12:00:00,23.41,54.12,7.37,4.68,0.27,13.48,31.45,64.83,0.93,180.38,0.0,67.35
2025-08-01 13:00:00,24.93,52.38,5.3,2.96,0.22,14.74,31.52,64.48,1.12,345.23,0.0,44.42
2025-08-01 14:00:00,23.13,48.01,9.8,2.49,0.29,14.16,28.49,68.87,0.96,329.93,0.0,8.65
2025-08-01 15:00:00,21.2,44.81,5.91,6.39,0.3,19.39,29.34,69.21,0.96,233.44,0.0,1.1
2025-08-01 16:00:00,22.43,47.33,9.87,9.67,0.42,5.69,29.97,69.66,0.73,190.72,0.0,1.52
2025-08-01 17:00:00,24.03,54.58,10.62,9.57,0.38,3.97,29.23,71.19,0.8,267.19,0.0,0.0
2025-08-01 18:00:00,23.73,54.6,12.91,9.68,0.42,3.29,28.27,73.68,0.92,173.13,0.0,0.0
2025-08-01 19:00:00,24.0,54.64,21.36,9.94,0.65,1.22,27.79,76.84,0.87,189.36,0.0,0.0
2025-08-01 20:00:00,29.2,60.23,22.45,10.15,0.68,0.92,27.54,78.44,0.94,18.95,0.0,0.0
2025-08-01 21:00:00,29.64,62.5,14.17,9.88,0.62,0.55,27.13,81.0,0.66,177.96,0.0,0.0
2025-08-01 22:00:00,25.0,58.6,10.84,9.93,0.42,0.04,26.93,82.02,0.82,182.24,0.0,0.0
2025-08-01 23:00:00,21.18,56.27,8.21,9.51,0.31,0.02,26.23,84.51,0.9,93.52,0.0,0.0
2025-08-02 00:00:00,19.46,48.36,7.14,9.46,0.25,29.38236682815086,25.81,85.91,0.77,105.81,0.0,0.0
2025-08-02 01:00:00,24.54,46.05,8.85,9.57,0.28,27.288737885007873,25.67,84.27,0.83,263.08,0.0,0.0
2025-08-02 02:00:00,24.84,49.46,5.58,9.23,0.18,0.92,25.54,83.72,0.6,167.7,0.0,0.0
2025-08-02 03:00:00,23.88,44.5,6.66,9.29,0.38,1.03,25.39,83.46,0.84,258.99,0.0,0.0
2025-08-02 04:00:00,24.87,39.15,8.18,9.29,0.28,1.57,25.05,86.17,0.75,337.34,0.0,0.0
2025-08-02 05:00:00,24.54,45.0,4.69,9.36,0.2,8.71,24.8,87.58,0.75,192.32,0.0,0.0
2025-08-02 06:00:00,22.62,44.47,7.89,9.48,0.31,0.54,25.07,87.93,0.6,105.72,0.0,0.0
2025-08-02 07:00:00,24.26,45.49,9.76,10.06,0.42,23.562000047849274,26.04,85.26,0.77,9.67,0.0,0.0
2025-08-02 08:00:00,25.82,53.0,6.6,9.95,0.3,1.15,27.57,80.36,0.8,179.31,0.0,0.0
2025-08-02 09:00:00,22.58,53.6,7.42,10.56,0.3,3.93,28.64,74.71,0.79,338.4,0.0,1.55
2025-08-02 10:00:00,21.31,56.04,6.26,10.4,0.24,7.35,29.34,72.84,1.06,351.07,0.0,7.48
2025-08-02 11:00:00,23.03,54.47,5.51,10.11,0.28,5.96,30.49,69.35,0.92,346.69,0.0,4.7
2025-08-02 12:00:00,26.35,56.0,8.14,9.75,0.34,7.18,31.76,65.59,0.78,319.7,0.0,1.25
2025-08-02 13:00:00,27.05,56.25,2.38,9.8,0.23,9.73,31.76,64.94,1.15,346.58,0.0,6.02
2025-08-02 14:00:00,31.16,58.02,3.83,10.05,0.26,9.19,31.58,65.46,0.93,173.98,0.0,0.0
2025-08-02 15:00:00,29.1,59.78,4.44,9.9,0.29,7.49,31.29,66.19,0.83,2.74,0.0,1.7
2025-08-02 16:00:00,25.48,63.18,6.51,9.94,0.31,7.84,30.91,65.72,1.0,352.89,0.0,1.25
2025-08-02 17:00:00,26.09,63.94,5.3,10.27,0.23,66.32,29.98,68.96,1.03,343.33,0.0,0.0
2025-08-02 18:00:00,20.25,58.98,12.67,8.96,0.41,4.39,28.89,71.89,0.88,100.13,0.0,0.0
2025-08-02 19:00:00,22.15,62.47,25.08,10.18,0.7,0.55,27.81,76.51,1.12,320.26,0.0,0.0
2025-08-02 20:00:00,31.8,73.59,20.74,10.53,0.62,26.86884949738836,27.19,81.82,1.08,329.66,0.0,0.0
2025-08-02 21:00:00,34.93,79.1,13.91,10.09,0.41,34.037344545704755,26.77,81.85,1.06,172.88,0.0,0.0
2025-08-02 22:00:00,28.82,73.9,13.01,9.94,0.4,33.113435249721874,26.35,83.14,0.75,160.98,0.0,0.0
2025-08-02 23:00:00,27.3,66.68,10.01,9.66,0.3,0.01,26.04,83.9,0.81,265.32,0.0,0.0
2025-08-03 00:00:00,25.08,62.3,7.65,9.64,0.22,0.06,25.38,85.83,0.82,104.55,0.0,0.0
2025-08-03 01:00:00,22.52,67.25,6.13,9.82,0.2,0.95,24.97,86.66,0.72,339.5,0.0,0.0
2025-08-03 02:00:00,21.08,62.93,4.96,9.72,0.19,1.2,24.45,88.58,1.08,331.56,0.0,0.0
2025-08-03 03:00:00,24.21,57.23,4.85,9.79,0.19,2.33,24.18,88.41,0.88,176.96,0.0,0.0
2025-08-03 04:00:00,23.66,52.03,7.78,9.88,0.2,0.82,24.0,89.89,0.91,100.29,0.0,0.0
2025-08-03 05:00:00,17.68,50.61,8.27,9.98,0.2,0.44,23.82,90.28,0.72,176.17,0.0,0.0
2025-08-03 06:00:00,15.45,48.92,14.21,9.92,0.27,0.4,24.43,88.58,0.86,104.54,0.0,0.0
2025-08-03 07:00:00,17.55,55.58,16.2,10.25,0.29,1.44,26.06,84.49,0.87,262.27,0.0,0.78
2025-08-03 08:00:00,21.8,68.03,8.98,10.06,0.31,3.43,27.84,78.83,0.54,272.2,0.0,0.38
2025-08-03 09:00:00,26.36,63.28,6.38,10.07,0.31,7.09,29.48,73.45,0.72,340.64,0.0,0.2
2025-08-03 10:00:00,26.8,59.59,3.68,9.9,0.27,10.6,30.36,69.76,0.83,263.2,0.0,0.7
2025-08-03 11:00:00,28.45,64.01,5.2,10.01,0.27,12.83,31.83,63.69,0.72,343.37,0.0,0.57
2025-08-03 12:00:00,29.02,68.3,4.22,9.89,0.21,15.83,32.73,61.53,1.09,348.72,0.0,0.7
2025-08-03 13:00:00,28.45,66.2,2.39,10.2,0.22,17.75,32.98,59.65,1.01,174.68,0.0,1.55
2025-08-03 14:00:00,31.64,68.49,3.38,9.99,0.24,13.04,31.56,65.73,1.0,259.28,0.0,0.0
2025-08-03 15:00:00,28.65,67.75,5.24,10.1,0.3,8.98,30.38,69.84,0.96,349.74,0.0,0.0
2025-08-03 16:00:00,29.94,67.8,9.87,10.4,0.46,5.97,29.32,71.04,0.7,261.09,0.0,0.0
2025-08-03 17:00:00,31.37,65.83,9.57,10.48,0.38,7.62,29.02,71.57,0.99,273.16,0.0,0.0
2025-08-03 18:00:00,32.33,63.56,16.52,10.43,0.44,4.62,28.11,73.98,1.01,263.37,0.0,0.0
2025-08-03 19:00:00,38.32,68.91,28.79,10.64,1.06,1.36,28.14,76.01,0.68,122.62,0.0,0.0
2025-08-03 20:00:00,46.33,82.29,31.92,10.54,0.99,18.02395847061189,27.68,79.76,0.99,343.48,0.0,0.0
2025-08-03 21:00:00,50.62,96.19,26.8,10.42,0.69,30.495820741840742,27.07,84.18,1.22,255.54,0.0,0.0
2025-08-03 22:00:00,47.48,94.88,18.72,10.28,0.5,35.64203421349819,26.35,88.38,1.18,268.44,0.0,0.0
2025-08-03 23:00:00,38.81,91.12,15.09,10.12,0.83,26.266779285559643,25.98,89.68,1.18,266.59,0.0,0.0
2025-08-04 00:00:00,35.07,84.88,11.82,9.95,0.46,34.586393646890244,25.51,93.39,1.06,314.96,0.0,0.0
2025-08-04 01:00:00,29.72,80.29,7.36,10.02,0.37,36.16296723907597,25.14,96.73,1.23,300.45,0.0,0.0
2025-08-04 02:00:00,27.01,74.2,7.0,10.2,0.37,34.48478907202638,25.01,96.85,1.21,303.02,0.0,0.0
2025-08-04 03:00:00,21.68,65.62,6.23,10.24,0.34,32.9819839168899,24.79,96.31,1.26,305.1,0.0,0.0
2025-08-04 04:00:00,22.15,60.85,4.96,10.04,0.24,33.96210485060543,24.74,95.67,1.27,324.82,0.0,0.0
2025-08-04 05:00:00,25.38,56.66,5.55,10.02,0.22,32.73640578433511,24.36,94.92,1.22,321.96,0.0,0.0
2025-08-04 06:00:00,25.82,54.08,6.46,9.82,0.26,30.603420309496293,24.85,92.97,1.19,328.41,0.0,0.0
2025-08-04 07:00:00,22.72,62.56,6.08,10.09,0.32,0.08,26.22,88.27,1.21,337.49,0.0,0.0
2025-08-04 08:00:00,23.91,63.79,7.69,10.47,0.47,0.22,27.59,83.55,1.13,249.9,0.0,0.02
2025-08-04 09:00:00,19.66,63.86,7.33,10.56,0.29,3.56,29.15,75.95,1.18,346.04,0.0,0.0
2025-08-04 10:00:00,22.94,59.06,4.56,10.22,0.23,8.86,29.92,72.52,1.26,352.43,0.0,0.8
2025-08-04 11:00:00,24.49,61.38,7.22,10.24,0.29,9.57,31.84,65.09,0.78,261.77,0.0,10.73
2025-08-04 12:00:00,22.99,65.65,6.16,8.2,0.27,11.34,31.04,69.23,1.11,342.78,0.0,0.62
2025-08-04 13:00:00,26.41,71.67,3.38,9.66,0.25,11.9,31.2,68.26,0.92,344.39,0.0,15.1
2025-08-04 14:00:00,28.11,79.61,4.27,10.39,0.3,12.34,31.42,65.55,0.99,259.83,0.0,18.82
2025-08-04 15:00:00,25.98,78.24,5.04,8.21,0.34,31.86,31.75,63.17,0.85,344.9,0.0,6.1
2025-08-04 16:00:00,21.76,68.69,6.86,10.73,0.35,23.3,31.28,64.69,0.98,267.86,0.0,2.15
2025-08-04 17:00:00,24.54,66.21,11.47,10.57,0.38,20.91,29.99,67.8,1.12,263.87,0.0,0.0
2025-08-04 18:00:00,28.12,71.78,23.37,11.05,0.56,13.89,29.07,70.52,1.05,260.67,0.0,0.0
2025-08-04 19:00:00,26.51,81.98,33.91,11.75,0.8,5.37,28.21,73.85,0.94,327.93,0.0,0.0
2025-08-04 20:00:00,36.5,97.43,37.1,12.85,1.41,4.03,28.13,74.88,0.72,152.81,0.0,0.0
2025-08-04 21:00:00,41.85,103.44,21.79,11.31,0.79,7.72,27.71,77.78,0.72,212.01,0.0,0.0
2025-08-04 22:00:00,39.73,103.0,17.99,11.32,0.52,7.49,26.77,82.37,1.16,253.5,0.0,0.0
2025-08-04 23:00:00,38.66,90.76,12.36,10.94,0.36,8.62,26.22,84.84,0.76,130.1,0.0,0.0
2025-08-05 00:00:00,37.09,81.28,10.8,11.31,0.25,9.75,25.66,85.51,1.2,308.85,0.0,0.0
2025-08-05 01:00:00,31.0,76.5,8.03,11.48,0.22,9.4,25.3,88.85,1.23,328.11,0.0,0.0
2025-08-05 02:00:00,25.95,72.73,7.73,11.08,0.24,7.26,24.82,92.31,0.93,224.12,0.0,0.0
2025-08-05 03:00:00,25.25,66.47,5.11,10.61,0.22,5.37,24.71,95.12,1.11,315.43,0.0,0.0
2025-08-05 04:00:00,23.55,64.29,4.47,10.5,0.24,5.57,24.49,95.05,1.22,298.54,0.0,0.0
2025-08-05 05:00:00,21.67,56.19,4.13,10.14,0.22,5.64,24.18,95.96,1.21,335.45,0.0,0.0
2025-08-05 06:00:00,20.87,49.24,4.5,10.14,0.26,5.14,24.81,95.01,1.19,101.56,0.0,0.0
2025-08-05 07:00:00,27.36,51.62,6.25,10.32,0.31,8.25,26.59,85.81,1.04,337.03,0.0,0.0
2025-08-05 08:00:00,25.66,56.97,4.69,10.66,0.34,12.11,27.76,80.14,1.15,256.35,0.0,0.0
2025-08-05 09:00:00,23.86,59.63,6.88,10.47,0.29,18.26,29.59,72.29,1.01,251.78,0.0,1.1
2025-08-05 10:00:00,25.84,58.11,3.44,10.51,0.23,20.22,30.58,69.44,1.1,257.91,0.0,1.15
2025-08-05 11:00:00,25.33,58.45,4.16,10.54,0.27,18.92,31.45,66.88,1.08,342.16,0.0,1.9
2025-08-05 12:00:00,27.42,59.1,3.09,10.43,0.2,23.97,33.12,60.26,0.97,261.26,0.0,1.4
2025-08-05 13:00:00,24.52,62.75,5.14,10.47,0.23,21.36,32.49,62.0,1.16,260.44,0.0,0.02
2025-08-05 14:00:00,27.35,66.31,4.01,10.7,0.23,25.62,32.83,59.71,1.03,263.2,0.0,0.6
2025-08-05 15:00:00,23.33,60.58,4.17,10.62,0.23,24.46,32.79,60.58,1.01,177.96,0.0,1.33
2025-08-05 16:00:00,19.14,56.16,7.72,10.66,0.4,21.82,32.4,60.22,1.01,91.6,0.0,0.0
2025-08-05 17:00:00,18.88,50.62,6.66,10.58,0.34,21.19,31.56,60.7,1.15,353.57,0.0,0.0
2025-08-05 18:00:00,18.32,46.94,12.0,7.87,0.45,40.36,30.29,64.38,1.19,322.79,0.0,0.0
2025-08-05 19:00:00,23.0,52.08,27.61,10.53,0.82,4.92,29.1,69.24,1.1,317.78,0.0,0.0
2025-08-05 20:00:00,34.33,65.85,32.06,6.47,1.11,21.64,28.34,76.79,1.14,327.03,0.0,0.0
2025-08-05 21:00:00,36.77,75.87,24.22,9.61,0.66,0.01,27.96,78.64,0.9,172.95,0.0,0.0
2025-08-05 22:00:00,38.77,86.16,13.88,8.7,0.38,0.11,27.8,77.04,0.94,167.03,0.0,0.0
2025-08-05 23:00:00,39.02,80.04,11.47,7.76,0.27,10.21,27.08,82.24,1.08,251.17,0.0,0.0
2025-08-06 00:00:00,35.01,72.84,6.24,8.59,0.23,12.99,26.52,84.13,1.06,332.85,0.0,0.0
2025-08-06 01:00:00,29.71,69.18,5.34,10.82,0.2,2.49,26.67,80.86,1.22,330.76,0.0,0.0
2025-08-06 02:00:00,27.44,64.5,5.81,11.46,0.21,3.55,26.52,81.86,1.26,325.99,0.0,0.0
2025-08-06 03:00:00,25.08,61.21,6.0,11.51,0.26,2.22,26.12,84.27,1.24,303.82,0.0,0.0
2025-08-06 04:00:00,25.38,65.36,5.02,11.04,0.22,1.29,26.04,85.97,1.26,309.0,0.0,0.0
2025-08-06 05:00:00,26.93,62.54,5.27,10.79,0.26,0.96,26.1,86.5,1.24,309.29,0.0,0.0
2025-08-06 06:00:00,26.69,54.18,7.95,10.5,0.44,25.98365405856952,26.17,88.97,1.28,320.1,0.0,0.0
2025-08-06 07:00:00,22.96,57.16,8.16,10.48,0.49,1.16,27.48,84.72,1.48,339.34,0.0,0.0
2025-08-06 08:00:00,22.34,66.31,8.41,10.99,0.45,4.23,29.01,77.24,1.29,336.86,0.0,0.0
2025-08-06 09:00:00,23.16,65.21,4.18,11.43,0.27,9.67,29.73,73.16,1.34,338.26,0.0,0.0
2025-08-06 10:00:00,27.72,61.76,4.23,10.54,0.26,13.2,31.0,68.8,1.2,344.37,0.0,4.12
2025-08-06 11:00:00,33.51,69.22,18.7,18.4,0.2,7.85,32.13,63.21,1.16,348.3,0.0,10.08
2025-08-06 12:00:00,31.44,76.35,11.23,23.97,0.19,16.24,32.51,63.08,1.31,336.62,0.0,20.3
2025-08-06 13:00:00,29.12,89.27,1.95,13.72,0.2,15.8,32.11,64.78,1.28,342.74,0.0,11.75
2025-08-06 14:00:00,26.74,82.01,3.58,12.22,0.21,19.2,33.24,60.58,0.99,244.22,0.0,7.4
2025-08-06 15:00:00,21.62,71.63,6.72,11.87,0.28,15.55,33.23,58.63,0.66,253.49,0.0,20.75
2025-08-06 16:00:00,24.58,66.91,18.74,11.32,0.6,16.11,30.84,71.52,1.5,159.16,0.0,0.0
2025-08-06 17:00:00,28.27,72.38,20.5,11.54,0.82,12.45,29.3,75.45,1.48,167.59,0.0,0.0
2025-08-06 18:00:00,29.15,70.37,22.19,11.56,0.69,11.52,28.58,76.03,1.04,146.05,0.0,0.0
2025-08-06 19:00:00,31.34,62.25,27.62,12.1,0.93,6.39,28.47,77.21,1.14,169.42,0.0,0.0
2025-08-06 20:00:00,30.67,65.66,24.17,11.68,0.71,5.09,27.99,79.72,0.79,227.52,0.0,0.0
2025-08-06 21:00:00,32.68,69.43,21.74,11.66,0.7,2.7,27.93,80.45,1.05,159.31,0.0,0.0
2025-08-06 22:00:00,35.98,71.73,19.62,11.27,0.61,0.23,27.56,80.78,0.82,149.85,0.0,0.0
2025-08-06 23:00:00,34.61,70.73,14.51,10.81,0.43,1.43,27.01,83.06,0.92,150.6,0.0,0.0
2025-08-07 00:00:00,34.12,66.38,16.62,11.18,0.44,0.04,26.32,86.63,1.08,262.67,0.0,0.0
2025-08-07 01:00:00,34.18,65.32,13.52,11.16,0.34,1.52,26.61,86.06,1.07,196.2,0.0,0.0
2025-08-07 02:00:00,32.76,62.41,13.2,11.22,0.3,0.5,26.54,87.55,1.08,239.65,0.0,0.0
2025-08-07 03:00:00,29.86,55.96,12.66,10.67,0.26,31.150916128518674,26.39,88.89,1.06,231.78,0.0,0.0
2025-08-07 04:00:00,28.28,57.2,11.59,10.91,0.36,29.16212655914126,26.16,91.33,1.18,318.3,0.0,0.0
2025-08-07 05:00:00,28.52,60.08,10.4,10.41,0.39,29.051696522543438,26.18,94.55,1.19,325.01,0.0,0.0
2025-08-07 06:00:00,34.13,60.29,7.61,10.19,0.34,29.852260592408083,26.74,90.83,1.14,248.96,0.0,0.0
2025-08-07 07:00:00,34.17,55.55,6.21,10.12,0.36,0.42,27.53,85.53,1.2,343.66,0.0,0.0
2025-08-07 08:00:00,34.99,53.35,5.01,10.51,0.41,2.28,28.26,81.06,1.15,341.47,0.0,0.0
2025-08-07 09:00:00,32.84,53.72,6.6,10.61,0.36,4.94,29.14,77.31,1.01,255.04,0.0,0.05
2025-08-07 10:00:00,26.32,50.86,7.83,10.7,0.42,8.08,30.16,74.05,1.15,340.54,0.0,11.88
2025-08-07 11:00:00,26.52,52.03,6.32,9.02,0.32,19.7,32.14,67.76,0.63,191.94,0.0,12.38
2025-08-07 12:00:00,28.49,52.61,15.54,10.99,0.6,21.82,31.8,67.95,0.82,250.84,0.0,22.62
2025-08-07 13:00:00,34.14,61.37,4.41,10.81,0.26,20.17,30.32,77.04,1.2,334.94,0.05,17.02
2025-08-07 14:00:00,36.66,63.66,17.33,7.79,0.84,10.92,28.63,81.71,0.9,286.82,0.0,14.7
2025-08-07 15:00:00,44.81786545845669,84.47180783555406,19.486392245612098,17.04841682164542,0.5983319546048915,33.34192758719134,,,,,,
2025-08-07 16:00:00,44.81786545845669,84.47180783555406,19.486392245612098,17.04841682164542,0.5983319546048915,33.34192758719134,,,,,,
2025-08-07 17:00:00,44.81786545845669,84.47180783555406,19.486392245612098,17.04841682164542,0.5983319546048915,33.34192758719134,,,,,,
2025-08-07 18:00:00,34.86,62.65,29.18,5.02,1.14,3.88,25.65,92.63,1.02,178.2,0.0,0.0
2025-08-07 19:00:00,32.13,60.92,18.22,4.55,0.7,7.37,25.81,91.92,1.23,194.16,0.0,0.0
2025-08-07 20:00:00,29.94,64.41,20.06,5.26,0.6,7.96,25.5,91.9,1.69,160.87,0.0,0.0
2025-08-07 21:00:00,28.0,60.52,17.58,6.46,0.48,8.05,25.18,91.59,1.48,154.66,0.0,0.0
2025-08-07 22:00:00,30.3,55.57,15.22,6.18,0.42,6.75,25.06,92.22,1.14,167.48,0.0,0.0
2025-08-07 23:00:00,30.62,56.34,10.61,7.4,0.29,7.0,24.59,89.34,1.23,149.29,0.0,0.0
2025-08-08 00:00:00,26.14,51.94,8.22,11.04,0.29,9.79,24.23,85.77,0.72,187.83,0.0,0.0
2025-08-08 01:00:00,25.39,54.67,7.08,10.79,0.24,10.58,23.9,87.8,0.5,179.52,0.0,0.0
2025-08-08 02:00:00,28.1,54.25,6.45,9.35,0.26,7.52,23.7,92.7,0.73,110.76,0.0,0.0
2025-08-08 03:00:00,28.77,48.65,10.14,13.84,0.24,8.12,24.08,89.96,1.1,167.69,0.0,0.0
2025-08-08 04:00:00,24.5,48.23,6.1,10.23,0.24,9.7,24.05,91.79,1.17,163.72,0.0,0.0
2025-08-08 05:00:00,20.53,50.07,6.76,10.85,0.3,6.86,23.85,94.76,1.2,171.22,0.0,0.0
2025-08-08 06:00:00,21.49,45.85,8.2,11.88,0.42,4.82,23.89,93.92,1.06,181.18,0.0,0.0
2025-08-08 07:00:00,24.4,41.8,4.68,8.4,0.36,8.3,24.67,89.65,0.25,202.95,0.0,3.35
2025-08-08 08:00:00,21.26,40.18,5.52,5.6,0.44,8.59,25.83,86.22,0.44,235.84,0.0,1.98
2025-08-08 09:00:00,19.92,42.05,6.73,4.85,0.34,46.82,26.28,85.66,0.43,265.95,0.0,2.48
2025-08-08 10:00:00,25.04,45.24,5.66,6.7,0.32,7.8,25.8,88.72,0.98,340.0,0.0,0.0
2025-08-08 11:00:00,23.05,44.54,3.42,9.22,0.29,4.12,26.46,85.3,1.01,260.54,0.0,0.0
2025-08-08 12:00:00,17.5,34.02,0.12,9.01,0.19,35.53,26.49,82.85,1.1,173.36,0.0,0.0
2025-08-08 13:00:00,16.21,27.51,4.44,5.02,0.74,7.93,26.05,84.1,0.72,260.44,0.0,0.0
2025-08-08 14:00:00,34.736680925678286,64.26369317756487,4.54,5.63,0.2915318587507213,30.066473296364137,26.92,81.76,0.35,115.6,0.0,0.0
2025-08-08 15:00:00,22.19,37.54,5.82,9.056657186784722,0.38,29.79,26.37,82.36,0.45,95.34,0.0,0.0
2025-08-08 16:00:00,19.51,37.2,3.97,5.487021226067453,0.33,13.92,26.24,82.25,1.04,261.25,0.0,0.0
2025-08-08 17:00:00,14.01,31.44,9.77,1.7,0.46,12.39,26.19,82.32,0.95,100.68,0.0,0.0
2025-08-08 18:00:00,11.76,33.91,16.86,3.44,1.0,4.5,25.75,86.16,0.83,265.74,0.0,0.0
2025-08-08 19:00:00,14.14,39.57,44.51327494048154,4.93,1.72,2.35,25.07,90.96,0.89,257.14,0.0,0.0
2025-08-08 20:00:00,32.25,60.3,25.89,7.54,1.53,2.45,25.46,90.1,1.38,176.3,0.0,0.0
2025-08-08 21:00:00,44.61,64.14,25.02,8.46,0.93,3.16,25.36,88.77,1.44,168.48,0.0,0.0
2025-08-08 22:00:00,44.89,64.91,23.14,8.28,0.6,3.39,24.77,90.6,1.16,157.74,0.0,0.0
2025-08-08 23:00:00,40.43,71.04,24.79,9.14,0.51,3.21,24.37,91.93,0.82,188.81,0.0,0.0
2025-08-09 00:00:00,35.93,65.3,13.43,8.56,0.28,5.66,24.11,94.52,0.83,149.02,0.0,0.0
2025-08-09 01:00:00,29.54,52.61,9.77,8.34,0.24,6.68,24.16,94.96,0.89,112.45,0.0,0.0
2025-08-09 02:00:00,22.58,47.17,7.03,8.14,0.22,7.02,24.06,95.84,0.72,183.11,0.0,0.0
2025-08-09 03:00:00,18.56,39.04,6.33,8.09,0.22,6.3,23.88,96.75,0.88,235.76,0.0,0.0
2025-08-09 04:00:00,18.82,37.22,9.02,8.29,0.32,3.54,23.94,97.19,0.86,111.07,0.0,0.0
2025-08-09 05:00:00,14.4,29.76,7.29,7.94,0.25,4.33,23.98,97.2,0.87,122.83,0.0,0.0
2025-08-09 06:00:00,13.3,27.14,7.4,7.97,0.3,4.36,24.21,97.1,0.94,222.21,0.0,0.0
2025-08-09 07:00:00,10.76,20.45,11.02,7.9,0.54,4.83,25.42,92.04,1.16,158.44,0.0,6.3
2025-08-09 08:00:00,15.46,29.99,10.69,7.93,0.45,8.74,26.54,87.8,0.88,168.48,0.0,18.9
2025-08-09 09:00:00,20.0,38.8,9.62,7.79,0.44,9.85,27.14,86.36,0.73,225.28,0.0,17.82
2025-08-09 10:00:00,20.33,36.07,11.12,7.83,0.56,14.56,28.34,81.5,1.07,171.14,0.0,16.48
2025-08-09 11:00:00,21.1,42.65,9.02,7.87,0.28,16.59,28.0,80.22,0.78,326.16,1.55,24.92
2025-08-09 12:00:00,21.83,42.26,7.72,7.71,0.26,16.28,23.74,97.08,0.99,316.32,3.05,0.0
2025-08-09 13:00:00,25.55,42.11,9.88,7.96,0.36,12.67,24.25,97.2,0.82,298.77,1.0,7.12
2025-08-09 14:00:00,25.91,41.11,6.63,8.03,0.28,11.1,24.8,97.21,1.31,348.49,0.0,0.0
2025-08-09 15:00:00,27.0,40.92,6.13,7.74,0.4,10.42,24.35,97.2,0.88,323.6,0.0,0.0
2025-08-09 16:00:00,26.86,40.49,7.41,7.86,0.4,11.93,25.31,94.0,1.16,335.8,0.0,1.32
2025-08-09 17:00:00,24.62,37.35,6.42,7.68,0.28,10.77,26.1,91.27,1.1,264.41,0.0,0.0
2025-08-09 18:00:00,24.36,35.87,7.12,5.06,0.34,8.31,25.46,95.56,1.11,254.67,0.0,0.0
2025-08-09 19:00:00,18.92,35.75,10.95,7.79,0.63,5.51,25.03,97.18,1.02,292.79,0.05,0.0
2025-08-09 20:00:00,25.44,45.31,12.29,7.85,0.99,4.29,24.88,97.22,1.22,303.3,0.0,0.0
2025-08-09 21:00:00,42.63,52.29,10.99,8.16,1.66,4.01,24.78,97.22,1.16,240.93,0.0,0.0
2025-08-09 22:00:00,48.66,69.54,7.37,8.88,2.23,3.56,24.86,97.22,1.0,319.5,0.0,0.0
2025-08-09 23:00:00,44.64,81.08,8.76,8.74,1.73,3.95,24.8,97.23,1.27,190.04,0.0,0.0
2025-08-10 00:00:00,42.43,82.86,11.46,7.99,0.4,4.0,24.7,97.24,0.61,250.5,0.0,0.0
2025-08-10 01:00:00,42.39,65.27,9.38,7.78,0.39,3.24,24.18,97.24,0.96,144.24,0.0,0.0
2025-08-10 02:00:00,34.56,58.2,7.72,7.88,0.41,3.24,23.87,97.26,0.79,180.74,0.0,0.0
2025-08-10 03:00:00,33.07,66.35,7.17,7.99,0.32,3.76,23.57,97.25,0.6,163.07,0.0,0.0
2025-08-10 04:00:00,26.12,60.02,6.14,7.83,0.26,3.34,23.2,97.25,1.06,252.66,0.0,0.0
2025-08-10 05:00:00,24.1,51.59,6.63,7.67,0.22,2.74,23.03,97.26,1.05,203.35,0.0,0.0
2025-08-10 06:00:00,26.28,47.74,13.02,7.55,0.21,2.56,23.38,97.26,1.04,87.99,0.0,0.0
2025-08-10 07:00:00,25.27,50.44,17.13,7.41,0.22,2.91,24.82,95.57,0.98,264.64,0.0,36.65
2025-08-10 08:00:00,22.47,43.31,7.79,7.54,0.18,5.33,26.4,86.26,0.9,352.05,0.0,73.38
2025-08-10 09:00:00,33.63,43.4,6.77,7.38,0.19,9.95,28.1,78.97,0.98,353.2,0.0,52.4
2025-08-10 10:00:00,26.84,43.78,9.26,7.59,0.3,14.01,29.96,71.67,0.46,326.88,0.0,59.92
2025-08-10 11:00:00,32.52,47.5,6.7,7.49,0.17,18.87,30.88,68.41,0.85,268.32,0.0,101.8
2025-08-10 12:00:00,24.88,53.55,6.0,7.6,0.18,19.44,32.32,63.4,0.78,346.21,0.0,132.98
2025-08-10 13:00:00,31.58,51.6,5.23,7.54,0.16,22.19,32.5,62.7,0.54,268.2,0.0,118.32
2025-08-10 14:00:00,31.46,54.28,12.1,7.54,0.3,19.3,30.82,69.02,1.41,170.21,0.0,117.82
2025-08-10 15:00:00,30.42,66.59,9.94,7.54,0.31,17.36,30.94,69.0,1.22,165.22,0.0,101.1
2025-08-10 16:00:00,30.46,65.89,10.86,7.41,0.28,16.6,30.92,69.37,1.09,169.04,0.0,60.15
2025-08-10 17:00:00,28.08,66.98,16.62,7.57,0.26,15.46,29.28,73.6,1.38,304.14,0.0,0.22
2025-08-10 18:00:00,29.39,55.99,5.82,7.5,0.16,23.93,25.66,90.09,1.57,335.64,0.0,0.0
2025-08-10 19:00:00,22.54,49.48,6.44,7.67,0.24,20.02,24.86,91.4,1.32,316.4,0.0,0.0
2025-08-10 20:00:00,16.32,40.92,6.57,7.78,0.26,12.36,24.67,95.52,1.19,328.71,0.0,0.0
2025-08-10 21:00:00,18.69,39.91,9.37,7.77,0.35,7.34,24.86,95.67,1.19,335.08,0.0,0.0
2025-08-10 22:00:00,16.91,35.04,9.53,7.74,0.3,6.66,24.91,96.92,1.14,327.09,0.0,0.0
2025-08-10 23:00:00,12.68,35.0,9.13,7.79,0.32,5.52,24.82,97.2,0.92,297.15,0.0,0.0
2025-08-11 00:00:00,18.12,38.22,8.18,7.68,0.32,7.77,25.1,94.44,1.23,322.11,0.0,0.0
2025-08-11 01:00:00,18.37,39.65,6.46,7.64,0.29,7.71,25.17,95.25,1.12,330.47,0.0,0.0
2025-08-11 02:00:00,21.67,32.94,5.54,7.6,0.24,8.02,25.05,94.88,1.16,167.11,0.0,0.0
2025-08-11 03:00:00,23.71,29.98,9.04,7.77,0.34,4.69,25.08,96.4,1.09,205.91,0.0,0.0
2025-08-11 04:00:00,26.97,33.66,10.24,7.7,0.28,3.49,24.66,96.97,0.91,279.0,0.0,0.0
2025-08-11 05:00:00,20.62,29.28,11.59,7.68,0.33,2.62,24.28,97.21,1.17,242.42,0.0,0.0
2025-08-11 06:00:00,17.39,40.94,14.51,8.12,0.68,3.14,24.68,97.15,0.96,263.89,0.0,0.0
2025-08-11 07:00:00,20.97,45.47,17.84,8.78,0.65,3.59,26.08,92.01,0.74,245.52,0.0,0.85
2025-08-11 08:00:00,21.44,49.41,15.57,9.43,0.41,10.0,27.63,83.41,0.91,259.76,0.0,19.47
2025-08-11 09:00:00,19.13,54.82,11.06,10.19,0.32,15.17,28.55,79.03,1.18,261.65,0.0,44.3
2025-08-11 10:00:00,20.13,49.09,6.3,8.85,0.29,16.14,29.75,74.99,1.13,347.85,0.0,34.25
2025-08-11 11:00:00,21.9,48.41,4.14,8.11,0.24,18.52,30.62,72.39,1.09,349.7,0.0,34.83
2025-08-11 12:00:00,25.11,42.74,6.57,6.78,0.33,18.79,31.08,71.28,1.12,341.61,0.0,31.2
2025-08-11 13:00:00,24.0,40.22,5.35,3.87,0.29,19.13,31.65,69.98,1.1,264.51,0.0,39.7
2025-08-11 14:00:00,32.09,44.05,5.86,7.44,0.3,22.82,30.88,71.27,0.95,342.68,0.0,43.25
2025-08-11 15:00:00,39.15,51.71,3.4,7.88,0.3,23.03,30.64,70.5,1.12,342.98,0.0,42.82
2025-08-11 16:00:00,38.73,48.32,2.29,7.3,0.39,21.34,29.9,70.96,1.07,346.31,0.0,9.35
2025-08-11 17:00:00,29.38,45.19,10.16,6.15,0.61,16.63,28.6,78.63,0.72,186.72,0.0,0.0
2025-08-11 18:00:00,32.94,54.87,20.06,8.05,0.96,11.06,27.56,84.4,0.7,177.7,0.0,0.0
2025-08-11 19:00:00,33.94,54.59,23.01,8.32,1.18,6.94,26.93,87.66,1.02,334.23,0.0,0.0
2025-08-11 20:00:00,32.57,60.78,23.2,8.41,1.05,4.24,27.12,87.36,1.0,321.91,0.0,0.0
2025-08-11 21:00:00,31.36,63.38,21.26,8.09,0.9,5.62,27.33,88.17,0.53,288.35,0.0,0.0
2025-08-11 22:00:00,32.69,67.28,15.89,8.23,0.66,6.61,26.96,88.87,0.91,92.67,0.0,0.0
2025-08-11 23:00:00,37.58,67.73,8.48,8.12,0.41,7.81,26.7,86.64,1.0,245.4,0.0,0.0
2025-08-12 00:00:00,34.78,61.99,4.04,7.9,0.25,9.95,26.51,85.32,0.96,256.82,0.0,0.0
2025-08-12 01:00:00,27.27,62.13,3.28,7.76,0.24,9.42,26.13,86.87,1.12,244.94,0.0,0.0
2025-08-12 02:00:00,24.4,55.33,3.32,7.9,0.24,7.54,25.45,90.61,1.05,327.98,0.0,0.0
2025-08-12 03:00:00,29.0,52.16,3.68,7.85,0.24,6.43,25.1,92.65,0.85,91.0,0.0,0.0
2025-08-12 04:00:00,24.14,50.81,4.06,8.11,0.24,7.2,25.26,91.78,0.62,254.68,0.0,0.0
2025-08-12 05:00:00,27.01,50.04,8.73,8.22,0.25,7.36,25.56,90.48,0.77,105.72,0.0,0.0
2025-08-12 06:00:00,26.96,49.92,12.29,8.26,0.31,6.13,25.71,91.28,0.8,94.68,0.0,0.0
2025-08-12 07:00:00,24.64,48.03,11.54,8.48,0.31,8.86,26.35,86.62,0.8,347.66,0.0,5.28
2025-08-12 08:00:00,28.3,50.38,7.19,8.16,0.38,9.93,27.4,83.0,0.87,344.16,0.0,45.15
2025-08-12 09:00:00,35.48,58.56,4.76,7.98,0.29,12.57,28.49,79.32,0.99,345.31,0.0,63.22
2025-08-12 10:00:00,29.6,61.49,7.3,7.97,0.38,13.61,29.17,77.23,1.0,267.7,0.0,77.3
2025-08-12 11:00:00,25.72,53.52,6.41,8.07,0.31,15.51,29.85,76.01,1.04,348.17,0.0,79.03
2025-08-12 12:00:00,28.18,56.64,4.36,7.92,0.25,19.63,30.85,72.44,1.06,347.37,0.0,88.75
2025-08-12 13:00:00,29.31,51.14,3.72,7.81,0.29,20.66,31.38,70.32,1.02,265.52,0.0,109.72
2025-08-12 14:00:00,25.33,56.19,6.79,7.89,0.3,19.79,30.94,70.67,1.0,337.38,0.0,50.0
2025-08-12 15:00:00,21.86,63.82,6.02,7.8,0.3,16.96,26.87,91.26,1.05,196.89,0.8,0.0
2025-08-12 16:00:00,18.18,54.23,11.95,7.93,0.48,14.22,25.0,97.21,0.83,258.58,2.05,0.0
2025-08-12 17:00:00,24.8,45.4,20.82,8.14,1.23,3.98,25.73,97.26,0.77,275.04,0.2,0.0
2025-08-12 18:00:00,26.33,52.36,20.82,7.92,0.98,5.02,25.68,97.26,1.16,298.5,0.0,0.0
2025-08-12 19:00:00,30.1,51.38,19.27,8.09,1.12,4.85,25.23,97.26,1.22,308.51,0.0,0.0
2025-08-12 20:00:00,22.69,46.98,24.81,7.97,0.95,4.16,25.21,97.24,1.25,304.09,0.0,0.0
2025-08-12 21:00:00,22.89,65.92,14.89,7.76,0.72,5.86,24.92,97.2,1.23,304.58,0.0,0.0
2025-08-12 22:00:00,20.99,50.39,10.62,8.04,0.59,3.18,24.94,97.2,1.23,313.14,0.0,0.0
2025-08-12 23:00:00,24.16,47.75,9.52,7.82,0.48,2.96,24.9,97.2,0.9,278.44,0.0,0.0
2025-08-13 00:00:00,24.46,51.0,10.33,7.59,0.34,3.1,24.77,97.2,0.71,230.21,0.05,0.0
2025-08-13 01:00:00,21.12,53.74,13.73,7.72,0.27,3.11,24.51,97.2,0.97,294.22,0.0,0.0
2025-08-13 02:00:00,23.63,44.43,4.76,7.44,0.24,4.16,24.8,97.19,0.76,312.34,0.0,0.0
2025-08-13 03:00:00,19.97,45.21,2.9,7.5,0.24,4.34,24.92,97.13,1.01,345.31,0.0,0.0
2025-08-13 04:00:00,18.68,40.33,3.01,7.48,0.22,4.69,24.92,96.88,0.68,329.94,0.0,0.0
2025-08-13 05:00:00,16.36,39.17,2.13,7.47,0.18,6.18,24.7,96.91,0.89,257.47,0.25,0.0
2025-08-13 06:00:00,12.41,30.09,3.18,7.38,0.22,8.1,24.04,97.19,0.7,266.82,0.3,0.0
2025-08-13 07:00:00,15.44,36.35,8.07,7.46,0.4,6.08,23.66,97.18,0.61,109.24,0.3,0.0
2025-08-13 08:00:00,16.54,28.36,7.1,7.65,0.37,6.42,23.53,97.2,0.7,173.96,0.65,0.0
2025-08-13 09:00:00,18.67,32.46,3.36,7.66,0.24,7.61,23.8,97.21,1.25,341.94,0.2,0.2
2025-08-13 10:00:00,20.2,24.97,5.33,7.63,0.34,6.88,24.04,97.25,0.76,177.9,0.1,0.02
2025-08-13 11:00:00,17.28,34.45,7.96,7.12,0.48,5.15,24.35,97.23,0.76,258.19,0.05,0.0
2025-08-13 12:00:00,27.76,34.33,4.02,5.6,0.25,7.8,23.9,97.18,0.88,265.37,0.35,0.0
2025-08-13 13:00:00,23.03,29.86,11.8,5.69,0.56,5.16,23.83,97.17,0.54,326.82,1.3,0.0
2025-08-13 14:00:00,21.93,35.32,14.67,9.63,0.65,3.54,23.96,97.2,0.64,178.23,0.45,0.0
2025-08-13 15:00:00,29.48,34.06,13.5,9.5,0.46,3.72,23.82,97.21,0.66,269.5,0.15,0.0
2025-08-13 16:00:00,23.2,30.31,11.66,7.72,0.46,3.55,23.56,97.21,0.84,262.87,0.1,0.0
2025-08-13 17:00:00,21.57,31.41,6.16,4.9,0.28,38.2,23.32,97.26,0.62,8.03,0.0,0.0
2025-08-13 18:00:00,15.76,23.19,11.11,7.53,0.45,14.682868283841895,23.32,97.26,0.55,179.92,0.0,0.0
2025-08-13 19:00:00,12.88,24.92,8.75,7.63,0.38,17.571236907681264,23.28,97.24,0.71,327.48,0.0,0.0
2025-08-13 20:00:00,10.28,19.1,6.98,7.75,0.35,16.787522805160723,23.32,97.2,0.92,331.48,0.0,0.0
2025-08-13 21:00:00,9.2,20.12,4.78,7.5,0.3,18.51611431870546,23.37,97.28,1.09,337.24,0.05,0.0
2025-08-13 22:00:00,9.33,24.62,3.88,7.14,0.29,20.122354186753498,23.42,97.26,0.87,257.05,0.0,0.0
2025-08-13 23:00:00,9.5,23.35,3.92,7.12,0.28,19.936075086300153,23.48,97.25,1.05,334.1,0.0,0.0
2025-08-14 00:00:00,11.56,19.66,3.18,7.0,0.27,1.75,23.75,97.24,0.96,234.85,0.0,0.0
2025-08-14 01:00:00,9.38,21.22,3.37,7.09,0.3,2.75,23.84,97.24,0.97,333.66,0.0,0.0
2025-08-14 02:00:00,9.98,25.3,3.03,7.11,0.3,2.55,23.94,97.24,1.1,317.86,0.0,0.0
2025-08-14 03:00:00,16.85,29.94,3.36,7.07,0.29,2.74,23.9,97.25,1.04,328.61,0.0,0.0
2025-08-14 04:00:00,13.57,22.85,2.43,7.01,0.28,2.99,23.74,97.24,1.07,256.86,0.0,0.0
2025-08-14 05:00:00,9.69,22.92,3.8,7.1,0.45,2.8,23.75,97.24,1.0,288.14,0.0,0.0
2025-08-14 06:00:00,12.6,21.91,3.52,7.06,0.37,3.26,24.17,97.24,1.06,348.46,0.0,0.72
2025-08-14 07:00:00,16.75,27.23,4.68,7.06,0.48,5.62,25.04,97.23,0.73,296.97,0.0,0.0
2025-08-14 08:00:00,14.54,27.93,7.83,7.13,0.57,7.01,26.02,95.67,0.54,29.71,0.0,2.6
2025-08-14 09:00:00,15.59,31.06,8.24,7.18,0.72,12.45,27.2,89.94,0.4,103.49,0.0,17.45
2025-08-14 10:00:00,15.62,40.93,9.63,7.16,0.72,16.33,28.64,81.71,0.5,47.36,0.0,31.22
2025-08-14 11:00:00,25.25,44.24,7.6,7.22,0.6,17.38,30.16,74.7,0.75,137.57,0.0,18.27
2025-08-14 12:00:00,33.55,50.72,6.47,7.15,0.51,15.5,30.6,72.68,0.52,119.63,0.0,15.98
2025-08-14 13:00:00,27.36,50.85,9.18,7.29,0.58,14.74,30.28,73.73,0.66,131.83,0.0,6.92
2025-08-14 14:00:00,29.48,48.01,7.81,7.09,0.52,15.78,31.33,70.04,0.68,139.77,0.0,16.6
2025-08-14 15:00:00,24.11,48.41,8.41,7.0,0.49,13.67,30.69,72.5,0.72,125.0,0.0,16.42
2025-08-14 16:00:00,24.93,42.12,8.79,7.03,0.54,13.97,30.44,71.55,0.64,152.33,0.0,12.9
2025-08-14 17:00:00,25.56,43.14,14.41,7.19,0.89,8.07,29.68,71.93,1.05,161.54,0.0,0.0
2025-08-14 18:00:00,24.31,51.36,18.2,7.39,1.3,6.46,28.22,77.59,0.8,262.14,0.0,0.0
2025-08-14 19:00:00,25.2,48.24,19.02,7.52,1.27,5.68,26.84,86.41,1.13,237.31,0.0,0.0
2025-08-14 20:00:00,19.68,45.67,7.0,8.2,2.66,4.64,26.24,94.3,1.12,297.68,0.0,0.0
2025-08-14 21:00:00,40.3,62.27,4.84,8.18,2.27,3.92,26.1,97.09,0.89,137.58,0.0,0.0
2025-08-14 22:00:00,49.99,78.72,11.47,7.37,0.91,3.54,26.48,95.24,0.83,246.61,0.0,0.0
2025-08-14 23:00:00,40.7,68.07,10.68,7.18,0.59,3.56,26.36,95.54,0.86,336.79,0.0,0.0
2025-08-15 00:00:00,29.73,58.38,14.17,7.27,0.43,3.24,25.88,96.98,1.22,323.54,0.0,0.0
2025-08-15 01:00:00,28.0,53.84,9.59,7.44,0.39,3.32,25.63,97.2,0.66,275.5,0.0,0.0
2025-08-15 02:00:00,20.85,53.97,4.85,7.02,0.24,3.35,25.5,97.2,1.08,188.32,0.0,0.0
2025-08-15 03:00:00,14.79,49.97,6.22,6.96,0.24,3.15,25.33,97.2,0.76,266.48,0.0,0.0
2025-08-15 04:00:00,12.76,48.56,7.9,6.87,0.26,3.22,25.2,97.2,1.25,321.94,0.0,0.0
2025-08-15 05:00:00,9.88,39.98,4.67,6.74,0.26,3.11,25.24,97.2,1.06,255.03,0.0,0.0
2025-08-15 06:00:00,13.98,35.33,3.7,6.72,0.27,3.2,25.28,97.2,1.19,337.1,0.0,0.0
2025-08-15 07:00:00,18.86,38.76,3.84,6.75,0.32,2.52,25.72,97.22,1.08,179.57,0.0,0.0
2025-08-15 08:00:00,21.48,39.07,4.17,6.69,0.33,2.96,26.39,97.23,1.25,341.92,0.0,0.0
2025-08-15 09:00:00,19.36,38.66,5.2,6.7,0.41,5.04,27.36,94.38,0.92,178.62,0.0,0.0
2025-08-15 10:00:00,22.48,38.58,10.56,6.64,0.35,6.57,27.56,92.2,1.07,90.26,0.0,0.0
2025-08-15 11:00:00,21.17,37.9,10.06,6.7,0.44,9.6,28.63,85.72,0.75,93.58,0.0,5.52
2025-08-15 12:00:00,19.86,34.3,8.42,6.7,0.26,15.74,30.46,78.28,1.05,184.0,0.0,49.32
2025-08-15 13:00:00,25.87,38.47,17.33,7.31,0.24,25.34,30.46,77.0,1.22,174.13,0.0,55.72
2025-08-15 14:00:00,19.81,34.64,6.44,9.54,0.36,21.94,29.54,82.4,1.32,301.15,0.1,3.4
2025-08-15 15:00:00,18.54,39.02,6.68,6.96,0.4,28.4,25.88,95.13,1.35,171.29,0.0,0.0
2025-08-15 16:00:00,25.14,46.79,4.42,8.55,0.29,13.8,25.3,97.08,0.72,265.64,0.0,0.0
2025-08-15 17:00:00,21.51,40.33,3.49,8.65,0.29,12.06,25.26,97.21,1.08,347.65,0.0,0.0
2025-08-15 18:00:00,21.92,29.51,4.75,8.82,0.34,6.68,25.28,97.18,0.98,320.66,0.0,0.0
2025-08-15 19:00:00,19.3,30.06,7.04,8.7,0.46,9.41,25.21,97.22,0.8,255.01,0.0,0.0
2025-08-15 20:00:00,18.42,27.77,7.83,8.75,0.43,15.74,25.08,97.14,0.91,245.96,0.0,0.0
2025-08-15 21:00:00,18.94,31.98,7.2,8.66,0.4,17.63,24.69,97.17,1.07,322.27,0.0,0.0
2025-08-15 22:00:00,16.68,28.84,6.04,8.79,0.44,5.01,24.51,97.15,0.99,180.82,0.0,0.0
2025-08-15 23:00:00,12.66,29.58,4.56,8.68,0.34,0.58,24.43,97.14,1.16,320.46,0.0,0.0
2025-08-16 00:00:00,10.54,24.22,4.58,8.66,0.32,19.849617147716557,24.3,97.14,1.22,317.0,0.0,0.0
2025-08-16 01:00:00,8.56,31.43,5.18,8.78,0.28,23.630036431348643,24.35,97.14,1.11,310.5,0.0,0.0
2025-08-16 02:00:00,14.44,24.62,8.81,8.72,0.27,20.889020807446514,24.69,97.13,1.0,310.01,0.0,0.0
2025-08-16 03:00:00,19.84,22.78,5.04,8.52,0.25,20.233163705211567,24.92,97.13,0.93,333.04,0.0,0.0
2025-08-16 04:00:00,19.52,25.21,5.33,8.61,0.24,21.401860680058803,24.86,97.06,0.94,351.11,0.0,0.0
2025-08-16 05:00:00,20.11,25.86,4.66,8.42,0.24,21.473616738930282,24.84,96.83,1.06,341.49,0.0,0.0
2025-08-16 06:00:00,15.61,26.44,4.93,8.33,0.31,2.12,25.11,96.83,0.96,346.25,0.0,0.0
2025-08-16 07:00:00,16.32,37.22,2.12,8.52,0.3,4.3,26.34,93.62,1.28,357.08,0.0,0.0
2025-08-16 08:00:00,16.45,35.58,2.42,8.46,0.29,7.23,27.69,86.66,1.34,354.01,0.0,0.0
2025-08-16 09:00:00,22.31,29.63,4.46,8.37,0.33,9.39,28.98,81.37,0.64,28.3,0.0,0.9
2025-08-16 10:00:00,24.82,31.36,4.27,8.28,0.39,11.99,29.72,78.25,0.31,100.48,0.0,0.5
2025-08-16 11:00:00,31.99,49.82,3.32,8.16,0.35,17.41,30.48,75.21,0.42,37.77,0.0,4.82
2025-08-16 12:00:00,34.91,49.77,4.81,8.31,0.36,19.85,31.6,71.71,0.4,81.04,0.0,0.1
2025-08-16 13:00:00,29.14,55.4,6.94,8.09,0.36,22.8,32.21,69.11,0.62,50.45,0.0,0.02
2025-08-16 14:00:00,33.06,53.03,10.0,8.09,0.42,22.52,31.86,68.74,0.75,104.12,0.0,0.72
2025-08-16 15:00:00,31.52,55.72,7.1,8.2,0.41,14.71,25.71,88.66,1.39,177.46,0.45,0.0
2025-08-16 16:00:00,26.8,51.04,6.14,8.09,0.43,12.11,24.01,97.24,1.08,163.78,1.0,0.0
2025-08-16 17:00:00,26.75,44.46,10.41,7.95,0.6,8.76,23.97,97.24,1.08,200.08,0.05,0.0
2025-08-16 18:00:00,29.0,44.38,7.81,8.13,0.46,9.09,24.02,97.23,1.23,330.45,0.0,0.0
2025-08-16 19:00:00,22.1,43.55,9.7,8.07,0.55,8.21,24.11,97.22,1.19,324.0,0.0,0.0
2025-08-16 20:00:00,16.28,38.22,9.7,8.09,0.77,7.8,24.45,97.24,0.88,285.24,0.0,0.0
2025-08-16 21:00:00,25.98,47.24,15.2,8.41,1.13,6.66,24.42,97.24,1.17,261.35,0.0,0.0
2025-08-16 22:00:00,25.62,48.65,6.76,8.05,0.54,7.95,24.38,97.24,1.14,281.89,0.0,0.0
2025-08-16 23:00:00,19.59,50.95,10.98,8.18,0.79,6.06,24.64,97.24,1.3,172.26,0.05,0.0
2025-08-17 00:00:00,18.96,51.39,8.4,8.04,0.5,6.13,24.38,97.24,0.82,135.16,0.05,0.0
2025-08-17 01:00:00,18.1,42.37,6.82,8.01,0.44,6.45,24.33,97.22,0.78,176.48,0.0,0.0
2025-08-17 02:00:00,14.66,35.87,5.26,8.15,0.34,6.95,24.05,97.2,0.54,170.46,0.0,0.0
2025-08-17 03:00:00,11.48,38.66,3.64,7.9,0.29,7.68,23.9,97.2,0.94,148.17,0.0,0.0
2025-08-17 04:00:00,10.76,34.67,6.76,7.99,0.28,7.06,23.86,97.19,0.52,197.42,0.0,0.0
2025-08-17 05:00:00,8.31,21.54,12.53,7.98,0.29,5.46,23.64,97.22,0.59,123.04,0.0,0.0
2025-08-17 06:00:00,6.52,16.26,10.95,7.88,0.39,5.8,23.77,97.22,0.43,200.62,0.0,0.0
2025-08-17 07:00:00,10.4,18.3,7.31,7.94,0.49,4.1,24.75,96.38,0.82,119.38,0.0,0.0
2025-08-17 08:00:00,8.78,24.92,7.65,7.96,0.48,7.96,26.26,89.32,0.82,144.89,0.0,0.0
2025-08-17 09:00:00,9.03,27.3,8.13,7.79,0.42,8.75,27.55,82.89,0.74,125.88,0.0,0.0
2025-08-17 10:00:00,14.92,26.65,7.55,7.82,0.43,12.66,28.26,80.02,0.76,114.79,0.05,0.0
2025-08-17 11:00:00,20.66,33.76,6.86,7.8,0.46,14.58,29.08,77.03,0.57,116.87,0.0,3.02
2025-08-17 12:00:00,16.88,35.51,4.74,7.9,0.33,17.47,30.37,73.06,0.61,73.74,0.0,1.88
2025-08-17 13:00:00,23.78,38.28,3.75,7.84,0.32,20.78,30.62,71.68,0.48,75.72,0.0,0.55
2025-08-17 14:00:00,23.37,29.72,5.27,8.03,0.31,19.14,30.45,72.46,0.44,48.66,0.0,0.08
2025-08-17 15:00:00,28.17,36.53,8.69,7.94,0.31,19.36,30.67,70.78,0.47,257.37,0.0,0.3
2025-08-17 16:00:00,26.37,37.31,6.82,7.98,0.34,19.37,30.45,71.58,0.4,113.4,0.0,0.0
2025-08-17 17:00:00,23.44,39.11,17.81,8.13,0.72,12.39,28.76,81.95,0.49,111.82,0.0,0.0
2025-08-17 18:00:00,25.69,39.38,27.18,8.4,0.88,7.13,28.16,84.26,0.56,149.87,0.0,0.0
2025-08-17 19:00:00,31.44,44.05,26.12,8.24,0.98,6.09,27.86,83.12,0.59,97.77,0.0,0.0
2025-08-17 20:00:00,29.74,45.82,18.34,8.3,0.94,7.46,27.66,83.07,0.93,201.52,0.0,0.0
2025-08-17 21:00:00,31.9,48.18,17.78,8.4,1.0,6.12,27.6,86.07,0.85,60.37,0.0,0.0
2025-08-17 22:00:00,23.87,49.55,11.35,8.12,0.69,6.92,27.21,89.21,0.88,217.92,0.0,0.0
2025-08-17 23:00:00,24.06,41.01,14.53,8.25,0.71,6.38,26.94,86.04,0.57,166.91,0.0,0.0
2025-08-18 00:00:00,18.38,43.62,10.27,8.06,0.46,6.0,26.36,89.58,0.62,279.69,0.0,0.0
2025-08-18 01:00:00,25.03,40.12,7.46,8.1,0.38,7.52,25.39,96.94,0.99,253.52,0.0,0.0
2025-08-18 02:00:00,19.61,34.22,2.17,7.96,0.22,7.67,25.39,97.14,0.91,173.7,0.0,0.0
2025-08-18 03:00:00,15.08,33.6,3.96,7.96,0.27,5.74,25.04,97.16,0.96,273.0,0.0,0.0
2025-08-18 04:00:00,10.96,27.84,2.89,8.03,0.25,4.53,24.77,97.16,1.25,302.88,0.0,0.0
2025-08-18 05:00:00,12.94,27.42,3.45,6.43,0.48,3.87,24.78,97.16,0.74,242.43,0.0,0.0
2025-08-18 06:00:00,14.77,32.6,3.74,4.88,0.44,4.47,25.3,97.15,0.84,212.79,0.0,0.0
2025-08-18 07:00:00,14.97,29.77,5.15,4.9,0.35,6.62,26.54,89.74,0.61,120.28,0.0,0.0
2025-08-18 08:00:00,11.41,25.22,5.38,4.86,0.36,7.14,27.35,83.28,0.73,46.81,0.0,6.55
2025-08-18 09:00:00,21.26,26.66,8.66,4.94,0.48,8.98,28.63,78.09,0.43,132.41,0.0,4.65
2025-08-18 10:00:00,22.69,34.64,9.84,4.95,0.47,10.64,29.14,76.29,0.25,85.74,0.0,11.88
2025-08-18 11:00:00,20.29,50.99,10.97,4.82,0.57,13.78,28.69,79.7,0.63,88.98,0.0,14.55
2025-08-18 12:00:00,21.52,54.82,12.73,4.89,0.72,13.12,28.13,82.94,1.06,151.2,0.0,12.22
2025-08-18 13:00:00,26.48,55.61,14.26,5.04,0.57,16.34,30.36,75.51,0.67,129.61,0.0,4.05
2025-08-18 14:00:00,29.29,59.89,9.29,4.91,0.48,27.51,31.19,71.33,0.88,213.96,0.0,9.62
2025-08-18 15:00:00,29.6,59.17,8.73,4.84,0.38,30.82,31.18,69.68,0.32,59.68,0.0,7.78
2025-08-18 16:00:00,37.73,58.32,8.31,5.01,0.4,23.02,29.67,74.07,0.57,299.09,0.0,0.0
2025-08-18 17:00:00,38.03,64.18,24.96,5.26,1.07,12.95,29.51,72.46,0.99,155.94,0.0,0.0
2025-08-18 18:00:00,37.43,71.84,14.12,5.26,0.96,11.05,27.07,84.56,1.48,175.06,0.0,0.0
2025-08-18 19:00:00,34.5,70.04,10.21,4.97,0.56,10.78,25.9,90.32,0.73,296.12,0.0,0.0
2025-08-18 20:00:00,25.94,63.37,12.03,5.35,0.55,9.85,25.75,90.44,0.78,274.05,0.0,0.0
2025-08-18 21:00:00,23.08,57.66,12.11,5.45,0.61,6.9,24.86,96.68,0.76,190.76,1.25,0.0
2025-08-18 22:00:00,25.26,64.2,7.8,5.1,0.35,6.84,24.35,97.16,1.05,331.72,1.7,0.0
2025-08-18 23:00:00,24.17,54.99,5.89,4.84,0.29,9.07,24.11,97.21,0.57,241.67,0.4,0.0
2025-08-19 00:00:00,18.37,50.01,6.26,4.96,0.24,9.31,24.09,97.2,0.49,230.5,0.95,0.0
2025-08-19 01:00:00,18.73,42.0,5.21,5.0,0.3,9.39,24.16,97.19,0.62,164.08,2.0,0.0
2025-08-19 02:00:00,16.02,39.22,7.35,4.99,0.31,8.96,23.92,97.19,0.59,186.1,5.75,0.0
2025-08-19 03:00:00,12.5,33.19,13.24,4.86,0.18,10.98,22.6,97.2,0.52,126.44,6.1,0.0
2025-08-19 04:00:00,9.45,28.0,11.53,4.96,0.19,12.25,22.57,97.18,1.08,250.31,0.3,0.0
2025-08-19 05:00:00,7.56,31.28,12.72,5.05,0.18,11.87,23.12,97.17,1.2,265.49,0.05,0.0
2025-08-19 06:00:00,9.32,27.9,8.14,4.84,0.21,10.24,23.52,97.19,1.37,346.43,0.0,0.0
2025-08-19 07:00:00,10.24,24.31,2.12,4.84,0.33,7.94,24.35,97.24,1.09,258.3,0.0,0.0
2025-08-19 08:00:00,8.42,24.97,3.74,4.96,0.45,7.56,25.75,96.63,1.06,338.46,0.0,3.88
2025-08-19 09:00:00,10.7,29.56,2.56,5.03,0.25,8.51,26.7,91.11,1.26,335.58,0.0,5.42
2025-08-19 10:00:00,12.66,28.47,4.18,4.9,0.37,8.88,27.53,89.26,0.58,273.87,0.0,10.78
2025-08-19 11:00:00,9.69,31.99,7.83,4.87,0.47,14.2,28.22,83.56,0.54,120.61,0.0,9.62
2025-08-19 12:00:00,13.89,35.77,16.86,5.04,0.81,15.46,28.69,81.53,0.93,141.78,0.0,4.53
2025-08-19 13:00:00,22.9,45.48,16.29,8.88,0.76,14.52,28.19,83.38,1.37,161.76,0.0,6.25
2025-08-19 14:00:00,35.37,71.58,13.32,11.7,0.77,11.78,27.36,87.02,1.23,164.76,0.0,0.0
2025-08-19 15:00:00,38.18,86.9,14.98,11.83,0.77,9.31,27.64,85.32,1.38,167.4,0.0,1.08
2025-08-19 16:00:00,46.97,95.36,11.37,11.62,0.68,10.86,28.05,85.53,0.9,135.38,0.0,0.48
2025-08-19 17:00:00,47.86,81.76,12.28,11.72,0.84,7.82,27.46,87.23,1.15,164.95,0.0,0.0
2025-08-19 18:00:00,42.4,76.33,10.9,11.59,0.73,7.69,25.9,94.62,0.82,127.38,0.4,0.0
2025-08-19 19:00:00,44.12,64.53,14.72,11.76,1.14,4.93,25.43,97.23,0.96,106.39,0.0,0.0
2025-08-19 20:00:00,38.87,68.02,12.07,11.46,0.76,5.13,25.3,97.25,0.42,35.58,0.0,0.0
2025-08-19 21:00:00,32.94,61.07,8.47,11.49,0.61,12.46,25.11,97.25,0.83,96.14,0.0,0.0
2025-08-19 22:00:00,37.0,52.46,9.38,11.78,0.56,11.32,24.9,97.24,0.84,256.46,0.0,0.0
2025-08-19 23:00:00,30.51,48.51,6.32,11.5,0.41,11.51,24.68,97.24,0.53,191.28,0.0,0.0
2025-08-20 00:00:00,22.7,35.66,3.66,11.34,0.24,12.68,24.19,97.25,0.97,102.53,0.0,0.0
2025-08-20 01:00:00,16.91,32.81,3.28,11.45,0.24,12.01,24.17,97.25,0.69,179.02,0.05,0.0
2025-08-20 02:00:00,12.76,30.47,1.96,11.24,0.18,11.09,23.94,97.24,0.66,152.48,0.15,0.0
2025-08-20 03:00:00,9.25,26.4,1.47,11.21,0.19,11.38,23.76,97.25,0.62,69.94,0.1,0.0
2025-08-20 04:00:00,9.71,22.51,2.32,11.26,0.21,10.14,23.73,97.25,0.74,124.37,0.0,0.0
2025-08-20 05:00:00,7.73,19.97,4.71,11.6,0.24,6.78,23.65,97.25,0.63,120.76,0.0,0.0
2025-08-20 06:00:00,8.0,19.0,7.98,11.66,0.39,6.65,23.71,97.25,0.42,119.97,0.05,0.0
2025-08-20 07:00:00,10.18,20.44,7.01,11.48,0.61,6.68,23.82,97.25,0.87,202.32,0.1,0.0
2025-08-20 08:00:00,9.99,17.48,6.19,11.65,0.7,5.83,24.02,97.26,0.76,96.88,0.0,0.0
2025-08-20 09:00:00,15.69,21.54,8.47,11.54,0.54,7.63,24.59,97.23,0.41,155.2,0.05,7.15
2025-08-20 10:00:00,12.93,19.12,7.59,11.54,0.51,6.65,25.72,95.26,0.6,155.96,0.0,16.55
2025-08-20 11:00:00,9.247800914839225,21.53,9.06,7.74,0.41,74.39,26.57,91.2,0.25,53.18,0.0,0.0
2025-08-20 12:00:00,12.919539832061057,24.95,7.84,10.72,0.58,1.78,26.62,90.52,0.97,86.34,0.0,0.35
2025-08-20 13:00:00,26.57,33.66,6.63,10.73,0.57,25.94,27.33,87.4,1.17,156.32,0.0,14.12
2025-08-20 14:00:00,20.373029723161707,37.82,7.87,9.05,0.64,2.5,26.82,89.45,1.46,162.99,0.0,0.0
2025-08-20 15:00:00,37.86,50.16,8.0,10.68,0.64,7.66,25.71,94.21,0.84,178.1,0.3,0.0
2025-08-20 16:00:00,27.24,46.08,8.83,10.72,0.6,7.0,24.88,97.23,1.25,163.47,0.75,0.0
2025-08-20 17:00:00,29.43,43.02,9.92,10.69,1.01,5.45,24.93,97.26,1.12,156.39,0.05,0.0
2025-08-20 18:00:00,28.22,50.73,12.29,10.74,1.18,5.31,24.86,97.26,1.25,155.86,0.0,0.0
2025-08-20 19:00:00,28.06,48.12,17.41,10.5,0.84,6.36,24.04,97.23,0.89,136.22,0.05,0.0
2025-08-20 20:00:00,23.46,42.8,10.05,10.21,0.68,4.83,24.08,97.25,1.12,158.44,0.05,0.0
2025-08-20 21:00:00,33.54,48.89,6.62,10.11,0.34,8.71,23.59,97.23,0.31,166.22,0.3,0.0
2025-08-20 22:00:00,26.45,37.65,7.89,10.2,0.32,7.89,23.34,97.24,0.64,127.08,0.75,0.0
2025-08-20 23:00:00,22.0,34.4,7.0,10.22,0.3,8.08,23.32,97.23,0.83,139.5,0.0,0.0
2025-08-21 00:00:00,16.52,26.16,4.22,10.14,0.2,6.8,23.33,97.22,0.9,145.16,0.05,0.0
2025-08-21 01:00:00,12.57,18.65,1.87,10.02,0.17,6.61,23.48,97.22,1.05,148.99,0.2,0.0
2025-08-21 02:00:00,9.22,13.76,1.89,10.07,0.18,5.64,23.51,97.21,1.11,147.91,0.05,0.0
2025-08-21 03:00:00,9.22,10.42,3.01,10.08,0.2,5.25,23.4,97.2,1.25,161.98,0.0,0.0
2025-08-21 04:00:00,7.24,10.46,5.36,10.04,0.24,3.06,23.33,97.2,1.34,161.99,0.0,0.0
2025-08-21 05:00:00,5.3,7.96,14.77,10.11,0.28,2.49,23.24,97.19,1.04,162.27,0.0,0.0
2025-08-21 06:00:00,8.07,12.46,18.48,10.16,0.46,2.23,23.37,97.19,1.22,158.18,0.0,0.0
2025-08-21 07:00:00,6.98,14.47,4.24,10.1,0.51,1.89,24.0,97.26,0.44,112.44,0.0,0.0
2025-08-21 08:00:00,7.32,21.79,3.13,10.17,0.48,3.89,25.38,93.35,0.33,304.21,0.0,4.82
2025-08-21 09:00:00,12.02,19.03,4.24,10.07,0.45,3.62,26.43,86.57,0.27,134.4,0.0,8.43
2025-08-21 10:00:00,13.06,25.54,3.33,10.11,0.35,4.47,27.08,82.79,0.46,185.27,0.0,13.08
2025-08-21 11:00:00,12.08,23.42,4.19,10.0,0.31,5.16,27.96,79.31,0.65,182.98,0.0,18.05
2025-08-21 12:00:00,9.19,30.65,4.37,10.07,0.32,6.17,28.62,77.4,0.46,48.79,0.0,3.88
2025-08-21 13:00:00,14.01,36.95,5.08,10.0,0.34,6.49,29.81,74.21,0.29,88.7,0.0,15.78
2025-08-21 14:00:00,18.81,38.31,5.15,9.99,0.38,7.5,30.47,70.24,0.62,147.48,0.0,5.85
2025-08-21 15:00:00,23.83,42.39,6.66,10.23,0.42,6.7,29.94,73.39,0.6,137.68,0.05,4.68
2025-08-21 16:00:00,24.11,38.21,7.07,9.85,0.46,6.6,29.58,75.26,0.34,105.35,0.0,1.4
2025-08-21 17:00:00,24.51,49.75,6.71,5.26,0.45,5.74,28.58,77.66,0.54,131.29,0.0,0.0
2025-08-21 18:00:00,21.87,43.28,10.96,3.66,0.92,5.04,26.54,92.59,0.92,140.88,0.0,0.0
2025-08-21 19:00:00,17.16,43.14,9.61,8.14,1.01,7.86,26.42,95.76,1.1,151.57,0.0,0.0
2025-08-21 20:00:00,29.06,52.0,8.68,8.43,0.91,4.82,26.14,95.45,1.08,143.77,0.0,0.0
2025-08-21 21:00:00,41.48,70.8,8.0,8.27,0.47,4.18,24.45,96.74,0.62,173.96,2.25,0.0
2025-08-21 22:00:00,35.88,52.84,9.46,8.35,0.5,3.56,23.68,97.15,0.67,262.13,0.0,0.0
2025-08-21 23:00:00,27.03,43.17,6.02,8.24,0.31,3.2,23.74,97.16,0.6,92.16,0.05,0.0
2025-08-22 00:00:00,19.92,40.27,14.34,8.01,0.26,1.86,23.76,97.17,0.6,28.73,0.05,0.0
2025-08-22 01:00:00,15.1,28.45,7.97,8.02,0.27,2.63,23.61,97.18,0.61,178.76,0.0,0.0
2025-08-22 02:00:00,12.1,19.97,9.3,8.16,0.36,2.52,23.62,97.17,0.56,60.9,0.0,0.0
2025-08-22 03:00:00,8.98,20.98,13.76,7.95,0.2,2.4,23.67,96.96,0.57,38.5,0.0,0.0
2025-08-22 04:00:00,6.55,16.12,3.99,7.96,0.19,2.54,23.7,96.88,0.61,56.95,0.0,0.0
2025-08-22 05:00:00,4.72,13.98,1.62,8.01,0.2,2.53,23.62,96.86,0.38,44.9,0.0,0.0
2025-08-22 06:00:00,4.25,14.05,2.67,7.89,0.26,2.51,23.74,96.85,0.44,107.68,0.0,0.0
2025-08-22 07:00:00,8.93,18.74,5.08,8.07,0.48,2.4,24.8,94.26,0.38,204.04,0.0,0.32
2025-08-22 08:00:00,8.9,18.45,3.51,8.05,0.43,3.34,25.79,88.32,0.46,96.09,0.0,27.4
2025-08-22 09:00:00,6.86,21.77,5.3,8.04,0.4,4.37,26.88,82.13,0.5,96.95,0.0,28.65
2025-08-22 10:00:00,5.28,24.11,5.64,8.0,0.42,4.45,27.35,81.33,0.44,49.15,0.0,29.0
2025-08-22 11:00:00,8.29,21.56,5.06,8.13,0.36,6.05,27.7,80.83,0.49,22.22,0.0,9.7
2025-08-22 12:00:00,11.48,25.14,4.48,8.28,0.38,5.65,28.1,79.39,0.57,96.88,0.0,11.42
2025-08-22 13:00:00,10.88,29.0,4.25,7.98,0.32,6.65,28.76,76.04,0.45,32.59,0.0,15.73
2025-08-22 14:00:00,13.33,28.95,3.74,8.03,0.31,7.6,29.03,73.7,0.61,255.62,0.0,2.8
2025-08-22 15:00:00,15.53,31.36,4.7,8.07,0.31,7.26,28.45,76.15,0.75,351.97,0.0,14.82
2025-08-22 16:00:00,15.11,34.18,7.47,8.2,0.4,5.8,27.71,78.81,0.64,179.75,0.0,3.68
2025-08-22 17:00:00,15.04,32.4,7.68,8.28,0.51,5.63,27.46,79.02,0.61,92.99,0.0,0.0
2025-08-22 18:00:00,16.76,32.23,12.33,8.45,0.58,4.6,27.08,79.34,0.77,98.74,0.0,0.0
2025-08-22 19:00:00,18.69,36.35,16.94,8.49,0.78,4.06,26.73,81.7,0.8,347.0,0.0,0.0
2025-08-22 20:00:00,19.3,38.99,18.02,8.12,0.99,3.86,26.39,85.01,0.83,342.5,0.0,0.0
2025-08-22 21:00:00,25.96,42.09,18.15,8.29,1.0,3.47,26.0,88.79,0.7,138.15,0.0,0.0
2025-08-22 22:00:00,24.71,55.82,15.79,8.23,0.9,2.52,25.9,90.49,0.46,199.42,0.0,0.0
2025-08-22 23:00:00,23.56,56.92,9.85,7.92,0.46,3.04,25.73,90.07,0.41,122.32,0.0,0.0
2025-08-23 00:00:00,23.71,48.94,3.94,7.89,0.18,4.15,25.64,88.31,0.42,185.02,0.0,0.0
2025-08-23 01:00:00,17.76,42.03,3.12,7.99,0.16,5.09,25.64,86.22,0.34,104.22,0.0,0.0
2025-08-23 02:00:00,13.29,37.15,2.35,7.93,0.16,5.44,25.48,83.5,0.19,152.83,0.0,0.0
2025-08-23 03:00:00,14.68,27.88,2.59,7.91,0.14,6.16,25.01,83.67,0.21,249.69,0.0,0.0
2025-08-23 04:00:00,13.38,26.92,3.5,7.86,0.16,5.43,24.64,85.01,0.16,170.9,0.0,0.0
2025-08-23 05:00:00,9.75,27.62,5.77,7.91,0.16,5.3,24.26,86.52,0.26,91.23,0.0,0.0
2025-08-23 06:00:00,8.69,28.26,6.41,7.85,0.27,4.66,24.36,86.81,0.38,105.27,0.0,0.0
2025-08-23 07:00:00,7.7,25.41,5.74,7.98,0.38,5.06,25.11,83.34,0.39,118.36,0.0,1.45
2025-08-23 08:00:00,13.28,24.12,3.22,7.92,0.29,5.91,25.64,81.68,0.36,217.32,0.0,2.8
2025-08-23 09:00:00,11.38,29.13,3.6,8.2,0.31,7.1,26.48,79.02,0.24,260.38,0.0,0.18
2025-08-23 10:00:00,8.42,29.91,4.03,8.26,0.3,7.58,27.08,77.81,0.4,60.79,0.0,0.0
2025-08-23 11:00:00,10.03,32.79,4.56,8.23,0.28,8.46,27.56,76.82,0.36,280.0,0.0,11.1
2025-08-23 12:00:00,13.82,25.26,3.98,8.25,0.26,9.64,27.73,75.43,0.34,183.94,0.0,17.5
2025-08-23 13:00:00,11.2,24.51,3.86,8.26,0.26,11.34,27.8,75.72,0.51,266.1,0.0,34.35
2025-08-23 14:00:00,12.66,27.77,3.61,8.22,0.25,10.89,28.29,75.02,0.62,93.1,0.0,51.7
2025-08-23 15:00:00,10.42,32.61,4.68,8.41,0.32,10.43,28.56,75.33,0.56,136.88,0.0,34.48
2025-08-23 16:00:00,9.21,29.94,4.27,8.21,0.28,9.26,28.62,74.28,0.34,166.76,0.0,16.68
2025-08-23 17:00:00,8.36,28.96,4.29,8.3,0.27,8.71,25.17,93.74,0.57,269.1,0.15,0.0
2025-08-23 18:00:00,10.24,26.25,5.49,8.35,0.37,6.41,24.75,92.35,0.4,213.4,0.0,0.0
2025-08-23 19:00:00,8.11,19.41,7.55,8.27,0.45,5.36,25.11,90.04,0.58,103.18,0.0,0.0
2025-08-23 20:00:00,5.72,14.25,10.13,8.39,0.36,5.32,24.98,83.3,0.22,199.86,0.0,0.0
2025-08-23 21:00:00,9.78,24.98,10.15,8.26,0.32,4.8,24.91,83.6,0.3,168.14,0.0,0.0
2025-08-23 22:00:00,7.81,23.0,7.2,8.25,0.24,5.52,24.6,85.23,0.26,223.1,0.0,0.0
2025-08-23 23:00:00,8.13,22.2,6.82,8.2,0.21,6.13,24.83,84.04,0.23,154.19,0.0,0.0
2025-08-24 00:00:00,7.34,21.48,2.93,8.29,0.16,7.76,24.64,85.67,0.17,168.2,0.0,0.0
2025-08-24 01:00:00,6.08,20.68,2.08,8.33,0.18,7.38,24.62,85.91,0.25,78.58,0.0,0.0
2025-08-24 02:00:00,5.08,19.11,1.65,8.22,0.16,7.38,24.52,86.47,0.35,173.48,0.0,0.0
2025-08-24 03:00:00,3.84,21.35,0.66,8.31,0.17,7.4,24.39,85.82,0.25,187.35,0.0,0.0
2025-08-24 04:00:00,3.28,21.53,0.89,8.32,0.17,7.38,24.24,84.42,0.28,250.69,0.0,0.0
2025-08-24 05:00:00,3.55,16.42,1.39,8.32,0.18,6.74,23.97,84.99,0.37,139.7,0.0,0.0
2025-08-24 06:00:00,3.81,13.86,2.82,8.33,0.26,5.97,23.92,86.1,0.76,156.21,0.0,0.0
2025-08-24 07:00:00,6.01,25.48,3.84,8.34,0.32,4.92,24.24,86.04,0.36,120.17,0.0,19.22
2025-08-24 08:00:00,6.02,21.89,3.48,8.64,0.32,6.31,24.85,83.81,0.35,154.7,0.0,50.55
2025-08-24 09:00:00,5.22,22.72,4.08,8.46,0.37,7.33,25.94,80.77,0.29,198.64,0.0,49.32
2025-08-24 10:00:00,4.5,31.67,5.05,8.61,0.34,7.71,26.43,80.14,0.38,149.22,0.0,26.98
2025-08-24 11:00:00,7.91,32.59,4.86,8.59,0.33,8.91,26.75,78.61,0.41,178.05,0.0,15.9
2025-08-24 12:00:00,6.96,28.3,5.2,8.53,0.34,8.39,27.14,78.73,0.26,168.95,0.0,14.78
2025-08-24 13:00:00,17.44,34.0,4.32,8.55,0.29,9.71,27.34,77.03,0.38,101.3,0.0,22.78
2025-08-24 14:00:00,14.61,29.73,4.0,8.63,0.29,10.53,27.24,77.44,0.62,174.42,0.0,22.02
2025-08-24 15:00:00,10.38,29.37,6.08,8.73,0.32,10.82,27.23,77.48,0.65,13.51,0.0,24.98
2025-08-24 16:00:00,11.5,35.39,5.13,8.57,0.3,10.66,27.56,76.48,0.44,176.66,0.0,18.08
2025-08-24 17:00:00,12.87,36.34,6.09,8.89,0.34,9.72,27.02,77.04,0.34,346.57,0.0,0.0
2025-08-24 18:00:00,14.21,34.58,11.83,8.7,0.45,7.68,26.55,77.84,0.25,45.32,0.0,0.0
2025-08-24 19:00:00,13.52,33.44,14.76,8.68,0.62,6.0,26.19,82.28,0.64,146.66,0.0,0.0
2025-08-24 20:00:00,17.96,38.32,15.29,8.88,0.67,4.1,25.75,86.11,0.51,76.24,0.0,0.0
2025-08-24 21:00:00,26.12,44.75,12.72,8.84,0.56,4.73,25.8,83.91,0.4,104.24,0.0,0.0
2025-08-24 22:00:00,20.66,43.52,10.93,9.06,0.45,4.83,25.56,83.98,0.47,104.75,0.0,0.0
2025-08-24 23:00:00,22.19,38.47,8.6,9.12,0.38,5.82,25.62,83.02,0.38,46.56,0.0,0.0
2025-08-25 00:00:00,19.7,39.13,5.54,9.0,0.22,6.56,25.74,80.8,0.18,163.23,0.0,0.0
2025-08-25 01:00:00,14.26,36.18,4.82,8.81,0.19,6.7,25.27,82.85,0.4,245.94,0.0,0.0
2025-08-25 02:00:00,14.23,31.75,5.18,9.02,0.19,6.23,25.1,82.42,0.24,170.93,0.0,0.0
2025-08-25 03:00:00,12.25,34.73,2.31,8.85,0.15,7.71,25.02,81.08,0.25,43.0,0.0,0.0
2025-08-25 04:00:00,9.17,30.84,1.52,8.93,0.15,8.32,24.78,81.59,0.27,152.16,0.0,0.0
2025-08-25 05:00:00,11.77,28.37,2.38,8.87,0.18,7.98,24.45,82.3,0.23,114.35,0.0,0.0
2025-08-25 06:00:00,11.85,25.98,3.3,8.77,0.22,7.0,24.19,84.22,0.36,49.98,0.0,0.0
2025-08-25 07:00:00,9.94,22.53,5.14,8.97,0.28,6.22,24.31,85.49,0.43,187.87,0.0,17.88
2025-08-25 08:00:00,9.8,25.21,6.18,9.18,0.38,6.1,25.04,83.47,0.35,91.57,0.0,50.02
2025-08-25 09:00:00,13.0,28.63,5.94,9.18,0.36,7.5,25.75,79.71,0.49,92.96,0.0,46.38
2025-08-25 10:00:00,11.96,29.44,5.5,9.14,0.3,8.92,26.32,78.76,0.66,88.86,0.0,55.88
2025-08-25 11:00:00,14.45,29.09,5.43,9.3,0.32,9.94,26.45,79.51,0.87,179.19,0.0,52.15
2025-08-25 12:00:00,15.34,34.06,6.05,9.33,0.33,9.76,27.0,79.2,0.84,93.17,0.0,44.38
2025-08-25 13:00:00,19.7,31.13,5.56,7.14,0.3,9.04,26.81,79.68,0.86,352.11,0.0,8.88
2025-08-25 14:00:00,17.09,27.29,5.55,9.27,0.29,10.47,27.38,77.66,0.64,92.53,0.0,8.82
2025-08-25 15:00:00,15.88,31.54,7.43,9.38,0.35,10.1,27.3,77.64,0.44,244.58,0.0,10.65
2025-08-25 16:00:00,10.45,34.68,8.95,7.08,0.45,8.61,27.11,79.83,0.46,115.04,0.0,11.52
2025-08-25 17:00:00,14.84,37.12,10.32,9.38,0.76,5.34,26.92,80.79,0.96,152.87,0.0,0.0
2025-08-25 18:00:00,27.11,55.8,12.0,9.14,0.56,5.14,26.27,83.24,0.5,98.06,0.0,0.0
2025-08-25 19:00:00,32.03,46.5,14.81,9.22,0.69,4.21,25.97,85.5,0.54,34.81,0.0,0.0
2025-08-25 20:00:00,24.83,46.34,17.17,9.17,0.84,3.53,25.74,87.36,1.03,104.61,0.0,0.0
2025-08-25 21:00:00,21.55,46.75,14.65,9.14,0.65,3.56,25.53,89.5,0.9,187.73,0.0,0.0
2025-08-25 22:00:00,21.54,49.4,13.06,8.99,0.52,3.86,25.25,90.68,0.72,162.0,0.0,0.0
2025-08-25 23:00:00,26.11,47.5,11.9,9.09,0.61,2.65,24.48,95.56,0.72,48.22,0.0,0.0
2025-08-26 00:00:00,20.08,46.5,11.92,9.12,0.44,3.13,24.6,97.17,1.17,175.33,0.0,0.0
2025-08-26 01:00:00,19.86,44.81,11.11,9.26,0.48,2.09,24.89,96.24,0.92,187.37,0.0,0.0
2025-08-26 02:00:00,15.1,42.38,6.46,8.88,0.24,3.22,24.98,93.21,0.66,136.38,0.0,0.0
2025-08-26 03:00:00,20.32,45.68,4.92,9.04,0.24,3.18,24.64,95.49,0.86,180.85,0.0,0.0
2025-08-26 04:00:00,17.12,35.06,4.08,8.93,0.21,3.21,24.14,97.21,1.05,114.87,0.0,0.0
2025-08-26 05:00:00,12.24,25.18,3.86,8.81,0.23,3.32,23.8,97.19,0.88,53.69,0.0,0.0
2025-08-26 06:00:00,11.3,24.65,6.84,8.96,0.31,2.24,24.07,96.73,0.75,265.68,0.0,0.0
2025-08-26 07:00:00,9.39,29.02,10.36,9.05,0.32,2.09,25.13,91.75,0.7,265.1,0.0,9.8
2025-08-26 08:00:00,11.08,27.44,12.26,9.46,0.46,3.88,26.51,85.46,0.68,101.74,0.0,25.35
2025-08-26 09:00:00,8.99,29.64,7.16,9.44,0.4,5.74,27.9,79.42,0.61,349.11,0.0,46.88
2025-08-26 10:00:00,12.7,34.69,4.97,9.11,0.31,7.95,28.75,76.21,0.97,251.12,0.0,57.6
2025-08-26 11:00:00,9.88,28.45,6.02,9.27,0.34,9.0,29.17,75.06,0.73,176.72,0.0,55.78
2025-08-26 12:00:00,11.18,28.02,4.14,9.12,0.29,9.74,28.76,78.54,1.12,176.95,0.0,45.9
2025-08-26 13:00:00,15.8,28.68,2.52,9.13,0.24,10.9,29.64,76.21,1.11,265.89,0.0,48.4
2025-08-26 14:00:00,15.74,21.57,1.7,9.06,0.23,11.85,29.96,74.29,1.17,253.96,0.0,24.05
2025-08-26 15:00:00,18.96,21.46,2.52,8.91,0.25,12.96,30.74,71.4,1.07,261.87,0.0,35.78
2025-08-26 16:00:00,14.88,22.44,5.68,9.09,0.34,11.55,28.53,77.39,0.65,223.0,0.0,1.98
2025-08-26 17:00:00,10.5,26.89,9.64,9.02,0.67,9.55,26.68,82.04,1.17,136.05,0.0,0.0
2025-08-26 18:00:00,13.14,27.78,10.28,9.02,0.53,6.36,26.13,92.03,0.55,206.93,0.0,0.0
2025-08-26 19:00:00,17.47,32.37,9.6,9.07,0.6,6.55,25.7,96.43,1.06,234.69,0.1,0.0
2025-08-26 20:00:00,17.72,30.12,6.61,9.07,0.64,4.09,25.25,97.17,0.79,232.58,0.0,0.0
2025-08-26 21:00:00,19.16,25.87,9.82,9.16,0.69,3.58,25.17,97.18,0.82,334.92,0.0,0.0
2025-08-26 22:00:00,21.88,27.06,10.25,9.17,0.52,3.77,25.01,97.17,0.88,252.34,0.0,0.0
2025-08-26 23:00:00,16.58,26.84,7.69,9.0,0.28,2.53,24.81,97.16,0.98,266.65,0.0,0.0
2025-08-27 00:00:00,14.55,21.44,11.23,8.98,0.25,2.62,24.74,97.13,0.86,247.47,0.0,0.0
2025-08-27 01:00:00,13.96,21.28,7.64,8.99,0.26,1.9,24.69,97.16,0.65,180.37,0.0,0.0
2025-08-27 02:00:00,11.51,25.85,8.22,8.91,0.26,1.88,24.57,97.16,0.88,159.56,0.05,0.0
2025-08-27 03:00:00,10.86,25.73,5.0,9.11,0.25,2.19,24.44,97.16,0.99,253.26,0.1,0.0
2025-08-27 04:00:00,13.59,27.68,3.77,8.94,0.22,2.7,24.42,97.17,0.83,247.11,0.05,0.0
2025-08-27 05:00:00,10.6,20.68,3.47,8.94,0.31,3.64,24.34,97.16,1.02,296.2,0.0,0.0
2025-08-27 06:00:00,8.35,19.61,5.0,8.86,0.31,2.72,24.63,97.14,0.88,266.5,0.0,0.0
2025-08-27 07:00:00,6.19,17.77,2.69,9.0,0.28,4.26,25.58,97.05,1.41,87.58,0.0,4.88
2025-08-27 08:00:00,14.8,19.15,2.82,9.1,0.32,7.74,27.11,90.08,1.34,180.25,0.0,60.12
2025-08-27 09:00:00,13.41,19.76,2.5,9.05,0.26,12.05,28.14,83.18,1.26,348.56,0.0,91.35
2025-08-27 10:00:00,16.5,18.9,6.86,9.55,0.28,12.08,29.3,79.11,1.17,345.5,0.0,102.95
2025-08-27 11:00:00,18.74,23.37,2.72,9.58,0.26,14.03,29.38,78.32,1.35,260.64,0.0,89.28
2025-08-27 12:00:00,14.36,27.11,3.28,9.36,0.26,15.06,29.11,81.18,1.73,344.83,0.0,94.5
2025-08-27 13:00:00,14.5,24.38,7.69,9.38,0.3,13.36,28.6,84.61,1.32,335.46,0.1,88.45
2025-08-27 14:00:00,18.18,21.58,11.75,10.02,0.35,11.54,28.78,83.41,0.9,329.08,0.0,86.05
2025-08-27 15:00:00,25.35,27.43,5.43,10.08,0.28,14.65,29.19,82.28,1.28,261.19,0.0,103.08
2025-08-27 16:00:00,21.64,22.25,7.44,9.41,0.4,13.28,28.3,85.34,0.92,265.31,0.25,28.82
2025-08-27 17:00:00,18.28,28.09,18.5,9.54,0.48,7.35,25.97,97.03,0.73,271.57,0.5,0.0
2025-08-27 18:00:00,19.65,31.87,19.86,9.31,0.67,6.76,24.95,97.12,0.74,241.36,0.05,0.0
2025-08-27 19:00:00,26.49,31.49,16.67,9.17,0.7,5.22,25.06,97.15,0.84,315.11,0.0,0.0
2025-08-27 20:00:00,21.46,34.49,21.12,9.62,1.21,2.4,25.54,97.16,0.66,182.42,0.0,0.0
2025-08-27 21:00:00,28.55,47.16,18.02,9.36,0.83,2.06,25.38,97.16,1.04,325.68,0.0,0.0
2025-08-27 22:00:00,29.61,45.9,7.9,9.11,0.38,4.66,24.64,97.16,1.28,322.68,0.0,0.0
2025-08-27 23:00:00,22.66,38.53,9.75,8.82,0.54,4.71,24.62,97.16,0.84,288.54,0.0,0.0
2025-08-28 00:00:00,18.99,38.85,9.98,8.91,0.51,3.36,24.76,97.16,0.7,164.71,0.0,0.0
2025-08-28 01:00:00,13.91,38.23,7.38,8.77,0.36,3.47,24.7,97.16,1.2,310.76,0.0,0.0
2025-08-28 02:00:00,12.6,35.48,5.9,8.8,0.34,3.17,24.54,97.16,0.71,260.44,0.0,0.0
2025-08-28 03:00:00,14.54,36.89,4.44,8.7,0.32,3.18,24.32,97.16,1.13,303.98,0.0,0.0
2025-08-28 04:00:00,11.46,32.64,3.94,8.67,0.25,3.54,24.2,97.16,1.16,325.39,0.0,0.0
2025-08-28 05:00:00,9.98,30.01,3.52,8.76,0.23,4.42,23.99,97.16,1.22,335.16,0.0,0.0
2025-08-28 06:00:00,11.91,34.41,4.78,8.76,0.37,3.2,24.19,97.16,0.8,242.84,0.0,0.0
2025-08-28 07:00:00,13.78,28.26,3.36,8.63,0.29,4.37,25.08,97.19,1.21,261.13,0.0,38.08
2025-08-28 08:00:00,10.97,20.63,4.43,8.78,0.45,5.16,25.79,96.38,1.13,342.24,0.0,20.68
2025-08-28 09:00:00,15.03,23.06,3.54,8.77,0.32,6.04,26.05,95.73,1.28,255.72,0.0,17.2
2025-08-28 10:00:00,11.96,21.02,4.44,8.75,0.42,6.84,26.99,92.5,1.24,347.02,0.0,85.22
2025-08-28 11:00:00,15.28,22.58,11.85,8.74,0.72,10.78,28.53,83.64,0.73,199.21,0.0,116.32
2025-08-28 12:00:00,19.64,39.92,13.11,8.87,0.92,14.24,28.2,85.87,0.57,136.31,0.0,35.05
2025-08-28 13:00:00,29.26,50.52,14.9,8.92,0.82,7.33,26.18,96.46,0.53,110.66,0.15,0.0
2025-08-28 14:00:00,30.52,50.44,9.95,5.24,0.69,5.96,25.65,97.2,0.59,208.21,0.1,0.0
2025-08-28 15:00:00,39.99,54.51,6.13,1.25,0.46,9.52,26.04,97.14,0.84,332.05,0.0,11.92
2025-08-28 16:00:00,31.11,48.86,9.66,1.89,0.52,6.72,26.9,95.6,0.78,89.41,0.0,6.9
2025-08-28 17:00:00,27.72,46.38,10.48,6.22,0.63,6.88,26.55,95.89,0.97,316.44,0.0,0.0
2025-08-28 18:00:00,21.52,38.94,12.99,7.58,1.01,5.4,25.43,96.81,1.0,281.44,0.0,0.0
2025-08-28 19:00:00,21.3,40.87,12.62,7.39,0.94,3.88,24.82,97.21,1.06,305.94,0.0,0.0
2025-08-28 20:00:00,22.06,39.46,12.04,7.53,0.88,4.02,24.59,97.21,1.21,313.21,0.0,0.0
2025-08-28 21:00:00,20.95,39.9,12.3,7.64,1.31,4.04,24.46,97.2,0.9,280.21,0.0,0.0
2025-08-28 22:00:00,24.34,46.73,12.24,7.41,0.84,3.24,25.01,97.23,1.21,253.12,0.0,0.0
2025-08-28 23:00:00,25.02,53.31,4.28,7.23,0.31,4.5,24.71,97.23,1.15,316.68,0.0,0.0
2025-08-29 00:00:00,23.6,38.04,1.96,7.14,0.23,6.33,24.35,97.21,1.03,339.38,0.0,0.0
2025-08-29 01:00:00,17.86,36.28,2.44,7.06,0.26,3.59,23.96,97.23,1.15,318.19,0.0,0.0
2025-08-29 02:00:00,16.08,28.39,1.74,7.04,0.24,6.96,23.82,97.22,0.9,220.19,0.0,0.0
2025-08-29 03:00:00,11.95,31.54,3.26,7.11,0.29,5.53,24.19,97.2,0.5,251.45,0.0,0.0
2025-08-29 04:00:00,13.27,28.45,3.88,7.3,0.32,5.01,24.1,97.19,0.79,328.65,0.0,0.0
2025-08-29 05:00:00,12.2,30.99,2.86,7.36,0.26,4.61,24.01,97.19,1.03,329.79,0.0,0.0
2025-08-29 06:00:00,15.64,29.26,3.29,7.33,0.56,3.62,24.2,97.19,0.91,246.73,0.0,0.0
2025-08-29 07:00:00,13.67,35.64,5.94,7.41,0.68,3.07,24.81,97.19,0.86,238.13,0.05,0.0
2025-08-29 08:00:00,17.58,35.24,10.06,7.52,0.8,2.52,25.92,96.12,0.82,117.85,0.0,0.82
2025-08-29 09:00:00,21.44,41.86,9.3,7.54,0.96,5.17,26.72,91.46,0.94,150.65,0.0,3.3
2025-08-29 10:00:00,23.2,42.16,8.63,7.25,0.67,10.4,28.24,83.99,0.64,131.42,0.0,8.9
2025-08-29 11:00:00,21.4,47.4,11.6,7.24,0.54,9.38,27.85,84.9,0.71,122.18,0.0,5.6
2025-08-29 12:00:00,27.61,46.79,23.36,7.26,0.66,7.32,26.71,92.86,0.72,191.61,0.15,1.02
2025-08-29 13:00:00,27.97,51.13,14.63,7.5,0.71,14.17,28.01,86.94,0.79,165.47,0.0,4.75
2025-08-29 14:00:00,30.33,47.55,9.98,7.2,0.46,12.89,29.2,78.72,0.42,156.46,0.0,12.18
2025-08-29 15:00:00,28.78,44.69,13.36,7.46,0.55,59.25,29.7,75.06,1.02,183.83,0.0,21.95
2025-08-29 16:00:00,25.34,34.54,3.32,6.58,0.39,6.58,29.11,76.22,0.37,28.07,0.0,0.0
2025-08-29 17:00:00,27.69,44.4,13.02,7.21,0.62,1.16,28.48,76.06,0.73,118.06,0.0,0.0
2025-08-29 18:00:00,24.69,40.25,18.07,4.89,1.54,0.6,26.93,83.66,1.15,54.7,0.0,0.0
2025-08-29 19:00:00,25.4,49.68,21.02,8.45,0.98,8.515253126880266,26.62,91.28,0.56,280.31,0.0,0.0
2025-08-29 20:00:00,27.98,51.92,20.17,8.16,1.02,7.7830482560979295,26.14,94.04,1.13,234.79,0.0,0.0
2025-08-29 21:00:00,30.52,59.88,16.82,8.16,0.7,0.27,26.15,95.84,1.04,168.54,0.0,0.0
2025-08-29 22:00:00,50.62,79.34,13.38,8.1,0.6,26.287323468883557,25.8,95.89,1.36,162.87,0.0,0.0
2025-08-29 23:00:00,55.55,84.99,10.74,8.01,0.44,32.057088210417525,25.3,96.36,1.08,162.84,0.0,0.0
2025-08-30 00:00:00,53.38,88.17,10.47,7.89,0.35,35.744439353664674,24.79,97.15,0.93,155.06,0.0,0.0
2025-08-30 01:00:00,51.42,72.26,12.83,7.72,0.28,32.32747268688725,24.46,97.15,1.02,136.32,0.0,0.0
2025-08-30 02:00:00,41.64,55.92,21.94,7.68,0.28,27.583533516460236,24.42,97.14,1.06,133.18,0.0,0.0
2025-08-30 03:00:00,30.2,57.95,24.88,7.78,0.26,29.972781443114528,24.44,97.14,0.75,248.01,0.0,0.0
2025-08-30 04:00:00,27.79,48.29,13.44,7.82,0.35,24.76984572560307,24.22,97.14,0.88,155.17,0.0,0.0
2025-08-30 05:00:00,23.6,48.24,7.22,7.8,0.36,25.031150549408846,24.41,97.14,1.0,90.85,0.0,0.0
2025-08-30 06:00:00,24.32,48.64,5.83,7.81,0.33,25.94452359018274,24.66,97.14,0.84,234.02,0.0,0.0
2025-08-30 07:00:00,31.93,46.8,7.64,7.77,0.45,21.219483354016106,25.52,96.02,0.82,88.87,0.0,0.08
2025-08-30 08:00:00,26.86,38.1,12.96,8.06,0.65,0.85,26.64,89.45,0.73,212.9,0.0,1.45
2025-08-30 09:00:00,25.86,44.61,12.7,7.96,0.85,0.46,26.46,91.22,0.91,159.63,0.0,0.0
2025-08-30 10:00:00,31.76,51.34,8.9,7.8,0.69,16.229783164192238,26.37,90.42,1.26,166.79,0.0,2.72
2025-08-30 11:00:00,26.26,42.0,8.21,7.62,0.56,2.23,27.18,86.7,1.24,157.12,0.0,0.68
2025-08-30 12:00:00,26.78,47.87,7.75,7.5,0.57,11.0,28.31,80.28,1.4,157.34,0.0,10.07
2025-08-30 13:00:00,34.26,55.04,6.36,7.74,0.46,12.72,29.24,76.46,0.74,145.65,0.0,8.0
2025-08-30 14:00:00,30.34,47.06,6.49,7.48,0.5,12.44,28.94,77.9,1.29,151.84,0.0,20.2
2025-08-30 15:00:00,25.24,46.24,7.09,7.54,0.46,18.77,29.64,75.09,0.74,144.28,0.0,9.62
2025-08-30 16:00:00,35.69,48.85,10.88,5.9,0.4,9.53,29.68,75.34,0.95,151.42,0.0,0.88
2025-08-30 17:00:00,33.46,55.64,13.86,5.68,0.61,10.94,29.15,76.51,1.28,171.73,0.0,0.0
2025-08-30 18:00:00,36.63,51.28,13.78,4.92,0.9,8.78,27.84,84.74,1.28,169.45,0.0,0.0
2025-08-30 19:00:00,33.03,55.08,15.91,10.29,0.98,6.14,27.24,86.72,1.16,156.04,0.0,0.0
2025-08-30 20:00:00,36.72,72.76,15.12,12.05,0.78,6.4,26.44,90.03,0.62,108.06,0.0,0.0
2025-08-30 21:00:00,37.58,70.51,15.31,12.06,0.76,8.56,26.03,91.76,0.83,105.38,0.0,0.0
2025-08-30 22:00:00,37.33,65.75,13.38,12.07,0.65,4.96,26.04,91.15,0.81,145.64,0.0,0.0
2025-08-30 23:00:00,36.42,68.77,12.98,12.03,0.68,5.74,26.04,91.77,1.02,161.5,0.0,0.0
2025-08-31 00:00:00,39.59,70.45,9.73,12.03,0.43,6.41,26.04,92.65,1.27,166.04,0.0,0.0
2025-08-31 01:00:00,31.38,54.27,7.17,9.95,0.38,9.34,25.7,95.96,1.07,166.86,0.0,0.0
2025-08-31 02:00:00,30.66,51.46,4.52,9.98,0.26,6.23,25.18,97.22,0.62,58.77,0.0,0.0
2025-08-31 03:00:00,23.71,48.58,3.09,9.95,0.26,6.76,25.09,96.98,0.65,83.04,0.0,0.0
2025-08-31 04:00:00,22.09,41.86,3.85,9.87,0.22,5.03,24.73,97.21,0.6,31.61,0.0,0.0
2025-08-31 05:00:00,18.27,40.95,3.89,9.87,0.22,4.71,24.8,97.24,0.93,105.08,0.0,0.0
2025-08-31 06:00:00,20.28,32.38,4.8,9.81,0.34,5.88,25.2,96.91,0.71,77.39,0.05,0.0
2025-08-31 07:00:00,16.06,35.17,9.46,10.21,0.36,4.9,25.96,92.82,0.73,114.52,0.0,3.88
2025-08-31 08:00:00,16.22,37.75,13.98,10.31,0.39,5.84,26.5,90.02,0.88,346.51,0.0,16.1
2025-08-31 09:00:00,20.65,40.74,8.89,10.12,0.36,6.06,26.73,90.07,0.92,201.14,0.0,12.2
2025-08-31 10:00:00,25.55,44.4,7.37,10.09,0.4,8.57,27.96,83.9,0.54,173.78,0.0,30.12
2025-08-31 11:00:00,20.58,43.86,7.95,9.98,0.43,9.62,28.68,81.66,0.96,166.85,0.0,43.42
2025-08-31 12:00:00,30.11,47.11,8.57,10.06,0.39,10.74,28.88,80.72,0.79,170.53,0.0,13.47
2025-08-31 13:00:00,34.42,53.62,5.06,10.07,0.26,10.25,28.07,85.41,0.59,223.62,0.0,7.0
2025-08-31 14:00:00,33.3,44.77,3.45,10.08,0.24,13.05,28.72,82.78,0.78,205.58,0.0,20.55
2025-08-31 15:00:00,33.47,38.56,3.68,9.93,0.26,13.75,28.92,81.88,0.93,262.9,0.0,22.75
2025-08-31 16:00:00,28.12,43.94,4.5,10.02,0.26,12.41,27.54,88.4,0.83,175.16,0.0,0.78
2025-08-31 17:00:00,22.68,34.24,3.99,10.03,0.28,12.45,25.67,95.78,0.97,264.02,0.0,0.0
2025-08-31 18:00:00,16.44,33.13,6.44,10.09,0.37,10.12,25.63,97.12,0.69,161.4,0.0,0.0
2025-08-31 19:00:00,21.09,29.08,10.29,10.22,0.52,7.78,25.51,97.23,0.81,100.51,0.0,0.0
2025-08-31 20:00:00,17.75,29.24,11.76,10.42,0.69,6.48,25.33,97.25,1.08,172.6,0.0,0.0
2025-08-31 21:00:00,19.34,39.79,12.97,10.6,0.63,6.44,25.28,97.26,0.55,103.66,0.4,0.0
2025-08-31 22:00:00,31.64,48.17,11.41,10.36,0.74,5.33,25.21,97.29,0.66,93.31,0.05,0.0
2025-08-31 23:00:00,37.8,52.68,8.56,10.09,0.54,5.76,25.25,97.29,1.04,152.65,0.0,0.0
2025-09-01 00:00:00,34.09,55.24,5.17,9.82,0.39,5.85,25.1,97.29,1.16,135.57,0.0,0.0
2025-09-01 01:00:00,25.24,43.77,12.99,9.88,0.26,5.87,25.06,97.32,1.19,154.67,0.0,0.0
2025-09-01 02:00:00,18.24,40.18,10.74,9.77,0.19,6.28,25.05,97.3,1.01,142.21,0.0,0.0
2025-09-01 03:00:00,20.33,32.24,2.27,9.63,0.19,7.14,24.99,97.28,1.15,154.4,0.0,0.0
2025-09-01 04:00:00,17.5,28.13,1.52,9.7,0.18,5.51,24.9,97.3,0.48,202.13,0.0,0.0
2025-09-01 05:00:00,12.92,27.04,8.1,9.75,0.23,5.9,24.54,97.3,0.68,184.26,0.0,0.0
2025-09-01 06:00:00,9.53,30.79,6.07,6.21,0.36,5.16,24.44,97.31,0.66,25.94,0.0,0.0
2025-09-01 07:00:00,16.16,25.28,4.35,6.09,0.38,8.61,25.05,97.28,0.67,99.39,0.0,1.12
2025-09-01 08:00:00,13.22,26.82,3.9,6.35,0.43,82.72,25.86,94.98,0.69,93.63,0.0,0.4
2025-09-01 09:00:00,17.4,34.89,4.78,6.43,0.38,41.64,27.0,89.34,0.75,9.18,0.0,1.08
2025-09-01 10:00:00,18.68,40.32,4.36,6.36,0.32,22.26,28.3,82.86,0.9,177.2,0.0,13.25
2025-09-01 11:00:00,20.12,33.88,5.58,6.41,0.38,27.51,29.45,77.64,0.51,16.25,0.0,36.52
2025-09-01 12:00:00,18.66,33.97,7.84,6.59,0.43,26.63,29.31,78.25,0.41,66.9,0.0,27.98
2025-09-01 13:00:00,19.76,40.31,5.38,6.36,0.3,26.03,28.82,80.61,0.48,176.61,0.0,32.4
2025-09-01 14:00:00,16.52,34.02,6.43,6.56,0.41,21.61,27.46,88.53,0.36,95.2,0.0,37.33
2025-09-01 15:00:00,22.92,34.25,7.81,6.34,0.46,28.73,27.36,87.93,0.34,192.17,0.0,29.1
2025-09-01 16:00:00,17.85,39.03,7.75,6.64,0.44,16.58,26.59,89.65,0.64,353.84,0.0,0.0
2025-09-01 17:00:00,17.8,35.75,13.58,7.12,0.69,14.71,26.2,91.0,0.87,190.23,0.0,0.0
2025-09-01 18:00:00,20.43,39.92,13.05,5.84,0.82,14.23,26.06,93.87,0.59,205.96,0.0,0.0
2025-09-01 19:00:00,18.88,40.5,4.18,8.842800766777245,0.22,21.62,24.11,96.84,1.34,344.14,2.15,0.0
2025-09-01 20:00:00,16.81,34.46,9.76,4.64,0.42,24.12,23.82,97.24,0.63,154.66,2.4,0.0
2025-09-01 21:00:00,16.64,33.87,17.15,7.93,0.61,10.68,23.88,97.25,0.74,55.54,1.1,0.0
2025-09-01 22:00:00,15.88,28.49,13.28,7.68,0.39,12.25,23.49,97.26,0.77,224.92,1.0,0.0
2025-09-01 23:00:00,12.42,25.08,7.02,7.64,0.29,10.13,23.45,97.26,0.98,329.7,0.85,0.0
2025-09-02 00:00:00,13.13,21.58,11.03,7.72,0.33,10.01,23.42,97.26,0.68,315.38,0.3,0.0
2025-09-02 01:00:00,10.26,24.33,15.46,7.86,0.37,8.55,23.24,97.26,0.62,208.31,0.1,0.0
2025-09-02 02:00:00,10.01,20.42,12.9,8.26,0.24,9.81,23.25,97.25,0.41,173.57,0.0,0.0
2025-09-02 03:00:00,8.3,20.29,6.81,8.61,0.19,9.19,23.17,97.24,0.52,61.43,0.0,0.0
2025-09-02 04:00:00,6.56,15.77,2.29,8.7,0.21,9.09,23.03,97.27,0.96,34.12,0.0,0.0
2025-09-02 05:00:00,7.09,15.57,2.28,8.5,0.22,8.48,22.99,97.26,1.03,178.27,0.0,0.0
2025-09-02 06:00:00,5.61,13.2,3.88,8.62,0.24,8.93,23.14,97.26,0.8,268.97,0.0,0.0
2025-09-02 07:00:00,4.56,15.38,6.15,8.47,0.36,10.27,23.98,97.26,0.88,178.7,0.0,30.12
2025-09-02 08:00:00,3.62,21.67,3.0,8.52,0.33,11.62,25.14,97.23,1.16,94.32,0.0,31.65
2025-09-02 09:00:00,5.57,24.56,4.75,8.8,0.35,7.64,25.52,96.22,1.08,174.46,0.0,7.02
2025-09-02 10:00:00,6.36,21.26,7.43,8.76,0.56,11.14,25.77,96.97,0.72,267.61,0.05,47.6
2025-09-02 11:00:00,11.17,21.4,7.28,8.78,0.45,15.11,27.41,89.46,0.34,135.29,0.0,48.4
2025-09-02 12:00:00,15.1,38.0,4.26,9.46,0.26,26.14,28.82,81.07,1.1,169.59,0.0,22.5
2025-09-02 13:00:00,18.39,34.28,4.44,12.35,0.23,15.26,26.56,85.91,1.49,262.81,0.95,17.32
2025-09-02 14:00:00,18.15,31.51,2.98,12.25,0.26,14.25,24.24,96.85,1.08,343.7,0.3,7.2
2025-09-02 15:00:00,17.89,30.84,2.89,12.36,0.3,12.74,25.58,96.0,1.02,259.92,0.05,1.1
2025-09-02 16:00:00,14.08,31.9,9.7,9.68,0.69,11.55,26.19,92.21,1.24,149.02,0.0,8.02
2025-09-02 17:00:00,24.99,40.13,8.74,7.49,0.79,9.15,25.52,95.98,0.92,158.93,0.0,0.0
2025-09-02 18:00:00,19.68,43.34,9.43,5.22,0.7,8.05,24.9,97.02,0.66,61.26,0.0,0.0
2025-09-02 19:00:00,19.81,32.18,11.06,7.74,0.71,6.94,24.9,97.06,0.54,96.33,0.0,0.0
2025-09-02 20:00:00,21.42,43.23,8.04,7.26,0.36,9.39,24.54,95.51,0.77,176.67,0.0,0.0
2025-09-02 21:00:00,21.17,47.8,3.08,7.29,0.23,11.09,24.26,96.72,1.1,345.28,0.25,0.0
2025-09-02 22:00:00,19.57,38.86,1.46,7.28,0.21,12.9,23.74,97.25,0.79,254.67,0.35,0.0
2025-09-02 23:00:00,15.1,34.05,3.9,7.4,0.29,11.88,23.59,97.2,0.89,242.4,0.05,0.0
2025-09-03 00:00:00,13.46,33.2,2.97,7.41,0.24,10.76,23.7,97.22,0.8,328.44,0.0,0.0
2025-09-03 01:00:00,10.14,32.01,2.67,7.38,0.23,9.16,23.63,97.22,0.47,194.49,0.0,0.0
2025-09-03 02:00:00,12.99,30.96,2.49,7.57,0.24,7.84,23.6,97.21,0.63,249.67,0.05,0.0
2025-09-03 03:00:00,11.99,30.13,4.67,7.58,0.23,6.3,23.51,97.19,0.68,174.44,0.0,0.0
2025-09-03 04:00:00,9.31,33.2,4.16,7.64,0.2,6.8,23.4,97.22,0.89,259.34,0.0,0.0
2025-09-03 05:00:00,11.94,25.38,6.72,7.48,0.22,6.1,23.37,97.22,0.64,176.5,0.0,0.0
2025-09-03 06:00:00,9.18,27.46,4.97,7.33,0.23,7.1,23.57,97.22,0.85,98.36,0.0,0.0
2025-09-03 07:00:00,9.6,23.42,4.11,7.48,0.32,6.95,23.93,97.22,0.7,180.57,0.0,0.0
2025-09-03 08:00:00,10.05,22.95,7.19,8.8,0.52,22.62,23.87,97.26,0.52,255.88,0.87,0.0
2025-09-03 09:00:00,15.9,23.72,10.56,11.64,0.59,0.67,24.39,97.27,0.73,92.76,0.0,15.18
2025-09-03 10:00:00,18.85,20.57,5.51,11.02,0.44,3.16,25.57,95.73,0.84,12.76,0.0,8.12
2025-09-03 11:00:00,15.08,18.95,1.35,9.08,0.33,19.61,26.12,92.54,1.08,123.1,0.0,1.03
2025-09-03 12:00:00,10.69,16.6,3.54,12.07,0.37,1.37,26.18,93.52,1.01,15.12,0.0,3.38
2025-09-03 13:00:00,13.4,24.17,5.24,9.42,0.38,3.93,27.43,86.16,0.76,269.48,0.0,5.18
2025-09-03 14:00:00,10.75,19.48,5.0,8.5,0.38,13.22,28.69,80.87,0.65,265.06,0.0,35.92
2025-09-03 15:00:00,14.25,31.51,2.69,8.98,0.31,13.4,28.23,82.34,0.82,182.16,0.0,37.52
2025-09-03 16:00:00,14.0,25.45,4.84,9.36,0.42,14.23,27.73,83.36,0.59,99.13,0.0,10.0
2025-09-03 17:00:00,10.64,29.54,6.0,11.9,0.49,13.24,26.77,86.25,0.51,184.32,0.0,0.0
2025-09-03 18:00:00,13.54,29.2,9.08,10.73,0.91,9.77,26.07,90.04,0.88,240.46,0.0,0.0
2025-09-03 19:00:00,12.59,23.5,8.47,10.48,0.62,8.08,25.5,93.39,0.48,323.68,0.0,0.0
2025-09-03 20:00:00,16.14,25.76,10.24,11.7,0.6,8.24,25.03,94.99,0.47,30.68,0.0,0.0
2025-09-03 21:00:00,20.08,35.43,10.06,11.93,0.78,133.24,24.68,95.6,0.84,235.65,0.0,0.0
2025-09-03 22:00:00,44.81786545845669,84.47180783555406,19.486392245612098,17.04841682164542,0.5983319546048915,33.34192758719134,,,,,,
2025-09-03 23:00:00,44.81786545845669,84.47180783555406,19.486392245612098,17.04841682164542,0.5983319546048915,33.34192758719134,,,,,,
2025-09-04 00:00:00,31.166322911927793,57.558258162339634,3.46,2.65,0.26,21.12,24.51,95.56,0.78,136.2,0.0,0.0
2025-09-04 01:00:00,44.14,54.25,1.773855110558304,7.307898315048036,0.1,10.97,24.3,96.48,0.62,164.3,0.0,0.0
2025-09-04 02:00:00,28.6,46.38,2.64,4.85,0.12,3.92,24.03,95.78,0.74,176.5,0.0,0.0
2025-09-04 03:00:00,36.37,48.1,5.81,9.62,0.14,7.7,23.98,95.31,0.8,182.75,0.0,0.0
2025-09-04 04:00:00,26.34,50.73,9.72,9.72,0.08,6.28,23.99,95.6,0.83,248.19,0.0,0.0
2025-09-04 05:00:00,21.68,47.32,12.58,9.62,0.1,4.6,23.9,97.0,0.84,209.34,0.0,0.0
2025-09-04 06:00:00,24.09,45.44,10.62,9.77,0.25,5.54,23.96,97.07,1.18,176.99,0.0,0.0
2025-09-04 07:00:00,30.34,50.07,9.22,9.91,0.4,5.02,24.2,97.14,1.19,159.08,0.0,1.55
2025-09-04 08:00:00,24.36,53.51,7.78,10.0,0.76,17.94,25.17,93.54,1.26,165.19,0.0,0.53
2025-09-04 09:00:00,28.78,54.55,5.24,11.3,0.42,2.83,26.63,87.31,0.35,143.95,0.0,1.87
2025-09-04 10:00:00,20.77,49.91,7.97,9.6,0.54,23.37,27.57,82.25,0.93,152.41,0.0,0.93
2025-09-04 11:00:00,27.94,56.21,7.58,9.79,0.44,6.14,27.81,80.46,1.03,166.1,0.0,7.0
2025-09-04 12:00:00,37.8,66.4,6.74,9.68,0.37,7.13,28.88,76.94,0.42,173.41,0.0,17.08
2025-09-04 13:00:00,37.21,56.12,7.48,9.81,0.39,5.76,28.53,78.31,0.48,158.59,0.0,20.52
2025-09-04 14:00:00,32.17,56.97,6.74,9.56,0.36,6.18,27.86,78.97,0.91,159.32,0.0,3.82
2025-09-04 15:00:00,35.54,50.5,5.66,9.56,0.28,7.97,27.56,80.59,0.35,186.4,0.0,3.42
2025-09-04 16:00:00,37.35,43.73,6.22,9.64,0.33,6.53,27.44,80.46,0.38,102.92,0.0,0.82
2025-09-04 17:00:00,28.65,42.06,7.0,9.63,0.35,5.41,26.74,82.48,0.41,124.82,0.0,0.0
2025-09-04 18:00:00,25.94,39.65,11.61,9.73,0.52,3.07,25.89,87.47,0.86,160.44,0.0,0.0
2025-09-04 19:00:00,32.33,59.34,13.08,9.79,0.66,1.85,25.58,89.53,0.64,114.48,0.0,0.0
2025-09-04 20:00:00,26.85,50.05,12.7,9.74,0.63,2.18,25.16,91.61,0.57,89.47,0.0,0.0
2025-09-04 21:00:00,30.9,52.2,9.76,9.59,0.53,7.88,25.4,89.39,0.55,111.45,0.0,0.0
2025-09-04 22:00:00,27.12,46.72,16.6,10.16,0.62,6.26,25.45,89.28,1.36,152.95,0.0,0.0
2025-09-04 23:00:00,31.76,58.51,13.54,10.06,0.47,7.67,25.12,90.85,1.09,154.76,0.0,0.0
2025-09-05 00:00:00,39.01,56.11,14.08,10.44,0.31,8.41,24.82,91.7,1.3,157.62,0.0,0.0
2025-09-05 01:00:00,32.84,57.18,11.74,10.25,0.26,8.51,24.42,94.66,1.07,150.33,0.0,0.0
2025-09-05 02:00:00,26.01,54.32,6.38,10.32,0.24,7.08,24.1,97.21,0.86,120.77,0.0,0.0
2025-09-05 03:00:00,24.83,51.16,8.04,10.72,0.22,7.05,24.2,97.21,1.38,161.38,0.0,0.0
2025-09-05 04:00:00,22.74,48.11,7.82,11.14,0.21,6.71,23.99,97.2,1.36,155.71,0.0,0.0
2025-09-05 05:00:00,16.82,38.55,7.25,11.35,0.22,7.8,23.95,97.21,1.46,167.36,0.0,0.0
2025-09-05 06:00:00,15.08,36.15,7.08,11.64,0.34,6.93,23.94,97.12,1.3,162.38,0.0,0.0
2025-09-05 07:00:00,18.47,33.23,7.05,11.89,0.36,5.93,24.81,91.7,0.52,205.98,0.0,0.0
2025-09-05 08:00:00,14.03,33.81,5.5,11.94,0.34,10.08,25.72,84.36,1.16,157.79,0.0,0.08
2025-09-05 09:00:00,10.18,38.04,6.48,11.67,0.41,11.76,26.54,79.61,1.18,163.68,0.0,0.0
2025-09-05 10:00:00,13.16,39.54,9.8,11.56,0.52,13.99,27.02,79.2,0.79,157.8,0.0,0.0
2025-09-05 11:00:00,21.8,39.49,12.28,11.47,0.45,16.24,28.18,75.5,1.14,164.83,0.0,1.0
2025-09-05 12:00:00,28.05,52.63,11.17,11.55,0.38,16.02,27.65,77.82,0.88,167.67,0.0,1.1
2025-09-05 13:00:00,34.8,55.24,9.29,11.91,0.37,14.51,27.34,80.15,0.83,147.3,0.0,2.48
2025-09-05 14:00:00,26.77,55.74,9.3,11.53,0.36,12.89,27.66,78.9,1.3,167.54,0.0,16.52
2025-09-05 15:00:00,32.91,56.69,8.82,11.56,0.4,13.48,27.15,80.87,1.0,168.78,0.0,7.2
2025-09-05 16:00:00,25.12,55.38,7.25,11.48,0.32,12.98,26.81,82.5,0.52,256.24,0.0,0.38
2025-09-05 17:00:00,17.8,39.25,10.56,11.7,0.51,11.81,26.47,83.16,0.96,160.88,0.0,0.0
2025-09-05 18:00:00,25.61,51.05,13.44,11.78,0.63,9.66,25.67,87.0,0.87,101.98,0.0,0.0
2025-09-05 19:00:00,26.87,46.39,18.3,11.97,0.91,7.8,25.72,87.56,1.36,153.79,0.0,0.0
2025-09-05 20:00:00,39.61,69.58,18.28,12.07,0.94,7.06,25.44,89.86,1.25,166.38,0.0,0.0
2025-09-05 21:00:00,41.49,84.55,16.71,12.21,0.85,6.22,25.29,90.24,1.37,163.12,0.0,0.0
2025-09-05 22:00:00,41.19,75.04,17.53,12.26,0.72,5.67,25.18,91.42,1.41,159.15,0.0,0.0
2025-09-05 23:00:00,46.59,81.04,15.2,12.14,0.52,6.46,24.98,92.03,1.29,161.75,0.0,0.0
2025-09-06 00:00:00,43.82,72.48,10.6,11.96,0.28,8.0,24.77,93.89,1.3,164.77,0.0,0.0
2025-09-06 01:00:00,32.59,58.36,6.64,11.83,0.23,9.11,24.6,95.51,1.31,166.65,0.0,0.0
2025-09-06 02:00:00,26.48,49.31,6.37,11.85,0.22,7.68,24.07,97.19,1.24,150.64,0.0,0.0
2025-09-06 03:00:00,28.31,43.03,7.31,11.92,0.2,6.56,23.7,97.21,1.16,143.37,0.0,0.0
2025-09-06 04:00:00,21.98,37.86,6.92,12.03,0.19,4.18,23.42,97.22,0.67,84.8,0.0,0.0
2025-09-06 05:00:00,17.61,32.43,7.44,12.06,0.22,4.88,23.44,97.21,0.84,156.35,0.0,0.0
2025-09-06 06:00:00,13.74,29.46,8.56,12.05,0.32,6.76,23.92,97.2,1.16,176.46,0.0,0.0
2025-09-06 07:00:00,17.92,34.81,8.82,12.36,0.39,7.89,24.64,93.64,1.29,175.1,0.0,7.3
2025-09-06 08:00:00,14.64,31.63,9.51,12.55,0.41,9.86,25.34,88.93,1.18,172.19,0.0,52.3
2025-09-06 09:00:00,16.14,37.87,10.57,12.94,0.52,11.02,26.13,85.36,0.96,184.35,0.0,4.62
2025-09-06 10:00:00,13.14,40.09,10.3,12.9,0.52,14.16,27.66,79.35,1.28,164.88,0.0,1.03
2025-09-06 11:00:00,22.38,45.0,10.93,12.5,0.37,14.76,27.76,79.65,0.91,168.48,0.0,7.25
2025-09-06 12:00:00,18.25,45.73,11.16,12.25,0.41,14.94,26.18,88.43,0.92,123.37,0.0,3.5
2025-09-06 13:00:00,26.2,49.06,8.44,12.18,0.39,13.64,27.39,82.83,1.01,160.75,0.0,11.2
2025-09-06 14:00:00,23.63,40.06,7.89,12.0,0.34,14.02,27.82,80.69,0.56,152.06,0.0,15.48
2025-09-06 15:00:00,25.31,36.59,5.83,12.07,0.27,14.48,27.14,83.03,0.21,132.78,0.0,2.62
2025-09-06 16:00:00,20.66,34.81,5.2,12.12,0.21,15.13,27.25,80.19,0.63,98.12,0.0,0.48
2025-09-06 17:00:00,15.63,28.48,9.56,12.1,0.46,12.58,26.68,82.51,0.6,118.99,0.0,0.0
2025-09-06 18:00:00,14.46,30.8,14.08,12.21,0.6,8.7,25.85,86.17,1.02,182.25,0.0,0.0
2025-09-06 19:00:00,18.2,34.1,13.66,12.38,0.6,7.69,25.48,89.71,1.02,136.34,0.0,0.0
2025-09-06 20:00:00,26.3,44.01,12.14,12.46,0.4,6.96,25.1,91.86,0.5,82.5,0.0,0.0
2025-09-06 21:00:00,35.13,50.96,12.31,12.28,0.47,6.82,24.82,93.98,0.54,138.1,0.0,0.0
2025-09-06 22:00:00,32.99,45.12,11.76,12.32,0.48,5.68,24.83,94.35,1.2,199.22,0.0,0.0
2025-09-06 23:00:00,34.99,50.5,13.83,12.37,0.42,5.09,24.75,95.18,0.62,111.29,0.0,0.0
2025-09-07 00:00:00,26.62,49.48,7.11,12.33,0.28,6.04,24.52,96.46,0.74,98.5,0.0,0.0
2025-09-07 01:00:00,28.7,41.13,5.96,12.21,0.26,6.02,24.24,97.22,1.01,132.49,0.0,0.0
2025-09-07 02:00:00,22.45,38.92,3.67,12.23,0.22,7.04,24.14,97.2,1.13,263.1,0.0,0.0
2025-09-07 03:00:00,22.08,39.46,3.58,12.38,0.22,5.69,23.86,97.2,1.18,253.74,0.0,0.0
2025-09-07 04:00:00,20.31,31.91,4.86,12.34,0.22,5.06,23.94,97.21,0.88,121.14,0.0,0.0
2025-09-07 05:00:00,15.29,32.96,4.99,11.52,0.22,6.72,24.23,97.22,1.22,160.01,0.0,0.0
2025-09-07 06:00:00,13.74,29.34,5.6,9.71,0.38,5.1,24.36,97.22,1.05,138.18,0.0,0.0
2025-09-07 07:00:00,12.45,27.98,7.26,9.73,0.4,7.06,25.0,95.73,1.04,155.77,0.0,0.0
2025-09-07 08:00:00,16.43,27.98,5.62,9.67,0.33,8.86,26.0,91.2,0.62,150.05,0.0,0.05
2025-09-07 09:00:00,12.95,31.42,5.6,9.59,0.32,11.35,27.11,85.51,0.44,144.16,0.0,0.02
2025-09-07 10:00:00,9.68,30.56,5.58,9.67,0.32,11.09,28.11,79.95,0.79,164.21,0.0,1.6
2025-09-07 11:00:00,25.87,34.64,5.82,9.68,0.32,15.19,29.46,71.42,1.11,154.46,0.0,4.12
2025-09-07 12:00:00,23.8,41.4,5.68,9.67,0.24,15.24,30.07,70.64,0.46,177.71,0.0,4.07
2025-09-07 13:00:00,17.26,36.88,4.56,9.77,0.26,15.01,30.3,70.99,0.4,132.74,0.0,8.08
2025-09-07 14:00:00,19.21,32.66,4.46,9.8,0.21,16.85,30.73,68.97,0.46,223.71,0.0,4.03
2025-09-07 15:00:00,14.99,34.24,5.68,9.63,0.23,18.19,30.46,69.48,0.67,128.39,0.0,29.25
2025-09-07 16:00:00,12.93,34.47,3.96,9.72,0.23,13.92,29.78,71.05,0.58,158.06,0.0,4.53
2025-09-07 17:00:00,13.82,36.79,6.58,9.55,0.29,14.46,29.45,71.94,0.47,155.63,0.0,0.0
2025-09-07 18:00:00,15.22,30.78,10.68,9.86,0.47,13.66,28.26,74.53,0.58,178.98,0.0,0.0
2025-09-07 19:00:00,17.15,33.31,20.04,9.86,0.78,9.15,27.46,78.72,0.85,196.39,0.0,0.0
2025-09-07 20:00:00,22.78,43.28,14.04,10.13,0.52,12.24,26.58,85.46,1.05,312.1,0.0,0.0
2025-09-07 21:00:00,28.77,44.67,9.29,9.78,0.36,7.32,26.23,87.52,0.99,171.55,0.0,0.0
2025-09-07 22:00:00,22.72,41.14,11.28,9.89,0.47,5.34,26.12,89.87,1.22,319.16,0.0,0.0
2025-09-07 23:00:00,17.07,36.08,14.55,10.19,0.58,5.94,26.28,88.49,0.88,188.2,0.0,0.0
2025-09-08 00:00:00,13.37,38.59,9.33,10.11,0.35,7.56,25.95,90.65,1.02,176.64,0.0,0.0
2025-09-08 01:00:00,17.35,39.91,6.35,9.96,0.26,6.6,25.42,93.88,1.12,248.44,0.0,0.0
2025-09-08 02:00:00,16.45,37.49,6.24,9.82,0.37,6.04,24.85,96.94,1.05,244.87,0.0,0.0
2025-09-08 03:00:00,13.94,36.98,3.51,9.8,0.18,6.82,24.51,96.91,1.08,187.98,0.0,0.0
2025-09-08 04:00:00,10.92,32.99,4.25,9.9,0.24,6.16,24.74,96.59,0.97,110.75,0.0,0.0
2025-09-08 05:00:00,7.89,29.13,3.72,9.85,0.21,6.74,24.67,96.53,0.81,135.78,0.0,0.0
2025-09-08 06:00:00,13.78,21.92,6.36,9.99,0.26,5.89,24.9,95.96,0.97,185.92,0.0,0.0
2025-09-08 07:00:00,10.95,32.09,10.88,10.18,0.47,5.52,25.44,93.39,1.03,179.3,0.0,0.0
2025-09-08 08:00:00,8.69,31.78,5.22,10.13,0.32,7.6,25.67,92.68,1.24,347.69,0.0,0.0
2025-09-08 09:00:00,9.28,38.31,4.36,10.11,0.29,9.31,25.89,91.9,0.93,336.65,0.0,0.0
2025-09-08 10:00:00,10.37,32.48,4.56,9.86,0.32,8.81,26.36,87.46,1.08,256.06,0.0,1.02
2025-09-08 11:00:00,11.15,31.35,5.26,9.79,0.34,12.29,27.1,84.17,1.29,329.01,0.0,0.25
2025-09-08 12:00:00,34.40402214281748,63.75566718901415,9.31,6.36,0.4401369714898542,13.98,27.33,83.3,0.99,177.95,0.0,0.2
2025-09-08 13:00:00,2.7,17.571434240664203,6.94,2.77,0.17,15.81,29.03,76.65,1.14,348.7,0.0,0.08
2025-09-08 14:00:00,26.99,50.966234955600115,4.03,8.954738496661932,0.18,17.7,29.19,74.3,1.49,344.52,0.0,0.08
2025-09-08 15:00:00,24.66,34.98,6.24,0.08,0.18,21.206702403022064,29.08,74.29,1.21,338.88,0.0,0.0
2025-09-08 16:00:00,17.69,33.44,3.7810645520327117,2.91,0.18,22.972186240345913,29.19,72.03,1.36,355.3,0.0,1.02
2025-09-08 17:00:00,13.72,39.82,9.16,3.03,0.2,23.72,28.64,74.3,1.33,337.98,0.0,0.0
2025-09-08 18:00:00,20.93,41.41,10.81,2.12,0.4,14.78,27.13,81.77,1.04,216.82,0.0,0.0
2025-09-08 19:00:00,19.98,46.98,15.8,3.1,0.55,10.08,26.15,89.48,1.23,289.57,0.0,0.0
2025-09-08 20:00:00,21.63,54.4,18.3,3.13,0.61,7.89,25.76,92.42,1.22,292.86,0.0,0.0
2025-09-08 21:00:00,18.57,57.49,12.76,3.06,0.47,7.01,25.41,95.65,1.26,293.89,0.0,0.0
2025-09-08 22:00:00,19.78,62.06,13.38,3.26,0.48,7.21,25.33,96.36,1.27,333.12,0.0,0.0
2025-09-08 23:00:00,16.88,57.58,12.66,4.51,0.57,7.7,25.09,97.26,1.0,311.56,0.0,0.0
2025-09-09 00:00:00,19.88,45.29,8.64,7.16,0.37,10.17,24.7,97.2,1.11,257.28,0.0,0.0
2025-09-09 01:00:00,20.66,37.62,8.1,7.07,0.25,4.81,24.49,97.2,1.14,335.92,0.0,0.0
2025-09-09 02:00:00,27.47,37.96,10.12,7.63,0.19,2.51,24.32,97.2,1.04,257.08,0.0,0.0
2025-09-09 03:00:00,19.28,34.84,6.44,9.72,0.16,4.49,24.4,95.91,1.02,260.58,0.0,0.0
2025-09-09 04:00:00,15.64,25.16,4.2,9.73,0.15,5.33,23.88,96.97,0.88,151.0,0.0,0.0
2025-09-09 05:00:00,16.32,29.49,4.95,9.82,0.16,4.98,23.66,97.21,1.16,174.64,0.0,0.0
2025-09-09 06:00:00,11.86,31.23,5.9,9.83,0.19,5.26,24.14,97.06,0.98,252.38,0.0,0.0
2025-09-09 07:00:00,21.4,34.27,8.2,10.08,0.31,7.26,25.74,89.76,1.01,256.52,0.0,0.0
2025-09-09 08:00:00,16.22,32.63,7.99,10.23,0.32,10.93,27.22,82.71,0.96,336.82,0.0,14.27
2025-09-09 09:00:00,15.4,42.39,8.66,10.17,0.21,12.28,28.98,76.79,1.16,345.29,0.0,31.58
2025-09-09 10:00:00,17.57,40.02,17.92,10.24,0.19,11.68,30.46,71.5,0.76,266.37,0.0,21.88
2025-09-09 11:00:00,20.06,52.3,19.2,10.83,0.25,17.76,31.08,69.77,0.88,330.6,0.0,40.05
2025-09-09 12:00:00,27.49,51.02,29.25,11.34,0.25,15.23,31.47,69.21,0.72,331.04,0.0,31.92
2025-09-09 13:00:00,30.52,66.22,26.56,9.44,0.26,17.48,32.13,65.72,0.88,210.22,0.0,1.88
2025-09-09 14:00:00,37.07,86.05,23.42,9.89,0.25,18.47,31.75,66.54,0.88,282.3,0.0,0.2
2025-09-09 15:00:00,39.64,85.1,2.88,26.065052478453413,0.25,103.58,27.92,74.27,1.43,323.69,0.0,0.0
2025-09-09 16:00:00,30.09,57.01,12.78,12.12,0.41,2.55,25.11,95.48,0.92,256.59,1.1,0.0
2025-09-09 17:00:00,22.34,44.97,12.0,11.56,0.4,3.77,24.6,97.26,0.81,262.12,0.05,0.0
2025-09-09 18:00:00,20.36,43.8,18.9,9.3,0.53,0.04,23.99,97.3,0.96,335.77,0.0,0.0
2025-09-09 19:00:00,20.74,42.87,17.05,9.45,0.57,0.83,24.04,97.27,1.04,308.6,0.0,0.0
2025-09-09 20:00:00,32.92,60.97,9.57,8.72,0.31,1.71,24.11,97.27,1.16,324.93,0.0,0.0
2025-09-09 21:00:00,27.88,54.4,4.82,8.45,0.21,2.39,24.14,97.2,1.2,349.8,0.0,0.0
2025-09-09 22:00:00,28.88,42.32,2.84,8.39,0.18,5.74,24.27,97.18,1.16,254.27,0.0,0.0
2025-09-09 23:00:00,20.88,32.69,4.08,8.77,0.27,8.86,24.2,96.92,0.83,264.64,0.0,0.0
2025-09-10 00:00:00,14.84,30.33,3.18,8.56,0.22,7.64,24.36,96.87,1.2,251.23,0.0,0.0
2025-09-10 01:00:00,11.56,28.32,2.35,8.56,0.21,5.94,24.37,96.84,0.92,309.41,0.0,0.0
2025-09-10 02:00:00,9.1,27.18,2.44,8.88,0.2,5.92,24.12,96.86,1.29,322.36,0.0,0.0
2025-09-10 03:00:00,7.2,32.33,3.24,9.59,0.24,5.03,23.92,96.82,0.77,311.0,0.0,0.0
2025-09-10 04:00:00,6.36,33.15,2.45,9.43,0.22,5.06,23.84,97.16,1.06,334.06,0.0,0.0
2025-09-10 05:00:00,12.56,31.44,2.27,9.55,0.23,5.73,23.58,97.19,0.95,337.12,0.0,0.0
2025-09-10 06:00:00,13.45,24.87,2.71,9.68,0.24,5.35,24.12,97.24,1.06,266.82,0.0,0.0
2025-09-10 07:00:00,10.34,24.41,3.12,9.74,0.26,7.7,25.56,94.62,1.16,350.11,0.0,0.22
2025-09-10 08:00:00,7.71,19.71,3.62,9.94,0.28,11.36,27.14,86.16,1.46,259.29,0.0,0.85
2025-09-10 09:00:00,6.38,23.76,9.65,9.91,0.28,11.3,29.11,79.77,1.03,349.16,0.0,0.95
2025-09-10 10:00:00,11.46,34.4,8.44,9.68,0.3,23.87,30.83,72.84,0.67,260.76,0.0,0.5
2025-09-10 11:00:00,23.66,37.92,6.18,10.27,0.24,22.0,30.84,71.98,1.15,339.45,0.0,3.1
2025-09-10 12:00:00,27.6,43.45,13.02,12.63,0.27,25.52,32.18,66.25,0.98,348.65,0.05,3.1
2025-09-10 13:00:00,19.86,45.6,10.51,11.55,0.2,25.0,33.14,64.58,0.92,347.15,0.0,9.8
2025-09-10 14:00:00,22.76,53.52,1.72,10.63,0.2,23.26,32.46,66.14,1.34,348.61,0.0,5.48
2025-09-10 15:00:00,21.9,44.04,1.58,10.18,0.2,23.92,30.58,74.15,1.7,345.55,0.0,6.22
2025-09-10 16:00:00,18.96,38.36,1.97,10.06,0.24,23.98,29.26,75.58,1.61,342.82,0.0,0.0
2025-09-10 17:00:00,19.96,35.87,3.8,10.08,0.25,28.76,28.54,77.75,1.28,346.63,0.0,0.0
2025-09-10 18:00:00,17.5,26.94,7.81,9.91,0.36,15.79,27.92,81.25,1.05,324.29,0.0,0.0
2025-09-10 19:00:00,17.37,32.19,8.18,10.12,0.44,10.63,27.48,85.33,0.95,326.99,0.0,0.0
2025-09-10 20:00:00,13.16,33.4,9.74,10.17,0.43,7.72,26.08,96.87,0.6,279.65,0.0,0.0
2025-09-10 21:00:00,10.62,41.02,8.13,10.08,0.62,7.0,26.26,96.93,0.7,276.22,0.0,0.0
2025-09-10 22:00:00,17.3,41.46,11.53,10.24,0.69,6.94,26.08,97.12,1.14,177.86,0.0,0.0
2025-09-10 23:00:00,24.65,50.16,11.83,10.18,0.46,8.15,25.47,97.21,1.06,171.4,0.0,0.0
2025-09-11 00:00:00,24.79,46.78,8.16,9.9,0.35,7.17,25.28,97.17,1.13,156.06,0.0,0.0
2025-09-11 01:00:00,28.68,51.3,5.56,9.84,0.24,4.87,25.17,97.14,1.1,147.38,0.0,0.0
2025-09-11 02:00:00,20.55,45.7,4.17,9.82,0.23,3.41,24.9,97.19,0.87,181.27,0.0,0.0
2025-09-11 03:00:00,14.56,43.96,6.67,10.07,0.32,4.55,24.72,97.24,0.96,43.85,0.0,0.0
2025-09-11 04:00:00,11.21,41.39,5.23,9.97,0.18,6.1,24.55,96.67,0.85,258.02,0.0,0.0
2025-09-11 05:00:00,8.52,40.08,4.88,9.8,0.17,8.27,24.47,95.46,0.71,16.2,0.0,0.0
2025-09-11 06:00:00,10.49,37.22,5.46,9.88,0.2,8.85,24.79,93.13,1.11,100.02,0.0,0.0
2025-09-11 07:00:00,12.1,47.03,5.02,9.79,0.22,10.65,25.84,87.65,1.23,176.06,0.0,5.2
2025-09-11 08:00:00,17.39,55.46,3.84,10.06,0.22,13.91,27.04,82.77,1.25,269.09,0.0,11.15
2025-09-11 09:00:00,18.88,55.57,3.8,10.08,0.22,18.48,28.44,78.13,1.39,350.6,0.0,15.98
2025-09-11 10:00:00,13.71,52.08,4.22,10.34,0.23,22.01,29.96,73.46,1.54,350.38,0.0,32.92
2025-09-11 11:00:00,10.4,50.28,3.42,10.07,0.2,21.27,30.68,72.28,1.3,348.52,0.0,2.6
2025-09-11 12:00:00,18.42,51.24,9.75,10.12,0.27,16.58,26.4,93.79,1.05,347.96,0.65,0.1
2025-09-11 13:00:00,15.85,50.32,3.77,10.12,0.2,15.92,26.7,89.56,1.32,346.77,0.0,0.12
2025-09-11 14:00:00,12.18,38.34,7.45,10.07,0.26,16.08,25.0,94.01,1.12,263.26,0.15,0.0
2025-09-11 15:00:00,20.98,43.17,9.0,10.07,0.32,16.58,24.09,97.15,1.16,331.66,0.6,0.0
2025-09-11 16:00:00,18.72,41.1,18.36,10.27,0.64,10.1,24.76,97.24,1.18,163.04,0.05,0.0
2025-09-11 17:00:00,21.12,38.5,19.67,10.72,1.48,8.22,25.33,97.27,1.25,235.59,0.05,0.0
2025-09-11 18:00:00,17.95,50.49,19.29,11.03,1.11,4.14,25.02,97.3,1.17,156.13,0.0,0.0
2025-09-11 19:00:00,18.61,63.71,17.02,10.43,0.85,5.47,24.75,97.29,0.96,165.07,0.0,0.0
2025-09-11 20:00:00,28.34,64.4,12.83,10.22,0.36,13.02,22.93,97.3,0.44,141.36,2.95,0.0
2025-09-11 21:00:00,20.02,50.19,12.81,10.01,0.47,13.88,22.45,97.19,0.76,247.06,0.7,0.0
2025-09-11 22:00:00,20.88,41.71,19.4,10.11,0.53,8.41,22.84,97.18,0.78,224.58,0.3,0.0
2025-09-11 23:00:00,29.54,41.68,16.8,10.64,0.41,9.46,22.75,97.29,0.63,251.64,0.1,0.0
2025-09-12 00:00:00,20.69,37.03,7.79,10.07,0.2,13.12,22.76,97.3,0.93,319.73,0.0,0.0
2025-09-12 01:00:00,15.08,30.34,8.09,10.03,0.16,12.33,23.04,97.29,0.74,327.35,0.05,0.0
2025-09-12 02:00:00,15.2,28.28,3.43,9.84,0.14,12.88,23.32,97.3,1.08,260.0,0.0,0.0
2025-09-12 03:00:00,14.95,28.58,2.52,9.78,0.2,13.9,23.42,97.3,1.28,346.4,0.45,0.0
2025-09-12 04:00:00,11.92,28.42,1.39,9.88,0.22,16.68,23.24,97.17,1.23,259.97,0.05,0.0
2025-09-12 05:00:00,29.83,31.57,1.68,9.86,0.19,14.04,23.45,97.17,1.12,341.84,0.25,0.0
2025-09-12 06:00:00,22.28,33.55,2.21,9.83,0.18,12.08,23.58,97.29,1.3,256.69,0.0,0.0
2025-09-12 07:00:00,15.82,30.09,2.5,10.07,0.24,12.15,23.94,97.29,1.43,264.06,0.05,5.5
2025-09-12 08:00:00,17.68,30.0,3.83,10.19,0.36,13.42,24.93,97.29,1.43,355.14,0.0,42.02
2025-09-12 09:00:00,13.3,26.43,6.14,10.2,0.32,13.13,26.51,92.75,1.32,342.01,0.0,18.78
2025-09-12 10:00:00,11.74,27.96,6.23,10.16,0.27,14.93,27.22,87.96,1.36,346.21,0.0,31.4
2025-09-12 11:00:00,10.92,33.88,4.32,10.04,0.28,18.9,27.96,86.78,0.95,210.97,0.15,11.9
2025-09-12 12:00:00,19.47,36.49,7.47,10.1,0.43,16.34,28.28,89.86,0.63,252.94,0.0,16.82
2025-09-12 13:00:00,22.86,39.2,3.92,10.32,0.23,17.13,29.17,82.25,0.86,264.12,0.0,40.78
2025-09-12 14:00:00,16.89,38.06,1.68,10.21,0.19,21.09,29.64,78.1,1.03,346.63,0.0,66.38
2025-09-12 15:00:00,15.09,31.97,2.39,10.28,0.21,20.5,29.74,77.59,0.88,270.82,0.0,53.22
2025-09-12 16:00:00,18.82,33.32,2.86,10.35,0.28,19.12,28.28,81.87,1.33,345.6,0.0,3.12
2025-09-12 17:00:00,14.82,25.13,5.92,10.1,0.24,18.26,25.42,94.52,1.13,331.06,0.0,0.0
2025-09-12 18:00:00,18.5,34.19,7.7,9.98,0.35,14.83,25.15,97.04,1.1,333.45,0.0,0.0
2025-09-12 19:00:00,17.56,30.2,5.88,10.08,0.3,13.74,25.16,96.55,1.22,334.6,0.0,0.0
2025-09-12 20:00:00,16.91,39.23,11.57,10.34,0.8,8.55,25.02,97.23,1.07,231.79,0.0,0.0
2025-09-12 21:00:00,12.66,37.08,11.51,10.12,0.39,13.36,23.94,97.25,1.34,218.07,0.6,0.0
2025-09-12 22:00:00,9.35,34.06,9.96,10.22,0.25,14.53,23.31,97.27,1.03,326.72,0.2,0.0
2025-09-12 23:00:00,7.33,24.76,9.74,10.21,0.18,12.16,23.37,97.26,1.04,330.4,0.0,0.0
2025-09-13 00:00:00,13.44,24.59,7.94,9.38,0.18,9.3,23.38,97.25,1.03,325.64,0.05,0.0
2025-09-13 01:00:00,8.09,20.72,5.88,10.2,0.19,23.254359453542023,23.5,97.26,1.14,194.54,0.0,0.0
2025-09-13 02:00:00,8.52,17.58,6.16,10.6,0.21,21.813509218204885,23.8,97.26,0.93,320.63,0.5,0.0
2025-09-13 03:00:00,9.08,23.26,4.36,10.5,0.23,23.11758434180313,24.12,97.26,0.66,222.24,0.0,0.0
2025-09-13 04:00:00,8.3,21.28,6.86,10.6,0.25,21.983551692320617,23.98,97.26,1.12,333.98,0.05,0.0
2025-09-13 05:00:00,8.78,21.87,5.42,10.37,0.27,21.49696755673421,23.89,97.21,0.8,266.2,0.0,0.0
2025-09-13 06:00:00,16.7850759421698,32.58,4.61,10.26,0.31,23.171061716145015,24.08,97.17,1.28,331.04,0.0,0.0
2025-09-13 07:00:00,14.309477412196133,27.52,5.22,10.41,0.5,16.609644833945,24.99,97.21,1.1,347.5,0.0,0.0
2025-09-13 08:00:00,9.97,36.78,3.48,10.55,0.28,0.46,26.22,95.28,0.97,180.49,0.0,0.52
2025-09-13 09:00:00,8.62,34.59,2.37,10.5,0.2,1.23,27.8,84.97,0.93,179.76,0.0,7.43
2025-09-13 10:00:00,14.469777421205517,27.69,2.38,10.42,0.24,4.16,28.42,81.27,0.93,94.93,0.0,5.32
2025-09-13 11:00:00,14.919474253085376,28.54,2.26,10.49,0.24,7.06,29.03,79.57,1.06,255.08,0.0,7.32
2025-09-13 12:00:00,14.573504226682427,27.97,2.05,10.42,0.26,12.17,30.44,75.65,0.83,181.8,0.0,11.7
2025-09-13 13:00:00,16.31,29.18,3.2,10.29,0.28,10.52,30.71,75.57,0.82,188.55,0.0,7.43
2025-09-13 14:00:00,22.71,36.66,2.76,9.13,0.28,9.27,30.69,75.69,0.76,174.04,0.0,3.75
2025-09-13 15:00:00,19.87,37.03,3.15,6.55,0.28,7.48,29.56,77.74,1.15,252.23,0.0,0.0
2025-09-13 16:00:00,20.53,43.33,6.46,6.72,0.29,5.32,27.28,81.49,0.88,131.42,0.0,0.0
2025-09-13 17:00:00,21.31,34.44,15.17,6.63,0.48,16.533003486355703,24.8,96.62,0.72,242.21,0.05,0.0
2025-09-13 18:00:00,21.14,38.75,12.89,8.25,0.62,15.117973694586915,24.83,97.3,1.23,307.51,0.05,0.0
2025-09-13 19:00:00,15.68,32.34,17.83,8.69,0.93,5.202116395664612,24.75,97.22,1.32,304.94,0.0,0.0
2025-09-13 20:00:00,28.07,42.5,13.82,8.71,0.81,10.735407598891886,24.86,96.97,1.1,315.78,0.0,0.0
2025-09-13 21:00:00,26.58,45.69,4.98,8.4,0.37,23.963253815234776,24.56,96.9,1.36,344.48,0.0,0.0
2025-09-13 22:00:00,22.06,43.11,4.94,8.56,0.28,26.088395904038794,24.19,96.92,1.33,329.17,0.0,0.0
2025-09-13 23:00:00,16.72,38.04,4.9,8.43,0.3,24.305735914505206,24.19,96.92,1.44,334.12,0.0,0.0
2025-09-14 00:00:00,24.06,28.46,4.2,8.44,0.35,18.97667124378222,23.98,96.94,1.12,333.32,0.0,0.0
2025-09-14 01:00:00,19.46,38.49,3.44,8.2,0.29,24.35796113171476,23.88,97.2,1.25,330.64,0.0,0.0
2025-09-14 02:00:00,15.12,37.42,3.05,8.18,0.22,0.27,23.93,97.2,1.39,335.7,0.0,0.0
2025-09-14 03:00:00,18.02,35.95,2.43,8.28,0.3,23.43859690527759,23.78,97.16,1.18,320.42,0.0,0.0
2025-09-14 04:00:00,24.25,37.4,3.32,8.32,0.41,20.3018398644918,23.67,97.26,1.06,291.88,0.0,0.0
2025-09-14 05:00:00,17.96,31.7,3.19,8.38,0.37,20.140077672997684,23.64,97.3,0.78,287.76,0.0,0.0
2025-09-14 06:00:00,16.56,33.36,4.86,8.4,0.45,18.64213706035323,24.08,97.29,1.32,319.32,0.0,0.0
2025-09-14 07:00:00,14.6,39.67,5.52,8.43,0.4,22.338629383022713,25.55,96.65,0.85,179.22,0.0,0.22
2025-09-14 08:00:00,21.53,48.76,7.92,8.34,0.47,22.70015429674022,27.0,91.07,0.65,240.16,0.0,8.12
2025-09-14 09:00:00,21.44,46.1,10.35,8.38,0.56,2.93,28.41,84.85,0.72,155.51,0.0,30.62
2025-09-14 10:00:00,33.39,58.3,10.7,8.17,0.54,1.56,28.95,81.34,0.72,152.99,0.0,35.05
2025-09-14 11:00:00,30.72,62.2,5.88,8.39,0.38,4.36,30.17,78.42,0.37,27.12,0.0,46.37
2025-09-14 12:00:00,26.15,49.85,7.69,8.58,0.4,12.76,31.38,71.26,0.4,77.12,0.0,38.68
2025-09-14 13:00:00,21.74,54.96,14.15,8.68,0.52,12.06,31.19,71.76,1.03,151.26,0.0,21.87
2025-09-14 14:00:00,26.76,61.07,11.4,8.54,0.53,6.8,30.11,77.6,1.31,182.24,0.0,0.0
2025-09-14 15:00:00,30.3,59.18,9.29,8.52,0.4,10.44,30.06,78.2,0.86,204.36,0.0,0.0
2025-09-14 16:00:00,27.85,56.72,9.04,8.31,0.39,12.78,29.4,82.44,0.83,179.59,0.0,0.0
2025-09-14 17:00:00,33.35,60.09,4.28,8.24,0.25,3.36,25.89,95.39,1.0,341.66,0.0,0.0
2025-09-14 18:00:00,29.83,48.8,7.55,8.55,0.4,0.12,25.39,97.26,1.28,317.36,0.0,0.0
2025-09-14 19:00:00,21.66,42.54,8.01,8.36,0.38,23.041674272917763,25.11,97.25,1.2,296.54,0.0,0.0
2025-09-14 20:00:00,18.73,34.97,9.86,8.57,0.46,18.677104014592672,25.06,97.26,1.0,324.25,0.0,0.0
2025-09-14 21:00:00,20.29,37.55,9.93,8.39,0.48,18.74770150875122,25.17,97.26,1.23,331.68,0.0,0.0
2025-09-14 22:00:00,24.54,39.66,7.53,8.61,0.48,19.19715162987212,25.23,97.27,1.11,328.23,0.0,0.0
2025-09-14 23:00:00,18.58,42.52,8.68,8.41,0.48,20.640433001883487,25.23,97.15,1.2,344.98,0.0,0.0
2025-09-15 00:00:00,31.86,48.0,5.73,8.25,0.34,24.92506777499846,25.17,97.15,1.22,195.99,0.0,0.0
2025-09-15 01:00:00,30.72,49.4,4.45,8.42,0.33,25.90586983047516,25.12,97.26,1.01,312.29,0.0,0.0
2025-09-15 02:00:00,21.74,44.88,3.14,8.37,0.27,26.928148471021707,24.9,97.27,1.04,322.35,0.0,0.0
2025-09-15 03:00:00,21.18,45.49,3.14,8.24,0.3,26.305248242590444,24.78,97.27,1.25,321.56,0.0,0.0
2025-09-15 04:00:00,22.12,43.04,2.77,8.27,0.34,24.31633045537466,24.82,97.28,1.09,326.36,0.0,0.0
2025-09-15 05:00:00,31.88,43.88,2.47,8.1,0.36,22.97480529476401,24.89,97.27,1.15,324.69,0.0,0.0
2025-09-15 06:00:00,26.52,50.38,2.39,8.08,0.65,17.81881943451493,25.03,97.17,0.67,271.96,0.0,0.0
2025-09-15 07:00:00,35.72,55.19,3.9,8.49,0.96,10.257957389796177,25.59,97.17,0.85,222.3,0.0,0.0
2025-09-15 08:00:00,43.84,68.76,9.09,8.74,0.81,18.12303693661406,26.3,97.26,0.66,34.84,0.0,10.7
2025-09-15 09:00:00,37.85,65.39,39.3,8.83,1.08,9.64764317767424,27.95,90.33,0.71,180.91,0.0,78.15
2025-09-15 10:00:00,35.14,72.22,18.74,8.9,1.02,14.3452757561783,28.54,86.48,1.07,165.45,0.0,88.3
2025-09-15 11:00:00,34.2,79.39,16.86,8.75,0.71,7.12,29.26,82.53,1.27,163.83,0.0,76.73
2025-09-15 12:00:00,42.93,80.47,15.15,4.52,0.52,20.39,29.47,81.14,0.57,196.8,0.0,69.62
2025-09-15 13:00:00,39.12,76.02,10.78,5.4,0.35,18.48,27.38,88.63,0.83,256.63,1.95,7.88
2025-09-15 14:00:00,40.63,75.79,17.7,5.4,0.4,17.25,23.06,97.25,1.02,216.51,12.0,0.0
2025-09-15 15:00:00,29.88,49.53,18.59,10.73,0.83,11.01,23.2,97.27,0.65,188.12,0.1,0.0
2025-09-15 16:00:00,21.06,42.49,17.5,10.74,0.62,10.44,23.48,97.26,1.08,244.53,0.25,0.0
2025-09-15 17:00:00,16.93,36.4,22.78,10.95,0.92,7.06,23.62,97.27,1.18,292.61,0.35,0.0
2025-09-15 18:00:00,13.02,31.11,18.32,10.58,0.68,8.16,23.78,97.26,1.33,322.73,0.0,0.0
2025-09-15 19:00:00,19.27,26.35,12.32,10.66,0.65,8.27,24.08,97.25,1.08,297.71,0.0,0.0
2025-09-15 20:00:00,21.04,44.1,29.68,11.14,1.94,5.13,24.2,97.24,0.61,273.96,0.0,0.0
2025-09-15 21:00:00,32.56,41.52,25.22,10.83,1.34,6.6,24.15,97.27,1.19,301.58,0.0,0.0
2025-09-15 22:00:00,30.58,45.08,20.13,10.83,1.16,6.39,24.2,97.29,1.29,333.56,0.0,0.0
2025-09-15 23:00:00,27.19,45.2,12.23,9.68,0.52,5.34,24.04,97.28,1.01,254.64,0.0,0.0
2025-09-16 00:00:00,21.39,34.61,16.53,8.98,0.49,5.51,24.0,97.27,1.01,216.36,0.0,0.0
2025-09-16 01:00:00,16.05,33.39,14.49,10.54,0.6,2.13,24.14,97.3,0.81,267.46,0.0,0.0
2025-09-16 02:00:00,12.69,42.24,14.87,10.7,0.78,4.46,24.1,97.28,1.18,318.72,0.0,0.0
2025-09-16 03:00:00,25.17,43.34,13.57,8.65,0.72,4.54,23.96,97.24,0.94,301.14,0.0,0.0
2025-09-16 04:00:00,23.91,41.82,12.18,7.44,0.47,4.36,23.93,97.26,1.07,328.59,0.0,0.0
2025-09-16 05:00:00,18.27,39.82,6.99,7.57,0.33,4.92,23.98,97.3,0.85,262.82,0.0,0.0
2025-09-16 06:00:00,14.04,41.12,3.96,7.55,0.31,8.53,23.9,97.28,1.12,352.48,0.0,0.0
2025-09-16 07:00:00,17.74,37.28,3.87,7.65,0.33,8.1,24.22,97.24,1.14,305.7,0.0,14.95
2025-09-16 08:00:00,15.54,38.0,4.62,7.83,0.39,6.2,24.91,97.29,1.22,337.68,0.05,87.8
2025-09-16 09:00:00,23.61,40.19,5.8,7.75,0.31,13.6,26.33,96.05,0.85,202.05,0.0,100.07
2025-09-16 10:00:00,27.12,53.94,17.61,7.81,0.56,25.51,27.48,87.18,0.84,213.22,0.0,100.6
2025-09-16 11:00:00,47.93,57.45,13.98,7.71,0.47,34.96,28.06,85.79,0.98,210.54,0.0,84.55
2025-09-16 12:00:00,32.01,58.35,3.48,9.61,0.31,80.84,28.9,81.32,1.27,339.05,0.0,108.73
2025-09-16 13:00:00,29.33,71.34,7.8,9.99,0.4,34.35,29.92,77.92,0.89,328.62,0.0,114.6
2025-09-16 14:00:00,36.58,67.75,2.9,9.07,0.31,34.74,29.8,77.27,0.8,343.08,0.0,121.52
2025-09-16 15:00:00,29.87,61.96,4.15,11.13,0.35,33.81,29.94,77.69,0.94,175.44,0.0,95.22
2025-09-16 16:00:00,30.8,60.07,12.45,10.9,0.77,28.92,29.16,81.51,0.89,128.01,0.0,13.6
2025-09-16 17:00:00,42.18,67.05,21.84,12.04,1.11,24.23,27.05,90.07,1.05,202.52,0.1,0.0
2025-09-16 18:00:00,43.95,63.19,5.42,11.84,0.22,26.19,23.29,97.19,0.5,137.91,11.3,0.0
2025-09-16 19:00:00,30.8,48.34,13.97,12.22,0.61,17.08,23.06,97.3,0.7,121.78,0.75,0.0
2025-09-16 20:00:00,23.38,36.68,19.6,12.34,0.72,14.15,23.18,97.3,1.14,260.68,0.45,0.0
2025-09-16 21:00:00,16.42,29.68,11.04,12.18,0.38,18.25,23.15,97.31,1.14,253.92,0.05,0.0
2025-09-16 22:00:00,12.36,28.02,5.98,11.99,0.23,18.39,23.04,97.3,1.25,335.95,0.0,0.0
2025-09-16 23:00:00,9.67,29.52,5.07,11.97,0.24,15.26,23.18,97.31,0.98,301.55,0.0,0.0
2025-09-17 00:00:00,9.05,27.85,2.69,8.74,0.17,17.04,23.16,97.24,1.11,326.83,0.05,0.0
2025-09-17 01:00:00,18.54,21.14,4.42,7.49,0.22,13.91,23.32,97.25,0.98,224.36,0.05,0.0
2025-09-17 02:00:00,18.12,28.67,4.85,7.63,0.24,10.86,23.23,97.3,1.03,95.45,0.0,0.0
2025-09-17 03:00:00,12.94,20.78,5.1,7.69,0.24,11.28,23.15,97.31,1.19,269.9,0.0,0.0
2025-09-17 04:00:00,9.54,19.65,9.24,7.62,0.27,10.36,23.26,97.31,1.22,207.28,0.05,0.0
2025-09-17 05:00:00,6.94,20.75,6.21,7.67,0.27,10.9,23.21,97.31,1.34,157.73,0.0,0.0
2025-09-17 06:00:00,6.02,20.7,8.6,7.63,0.52,8.64,23.34,97.32,1.18,154.37,0.0,0.0
2025-09-17 07:00:00,10.86,23.78,7.14,7.55,0.48,7.59,23.86,97.24,0.75,120.72,0.0,0.95
2025-09-17 08:00:00,19.7,30.58,7.33,7.61,0.99,7.51,24.15,97.25,1.34,166.09,0.0,0.0
2025-09-17 09:00:00,14.24,24.15,8.63,7.8,0.84,9.53,24.75,97.29,1.02,165.84,0.0,7.12
2025-09-17 10:00:00,19.07,25.89,8.9,7.49,0.72,14.13,26.94,90.93,1.06,164.54,0.0,44.12
2025-09-17 11:00:00,14.31,29.16,9.19,7.26,0.52,17.13,28.44,82.54,0.65,158.18,0.0,54.03
2025-09-17 12:00:00,10.74,30.28,10.49,7.55,0.47,27.35,29.84,75.97,0.93,171.7,0.0,82.45
2025-09-17 13:00:00,15.63,36.82,11.79,0.74,0.5,29.06,30.06,74.12,0.81,149.83,0.0,79.75
2025-09-17 14:00:00,30.06,42.58,8.51,0.46,0.4,26.29,29.38,76.99,0.44,155.65,0.0,67.9
2025-09-17 15:00:00,38.63,47.64,13.24,2.44,0.56,32.08,30.26,71.5,1.1,154.4,0.0,78.15
2025-09-17 16:00:00,22.03,46.55,13.86,5.54,0.59,24.71,29.81,73.68,0.84,113.83,0.0,11.95
2025-09-17 17:00:00,21.2,42.5,14.33,5.72,0.68,16.8,27.81,83.96,0.58,291.6,0.0,0.0
2025-09-17 18:00:00,22.7,42.17,7.62,5.61,0.4,18.16,26.35,91.54,1.34,325.25,0.0,0.0
2025-09-17 19:00:00,19.7,36.77,4.98,5.42,0.27,17.36,25.51,96.79,1.51,348.39,0.0,0.0
2025-09-17 20:00:00,19.73,35.53,7.07,5.5,0.3,17.03,25.12,97.2,1.12,330.07,0.0,0.0
2025-09-17 21:00:00,32.39,36.78,8.9,5.3,0.25,18.67,24.64,96.98,1.0,257.1,0.0,0.0
2025-09-17 22:00:00,28.87,31.22,5.85,5.34,0.29,14.86,24.36,97.23,0.78,148.58,0.0,0.0
2025-09-17 23:00:00,20.43,36.5,9.0,5.61,0.5,9.1,24.24,97.28,0.95,323.83,0.0,0.0
2025-09-18 00:00:00,18.63,31.44,7.56,5.72,0.39,10.49,24.3,97.26,1.1,287.62,0.0,0.0
2025-09-18 01:00:00,14.91,31.1,5.37,5.8,0.34,8.79,24.3,97.26,0.99,176.5,0.0,0.0
2025-09-18 02:00:00,13.4,40.86,6.29,6.17,0.5,6.76,24.08,97.28,0.64,201.5,0.0,0.0
2025-09-18 03:00:00,15.74,41.1,6.53,10.06,0.42,7.93,23.84,97.25,0.93,182.66,0.0,0.0
2025-09-18 04:00:00,44.81786545845669,84.47180783555406,19.486392245612098,17.04841682164542,0.5983319546048915,33.34192758719134,,,,,,
2025-09-18 05:00:00,31.92,41.32,6.29,9.82,0.32,8.64,23.56,97.26,1.08,270.88,0.0,0.0
2025-09-18 06:00:00,29.17,44.91,3.44,9.94,0.66,8.78,23.99,97.26,1.02,232.18,0.0,0.0
2025-09-18 07:00:00,20.58,48.8,8.24,9.98,0.5,7.29,25.13,97.18,0.65,91.39,0.0,19.2
2025-09-18 08:00:00,22.68,47.96,10.63,9.88,0.78,4.83,26.18,93.25,1.36,161.61,0.0,44.92
2025-09-18 09:00:00,17.2,45.87,11.43,9.78,0.82,5.9,27.48,85.74,1.2,166.07,0.0,79.38
2025-09-18 10:00:00,18.78,47.9,9.56,9.56,0.49,10.11,28.59,80.57,0.59,227.68,0.0,106.65
2025-09-18 11:00:00,25.59,51.25,9.7,9.39,0.37,18.24,29.7,76.23,0.4,180.31,0.0,115.45
2025-09-18 12:00:00,23.71,46.51,6.93,9.35,0.29,21.96,30.72,72.5,0.54,63.68,0.05,131.15
2025-09-18 13:00:00,20.74,43.71,5.1,9.74,0.28,20.59,31.38,69.8,0.62,199.94,0.0,141.57
2025-09-18 14:00:00,15.15,38.55,2.52,9.3,0.18,21.1,31.1,70.9,1.21,262.99,0.0,108.62
2025-09-18 15:00:00,18.73,34.46,1.88,7.343681916081148,0.22,22.54,30.97,70.9,1.21,338.56,0.0,86.75
2025-09-18 16:00:00,16.89,31.86,8.46,7.675578116345747,0.47,22.31,30.12,73.71,0.98,320.18,0.0,21.1
2025-09-18 17:00:00,20.24,35.85,6.47,9.20763307471036,0.4,30.29,28.58,81.78,0.97,296.17,0.0,0.0
2025-09-18 18:00:00,23.22,28.26,11.83,3.13,0.61,0.68,27.87,85.48,0.74,238.65,0.0,0.0
2025-09-18 19:00:00,17.77,46.97,23.01,5.47,0.84,0.39,26.09,96.55,0.85,96.23,0.15,0.0
2025-09-18 20:00:00,30.97,57.15,10.0,5.08,0.39,2.13,24.74,97.24,0.68,178.64,0.0,0.0
2025-09-18 21:00:00,32.13,47.57,14.26,5.4,0.55,0.56,24.54,97.25,1.16,177.27,3.15,0.0
2025-09-18 22:00:00,25.99,50.52,13.24,5.3,0.52,0.73,24.0,97.27,0.56,189.97,0.05,0.0
2025-09-18 23:00:00,28.62,45.26,9.24,5.01,0.38,21.42292361197116,23.39,97.24,0.87,210.9,0.0,0.0
2025-09-19 00:00:00,32.89,47.47,5.64,4.95,0.2,26.677824599286687,22.94,97.25,0.83,312.3,0.0,0.0
2025-09-19 01:00:00,23.59,37.0,6.78,5.77,0.28,0.71,22.79,97.26,0.64,237.94,0.0,0.0
2025-09-19 02:00:00,16.52,35.4,7.2,11.38,0.33,10.78,22.65,97.28,0.71,296.45,0.0,0.0
2025-09-19 03:00:00,11.59,37.67,6.24,11.18,0.31,8.34,23.06,97.28,1.08,252.09,0.0,0.0
2025-09-19 04:00:00,9.36,102.09,6.56,11.48,0.42,6.96,23.27,97.28,0.97,184.36,0.0,0.0
2025-09-19 05:00:00,10.69,77.86,7.43,11.44,0.39,6.45,23.34,97.27,1.22,316.42,0.0,0.0
2025-09-19 06:00:00,13.8,63.49,5.02,11.38,0.37,4.61,23.74,97.23,1.2,338.73,0.05,0.0
2025-09-19 07:00:00,24.61,58.94,7.09,11.32,0.4,9.76,24.7,97.25,1.11,255.42,0.0,28.98
2025-09-19 08:00:00,25.48,58.4,4.93,11.14,0.31,17.99,25.92,96.86,1.08,346.13,0.0,71.88
2025-09-19 09:00:00,18.39,45.59,8.3,11.09,0.41,18.23,27.84,87.33,0.57,132.96,0.0,83.95
2025-09-19 10:00:00,13.91,38.77,10.67,11.2,0.53,22.88,28.98,82.57,0.89,166.32,0.0,121.93
2025-09-19 11:00:00,18.5,46.44,12.37,11.1,0.42,28.26,30.81,74.81,0.56,98.05,0.0,133.12
2025-09-19 12:00:00,18.44,46.05,10.49,11.15,0.38,28.21,31.95,69.02,0.69,142.4,0.0,152.9
2025-09-19 13:00:00,22.12,47.64,13.08,11.01,0.4,29.2,32.42,67.33,0.82,128.7,0.0,147.6
2025-09-19 14:00:00,33.77,58.8,11.72,11.0,0.4,34.36,32.3,67.56,0.94,155.14,0.0,111.2
2025-09-19 15:00:00,34.01,54.66,14.64,11.26,0.45,36.19,31.65,68.95,0.92,194.27,0.0,54.85
2025-09-19 16:00:00,23.96,46.36,17.07,11.34,0.5,24.38,30.78,70.59,0.85,138.52,0.0,0.0
2025-09-19 17:00:00,22.69,44.12,18.22,11.4,0.66,18.49,29.36,77.72,0.7,260.69,0.0,0.0
2025-09-19 18:00:00,16.96,51.54,30.65,11.89,1.74,8.9,27.8,86.36,1.18,69.89,0.0,0.0
2025-09-19 19:00:00,20.84,53.65,27.58,12.36,1.96,7.17,27.23,90.13,1.18,143.94,0.0,0.0
2025-09-19 20:00:00,35.88,72.49,26.6,11.67,1.7,6.28,26.94,93.38,0.97,323.96,0.0,0.0
2025-09-19 21:00:00,48.57,81.04,22.26,11.71,1.85,9.87,26.72,96.36,1.24,319.74,0.0,0.0
2025-09-19 22:00:00,51.07,89.3,13.14,11.3,0.66,13.08,26.21,97.22,1.23,335.31,0.0,0.0
2025-09-19 23:00:00,36.67,63.43,12.09,11.49,0.5,9.56,25.66,97.24,1.3,331.6,0.0,0.0
2025-09-20 00:00:00,25.94,54.3,7.43,11.04,0.17,7.92,25.35,97.21,1.18,338.26,0.0,0.0
2025-09-20 01:00:00,18.61,43.77,6.29,11.02,0.25,6.55,24.93,97.22,0.78,252.77,0.0,0.0
2025-09-20 02:00:00,21.85,37.74,4.49,11.06,0.26,4.66,24.68,97.22,0.7,259.79,0.0,0.0
2025-09-20 03:00:00,26.9,42.72,5.09,10.86,0.16,5.99,24.52,97.22,1.07,253.54,0.0,0.0
2025-09-20 04:00:00,23.86,38.6,5.31,11.12,0.21,8.74,24.34,97.23,0.98,211.98,0.0,0.0
2025-09-20 05:00:00,21.06,33.14,5.48,10.88,0.19,9.67,24.11,97.25,1.09,315.9,0.0,0.0
2025-09-20 06:00:00,15.86,25.89,5.88,10.86,0.21,7.7,24.42,97.26,1.08,255.04,0.0,0.0
2025-09-20 07:00:00,12.11,25.14,5.49,10.78,0.34,9.12,25.6,95.62,1.22,177.02,0.0,6.2
2025-09-20 08:00:00,9.36,25.12,6.17,11.01,0.22,11.1,27.14,87.98,0.85,180.16,0.0,44.38
2025-09-20 09:00:00,8.43,29.12,8.28,10.9,0.23,14.69,28.88,80.92,1.01,344.0,0.0,103.85
2025-09-20 10:00:00,14.59,26.22,10.39,10.83,0.28,17.55,31.15,73.17,0.76,306.72,0.0,135.85
2025-09-20 11:00:00,20.92,38.56,6.34,10.76,0.1,31.48,31.37,71.37,1.18,340.15,0.0,101.68
2025-09-20 12:00:00,14.94,28.16,6.26,11.52,0.12,27.21,32.78,66.9,1.0,267.72,0.0,124.5
2025-09-20 13:00:00,11.55,26.36,7.84,12.3,0.22,22.69,33.27,65.55,0.46,58.97,0.0,123.72
2025-09-20 14:00:00,11.71,36.31,7.59,11.19,0.23,15.53,32.48,68.99,0.65,69.31,0.0,124.7
2025-09-20 15:00:00,15.14,31.36,7.06,7.52,0.18,16.72,30.03,72.18,0.96,248.85,0.0,80.85
2025-09-20 16:00:00,14.96,22.3,11.04,7.31,0.24,12.95,25.01,92.26,0.72,231.93,0.0,0.0
2025-09-20 17:00:00,26.78,29.15,11.87,6.33,0.35,11.15,24.26,97.2,0.86,280.98,0.0,0.0
2025-09-20 18:00:00,24.24,27.16,11.39,8.25,0.29,11.44,24.31,91.1,0.93,296.1,0.0,0.0
2025-09-20 19:00:00,17.17,23.94,12.58,10.99,0.5,9.36,24.02,95.79,0.76,287.38,0.0,0.0
2025-09-20 20:00:00,20.07,25.6,12.84,11.07,0.48,6.79,24.22,97.25,0.96,302.18,0.0,0.0
2025-09-20 21:00:00,14.92,35.39,12.66,11.05,0.72,6.33,24.59,96.8,0.54,241.06,0.0,0.0
2025-09-20 22:00:00,11.08,44.49,7.72,11.2,0.27,8.04,24.58,97.25,1.22,326.78,0.0,0.0
2025-09-20 23:00:00,13.82,35.33,5.24,11.23,0.19,6.56,24.49,97.2,1.19,328.82,0.0,0.0
2025-09-21 00:00:00,10.62,42.08,5.67,11.16,0.21,4.6,24.58,97.17,1.24,332.18,0.0,0.0
2025-09-21 01:00:00,24.47,43.14,4.96,11.18,0.18,6.26,24.71,97.19,1.14,341.77,0.0,0.0
2025-09-21 02:00:00,25.19,45.1,4.6,11.34,0.18,8.32,24.74,97.2,1.31,344.82,0.0,0.0
2025-09-21 03:00:00,23.14,34.64,4.8,11.0,0.2,9.86,24.35,97.2,1.11,270.38,0.0,0.0
2025-09-21 04:00:00,17.21,30.21,6.16,11.22,0.24,2.44,24.15,97.21,1.11,327.42,0.0,0.0
2025-09-21 05:00:00,12.6,32.63,8.69,11.42,0.19,2.98,23.98,97.22,0.96,257.24,0.0,0.0
2025-09-21 06:00:00,9.59,30.3,15.34,11.42,0.27,2.98,24.26,97.22,1.1,342.48,0.0,0.0
2025-09-21 07:00:00,11.88,35.02,16.81,11.19,0.24,5.22,25.7,95.07,1.25,350.6,0.0,17.0
2025-09-21 08:00:00,9.48,35.07,11.96,9.21,0.24,11.69,27.14,86.39,1.4,263.27,0.0,80.12
2025-09-21 09:00:00,22.58,42.26,15.36,11.29,0.27,16.4,28.94,78.29,1.07,254.79,0.0,100.18
2025-09-21 10:00:00,26.98,52.66,10.78,11.76,0.26,21.8,30.14,73.82,1.16,260.59,0.0,79.22
2025-09-21 11:00:00,21.61,52.94,13.23,11.94,0.26,24.34,31.31,71.37,0.88,333.92,0.0,74.82
2025-09-21 12:00:00,16.37,56.55,15.69,11.86,0.26,34.12,32.67,65.46,0.71,92.38,0.0,85.45
2025-09-21 13:00:00,25.4,64.7,7.03,11.75,0.25,35.92,31.32,67.84,0.87,94.68,0.0,78.97
2025-09-21 14:00:00,25.51,68.97,9.97,11.74,0.26,33.75,28.93,73.2,0.9,196.77,0.0,70.03
2025-09-21 15:00:00,20.6,59.7,12.39,11.79,0.39,30.36,27.86,77.18,1.0,251.77,0.0,20.68
2025-09-21 16:00:00,22.97,55.67,10.3,11.5,0.34,23.43,27.21,83.16,1.1,317.4,0.0,0.05
2025-09-21 17:00:00,33.47,59.83,6.13,11.17,0.25,17.58,26.52,86.45,0.96,229.66,0.0,0.0
2025-09-21 18:00:00,29.15,64.97,17.17,11.14,0.37,13.37,26.08,90.17,1.14,323.64,0.0,0.0
2025-09-21 19:00:00,31.04,71.95,16.95,11.26,0.5,21.4,26.04,89.97,1.13,259.72,0.0,0.0
2025-09-21 20:00:00,37.76,72.33,14.28,11.38,0.5,23.82,25.6,92.46,1.2,242.88,0.0,0.0
2025-09-21 21:00:00,27.57,72.24,12.32,11.43,0.44,9.8,25.46,93.31,1.27,321.86,0.0,0.0
2025-09-21 22:00:00,19.8,57.18,8.73,11.53,0.36,9.02,25.16,94.77,1.15,337.25,0.0,0.0
2025-09-21 23:00:00,19.78,52.46,8.42,11.4,0.39,14.67,24.94,96.08,1.03,259.02,0.0,0.0
2025-09-22 00:00:00,20.7,57.94,13.44,11.31,0.59,17.39,24.9,94.92,0.62,139.05,0.0,0.0
2025-09-22 01:00:00,41.03,57.75,11.82,11.58,0.54,16.87,24.58,96.82,0.67,240.73,0.0,0.0
2025-09-22 02:00:00,44.69,77.95,10.25,11.8,0.37,6.75,24.47,97.16,1.21,342.05,0.0,0.0
2025-09-22 03:00:00,35.92,71.49,11.81,7.99,0.4,2.34,24.34,96.93,1.18,328.54,0.0,0.0
2025-09-22 04:00:00,25.74,67.32,6.12,7.99,0.22,7.99,24.4,96.99,1.31,343.16,0.0,0.0
2025-09-22 05:00:00,23.96,60.68,2.54,7.94,0.21,7.47,24.32,96.96,1.19,334.99,0.0,0.0
2025-09-22 06:00:00,21.8,50.28,3.51,7.64,0.25,8.25,24.47,96.94,1.03,335.65,0.0,0.0
2025-09-22 07:00:00,25.64,47.7,3.86,8.82,0.38,8.95,25.98,91.35,1.5,349.61,0.0,0.85
2025-09-22 08:00:00,30.15,48.25,4.34,9.92,0.46,19.55,27.76,83.06,1.34,266.74,0.0,36.1
2025-09-22 09:00:00,35.25,53.98,5.2,9.8,0.34,20.51,29.43,77.45,1.44,340.99,0.0,75.03
2025-09-22 10:00:00,36.93,61.5,12.97,9.98,0.26,18.83,31.0,72.44,0.92,344.88,0.0,84.8
2025-09-22 11:00:00,35.28,74.59,27.24,10.2,0.26,14.84,31.44,71.58,0.91,324.3,0.0,86.05
2025-09-22 12:00:00,33.04,76.74,23.28,10.52,0.24,18.65,32.66,63.07,0.93,347.12,0.0,129.28
2025-09-22 13:00:00,33.72,79.86,6.5,11.43,0.2,28.23,32.97,62.57,1.07,340.01,0.0,140.32
2025-09-22 14:00:00,32.95,77.37,7.95,11.32,0.22,28.2,32.8,61.92,0.86,250.31,0.0,105.32
2025-09-22 15:00:00,35.18,75.09,7.4,11.54,0.21,30.19,31.78,60.9,0.71,253.13,0.0,51.92
2025-09-22 16:00:00,29.73,76.46,16.23,13.02,0.32,33.0,31.44,61.28,0.41,120.26,0.0,1.98
2025-09-22 17:00:00,34.39,77.9,24.86,12.95,0.63,24.09,29.68,66.48,0.68,190.17,0.0,0.0
2025-09-22 18:00:00,39.17,73.74,35.54,12.93,1.08,13.7,27.92,74.67,1.16,108.2,0.0,0.0
2025-09-22 19:00:00,41.61,85.72,16.23,13.15,0.47,12.27,27.06,82.95,1.18,326.12,0.0,0.0
2025-09-22 20:00:00,31.47,81.22,13.94,13.16,0.42,13.27,26.72,83.25,1.16,340.78,0.0,0.0
2025-09-22 21:00:00,22.34,71.97,14.21,13.04,0.44,12.07,26.2,85.78,1.18,329.42,0.0,0.0
2025-09-22 22:00:00,23.79,61.7,12.2,13.04,0.38,10.78,25.8,88.71,1.16,338.67,0.0,0.0
2025-09-22 23:00:00,29.18,58.54,22.65,13.15,0.62,14.15,25.75,87.73,1.04,239.52,0.0,0.0
2025-09-23 00:00:00,35.52,68.66,23.81,13.51,0.74,4.15,25.6,91.01,0.92,135.68,0.0,0.0
2025-09-23 01:00:00,44.2,83.41,27.32,13.68,0.51,4.66,25.3,92.04,0.68,173.0,0.0,0.0
2025-09-23 02:00:00,44.59,93.44,23.11,9.26,0.49,5.41,25.03,90.3,0.92,254.07,0.0,0.0
2025-09-23 03:00:00,41.21,89.36,22.9,9.93,0.25,6.36,24.4,92.76,1.09,171.46,0.0,0.0
2025-09-23 04:00:00,50.63,76.33,21.16,10.48,0.22,5.79,24.04,96.96,1.11,315.9,0.0,0.0
2025-09-23 05:00:00,35.94,61.64,10.6,10.42,0.22,5.74,23.95,97.2,1.24,322.01,0.0,0.0
2025-09-23 06:00:00,25.53,59.38,5.64,10.54,0.25,7.68,24.29,97.18,1.03,253.41,0.0,0.0
2025-09-23 07:00:00,19.49,59.32,6.72,10.63,0.34,9.53,26.05,90.35,0.83,343.44,0.0,18.65
2025-09-23 08:00:00,16.65,61.24,5.46,10.27,0.31,15.31,27.61,81.47,1.08,9.66,0.0,75.0
2025-09-23 09:00:00,38.35,60.76,7.54,11.38,0.28,19.89,29.3,75.82,1.02,175.96,0.0,97.08
2025-09-23 10:00:00,31.73,57.68,6.34,11.39,0.26,25.37,30.64,71.98,1.41,262.53,0.0,113.68
2025-09-23 11:00:00,29.94,52.44,5.68,11.37,0.24,30.41,32.17,66.39,1.31,342.56,0.0,133.9
2025-09-23 12:00:00,26.5,49.25,2.7,11.23,0.2,33.23,33.08,60.4,1.15,348.94,0.0,114.85
2025-09-23 13:00:00,22.39,50.25,1.71,11.07,0.18,39.04,33.05,57.09,1.52,346.92,0.0,104.2
2025-09-23 14:00:00,18.57,56.74,3.04,11.26,0.21,37.36,33.19,56.61,1.26,334.6,0.0,102.75
2025-09-23 15:00:00,23.54,47.62,2.32,11.18,0.2,39.57,32.42,58.14,1.36,343.28,0.0,56.22
2025-09-23 16:00:00,23.53,50.1,5.53,11.15,0.21,35.7,28.99,67.03,1.75,342.59,0.0,5.08
2025-09-23 17:00:00,30.92,64.26,6.4,11.31,0.3,32.29,28.33,71.0,1.26,319.29,0.0,0.0
2025-09-23 18:00:00,34.47,59.82,15.08,11.4,0.48,21.18,27.64,75.56,1.2,323.52,0.0,0.0
2025-09-23 19:00:00,25.9,57.74,15.08,11.56,0.46,17.28,27.57,77.11,1.11,314.48,0.0,0.0
2025-09-23 20:00:00,19.43,58.72,18.18,11.5,0.57,13.61,27.45,79.83,0.83,308.69,0.0,0.0
2025-09-23 21:00:00,31.68,50.1,30.18,11.4,1.19,8.68,27.24,82.51,0.47,177.36,0.0,0.0
2025-09-23 22:00:00,36.19,82.89,21.08,11.78,0.62,7.06,26.94,82.92,0.63,59.93,0.0,0.0
2025-09-23 23:00:00,43.59,86.27,18.56,11.78,0.51,7.3,26.42,86.05,0.86,128.29,0.0,0.0
2025-09-24 00:00:00,33.82,79.52,11.66,10.52,0.3,9.43,25.98,87.76,0.57,205.39,0.0,0.0
2025-09-24 01:00:00,42.5,76.91,12.3,9.8,0.24,10.22,25.31,89.49,0.72,94.68,0.0,0.0
2025-09-24 02:00:00,33.15,77.38,4.52,9.93,0.14,16.13,25.11,86.18,0.94,255.04,0.0,0.0
2025-09-24 03:00:00,25.3,63.98,3.12,9.75,0.12,19.53,24.71,85.63,1.1,335.32,0.0,0.0
2025-09-24 04:00:00,23.79,50.88,2.37,9.86,0.1,22.92,24.71,85.07,1.0,346.16,0.0,0.0
2025-09-24 05:00:00,17.69,39.48,2.78,10.74,0.11,22.9,24.55,87.12,0.86,340.1,0.0,0.0
2025-09-24 06:00:00,18.24,43.22,4.25,11.98,0.15,19.41,24.8,88.49,0.89,339.89,0.0,0.0
2025-09-24 07:00:00,18.34,38.55,5.15,12.78,0.21,18.13,25.9,86.08,0.96,261.44,0.0,0.85
2025-09-24 08:00:00,23.97,44.79,5.92,14.04,0.26,20.44,27.38,80.31,0.94,343.63,0.0,46.05
2025-09-24 09:00:00,22.52,49.12,5.6,13.98,0.22,23.58,29.06,75.08,1.24,263.1,0.0,134.15
2025-09-24 10:00:00,26.72,50.54,9.09,13.93,0.3,25.38,30.57,70.33,1.01,352.54,0.0,128.35
2025-09-24 11:00:00,22.32,45.96,4.29,14.04,0.18,32.17,30.9,68.07,1.06,348.34,0.0,126.08
2025-09-24 12:00:00,20.51,45.1,4.37,13.91,0.16,29.22,30.65,68.19,1.18,347.9,0.0,159.48
2025-09-24 13:00:00,15.25,48.88,5.56,13.68,0.16,30.5,31.63,64.48,1.11,349.28,0.0,125.55
2025-09-24 14:00:00,16.69,50.5,2.71,13.89,0.14,32.61,31.24,64.54,1.06,342.65,0.0,165.1
2025-09-24 15:00:00,26.88,60.02,6.04,13.8,0.17,33.02,30.9,63.94,1.19,341.65,0.0,82.6
2025-09-24 16:00:00,23.27,48.36,14.88,13.88,0.41,28.1,24.15,94.06,1.2,310.06,1.05,0.0
2025-09-24 17:00:00,23.74,54.4,15.76,14.02,0.47,16.08,24.4,97.23,1.19,337.56,0.0,0.0
2025-09-24 18:00:00,30.1,48.83,17.07,13.97,0.49,11.12,24.66,97.23,1.06,175.75,0.0,0.0
2025-09-24 19:00:00,28.4,52.09,11.09,14.13,0.35,11.52,25.02,97.23,0.95,176.24,0.0,0.0
2025-09-24 20:00:00,20.99,52.7,7.26,14.26,0.25,11.16,24.88,92.92,0.92,93.88,0.0,0.0
2025-09-24 21:00:00,19.91,41.94,4.96,14.39,0.18,16.84,25.28,90.01,0.88,250.82,0.0,0.0
2025-09-24 22:00:00,14.67,41.62,4.87,14.42,0.16,19.23,25.54,87.06,0.85,255.04,0.0,0.0
2025-09-24 23:00:00,11.24,41.74,4.59,14.57,0.14,21.96,25.55,84.16,1.01,332.31,0.0,0.0
2025-09-25 00:00:00,13.24,42.28,4.08,14.3,0.16,26.55,25.58,82.43,1.0,337.3,0.0,0.0
2025-09-25 01:00:00,31.7,40.31,2.63,14.42,0.16,27.66,25.52,84.07,1.06,332.85,0.0,0.0
2025-09-25 02:00:00,32.42,45.84,3.87,14.3,0.17,25.14,25.38,87.4,0.89,328.76,0.0,0.0
2025-09-25 03:00:00,28.96,42.69,3.76,14.44,0.16,21.1,24.68,93.85,0.67,343.64,0.05,0.0
2025-09-25 04:00:00,20.38,39.04,4.64,14.44,0.17,18.38,24.74,94.0,0.86,331.9,0.0,0.0
2025-09-25 05:00:00,14.72,43.47,6.45,14.61,0.2,16.57,24.72,93.66,0.78,327.57,0.0,0.0
2025-09-25 06:00:00,19.26,39.92,6.14,14.68,0.21,15.06,24.91,91.59,1.0,336.66,0.0,0.0
2025-09-25 07:00:00,20.4,36.51,4.97,14.44,0.3,13.41,24.76,94.32,1.12,347.36,0.05,0.42
2025-09-25 08:00:00,21.61,39.57,5.19,14.43,0.33,10.49,25.05,95.93,1.12,340.0,0.05,1.08
2025-09-25 09:00:00,27.26,36.52,4.84,14.41,0.28,10.81,25.28,96.96,1.08,344.3,0.15,35.15
2025-09-25 10:00:00,26.74,38.69,4.34,14.42,0.27,10.46,25.59,95.51,1.02,264.9,0.0,15.12
2025-09-25 11:00:00,25.48,45.14,4.87,14.56,0.3,10.41,26.06,94.6,1.07,234.11,0.1,15.63
2025-09-25 12:00:00,18.22,37.84,6.18,14.46,0.32,10.51,26.75,93.48,1.01,246.37,0.05,92.02
2025-09-25 13:00:00,13.56,38.75,3.96,14.58,0.24,16.23,28.17,84.16,1.15,266.23,0.0,138.22
2025-09-25 14:00:00,13.71,40.38,4.61,14.41,0.24,21.76,29.21,77.42,1.14,258.75,0.0,146.12
2025-09-25 15:00:00,11.69,36.46,2.52,14.48,0.21,25.37,28.8,76.73,1.28,347.73,0.0,79.05
2025-09-25 16:00:00,12.43,36.88,4.12,14.4,0.3,26.96,28.17,77.39,1.26,262.24,0.0,5.82
2025-09-25 17:00:00,32.46,42.55,20.04,14.51,0.7,11.87,25.39,95.05,0.88,231.12,0.75,0.0
2025-09-25 18:00:00,32.75,49.3,19.68,14.57,0.71,12.64,24.79,97.21,1.09,330.48,0.1,0.0
2025-09-25 19:00:00,33.94,52.66,15.49,14.67,0.59,12.8,24.81,97.26,1.04,320.37,0.0,0.0
2025-09-25 20:00:00,28.19,52.28,11.26,14.42,0.55,16.71,24.71,97.29,1.3,298.9,0.0,0.0
2025-09-25 21:00:00,29.98,50.91,10.73,14.52,0.6,12.78,24.72,97.29,1.25,280.08,0.0,0.0
2025-09-25 22:00:00,25.97,60.64,10.85,14.5,0.58,9.86,24.81,97.3,1.16,325.01,0.0,0.0
2025-09-25 23:00:00,28.62,55.64,10.98,14.53,0.57,8.58,24.81,97.3,0.98,108.21,0.0,0.0
2025-09-26 00:00:00,26.58,54.69,11.84,14.59,0.5,10.44,24.74,97.21,1.01,264.69,0.0,0.0
2025-09-26 01:00:00,41.11,61.69,3.66,14.6,0.22,8.92,24.8,97.18,1.25,258.27,0.0,0.0
2025-09-26 02:00:00,31.48,65.76,2.29,14.87,0.18,9.55,25.0,96.08,1.27,348.88,0.0,0.0
2025-09-26 03:00:00,26.76,56.45,3.28,14.77,0.26,10.8,24.9,94.88,1.25,327.52,0.0,0.0
2025-09-26 04:00:00,18.89,48.81,3.69,14.81,0.43,8.4,24.57,96.96,1.11,282.17,0.0,0.0
2025-09-26 05:00:00,19.62,50.88,3.86,14.77,0.45,8.67,24.68,96.7,1.37,328.09,0.0,0.0
2025-09-26 06:00:00,19.07,49.57,3.63,14.72,0.46,11.41,24.89,95.96,1.29,342.41,0.0,0.0
2025-09-26 07:00:00,23.99,46.02,4.2,14.81,0.56,14.26,26.12,89.64,1.46,345.64,0.0,8.55
2025-09-26 08:00:00,24.21,53.82,4.8,14.88,0.33,21.73,27.73,83.7,1.38,351.92,0.0,49.75
2025-09-26 09:00:00,38.3,60.86,6.98,14.81,0.27,22.76,29.54,78.13,1.48,342.61,0.0,102.22
2025-09-26 10:00:00,33.69,60.12,4.02,15.03,0.24,30.8,30.44,73.99,1.31,352.93,0.0,114.75
2025-09-26 11:00:00,28.93,49.32,3.55,13.05,0.23,33.38,31.14,72.18,1.1,176.62,0.0,85.85
2025-09-26 12:00:00,24.48,54.56,2.68,12.5,0.22,35.36,32.16,68.59,0.95,180.85,0.05,105.0
2025-09-26 13:00:00,29.21,46.92,2.29,12.71,0.19,40.37,32.96,64.28,0.9,181.32,0.0,97.18
2025-09-26 14:00:00,32.99,49.79,8.43,12.49,0.21,35.07,31.5,70.18,1.27,337.27,0.0,88.38
2025-09-26 15:00:00,30.23,48.61,10.9,12.44,0.25,30.15,30.87,71.89,1.28,328.86,0.0,66.25
2025-09-26 16:00:00,31.9,53.2,9.91,12.38,0.33,31.04,25.08,92.06,0.65,210.52,0.45,0.0
2025-09-26 17:00:00,39.28,43.74,21.69,12.8,0.61,16.92,24.09,97.24,0.97,297.4,0.05,0.0
2025-09-26 18:00:00,31.6,45.0,17.19,9.99,0.49,19.51,23.99,97.24,1.03,255.11,0.05,0.0
2025-09-26 19:00:00,24.12,46.76,13.03,10.0,0.36,9.5,23.73,97.3,1.24,318.92,0.0,0.0
2025-09-26 20:00:00,17.09,43.44,9.77,12.78,0.3,13.6,23.74,97.31,1.08,329.4,0.05,0.0
2025-09-26 21:00:00,12.82,43.2,6.52,12.76,0.27,12.27,23.84,97.31,1.16,317.92,0.0,0.0
2025-09-26 22:00:00,9.55,43.39,12.89,12.79,0.69,8.66,24.08,97.31,0.82,251.38,0.5,0.0
2025-09-26 23:00:00,12.34,49.36,19.01,12.83,0.88,6.23,24.37,97.32,0.7,221.68,0.0,0.0
2025-09-27 00:00:00,21.73,63.42,14.34,12.92,0.4,8.68,24.24,97.23,0.84,226.47,0.15,0.0
2025-09-27 01:00:00,26.91,53.48,8.73,12.79,0.36,6.41,24.23,97.24,1.16,338.98,0.3,0.0
2025-09-27 02:00:00,29.02,51.62,9.07,12.95,0.42,6.86,24.22,97.21,1.23,331.54,0.35,0.0
2025-09-27 03:00:00,21.32,47.34,7.3,13.17,0.36,3.93,24.27,97.32,0.78,316.74,0.0,0.0
2025-09-27 04:00:00,15.04,39.05,4.3,13.18,0.35,10.16,24.18,97.23,1.18,317.08,0.0,0.0
2025-09-27 05:00:00,15.08,42.83,3.81,13.28,0.44,3.95,24.11,97.22,1.14,253.68,0.0,0.0
2025-09-27 06:00:00,10.85,39.61,8.14,13.56,0.46,5.0,24.27,97.21,1.21,335.7,0.05,0.0
2025-09-27 07:00:00,19.1,36.75,12.85,15.51,0.53,5.91,24.78,97.22,1.31,334.9,0.0,0.0
2025-09-27 08:00:00,20.35,40.64,8.84,15.76,0.48,6.54,25.64,97.18,0.97,251.78,0.0,36.05
2025-09-27 09:00:00,25.31,46.45,8.33,15.46,0.31,7.78,26.43,96.15,1.1,347.07,0.0,46.92
2025-09-27 10:00:00,23.5,42.12,14.97,13.77,0.28,6.08,26.6,93.41,1.19,337.16,0.0,32.62
2025-09-27 11:00:00,19.2,37.32,12.88,14.0,0.28,7.67,26.58,92.17,1.34,327.92,0.0,18.92
2025-09-27 12:00:00,13.74,34.68,8.24,13.69,0.27,9.22,25.24,96.43,0.72,260.8,0.35,0.0
2025-09-27 13:00:00,16.18,40.18,6.56,13.69,0.33,10.72,25.2,97.29,0.65,344.71,0.05,30.4
2025-09-27 14:00:00,12.5,34.23,5.29,13.46,0.28,17.56,27.8,87.44,0.82,266.17,0.0,73.18
2025-09-27 15:00:00,9.34,29.98,6.34,13.57,0.34,18.22,27.74,85.97,0.82,278.35,0.0,82.6
2025-09-27 16:00:00,14.27,36.97,6.03,13.34,0.3,22.07,27.7,86.06,0.65,317.38,0.0,18.7
2025-09-27 17:00:00,17.02,36.93,13.38,13.37,0.57,11.28,26.02,92.99,0.73,163.16,2.95,0.0
2025-09-27 18:00:00,16.45,40.55,19.13,13.62,0.56,9.5,24.07,97.21,0.84,237.14,0.45,0.0
2025-09-27 19:00:00,16.3,35.03,17.92,13.86,0.54,7.38,24.36,97.31,1.28,320.03,0.0,0.0
2025-09-27 20:00:00,12.23,35.71,14.15,13.58,0.51,6.75,24.62,97.33,0.67,326.16,0.2,0.0
2025-09-27 21:00:00,10.34,36.15,12.7,13.56,0.52,6.83,24.66,97.32,1.05,345.08,0.2,0.0
2025-09-27 22:00:00,14.25,28.23,10.62,13.59,0.44,9.07,24.6,97.3,1.13,318.5,1.05,0.0
2025-09-27 23:00:00,24.88,35.52,11.9,13.78,0.44,11.12,24.54,97.21,0.95,236.74,0.15,0.0
2025-09-28 00:00:00,18.12,32.35,14.72,13.76,0.45,4.99,24.44,97.21,1.25,168.99,0.05,0.0
2025-09-28 01:00:00,16.58,35.8,11.52,13.88,0.32,8.68,24.2,97.22,1.35,165.34,0.0,0.0
2025-09-28 02:00:00,26.04,37.42,10.86,13.84,0.28,8.62,24.15,97.22,1.48,161.4,0.15,0.0
2025-09-28 03:00:00,19.07,35.4,4.09,13.88,0.2,12.34,23.95,97.24,1.53,162.68,0.15,0.0
2025-09-28 04:00:00,14.31,26.8,3.94,14.08,0.21,12.34,23.81,97.25,1.43,153.95,0.0,0.0
2025-09-28 05:00:00,10.08,21.32,6.08,14.0,0.24,12.89,23.58,97.25,1.39,154.86,0.0,0.0
2025-09-28 06:00:00,8.05,19.58,10.13,13.9,0.35,9.76,23.73,97.27,1.01,154.91,0.0,0.0
2025-09-28 07:00:00,5.89,27.53,9.37,14.06,0.4,9.32,24.11,97.25,0.68,145.76,0.0,0.2
2025-09-28 08:00:00,9.28,28.37,7.26,13.92,0.4,10.96,24.75,97.24,0.98,157.69,0.0,14.8
2025-09-28 09:00:00,17.3,28.38,8.69,13.86,0.48,13.08,25.62,95.56,1.12,156.22,0.0,15.7
2025-09-28 10:00:00,17.89,26.0,7.99,13.76,0.45,19.17,27.17,86.22,0.99,148.52,0.0,45.25
2025-09-28 11:00:00,20.45,48.51,11.54,13.85,0.53,20.67,26.83,87.14,1.05,156.26,0.0,39.83
2025-09-28 12:00:00,15.48,37.38,12.66,13.92,0.46,21.12,26.77,89.85,1.05,149.17,0.05,38.92
2025-09-28 13:00:00,15.85,36.29,11.12,14.09,0.4,26.04,28.42,79.46,1.28,154.47,0.0,36.2
2025-09-28 14:00:00,20.72,44.79,11.62,14.04,0.41,24.72,28.42,78.42,1.53,162.53,0.0,45.15
2025-09-28 15:00:00,19.22,48.89,12.15,13.9,0.4,23.78,28.16,78.13,1.52,164.71,0.0,29.0
2025-09-28 16:00:00,27.28,47.58,14.28,13.39,0.44,21.82,27.56,81.2,1.3,153.59,0.0,0.28
2025-09-28 17:00:00,30.97,48.04,14.94,12.68,0.58,21.3,26.81,83.71,1.26,158.39,0.0,0.0
2025-09-28 18:00:00,32.85,54.3,21.82,12.82,0.77,18.5,26.08,87.32,1.44,154.33,0.0,0.0
2025-09-28 19:00:00,34.33,60.29,23.52,13.06,0.88,6.74,25.68,91.27,1.13,144.06,0.0,0.0
2025-09-28 20:00:00,35.44,80.16,17.36,12.82,0.79,10.69,25.48,91.36,1.3,155.54,0.0,0.0
2025-09-28 21:00:00,41.5,80.45,16.19,12.88,0.75,9.75,25.02,90.95,1.48,168.29,0.0,0.0
2025-09-28 22:00:00,44.74,93.53,15.2,13.0,0.71,13.58,24.53,93.78,1.53,156.54,0.0,0.0
2025-09-28 23:00:00,70.7,130.68,13.78,13.2,0.51,4.87,24.16,95.4,1.28,160.48,0.0,0.0
2025-09-29 00:00:00,64.46,106.7,15.66,13.0,0.31,4.07,23.77,96.98,1.0,154.44,0.0,0.0
2025-09-29 01:00:00,56.48,76.58,8.3,13.08,0.19,7.01,23.72,97.2,0.67,124.54,0.0,0.0
2025-09-29 02:00:00,42.03,45.62,5.7,13.11,0.15,8.53,23.67,97.21,1.04,121.75,0.0,0.0
2025-09-29 03:00:00,33.64,42.0,7.18,13.25,0.15,5.67,23.66,97.2,1.01,144.7,0.0,0.0
2025-09-29 04:00:00,23.55,29.66,8.81,13.33,0.14,4.77,23.68,97.21,1.22,151.6,0.0,0.0
2025-09-29 05:00:00,16.48,24.41,9.61,13.39,0.16,4.29,23.52,97.21,1.34,158.12,0.0,0.0
2025-09-29 06:00:00,11.56,23.27,8.87,13.44,0.38,3.7,23.42,97.23,1.22,155.71,0.1,0.0
2025-09-29 07:00:00,8.94,25.76,9.2,13.61,0.54,3.9,23.9,97.22,1.22,165.54,0.0,4.75
2025-09-29 08:00:00,17.19,34.11,9.44,13.41,0.5,7.64,25.58,91.44,1.04,177.27,0.0,20.48
2025-09-29 09:00:00,25.82,36.43,10.16,12.09,0.5,12.39,26.7,84.36,0.78,196.0,0.0,22.25
2025-09-29 10:00:00,21.6,33.42,11.41,11.44,0.37,19.63,27.65,79.67,0.64,152.73,0.0,21.45
2025-09-29 11:00:00,16.08,35.88,14.58,11.48,0.32,19.4,28.39,76.29,0.22,186.09,0.0,34.08
2025-09-29 12:00:00,11.4,31.44,17.43,11.62,0.4,20.17,29.83,68.63,1.04,147.7,0.0,41.72
2025-09-29 13:00:00,13.66,44.86,17.04,11.7,0.38,22.16,29.69,71.2,0.66,222.12,0.0,35.62
2025-09-29 14:00:00,17.4,42.39,15.39,11.64,0.29,28.44,29.87,70.64,0.55,182.58,0.0,29.35
2025-09-29 15:00:00,18.52,51.42,16.27,11.67,0.43,22.84,29.09,73.23,0.94,136.15,0.0,18.57
2025-09-29 16:00:00,25.56,48.2,19.61,11.34,0.48,13.35,26.98,91.84,0.7,217.06,0.0,0.0
2025-09-29 17:00:00,34.07,46.84,12.86,11.42,0.42,11.13,26.48,93.54,0.86,92.89,0.0,0.0
2025-09-29 18:00:00,23.97,38.35,22.84,11.38,0.92,9.19,25.74,90.36,0.84,267.34,0.0,0.0
2025-09-29 19:00:00,21.39,39.21,32.06,11.51,1.4,4.25,25.48,91.39,0.86,265.94,0.0,0.0
2025-09-29 20:00:00,17.42,49.5,30.72,11.7,1.9,3.29,25.2,94.05,1.1,132.12,0.0,0.0
2025-09-29 21:00:00,27.48,56.2,32.18,11.92,1.44,2.95,25.28,92.74,1.14,253.55,0.0,0.0
2025-09-29 22:00:00,29.49,68.39,21.64,12.09,0.68,4.52,25.43,92.38,0.87,102.94,0.0,0.0
2025-09-29 23:00:00,29.95,59.05,15.16,12.08,0.46,5.0,25.21,93.87,0.92,94.91,0.0,0.0
2025-09-30 00:00:00,29.96,55.57,14.4,11.81,0.51,3.75,24.72,96.92,1.13,265.26,0.0,0.0
2025-09-30 01:00:00,31.5,57.64,14.31,11.88,0.48,3.98,24.6,97.18,1.01,339.89,0.0,0.0
2025-09-30 02:00:00,26.08,54.12,6.47,11.98,0.23,4.99,24.23,97.17,0.73,253.01,0.05,0.0
2025-09-30 03:00:00,22.66,45.66,5.04,12.22,0.11,8.33,24.49,94.99,0.97,312.88,0.0,0.0
2025-09-30 04:00:00,18.33,41.9,4.08,12.1,0.08,10.8,24.28,94.91,0.86,258.71,0.0,0.0
2025-09-30 05:00:00,13.24,30.63,3.42,12.19,0.08,9.42,23.62,97.18,1.17,258.64,0.0,0.0
2025-09-30 06:00:00,9.85,23.89,3.79,12.08,0.11,8.58,23.6,97.19,1.12,176.62,0.0,0.0
2025-09-30 07:00:00,7.71,23.82,6.33,12.11,0.18,11.41,25.08,93.84,1.11,346.62,0.0,0.0
2025-09-30 08:00:00,20.56,24.6,6.06,12.0,0.22,18.35,27.03,82.38,1.29,350.56,0.0,14.35
2025-09-30 09:00:00,16.43,28.08,7.09,11.44,0.24,24.94,28.85,75.29,1.15,268.42,0.0,34.35
2025-09-30 10:00:00,16.42,23.6,4.4,10.54,0.15,29.43,30.26,69.88,1.16,343.52,0.0,55.4
2025-09-30 11:00:00,11.56,24.23,4.27,9.86,0.14,29.29,29.88,69.29,0.82,285.39,0.0,55.35
2025-09-30 12:00:00,8.99,17.71,6.05,7.06,0.16,29.56,30.44,69.38,0.76,275.41,0.0,25.98
2025-09-30 13:00:00,6.84,17.05,18.43,7.06,0.41,22.0,30.64,69.7,1.36,163.07,0.0,21.35
2025-09-30 14:00:00,17.41,35.18,21.62,7.23,0.22,17.31,30.46,69.61,0.78,183.2,0.0,47.68
2025-09-30 15:00:00,17.02,29.03,9.6,6.96,0.32,18.46,27.73,78.61,1.0,349.44,0.0,8.07
2025-09-30 16:00:00,19.13,31.83,9.34,6.56,0.3,20.43,27.93,79.62,0.85,264.96,0.0,0.0
2025-09-30 17:00:00,24.54,38.21,14.47,6.68,0.46,19.7,27.56,82.23,0.66,118.32,0.0,0.0
2025-09-30 18:00:00,24.65,44.14,15.04,6.62,0.53,25.55,27.31,83.81,0.75,37.74,0.0,0.0
2025-09-30 19:00:00,22.34,34.79,19.96,6.76,0.63,13.95,26.92,85.52,0.96,262.56,0.0,0.0
2025-09-30 20:00:00,15.78,39.36,22.01,6.94,0.52,5.44,26.43,88.38,1.12,258.41,0.0,0.0
2025-09-30 21:00:00,15.98,42.37,19.7,7.08,0.57,5.46,25.74,90.68,0.9,179.58,0.0,0.0
2025-09-30 22:00:00,15.1,48.78,18.97,7.12,0.37,5.34,25.01,94.1,1.15,339.74,0.0,0.0
2025-09-30 23:00:00,22.39,41.81,16.8,7.08,0.42,4.52,24.71,97.1,1.08,180.3,0.0,0.0
2025-10-01 00:00:00,24.12,48.3,14.2,6.99,0.34,6.54,24.51,97.2,1.1,265.86,0.0,0.0
2025-10-01 01:00:00,21.72,44.44,9.43,6.99,0.28,9.32,24.2,97.2,1.13,333.97,0.0,0.0
2025-10-01 02:00:00,21.48,46.42,4.54,6.99,0.19,10.28,23.82,97.2,0.88,308.76,0.0,0.0
2025-10-01 03:00:00,15.93,32.94,3.34,6.92,0.19,7.38,23.41,97.2,0.79,215.36,0.0,0.0
2025-10-01 04:00:00,11.16,31.38,6.89,7.08,0.24,4.96,23.06,97.21,0.97,253.65,0.0,0.0
2025-10-01 05:00:00,7.8,23.06,7.15,7.32,0.28,3.82,22.72,97.22,1.06,174.11,0.0,0.0
2025-10-01 06:00:00,5.58,27.46,8.54,7.24,0.35,4.4,22.94,97.22,0.97,333.74,0.0,0.0
2025-10-01 07:00:00,8.46,31.44,7.9,7.35,0.32,9.74,24.73,92.03,1.02,261.1,0.0,0.0
2025-10-01 08:00:00,17.0,40.15,4.73,6.88,0.22,20.34,26.71,82.22,1.05,179.22,0.0,24.95
2025-10-01 09:00:00,19.99,38.5,4.78,6.83,0.21,24.02,28.56,75.65,1.16,181.61,0.0,48.88
2025-10-01 10:00:00,14.55,31.16,21.38,6.97,0.34,24.32,29.49,72.76,1.06,348.62,0.0,22.85
2025-10-01 11:00:00,16.72,34.52,13.58,7.17,0.38,24.63,29.68,72.41,1.11,345.1,0.0,40.7
2025-10-01 12:00:00,21.32,37.81,4.57,7.06,0.22,31.26,30.87,68.24,1.01,348.23,0.0,36.45
2025-10-01 13:00:00,15.93,32.56,5.79,7.03,0.2,31.29,31.22,66.82,1.09,349.11,0.0,50.45
2025-10-01 14:00:00,11.89,28.12,5.41,7.31,0.23,30.2,31.24,65.54,1.03,175.82,0.0,41.3
2025-10-01 15:00:00,13.98,22.47,6.36,7.12,0.28,26.77,30.34,68.74,0.96,179.49,0.0,32.3
2025-10-01 16:00:00,15.36,27.52,7.38,6.98,0.33,24.21,29.3,71.12,1.16,261.66,0.0,0.0
2025-10-01 17:00:00,21.83,31.46,10.97,7.0,0.25,23.13,26.28,86.93,1.39,345.37,0.3,0.0
2025-10-01 18:00:00,19.64,33.43,21.35,7.77,1.09,18.82,24.66,97.18,0.6,207.11,0.05,0.0
2025-10-01 19:00:00,21.08,37.92,21.75,15.16,0.72,5.23,24.47,97.21,0.92,310.78,0.0,0.0
2025-10-01 20:00:00,14.98,36.88,20.99,15.26,0.58,5.06,24.36,97.22,1.11,330.81,0.0,0.0
2025-10-01 21:00:00,15.63,37.52,12.02,15.24,0.4,5.82,24.12,97.22,1.12,320.17,0.0,0.0
2025-10-01 22:00:00,13.38,33.14,12.97,15.27,0.56,5.02,24.02,97.22,0.73,319.73,0.0,0.0
2025-10-01 23:00:00,13.87,36.83,12.16,15.34,0.41,4.49,23.89,97.21,1.24,315.82,0.0,0.0
2025-10-02 00:00:00,23.12,37.86,8.45,15.06,0.27,7.93,23.96,97.2,1.29,333.98,0.0,0.0
2025-10-02 01:00:00,20.26,35.88,5.17,14.98,0.26,11.54,23.74,97.21,1.25,322.38,0.0,0.0
2025-10-02 02:00:00,15.08,33.97,5.32,15.03,0.4,11.47,23.67,97.22,1.01,309.2,0.0,0.0
2025-10-02 03:00:00,19.93,31.45,4.0,15.05,0.35,4.84,23.51,97.24,0.99,300.3,0.0,0.0
2025-10-02 04:00:00,13.96,22.94,5.28,15.04,0.42,3.16,23.25,97.24,1.25,325.07,0.0,0.0
2025-10-02 05:00:00,9.76,24.2,5.25,15.33,0.31,2.74,23.06,97.24,1.13,248.4,0.0,0.0
2025-10-02 06:00:00,6.84,22.15,7.44,15.29,0.3,3.21,23.1,97.25,1.04,317.78,0.0,0.0
2025-10-02 07:00:00,5.67,30.32,5.23,14.75,0.26,6.22,24.65,94.98,1.06,260.45,0.0,0.25
2025-10-02 08:00:00,27.24,40.38,2.02,13.12,0.2,18.38,26.86,80.78,1.45,345.11,0.0,62.02
2025-10-02 09:00:00,18.34,33.34,1.82,13.19,0.23,25.48,28.05,76.63,1.38,342.24,0.0,126.02
2025-10-02 10:00:00,16.05,35.38,1.61,12.92,0.2,28.68,29.01,73.91,1.36,172.48,0.0,159.42
2025-10-02 11:00:00,12.92,32.37,4.51,13.14,0.24,26.23,30.24,70.47,1.25,336.96,0.0,167.62
2025-10-02 12:00:00,9.56,24.28,1.92,13.21,0.2,28.67,30.64,68.05,1.32,340.06,0.0,146.8
2025-10-02 13:00:00,7.82,24.08,2.58,13.12,0.22,30.69,31.85,65.82,1.08,255.98,0.0,144.5
2025-10-02 14:00:00,13.64,22.93,1.91,13.32,0.18,31.01,31.2,67.6,1.35,348.5,0.0,146.68
2025-10-02 15:00:00,16.74,29.33,3.08,13.22,0.22,28.4,29.27,74.13,1.43,337.2,0.0,75.22
2025-10-02 16:00:00,23.24,31.8,5.06,13.05,0.25,28.86,27.98,75.51,1.14,313.74,0.0,9.8
2025-10-02 17:00:00,21.53,33.66,6.37,13.12,0.31,23.53,26.68,86.05,1.14,335.87,0.0,0.0
2025-10-02 18:00:00,22.28,29.89,9.48,13.08,0.43,27.06,26.3,89.74,1.23,330.6,0.0,0.0
2025-10-02 19:00:00,15.7,28.94,9.94,13.18,0.39,15.0,26.3,89.77,1.06,243.85,0.0,0.0
2025-10-02 20:00:00,11.47,34.72,10.45,13.34,0.36,10.45,26.38,88.45,1.12,331.16,0.0,0.0
2025-10-02 21:00:00,14.5,33.55,11.65,13.4,0.43,8.16,25.56,90.09,1.08,335.26,0.0,0.0
2025-10-02 22:00:00,14.21,27.55,12.4,12.29,0.38,11.12,25.33,88.8,1.12,256.97,0.0,0.0
2025-10-02 23:00:00,10.88,32.18,9.3,11.98,0.3,10.99,25.11,90.84,1.16,333.82,0.0,0.0
2025-10-03 00:00:00,20.08,33.93,4.71,11.88,0.22,11.9,24.91,92.28,1.18,341.24,0.0,0.0
2025-10-03 01:00:00,21.14,30.1,3.08,11.99,0.2,12.0,24.76,93.27,0.96,342.86,0.0,0.0
2025-10-03 02:00:00,21.71,22.52,2.64,12.1,0.19,12.73,24.74,93.2,1.07,341.85,0.0,0.0
2025-10-03 03:00:00,16.19,16.61,3.54,11.98,0.2,11.07,24.58,94.86,0.86,251.08,0.0,0.0
2025-10-03 04:00:00,12.19,21.27,4.18,10.72,0.24,10.33,24.58,95.14,0.94,349.58,0.0,0.0
2025-10-03 05:00:00,9.93,25.39,4.15,12.31,0.23,10.68,24.46,95.24,0.92,253.01,0.0,0.0
2025-10-03 06:00:00,7.61,28.1,3.42,12.38,0.23,10.74,24.67,96.82,1.03,329.34,0.0,0.0
2025-10-03 07:00:00,10.65,30.89,3.39,12.29,0.3,13.35,25.71,91.84,1.32,266.57,0.0,14.45
2025-10-03 08:00:00,29.08,34.97,3.52,12.33,0.3,18.74,27.14,85.22,1.3,348.5,0.0,104.68
2025-10-03 09:00:00,20.76,37.78,3.02,10.06,0.29,26.76,28.41,78.82,1.36,266.09,0.0,141.53
2025-10-03 10:00:00,23.52,32.82,3.19,9.08,0.26,28.94,28.52,78.42,1.36,344.57,0.0,154.35
2025-10-03 11:00:00,18.46,30.22,5.58,9.31,0.28,28.44,29.74,75.33,0.9,254.26,0.0,169.78
2025-10-03 12:00:00,17.58,28.78,2.92,9.39,0.25,30.75,30.68,71.16,1.21,346.0,0.0,168.9
2025-10-03 13:00:00,14.92,32.99,4.12,12.57,0.26,28.0,29.95,73.31,1.2,341.31,0.0,134.52
2025-10-03 14:00:00,26.56,29.52,7.19,10.68,0.38,24.03,28.39,81.14,0.71,296.99,0.0,126.5
2025-10-03 15:00:00,21.14,32.54,9.72,5.44,0.43,19.97,27.6,82.26,0.5,125.4,0.0,26.15
2025-10-03 16:00:00,31.39,47.89,10.64,7.63,0.44,19.43,26.15,86.12,0.88,268.6,0.0,0.0
2025-10-03 17:00:00,26.07,50.92,14.38,11.35,0.59,21.0,26.21,86.41,0.89,184.14,0.0,0.0
2025-10-03 18:00:00,29.31,62.84,13.21,12.82,0.52,40.11,25.65,87.59,0.97,115.37,0.0,0.0
2025-10-03 19:00:00,31.01,51.28,24.79,13.19,1.27,7.56,25.74,87.33,0.42,135.91,0.0,0.0
2025-10-03 20:00:00,33.19,63.35,19.89,12.68,0.68,8.68,25.21,90.26,0.89,177.52,0.0,0.0
2025-10-03 21:00:00,26.56,64.9,12.49,12.44,0.44,10.62,25.19,92.11,0.73,254.14,0.0,0.0
2025-10-03 22:00:00,24.46,53.42,8.16,12.39,0.34,10.02,25.11,93.0,1.15,335.98,0.0,0.0
2025-10-03 23:00:00,21.24,51.34,4.28,12.41,0.28,13.24,24.98,92.12,1.12,308.21,0.0,0.0
2025-10-04 00:00:00,26.68,49.14,4.49,12.48,0.26,15.28,24.9,92.31,0.88,259.25,0.0,0.0
2025-10-04 01:00:00,20.66,56.66,5.18,12.5,0.27,13.08,24.64,92.1,0.8,96.72,0.0,0.0
2025-10-04 02:00:00,25.72,51.32,3.6,12.53,0.24,12.97,24.56,92.61,1.16,176.91,0.0,0.0
2025-10-04 03:00:00,18.76,47.22,2.41,12.46,0.22,13.97,24.56,92.7,0.98,331.6,0.0,0.0
2025-10-04 04:00:00,13.36,43.39,2.91,12.61,0.24,13.07,24.36,94.52,0.73,224.05,0.0,0.0
2025-10-04 05:00:00,10.25,40.6,4.55,12.65,0.26,10.34,24.3,96.22,0.81,261.51,0.0,0.0
2025-10-04 06:00:00,11.81,40.1,4.78,12.72,0.23,12.29,24.44,95.16,0.61,260.56,0.0,0.0
2025-10-04 07:00:00,11.44,45.58,8.67,12.99,0.46,13.96,25.61,90.5,0.69,178.48,0.0,12.82
2025-10-04 08:00:00,29.47,58.52,4.15,12.8,0.3,22.54,26.9,84.9,0.93,270.9,0.0,60.65
2025-10-04 09:00:00,31.4,57.81,2.16,12.69,0.29,28.47,28.26,79.87,1.13,93.82,0.0,122.72
2025-10-04 10:00:00,26.7,49.68,5.7,12.69,0.38,42.55,28.7,80.21,1.04,353.71,0.0,159.42
2025-10-04 11:00:00,18.94,41.68,4.81,10.03,0.38,25.85,29.23,77.73,0.97,177.4,0.0,161.12
2025-10-04 12:00:00,13.55,35.22,6.26,8.72,0.34,24.57,30.03,74.18,0.94,99.09,0.0,171.15
2025-10-04 13:00:00,10.04,28.98,4.97,8.85,0.3,26.5,29.97,73.03,1.04,6.16,0.0,154.58
2025-10-04 14:00:00,10.74,37.64,6.82,8.94,0.33,26.68,30.76,70.99,0.82,178.58,0.0,163.48
2025-10-04 15:00:00,8.85,27.84,5.02,8.74,0.34,26.17,29.36,76.06,0.99,170.58,0.0,73.08
2025-10-04 16:00:00,27.58,35.5,15.44,8.65,0.64,18.61,27.4,82.56,0.95,220.72,0.0,0.0
2025-10-04 17:00:00,22.98,40.88,12.74,8.68,0.54,23.78,26.34,82.79,0.98,134.18,0.0,0.0
2025-10-04 18:00:00,25.8,34.15,17.75,8.87,0.78,26.84,26.63,86.18,0.74,99.46,0.0,0.0
2025-10-04 19:00:00,26.54,38.53,16.87,9.07,0.59,10.78,26.28,86.62,0.8,99.0,0.0,0.0
2025-10-04 20:00:00,19.3,36.05,13.32,8.75,0.44,15.76,25.96,82.78,0.66,100.32,0.0,0.0
2025-10-04 21:00:00,16.21,32.3,15.76,8.83,0.5,13.57,25.37,86.97,0.93,204.52,0.0,0.0
2025-10-04 22:00:00,21.08,37.4,14.53,8.99,0.44,12.19,24.97,89.57,1.05,186.64,0.0,0.0
2025-10-04 23:00:00,19.64,40.56,8.42,8.83,0.29,14.39,24.77,91.09,0.91,336.89,0.0,0.0
2025-10-05 00:00:00,29.59,45.78,3.76,8.62,0.2,22.45,24.75,90.14,0.96,337.31,0.0,0.0
2025-10-05 01:00:00,29.64,43.18,3.36,8.59,0.22,24.31,24.51,91.62,0.95,255.81,0.0,0.0
2025-10-05 02:00:00,21.03,44.39,2.77,8.56,0.22,22.5,24.29,93.47,0.96,176.1,0.0,0.0
2025-10-05 03:00:00,21.46,38.22,6.71,8.83,0.29,13.6,24.06,95.99,0.82,121.62,0.0,0.0
2025-10-05 04:00:00,15.89,38.18,8.25,8.9,0.27,11.24,23.85,96.73,0.75,220.08,0.0,0.0
2025-10-05 05:00:00,14.8,41.12,7.58,8.68,0.28,9.16,23.86,97.22,1.04,101.6,0.0,0.0
2025-10-05 06:00:00,15.22,35.66,10.16,8.67,0.41,6.16,24.14,97.08,0.99,101.77,0.0,0.0
2025-10-05 07:00:00,15.71,39.17,9.58,8.67,0.45,12.24,25.46,90.35,0.91,219.82,0.0,21.62
2025-10-05 08:00:00,38.12,50.1,8.35,8.64,0.32,20.09,26.95,83.54,1.0,271.87,0.0,100.85
2025-10-05 09:00:00,30.1,50.6,2.16,8.62,0.26,28.01,28.37,78.18,1.1,262.71,0.0,214.58
2025-10-05 10:00:00,24.82,49.88,1.81,8.59,0.27,32.24,29.1,76.41,1.34,260.41,0.0,190.77
2025-10-05 11:00:00,18.1,41.91,2.09,8.64,0.28,30.52,29.27,75.8,1.49,354.87,0.0,178.78
2025-10-05 12:00:00,19.02,39.22,2.3,8.54,0.3,30.07,28.84,77.27,1.43,338.17,0.0,165.7
2025-10-05 13:00:00,18.6,34.21,2.12,8.69,0.26,29.79,27.78,79.29,1.26,346.96,0.0,168.38
2025-10-05 14:00:00,15.55,31.33,2.21,8.63,0.25,31.38,27.88,77.39,1.12,342.86,0.0,89.5
2025-10-05 15:00:00,21.02,29.65,2.33,8.46,0.26,28.3,26.96,81.71,1.12,347.47,0.0,15.88
2025-10-05 16:00:00,15.07,37.15,2.8,8.45,0.26,28.4,26.49,82.31,1.24,341.67,0.0,0.0
2025-10-05 17:00:00,22.96,70.25,3.88,8.47,0.3,27.68,25.78,83.64,1.21,327.45,0.0,0.0
2025-10-05 18:00:00,20.72,47.06,9.66,8.59,0.52,21.19,25.62,85.22,1.01,245.17,0.0,0.0
2025-10-05 19:00:00,15.64,39.2,22.98,8.93,0.91,12.92,25.99,86.13,0.83,101.25,0.0,0.0
2025-10-05 20:00:00,22.36,53.24,19.43,8.65,0.8,11.5,25.41,90.04,1.05,168.47,0.0,0.0
2025-10-05 21:00:00,28.63,53.54,17.94,8.65,0.69,11.95,25.26,88.98,1.14,168.34,0.0,0.0
2025-10-05 22:00:00,24.85,58.16,17.46,5.18,0.61,10.84,24.81,91.38,1.27,169.43,0.0,0.0
2025-10-05 23:00:00,30.53,54.48,15.48,3.91,0.5,14.34,24.65,91.01,1.23,162.72,0.0,0.0
2025-10-06 00:00:00,40.01,53.31,9.26,4.03,0.24,17.47,24.29,95.1,0.88,155.48,0.0,0.0
2025-10-06 01:00:00,35.12,51.21,6.47,3.87,0.17,19.7,23.75,96.94,1.04,168.54,0.0,0.0
2025-10-06 02:00:00,39.71,45.54,17.35,5.57,0.15,10.06,23.68,96.36,0.99,165.47,0.0,0.0
2025-10-06 03:00:00,27.85,40.08,9.32,6.63,0.12,14.24,23.68,97.09,0.64,189.41,0.0,0.0
2025-10-06 04:00:00,19.51,33.34,3.38,4.9,0.11,14.43,23.62,97.24,0.53,17.52,0.0,0.0
2025-10-06 05:00:00,14.17,33.97,3.35,4.35,0.16,14.04,23.68,97.25,0.66,104.67,0.0,0.0
2025-10-06 06:00:00,10.99,36.29,5.0,4.24,0.18,12.34,23.88,97.25,0.78,109.63,0.0,0.0
2025-10-06 07:00:00,23.16,35.72,7.42,4.3,0.26,13.25,24.56,95.28,0.96,269.14,0.0,8.15
2025-10-06 08:00:00,37.59,50.1,5.08,8.34,0.19,16.7,25.62,89.68,0.88,165.92,0.0,75.85
2025-10-06 09:00:00,35.43,59.58,7.14,10.64,0.23,20.19,27.25,81.75,0.68,258.11,0.0,143.38
2025-10-06 10:00:00,29.39,58.56,2.9,10.49,0.14,21.75,27.21,82.24,1.18,343.21,0.0,85.18
2025-10-06 11:00:00,20.83,46.48,6.07,9.73,0.19,37.89,27.07,82.83,0.58,191.71,0.0,27.48
2025-10-06 12:00:00,5.02,16.42,13.25,12.37,0.3298165948971876,31.5,26.38,88.36,0.78,132.5,0.0,0.02
2025-10-06 13:00:00,21.44,67.56,21.297917933470195,12.36,0.6682155542475,9.69,25.88,88.66,1.4,165.7,0.0,8.15
2025-10-06 14:00:00,35.18,73.21,18.70725285311346,10.75,0.62,10.02,25.83,89.12,1.22,160.76,0.0,3.4
2025-10-06 15:00:00,35.14,68.15,19.59,13.82,0.61,14.25,26.02,88.02,1.04,153.4,0.0,2.98
2025-10-06 16:00:00,47.08,74.16,23.64,16.19,0.7,6.96,26.09,88.44,0.71,164.64,0.0,0.0
2025-10-06 17:00:00,43.73,74.14,23.21,11.75545904374912,0.78,10.84,25.51,90.82,1.16,159.92,0.0,0.0
2025-10-06 18:00:00,51.97,71.88,21.15,1.74,0.78,16.69,24.78,95.88,1.0,171.94,0.0,0.0
2025-10-06 19:00:00,41.56,73.58,21.31,4.66,0.72,6.25,24.25,97.3,0.98,260.46,0.0,0.0
2025-10-06 20:00:00,41.21,69.15,22.55,4.2,0.87,5.94,24.32,97.31,1.13,111.46,0.0,0.0
2025-10-06 21:00:00,36.12,64.9,23.34,8.49,0.82,7.23,24.4,97.23,1.06,316.52,0.0,0.0
2025-10-06 22:00:00,38.99,85.36,15.96,15.18,0.39,4.26,24.31,92.78,0.88,177.9,0.0,0.0
2025-10-06 23:00:00,44.26,74.01,14.08,15.12,0.35,5.65,23.58,97.21,0.84,235.35,0.0,0.0
2025-10-07 00:00:00,47.81,61.65,12.62,15.1,0.26,9.34,23.17,97.21,1.1,212.44,0.0,0.0
2025-10-07 01:00:00,41.71,69.4,11.11,14.6,0.18,12.24,22.89,97.2,0.79,168.52,0.9,0.0
2025-10-07 02:00:00,29.51,53.93,4.98,14.25,0.13,12.8,22.29,97.24,0.98,289.43,0.2,0.0
2025-10-07 03:00:00,21.32,45.5,8.95,14.01,0.19,8.56,22.47,97.27,0.85,279.52,0.0,0.0
2025-10-07 04:00:00,15.44,40.92,9.19,14.02,0.25,4.0,22.46,97.27,1.12,244.56,0.0,0.0
2025-10-07 05:00:00,11.29,33.12,9.55,14.11,0.28,2.58,22.24,97.29,0.73,216.03,0.05,0.0
2025-10-07 06:00:00,14.99,32.4,10.8,14.59,0.44,3.34,22.2,97.29,1.24,258.42,0.0,0.0
2025-10-07 07:00:00,21.81,42.91,13.54,14.68,0.41,5.86,23.05,97.25,1.2,268.88,0.0,0.0
2025-10-07 08:00:00,38.89,63.58,12.01,14.6,0.47,13.01,24.91,95.72,1.11,92.08,0.0,47.18
2025-10-07 09:00:00,41.92,64.21,7.16,14.52,0.32,21.64,27.43,80.95,0.99,347.73,0.0,127.8
2025-10-07 10:00:00,33.56,58.2,3.17,14.43,0.21,24.21,28.74,73.59,1.17,355.12,0.0,133.43
2025-10-07 11:00:00,26.16,50.29,5.64,14.37,0.22,22.92,30.01,67.22,0.96,347.52,0.0,139.45
2025-10-07 12:00:00,18.5,44.24,4.63,12.6,0.16,26.99,30.79,63.16,1.28,89.67,0.0,162.12
2025-10-07 13:00:00,15.57,33.34,6.13,11.22,0.24,26.56,31.46,59.34,1.16,264.45,0.0,146.02
2025-10-07 14:00:00,18.26,33.47,1.74,11.14,0.12,28.41,30.58,61.03,1.33,262.96,0.0,128.0
2025-10-07 15:00:00,20.62,35.89,4.2,11.01,0.18,27.12,29.9,61.56,1.11,181.39,0.0,34.65
2025-10-07 16:00:00,27.78,37.11,6.76,11.1,0.24,26.02,28.83,65.32,1.13,179.87,0.0,0.0
2025-10-07 17:00:00,27.6,42.03,11.9,11.2,0.34,21.52,27.18,72.59,1.19,334.6,0.0,0.0
2025-10-07 18:00:00,24.16,40.86,32.04,11.74,0.86,9.72,25.96,80.18,0.96,250.67,0.0,0.0
2025-10-07 19:00:00,31.58,52.99,31.16,12.28,1.37,5.39,25.36,85.33,1.15,313.86,0.0,0.0
2025-10-07 20:00:00,32.37,70.86,19.86,13.05,1.01,3.03,24.81,94.21,1.24,329.34,0.0,0.0
2025-10-07 21:00:00,37.98,72.36,21.79,13.54,0.73,2.14,24.32,96.53,1.27,311.9,0.0,0.0
2025-10-07 22:00:00,34.44,88.69,16.83,12.3,0.48,2.84,23.79,96.67,1.23,323.64,0.0,0.0
2025-10-07 23:00:00,35.94,76.71,10.48,11.66,0.34,5.53,23.26,97.18,1.24,335.08,0.0,0.0
2025-10-08 00:00:00,43.72,79.7,8.33,11.13,0.29,8.06,22.98,97.11,1.18,328.46,0.0,0.0
2025-10-08 01:00:00,39.39,74.05,6.34,15.54,0.26,9.57,22.77,96.69,1.3,328.72,0.0,0.0
2025-10-08 02:00:00,30.43,59.81,4.7,16.98,0.22,8.28,22.49,96.46,1.38,314.29,0.0,0.0
2025-10-08 03:00:00,29.23,53.59,5.19,16.93,0.32,5.8,22.33,97.16,1.28,329.05,0.0,0.0
2025-10-08 04:00:00,23.17,51.65,5.85,17.07,0.23,6.77,21.95,97.19,1.28,327.33,0.0,0.0
2025-10-08 05:00:00,25.56,49.26,6.4,17.32,0.19,6.95,21.8,96.98,1.27,334.77,0.0,0.0
2025-10-08 06:00:00,21.88,52.8,8.07,17.62,0.23,6.12,21.92,97.1,1.21,344.46,0.0,0.0
2025-10-08 07:00:00,25.15,50.4,6.66,17.88,0.27,10.89,23.71,90.05,1.23,345.54,0.0,2.12
2025-10-08 08:00:00,34.38,55.61,3.51,17.41,0.24,22.53,25.8,80.69,1.27,258.07,0.0,50.05
2025-10-08 09:00:00,34.74,50.54,6.2,15.6,0.28,27.08,27.85,74.86,1.03,335.01,0.0,146.18
2025-10-08 10:00:00,27.08,48.9,4.26,15.76,0.22,30.98,29.44,68.69,0.85,87.14,0.0,119.7
2025-10-08 11:00:00,22.79,44.66,6.56,15.62,0.2,33.29,30.04,65.71,0.92,179.74,0.0,121.38
2025-10-08 12:00:00,17.04,36.0,4.71,15.41,0.18,38.34,30.3,63.94,1.02,260.36,0.0,127.57
2025-10-08 13:00:00,14.67,37.37,7.11,15.68,0.21,36.71,31.35,61.66,1.04,345.4,0.0,134.6
2025-10-08 14:00:00,18.1,36.0,8.54,15.48,0.19,35.47,30.76,61.18,1.14,255.32,0.0,121.65
2025-10-08 15:00:00,19.39,36.93,5.38,15.3,0.21,37.89,29.85,62.38,1.24,179.49,0.0,22.38
2025-10-08 16:00:00,32.78,58.49,6.86,13.55,0.31,34.87,28.93,64.19,1.1,97.04,0.0,0.0
2025-10-08 17:00:00,26.74,52.43,13.35,13.29,0.38,30.46,27.38,70.45,1.13,324.2,0.0,0.0
2025-10-08 18:00:00,20.11,51.7,13.42,13.25,0.48,18.28,26.0,82.75,1.17,301.52,0.0,0.0
2025-10-08 19:00:00,14.59,57.65,26.61,13.95,0.9,5.52,25.53,86.51,1.08,237.66,0.0,0.0
2025-10-08 20:00:00,18.64,63.98,23.4,14.35,0.85,5.01,25.37,89.24,1.13,323.95,0.0,0.0
2025-10-08 21:00:00,23.63,66.52,9.12,13.78,0.27,19.08,25.02,78.59,1.11,344.68,0.0,0.0
2025-10-08 22:00:00,25.09,68.54,8.93,14.29,0.27,24.8,24.8,77.24,1.4,333.98,0.0,0.0
2025-10-08 23:00:00,25.22,75.48,7.53,13.94,0.31,19.2,23.8,84.33,1.23,315.82,0.0,0.0
2025-10-09 00:00:00,36.26,79.44,8.09,13.56,0.27,16.11,23.38,89.32,1.21,311.97,0.0,0.0
2025-10-09 01:00:00,32.63,83.18,5.3,13.45,0.31,13.5,22.62,94.46,1.16,327.62,0.0,0.0
2025-10-09 02:00:00,40.2,76.04,5.2,13.38,0.3,14.25,22.52,93.27,1.28,316.18,0.0,0.0
2025-10-09 03:00:00,28.71,73.02,6.11,13.92,0.29,16.32,22.23,90.55,1.13,312.0,0.0,0.0
2025-10-09 04:00:00,21.15,73.28,5.35,14.16,0.26,18.42,21.7,90.44,1.11,318.41,0.0,0.0
2025-10-09 05:00:00,25.31,69.81,6.13,14.03,0.24,18.27,21.1,92.39,1.1,315.09,0.0,0.0
2025-10-09 06:00:00,23.34,69.88,6.36,14.04,0.22,20.44,21.75,86.84,1.25,342.19,0.0,0.0
2025-10-09 07:00:00,26.9,79.44,9.51,13.95,0.24,24.56,23.16,80.29,1.36,343.21,0.0,3.0
2025-10-09 08:00:00,47.3,89.78,5.49,14.68,0.26,28.67,24.73,77.46,1.26,257.47,0.0,71.3
2025-10-09 09:00:00,45.62,101.04,13.2,18.93,0.36,31.51,27.05,72.46,1.27,342.59,0.0,118.88
2025-10-09 10:00:00,50.65,113.79,14.97,29.08,0.35,34.7,29.12,67.44,0.84,299.97,0.0,136.15
2025-10-09 11:00:00,39.72,110.8,8.47,23.48,0.34,45.45,30.83,63.56,0.65,172.48,0.0,138.5
2025-10-09 12:00:00,35.09,100.51,10.93,20.99,0.31,44.7,31.31,59.5,0.6,281.1,0.0,145.32
2025-10-09 13:00:00,36.08,97.79,18.29,44.29,0.24,37.0,31.64,57.01,1.26,172.71,0.0,146.2
2025-10-09 14:00:00,36.89,92.9,7.8,29.12,0.23,44.17,31.58,55.14,1.03,341.61,0.0,119.32
2025-10-09 15:00:00,27.67,79.78,2.33,18.05,0.21,44.54,29.86,58.02,1.34,345.49,0.0,9.52
2025-10-09 16:00:00,46.54,80.24,4.23,15.28,0.4,44.34,29.22,59.94,1.34,337.58,0.0,0.0
2025-10-09 17:00:00,37.48,69.44,7.46,9.76,0.31,35.82,27.35,66.88,1.21,275.8,0.0,0.0
2025-10-09 18:00:00,40.7,62.45,18.33,9.55,0.61,22.36,25.44,78.0,1.28,299.68,0.0,0.0
2025-10-09 19:00:00,33.67,62.97,19.04,10.65,0.5,14.31,24.7,79.5,1.21,320.27,0.0,0.0
2025-10-09 20:00:00,32.83,70.68,8.82,9.73,0.3,27.23,24.96,74.34,1.27,343.26,0.0,0.0
2025-10-09 21:00:00,29.02,79.36,7.51,8.42,0.31,27.11,24.22,77.37,1.27,329.63,0.0,0.0
2025-10-09 22:00:00,28.52,92.0,7.74,8.72,0.29,27.14,23.76,76.93,1.27,334.83,0.0,0.0
2025-10-09 23:00:00,36.66,99.18,9.02,8.66,0.32,26.69,23.12,77.86,1.16,332.3,0.0,0.0
2025-10-10 00:00:00,48.21,115.98,5.02,8.92,0.18,30.84,22.68,76.03,1.34,337.28,0.0,0.0
2025-10-10 01:00:00,57.08,115.43,4.32,8.7,0.17,29.73,22.21,77.74,1.31,337.42,0.0,0.0
2025-10-10 02:00:00,44.51,112.65,4.47,1.19,0.2,26.05,21.76,80.44,1.02,248.93,0.0,0.0
2025-10-10 03:00:00,47.12,110.95,4.3,1.23,0.19,24.74,21.12,83.39,1.03,324.21,0.0,0.0
2025-10-10 04:00:00,35.34,109.93,4.5,5.98,0.18,27.52,21.18,80.34,1.24,338.33,0.0,0.0
2025-10-10 05:00:00,39.68,106.26,5.28,8.98,0.16,25.91,20.78,81.52,1.15,333.41,0.0,0.0
2025-10-10 06:00:00,35.31,103.56,7.56,9.1,0.19,22.56,20.62,82.48,1.12,327.82,0.0,0.0
2025-10-10 07:00:00,39.64,108.4,11.58,8.74,0.26,24.07,21.88,82.28,1.36,334.62,0.0,6.45
2025-10-10 08:00:00,44.41,112.41,8.03,9.59,0.35,30.06,24.2,78.65,1.38,340.88,0.0,105.98
2025-10-10 09:00:00,49.43,116.33,8.63,11.32,0.32,40.99,26.28,73.53,1.26,344.24,0.0,124.15
2025-10-10 10:00:00,43.96,113.96,7.24,11.42,0.34,42.83,27.8,71.16,1.03,341.69,0.0,147.07
2025-10-10 11:00:00,49.24,101.84,7.23,13.01,0.31,45.83,28.28,71.52,0.96,263.6,0.0,153.07
2025-10-10 12:00:00,42.08,103.21,9.61,15.7,0.3,46.55,29.22,70.17,0.9,184.14,0.0,152.75
2025-10-10 13:00:00,43.76,103.2,11.62,17.94,0.26,42.57,28.84,70.66,0.96,269.87,0.0,139.07
2025-10-10 14:00:00,47.67,94.51,6.12,18.39,0.25,48.24,29.23,68.64,1.07,260.19,0.0,134.28
2025-10-10 15:00:00,48.75,97.1,32.02,47.16,0.26,28.33,28.75,67.5,1.05,263.72,0.0,54.88
2025-10-10 16:00:00,55.64,98.08,24.37,39.83,0.29,31.01,28.23,68.3,1.21,333.9,0.0,0.0
2025-10-10 17:00:00,47.25,93.02,9.12,20.78,0.39,36.96,26.94,71.22,0.6,248.14,0.0,0.0
2025-10-10 18:00:00,50.92,95.64,16.83,14.44,0.57,23.65,25.6,76.9,0.62,291.78,0.0,0.0
2025-10-10 19:00:00,45.67,98.28,18.76,12.54,0.57,27.15,25.65,73.76,0.53,255.38,0.0,0.0
2025-10-10 20:00:00,38.01,97.93,13.43,10.92,0.39,36.22,25.3,70.85,0.7,102.67,0.0,0.0
2025-10-10 21:00:00,34.22,99.37,9.24,9.74,0.34,39.11,24.39,72.56,0.84,333.7,0.0,0.0
2025-10-10 22:00:00,39.46,109.18,9.23,9.14,0.37,38.22,23.68,73.56,1.08,324.74,0.0,0.0
2025-10-10 23:00:00,44.32,112.1,11.37,10.6,0.36,35.17,22.88,76.1,1.15,320.15,0.0,0.0
2025-10-11 00:00:00,63.4,120.34,8.25,11.3,0.23,33.32,22.12,79.43,1.27,315.65,0.0,0.0
2025-10-11 01:00:00,57.98,123.84,5.67,10.35,0.38,28.32,21.28,84.23,1.1,345.96,0.0,0.0
2025-10-11 02:00:00,54.57,119.08,3.91,9.78,0.25,29.79,20.9,83.27,1.26,339.38,0.0,0.0
2025-10-11 03:00:00,47.11,115.1,3.7,9.62,0.27,31.3,20.63,83.51,1.2,258.96,0.0,0.0
2025-10-11 04:00:00,41.28,115.78,4.73,9.52,0.28,29.01,20.24,85.48,1.17,334.52,0.0,0.0
2025-10-11 05:00:00,42.98,120.16,5.84,9.75,0.28,29.72,20.17,85.35,1.12,259.45,0.0,0.0
2025-10-11 06:00:00,42.82,108.99,7.31,9.97,0.28,29.2,20.33,85.42,1.29,255.9,0.0,0.0
2025-10-11 07:00:00,45.58,118.77,10.05,10.74,0.31,32.21,22.02,79.14,1.52,342.24,0.0,6.48
2025-10-11 08:00:00,52.5,122.71,9.43,13.47,0.31,35.62,24.06,72.63,1.4,258.78,0.0,77.65
2025-10-11 09:00:00,55.77,134.23,12.68,19.54,0.32,39.43,26.12,67.61,1.14,265.96,0.0,109.9
2025-10-11 10:00:00,55.66,139.85,10.38,23.44,0.29,44.94,27.44,64.56,0.77,97.22,0.0,136.9
2025-10-11 11:00:00,51.46,136.84,15.57,39.84,0.25,49.16,28.94,61.83,0.92,345.61,0.0,107.98
2025-10-11 12:00:00,50.22,127.98,48.84,139.8,0.24,26.03,29.57,60.68,0.81,241.96,0.0,103.5
2025-10-11 13:00:00,60.82,137.86,50.46,124.72,0.23,25.46,28.97,62.59,0.98,340.97,0.0,89.9
2025-10-11 14:00:00,58.84,146.53,27.97,74.36,0.22,43.53,29.66,60.2,0.88,342.78,0.0,91.15
2025-10-11 15:00:00,56.26,137.48,19.3,41.37,0.24,49.81,29.12,60.9,0.74,252.93,0.0,56.08
2025-10-11 16:00:00,62.6,131.51,13.97,35.04,0.26,52.72,28.21,62.97,0.86,334.16,0.0,0.0
2025-10-11 17:00:00,62.97,127.21,13.74,21.15,0.37,48.68,26.81,68.19,0.52,203.01,0.0,0.0
2025-10-11 18:00:00,56.75,119.4,24.66,15.12,0.71,35.02,25.7,72.66,0.7,68.14,0.0,0.0
2025-10-11 19:00:00,46.03,116.86,32.99,12.7,0.9,25.46,25.06,75.11,0.65,126.82,0.0,0.0
2025-10-11 20:00:00,50.98,121.47,21.88,11.12,0.73,29.08,24.6,74.48,0.52,269.5,0.0,0.0
2025-10-11 21:00:00,48.24,113.15,17.24,10.5,0.62,31.94,23.94,76.17,0.87,285.81,0.0,0.0
2025-10-11 22:00:00,37.28,112.24,18.04,10.27,0.57,30.05,23.28,79.94,1.08,292.34,0.0,0.0
2025-10-11 23:00:00,43.44,103.22,14.66,9.81,0.37,34.77,22.67,78.66,0.79,272.44,0.0,0.0
2025-10-12 00:00:00,50.39,102.9,11.25,9.73,0.31,34.18,21.92,79.24,0.95,271.26,0.0,0.0
2025-10-12 01:00:00,41.31,98.86,9.68,9.35,0.27,32.5,21.32,82.26,1.29,307.98,0.0,0.0
2025-10-12 02:00:00,48.4,94.0,7.37,9.3,0.24,28.84,20.68,86.95,1.32,304.31,0.0,0.0
2025-10-12 03:00:00,34.78,90.52,6.28,9.06,0.4,27.93,20.46,86.87,1.31,331.88,0.0,0.0
2025-10-12 04:00:00,32.28,81.81,6.64,9.03,0.62,24.99,19.92,89.46,1.18,297.67,0.0,0.0
2025-10-12 05:00:00,36.39,86.03,7.0,8.71,0.46,21.8,19.42,92.76,1.22,322.67,0.0,0.0
2025-10-12 06:00:00,42.98,86.07,7.96,8.62,0.46,23.06,19.96,90.65,1.22,324.08,0.0,0.0
2025-10-12 07:00:00,40.76,84.8,11.19,9.25,0.38,29.02,21.77,83.56,1.38,344.26,0.0,0.0
2025-10-12 08:00:00,52.45,89.32,6.76,10.78,0.32,44.58,23.98,73.28,1.49,342.74,0.0,33.08
2025-10-12 09:00:00,46.16,91.52,6.24,13.38,0.28,55.45,26.58,62.4,1.05,345.48,0.0,64.08
2025-10-12 10:00:00,53.58,91.24,16.7,53.31,0.25,48.17,28.06,57.22,0.96,270.33,0.0,62.12
2025-10-12 11:00:00,36.34,89.43,49.84,169.71,0.22,26.77,29.46,54.6,0.87,103.21,0.0,55.9
2025-10-12 12:00:00,37.77,98.24,33.01,101.42,0.2,41.59,30.18,52.18,0.97,178.32,0.0,69.7
2025-10-12 13:00:00,42.14,103.74,35.28,114.05,0.2,40.02,30.48,50.92,0.94,340.27,0.0,76.65
2025-10-12 14:00:00,50.08,109.56,38.59,119.54,0.18,38.62,30.38,50.82,0.56,193.88,0.0,93.48
2025-10-12 15:00:00,44.23,107.97,35.65,92.69,0.19,41.58,29.15,54.63,0.91,250.36,0.0,50.85
2025-10-12 16:00:00,54.64,115.26,19.96,37.68,0.26,57.99,28.53,57.73,0.6,103.12,0.0,7.28
2025-10-12 17:00:00,54.82,120.45,15.07,16.22,0.42,50.67,26.87,62.63,0.58,95.31,0.0,0.0
2025-10-12 18:00:00,54.7,103.71,43.26,13.93,0.95,24.72,25.36,69.51,0.63,121.28,0.0,0.0
2025-10-12 19:00:00,52.12,115.11,46.36,12.7,1.18,17.61,24.32,73.85,1.26,71.68,0.0,0.0
2025-10-12 20:00:00,60.52,121.53,42.88,11.48,1.11,11.6,23.29,80.62,1.15,125.24,0.0,0.0
2025-10-12 21:00:00,58.37,127.26,36.17,11.03,1.0,14.03,23.0,81.86,1.04,340.34,0.0,0.0
2025-10-12 22:00:00,55.19,122.23,34.36,11.51,1.08,14.4,22.7,82.71,1.12,300.73,0.0,0.0
2025-10-12 23:00:00,62.19,116.31,20.1,10.36,0.56,21.09,22.36,85.68,1.25,336.38,0.0,0.0
2025-10-13 00:00:00,66.67,113.94,8.2,9.77,0.32,21.81,21.39,89.44,1.03,330.68,0.0,0.0
2025-10-13 01:00:00,57.16,97.16,6.79,9.92,0.35,25.41,21.34,86.35,1.33,334.33,0.0,0.0
2025-10-13 02:00:00,47.96,99.48,6.32,10.57,0.34,24.18,21.11,85.62,1.32,331.72,0.0,0.0
2025-10-13 03:00:00,44.28,85.71,5.99,11.33,0.33,28.68,20.73,84.62,1.28,330.6,0.0,0.0
2025-10-13 04:00:00,32.69,86.82,5.03,10.33,0.18,31.43,20.51,84.47,1.32,322.8,0.0,0.0
2025-10-13 05:00:00,40.87,77.57,6.15,10.28,0.19,32.6,20.28,84.09,1.27,337.35,0.0,0.0
2025-10-13 06:00:00,37.1,75.98,7.32,8.21,0.22,29.88,20.11,85.89,1.12,327.27,0.0,0.0
2025-10-13 07:00:00,43.13,80.17,11.81,8.06,0.3,31.28,21.43,82.35,1.36,335.28,0.0,1.7
2025-10-13 08:00:00,49.68,90.05,13.31,12.2,0.44,37.44,23.98,73.83,1.0,347.24,0.0,54.78
2025-10-13 09:00:00,49.74,93.48,12.21,17.52,0.35,53.4,26.67,65.91,0.6,267.14,0.0,66.2
2025-10-13 10:00:00,51.01,93.06,8.82,16.66,0.3,58.62,28.26,65.31,0.83,261.14,0.0,82.75
2025-10-13 11:00:00,50.62,94.88,14.72,46.65,0.36,63.37,29.44,64.07,0.51,182.16,0.0,86.85
2025-10-13 12:00:00,53.79,98.27,20.74,49.48,0.48,71.0,30.06,62.68,0.56,153.36,0.0,72.65
2025-10-13 13:00:00,72.0,115.0,12.51,47.24,0.33,76.77,30.08,61.68,0.69,345.87,0.0,72.53
2025-10-13 14:00:00,66.18,110.89,21.56,52.83,0.39,68.81,30.1,61.71,0.4,198.01,0.0,73.73
2025-10-13 15:00:00,73.99,113.22,18.04,36.8,0.35,67.34,29.06,63.35,0.61,280.85,0.0,22.52
2025-10-13 16:00:00,94.94,117.4,13.54,27.48,0.4,62.46,28.42,65.97,0.74,317.73,0.0,0.4
2025-10-13 17:00:00,84.25,119.88,19.86,21.62,0.54,46.66,26.56,73.25,0.98,173.08,0.0,0.0
2025-10-13 18:00:00,85.29,122.51,30.72,19.19,0.88,27.14,24.87,79.04,1.22,325.35,0.0,0.0
2025-10-13 19:00:00,82.04,120.84,51.13,15.02,1.55,9.38,24.08,85.8,0.92,173.88,0.0,0.0
2025-10-13 20:00:00,86.2,140.12,37.54,11.52,1.17,3.28,23.6,95.92,1.27,313.48,0.0,0.0
2025-10-13 21:00:00,84.96,135.32,26.0,9.93,1.08,1.82,23.12,97.22,1.3,309.18,0.0,0.0
2025-10-13 22:00:00,81.59,133.96,27.94,9.28,1.14,4.08,22.84,97.03,1.33,325.86,0.0,0.0
2025-10-13 23:00:00,85.58,137.38,14.68,12.28,0.61,18.01,22.58,95.26,1.38,332.15,0.0,0.0
2025-10-14 00:00:00,104.94,133.51,7.5,13.12,0.3,24.08,22.26,92.84,1.05,319.35,0.0,0.0
2025-10-14 01:00:00,98.51,123.04,6.47,13.28,0.34,24.18,22.01,91.92,1.15,324.82,0.0,0.0
2025-10-14 02:00:00,87.18,114.52,6.56,13.11,0.37,17.31,21.6,94.72,1.01,284.67,0.0,0.0
2025-10-14 03:00:00,66.71,106.48,6.62,12.62,0.35,15.8,21.7,94.75,1.02,295.21,0.0,0.0
2025-10-14 04:00:00,67.04,97.54,6.38,12.25,0.33,13.45,21.61,95.65,1.19,308.92,0.0,0.0
2025-10-14 05:00:00,60.16,93.32,7.04,12.47,0.37,15.84,21.8,93.67,1.23,307.72,0.0,0.0
2025-10-14 06:00:00,64.62,94.97,7.46,12.24,0.38,15.12,21.64,95.31,1.27,309.32,0.0,0.0
2025-10-14 07:00:00,67.63,100.94,9.29,12.73,0.48,20.58,23.03,89.02,1.2,248.14,0.0,5.25
2025-10-14 08:00:00,72.35,102.86,9.53,15.02,0.47,38.33,25.25,80.79,1.19,259.99,0.0,41.58
2025-10-14 09:00:00,71.88,109.53,10.9,19.04,0.5,53.49,27.94,71.23,0.35,160.68,0.0,71.78
2025-10-14 10:00:00,76.4,108.7,8.97,21.33,0.39,58.0,29.18,66.6,0.2,83.54,0.0,100.5
2025-10-14 11:00:00,66.75,94.51,7.93,21.31,0.36,60.4,29.86,64.8,0.26,68.64,0.0,120.48
2025-10-14 12:00:00,50.24,94.41,7.34,26.76,0.33,63.97,29.76,65.51,0.64,190.56,0.0,125.13
2025-10-14 13:00:00,61.56,105.03,7.56,24.82,0.31,56.62,29.98,65.32,0.39,98.37,0.0,95.4
2025-10-14 14:00:00,62.23,98.27,10.42,26.36,0.32,53.34,29.82,65.42,0.42,56.36,0.0,55.5
2025-10-14 15:00:00,61.46,99.43,13.07,30.04,0.31,50.02,29.48,65.56,0.36,150.92,0.0,32.75
2025-10-14 16:00:00,66.78,90.98,14.7,31.79,0.36,47.02,28.93,66.93,0.31,102.28,0.0,0.5
2025-10-14 17:00:00,64.46,90.64,13.25,26.6,0.45,46.7,27.81,70.81,0.68,45.77,0.0,0.0
2025-10-14 18:00:00,56.2,88.54,17.1,17.38,0.64,35.18,26.69,74.07,0.54,196.58,0.0,0.0
2025-10-14 19:00:00,54.23,88.8,35.57,15.88,1.12,24.27,26.27,75.73,0.77,109.27,0.0,0.0
2025-10-14 20:00:00,53.23,88.57,27.52,16.69,0.77,26.97,25.92,77.08,0.77,64.9,0.0,0.0
2025-10-14 21:00:00,56.52,90.21,26.55,13.06,0.81,24.7,25.32,78.65,0.73,65.98,0.0,0.0
2025-10-14 22:00:00,55.43,91.22,37.16,11.48,1.04,18.61,24.78,81.17,0.5,46.15,0.0,0.0
2025-10-14 23:00:00,66.76,103.9,21.7,9.66,0.7,21.97,23.99,85.81,0.98,265.68,0.0,0.0
2025-10-15 00:00:00,77.81,105.59,17.08,8.95,0.51,22.78,23.78,87.43,1.09,343.94,0.0,0.0
2025-10-15 01:00:00,81.1,100.98,14.38,8.97,0.54,22.94,24.12,87.22,1.2,320.82,0.0,0.0
2025-10-15 02:00:00,72.3,100.16,11.26,9.42,0.43,16.5,23.92,90.45,1.22,295.92,0.0,0.0
2025-10-15 03:00:00,62.21,91.09,8.69,9.2,0.35,18.67,23.84,90.68,1.28,305.78,0.0,0.0
2025-10-15 04:00:00,55.14,92.16,6.93,8.88,0.41,17.74,23.61,92.53,1.29,312.71,0.0,0.0
2025-10-15 05:00:00,57.08,86.23,7.0,8.72,0.42,15.89,23.55,93.34,0.9,319.1,0.0,0.0
2025-10-15 06:00:00,57.83,80.91,8.36,9.81,0.44,24.95,23.88,89.67,0.68,333.45,0.0,0.0
2025-10-15 07:00:00,66.24,84.43,11.16,10.99,0.52,32.78,24.94,84.12,0.78,100.97,0.0,12.78
2025-10-15 08:00:00,87.85,97.1,10.65,13.38,0.55,45.69,26.42,78.26,0.69,105.1,0.0,79.92
2025-10-15 09:00:00,81.09,106.56,9.93,15.22,0.45,55.45,28.49,70.24,0.33,194.93,0.0,92.6
2025-10-15 10:00:00,78.53,101.63,11.0,17.3,0.44,53.07,29.82,65.96,0.22,81.95,0.0,104.6
2025-10-15 11:00:00,72.24,98.06,13.09,15.26,0.53,51.19,30.76,63.5,0.79,153.75,0.0,103.22
2025-10-15 12:00:00,66.49,100.18,12.63,13.06,0.41,48.48,31.2,62.06,0.32,135.12,0.0,103.42
2025-10-15 13:00:00,58.22,98.7,8.17,10.91,0.28,47.08,31.59,59.68,0.31,107.99,0.0,90.42
2025-10-15 14:00:00,57.64,81.86,13.9,10.2,0.44,42.52,32.0,57.84,0.49,165.43,0.0,81.05
2025-10-15 15:00:00,53.98,82.58,13.02,11.04,0.34,51.86,30.42,62.26,0.31,78.91,0.0,25.82
2025-10-15 16:00:00,57.9,82.77,11.7,17.74,0.35,53.29,29.42,65.91,0.5,124.4,0.0,0.0
2025-10-15 17:00:00,58.08,83.79,25.86,17.58,0.66,39.72,28.29,69.92,0.74,93.24,0.0,0.0
2025-10-15 18:00:00,62.14,79.94,50.11,23.11,1.4,16.4,27.01,74.38,0.9,165.21,0.0,0.0
2025-10-15 19:00:00,57.9,92.56,45.46,13.94,1.41,14.07,26.0,79.49,1.18,289.6,0.0,0.0
2025-10-15 20:00:00,64.22,105.32,31.87,10.51,1.13,8.71,25.03,91.46,1.22,306.54,0.0,0.0
2025-10-15 21:00:00,64.7,103.75,31.08,9.7,1.3,4.89,24.57,94.56,1.06,239.43,0.0,0.0
2025-10-15 22:00:00,63.28,122.11,33.93,9.84,1.42,6.71,24.34,92.56,1.2,305.65,0.0,0.0
2025-10-15 23:00:00,76.08,118.22,26.1,9.68,1.09,8.6,23.89,96.14,1.27,318.58,0.0,0.0
2025-10-16 00:00:00,77.44,122.05,16.73,10.05,0.65,10.22,23.42,97.21,1.25,322.64,0.0,0.0
2025-10-16 01:00:00,72.38,120.09,10.44,10.5,0.86,13.2,23.08,97.21,1.34,321.78,0.0,0.0
2025-10-16 02:00:00,66.03,111.58,8.24,11.18,0.75,10.72,22.62,97.25,1.28,301.14,0.0,0.0
2025-10-16 03:00:00,55.13,103.0,8.07,10.68,0.74,9.44,22.35,97.26,1.32,319.16,0.0,0.0
2025-10-16 04:00:00,50.0,100.08,8.77,11.02,0.9,9.25,22.02,97.25,1.24,311.65,0.0,0.0
2025-10-16 05:00:00,61.57,103.98,7.29,10.38,0.75,8.07,21.76,97.25,1.22,270.74,0.0,0.0
2025-10-16 06:00:00,52.12,110.28,8.72,10.14,0.7,8.02,22.14,97.25,1.23,319.94,0.0,0.0
2025-10-16 07:00:00,71.89,107.5,9.8,10.14,0.6,14.52,24.08,92.44,0.88,17.64,0.0,2.4
2025-10-16 08:00:00,67.88,109.34,11.64,13.12,0.62,38.84,26.3,81.04,0.69,180.1,0.0,40.78
2025-10-16 09:00:00,66.1,123.12,13.8,18.08,0.61,50.86,28.38,72.04,0.32,223.86,0.0,50.65
2025-10-16 10:00:00,70.25,124.7,15.75,20.39,0.59,51.41,29.88,65.96,0.5,129.18,0.0,43.65
2025-10-16 11:00:00,57.65,111.8,9.89,19.62,0.47,60.69,30.16,64.82,0.37,61.88,0.0,45.35
2025-10-16 12:00:00,60.9,110.31,16.07,19.88,0.62,63.21,31.22,62.32,0.45,161.84,0.0,79.7
2025-10-16 13:00:00,69.35,120.44,11.94,27.13,0.56,70.12,30.78,64.05,0.5,120.58,0.0,69.5
2025-10-16 14:00:00,76.75,129.64,14.03,53.97,0.41,68.09,31.1,60.77,0.36,68.63,0.0,80.62
2025-10-16 15:00:00,82.5,127.82,20.52,60.2,0.49,64.28,30.22,61.65,0.51,67.63,0.0,40.25
2025-10-16 16:00:00,84.85,125.84,27.3,49.24,0.59,60.53,29.32,64.94,0.46,54.55,0.0,0.0
2025-10-16 17:00:00,81.32,131.54,28.56,36.15,0.68,52.62,27.65,70.29,0.98,29.14,0.0,0.0
2025-10-16 18:00:00,86.05,134.88,43.42,27.82,1.05,29.46,25.86,79.68,1.2,97.36,0.0,0.0
2025-10-16 19:00:00,93.36,140.72,40.76,22.11,1.21,18.39,25.14,87.55,1.27,307.67,0.0,0.0
2025-10-16 20:00:00,89.77,152.16,40.1,18.49,1.37,16.84,24.9,87.84,0.85,242.83,0.0,0.0
2025-10-16 21:00:00,91.8,160.17,37.21,16.32,1.43,16.87,24.42,90.06,1.18,307.29,0.0,0.0
2025-10-16 22:00:00,111.26,170.84,25.29,15.22,0.93,21.34,24.18,89.66,1.19,235.07,0.0,0.0
2025-10-16 23:00:00,110.16,180.12,17.36,13.37,0.66,16.38,23.36,94.13,0.97,238.31,0.0,0.0
2025-10-17 00:00:00,114.36,166.21,9.93,12.58,0.35,18.89,22.73,96.23,0.98,296.9,0.0,0.0
2025-10-17 01:00:00,100.46,158.67,7.96,12.14,0.56,19.8,22.53,95.01,1.1,193.24,0.0,0.0
2025-10-17 02:00:00,92.52,143.94,7.54,11.5,0.52,16.97,22.34,94.85,1.31,321.46,0.0,0.0
2025-10-17 03:00:00,81.18,129.7,5.85,10.92,0.37,18.79,21.95,94.93,1.26,301.68,0.0,0.0
2025-10-17 04:00:00,79.64,119.31,6.77,10.77,0.45,15.58,21.85,95.39,1.32,314.72,0.0,0.0
2025-10-17 05:00:00,68.69,112.49,7.68,12.08,0.83,10.9,21.83,95.14,1.19,309.61,0.0,0.0
2025-10-17 06:00:00,70.75,114.08,9.6,14.3,0.86,5.2,21.79,96.91,1.17,322.42,0.0,0.0
2025-10-17 07:00:00,70.38,115.79,7.92,11.16,0.69,7.81,23.7,88.59,1.21,330.07,0.0,18.43
2025-10-17 08:00:00,70.84,104.55,16.1,14.76,0.62,0.24,25.93,80.34,0.8,289.32,0.0,79.8
2025-10-17 09:00:00,66.05,128.92,15.64,19.2,0.67,0.02,27.98,73.72,0.57,54.03,0.0,95.42
2025-10-17 10:00:00,73.62,134.75,16.8,21.93,0.6,0.04,29.74,68.22,0.48,111.77,0.0,102.52
2025-10-17 11:00:00,72.22,133.47,20.88,34.94,0.6,0.02,30.61,64.19,0.55,178.2,0.0,103.25
2025-10-17 12:00:00,83.06,139.32,9.8,25.15,0.43,57.13102224211177,30.94,62.97,0.29,148.4,0.0,95.57
2025-10-17 13:00:00,85.85,137.93,13.37,22.94,0.44,54.83892279495333,30.8,61.85,0.53,56.24,0.0,60.7
2025-10-17 14:00:00,80.5,124.7,19.67,22.272033242107895,0.59,50.3,31.08,60.59,0.42,126.78,0.0,42.13
2025-10-17 15:00:00,79.25,131.62,17.15,16.34,0.46,57.85,30.0,62.95,0.46,174.43,0.0,11.45
2025-10-17 16:00:00,76.43,130.21,21.76,17.12,0.6,54.8,28.86,65.23,0.71,219.47,0.0,0.0
2025-10-17 17:00:00,75.62,129.07,30.69,16.56,0.72,44.52,27.76,69.04,0.86,126.48,0.0,0.0
2025-10-17 18:00:00,82.84,130.46,26.34,12.96,0.7,36.06,26.59,75.72,0.77,324.65,0.0,0.0
2025-10-17 19:00:00,91.85,139.03,39.2,14.02,1.21,23.93,25.54,80.41,1.18,264.7,0.0,0.0
2025-10-17 20:00:00,102.73,161.66,40.76,11.77,1.16,10.06,24.76,88.71,1.21,318.31,0.0,0.0
2025-10-17 21:00:00,109.36,172.22,32.8,15.01,1.1,5.58,24.21,94.06,1.22,327.38,0.0,0.0
2025-10-17 22:00:00,121.23,172.74,29.78,9.71,0.95,8.02,23.92,93.01,1.33,315.36,0.0,0.0
2025-10-17 23:00:00,98.44,162.17,19.66,9.32,0.58,15.06,23.37,90.44,1.25,291.23,0.0,0.0
2025-10-18 00:00:00,87.88,148.7,11.92,9.01,0.5,25.08,23.18,87.83,1.26,310.02,0.0,0.0
2025-10-18 01:00:00,85.4,137.99,9.42,8.24,0.48,23.34,22.88,89.09,1.44,319.86,0.0,0.0
2025-10-18 02:00:00,75.4,130.97,9.12,8.44,0.55,20.62,22.86,90.35,1.47,323.36,0.0,0.0
2025-10-18 03:00:00,80.08,124.94,8.69,8.87,0.51,15.65,22.18,95.38,1.22,249.11,0.0,0.0
2025-10-18 04:00:00,89.43,126.68,8.09,8.85,0.45,13.0,22.0,97.16,1.32,306.87,0.0,0.0
2025-10-18 05:00:00,88.24,128.16,7.49,8.28,0.52,9.54,21.76,97.2,1.14,107.12,0.0,0.0
2025-10-18 06:00:00,79.24,119.26,9.57,7.96,0.44,7.12,21.95,97.25,1.23,256.08,0.0,0.0
2025-10-18 07:00:00,78.74,123.76,12.49,8.36,0.56,11.92,23.46,93.49,1.08,341.31,0.0,2.72
2025-10-18 08:00:00,71.63,120.18,11.79,9.78,0.42,29.03,25.13,81.78,0.72,167.71,0.0,50.5
2025-10-18 09:00:00,65.32,123.99,12.56,9.72,0.44,41.6,26.65,74.82,0.75,326.52,0.0,61.78
2025-10-18 10:00:00,70.27,120.1,19.3,11.68,0.66,52.98,28.85,69.79,0.25,108.71,0.0,65.18
2025-10-18 11:00:00,76.38,120.57,13.5,19.52,0.46,67.95,30.2,63.45,0.49,163.66,0.0,74.95
2025-10-18 12:00:00,89.96,143.09,14.36,18.58,0.49,74.03,30.63,59.58,0.48,176.41,0.0,71.28
2025-10-18 13:00:00,95.98,154.82,13.22,20.93,0.43,85.15,30.86,58.29,0.5,118.56,0.0,68.65
2025-10-18 14:00:00,90.24,147.07,10.09,23.14,0.39,83.96,30.45,58.69,0.58,134.31,0.0,69.2
2025-10-18 15:00:00,79.63,140.74,9.58,33.44,0.38,82.23,29.44,59.68,0.48,112.73,0.0,27.92
2025-10-18 16:00:00,75.4,121.19,18.11,26.9,0.53,65.0,28.39,61.1,0.55,176.83,0.0,0.0
2025-10-18 17:00:00,69.61,118.58,36.65,15.77,0.75,46.42,26.68,66.4,1.23,203.7,0.0,0.0
2025-10-18 18:00:00,71.91,121.74,35.42,11.96,0.93,28.34,24.86,78.59,1.22,260.43,0.0,0.0
2025-10-18 19:00:00,73.92,135.32,32.6,9.9,1.0,10.54,24.28,89.67,1.24,248.17,0.0,0.0
2025-10-18 20:00:00,91.72,142.18,22.68,8.64,0.86,8.22,23.77,95.02,1.27,302.57,0.0,0.0
2025-10-18 21:00:00,88.78,131.21,22.68,8.34,0.93,6.23,23.18,97.01,1.26,314.51,0.0,0.0
2025-10-18 22:00:00,77.44,125.86,27.92,8.7,1.2,3.81,22.9,97.22,1.05,233.49,0.0,0.0
2025-10-18 23:00:00,74.82,131.27,22.37,9.1,0.91,10.66,22.54,95.5,0.98,305.82,0.0,0.0
2025-10-19 00:00:00,73.76,139.55,13.56,9.1,0.58,17.69,22.18,96.11,1.07,296.56,0.0,0.0
2025-10-19 01:00:00,72.61,143.83,9.63,9.15,0.45,18.66,21.82,97.22,1.27,308.83,0.0,0.0
2025-10-19 02:00:00,72.63,130.43,8.83,9.13,0.46,16.44,21.82,96.74,1.33,317.92,0.0,0.0
2025-10-19 03:00:00,69.34,125.96,8.25,8.52,0.55,11.78,21.54,97.2,0.66,298.65,0.0,0.0
2025-10-19 04:00:00,76.26,126.29,7.81,8.12,0.6,8.77,21.28,97.21,1.07,190.08,0.0,0.0
2025-10-19 05:00:00,78.69,122.96,10.23,8.05,0.48,9.4,20.96,97.21,1.07,171.55,0.0,0.0
2025-10-19 06:00:00,69.3,114.36,11.62,9.32,0.5,16.96,21.02,93.05,0.56,108.21,0.0,0.0
2025-10-19 07:00:00,55.96,104.66,16.43,11.42,0.52,24.53,22.77,83.2,0.71,267.56,0.0,0.62
2025-10-19 08:00:00,54.83,105.02,14.43,14.54,0.45,47.13,24.82,72.66,0.43,187.64,0.0,48.82
2025-10-19 09:00:00,52.33,108.02,16.48,18.21,0.46,64.0,26.98,65.51,0.42,207.65,0.0,74.28
2025-10-19 10:00:00,51.49,118.16,16.58,24.3,0.49,76.7,28.4,60.3,0.4,200.52,0.0,72.47
2025-10-19 11:00:00,59.84,116.53,13.72,28.58,0.43,84.81,29.85,55.74,0.27,161.84,0.0,69.2
2025-10-19 12:00:00,81.59,133.63,12.87,40.48,0.34,91.07,30.35,52.46,0.44,63.5,0.0,81.85
2025-10-19 13:00:00,71.52,119.86,14.03,61.31,0.22,88.18,30.9,49.86,0.44,259.1,0.0,83.88
2025-10-19 14:00:00,61.13,111.8,9.28,31.08,0.21,90.62,30.42,49.1,0.54,91.92,0.0,81.72
2025-10-19 15:00:00,40.74,99.78,10.46,17.54,0.3,85.76,29.15,54.44,0.31,72.6,0.0,22.15
2025-10-19 16:00:00,47.41,94.02,16.6,16.11,0.35,75.9,28.05,59.06,0.36,331.7,0.0,0.0
2025-10-19 17:00:00,39.47,94.44,36.01,13.44,0.75,50.39,26.08,65.06,0.99,145.09,0.0,0.0
2025-10-19 18:00:00,52.6,101.06,46.93,11.36,0.98,34.97,24.36,71.08,1.25,76.75,0.0,0.0
2025-10-19 19:00:00,66.78,108.06,35.4,10.32,0.78,25.06,23.74,78.16,1.23,120.82,0.0,0.0
2025-10-19 20:00:00,73.65,118.91,24.34,8.94,0.74,10.45,23.28,88.58,1.14,216.51,0.0,0.0
2025-10-19 21:00:00,65.91,112.19,25.3,8.69,0.89,5.4,22.74,94.88,1.18,220.3,0.0,0.0
2025-10-19 22:00:00,63.05,111.78,25.49,8.66,1.16,2.14,22.01,97.2,1.33,312.14,0.0,0.0
2025-10-19 23:00:00,60.1,110.88,30.59,8.87,1.32,5.9,21.78,92.79,1.42,319.29,0.0,0.0
2025-10-20 00:00:00,62.98,129.37,13.18,8.52,0.5,19.38,21.28,92.61,1.28,306.45,0.0,0.0
2025-10-20 01:00:00,54.76,123.45,9.29,8.35,0.45,20.69,21.18,92.48,1.39,313.23,0.0,0.0
2025-10-20 02:00:00,59.84,111.86,9.2,8.47,0.62,19.81,20.94,92.96,1.4,313.11,0.0,0.0
2025-10-20 03:00:00,52.86,111.9,9.72,8.6,0.62,18.05,20.54,94.18,1.44,321.36,0.0,0.0
2025-10-20 04:00:00,70.25,112.41,8.48,8.88,0.48,19.77,20.14,94.62,1.39,318.86,0.0,0.0
2025-10-20 05:00:00,68.1,103.28,6.57,8.61,0.38,23.24,19.75,94.75,1.24,325.48,0.0,0.0
2025-10-20 06:00:00,45.13,91.06,10.33,13.36,0.64,32.616610333350316,20.16,93.48,1.35,319.28,0.0,0.0
2025-10-20 07:00:00,49.01,96.38,10.34,14.5,0.63,12.72,21.68,85.4,1.23,330.44,0.0,0.0
2025-10-20 08:00:00,48.85,91.98,9.89,17.42,0.39,45.94,24.22,73.34,1.24,256.52,0.0,22.78
2025-10-20 09:00:00,46.98,96.92,11.67,23.45,0.39,65.24,27.08,63.73,0.93,339.13,0.0,55.72
2025-10-20 10:00:00,59.86,115.68,10.64,37.88,0.34,79.09,28.99,56.64,1.01,346.86,0.0,54.82
2025-10-20 11:00:00,67.57,119.93,10.12,41.02,0.36,88.46,30.54,51.36,0.69,349.57,0.0,59.85
2025-10-20 12:00:00,65.16,107.73,7.99,25.66,0.28,86.91,31.32,48.34,0.9,299.74,0.0,59.22
2025-10-20 13:00:00,61.62,96.73,7.24,27.6,0.25,86.76,31.48,48.98,0.72,264.64,0.0,61.5
2025-10-20 14:00:00,57.16,87.74,10.83,32.8,0.26,74.74,31.36,49.93,0.49,295.61,0.0,55.08
2025-10-20 15:00:00,47.5,83.81,14.15,23.26,0.26,60.43,30.05,57.36,0.55,274.69,0.0,21.6
2025-10-20 16:00:00,39.23,83.46,14.27,43.22,0.35,64.88,29.18,62.31,0.29,228.39,0.0,0.0
2025-10-20 17:00:00,47.45,86.03,18.94,40.86,0.48,58.49,28.21,67.61,0.43,83.77,0.0,0.0
2025-10-20 18:00:00,62.07,99.71,17.27,28.09,0.58,51.98,27.7,71.44,0.56,132.12,0.0,0.0
2025-10-20 19:00:00,88.13,113.22,19.77,26.46,0.69,43.12,27.59,72.88,0.74,78.38,0.0,0.0
2025-10-20 20:00:00,85.77,115.57,19.29,24.96,0.69,36.36,27.48,74.72,0.53,68.6,0.0,0.0
2025-10-20 21:00:00,104.85,148.14,24.98,28.52,0.78,28.52,26.92,76.96,0.59,81.46,0.0,0.0
2025-10-20 22:00:00,122.11,179.56,31.74,36.21,0.77,22.68,26.58,78.92,0.44,94.44,0.0,0.0
2025-10-20 23:00:00,161.19,232.82,25.9,31.34,0.65,24.16,26.48,80.41,0.68,131.45,0.0,0.0
2025-10-21 00:00:00,167.13,220.81,10.76,21.72,0.51,27.64,25.8,83.61,0.8,137.24,0.0,0.0
2025-10-21 01:00:00,136.18,177.12,7.16,17.71,0.38,19.33,24.26,90.08,1.1,181.56,0.0,0.0
2025-10-21 02:00:00,100.75,127.39,6.08,15.08,0.34,14.74,23.51,93.76,1.2,309.92,0.0,0.0
2025-10-21 03:00:00,91.5,123.89,7.34,13.77,0.49,13.34,23.51,96.73,1.2,325.7,0.0,0.0
2025-10-21 04:00:00,87.25,117.3,7.27,13.9,0.68,13.68,23.3,96.85,0.97,295.67,0.0,0.0
2025-10-21 05:00:00,81.46,116.2,5.97,14.97,0.53,16.13,23.46,96.69,1.07,337.57,0.0,0.0
2025-10-21 06:00:00,68.09,104.11,5.98,15.39,0.51,19.2,24.0,93.77,0.75,174.06,0.0,0.0
2025-10-21 07:00:00,73.86,98.56,5.98,16.59,0.43,26.82,25.46,85.77,0.72,98.39,0.0,21.95
2025-10-21 08:00:00,65.79,92.12,5.06,22.48,0.33,31.13,26.62,78.39,0.6,224.36,0.0,42.5
2025-10-21 09:00:00,40.47,86.75,7.5,37.47,0.33,29.2,26.88,77.72,0.36,66.56,0.0,25.35
2025-10-21 10:00:00,45.6,77.39,9.11,50.54,0.36,28.05,27.77,75.48,0.6,180.38,0.0,43.82
2025-10-21 11:00:00,50.6,77.11,5.66,33.54,0.32,36.25,29.22,69.52,0.43,170.04,0.0,42.85
2025-10-21 12:00:00,43.61,75.37,4.16,21.25,0.28,38.62,30.48,65.48,0.65,298.55,0.0,34.88
2025-10-21 13:00:00,44.17,70.4,3.03,19.48,0.22,35.29,30.86,62.68,0.52,149.33,0.0,18.12
2025-10-21 14:00:00,24.36,47.39,5.12,22.49,0.25,40.7,30.32,66.23,0.47,43.99,0.0,26.12
2025-10-21 15:00:00,12.12,48.06,8.2,27.58,0.28,40.36,29.14,69.46,0.45,60.91,0.0,3.28
2025-10-21 16:00:00,6.36,41.56,7.99,34.16,0.27,49.43,28.62,70.92,0.39,108.68,0.0,0.0
2025-10-21 17:00:00,20.68,42.97,9.29,26.31,0.34,34.39,27.73,73.82,0.47,61.3,0.0,0.0
2025-10-21 18:00:00,27.32,36.56,9.38,20.46,0.4,26.2,26.83,77.65,0.49,138.79,0.0,0.0
2025-10-21 19:00:00,30.96,41.33,11.2,20.64,0.48,31.36,27.06,74.98,0.52,40.93,0.0,0.0
2025-10-21 20:00:00,44.26,65.0,18.26,27.04,0.44,28.24,26.39,79.6,0.56,66.72,0.0,0.0
2025-10-21 21:00:00,105.49,136.03,26.24,32.54,0.57,20.54,25.78,82.98,0.72,241.0,0.0,0.0
2025-10-21 22:00:00,175.41,329.03,25.46,30.39,0.78,20.97,25.48,84.4,0.46,176.79,0.0,0.0
2025-10-21 23:00:00,226.79,293.15,15.77,23.69,0.66,26.16,25.29,85.58,0.53,191.33,0.0,0.0
2025-10-22 00:00:00,132.32,186.46,11.74,19.36,0.49,25.6,24.66,88.01,0.71,332.14,0.0,0.0
2025-10-22 01:00:00,109.03,139.06,9.77,18.85,0.46,23.43,24.14,89.68,0.8,334.7,0.0,0.0
2025-10-22 02:00:00,60.97,88.99,8.2,18.81,0.42,28.28,24.18,88.89,0.61,102.35,0.0,0.0
2025-10-22 03:00:00,26.98,80.57,6.55,17.84,0.4,29.44,23.81,90.71,1.0,238.62,0.0,0.0
2025-10-22 04:00:00,31.24,73.51,6.81,16.83,0.47,22.86,23.26,94.69,0.75,327.77,0.0,0.0
2025-10-22 05:00:00,22.99,64.19,7.29,16.52,0.49,21.17,23.05,95.82,0.71,162.86,0.0,0.0
2025-10-22 06:00:00,26.46,92.71,6.64,16.7,0.48,26.32,23.46,92.71,0.82,111.54,0.0,0.0
2025-10-22 07:00:00,35.88,100.9,6.32,18.3,0.49,33.81,24.71,85.44,0.81,15.86,0.0,0.0
2025-10-22 08:00:00,38.01,87.16,7.28,24.89,0.52,49.34,26.58,76.78,0.86,268.27,0.0,9.57
2025-10-22 09:00:00,51.8,94.65,6.21,40.71,0.55,58.69,28.66,70.35,0.38,145.66,0.0,39.15
2025-10-22 10:00:00,62.61,99.09,1.03,40.26,0.48,60.73,30.19,66.62,0.37,334.42,0.0,45.08
2025-10-22 11:00:00,56.75,88.5,3.68,31.66,0.5,60.25,31.2,63.28,0.5,153.3,0.0,43.22
2025-10-22 12:00:00,55.49,79.46,3.4,22.2,0.4,50.18,31.76,59.94,0.52,182.1,0.0,55.38
2025-10-22 13:00:00,46.42,77.55,4.66,18.65,0.38,50.42,31.75,60.0,0.34,182.8,0.0,45.02
2025-10-22 14:00:00,55.5,63.57,10.88,20.53,0.39,57.76,31.71,60.01,0.5,98.24,0.0,52.1
2025-10-22 15:00:00,60.93,87.33,17.24,18.38,0.44,51.68,30.61,61.11,0.36,78.22,0.0,10.4
2025-10-22 16:00:00,50.69,69.4,16.74,16.42,0.43,48.94,29.71,60.15,0.53,98.7,0.0,0.0
2025-10-22 17:00:00,45.68,56.56,17.93,17.48,0.62,40.06,28.36,63.55,0.74,120.93,0.0,0.0
2025-10-22 18:00:00,37.75,46.67,31.88,16.95,0.74,28.08,26.56,72.05,1.16,295.97,0.0,0.0
2025-10-22 19:00:00,43.26,75.59,41.09,17.68,1.15,17.57,26.23,74.68,1.09,179.92,0.0,0.0
2025-10-22 20:00:00,54.43,85.95,39.73,20.84,0.93,21.44,26.36,74.74,0.98,165.63,0.0,0.0
2025-10-22 21:00:00,80.69,121.76,27.66,20.39,0.68,33.46,26.55,74.19,0.64,84.5,0.0,0.0
2025-10-22 22:00:00,91.49,132.24,22.65,19.92,0.58,43.4,26.55,72.86,0.48,65.92,0.0,0.0
2025-10-22 23:00:00,78.3,127.28,16.15,18.41,0.46,50.8,26.2,73.55,0.43,90.57,0.0,0.0
2025-10-23 00:00:00,70.65,118.66,14.45,16.45,0.36,49.18,25.44,76.66,0.55,105.62,0.0,0.0
2025-10-23 01:00:00,64.79,100.11,13.22,16.12,0.47,41.4,24.49,81.7,0.72,140.01,0.0,0.0
2025-10-23 02:00:00,51.48,90.28,13.4,15.63,0.49,33.78,23.72,85.58,0.81,232.74,0.0,0.0
2025-10-23 03:00:00,49.03,85.37,14.22,16.54,0.48,33.85,23.42,86.34,0.82,250.32,0.0,0.0
2025-10-23 04:00:00,41.42,77.72,13.16,15.81,0.46,32.84,22.81,89.85,1.13,309.1,0.0,0.0
2025-10-23 05:00:00,45.71,84.91,18.53,15.13,0.52,22.44,22.42,92.67,0.97,232.71,0.0,0.0
2025-10-23 06:00:00,47.46,88.9,13.52,15.58,0.49,26.89,22.49,92.2,0.94,180.12,0.0,0.0
2025-10-23 07:00:00,53.42,95.65,13.66,20.9,0.52,43.81,24.37,81.56,0.78,104.21,0.0,0.0
2025-10-23 08:00:00,64.87,98.82,11.8,25.91,0.49,61.19,26.5,71.35,0.4,26.3,0.0,21.3
2025-10-23 09:00:00,60.31,101.56,7.09,30.54,0.42,65.7,28.49,65.72,0.42,202.46,0.0,71.38
2025-10-23 10:00:00,50.36,95.21,8.15,29.89,0.37,64.72,30.09,62.94,0.46,68.86,0.0,63.33
2025-10-23 11:00:00,43.58,91.86,14.99,21.94,0.43,60.78,30.81,62.71,0.26,85.96,0.0,37.62
2025-10-23 12:00:00,51.48,95.2,15.67,19.57,0.43,50.78,31.08,62.34,0.6,109.83,0.0,45.12
2025-10-23 13:00:00,49.81,89.64,11.57,17.34,0.33,50.11,31.04,61.98,0.37,174.42,0.0,36.62
2025-10-23 14:00:00,38.74,85.18,15.84,16.23,0.36,46.39,31.05,61.52,0.3,107.98,0.0,46.97
2025-10-23 15:00:00,33.52,73.1,14.09,18.27,0.38,49.82,30.43,62.22,0.4,146.4,0.0,5.2
2025-10-23 16:00:00,33.8,65.69,20.28,30.54,0.41,47.0,29.56,65.29,0.47,56.75,0.0,0.0
2025-10-23 17:00:00,32.72,66.46,17.62,32.29,0.44,35.36,28.42,67.56,0.56,137.57,0.0,0.0
2025-10-23 18:00:00,43.72,73.05,21.09,18.39,0.65,24.67,26.9,74.54,0.74,250.06,0.0,0.0
2025-10-23 19:00:00,42.82,76.62,30.36,17.86,0.97,14.49,26.24,78.58,0.96,249.38,0.0,0.0
2025-10-23 20:00:00,51.1,82.26,33.42,21.37,0.84,18.88,26.69,75.25,0.61,88.36,0.0,0.0
2025-10-23 21:00:00,69.31,92.72,26.08,20.95,0.59,23.26,26.86,73.64,0.66,55.96,0.0,0.0
2025-10-23 22:00:00,84.24,112.85,29.04,20.87,0.64,19.1,26.24,74.57,0.64,84.16,0.0,0.0
2025-10-23 23:00:00,87.06,123.18,26.18,20.45,0.56,21.34,25.4,78.01,0.63,148.73,0.0,0.0
2025-10-24 00:00:00,88.16,124.0,20.68,17.38,0.45,20.72,24.36,83.04,0.88,169.23,0.0,0.0
2025-10-24 01:00:00,79.89,117.61,15.24,15.61,0.49,19.51,23.67,86.28,0.7,226.59,0.0,0.0
2025-10-24 02:00:00,62.52,100.25,14.28,14.74,0.5,22.27,23.38,86.36,0.89,221.7,0.0,0.0
2025-10-24 03:00:00,54.53,95.72,13.9,16.03,0.54,27.45,23.3,85.42,0.57,173.96,0.0,0.0
2025-10-24 04:00:00,53.41,89.82,13.16,14.99,0.44,27.4,22.9,87.06,0.58,248.98,0.0,0.0
2025-10-24 05:00:00,52.48,85.96,12.5,14.59,0.4,30.43,22.87,85.73,0.34,225.48,0.0,0.0
2025-10-24 06:00:00,59.06,85.34,11.36,13.82,0.43,28.73,22.82,86.82,0.62,187.69,0.0,0.0
2025-10-24 07:00:00,58.94,90.72,13.11,15.23,0.46,34.72,24.4,81.7,0.51,190.48,0.0,0.0
2025-10-24 08:00:00,58.34,89.64,12.1,16.06,0.45,39.25,26.26,75.63,0.62,112.41,0.0,10.38
2025-10-24 09:00:00,54.82,85.25,14.82,17.78,0.44,38.4,28.57,69.5,0.2,88.56,0.0,41.42
2025-10-24 10:00:00,48.39,83.71,16.73,16.25,0.47,35.19,30.04,64.32,0.73,172.35,0.0,67.95
2025-10-24 11:00:00,45.0,76.04,14.1,14.82,0.43,34.82,30.44,64.11,0.34,170.28,0.0,61.38
2025-10-24 12:00:00,38.79,74.31,14.12,13.32,0.38,29.61,31.25,61.51,0.58,142.16,0.0,71.78
2025-10-24 13:00:00,36.56,65.0,14.49,12.49,0.33,35.87,31.5,59.93,0.37,196.12,0.0,55.05
2025-10-24 14:00:00,31.49,62.87,8.56,12.02,0.23,37.89,31.45,59.1,0.51,115.41,0.0,34.28
2025-10-24 15:00:00,31.83,52.24,17.42,14.38,0.44,37.67,29.58,66.12,0.93,124.07,0.0,4.45
2025-10-24 16:00:00,29.71,54.61,17.58,12.43,0.38,28.19,26.44,81.66,0.82,192.48,0.05,0.0
2025-10-24 17:00:00,26.33,53.02,29.1,13.81,0.75,9.92,24.21,92.84,0.79,211.64,0.0,0.0
2025-10-24 18:00:00,14.75,41.59,18.52,12.32,0.43,17.19,24.17,83.73,0.74,190.51,0.0,0.0
2025-10-24 19:00:00,10.22,39.89,25.25,12.85,0.63,13.66,24.46,80.6,0.47,81.16,0.0,0.0
2025-10-24 20:00:00,25.16,42.49,40.63,14.9,1.0,8.22,24.81,80.56,1.0,19.24,0.0,0.0
2025-10-24 21:00:00,49.12,67.56,27.75,14.91,0.63,17.04,25.56,77.83,1.19,162.09,0.0,0.0
2025-10-24 22:00:00,60.74,79.07,17.94,12.22,0.4,15.01,25.01,80.98,1.14,167.72,0.0,0.0
2025-10-24 23:00:00,47.04,80.88,16.55,13.31,0.37,13.93,24.35,83.6,0.96,151.54,0.0,0.0
2025-10-25 00:00:00,35.8,62.2,12.25,16.5,0.2,16.56,24.03,84.66,1.04,130.5,0.0,0.0
2025-10-25 01:00:00,32.46,50.43,14.25,18.73,0.23,13.97,23.65,87.82,0.73,150.88,0.0,0.0
2025-10-25 02:00:00,19.74,45.13,16.45,20.13,0.24,9.94,23.21,93.15,0.68,88.38,0.0,0.0
2025-10-25 03:00:00,10.88,39.57,15.66,24.35,0.16,8.6,23.06,92.95,0.62,143.47,0.0,0.0
2025-10-25 04:00:00,5.36,38.32,29.06,50.62,0.15,3.9,22.82,92.29,1.12,327.86,0.0,0.0
2025-10-25 05:00:00,8.54,46.15,19.24,33.98,0.18,5.58,22.76,95.12,1.25,323.16,0.0,0.0
2025-10-25 06:00:00,5.74,47.62,18.32,29.42,0.18,5.63,22.89,96.06,1.24,338.14,0.0,0.0
2025-10-25 07:00:00,8.69,46.44,18.33,35.01,0.24,7.54,24.1,90.06,0.99,278.6,0.0,0.2
2025-10-25 08:00:00,17.51,38.02,22.08,30.74,0.51,8.38,24.1,91.06,1.09,158.84,1.15,0.0
2025-10-25 09:00:00,18.66,38.28,19.9,23.9,0.32,6.62,22.74,97.28,0.66,151.35,1.15,6.4
2025-10-25 10:00:00,13.77,33.66,17.8,21.76,0.25,8.96,22.96,97.29,1.48,343.19,0.6,7.15
2025-10-25 11:00:00,10.84,30.32,15.73,23.04,0.23,10.31,23.36,97.29,1.22,252.12,0.0,26.5
2025-10-25 12:00:00,13.39,31.06,13.46,22.0,0.24,11.36,23.25,97.29,1.32,347.9,0.2,15.2
2025-10-25 13:00:00,14.48,34.34,13.87,22.95,0.2,14.13,23.68,97.21,1.27,345.87,0.0,48.1
2025-10-25 14:00:00,25.08,37.93,9.59,17.21,0.19,20.62,24.82,92.86,1.4,346.79,0.0,39.45
2025-10-25 15:00:00,15.42,38.98,7.59,14.22,0.26,24.54,24.76,91.27,1.52,342.25,0.0,10.1
2025-10-25 16:00:00,17.44,42.15,8.06,13.54,0.34,22.54,24.72,92.48,1.16,342.24,0.0,0.0
2025-10-25 17:00:00,21.41,40.59,9.77,14.2,0.41,17.1,24.15,95.73,1.04,261.04,0.0,0.0
2025-10-25 18:00:00,26.38,43.17,20.18,14.19,0.55,18.86,23.2,93.46,0.72,116.93,0.0,0.0
2025-10-25 19:00:00,27.44,45.5,20.15,12.28,0.41,21.69,21.48,96.0,0.97,149.13,0.4,0.0
2025-10-25 20:00:00,28.07,50.53,20.0,11.48,0.39,17.35,21.2,97.29,0.92,165.62,0.45,0.0
2025-10-25 21:00:00,38.67,53.69,17.02,10.76,0.29,17.68,20.93,97.26,0.68,78.09,1.0,0.0
2025-10-25 22:00:00,40.09,57.06,12.54,10.76,0.24,20.13,20.88,97.2,0.52,87.99,0.1,0.0
2025-10-25 23:00:00,31.68,45.74,16.06,10.82,0.36,13.58,21.05,97.17,0.63,206.39,0.0,0.0
2025-10-26 00:00:00,32.88,39.5,14.51,11.36,0.32,11.56,21.11,97.2,1.21,316.88,0.0,0.0
2025-10-26 01:00:00,23.5,36.82,13.28,12.32,0.32,11.39,21.08,97.26,1.31,321.99,0.0,0.0
2025-10-26 02:00:00,17.59,35.47,9.84,11.15,0.28,11.72,21.12,97.26,1.15,313.82,0.0,0.0
2025-10-26 03:00:00,18.2,36.78,9.56,10.8,0.33,9.54,21.08,97.24,1.19,240.74,0.0,0.0
2025-10-26 04:00:00,22.5,40.08,11.25,10.81,0.36,7.6,21.14,97.24,0.99,322.49,0.0,0.0
2025-10-26 05:00:00,17.44,46.51,11.28,10.79,0.35,5.45,21.24,97.19,0.94,293.52,0.0,0.0
2025-10-26 06:00:00,28.51,51.28,11.72,10.92,0.36,6.48,21.43,97.18,1.04,256.46,0.0,0.0
2025-10-26 07:00:00,30.02,45.16,12.17,12.04,0.4,9.6,21.92,97.21,0.42,57.36,0.0,0.0
2025-10-26 08:00:00,32.86,49.87,11.47,12.24,0.41,17.31,23.22,96.4,0.35,119.89,0.0,61.1
2025-10-26 09:00:00,24.35,47.1,13.19,13.26,0.48,25.81,25.32,86.36,0.6,129.57,0.0,66.0
2025-10-26 10:00:00,23.66,48.89,14.4,12.75,0.54,26.55,26.55,80.64,0.87,140.9,0.0,64.53
2025-10-26 11:00:00,27.98,50.55,13.08,11.76,0.52,27.56,27.15,79.47,0.48,198.36,0.0,60.05
2025-10-26 12:00:00,26.22,54.0,11.66,12.61,0.46,30.86,28.31,75.62,0.29,146.45,0.0,73.6
2025-10-26 13:00:00,29.6,60.3,15.51,12.84,0.51,31.63,28.54,74.45,0.72,206.67,0.0,57.82
2025-10-26 14:00:00,34.66,61.37,12.9,12.28,0.42,34.12,29.08,71.95,0.64,198.58,0.0,41.5
2025-10-26 15:00:00,34.11,64.62,15.74,11.57,0.46,27.46,28.1,73.77,0.52,110.58,0.0,1.23
2025-10-26 16:00:00,30.35,52.52,12.94,11.02,0.47,23.4,27.26,77.71,0.48,162.69,0.0,0.0
2025-10-26 17:00:00,30.13,47.02,19.54,11.27,0.64,14.4,25.94,83.37,0.77,143.16,0.0,0.0
2025-10-26 18:00:00,22.41,43.21,22.53,10.95,0.7,7.72,24.36,89.5,1.27,296.69,0.0,0.0
2025-10-26 19:00:00,24.3,52.52,26.12,11.12,1.05,3.82,24.02,93.25,1.2,312.18,0.0,0.0
2025-10-26 20:00:00,29.57,53.5,28.53,12.19,1.68,3.26,23.84,95.49,1.18,227.36,0.05,0.0
2025-10-26 21:00:00,53.73,87.28,27.38,13.2,1.3,4.83,24.36,95.76,0.83,57.28,0.0,0.0
2025-10-26 22:00:00,85.24,105.99,15.19,12.04,0.53,14.15,24.16,94.05,0.46,52.26,0.0,0.0
2025-10-26 23:00:00,39.44,99.36,11.98,12.18,0.42,16.12,23.6,92.36,0.65,72.78,0.0,0.0
2025-10-27 00:00:00,29.38,77.48,11.55,11.49,0.22,16.11,23.16,92.04,0.88,64.05,0.0,0.0
2025-10-27 01:00:00,19.61,76.62,10.51,10.99,0.24,14.16,22.74,94.89,0.51,158.43,0.0,0.0
2025-10-27 02:00:00,19.44,64.2,10.88,10.8,0.26,13.6,22.63,95.96,0.6,180.79,0.0,0.0
2025-10-27 03:00:00,24.58,55.43,12.9,10.8,0.3,7.22,22.08,97.26,1.06,264.86,0.0,0.0
2025-10-27 04:00:00,25.14,47.62,12.72,10.78,0.32,5.99,22.05,97.27,1.1,178.06,0.0,0.0
2025-10-27 05:00:00,31.13,48.47,11.49,10.66,0.3,6.98,21.79,97.23,0.88,192.78,0.0,0.0
2025-10-27 06:00:00,38.42,50.93,12.42,11.18,0.37,5.96,21.91,97.2,1.29,327.82,0.0,0.0
2025-10-27 07:00:00,39.44,52.37,13.43,11.67,0.4,8.99,23.1,95.65,0.95,102.44,0.0,9.05
2025-10-27 08:00:00,33.79,46.98,12.18,13.29,0.42,19.95,24.83,87.27,0.51,22.7,0.0,65.75
2025-10-27 09:00:00,25.84,48.02,12.92,14.13,0.42,26.12,26.66,80.97,0.39,206.68,0.0,75.4
2025-10-27 10:00:00,16.73,54.74,12.35,14.39,0.34,32.98,28.28,75.3,0.29,71.83,0.0,51.98
2025-10-27 11:00:00,24.5,50.4,11.63,14.34,0.38,32.49,29.38,71.22,0.35,141.18,0.0,60.3
2025-10-27 12:00:00,26.58,50.37,10.24,12.68,0.39,29.53,29.66,69.15,0.89,139.15,0.0,88.6
2025-10-27 13:00:00,23.24,50.96,9.03,12.07,0.32,31.74,29.71,68.36,0.54,105.11,0.0,86.8
2025-10-27 14:00:00,39.28,51.31,10.9,11.95,0.42,31.69,29.55,67.91,0.64,133.05,0.0,88.0
2025-10-27 15:00:00,24.48,51.5,11.06,11.64,0.34,32.86,28.6,70.51,0.43,81.41,0.0,27.25
2025-10-27 16:00:00,31.2,44.08,9.31,12.35,0.29,33.08,27.95,72.42,0.32,83.88,0.0,0.6
2025-10-27 17:00:00,23.32,48.26,20.82,17.06,0.54,24.92,26.74,76.46,0.62,137.93,0.0,0.0
2025-10-27 18:00:00,22.95,55.36,32.16,14.85,0.91,11.4,25.37,82.94,0.62,298.85,0.0,0.0
2025-10-27 19:00:00,22.11,62.54,37.33,12.85,1.27,7.52,24.88,86.54,0.92,143.04,0.0,0.0
2025-10-27 20:00:00,25.67,56.18,36.12,12.36,1.44,6.07,24.43,89.63,0.81,208.29,0.0,0.0
2025-10-27 21:00:00,36.36,69.87,25.35,12.34,0.85,15.27,24.52,88.43,0.89,121.61,0.0,0.0
2025-10-27 22:00:00,45.31,79.69,18.45,11.95,0.65,18.68,24.38,88.04,0.76,257.46,0.0,0.0
2025-10-27 23:00:00,36.89,78.66,16.01,11.77,0.7,14.78,23.8,90.27,1.25,319.99,0.0,0.0
2025-10-28 00:00:00,53.34,130.5,13.36,11.92,0.45,13.25,23.54,92.51,1.36,319.49,0.0,0.0
2025-10-28 01:00:00,57.2,106.08,9.91,11.26,0.31,12.9,23.31,94.38,0.91,245.82,0.0,0.0
2025-10-28 02:00:00,38.82,88.89,9.83,11.92,0.3,19.11,23.82,89.84,0.73,174.51,0.0,0.0
2025-10-28 03:00:00,34.61,78.13,8.25,12.49,0.3,22.28,23.92,88.84,0.77,261.88,0.0,0.0
2025-10-28 04:00:00,39.26,68.39,7.65,12.16,0.32,19.92,23.62,90.72,1.32,338.22,0.0,0.0
2025-10-28 05:00:00,34.58,63.66,6.98,12.55,0.3,21.64,23.55,91.09,0.81,347.63,0.0,0.0
2025-10-28 06:00:00,47.53,65.33,7.81,12.15,0.31,15.34,23.22,95.63,0.83,179.61,0.0,0.0
2025-10-28 07:00:00,44.94,65.06,7.33,13.24,0.31,19.01,24.25,90.5,0.82,346.62,0.0,3.95
2025-10-28 08:00:00,45.41,64.71,8.48,15.09,0.44,21.29,25.22,85.79,0.89,350.28,0.0,31.7
2025-10-28 09:00:00,38.74,56.18,9.77,18.73,0.36,24.59,26.3,80.64,0.48,125.64,0.0,88.95
2025-10-28 10:00:00,40.0,49.26,11.8,34.25,0.27,25.34,26.95,77.62,0.42,37.34,0.0,79.08
2025-10-28 11:00:00,30.38,53.99,10.84,33.15,0.25,30.61,27.8,76.05,0.48,11.51,0.0,74.08
2025-10-28 12:00:00,32.75,53.89,6.84,21.28,0.24,37.22,28.38,74.57,0.6,98.35,0.0,56.3
2025-10-28 13:00:00,40.3,59.24,6.52,22.46,0.22,42.26,28.48,72.91,0.32,40.03,0.0,60.85
2025-10-28 14:00:00,37.04,58.22,4.62,21.04,0.18,41.66,28.74,70.41,0.39,31.13,0.0,82.6
2025-10-28 15:00:00,21.32,50.42,4.34,17.28,0.19,41.84,28.11,70.67,0.74,199.34,0.0,41.32
2025-10-28 16:00:00,20.56,48.57,6.61,16.66,0.23,39.86,27.5,71.63,0.45,186.76,0.0,0.0
2025-10-28 17:00:00,11.5,42.7,8.37,15.82,0.31,31.47,26.85,74.82,0.83,9.96,0.0,0.0
2025-10-28 18:00:00,4.9,48.62,14.49,15.4,0.39,25.61,26.52,75.86,1.25,343.44,0.0,0.0
2025-10-28 19:00:00,13.4,53.56,12.59,14.33,0.36,25.06,26.16,77.0,1.33,342.04,0.0,0.0
2025-10-28 20:00:00,23.32,45.16,10.34,14.53,0.32,25.08,25.88,77.46,1.24,339.93,0.0,0.0
2025-10-28 21:00:00,25.42,42.72,10.5,14.56,0.31,22.28,25.65,78.48,0.85,260.11,0.0,0.0
2025-10-28 22:00:00,31.38,43.48,11.99,13.89,0.29,19.06,25.42,79.46,0.85,97.5,0.0,0.0
2025-10-28 23:00:00,28.86,43.42,7.12,12.88,0.22,21.06,25.07,81.44,1.36,346.28,0.0,0.0
2025-10-29 00:00:00,29.19,43.47,5.58,12.5,0.3,19.93,24.74,84.09,1.35,347.2,0.0,0.0
2025-10-29 01:00:00,21.45,43.2,5.36,12.58,0.32,18.91,24.66,84.94,1.32,341.57,0.0,0.0
2025-10-29 02:00:00,17.76,36.82,7.06,15.37,0.3,17.77,24.93,83.65,1.54,344.51,0.0,0.0
2025-10-29 03:00:00,20.85,38.92,5.47,15.66,0.29,18.44,24.78,84.18,1.55,349.34,0.0,0.0
2025-10-29 04:00:00,25.41,40.39,5.05,14.88,0.32,18.55,24.58,84.91,1.33,342.6,0.0,0.0
2025-10-29 05:00:00,25.75,44.17,5.86,14.43,0.32,18.38,24.63,84.44,1.01,350.16,0.0,0.0
2025-10-29 06:00:00,52.18,53.05,5.23,15.06,0.34,18.31,24.62,84.84,1.12,353.64,0.0,0.0
2025-10-29 07:00:00,51.54,63.9,4.9,13.98,0.37,19.1,24.71,85.25,1.27,347.7,0.0,0.0
2025-10-29 08:00:00,21.88,58.78,5.18,12.81,0.4,19.67,25.07,84.65,1.19,348.26,0.0,24.12
2025-10-29 09:00:00,26.43,50.9,6.12,12.69,0.38,19.82,25.66,83.01,0.76,179.76,0.0,21.48
2025-10-29 10:00:00,26.28,52.89,5.56,13.53,0.32,22.75,26.36,80.62,0.65,97.92,0.0,65.58
2025-10-29 11:00:00,24.21,39.97,5.08,14.57,0.3,26.65,27.07,77.86,0.67,175.8,0.0,78.62
2025-10-29 12:00:00,19.7,50.21,4.96,16.62,0.28,30.96,27.54,75.44,0.52,34.29,0.0,86.55
2025-10-29 13:00:00,24.33,47.65,6.14,14.7,0.29,31.66,27.27,76.61,0.49,118.13,0.0,46.75
2025-10-29 14:00:00,34.02,51.02,4.47,14.26,0.29,31.71,27.62,76.02,0.58,198.49,0.0,65.0
2025-10-29 15:00:00,28.64,48.85,3.86,13.67,0.3,32.85,27.6,75.42,0.86,270.73,0.0,18.52
2025-10-29 16:00:00,19.93,37.71,6.2,14.29,0.34,31.6,27.29,75.68,1.05,349.85,0.0,0.0
2025-10-29 17:00:00,15.46,33.96,9.69,12.92,0.44,25.75,26.73,79.68,1.27,339.94,0.0,0.0
2025-10-29 18:00:00,14.18,35.29,9.76,12.57,0.42,23.58,26.73,79.57,1.57,345.96,0.0,0.0
2025-10-29 19:00:00,21.6,40.16,8.26,12.66,0.39,23.42,26.55,79.83,1.08,176.98,0.0,0.0
2025-10-29 20:00:00,15.9,36.6,9.06,12.24,0.36,21.32,26.19,81.8,0.96,353.69,0.0,0.0
2025-10-29 21:00:00,14.84,36.35,7.52,11.98,0.31,20.52,25.95,82.28,1.09,348.13,0.0,0.0
2025-10-29 22:00:00,25.78,41.92,5.3,12.22,0.27,21.53,26.0,80.98,1.34,353.2,0.0,0.0
2025-10-29 23:00:00,29.17,35.62,4.46,12.89,0.24,21.52,25.81,81.63,1.01,268.41,0.0,0.0
2025-10-30 00:00:00,20.73,29.74,5.92,12.8,0.22,17.93,24.34,91.93,0.75,178.58,0.15,0.0
2025-10-30 01:00:00,15.06,24.5,6.23,12.76,0.26,13.84,23.4,97.26,0.64,187.15,0.95,0.0
2025-10-30 02:00:00,10.97,18.92,8.86,14.19,0.22,12.28,23.02,97.27,0.58,96.88,0.75,0.0
2025-10-30 03:00:00,7.6,15.46,11.24,16.62,0.21,11.56,22.88,97.24,0.45,121.34,0.0,0.0
2025-10-30 04:00:00,5.97,13.42,7.3,13.6,0.26,9.96,23.06,97.26,0.83,352.32,0.0,0.0
2025-10-30 05:00:00,5.01,12.86,7.23,12.76,0.29,8.35,23.17,97.22,0.94,334.52,0.05,0.0
2025-10-30 06:00:00,13.33,20.72,8.43,13.0,0.26,7.75,23.09,97.23,0.32,185.04,0.3,0.0
2025-10-30 07:00:00,10.69,24.65,11.25,15.46,0.31,7.35,23.03,97.23,0.39,209.32,0.55,0.0
2025-10-30 08:00:00,10.57,17.59,10.72,17.5,0.38,8.21,23.02,97.23,0.28,233.87,0.25,4.93
2025-10-30 09:00:00,7.21,12.49,9.32,17.66,0.35,10.44,22.95,97.29,0.45,190.82,1.05,7.72
2025-10-30 10:00:00,4.96,9.28,8.48,17.51,0.37,13.79,23.33,97.29,0.84,261.36,0.1,43.7
2025-10-30 11:00:00,3.06,8.9,8.6,14.99,0.45,14.85,23.95,97.23,0.41,144.62,0.05,30.72
2025-10-30 12:00:00,5.26,17.61,13.41,12.96,0.64,9.61,24.07,97.24,0.98,291.47,0.0,6.22
2025-10-30 13:00:00,10.42,21.78,13.26,12.3,0.51,8.89,23.51,97.22,1.12,257.96,0.15,0.0
2025-10-30 14:00:00,16.4,28.3,10.45,12.65,0.39,10.4,24.11,97.22,1.09,183.17,0.0,47.3
2025-10-30 15:00:00,15.64,31.87,11.19,13.26,0.39,9.84,24.37,97.2,0.99,180.94,0.0,7.32
2025-10-30 16:00:00,11.26,33.23,6.56,13.09,0.34,12.17,24.11,97.19,0.97,173.71,0.05,0.25
2025-10-30 17:00:00,10.74,28.24,16.82,12.17,0.78,7.6,23.59,97.26,1.1,334.86,0.0,0.0
2025-10-30 18:00:00,8.37,24.89,17.8,11.64,0.72,4.68,23.47,97.28,1.16,255.9,0.0,0.0
2025-10-30 19:00:00,19.02,29.36,16.18,11.57,0.65,5.11,23.63,97.29,0.84,100.98,0.0,0.0
2025-10-30 20:00:00,15.83,34.07,14.51,10.81,0.55,6.2,23.54,97.27,0.88,182.99,0.0,0.0
2025-10-30 21:00:00,13.22,34.37,14.92,11.18,0.68,6.05,23.82,97.2,0.74,25.76,0.0,0.0
2025-10-30 22:00:00,27.16,48.3,15.43,10.83,0.6,4.49,23.58,97.21,0.97,24.83,0.0,0.0
2025-10-30 23:00:00,36.34,52.96,13.16,10.59,0.64,4.04,23.47,97.22,0.75,145.98,0.0,0.0
2025-10-31 00:00:00,25.8,48.72,5.3,10.18,0.26,5.37,23.52,97.22,0.85,145.04,0.0,0.0
2025-10-31 01:00:00,22.74,45.48,6.14,10.44,0.34,4.18,23.48,97.25,0.97,195.51,0.0,0.0
2025-10-31 02:00:00,16.87,41.43,5.82,9.95,0.31,2.92,23.34,97.24,1.01,172.18,0.0,0.0
2025-10-31 03:00:00,12.63,36.38,5.83,10.04,0.31,3.06,23.4,97.24,0.96,197.24,0.0,0.0
2025-10-31 04:00:00,10.39,30.16,7.14,10.38,0.3,3.24,23.4,97.24,0.68,113.69,0.0,0.0
2025-10-31 05:00:00,15.93,36.96,5.76,10.03,0.43,1.83,22.96,97.22,0.82,202.85,0.0,0.0
2025-10-31 06:00:00,23.2,44.37,3.48,10.38,1.06,1.73,23.0,97.21,0.82,67.28,0.0,0.0
2025-10-31 07:00:00,22.1,52.38,7.47,10.74,0.55,2.35,23.57,97.2,0.92,290.79,0.0,0.45
2025-10-31 08:00:00,25.23,59.15,10.03,10.96,0.68,4.62,24.53,96.31,1.04,254.42,0.0,32.95
2025-10-31 09:00:00,24.86,53.16,11.24,11.56,0.68,12.38,26.52,85.65,1.07,129.13,0.0,73.92
2025-10-31 10:00:00,21.7,51.77,12.41,11.3,0.56,20.06,27.9,79.38,0.52,187.75,0.0,65.77
2025-10-31 11:00:00,17.83,50.01,12.19,9.05,0.55,20.97,28.28,77.8,0.51,204.01,0.0,73.38
2025-10-31 12:00:00,25.98,47.65,12.1,7.92,0.5,22.91,27.86,76.87,0.63,79.76,0.0,52.85
2025-10-31 13:00:00,21.51,49.23,11.51,8.92,0.4,32.38,29.47,69.63,0.54,142.48,0.0,81.4
2025-10-31 14:00:00,27.54,48.58,8.05,9.13,0.32,29.39,28.38,71.73,0.57,25.58,0.0,98.42
2025-10-31 15:00:00,25.7,42.78,9.44,8.22,0.34,29.56,28.6,69.84,0.7,100.23,0.0,35.08
2025-10-31 16:00:00,25.11,46.57,13.7,9.06,0.29,28.48,27.46,69.36,0.96,13.96,0.0,0.0
2025-10-31 17:00:00,18.48,37.64,22.61,9.87,0.65,23.36,25.71,78.02,1.09,256.3,0.0,0.0
2025-10-31 18:00:00,18.82,47.55,46.28,11.57,1.58,4.53,24.62,84.81,0.93,168.99,0.0,0.0
2025-10-31 19:00:00,32.38,74.36,42.39,12.88,1.17,2.24,23.97,90.32,1.25,314.24,0.0,0.0
2025-10-31 20:00:00,50.82,101.72,27.59,9.83,0.77,2.3,23.66,95.7,1.26,313.39,0.0,0.0
2025-10-31 21:00:00,49.2,74.14,20.92,8.82,0.55,2.64,23.13,97.14,1.25,329.7,0.0,0.0
2025-10-31 22:00:00,49.8,81.01,21.8,8.83,0.58,2.34,22.77,97.15,1.18,324.29,0.0,0.0
2025-10-31 23:00:00,46.43,68.24,18.05,7.58,0.77,2.47,22.73,97.15,1.12,250.04,0.0,0.0
2025-11-01 00:00:00,42.01,73.7,16.36,7.41,0.74,1.36,22.65,97.22,1.17,26.88,0.0,0.0
2025-11-01 01:00:00,36.87,60.75,12.89,6.96,0.48,1.48,22.34,97.24,1.2,317.58,0.0,0.0
2025-11-01 02:00:00,31.59,45.58,11.31,6.95,0.65,1.27,22.28,97.24,1.17,319.67,0.0,0.0
2025-11-01 03:00:00,26.22,58.1,9.63,6.8,0.64,1.19,22.08,97.25,1.12,221.75,0.0,0.0
2025-11-01 04:00:00,22.31,50.6,8.63,6.68,0.54,1.1,21.85,97.26,1.27,332.36,0.0,0.0
2025-11-01 05:00:00,21.25,54.12,10.51,6.58,0.45,1.33,21.76,97.19,1.35,327.65,0.0,0.0
2025-11-01 06:00:00,32.84,57.42,9.4,6.63,0.44,1.83,21.82,97.2,1.29,326.72,0.0,0.0
2025-11-01 07:00:00,30.19,63.0,9.25,7.64,0.47,6.04,22.85,97.2,1.1,350.05,0.0,0.0
2025-11-01 08:00:00,25.93,57.92,18.27,9.09,0.66,17.08,25.49,86.47,0.78,157.64,0.0,29.68
2025-11-01 09:00:00,23.97,55.11,19.98,24.75,0.52,23.29,28.18,74.25,0.88,145.46,0.0,54.38
2025-11-01 10:00:00,20.68,59.22,18.08,35.38,0.44,29.11,29.32,68.85,0.9,197.14,0.0,68.82
2025-11-01 11:00:00,27.34,53.03,19.67,43.11,0.35,34.21,30.54,64.13,0.82,153.85,0.0,70.93
2025-11-01 12:00:00,31.64,56.56,18.78,37.53,0.36,49.79,30.93,63.04,0.88,115.22,0.0,97.15
2025-11-01 13:00:00,41.86,58.96,15.96,24.71,0.34,51.03,30.94,63.09,0.76,126.19,0.0,95.08
2025-11-01 14:00:00,39.53,59.5,13.06,15.55,0.32,43.06,30.0,66.53,0.55,123.9,0.0,81.47
2025-11-01 15:00:00,35.06,66.66,12.6,10.3,0.35,38.5,29.78,66.36,0.92,146.98,0.0,21.98
2025-11-01 16:00:00,37.28,60.8,16.82,9.52,0.46,35.67,29.23,67.95,1.0,158.62,0.0,0.05
2025-11-01 17:00:00,23.94,44.69,27.16,9.15,0.83,24.63,27.36,75.73,0.95,178.32,0.0,0.0
2025-11-01 18:00:00,26.23,70.02,47.01,9.21,2.06,6.37,25.89,84.62,1.25,354.09,0.0,0.0
2025-11-01 19:00:00,52.43,98.9,37.68,8.72,1.52,3.76,25.37,91.68,1.22,299.14,0.0,0.0
2025-11-01 20:00:00,47.99,92.93,20.22,7.67,0.81,3.17,25.48,96.35,1.18,239.39,0.0,0.0
2025-11-01 21:00:00,40.92,71.48,20.05,8.51,0.64,11.07,25.51,87.79,1.09,199.68,0.0,0.0
2025-11-01 22:00:00,46.95,79.73,14.83,11.75,0.32,13.88,24.88,89.94,0.72,16.74,0.0,0.0
2025-11-01 23:00:00,37.01,62.68,8.0,9.77,0.29,20.48,24.63,90.38,0.78,96.36,0.0,0.0
2025-11-02 00:00:00,30.34,58.57,9.34,8.5,0.33,18.58,24.37,91.83,0.51,126.15,0.0,0.0
2025-11-02 01:00:00,21.94,53.01,7.06,7.57,0.25,16.88,24.19,92.89,0.8,115.46,0.0,0.0
2025-11-02 02:00:00,15.72,45.98,6.85,7.2,0.22,15.72,23.8,94.2,0.45,187.67,0.0,0.0
2025-11-02 03:00:00,15.92,34.54,7.08,7.18,0.22,11.68,23.03,97.04,0.7,306.56,0.0,0.0
2025-11-02 04:00:00,14.41,34.39,6.92,7.2,0.37,8.44,23.12,97.28,0.92,256.23,0.0,0.0
2025-11-02 05:00:00,17.36,35.42,7.54,7.52,0.43,7.75,23.08,97.18,0.78,279.84,0.0,0.0
2025-11-02 06:00:00,31.32,38.04,6.15,7.23,0.37,6.95,22.96,97.19,1.09,276.2,0.0,0.0
2025-11-02 07:00:00,36.35,44.07,6.85,7.68,0.47,9.6,23.7,96.74,1.16,343.29,0.0,7.82
2025-11-02 08:00:00,32.76,40.51,7.14,9.67,0.69,13.85,25.33,90.26,1.2,180.04,0.0,36.72
2025-11-02 09:00:00,23.82,44.92,6.87,9.42,0.53,21.78,26.47,82.56,0.88,245.98,0.0,68.22
2025-11-02 10:00:00,19.38,41.82,13.58,12.5,0.57,39.38,28.25,75.15,0.83,141.54,0.0,101.08
2025-11-02 11:00:00,28.47,47.86,15.81,16.99,0.57,60.94,29.34,71.88,0.94,217.55,0.0,112.8
2025-11-02 12:00:00,34.46,52.49,7.83,12.76,0.43,60.13,29.4,71.6,1.02,347.63,0.0,110.72
2025-11-02 13:00:00,34.08,59.74,4.76,11.02,0.31,45.63,29.18,73.24,0.84,264.9,0.0,109.08
2025-11-02 14:00:00,43.76,55.97,5.17,13.76,0.28,48.46,29.02,73.36,0.84,250.22,0.0,71.12
2025-11-02 15:00:00,44.83,61.39,4.8,13.41,0.32,52.78,29.02,71.94,0.98,268.66,0.0,22.22
2025-11-02 16:00:00,44.91,59.79,6.64,12.35,0.38,44.99,27.69,75.9,1.11,314.78,0.0,0.0
2025-11-02 17:00:00,36.45,56.03,38.48,9.97,1.41,12.51,26.19,84.32,1.24,340.46,0.0,0.0
2025-11-02 18:00:00,45.14,69.37,39.48,9.45,2.27,8.96,25.53,89.66,0.96,194.34,0.0,0.0
2025-11-02 19:00:00,58.08,105.48,45.97,11.38,2.27,5.66,25.47,91.87,0.56,177.16,0.0,0.0
2025-11-02 20:00:00,84.92,128.8,20.29,10.44,0.55,18.01,23.61,93.72,1.26,273.8,5.8,0.0
2025-11-02 21:00:00,58.89,97.05,21.52,8.06,0.57,15.63,22.03,97.21,0.66,198.91,0.15,0.0
2025-11-02 22:00:00,57.81,69.91,27.3,7.3,0.97,7.87,22.42,97.22,0.6,170.03,0.0,0.0
2025-11-02 23:00:00,43.49,75.95,25.42,7.29,1.05,4.31,22.79,97.23,0.75,154.96,0.05,0.0
2025-11-03 00:00:00,46.37,60.04,21.4,7.28,0.75,3.51,22.81,97.32,0.78,241.73,0.0,0.0
2025-11-03 01:00:00,37.95,58.42,16.95,7.62,0.66,4.56,22.4,97.32,1.19,313.14,0.0,0.0
2025-11-03 02:00:00,33.52,61.34,11.97,7.33,0.41,4.86,22.22,97.32,1.27,314.99,0.0,0.0
2025-11-03 03:00:00,29.98,54.87,12.06,8.28,0.36,3.83,22.2,97.32,1.27,325.45,0.0,0.0
2025-11-03 04:00:00,27.78,50.0,8.73,8.62,0.25,5.33,22.13,97.32,0.86,248.91,0.0,0.0
2025-11-03 05:00:00,22.88,42.72,6.43,8.34,0.23,5.23,22.06,97.22,1.03,188.08,0.0,0.0
2025-11-03 06:00:00,39.69,53.83,5.84,8.38,0.22,5.02,22.38,97.23,1.18,262.79,0.0,0.0
2025-11-03 07:00:00,32.69,56.9,6.96,8.49,0.29,6.54,23.08,97.23,1.04,99.46,0.0,8.95
2025-11-03 08:00:00,31.84,55.6,7.28,9.27,0.35,10.65,24.31,97.32,1.15,263.44,0.0,54.65
2025-11-03 09:00:00,30.9,49.2,5.2,9.9,0.29,19.92,27.35,84.79,1.02,348.85,0.0,96.95
2025-11-03 10:00:00,20.29,45.91,6.16,9.45,0.3,25.72,29.4,72.82,0.98,328.81,0.0,136.18
2025-11-03 11:00:00,20.03,39.0,3.42,9.21,0.22,32.62,29.56,69.7,1.1,342.03,0.0,126.2
2025-11-03 12:00:00,19.51,37.79,2.22,9.33,0.18,38.32,30.49,64.1,1.3,175.58,0.0,122.15
2025-11-03 13:00:00,22.92,40.7,2.58,9.09,0.17,42.28,30.29,64.2,1.35,335.69,0.0,88.45
2025-11-03 14:00:00,32.69,43.95,4.22,9.2,0.2,38.73,29.34,68.92,1.21,338.14,0.0,77.68
2025-11-03 15:00:00,26.06,38.23,3.99,9.08,0.22,38.68,29.3,67.41,1.17,94.58,0.0,14.38
2025-11-03 16:00:00,24.38,40.9,9.2,9.06,0.38,32.75,28.56,71.59,1.2,298.92,0.0,0.0
2025-11-03 17:00:00,15.33,37.28,31.22,9.08,1.1,12.35,26.54,82.22,1.2,222.03,0.0,0.0
2025-11-03 18:00:00,18.55,47.02,30.69,9.6,2.51,7.04,25.67,91.38,0.88,297.06,0.0,0.0
2025-11-03 19:00:00,37.76,67.55,42.78,9.72,2.16,7.12,26.02,90.8,0.9,324.56,0.0,0.0
2025-11-03 20:00:00,49.22,82.1,33.35,10.28,1.15,6.04,25.44,92.08,0.99,243.93,0.0,0.0
2025-11-03 21:00:00,47.05,89.89,28.88,10.45,0.84,2.13,24.55,95.28,1.21,326.43,0.0,0.0
2025-11-03 22:00:00,53.28,92.22,18.92,9.6,0.73,2.86,24.24,95.98,1.1,248.8,0.0,0.0
2025-11-03 23:00:00,48.88,93.54,13.83,8.95,0.49,3.84,23.59,96.85,1.25,324.6,0.0,0.0
2025-11-04 00:00:00,44.21,86.68,9.03,8.79,0.4,3.07,22.96,97.24,1.22,325.1,0.0,0.0
2025-11-04 01:00:00,31.79,77.13,8.46,8.68,0.39,4.15,22.39,97.26,0.92,304.92,0.0,0.0
2025-11-04 02:00:00,32.54,69.52,7.02,8.75,0.31,9.7,22.63,92.49,1.32,319.91,0.0,0.0
2025-11-04 03:00:00,25.59,58.2,6.34,8.59,0.26,12.03,22.0,94.31,0.92,253.4,0.0,0.0
2025-11-04 04:00:00,23.33,57.31,7.2,8.7,0.24,12.78,21.77,95.05,1.23,255.98,0.0,0.0
2025-11-04 05:00:00,33.96,60.9,7.56,9.1,0.23,10.8,21.52,95.97,0.91,304.67,0.0,0.0
2025-11-04 06:00:00,42.91,63.34,5.84,8.9,0.22,16.23,21.62,92.5,1.2,341.61,0.0,0.0
2025-11-04 07:00:00,45.93,57.45,7.23,9.52,0.36,21.32,22.72,83.45,1.08,244.58,0.0,4.92
2025-11-04 08:00:00,43.77,56.56,9.46,10.75,0.46,35.84,25.2,69.49,1.32,342.64,0.0,56.9
2025-11-04 09:00:00,33.71,54.96,6.02,10.43,0.27,51.26,27.2,62.05,1.07,337.32,0.0,99.2
2025-11-04 10:00:00,30.01,58.9,5.7,10.06,0.26,49.37,28.64,63.76,1.01,5.68,0.0,119.28
2025-11-04 11:00:00,32.95,60.9,3.82,9.76,0.22,44.78,29.58,66.73,1.1,336.09,0.0,105.3
2025-11-04 12:00:00,33.36,58.48,3.68,10.5,0.22,43.34,30.34,65.18,1.08,255.08,0.0,98.0
2025-11-04 13:00:00,34.66,53.63,3.29,13.37,0.19,43.7,29.94,65.6,1.05,246.08,0.0,82.9
2025-11-04 14:00:00,36.35,48.95,13.4,13.39,0.45,33.9,28.61,71.77,0.96,107.27,0.0,32.75
2025-11-04 15:00:00,30.02,50.6,14.54,13.16,0.36,34.73,26.5,82.69,0.42,144.04,3.45,14.38
2025-11-04 16:00:00,29.48,47.06,13.08,12.9,0.44,19.67,23.86,97.34,0.73,198.71,0.0,3.5
2025-11-04 17:00:00,22.42,43.85,33.99,12.96,1.51,11.32,23.4,97.36,1.24,41.28,0.05,0.0
2025-11-04 18:00:00,33.59,48.57,39.1,13.62,2.58,5.8,23.46,97.36,1.25,109.08,0.0,0.0
2025-11-04 19:00:00,43.62,60.68,30.24,13.42,1.98,5.13,23.52,97.35,1.03,242.26,0.0,0.0
2025-11-04 20:00:00,48.75,65.09,24.05,13.1,1.17,3.1,23.04,97.31,1.14,245.53,0.0,0.0
2025-11-04 21:00:00,45.66,67.54,28.24,13.2,1.47,2.44,23.03,97.22,0.92,251.52,0.0,0.0
2025-11-04 22:00:00,67.24,78.43,22.48,13.41,1.43,2.17,22.76,97.23,1.22,244.23,0.0,0.0
2025-11-04 23:00:00,64.62,76.12,22.26,12.98,1.17,1.98,22.29,97.22,1.29,319.65,0.0,0.0
2025-11-05 00:00:00,60.36,87.51,18.86,12.91,0.73,1.72,21.82,97.29,1.27,313.14,0.0,0.0
2025-11-05 01:00:00,55.83,86.07,9.2,12.38,0.37,2.88,21.47,97.3,1.36,323.99,0.0,0.0
2025-11-05 02:00:00,48.82,79.14,7.6,12.46,0.27,3.41,21.16,97.32,1.33,322.5,0.0,0.0
2025-11-05 03:00:00,37.06,70.71,7.1,12.25,0.12,4.41,20.73,97.33,1.23,328.62,0.0,0.0
2025-11-05 04:00:00,35.01,62.06,7.24,12.3,0.11,4.65,20.24,97.3,0.68,195.56,0.0,0.0
2025-11-05 05:00:00,38.14,53.13,7.06,10.66,0.13,6.9,19.9,97.22,0.9,213.88,0.0,0.0
2025-11-05 06:00:00,42.96,60.12,5.16,10.2,0.1,7.78,19.61,97.23,1.02,182.16,0.0,0.0
2025-11-05 07:00:00,32.83,62.83,5.6,10.07,0.15,11.83,20.57,97.24,1.1,179.71,0.0,6.08
2025-11-05 08:00:00,38.64,51.8,4.52,10.83,0.12,20.09,22.76,90.7,1.28,177.88,0.0,58.8
2025-11-05 09:00:00,31.24,41.11,3.66,11.51,0.1,34.0,25.26,75.95,1.39,261.07,0.0,87.02
2025-11-05 10:00:00,26.24,57.11,4.32,11.87,0.14,42.42,26.64,70.34,1.31,353.01,0.0,88.9
2025-11-05 11:00:00,29.22,45.92,6.95,12.76,0.16,50.37,28.15,65.61,1.14,343.12,0.0,83.58
2025-11-05 12:00:00,32.02,53.96,4.57,10.97,0.1,54.46,29.26,62.2,1.01,255.73,0.0,83.6
2025-11-05 13:00:00,33.34,58.5,3.4,13.86,0.05,51.6,29.01,61.04,1.02,261.25,0.0,81.62
2025-11-05 14:00:00,32.44,59.58,6.06,13.42,0.07,46.92,28.65,59.3,0.98,269.27,0.0,93.42
2025-11-05 15:00:00,32.17,56.45,7.5,13.18,0.1,44.46,28.1,61.25,0.74,144.58,0.0,104.05
2025-11-05 16:00:00,33.05,38.68,23.04,10.48,0.4,27.86,26.23,67.9,0.99,181.19,0.0,14.18
2025-11-05 17:00:00,14.68,39.95,24.45,9.94,0.55,18.77,24.59,75.07,1.01,333.79,0.0,0.0
2025-11-05 18:00:00,21.7,50.96,33.4,13.02,1.17,8.42,23.5,82.76,1.21,330.13,0.0,0.0
2025-11-05 19:00:00,39.24,63.82,23.58,13.38,1.66,2.66,23.36,89.44,1.26,300.09,0.0,0.0
2025-11-05 20:00:00,51.78,79.9,20.94,14.19,0.48,5.18,23.02,86.73,1.11,255.99,0.0,0.0
2025-11-05 21:00:00,57.17,84.96,18.14,16.14,0.3,14.58,22.71,80.92,1.03,334.41,0.0,0.0
2025-11-05 22:00:00,60.12,81.75,10.88,14.2,0.18,20.9,22.01,80.46,0.94,337.0,0.0,0.0
2025-11-05 23:00:00,51.09,74.98,10.05,13.61,0.17,20.84,21.32,84.18,1.09,332.4,0.0,0.0
2025-11-06 00:00:00,50.9,69.97,16.9,13.38,0.45,16.43,20.88,85.42,0.84,164.86,0.0,0.0
2025-11-06 01:00:00,40.56,66.76,11.79,13.04,0.27,22.68,20.12,88.52,0.64,173.33,0.0,0.0
2025-11-06 02:00:00,30.34,60.36,10.66,13.02,0.26,19.95,19.81,89.34,0.68,201.48,0.0,0.0
2025-11-06 03:00:00,28.32,57.37,10.22,13.08,0.26,21.55,19.94,86.67,0.66,278.53,0.0,0.0
2025-11-06 04:00:00,29.76,55.0,10.82,13.94,0.3,22.61,19.94,85.16,0.57,166.95,0.0,0.0
2025-11-06 05:00:00,37.21,55.57,12.05,13.52,0.28,25.54,19.96,82.65,0.75,252.8,0.0,0.0
2025-11-06 06:00:00,43.66,58.1,12.26,14.0,0.26,26.21,19.78,82.08,0.88,261.02,0.0,7.6
2025-11-06 07:00:00,40.96,55.58,10.42,15.14,0.25,27.49,21.13,79.26,1.1,350.93,0.0,65.18
2025-11-06 08:00:00,40.72,58.04,8.14,15.92,0.3,34.27,22.98,74.62,1.42,351.29,0.0,114.12
2025-11-06 09:00:00,41.02,63.32,13.74,26.73,0.42,39.76,25.25,71.12,1.3,342.22,0.0,150.4
2025-11-06 10:00:00,39.52,73.34,34.56,114.0,0.33,29.9,26.99,68.01,1.4,337.86,0.0,156.75
2025-11-06 11:00:00,47.58,85.96,40.7,160.98,0.28,32.64,28.44,60.87,1.16,346.58,0.0,169.27
2025-11-06 12:00:00,50.12516138180841,96.19747961829049,20.58,76.98,0.33812369811284293,50.86,29.41,57.16,1.06,349.72,0.0,166.1
2025-11-06 13:00:00,1.01,24.63,12.38,8.87,0.26,22.539580743221634,29.62,57.72,1.29,337.07,0.0,158.85
2025-11-06 14:00:00,6.25,59.66,10.03,34.41189995349114,0.22,126.32,27.82,60.64,0.9,243.56,0.0,125.65
2025-11-06 15:00:00,26.78,57.72,11.197245139334067,20.522427403638552,0.27,58.62,27.58,59.0,1.17,325.42,0.0,104.0
2025-11-06 16:00:00,35.27,60.29,11.282984981397545,6.51,0.42,51.94,26.5,61.89,1.28,295.61,0.0,24.55
2025-11-06 17:00:00,34.21,61.16,27.88,7.74,0.48,35.43,24.0,73.34,1.26,278.64,0.0,0.0
2025-11-06 18:00:00,46.88,62.21,30.37,8.81,0.75,16.18,22.38,85.34,1.23,282.56,0.0,0.0
2025-11-06 19:00:00,51.9,60.14,26.65,8.32,0.8,4.62,21.58,91.85,1.06,315.09,0.0,0.0
2025-11-06 20:00:00,37.39,60.6,22.66,9.51,0.45,29.32,22.08,66.14,1.18,328.42,0.0,0.0
2025-11-06 21:00:00,22.47,58.65,12.38,10.14,0.29,43.06,22.24,59.04,1.36,336.77,0.0,0.0
2025-11-06 22:00:00,27.27,59.82,14.16,9.42,0.45,38.71,21.03,62.81,0.89,297.1,0.0,0.0
2025-11-06 23:00:00,34.42,67.6,15.71,9.23,0.38,31.74,19.42,71.4,0.93,219.33,0.0,0.0
2025-11-07 00:00:00,30.85,69.13,8.76,8.88,0.26,32.77,18.9,71.31,1.23,323.77,0.0,0.0
2025-11-07 01:00:00,28.36,59.42,7.78,9.96,0.27,36.42,18.22,72.86,1.18,321.72,0.0,0.0
2025-11-07 02:00:00,30.28,63.33,7.7,10.24,0.27,34.97,17.86,74.11,1.36,334.63,0.0,0.0
2025-11-07 03:00:00,26.05,62.69,6.72,9.43,0.26,37.62,17.87,72.62,1.44,332.1,0.0,0.0
2025-11-07 04:00:00,24.94,57.08,5.94,8.64,0.24,38.59,17.61,73.37,1.48,337.09,0.0,0.0
2025-11-07 05:00:00,34.77,62.1,6.68,9.44,0.27,37.14,17.12,74.04,1.43,329.94,0.0,0.0
2025-11-07 06:00:00,40.03,69.98,8.0,10.27,0.31,34.23,16.55,78.02,1.33,324.49,0.0,5.4
2025-11-07 07:00:00,37.75,73.41,11.09,11.16,0.46,30.5,18.17,74.91,1.38,330.22,0.0,48.12
2025-11-07 08:00:00,38.54,76.07,12.82,13.05,0.52,44.64,21.02,66.15,1.12,261.8,0.0,126.42
2025-11-07 09:00:00,38.69,83.62,11.92,12.26,0.46,60.12,23.94,58.87,0.78,188.86,0.0,176.62
2025-11-07 10:00:00,43.26,84.43,12.78,12.95,0.46,70.6,26.04,53.98,0.6,200.25,0.0,181.62
2025-11-07 11:00:00,47.89,92.94,13.98,13.12,0.47,85.6,27.86,50.33,0.77,192.76,0.0,193.15
2025-11-07 12:00:00,50.8,94.44,17.5,10.82,0.54,93.86,29.4,46.53,0.49,231.27,0.0,192.82
2025-11-07 13:00:00,52.43,97.34,14.17,15.82,0.45,91.08,29.84,45.58,0.67,266.34,0.0,179.72
2025-11-07 14:00:00,57.48,104.96,19.9,36.53,0.4,86.47,28.71,46.42,0.67,176.36,0.0,167.75
2025-11-07 15:00:00,42.11,103.13,20.89,56.77,0.29,77.06,27.38,47.25,1.18,332.69,0.0,82.78
2025-11-07 16:00:00,48.88,93.91,13.66,24.17,0.41,76.78,25.83,50.59,0.95,223.82,0.0,21.25
2025-11-07 17:00:00,41.72,90.55,62.33,22.83,1.62,33.6,22.98,62.04,0.86,298.22,0.0,0.0
2025-11-07 18:00:00,62.78,114.37,77.27,18.08,3.04,3.88,21.79,68.76,0.93,237.08,0.0,0.0
2025-11-07 19:00:00,96.68,146.52,74.22,14.43,2.47,2.17,20.94,74.03,1.19,323.63,0.0,0.0
2025-11-07 20:00:00,97.62,154.47,55.4,12.04,1.48,1.77,20.4,88.06,1.16,321.65,0.0,0.0
2025-11-07 21:00:00,89.53,136.44,38.06,10.78,1.28,0.91,19.53,94.44,1.13,307.74,0.0,0.0
2025-11-07 22:00:00,85.12,131.39,34.24,12.89,1.17,9.23,19.54,82.0,1.21,310.53,0.0,0.0
2025-11-07 23:00:00,80.83,117.35,20.24,12.0,0.86,16.25,18.86,87.11,1.32,307.75,0.0,0.0
2025-11-08 00:00:00,70.41,120.32,14.0,11.44,0.46,20.05,18.27,88.24,1.36,305.79,0.0,0.0
2025-11-08 01:00:00,69.19,107.68,11.72,11.34,0.5,22.84,18.08,85.42,1.46,322.7,0.0,0.0
2025-11-08 02:00:00,65.44,106.31,10.94,12.22,0.49,27.36,17.68,83.84,1.36,334.38,0.0,0.0
2025-11-08 03:00:00,60.18,101.93,8.7,11.26,0.45,32.59,17.31,82.14,1.22,258.74,0.0,0.0
2025-11-08 04:00:00,65.2,99.84,9.02,12.0,0.42,34.23,16.57,83.91,1.16,304.1,0.0,0.0
2025-11-08 05:00:00,73.51,101.79,8.65,13.01,0.34,38.64,16.39,83.56,1.01,267.96,0.0,0.0
2025-11-08 06:00:00,80.24,89.82,9.68,12.4,0.4,37.26,16.31,84.02,1.31,320.18,0.0,5.78
2025-11-08 07:00:00,77.73,100.91,12.03,14.27,0.62,35.45,17.89,78.75,1.4,336.21,0.0,50.58
2025-11-08 08:00:00,80.98,111.59,12.45,17.69,0.71,47.08,20.56,69.91,1.27,257.93,0.0,125.2
2025-11-08 09:00:00,77.65,113.22,12.0,17.44,0.42,66.72,23.43,57.9,1.03,263.27,0.0,177.6
2025-11-08 10:00:00,72.25,112.51,12.1,14.93,0.4,81.24,25.66,52.22,0.72,261.68,0.0,178.48
2025-11-08 11:00:00,73.54,112.8,16.12,26.44,0.44,95.08,27.52,47.48,0.59,207.84,0.0,176.4
2025-11-08 12:00:00,72.78,117.85,23.82,51.58,0.28,85.58,28.28,45.61,0.75,181.3,0.0,169.82
2025-11-08 13:00:00,72.15,117.94,25.82,61.93,0.21,80.29,28.33,45.02,1.08,336.24,0.0,173.1
2025-11-08 14:00:00,70.22,120.81,15.42,39.69,0.19,85.38,27.38,44.44,0.98,334.8,0.0,136.78
2025-11-08 15:00:00,58.66,95.14,15.28,47.82,0.2,81.14,26.41,47.18,1.33,343.21,0.0,73.6
2025-11-08 16:00:00,55.03,87.77,28.8,22.5,0.59,63.05,24.62,52.9,1.19,286.97,0.0,18.52
2025-11-08 17:00:00,48.76,90.79,67.45,19.25,1.32,27.28,21.86,62.45,1.13,270.93,0.0,0.0
2025-11-08 18:00:00,77.39,124.87,72.49,17.2,1.99,9.14,20.74,71.26,1.08,189.55,0.0,0.0
2025-11-08 19:00:00,81.44,150.52,49.38,12.6,1.01,7.08,19.93,86.79,1.26,332.81,0.0,0.0
2025-11-08 20:00:00,77.58,140.38,32.48,11.79,0.72,4.53,19.34,91.95,1.26,321.98,0.0,0.0
2025-11-08 21:00:00,77.37,117.59,41.26,12.46,1.17,3.54,19.08,86.51,1.22,313.17,0.0,0.0
2025-11-08 22:00:00,79.11,122.98,28.2,12.24,0.8,18.33,18.34,83.61,1.08,315.85,0.0,0.0
2025-11-08 23:00:00,76.26,120.17,18.24,10.94,0.61,19.02,17.54,89.77,1.04,318.27,0.0,0.0
2025-11-09 00:00:00,69.18,109.84,14.66,10.57,0.46,19.69,16.69,94.76,1.3,294.38,0.0,0.0
2025-11-09 01:00:00,63.91,98.71,12.55,10.71,0.6,23.98,16.07,89.83,1.24,312.23,0.0,0.0
2025-11-09 02:00:00,61.57,98.87,12.07,12.88,0.79,27.2,16.36,83.52,1.52,323.99,0.0,0.0
2025-11-09 03:00:00,69.44,95.86,9.64,12.23,0.65,31.86,14.94,85.5,1.29,306.27,0.0,0.0
2025-11-09 04:00:00,72.05,99.51,10.29,12.74,0.61,33.83,14.82,82.35,1.41,346.54,0.0,0.0
2025-11-09 05:00:00,73.15,104.88,8.87,12.64,0.39,40.72,14.45,79.66,1.33,255.09,0.0,0.0
2025-11-09 06:00:00,76.2,102.09,9.48,13.02,0.45,39.3,14.4,78.81,1.51,343.34,0.0,4.12
2025-11-09 07:00:00,74.2,98.6,10.4,13.85,0.59,37.13,15.52,77.46,1.26,321.46,0.0,42.6
2025-11-09 08:00:00,72.09,102.02,11.51,15.48,0.66,48.11,18.45,67.81,1.32,340.32,0.0,101.48
2025-11-09 09:00:00,75.53,100.34,12.82,17.0,0.64,69.76,22.06,54.96,1.06,340.97,0.0,132.22
2025-11-09 10:00:00,75.73,108.68,13.07,18.17,0.45,87.33,24.39,45.74,0.76,339.15,0.0,140.4
2025-11-09 11:00:00,71.9,105.28,23.05,62.32,0.4,88.94,25.89,40.85,0.53,26.46,0.0,131.25
2025-11-09 12:00:00,69.87,117.05,36.63,110.68,0.31,79.18,26.75,39.34,1.06,336.23,0.0,119.62
2025-11-09 13:00:00,65.63,106.22,11.91,25.38,0.23,94.52,27.1,38.45,0.96,344.7,0.0,125.8
2025-11-09 14:00:00,57.55,100.32,7.53,23.38,0.2,92.32,26.27,38.84,1.02,264.32,0.0,104.02
2025-11-09 15:00:00,54.81,87.66,11.18,27.67,0.24,89.96,25.36,41.68,1.08,346.04,0.0,52.1
2025-11-09 16:00:00,43.62,76.11,15.92,30.82,0.32,75.68,23.67,48.82,1.14,274.98,0.0,11.58
2025-11-09 17:00:00,41.09,74.14,27.99,31.39,0.45,51.61,20.57,68.28,1.1,241.72,0.0,0.0
2025-11-09 18:00:00,40.51,77.29,66.48,17.66,1.46,17.24,19.06,68.76,1.22,122.38,0.0,0.0
2025-11-09 19:00:00,46.9,90.99,60.52,15.47,1.72,13.14,18.4,69.24,0.99,266.8,0.0,0.0
2025-11-09 20:00:00,87.46,120.27,52.58,12.43,1.46,10.22,17.47,81.34,1.09,294.62,0.0,0.0
2025-11-09 21:00:00,90.71,122.13,46.0,12.38,1.77,3.47,16.87,91.12,1.23,310.77,0.0,0.0
2025-11-09 22:00:00,104.16,145.51,37.79,13.12,1.66,10.71,16.39,83.5,1.33,312.39,0.0,0.0
2025-11-09 23:00:00,99.35,148.73,21.58,12.04,1.07,13.67,15.7,89.4,1.34,297.38,0.0,0.0
2025-11-10 00:00:00,92.24,144.57,16.32,10.04,0.6,27.12,15.76,84.97,1.36,293.6,0.0,0.0
2025-11-10 01:00:00,65.83,118.84,10.92,9.64,0.44,24.5,14.69,90.9,1.23,251.2,0.0,0.0
2025-11-10 02:00:00,57.84,96.55,12.02,10.32,0.58,23.17,14.56,84.96,1.4,319.73,0.0,0.0
2025-11-10 03:00:00,54.17,94.62,11.92,11.02,0.5,28.43,13.93,82.04,1.31,315.51,0.0,0.0
2025-11-10 04:00:00,58.4,91.84,10.89,10.86,0.39,30.62,13.66,80.53,1.33,327.67,0.0,0.0
2025-11-10 05:00:00,63.82,100.64,10.38,11.5,0.3,33.47,13.38,78.67,1.51,330.27,0.0,0.0
2025-11-10 06:00:00,67.09,100.71,11.73,14.52,0.3,32.91,13.18,79.25,1.41,325.25,0.0,3.88
2025-11-10 07:00:00,64.38,109.73,14.26,15.86,0.36,29.88,15.01,74.83,1.43,338.35,0.0,37.67
2025-11-10 08:00:00,69.26,112.63,18.35,17.34,0.52,44.81,18.04,64.09,1.43,337.5,0.0,93.45
2025-11-10 09:00:00,63.86,110.03,16.23,19.48,0.5,63.45,22.21,54.17,0.72,263.06,0.0,128.88
2025-11-10 10:00:00,65.25,111.13,19.97,19.5,0.44,85.05,24.8,44.76,0.62,108.99,0.0,132.55
2025-11-10 11:00:00,62.46,112.73,21.9,31.74,0.33,97.26,26.33,38.08,0.54,261.7,0.0,136.55
2025-11-10 12:00:00,69.45,127.63,26.62,50.41,0.12,84.83,26.81,34.66,1.16,260.5,0.0,124.3
2025-11-10 13:00:00,65.98,116.21,18.37,39.16,0.08,90.17,27.32,34.2,0.89,332.12,0.0,126.1
2025-11-10 14:00:00,64.79,105.12,9.98,16.74,0.06,95.22,26.28,34.92,1.17,337.1,0.0,118.52
2025-11-10 15:00:00,57.18,96.42,10.9,13.5,0.07,93.23,25.32,37.06,1.27,332.18,0.0,50.88
2025-11-10 16:00:00,51.68,87.5,27.36,12.74,0.34,67.53,23.02,45.51,1.1,327.15,0.0,11.52
2025-11-10 17:00:00,45.64,83.7,50.17,11.93,0.78,38.15,19.68,59.3,1.26,336.83,0.0,0.0
2025-11-10 18:00:00,48.88,89.2,48.74,10.89,0.88,11.11,17.92,81.9,1.01,264.7,0.0,0.0
2025-11-10 19:00:00,48.67,86.32,52.64,10.8,1.48,2.16,17.14,85.22,1.22,306.1,0.0,0.0
2025-11-10 20:00:00,51.35,93.54,43.83,11.66,2.42,1.24,16.61,85.06,1.29,321.04,0.0,0.0
2025-11-10 21:00:00,61.74,117.43,45.3,10.38,1.08,1.28,15.52,90.19,1.3,309.3,0.0,0.0
2025-11-10 22:00:00,66.28,119.71,54.75,12.63,1.63,0.93,15.28,91.04,1.14,312.28,0.0,0.0
2025-11-10 23:00:00,72.95,126.13,33.1,11.26,0.85,18.82,15.01,82.4,1.28,287.76,0.0,0.0
2025-11-11 00:00:00,73.28,126.17,20.7,10.44,0.65,18.88,14.69,90.37,1.31,282.74,0.0,0.0
2025-11-11 01:00:00,71.22,118.91,15.83,10.4,0.63,21.42,14.27,92.87,1.23,308.13,0.0,0.0
2025-11-11 02:00:00,66.88,112.01,11.94,10.56,0.59,26.78,14.08,85.33,1.39,315.56,0.0,0.0
2025-11-11 03:00:00,61.94,107.62,13.18,13.99,0.67,31.13,14.25,82.35,1.58,338.72,0.0,0.0
2025-11-11 04:00:00,65.69,109.55,11.01,15.04,0.34,38.03,14.37,79.71,1.61,347.63,0.0,0.0
2025-11-11 05:00:00,67.4,106.46,10.81,14.12,0.34,37.25,14.1,80.0,1.63,346.42,0.0,0.0
2025-11-11 06:00:00,66.83,107.46,12.72,13.9,0.38,32.5,13.81,80.82,1.62,343.38,0.0,4.08
2025-11-11 07:00:00,70.09,111.68,12.96,15.09,0.42,33.57,15.4,75.69,1.43,264.47,0.0,37.85
2025-11-11 08:00:00,72.31,117.52,18.19,17.11,0.53,44.76,18.49,66.7,1.42,178.21,0.0,102.3
2025-11-11 09:00:00,69.07,120.12,18.46,27.28,0.61,61.18,21.63,57.91,1.04,256.06,0.0,147.52
2025-11-11 10:00:00,72.68,122.92,15.73,24.26,0.47,80.66,24.13,46.76,1.03,337.88,0.0,141.62
2025-11-11 11:00:00,68.78,127.04,60.31,137.71,0.37,48.76,26.18,41.38,0.97,330.26,0.0,140.8
2025-11-11 12:00:00,71.35,127.64,40.26,121.71,0.31,73.2,26.87,38.65,1.11,261.24,0.0,151.15
2025-11-11 13:00:00,73.58,124.68,34.2,130.65,0.31,80.16,27.57,37.45,0.75,264.22,0.0,148.43
2025-11-11 14:00:00,67.1,126.0,23.42,84.2,0.24,95.19,26.27,39.46,1.18,342.97,0.0,130.15
2025-11-11 15:00:00,62.86,119.13,11.11,24.98,0.19,101.58,25.31,40.33,0.99,252.82,0.0,60.55
2025-11-11 16:00:00,59.4,101.15,16.19,9.68,0.33,86.7,23.2,45.37,1.23,287.63,0.0,12.72
2025-11-11 17:00:00,43.11,96.29,44.91,8.5,0.8,42.57,19.9,67.96,1.23,312.38,0.0,0.0
2025-11-11 18:00:00,54.03,100.13,31.41,5.4,0.7,18.35,18.34,88.75,1.1,319.97,0.0,0.0
2025-11-11 19:00:00,46.7,85.22,63.18,6.01,2.19,1.68,17.66,78.08,1.17,255.29,0.0,0.0
2025-11-11 20:00:00,47.29,109.69,53.23,5.2,1.76,1.6,17.1,85.42,1.23,328.06,0.0,0.0
2025-11-11 21:00:00,57.36,115.07,46.6,4.07,1.58,1.03,16.53,87.78,1.34,317.54,0.0,0.0
2025-11-11 22:00:00,63.38,113.62,43.31,4.43,1.14,18.58,15.83,79.26,1.1,299.57,0.0,0.0
2025-11-11 23:00:00,66.88,116.5,22.67,6.98,0.92,24.51,15.43,84.66,1.12,235.09,0.0,0.0
2025-11-12 00:00:00,65.18,119.03,15.04,8.36,0.52,30.08,14.88,84.41,1.34,299.98,0.0,0.0
2025-11-12 01:00:00,64.43,109.83,11.0,7.68,0.41,36.61,15.27,81.12,1.54,326.55,0.0,0.0
2025-11-12 02:00:00,59.88,104.93,11.98,10.46,0.62,33.96,14.96,81.69,1.47,331.1,0.0,0.0
2025-11-12 03:00:00,67.79,104.5,9.57,8.82,0.36,34.12,13.95,87.25,1.3,292.27,0.0,0.0
2025-11-12 04:00:00,64.74,101.62,9.82,11.34,0.32,36.37,14.12,82.36,1.52,333.09,0.0,0.0
2025-11-12 05:00:00,70.47,109.37,10.01,11.44,0.25,33.86,13.68,83.63,1.42,338.63,0.0,0.0
2025-11-12 06:00:00,69.38,108.4,11.3,11.9,0.27,33.03,13.63,82.26,1.26,253.26,0.0,2.9
2025-11-12 07:00:00,72.65,100.2,13.05,13.79,0.33,33.16,14.89,78.2,1.23,334.97,0.0,34.2
2025-11-12 08:00:00,68.91,107.99,19.68,15.99,0.43,39.86,18.32,68.75,1.02,262.39,0.0,79.8
2025-11-12 09:00:00,65.44,109.62,20.0,15.1,0.56,64.8,21.86,56.53,1.16,340.38,0.0,107.25
2025-11-12 10:00:00,71.61,113.96,22.33,13.85,0.69,91.7,24.36,47.87,0.71,250.3,0.0,110.88
2025-11-12 11:00:00,68.51,124.01,18.06,12.02,0.36,100.44,26.24,41.01,0.66,253.37,0.0,121.82
2025-11-12 12:00:00,68.07,131.18,15.69,29.82,0.22,99.08,27.2,36.54,0.79,265.84,0.0,168.88
2025-11-12 13:00:00,77.73,127.86,41.83,122.01,0.2,79.41,27.66,37.4,0.6,184.86,0.0,180.9
2025-11-12 14:00:00,67.74,131.46,42.86,102.96,0.33,77.2,27.03,40.22,0.61,154.3,0.0,147.23
2025-11-12 15:00:00,69.83,126.88,40.01,105.21,0.26,76.59,25.84,43.9,0.82,226.65,0.0,68.97
2025-11-12 16:00:00,65.35,131.76,71.33,47.87,1.11,46.94,24.0,50.2,1.09,93.95,0.0,17.55
2025-11-12 17:00:00,64.08,125.73,59.26,11.05,1.11,38.9,20.96,55.22,1.27,80.81,0.0,0.0
2025-11-12 18:00:00,66.3,116.54,56.17,9.08,1.09,26.73,18.73,65.12,1.22,143.86,0.0,0.0
2025-11-12 19:00:00,63.97,120.34,44.96,7.75,0.93,7.7,17.9,87.12,1.2,307.8,0.0,0.0
2025-11-12 20:00:00,76.27,130.8,35.29,6.36,0.85,2.29,17.04,94.78,1.32,309.3,0.0,0.0
2025-11-12 21:00:00,69.96,113.4,32.89,6.11,1.09,0.84,16.12,96.97,1.28,319.91,0.0,0.0
2025-11-12 22:00:00,77.52,115.15,44.36,6.36,1.43,3.01,15.58,91.26,1.3,314.53,0.0,0.0
2025-11-12 23:00:00,79.55,123.84,23.67,6.2,0.88,23.38,15.33,85.62,1.3,300.13,0.0,0.0
2025-11-13 00:00:00,78.0,124.76,13.57,5.96,0.54,33.73,15.45,84.6,1.28,302.38,0.0,0.0
2025-11-13 01:00:00,73.34,114.56,10.38,6.07,0.45,38.45,15.41,83.94,1.41,327.41,0.0,0.0
2025-11-13 02:00:00,71.87,114.76,9.21,7.7,0.44,42.14,15.39,82.37,1.56,342.69,0.0,0.0
2025-11-13 03:00:00,68.8,108.85,10.28,8.77,0.48,40.62,14.76,83.02,1.51,331.84,0.0,0.0
2025-11-13 04:00:00,75.29,113.55,11.32,8.4,0.45,35.62,14.21,84.83,1.54,326.63,0.0,0.0
2025-11-13 05:00:00,79.27,116.17,13.16,6.9,0.65,24.7,13.15,89.1,1.48,317.89,0.0,0.0
2025-11-13 06:00:00,81.77,119.99,13.87,7.49,0.8,25.21,12.91,87.65,1.42,318.62,0.0,2.22
2025-11-13 07:00:00,80.76,122.58,14.55,8.24,0.7,31.81,14.9,77.36,1.57,338.08,0.0,33.52
2025-11-13 08:00:00,86.58,131.59,16.02,8.76,0.68,46.21,18.08,66.66,1.24,337.46,0.0,84.98
2025-11-13 09:00:00,85.27,133.93,14.16,10.27,0.58,70.61,21.6,53.13,0.98,258.69,0.0,105.05
2025-11-13 10:00:00,86.66,129.78,15.32,10.68,0.58,87.16,24.11,46.79,0.69,102.24,0.0,113.7
2025-11-13 11:00:00,88.51,132.19,14.2,12.22,0.51,97.52,25.75,42.81,0.8,102.97,0.0,114.93
2025-11-13 12:00:00,80.23,128.26,11.25,10.98,0.38,104.48,26.84,38.11,0.96,177.52,0.0,126.12
2025-11-13 13:00:00,81.69,133.78,12.64,9.51,0.37,103.97,27.22,36.68,0.53,195.18,0.0,127.48
2025-11-13 14:00:00,75.13,131.94,8.3,9.24,0.31,105.38,26.44,37.02,0.79,172.9,0.0,117.18
2025-11-13 15:00:00,76.3,125.09,15.75,44.91,0.35,97.07,25.46,41.58,0.59,265.38,0.0,69.05
2025-11-13 16:00:00,73.04,114.98,43.68,23.21,0.82,66.64,23.45,49.84,0.51,206.64,0.0,17.23
2025-11-13 17:00:00,69.22,111.38,72.77,9.0,1.33,39.62,20.42,56.07,1.0,208.05,0.0,0.0
2025-11-13 18:00:00,65.78,117.83,41.44,7.2,0.89,24.95,18.39,83.76,1.25,233.63,0.0,0.0
2025-11-13 19:00:00,76.26,120.06,32.35,6.03,0.8,7.54,17.13,94.03,1.3,316.59,0.0,0.0
2025-11-13 20:00:00,74.89,113.73,31.9,6.01,0.9,3.28,16.37,96.16,1.31,300.9,0.0,0.0
2025-11-13 21:00:00,78.8,113.49,34.54,6.03,1.19,1.44,15.44,96.36,1.35,311.56,0.0,0.0
2025-11-13 22:00:00,80.22,117.54,41.58,6.61,1.27,13.94,15.75,85.1,1.41,316.54,0.0,0.0
2025-11-13 23:00:00,84.02,124.81,14.73,8.54,0.98,42.81,15.74,78.94,1.41,321.73,0.0,0.0
2025-11-14 00:00:00,84.84,124.4,14.675013718099482,9.26,0.5,48.22,15.39,79.98,1.18,336.72,0.0,0.0
2025-11-14 01:00:00,77.48,124.2,1.74,8.66,0.51,48.06,14.52,79.81,1.28,318.47,0.0,0.0
2025-11-14 02:00:00,73.64,131.17,2.63,7.92,0.43,45.77,14.04,80.32,1.33,327.48,0.0,0.0
2025-11-14 03:00:00,79.32,124.62,7.76,10.69,0.43,45.93,14.1,77.91,1.38,332.29,0.0,0.0
2025-11-14 04:00:00,80.0,124.68,8.55,12.16,0.41,44.22,13.23,80.85,1.32,318.86,0.0,0.0
2025-11-14 05:00:00,86.81,125.22,12.77,14.52,0.39,44.16,12.91,80.44,1.32,322.5,0.0,0.0
2025-11-14 06:00:00,90.4,128.78,14.59,15.66,0.42,43.85,12.72,79.41,1.34,309.43,0.0,1.32
2025-11-14 07:00:00,93.48,121.52,15.97,13.6,0.54,40.53,14.43,74.47,1.38,342.84,0.0,28.7
2025-11-14 08:00:00,91.18,124.83,17.86,15.2,0.69,54.11,17.54,64.48,1.23,339.65,0.0,90.38
2025-11-14 09:00:00,86.71,136.86,16.12,13.85,0.48,74.28,21.02,52.24,0.75,181.56,0.0,102.85
2025-11-14 10:00:00,84.39,133.99,19.87,18.96,0.59,86.36,23.18,48.22,0.61,173.93,0.0,118.48
2025-11-14 11:00:00,86.23,150.56,31.27,70.68,0.55,83.21,25.51,44.06,0.42,91.51,0.0,126.78
2025-11-14 12:00:00,83.82,144.37,26.7,68.32,0.43,96.25,26.48,40.95,0.22,143.32,0.0,135.9
2025-11-14 13:00:00,94.38,145.47,14.14,37.38,0.34,110.88,26.8,39.6,0.6,87.23,0.0,143.95
2025-11-14 14:00:00,73.56,131.47,18.26,39.36,0.4,111.93,26.32,40.97,0.39,85.03,0.0,137.05
2025-11-14 15:00:00,72.88,127.04,17.4,32.54,0.36,104.96,25.23,43.04,0.55,131.23,0.0,73.28
2025-11-14 16:00:00,70.69,124.86,38.84,32.77,0.82,75.68,23.22,48.47,0.68,186.27,0.0,16.1
2025-11-14 17:00:00,59.34,117.97,42.2,12.18,1.36,32.1,20.13,56.91,1.11,196.49,0.0,0.0
2025-11-14 18:00:00,65.22,119.34,45.26,11.3,0.87,26.24,17.99,78.38,1.24,264.51,0.0,0.0
2025-11-14 19:00:00,69.54,119.6,37.05,9.96,0.81,8.07,16.58,90.06,1.31,304.88,0.0,0.0
2025-11-14 20:00:00,68.39,111.31,40.82,10.05,1.04,3.82,15.87,91.33,1.28,305.01,0.0,0.0
2025-11-14 21:00:00,74.77,129.93,43.27,12.05,1.47,1.58,15.4,91.2,1.27,312.08,0.0,0.0
2025-11-14 22:00:00,79.21,145.47,40.83,10.17,1.67,4.33,15.32,86.37,1.41,311.68,0.0,0.0
2025-11-14 23:00:00,103.18,154.16,28.98,10.77,1.07,26.92,15.14,84.26,1.37,305.41,0.0,0.0
2025-11-15 00:00:00,90.53,143.47,22.12,10.0,1.08,24.91,14.54,88.82,1.28,312.12,0.0,0.0
2025-11-15 01:00:00,84.02,139.71,16.03,8.53,0.64,28.88,14.08,92.44,1.31,307.9,0.0,0.0
2025-11-15 02:00:00,84.05,131.58,10.14,8.06,0.45,36.79,13.92,88.74,1.33,297.26,0.0,0.0
2025-11-15 03:00:00,77.05,112.85,10.17,8.56,0.46,39.18,13.74,84.31,1.33,307.02,0.0,0.0
2025-11-15 04:00:00,65.65,118.59,10.05,10.07,0.42,40.96,13.72,81.33,1.4,339.01,0.0,0.0
2025-11-15 05:00:00,73.26,116.32,12.05,14.06,0.39,42.3,13.44,79.49,1.58,339.06,0.0,0.0
2025-11-15 06:00:00,73.45,113.8,16.0,15.41,0.4,37.14,12.95,81.01,1.34,326.73,0.0,3.22
2025-11-15 07:00:00,75.46,117.96,16.28,13.86,0.51,37.82,14.78,74.93,1.51,348.6,0.0,40.22
2025-11-15 08:00:00,75.4,124.05,15.58,13.89,0.58,55.36,17.78,65.27,1.36,341.49,0.0,94.15
2025-11-15 09:00:00,82.2,129.39,15.08,15.26,0.51,76.71,20.89,54.01,0.88,343.04,0.0,107.0
2025-11-15 10:00:00,80.98,135.32,11.38,16.4,0.6,85.19,23.64,49.06,0.61,224.42,0.0,122.1
2025-11-15 11:00:00,75.99,135.34,8.27,36.11,0.54,97.82,25.52,44.27,0.66,232.62,0.0,140.45
2025-11-15 12:00:00,70.74,135.23,19.67,64.96,0.4,105.5,26.56,41.04,0.35,138.58,0.0,137.02
2025-11-15 13:00:00,78.71,132.88,21.28,88.43,0.28,98.9,26.77,38.63,0.9,270.52,0.0,138.6
2025-11-15 14:00:00,70.78,124.04,16.05,34.8,0.29,105.43,26.31,40.09,0.69,172.11,0.0,123.1
2025-11-15 15:00:00,67.69,117.18,15.44,30.91,0.28,109.09,25.16,42.44,0.53,313.17,0.0,65.1
2025-11-15 16:00:00,59.06,107.28,53.87,41.03,0.82,78.56,23.28,48.6,0.9,179.91,0.0,16.22
2025-11-15 17:00:00,62.48,109.27,95.53,31.72,1.57,32.67,20.06,58.76,1.26,81.96,0.0,0.0
2025-11-15 18:00:00,63.69,121.78,68.53,18.85,1.22,20.71,17.97,75.17,0.96,297.84,0.0,0.0
2025-11-15 19:00:00,73.21,134.19,31.42,11.8,0.69,11.6,16.83,92.24,1.3,314.53,0.0,0.0
2025-11-15 20:00:00,74.65,122.47,30.81,10.83,0.79,9.18,16.11,93.33,1.1,322.6,0.0,0.0
2025-11-15 21:00:00,77.63,117.93,33.2,10.43,1.03,2.31,15.46,96.71,1.3,307.93,0.0,0.0
2025-11-15 22:00:00,81.86,125.87,54.07,11.06,1.6,2.82,15.39,88.04,1.48,317.89,0.0,0.0
2025-11-15 23:00:00,79.04,135.96,30.97,10.6,0.9,22.24,15.14,80.92,1.45,315.1,0.0,0.0
2025-11-16 00:00:00,79.14,134.1,20.9,11.81,0.91,33.29,14.72,79.94,1.42,311.85,0.0,0.0
2025-11-16 01:00:00,79.96,131.92,18.31,12.98,0.78,37.41,14.5,79.23,1.32,333.01,0.0,0.0
2025-11-16 02:00:00,77.15,131.49,14.21,12.08,0.48,41.73,14.27,75.51,1.33,334.88,0.0,0.0
2025-11-16 03:00:00,75.1,122.63,13.69,11.37,0.68,39.18,13.16,79.1,1.22,226.01,0.0,0.0
2025-11-16 04:00:00,81.93,125.63,13.94,11.96,0.65,37.76,12.72,80.6,1.3,298.86,0.0,0.0
2025-11-16 05:00:00,84.15,123.02,14.3,11.38,0.66,32.79,11.82,85.46,1.03,179.13,0.0,0.0
2025-11-16 06:00:00,78.18,115.11,14.65,10.82,0.66,28.78,11.88,85.15,1.3,307.96,0.0,3.92
2025-11-16 07:00:00,77.38,115.72,15.98,11.92,0.7,32.72,14.35,75.61,1.39,331.77,0.0,45.47
2025-11-16 08:00:00,79.07,126.84,15.93,13.76,0.64,55.91,17.5,62.43,1.31,334.5,0.0,125.58
2025-11-16 09:00:00,77.61,122.93,15.3,16.08,0.55,78.76,20.55,50.22,1.02,174.47,0.0,162.32
2025-11-16 10:00:00,77.15,129.04,16.09,18.56,0.49,92.65,22.7,44.75,0.81,90.74,0.0,161.7
2025-11-16 11:00:00,73.39,130.06,12.53,17.46,0.41,104.39,24.64,39.49,0.9,95.34,0.0,163.1
2025-11-16 12:00:00,68.18,121.83,19.48,49.77,0.34,103.6,25.88,36.1,0.65,266.41,0.0,152.43
2025-11-16 13:00:00,78.96,127.88,37.13,107.38,0.28,85.66,26.12,35.6,0.82,98.32,0.0,171.6
2025-11-16 14:00:00,75.52,128.57,26.61,87.12,0.25,90.4,25.4,36.41,1.3,344.43,0.0,152.45
2025-11-16 15:00:00,68.12,118.04,32.22,88.61,0.27,81.81,24.52,38.49,0.83,323.59,0.0,72.65
2025-11-16 16:00:00,64.79,110.96,38.16,75.17,0.4,70.49,22.4,45.7,0.9,220.73,0.0,18.85
2025-11-16 17:00:00,60.11,111.4,58.6,26.83,1.0,46.72,19.13,54.31,1.27,58.93,0.0,0.0
2025-11-16 18:00:00,59.01,112.35,37.37,14.34,0.73,34.99,17.2,70.83,1.3,59.0,0.0,0.0
2025-11-16 19:00:00,64.95,117.31,30.55,11.31,0.71,12.51,16.08,89.32,1.22,125.27,0.0,0.0
2025-11-16 20:00:00,68.22,117.24,41.27,10.68,1.36,2.63,15.33,92.42,1.19,323.44,0.0,0.0
2025-11-16 21:00:00,74.69,117.46,47.22,11.2,1.42,9.52,14.84,86.05,1.27,315.36,0.0,0.0
2025-11-16 22:00:00,79.89,124.74,30.99,11.06,0.94,34.86,14.58,82.2,1.34,296.96,0.0,0.0
2025-11-16 23:00:00,81.18,127.51,21.82,10.74,0.88,42.41,14.15,80.44,1.15,296.95,0.0,0.0
2025-11-17 00:00:00,75.64,127.04,16.85,11.34,0.79,46.89,13.68,75.58,0.78,246.67,0.0,0.0
2025-11-17 01:00:00,77.13,126.76,14.64,12.88,0.64,53.76,13.63,70.85,0.88,327.52,0.0,0.0
2025-11-17 02:00:00,75.06,122.05,13.54,13.33,0.68,52.58,13.11,72.52,1.09,323.72,0.0,0.0
2025-11-17 03:00:00,78.83,123.27,13.47,13.29,0.67,48.5,12.68,74.79,1.28,319.48,0.0,0.0
2025-11-17 04:00:00,80.75,121.34,12.18,12.77,0.62,48.96,12.19,75.8,1.35,325.5,0.0,0.0
2025-11-17 05:00:00,87.76,123.33,12.97,11.61,0.79,45.22,11.34,80.85,1.39,315.22,0.0,0.0
2025-11-17 06:00:00,87.55,126.22,14.97,11.36,0.84,40.01,11.11,83.61,1.07,246.74,0.0,3.88
2025-11-17 07:00:00,91.91,128.18,17.53,11.48,0.86,38.12,13.18,76.97,1.33,332.04,0.0,45.05
2025-11-17 08:00:00,81.56,128.28,19.2,13.58,0.82,56.42,16.5,65.47,1.27,340.92,0.0,101.95
2025-11-17 09:00:00,81.73,148.44,22.8,15.85,0.8,81.3,19.97,55.48,0.78,310.64,0.0,116.18
2025-11-17 10:00:00,87.45,159.68,22.75,16.28,0.76,94.92,22.18,50.9,0.43,128.0,0.0,130.38
2025-11-17 11:00:00,89.98,159.61,21.02,21.73,0.62,100.07,24.12,45.82,0.51,143.99,0.0,143.9
2025-11-17 12:00:00,81.37,150.2,19.95,27.5,0.51,112.42,25.31,40.98,0.75,173.85,0.0,146.4
2025-11-17 13:00:00,85.02,144.22,14.81,26.74,0.42,117.62,25.58,39.48,0.84,256.19,0.0,144.25
2025-11-17 14:00:00,77.17,131.84,17.69,25.16,0.48,118.13,25.13,40.08,0.64,337.52,0.0,136.78
2025-11-17 15:00:00,69.97,129.57,15.06,30.9,0.42,109.73,24.1,43.24,0.8,167.23,0.0,64.58
2025-11-17 16:00:00,58.32,120.04,40.67,53.63,0.74,67.03,22.13,45.86,0.85,279.11,0.0,15.9
2025-11-17 17:00:00,54.13,114.17,57.58,17.51,1.03,43.01,18.8,55.32,1.28,275.39,0.0,0.0
2025-11-17 18:00:00,50.19,107.82,41.08,12.87,0.78,22.36,16.89,80.32,1.28,300.53,0.0,0.0
2025-11-17 19:00:00,51.45,114.31,37.42,11.37,0.78,8.68,15.56,89.43,1.28,305.08,0.0,0.0
2025-11-17 20:00:00,45.61,107.18,36.67,10.85,0.87,5.68,14.84,92.13,1.3,307.12,0.0,0.0
2025-11-17 21:00:00,58.26,107.5,40.27,11.16,1.19,2.49,14.12,94.95,1.29,305.13,0.0,0.0
2025-11-17 22:00:00,61.15,107.62,45.83,12.05,1.42,12.8,14.53,83.75,1.44,316.8,0.0,0.0
2025-11-17 23:00:00,64.71,120.1,26.51,11.95,1.03,34.08,13.96,84.44,1.34,309.1,0.0,0.0
2025-11-18 00:00:00,72.45,124.38,18.28,13.63,0.72,43.92,14.18,80.2,1.4,336.78,0.0,0.0
2025-11-18 01:00:00,67.23,119.84,15.15,12.88,0.62,50.24,13.84,78.61,1.4,334.82,0.0,0.0
2025-11-18 02:00:00,76.7,119.85,14.16,12.66,0.72,48.71,13.34,79.93,1.02,257.8,0.0,0.0
2025-11-18 03:00:00,73.6,124.79,14.85,12.45,0.91,40.92,12.26,85.22,1.33,320.62,0.0,0.0
2025-11-18 04:00:00,78.42,125.09,14.71,12.45,0.84,40.45,12.22,84.7,1.43,324.23,0.0,0.0
2025-11-18 05:00:00,87.77,132.34,14.77,12.25,0.79,41.55,12.26,83.55,1.55,330.04,0.0,0.0
2025-11-18 06:00:00,96.95,138.17,16.06,12.09,0.97,42.9,12.32,82.89,1.6,333.88,0.0,3.68
2025-11-18 07:00:00,93.63,139.9,17.23,13.13,0.8,45.72,13.79,78.03,1.48,341.73,0.0,45.45
2025-11-18 08:00:00,94.89,144.51,18.87,16.26,0.73,62.44,16.9,67.08,1.21,335.57,0.0,119.4
2025-11-18 09:00:00,90.91,142.26,20.7,17.44,0.7,84.48,20.04,56.13,1.04,263.77,0.0,156.32
2025-11-18 10:00:00,95.78,147.8,21.81,18.6,0.72,96.78,22.44,51.32,0.34,200.82,0.0,168.23
2025-11-18 11:00:00,99.23,149.19,15.54,19.78,0.52,106.56,23.85,46.57,0.78,261.52,0.0,166.15
2025-11-18 12:00:00,91.61,137.73,21.57,22.71,0.47,111.76,25.34,41.5,0.68,234.26,0.0,167.55
2025-11-18 13:00:00,86.62,136.06,19.29,22.93,0.48,115.18,25.9,40.79,0.56,133.65,0.0,168.4
2025-11-18 14:00:00,76.29,137.29,21.68,32.99,0.49,119.9,25.4,41.5,0.74,241.27,0.0,147.6
2025-11-18 15:00:00,77.01,123.85,28.14,55.69,0.5,109.4,24.28,44.02,0.94,306.64,0.0,65.38
2025-11-18 16:00:00,68.46,121.84,51.23,83.37,0.76,66.07,22.12,51.32,1.04,290.67,0.0,15.6
2025-11-18 17:00:00,63.07,117.82,74.01,48.31,1.01,29.45,19.17,69.41,1.25,311.09,0.0,0.0
2025-11-18 18:00:00,64.1,123.22,54.36,25.71,0.8,18.47,17.51,84.34,1.24,316.17,0.0,0.0
2025-11-18 19:00:00,65.19,120.33,58.46,17.02,1.56,2.26,16.56,89.05,1.14,246.59,0.0,0.0
2025-11-18 20:00:00,72.69,126.9,51.53,15.49,1.63,1.23,15.93,91.52,1.31,316.73,0.0,0.0
2025-11-18 21:00:00,83.1,139.44,38.72,12.8,1.13,0.6,14.86,97.2,1.32,307.81,0.0,0.0
2025-11-18 22:00:00,78.9,136.6,49.08,13.1,1.69,4.57,14.93,90.0,1.52,319.73,0.0,0.0
2025-11-18 23:00:00,83.83,143.74,29.78,13.83,1.03,32.66,14.33,84.32,1.35,309.21,0.0,0.0
2025-11-19 00:00:00,83.94,146.01,22.6,13.98,1.05,34.76,13.93,87.26,1.24,302.97,0.0,0.0
2025-11-19 01:00:00,91.95,143.13,21.62,14.26,0.98,34.62,13.58,88.9,0.97,278.17,0.0,0.0
2025-11-19 02:00:00,97.78,147.31,17.46,12.84,0.97,29.53,13.09,94.51,1.31,304.99,0.0,0.0
2025-11-19 03:00:00,88.96,145.57,15.77,12.46,1.02,26.24,12.68,94.94,1.34,302.85,0.0,0.0
2025-11-19 04:00:00,86.16,138.2,15.29,11.9,0.86,26.28,12.39,95.46,1.31,322.45,0.0,0.0
2025-11-19 05:00:00,90.3,136.92,14.26,11.7,0.69,26.25,11.98,96.8,1.36,306.28,0.0,0.0
2025-11-19 06:00:00,78.02,132.15,14.49,11.68,0.91,30.78,12.0,93.48,1.37,317.92,0.0,2.95
2025-11-19 07:00:00,75.96,132.27,17.22,12.36,0.77,34.83,13.88,82.23,1.3,336.68,0.0,42.98
2025-11-19 08:00:00,76.46,135.61,21.26,15.1,0.91,51.8,17.09,70.84,1.4,336.88,0.0,103.4
2025-11-19 09:00:00,83.44,156.3,25.78,17.68,0.98,75.94,20.07,60.4,1.38,333.02,0.0,133.35
2025-11-19 10:00:00,86.82,182.56,27.99,20.25,1.02,98.03,22.71,53.8,0.9,191.89,0.0,133.5
2025-11-19 11:00:00,96.62,195.21,26.67,25.82,0.88,120.58,24.42,48.66,0.96,225.99,0.0,138.98
2025-11-19 12:00:00,97.56,187.69,27.05,81.76,0.7,125.34,25.82,45.02,0.84,327.18,0.0,131.68
2025-11-19 13:00:00,96.21,174.34,32.57,100.62,0.76,131.95,26.2,43.1,0.7,131.88,0.0,143.9
2025-11-19 14:00:00,98.23,175.51,36.96,131.01,0.63,122.93,25.6,45.12,0.95,338.97,0.0,135.65
2025-11-19 15:00:00,90.74,171.47,52.91,171.91,0.56,94.59,24.8,47.72,0.94,338.85,0.0,67.78
2025-11-19 16:00:00,87.91,163.61,49.1,93.58,0.63,74.65,22.41,56.23,1.0,323.14,0.0,13.6
2025-11-19 17:00:00,81.89,159.16,71.53,53.59,1.09,38.6,19.74,73.5,1.03,287.18,0.0,0.0
2025-11-19 18:00:00,81.54,161.1,52.33,23.76,0.89,16.96,17.94,88.91,1.31,328.1,0.0,0.0
2025-11-19 19:00:00,70.86,153.99,40.05,16.56,0.9,7.21,17.0,95.34,1.29,322.35,0.0,0.0
2025-11-19 20:00:00,71.45,151.03,49.64,15.26,1.9,1.98,16.41,96.91,1.27,332.51,0.0,0.0
2025-11-19 21:00:00,81.06,168.23,39.67,13.96,1.4,0.64,15.74,97.1,1.28,306.94,0.0,0.0
2025-11-19 22:00:00,81.21,161.61,47.19,13.43,1.92,0.67,14.84,97.2,1.33,308.36,0.0,0.0
2025-11-19 23:00:00,91.0,167.36,45.54,13.66,1.76,9.56,15.0,92.34,1.41,315.09,0.0,0.0
2025-11-20 00:00:00,95.36,171.33,21.7,13.74,0.92,25.5,14.69,92.89,1.38,310.68,0.0,0.0
2025-11-20 01:00:00,92.35,166.97,15.23,13.14,0.7,30.75,14.18,94.45,1.3,301.29,0.0,0.0
2025-11-20 02:00:00,90.7,155.97,13.46,14.39,0.81,33.27,13.84,96.43,1.35,311.55,0.0,0.0
2025-11-20 03:00:00,88.1,152.0,14.31,14.32,0.76,32.79,13.45,95.4,1.31,320.29,0.0,0.0
2025-11-20 04:00:00,82.61,150.21,14.87,14.06,0.52,33.8,13.35,92.72,1.39,325.86,0.0,0.0
2025-11-20 05:00:00,89.65,145.99,12.99,14.09,0.44,39.67,13.36,89.01,1.36,331.18,0.0,0.0
2025-11-20 06:00:00,85.74,149.84,9.62,13.42,0.7,35.26,13.12,89.49,1.36,333.34,0.0,3.38
2025-11-20 07:00:00,88.16,146.55,10.22,14.2,0.66,32.03,14.52,84.74,1.33,345.02,0.0,47.75
2025-11-20 08:00:00,86.07,148.06,26.49423336936045,19.43,0.79,52.13,17.5,72.78,1.34,346.13,0.0,126.9
2025-11-20 09:00:00,87.77,166.82,31.98,25.14,0.79,79.85,20.58,62.26,1.1,257.41,0.0,145.38
2025-11-20 10:00:00,99.13,189.39,29.3,29.97,0.77,102.95,23.0,56.31,1.16,343.74,0.0,141.98
2025-11-20 11:00:00,101.89,191.67,24.62,45.31,0.62,121.86,25.2,51.11,0.93,336.63,0.0,144.72
2025-11-20 12:00:00,97.97,189.64,18.28,74.84,0.46,134.34,26.1,48.32,0.89,265.59,0.0,153.75
2025-11-20 13:00:00,97.28,194.09,30.69,97.52,0.36,115.83,26.41,46.54,0.9,350.72,0.0,164.98
2025-11-20 14:00:00,98.74,185.27,48.18,137.67,0.34,97.05,26.14,47.46,0.92,169.86,0.0,149.62
2025-11-20 15:00:00,95.12,177.42,36.51,113.92,0.32,96.88,25.23,50.18,0.72,253.29,0.0,75.68
2025-11-20 16:00:00,75.35,169.75,36.45,56.25,0.62,82.16,23.37,57.25,0.99,205.24,0.0,18.5
2025-11-20 17:00:00,80.1,163.23,110.85,33.9,2.28,12.85,20.61,66.99,1.16,216.72,0.0,0.0
2025-11-20 18:00:00,83.85,168.46,58.44,23.17,1.09,25.36,18.62,81.48,1.29,326.98,0.0,0.0
2025-11-20 19:00:00,85.94,167.93,50.0,17.56,1.18,6.75,17.8,90.05,1.3,316.65,0.0,0.0
2025-11-20 20:00:00,90.0,170.5,44.06,15.91,1.06,1.54,16.91,94.76,1.3,327.3,0.0,0.0
2025-11-20 21:00:00,97.22,172.24,39.74,14.82,1.23,1.08,16.21,97.21,1.29,329.84,0.0,0.0
2025-11-20 22:00:00,99.78,169.54,38.34,14.15,1.56,0.56,15.51,97.21,1.29,325.16,0.0,0.0
2025-11-20 23:00:00,101.08,177.92,46.67,14.48,1.91,1.18,15.04,97.3,1.3,311.5,0.0,0.0
2025-11-21 00:00:00,101.53,188.53,33.12,14.4,1.28,13.43,15.01,97.35,1.36,307.43,0.0,0.0
2025-11-21 01:00:00,109.16,198.13,20.47,14.61,1.32,20.51,14.93,97.34,1.39,313.55,0.0,0.0
2025-11-21 02:00:00,109.05,198.18,15.61,13.98,0.98,23.73,14.65,97.34,1.46,320.74,0.0,0.0
2025-11-21 03:00:00,113.2,186.01,14.71,14.79,1.0,28.52,14.6,97.02,1.53,329.56,0.0,0.0
2025-11-21 04:00:00,105.06,180.25,11.88,15.5,0.65,39.22,14.48,93.05,1.53,334.76,0.0,0.0
2025-11-21 05:00:00,84.74,141.63,12.13,14.56,0.55,35.77,13.84,93.96,1.46,323.24,0.0,0.0
2025-11-21 06:00:00,82.87,133.94,13.78,14.63,0.8,34.35,13.7,93.92,1.33,323.73,0.0,2.9
2025-11-21 07:00:00,80.3,132.0,14.41,14.81,0.71,31.22,15.06,88.33,1.36,254.44,0.0,44.05
2025-11-21 08:00:00,77.68,134.84,19.44,19.37,0.82,51.91,18.41,74.16,1.19,255.24,0.0,134.65
2025-11-21 09:00:00,77.91,143.2,25.22,26.8,0.91,83.92,21.87,62.25,0.76,280.07,0.0,152.45
2025-11-21 10:00:00,85.08,161.11,27.41,32.99,0.85,103.73,24.39,56.94,1.12,265.14,0.0,163.05
2025-11-21 11:00:00,88.11,164.71,21.39,43.98,0.68,116.2,26.28,52.5,0.71,280.61,0.0,170.37
2025-11-21 12:00:00,85.22,157.35,23.78,35.52,0.58,108.72,27.58,49.41,0.48,147.76,0.0,161.75
2025-11-21 13:00:00,82.66,149.99,20.29,28.54,0.46,102.56,28.13,48.38,0.55,157.72,0.0,162.22
2025-11-21 14:00:00,72.76,139.18,18.66,27.46,0.4,98.46,27.69,48.65,0.74,188.86,0.0,145.8
2025-11-21 15:00:00,64.26,128.96,19.15,25.25,0.41,92.95,26.5,51.34,0.6,176.65,0.0,68.05
2025-11-21 16:00:00,55.26,109.72,43.32,22.54,0.88,63.74,24.6,58.86,1.04,267.97,0.0,16.45
2025-11-21 17:00:00,42.88,99.59,29.32,18.52,0.8,51.66,21.4,72.66,1.26,196.82,0.0,0.0
2025-11-21 18:00:00,41.36,93.62,89.63,19.95,2.07,9.8,20.0,76.51,1.02,131.23,0.0,0.0
2025-11-21 19:00:00,49.51,111.1,76.74,19.29,1.95,3.28,18.7,87.62,1.25,323.63,0.0,0.0
2025-11-21 20:00:00,57.3,135.54,57.25,17.75,1.58,2.23,17.76,93.43,1.23,249.44,0.0,0.0
2025-11-21 21:00:00,70.34,130.79,51.01,18.57,1.86,4.07,17.11,93.71,1.26,172.81,0.0,0.0
2025-11-21 22:00:00,72.88,142.98,50.09,19.57,2.29,1.62,16.74,94.65,1.32,247.66,0.0,0.0
2025-11-21 23:00:00,95.75,168.39,36.06,25.04,1.23,18.19,16.41,90.66,1.32,302.92,0.0,0.0
2025-11-22 00:00:00,86.85,160.04,23.59,20.92,0.77,23.63,15.97,93.32,1.32,311.48,0.0,0.0
2025-11-22 01:00:00,78.09,146.52,16.08,19.34,0.57,28.09,15.41,95.61,1.3,302.88,0.0,0.0
2025-11-22 02:00:00,70.91,140.47,16.0,16.33,0.74,17.23,15.12,97.34,1.38,318.57,0.0,0.0
2025-11-22 03:00:00,73.74,129.71,13.81,16.31,0.52,25.67,15.09,95.43,1.45,325.14,0.0,0.0
2025-11-22 04:00:00,66.95,119.76,12.78,17.9,0.51,32.26,14.66,92.75,1.31,325.82,0.0,0.0
2025-11-22 05:00:00,68.64,122.53,12.88,16.3,0.5,25.92,13.98,96.86,1.32,328.59,0.0,0.0
2025-11-22 06:00:00,69.91,118.49,14.13,15.61,0.69,25.95,14.31,94.37,1.46,332.37,0.0,3.05
2025-11-22 07:00:00,68.65,122.88,15.8,16.7,0.72,25.04,15.79,88.72,1.46,340.04,0.0,42.2
2025-11-22 08:00:00,71.76,128.78,17.16,23.99,0.72,44.25,18.9,76.68,1.4,339.92,0.0,141.35
2025-11-22 09:00:00,66.62,128.43,19.36,29.48,0.62,70.24,22.27,65.04,1.2,349.72,0.0,162.1
2025-11-22 10:00:00,66.25,128.73,26.08,35.06,0.66,88.42,25.03,58.1,0.98,342.0,0.0,168.02
2025-11-22 11:00:00,64.92,131.49,20.62,26.99,0.34,85.06,27.04,50.58,0.57,114.2,0.0,159.55
2025-11-22 12:00:00,62.05,111.66,18.46,23.66,0.3,91.69,28.16,46.96,0.38,150.38,0.0,165.12
2025-11-22 13:00:00,58.88,92.91,24.1,23.12,0.36,93.29,28.5,45.58,0.64,128.36,0.0,185.62
2025-11-22 14:00:00,56.7,97.03,12.65,24.82,0.26,106.65,27.74,47.01,0.84,88.99,0.0,148.05
2025-11-22 15:00:00,60.06,108.11,13.3,24.29,0.33,115.6,26.66,50.04,0.65,197.13,0.0,65.12
2025-11-22 16:00:00,51.65,104.73,36.4,21.53,0.7,89.4,24.63,57.85,1.25,278.87,0.0,14.8
2025-11-22 17:00:00,50.42,102.76,30.94,17.99,0.72,64.34,21.43,71.18,1.15,325.28,0.0,0.0
2025-11-22 18:00:00,47.81,105.36,48.67,17.11,1.16,21.14,19.77,86.18,1.3,325.39,0.0,0.0
2025-11-22 19:00:00,57.68,115.58,67.27,18.29,2.28,4.06,18.93,87.26,0.95,192.06,0.0,0.0
2025-11-22 20:00:00,68.99,142.27,71.68,19.5,3.88,1.81,18.5,85.31,1.19,338.44,0.0,0.0
2025-11-22 21:00:00,88.65,184.74,61.06,16.94,1.88,1.24,17.74,87.15,1.27,313.24,0.0,0.0
2025-11-22 22:00:00,95.36,177.04,40.94,15.48,1.82,0.74,16.96,93.88,1.21,305.84,0.0,0.0
2025-11-22 23:00:00,92.0,166.81,43.7,16.12,1.8,0.85,16.43,97.08,1.3,305.35,0.0,0.0
2025-11-23 00:00:00,85.26,162.12,45.29,15.69,1.53,1.15,15.94,97.34,1.29,292.32,0.0,0.0
2025-11-23 01:00:00,85.76,164.36,29.7,15.2,1.18,6.64,15.42,97.34,1.27,291.12,0.0,0.0
2025-11-23 02:00:00,86.98,166.48,17.62,15.84,0.86,14.96,15.52,95.07,1.38,321.97,0.0,0.0
2025-11-23 03:00:00,90.13,159.56,15.67,17.6,0.94,18.33,15.34,93.96,1.36,310.67,0.0,0.0
2025-11-23 04:00:00,93.55,151.13,15.87,18.98,0.84,19.71,15.05,93.08,1.38,318.47,0.0,0.0
2025-11-23 05:00:00,95.22,150.96,15.6,20.1,0.63,21.38,14.48,95.44,1.24,304.46,0.0,0.0
2025-11-23 06:00:00,89.27,148.78,2.9,18.37,0.57,17.36,14.21,97.05,1.26,307.35,0.0,2.25
2025-11-23 07:00:00,83.58,141.49,15.66,20.05,0.61,18.59,16.33,89.74,1.33,331.76,0.0,42.62
2025-11-23 08:00:00,85.08,150.61,25.68,25.9,0.68,37.94,19.58,76.14,0.78,261.79,0.0,155.43
2025-11-23 09:00:00,89.04,158.39,27.4,33.68,0.69,63.75,22.9,64.48,0.72,122.82,0.0,181.85
2025-11-23 10:00:00,88.98,158.43,30.27,33.26,0.69,78.98,25.02,58.82,0.8,285.35,0.0,190.2
2025-11-23 11:00:00,88.38,155.61,31.54,30.47,0.59,88.44,26.85,54.12,0.62,210.1,0.0,193.18
2025-11-23 12:00:00,87.06,161.26,21.89,37.86,0.4,101.11,27.52,52.01,0.78,282.27,0.0,191.95
2025-11-23 13:00:00,89.77,149.99,28.87,40.71,0.44,105.29,28.44,47.72,0.44,186.34,0.0,177.22
2025-11-23 14:00:00,84.33,138.15,13.18,36.7,0.22,113.82,28.33,46.89,0.74,196.06,0.0,167.58
2025-11-23 15:00:00,73.06,132.06,20.88,30.42,0.35,98.34,27.0,52.68,0.99,248.77,0.0,67.35
2025-11-23 16:00:00,66.88,124.29,16.05,28.18,0.31,83.24,25.22,58.97,1.01,264.0,0.0,31.68
2025-11-23 17:00:00,62.36,120.04,40.83,29.36,0.78,48.66,22.61,68.49,1.21,313.7,0.0,0.0
2025-11-23 18:00:00,62.02,121.82,59.38,29.75,1.1,22.71,20.83,75.26,1.28,333.4,0.0,0.0
2025-11-23 19:00:00,66.95,131.83,46.08,21.45,0.97,5.93,19.91,87.53,1.29,321.88,0.0,0.0
2025-11-23 20:00:00,78.2,138.96,40.97,21.36,2.26,1.95,19.53,88.22,1.06,315.81,0.0,0.0
2025-11-23 21:00:00,96.59,159.94,34.32,19.02,1.5,0.9,18.76,94.06,1.26,319.75,0.0,0.0
2025-11-23 22:00:00,92.0,160.47,44.9,18.08,1.91,1.04,18.23,96.12,1.27,335.4,0.0,0.0
2025-11-23 23:00:00,92.37,160.82,40.63,16.78,1.57,0.88,17.71,96.68,1.31,303.6,0.0,0.0
2025-11-24 00:00:00,86.6,159.62,36.12,16.11,1.34,2.0,17.29,97.2,1.29,308.75,0.0,0.0
2025-11-24 01:00:00,86.27,157.99,30.86,15.32,1.25,1.6,17.07,97.33,1.34,309.12,0.0,0.0
2025-11-24 02:00:00,95.62,163.35,20.77,15.3,0.82,10.07,17.12,95.82,1.42,317.35,0.0,0.0
2025-11-24 03:00:00,88.65,151.22,16.42,15.79,0.68,13.1,16.72,95.88,1.31,312.55,0.0,0.0
2025-11-24 04:00:00,88.03,142.0,8.44,15.76,0.72,12.64,16.24,97.24,1.13,249.63,0.0,0.0
2025-11-24 05:00:00,90.37,140.38,13.38,15.38,0.63,11.91,16.11,97.2,1.34,314.12,0.0,0.0
2025-11-24 06:00:00,82.8,134.35,9.58,15.41,0.6,11.26,15.89,97.21,1.23,262.75,0.0,2.78
2025-11-24 07:00:00,81.28,128.98,7.8,17.06,0.6,13.96,17.49,93.1,1.2,336.94,0.0,47.8
2025-11-24 08:00:00,73.36,130.38,18.62,25.37,0.6,37.56,20.44,76.19,1.36,342.54,0.0,143.7
2025-11-24 09:00:00,71.69,138.78,17.72,31.93,0.64,62.52,23.34,64.75,0.79,269.14,0.0,162.7
2025-11-24 10:00:00,72.78,143.34,21.28,28.29,0.59,69.48,25.44,59.23,0.39,75.33,0.0,165.75
2025-11-24 11:00:00,76.81,144.26,14.56,29.17,0.37,80.0,26.69,55.92,0.62,213.61,0.0,158.43
2025-11-24 12:00:00,78.72,137.18,21.72,95.96,0.29,81.72,27.84,52.94,0.69,264.64,0.0,158.68
2025-11-24 13:00:00,78.54,133.07,36.14,41.39699606213304,0.36,78.7,28.77,49.59,0.5,85.49,0.0,156.1
2025-11-24 14:00:00,82.79,135.47,24.79,133.32,0.31,88.05,28.29,51.44,0.44,59.1,0.0,152.65
2025-11-24 15:00:00,76.32,134.4,14.33,85.06,0.34,80.02,27.34,55.62,0.61,220.19,0.0,83.3
2025-11-24 16:00:00,67.42,135.37,21.91,49.83,0.62,62.44,25.74,60.44,1.12,39.71,0.0,19.12
2025-11-24 17:00:00,68.05,127.6,43.02,40.28,1.44,26.11,23.14,68.37,1.15,103.56,0.0,0.0
2025-11-24 18:00:00,68.25,127.94,59.92,34.2,1.47,18.16,21.71,73.73,1.28,327.01,0.0,0.0
2025-11-24 19:00:00,75.28,146.48,53.63,25.16,1.79,5.7,20.8,83.38,1.3,329.92,0.0,0.0
2025-11-24 20:00:00,95.35,165.73,45.66,21.08,2.54,1.67,20.28,90.53,1.18,183.27,0.0,0.0
2025-11-24 21:00:00,112.12,175.74,59.62,21.27,2.81,1.3,19.98,87.31,1.27,337.36,0.0,0.0
2025-11-24 22:00:00,104.44,195.5,49.89,18.77,1.95,1.14,19.41,90.8,1.3,323.39,0.0,0.0
2025-11-24 23:00:00,100.51,183.81,30.91,16.14,1.37,0.72,18.52,97.08,1.3,303.63,0.0,0.0
2025-11-25 00:00:00,93.49,163.28,12.1,15.32,1.27,1.3,18.06,97.31,1.3,304.12,0.0,0.0
2025-11-25 01:00:00,90.18,154.32,18.72,15.35,1.27,2.17,17.92,97.32,1.16,253.75,0.0,0.0
2025-11-25 02:00:00,95.88,159.21,19.4,15.4,1.08,4.39,17.62,97.32,1.28,321.33,0.0,0.0
2025-11-25 03:00:00,92.93,163.65,13.09,14.0,0.69,6.02,17.58,97.34,1.43,315.48,0.0,0.0
2025-11-25 04:00:00,90.31,163.05,10.19,14.32,0.61,13.7,17.39,97.15,1.34,321.85,0.0,0.0
2025-11-25 05:00:00,101.31,149.36,10.62,14.19,0.64,11.89,16.77,97.2,1.2,105.35,0.0,0.0
2025-11-25 06:00:00,91.0,144.11,12.89,13.72,0.62,10.61,16.73,97.21,1.13,335.88,0.0,2.55
2025-11-25 07:00:00,92.56,129.11,15.72,14.44,0.7,13.34,18.12,94.72,1.23,332.09,0.0,49.45
2025-11-25 08:00:00,86.44,140.78,17.8,26.18,0.72,42.43,20.98,78.2,0.69,185.49,0.0,133.82
2025-11-25 09:00:00,90.8,152.46,32.33,37.14,0.89,58.51,23.63,67.32,0.56,112.65,0.0,155.52
2025-11-25 10:00:00,100.61,169.28,16.38,38.62,0.76,71.1,25.48,61.78,0.86,159.26,0.0,153.95
2025-11-25 11:00:00,99.59,167.79,26.32660380847421,34.56,0.64,73.49,26.94,59.13,0.71,160.36,0.0,139.43
2025-11-25 12:00:00,99.62,175.6,7.18,31.5,0.42,89.51,27.56,57.81,0.45,76.84,0.0,147.72
2025-11-25 13:00:00,100.36,171.94,15.31,30.05,0.51,88.45,28.45,55.33,0.5,190.82,0.0,157.4
2025-11-25 14:00:00,93.09,170.48,14.77,30.81,0.39,94.53,28.01,57.2,0.62,177.42,0.0,143.05
2025-11-25 15:00:00,92.48,160.73,20.38,30.17,0.55,89.16,27.22,58.58,0.56,157.9,0.0,73.3
2025-11-25 16:00:00,93.08,163.97,33.5,27.96,0.84,72.87,25.8,63.46,0.91,192.47,0.0,20.15
2025-11-25 17:00:00,95.83,164.65,44.52,25.32,1.06,51.97,23.66,70.11,1.24,336.47,0.0,0.0
2025-11-25 18:00:00,91.78,163.31,52.14,24.85,1.34,37.08,22.59,73.18,1.15,44.32,0.0,0.0
2025-11-25 19:00:00,96.42,176.73,56.83,21.64,1.54,22.49,21.5,78.69,1.25,179.27,0.0,0.0
2025-11-25 20:00:00,104.43,180.8,54.19,18.72,1.74,9.24,20.88,85.05,1.06,185.78,0.0,0.0
2025-11-25 21:00:00,111.8,186.04,75.3,21.33,2.48,6.26,21.78,78.27,0.94,205.24,0.0,0.0
2025-11-25 22:00:00,128.73,209.02,71.14,21.78,2.21,11.62,21.0,82.5,0.91,200.21,0.0,0.0
2025-11-25 23:00:00,133.79,219.98,54.98,18.84,1.93,3.07,19.82,91.76,1.18,306.22,0.0,0.0
2025-11-26 00:00:00,127.05,212.66,47.11,17.31,1.97,1.0,19.22,97.08,1.27,312.5,0.0,0.0
2025-11-26 01:00:00,115.65,212.2,33.18,15.72,1.81,0.71,18.63,97.22,1.31,304.44,0.0,0.0
2025-11-26 02:00:00,113.86,207.86,29.62,15.59,1.32,4.2,18.61,97.23,1.41,319.17,0.0,0.0
2025-11-26 03:00:00,120.4,211.47,17.93,15.92,0.68,12.87,18.09,97.23,1.26,318.19,0.0,0.0
2025-11-26 04:00:00,119.79,203.75,11.87,15.14,0.46,15.82,17.93,97.21,1.27,323.34,0.0,0.0
2025-11-26 05:00:00,122.23,192.41,5.91,14.21,0.44,10.5,17.68,97.21,1.25,325.9,0.0,0.0
2025-11-26 06:00:00,106.48,174.92,8.57,13.84,0.54,10.7,17.37,97.24,1.33,317.7,0.0,0.25
2025-11-26 07:00:00,100.48,168.8,10.74,15.0,0.84,14.76,18.24,97.02,1.27,323.07,0.0,37.55
2025-11-26 08:00:00,104.43,173.51,17.86,19.7,0.84,28.68,20.32,84.11,1.0,347.36,0.0,126.07
2025-11-26 09:00:00,97.99,184.49,17.08,28.49,0.64,59.04,22.62,71.33,0.86,279.04,0.0,171.98
2025-11-26 10:00:00,97.74,179.56,17.1,37.7,0.78,79.48,24.66,63.39,0.46,156.65,0.0,180.27
2025-11-26 11:00:00,82.88,149.84,14.03,39.22,0.67,95.34,26.45,59.28,0.33,149.72,0.0,168.1
2025-11-26 12:00:00,88.13,154.16,17.65,39.41,0.56,104.13,27.1,58.4,0.38,239.2,0.0,158.97
2025-11-26 13:00:00,91.08,160.04,22.92,34.91,0.54,98.98,27.86,56.54,0.74,164.52,0.0,174.52
2025-11-26 14:00:00,91.58,165.02,16.07,29.98,0.41,93.88,27.75,57.41,0.44,43.71,0.0,149.07
2025-11-26 15:00:00,84.42,158.07,19.78,26.22,0.51,80.25,27.14,60.05,0.42,170.82,0.0,104.1
2025-11-26 16:00:00,84.62,143.76,41.2,25.25,0.88,56.8,25.86,64.87,0.66,194.07,0.0,32.42
2025-11-26 17:00:00,76.81,139.83,40.51,22.94,0.92,47.42,23.74,70.63,1.12,191.88,0.0,0.05
2025-11-26 18:00:00,77.2,139.86,68.07,22.67,1.9,21.9,22.46,75.1,1.26,67.46,0.0,0.0
2025-11-26 19:00:00,81.7,144.74,68.56,21.46,1.69,18.66,21.9,77.29,1.2,141.06,0.0,0.0
2025-11-26 20:00:00,87.16,159.07,55.59,19.11,1.59,16.37,21.05,82.71,1.2,254.7,0.0,0.0
2025-11-26 21:00:00,98.66,163.25,44.21,17.86,1.42,20.45,21.18,81.47,1.14,44.17,0.0,0.0
2025-11-26 22:00:00,92.14,156.78,41.84,19.0,1.26,33.85,20.96,80.9,1.12,206.27,0.0,0.0
2025-11-26 23:00:00,89.85,165.44,43.52,17.66,1.42,20.7,20.1,87.46,1.15,253.78,0.0,0.0
2025-11-27 00:00:00,89.6,161.04,30.38,17.47,1.12,26.38,20.0,87.84,1.0,319.69,0.0,0.0
2025-11-27 01:00:00,84.31,158.08,29.15,16.09,1.3,9.72,19.19,96.0,1.26,288.33,0.0,0.0
2025-11-27 02:00:00,84.89,159.0,25.51,17.05,1.1,11.32,18.66,97.3,1.32,313.91,0.0,0.0
2025-11-27 03:00:00,88.81,162.0,18.12,16.88,0.78,16.25,18.36,97.33,1.2,312.67,0.0,0.0
2025-11-27 04:00:00,84.07,162.11,15.12,16.06,0.63,18.59,18.12,97.22,1.15,325.9,0.0,0.0
2025-11-27 05:00:00,89.02,158.88,11.55,15.22,0.55,15.69,17.81,97.2,1.13,228.62,0.0,0.0
2025-11-27 06:00:00,85.84,148.44,14.07,15.41,0.6,17.06,17.8,97.2,1.21,108.89,0.0,0.9
2025-11-27 07:00:00,77.43,142.97,18.98,16.09,0.71,17.18,18.62,94.34,1.23,263.98,0.0,35.72
2025-11-27 08:00:00,76.14,142.58,24.64,21.75,0.88,36.12,20.58,81.22,1.28,254.1,0.0,110.87
2025-11-27 09:00:00,77.38,153.32,23.8,33.28,0.84,65.94,22.68,67.86,0.51,111.51,0.0,149.62
2025-11-27 10:00:00,79.51,158.48,21.87,42.09,0.78,87.11,24.06,61.22,0.7,272.66,0.0,165.08
2025-11-27 11:00:00,83.9,160.67,24.82,48.49,0.68,94.71,25.21,58.31,0.57,125.93,0.0,165.23
2025-11-27 12:00:00,81.1,162.83,34.94,171.16,0.62,100.13,26.4,54.5,0.71,201.82,0.0,162.17
2025-11-27 13:00:00,84.56,162.94,19.66,62.46,0.5,111.06,26.71,54.83,0.91,173.15,0.0,154.05
2025-11-27 14:00:00,84.31,165.37,16.45,55.56,0.42,101.04,26.76,56.04,1.01,260.75,0.0,156.95
2025-11-27 15:00:00,76.76,149.57,28.51,92.92,0.47,88.97,26.04,58.82,0.79,314.44,0.0,97.28
2025-11-27 16:00:00,74.3,146.39,28.76,64.88,0.62,76.7,24.94,63.62,0.58,272.93,0.0,28.8
2025-11-27 17:00:00,68.86,138.77,41.4,32.78,1.02,53.66,22.72,71.28,1.11,237.01,0.0,0.08
2025-11-27 18:00:00,71.82,140.09,41.17,22.67,1.1,31.7,21.1,80.65,1.29,320.24,0.0,0.0
2025-11-27 19:00:00,73.74,141.58,33.43,18.06,0.93,6.71,19.82,92.62,1.29,311.93,0.0,0.0
2025-11-27 20:00:00,71.56,134.56,41.47,16.53,1.27,3.29,18.99,94.42,1.24,326.71,0.0,0.0
2025-11-27 21:00:00,74.54,132.34,42.25,15.64,1.67,1.24,18.58,96.15,1.21,319.27,0.0,0.0
2025-11-27 22:00:00,76.28,141.78,36.1,15.67,1.1,20.15,18.38,82.32,1.06,323.06,0.0,0.0
2025-11-27 23:00:00,66.87,129.11,26.45,16.08,0.73,24.38,17.66,84.22,1.01,318.18,0.0,0.0
2025-11-28 00:00:00,57.51,110.2,19.32,15.76,0.5,27.92,17.45,84.63,1.29,305.7,0.0,0.0
2025-11-28 01:00:00,48.8,105.24,10.74,14.34,0.33,38.81,16.95,82.69,1.39,304.91,0.0,0.0
2025-11-28 02:00:00,46.2,86.86,10.1,14.65,0.34,42.97,16.26,80.31,1.43,304.79,0.0,0.0
2025-11-28 03:00:00,42.33,79.74,9.87,15.01,0.33,42.36,15.39,81.6,1.41,305.24,0.0,0.0
2025-11-28 04:00:00,35.31,75.37,9.08,14.77,0.34,45.0,15.02,80.48,1.37,307.22,0.0,0.0
2025-11-28 05:00:00,40.89,75.77,10.04,14.64,0.38,40.2,13.81,84.82,1.28,307.39,0.0,0.0
2025-11-28 06:00:00,40.7,70.3,11.38,15.85,0.39,42.86,13.89,80.96,1.4,305.16,0.0,0.0
2025-11-28 07:00:00,37.42,73.26,14.61,18.5,0.47,43.4,14.53,78.01,1.18,307.18,0.0,19.97
2025-11-28 08:00:00,38.11,83.82,17.38,22.22,0.48,61.56,17.22,64.03,0.96,183.57,0.0,76.47
2025-11-28 09:00:00,39.38,91.67,17.38,22.37,0.44,79.84,19.68,54.61,1.2,264.15,0.0,106.78
2025-11-28 10:00:00,40.84,93.41,20.97,28.11,0.51,88.08,21.84,50.97,0.92,187.27,0.0,131.88
2025-11-28 11:00:00,48.9,98.08,22.86,84.63,0.47,101.62,23.75,46.05,0.83,111.46,0.0,155.05
2025-11-28 12:00:00,46.66,101.4,19.84,90.74,0.36,107.1,24.94,42.58,0.75,275.84,0.0,147.75
2025-11-28 13:00:00,52.72,94.87,20.07,55.44,0.38,110.98,25.62,40.59,0.46,32.98,0.0,144.32
2025-11-28 14:00:00,52.63,96.68,17.47,51.9,0.32,117.46,25.76,39.79,0.69,262.16,0.0,135.43
2025-11-28 15:00:00,49.43,93.46,17.18,65.83,0.28,113.91,24.63,41.14,0.74,255.44,0.0,75.88
2025-11-28 16:00:00,47.28,94.48,21.89,71.97,0.37,100.93,23.28,44.98,0.51,219.35,0.0,23.15
2025-11-28 17:00:00,47.92,89.68,54.7,51.55,0.82,57.18,20.07,51.76,0.93,136.91,0.0,0.02
2025-11-28 18:00:00,44.69,94.14,55.36,26.87,0.99,33.29,17.81,61.41,1.28,329.04,0.0,0.0
2025-11-28 19:00:00,45.28,95.02,56.03,19.0,1.1,10.95,16.66,75.42,1.23,303.4,0.0,0.0
2025-11-28 20:00:00,47.22,98.62,50.77,16.32,1.19,2.96,15.58,85.62,1.3,289.14,0.0,0.0
2025-11-28 21:00:00,51.45,102.96,47.08,16.83,1.23,10.61,15.35,82.0,1.35,295.7,0.0,0.0
2025-11-28 22:00:00,51.72,107.71,40.3,17.2,0.74,31.42,14.89,76.77,1.08,220.41,0.0,0.0
2025-11-28 23:00:00,48.98,99.01,32.58,15.75,0.48,36.73,14.19,81.56,1.26,288.22,0.0,0.0
2025-11-29 00:00:00,45.62,94.36,26.04,16.88,0.66,44.11,13.84,77.28,0.94,326.62,0.0,0.0
2025-11-29 01:00:00,57.6,93.85,21.92,17.34,0.89,41.53,13.22,81.36,0.98,221.36,0.0,0.0
2025-11-29 02:00:00,61.03,97.75,17.6,15.14,0.74,29.04,12.74,85.21,1.42,304.38,0.0,0.0
2025-11-29 03:00:00,61.9,98.35,15.58,15.88,0.82,35.32,13.12,78.67,1.54,319.55,0.0,0.0
2025-11-29 04:00:00,58.16,95.38,14.89,16.76,0.68,44.62,12.55,81.51,1.4,310.1,0.0,0.0
2025-11-29 05:00:00,60.59,96.61,13.61,16.63,0.74,47.11,12.37,82.18,1.41,312.11,0.0,0.0
2025-11-29 06:00:00,60.42,97.93,15.02,17.3,0.59,50.15,11.51,85.66,1.32,293.88,0.0,0.02
2025-11-29 07:00:00,61.92,96.71,17.05,18.11,0.64,49.14,12.99,79.19,1.37,333.52,0.0,25.4
2025-11-29 08:00:00,60.82,98.94,20.04,23.26,0.7,59.57,15.83,69.34,1.33,342.75,0.0,95.18
2025-11-29 09:00:00,63.56,105.98,20.96,30.13,0.7,72.34,19.17,60.51,0.96,173.46,0.0,126.32
2025-11-29 10:00:00,68.73,121.97,22.46,36.32,0.69,91.23,21.54,54.72,1.24,342.21,0.0,134.8
2025-11-29 11:00:00,64.96,120.45,29.15,75.29,0.69,100.0,23.62,49.28,0.49,212.71,0.0,152.5
2025-11-29 12:00:00,58.95,117.23,23.67,111.44,0.49,111.29,24.81,45.42,0.75,218.54,0.0,149.95
2025-11-29 13:00:00,62.35,105.83,15.15,85.41,0.43,117.66,25.25,43.81,0.83,275.76,0.0,156.73
2025-11-29 14:00:00,54.43,99.22,20.92,50.52,0.48,111.02,25.66,43.31,0.57,140.31,0.0,160.82
2025-11-29 15:00:00,50.34,95.88,13.5,37.25,0.39,104.22,24.33,45.32,0.55,258.74,0.0,66.68
2025-11-29 16:00:00,45.89,87.04,24.38,31.38,0.52,78.57,22.93,48.94,0.68,291.93,0.0,31.8
2025-11-29 17:00:00,39.98,86.83,74.26,26.81,1.32,29.39,20.08,58.2,1.15,299.17,0.0,0.8
2025-11-29 18:00:00,40.96,91.07,52.77,21.69,0.97,29.44,17.91,69.15,1.28,319.67,0.0,0.0
2025-11-29 19:00:00,44.57,88.3,34.37,17.44,0.82,13.58,16.93,84.38,1.3,316.28,0.0,0.0
2025-11-29 20:00:00,44.98,95.16,36.52,16.76,0.91,6.35,16.51,84.9,1.3,330.58,0.0,0.0
2025-11-29 21:00:00,44.81786545845669,84.47180783555406,19.486392245612098,17.04841682164542,0.5983319546048915,33.34192758719134,,,,,,
2025-11-29 22:00:00,44.81786545845669,84.47180783555406,19.486392245612098,17.04841682164542,0.5983319546048915,33.34192758719134,,,,,,
2025-11-29 23:00:00,44.81786545845669,84.47180783555406,19.486392245612098,17.04841682164542,0.5983319546048915,33.34192758719134,,,,,,
2025-11-30 00:00:00,44.81786545845669,84.47180783555406,19.486392245612098,17.04841682164542,0.5983319546048915,33.34192758719134,,,,,,
2025-11-30 01:00:00,44.81786545845669,84.47180783555406,19.486392245612098,17.04841682164542,0.5983319546048915,33.34192758719134,,,,,,
2025-11-30 02:00:00,44.81786545845669,84.47180783555406,19.486392245612098,17.04841682164542,0.5983319546048915,33.34192758719134,,,,,,
2025-11-30 03:00:00,44.81786545845669,84.47180783555406,19.486392245612098,17.04841682164542,0.5983319546048915,33.34192758719134,,,,,,
2025-11-30 04:00:00,44.81786545845669,84.47180783555406,19.486392245612098,17.04841682164542,0.5983319546048915,33.34192758719134,,,,,,
2025-11-30 05:00:00,44.81786545845669,84.47180783555406,19.486392245612098,17.04841682164542,0.5983319546048915,33.34192758719134,,,,,,
2025-11-30 06:00:00,44.81786545845669,84.47180783555406,19.486392245612098,17.04841682164542,0.5983319546048915,33.34192758719134,,,,,,
2025-11-30 07:00:00,44.81786545845669,84.47180783555406,19.486392245612098,17.04841682164542,0.5983319546048915,33.34192758719134,,,,,,
2025-11-30 08:00:00,44.81786545845669,84.47180783555406,19.486392245612098,17.04841682164542,0.5983319546048915,33.34192758719134,,,,,,
2025-11-30 09:00:00,44.81786545845669,84.47180783555406,19.486392245612098,17.04841682164542,0.5983319546048915,33.34192758719134,,,,,,
2025-11-30 10:00:00,44.81786545845669,84.47180783555406,19.486392245612098,17.04841682164542,0.5983319546048915,33.34192758719134,,,,,,
2025-11-30 11:00:00,60.77,109.05,25.63,39.48,0.44,94.23,24.67,49.9,0.28,8.07,0.0,193.5
2025-11-30 12:00:00,61.96,112.7,26.88,69.16,0.45,95.22,24.86,49.51,0.46,105.64,0.0,196.7
2025-11-30 13:00:00,65.04,110.68,26.97,76.89,0.5,91.67,24.42,51.66,0.67,254.27,0.0,169.8
2025-11-30 14:00:00,44.81786545845669,84.47180783555406,19.486392245612098,17.04841682164542,0.5983319546048915,33.34192758719134,,,,,,
2025-11-30 15:00:00,44.81786545845669,84.47180783555406,19.486392245612098,17.04841682164542,0.5983319546048915,33.34192758719134,,,,,,
2025-11-30 16:00:00,44.81786545845669,84.47180783555406,19.486392245612098,17.04841682164542,0.5983319546048915,33.34192758719134,,,,,,
2025-11-30 17:00:00,44.81786545845669,84.47180783555406,19.486392245612098,17.04841682164542,0.5983319546048915,33.34192758719134,,,,,,
2025-11-30 18:00:00,44.81786545845669,84.47180783555406,19.486392245612098,17.04841682164542,0.5983319546048915,33.34192758719134,,,,,,
2025-11-30 19:00:00,44.81786545845669,84.47180783555406,19.486392245612098,17.04841682164542,0.5983319546048915,33.34192758719134,,,,,,
2025-11-30 20:00:00,44.81786545845669,84.47180783555406,19.486392245612098,17.04841682164542,0.5983319546048915,33.34192758719134,,,,,,
2025-11-30 21:00:00,44.81786545845669,84.47180783555406,19.486392245612098,17.04841682164542,0.5983319546048915,33.34192758719134,,,,,,
2025-11-30 22:00:00,44.81786545845669,84.47180783555406,19.486392245612098,17.04841682164542,0.5983319546048915,33.34192758719134,,,,,,
2025-11-30 23:00:00,44.81786545845669,84.47180783555406,19.486392245612098,17.04841682164542,0.5983319546048915,33.34192758719134,,,,,,
2025-12-01 00:00:00,44.81786545845669,84.47180783555406,19.486392245612098,17.04841682164542,0.5983319546048915,33.34192758719134,,,,,,
2025-12-01 01:00:00,44.81786545845669,84.47180783555406,19.486392245612098,17.04841682164542,0.5983319546048915,33.34192758719134,,,,,,
2025-12-01 02:00:00,44.81786545845669,84.47180783555406,19.486392245612098,17.04841682164542,0.5983319546048915,33.34192758719134,,,,,,
2025-12-01 03:00:00,44.81786545845669,84.47180783555406,19.486392245612098,17.04841682164542,0.5983319546048915,33.34192758719134,,,,,,
2025-12-01 04:00:00,44.81786545845669,84.47180783555406,19.486392245612098,17.04841682164542,0.5983319546048915,33.34192758719134,,,,,,
2025-12-01 05:00:00,44.81786545845669,84.47180783555406,19.486392245612098,17.04841682164542,0.5983319546048915,33.34192758719134,,,,,,
2025-12-01 06:00:00,44.81786545845669,84.47180783555406,19.486392245612098,17.04841682164542,0.5983319546048915,33.34192758719134,,,,,,
2025-12-01 07:00:00,44.81786545845669,84.47180783555406,19.486392245612098,17.04841682164542,0.5983319546048915,33.34192758719134,,,,,,
2025-12-01 08:00:00,44.81786545845669,84.47180783555406,19.486392245612098,17.04841682164542,0.5983319546048915,33.34192758719134,,,,,,
2025-12-01 09:00:00,44.81786545845669,84.47180783555406,19.486392245612098,17.04841682164542,0.5983319546048915,33.34192758719134,,,,,,
2025-12-01 10:00:00,44.81786545845669,84.47180783555406,19.486392245612098,17.04841682164542,0.5983319546048915,33.34192758719134,,,,,,
2025-12-01 11:00:00,44.81786545845669,84.47180783555406,19.486392245612098,17.04841682164542,0.5983319546048915,33.34192758719134,,,,,,
2025-12-01 12:00:00,67.13,134.62,18.68,89.8,0.45,101.79,26.03,47.78,0.45,207.52,0.0,220.55
2025-12-01 13:00:00,81.64,141.64,14.88,52.16,0.36,104.12,26.67,45.4,0.56,110.74,0.0,226.8
2025-12-01 14:00:00,78.6,131.44,10.37,41.37,0.3,102.86,26.68,45.5,0.63,258.81,0.0,203.38
2025-12-01 15:00:00,66.64,125.21,14.9,114.15,0.36,84.81,25.32,46.99,0.72,186.04,0.0,79.62
2025-12-01 16:00:00,56.37,118.54,30.9,101.14,0.52,66.05,23.75,52.51,0.68,50.68,0.0,19.27
2025-12-01 17:00:00,55.15,125.15,43.91,45.95,1.36,31.36,20.78,60.84,1.11,263.76,0.0,0.0
2025-12-01 18:00:00,56.69,129.88,18.17,25.32,1.21,27.72,18.82,67.6,1.28,319.54,0.0,0.0
2025-12-01 19:00:00,59.6,130.54,66.09,19.49,1.44,4.26,17.87,77.24,1.12,313.42,0.0,0.0
2025-12-01 20:00:00,67.27,142.83,43.36,12.73,1.1,1.62,16.95,87.56,1.29,308.93,0.0,0.0
2025-12-01 21:00:00,73.11,143.37,41.76,14.23,1.29,1.04,16.06,89.75,1.32,305.86,0.0,0.0
2025-12-01 22:00:00,71.26,138.87,61.34,19.32,2.15,1.72,15.62,88.78,1.32,296.86,0.0,0.0
2025-12-01 23:00:00,91.94,179.96,44.08,18.0,1.31,13.92,15.81,84.28,1.28,329.01,0.0,0.0
2025-12-02 00:00:00,87.6,178.2,24.91,15.86,0.94,22.22,15.16,88.93,1.35,302.86,0.0,0.0
2025-12-02 01:00:00,75.36,149.93,21.22,13.72,0.88,14.02,14.52,95.58,1.34,301.82,0.0,0.0
2025-12-02 02:00:00,73.28,137.23,18.16,13.1,0.68,15.44,14.43,95.3,1.44,315.61,0.0,0.0
2025-12-02 03:00:00,74.7,128.08,15.3,13.98,0.62,27.87,14.04,90.04,1.33,304.25,0.0,0.0
2025-12-02 04:00:00,68.79,121.06,15.06,13.77,0.5,31.1,13.9,87.87,1.39,337.23,0.0,0.0
2025-12-02 05:00:00,69.82,110.93,11.32,13.73,0.32,36.52,13.88,85.72,1.5,339.34,0.0,0.0
2025-12-02 06:00:00,61.34,102.13,12.71,13.47,0.34,33.98,13.2,88.66,1.37,308.97,0.0,0.0
2025-12-02 07:00:00,55.94,103.69,15.52,14.13,0.47,31.3,14.41,84.06,1.46,329.48,0.0,26.45
2025-12-02 08:00:00,50.85,100.86,18.95,17.6,0.58,42.15,17.33,74.03,1.31,334.28,0.0,104.08
2025-12-02 09:00:00,51.99,106.13,19.18,21.25,0.47,65.8,20.86,62.39,0.98,260.22,0.0,208.73
2025-12-02 10:00:00,54.34,114.78,20.78,30.28,0.56,81.94,22.93,57.86,0.83,271.12,0.0,203.32
2025-12-02 11:00:00,57.14,119.6,18.76,28.24,0.56,90.78,24.73,52.9,0.71,130.32,0.0,206.5
2025-12-02 12:00:00,62.74,113.8,15.8,44.57,0.28200979219433575,94.75,25.47,50.63,0.86,278.99,0.0,208.42
2025-12-02 13:00:00,62.62,119.6,19.4,60.77,0.21,86.61,26.17,47.83,0.96,262.03,0.0,214.75
2025-12-02 14:00:00,65.96,119.68,11.58,56.58,0.19,91.74,26.13,46.79,1.12,169.67,0.0,203.48
2025-12-02 15:00:00,70.61,124.09,13.153464025584487,30.50385663531933,0.2,83.62,25.06,49.5,1.19,333.6,0.0,75.78
2025-12-02 16:00:00,51.59083471950373,103.35501183760158,40.71,40.543379319070254,0.28,61.19,23.54,54.79,1.05,305.1,0.0,27.07
2025-12-02 17:00:00,62.496556286742106,124.50418712901812,65.94,37.14,1.04,29.21,20.9,63.98,1.25,292.08,0.0,0.12
2025-12-02 18:00:00,49.24,79.52,58.96,25.83,1.05,18.18,18.72,73.92,1.2,316.66,0.0,0.0
2025-12-02 19:00:00,94.56,156.26,50.13,15.68,1.11,3.79,17.54,87.82,1.29,319.79,0.0,0.0
2025-12-02 20:00:00,90.58,156.67,45.5,12.56,1.68,1.29,16.86,92.08,1.3,321.64,0.0,0.0
2025-12-02 21:00:00,96.65,163.94,35.94,13.64,1.34,0.81,15.92,96.39,1.28,314.35,0.0,0.0
2025-12-02 22:00:00,83.41,152.96,38.96,12.95,1.53,0.97,15.32,97.2,1.28,316.41,0.0,0.0
2025-12-02 23:00:00,80.79,144.68,37.73,13.19,1.64,0.77,15.06,97.06,1.38,303.58,0.0,0.0
2025-12-03 00:00:00,68.99,137.16,31.74,12.8,1.1,9.81,15.1,92.91,1.42,307.7,0.0,0.0
2025-12-03 01:00:00,71.09,140.77,20.67,13.29,0.7,25.06,14.34,92.64,1.07,312.33,0.0,0.0
2025-12-03 02:00:00,70.69,137.96,14.38,13.34,0.5,31.72,14.38,89.76,1.46,320.04,0.0,0.0
2025-12-03 03:00:00,67.46,127.22,13.15,12.67,0.46,28.11,13.58,91.95,1.45,319.59,0.0,0.0
2025-12-03 04:00:00,69.7,117.99,12.52,13.28,0.52,30.42,13.19,90.03,1.41,318.92,0.0,0.0
2025-12-03 05:00:00,73.16,115.5,11.48,13.44,0.47,33.76,12.95,88.93,1.32,300.59,0.0,0.0
2025-12-03 06:00:00,71.22,112.22,21.73,13.11,0.5,24.17,12.74,89.55,0.89,215.13,0.0,0.25
2025-12-03 07:00:00,64.93,106.38,23.65,13.36,0.66,21.48,13.67,87.58,1.06,259.22,0.0,30.28
2025-12-03 08:00:00,59.0,109.09,21.54,16.15,0.55,37.21,17.09,72.63,1.15,341.25,0.0,103.58
2025-12-03 09:00:00,53.58,110.32,18.26,19.94,0.32,57.36,19.78,61.65,0.94,261.88,0.0,208.8
2025-12-03 10:00:00,50.78,107.68,19.99,21.93,0.4,69.03,22.26,56.92,0.72,186.24,0.0,216.1
2025-12-03 11:00:00,48.54,107.39,19.12,22.16,0.41,83.85,24.16,54.18,0.79,268.11,0.0,237.82
2025-12-03 12:00:00,54.96,112.88,16.05,22.24,0.33,93.26,25.52,51.52,0.47,113.56,0.0,245.02
2025-12-03 13:00:00,60.14,119.59,10.72,20.54,0.26,93.82,26.06,48.96,0.69,29.83,0.0,253.1
2025-12-03 14:00:00,57.12,111.64,11.8,22.45,0.28,94.87,25.9,48.97,0.67,186.88,0.0,218.05
2025-12-03 15:00:00,58.41,111.86,10.57,20.47,0.26,96.74,24.81,50.78,0.72,194.23,0.0,86.42
2025-12-03 16:00:00,52.72,107.32,15.43,18.8,0.46,85.22,23.68,53.29,0.72,134.8,0.0,26.05
2025-12-03 17:00:00,46.99,103.81,30.06,17.63,0.66,59.23,20.78,61.44,0.85,284.74,0.0,0.02
2025-12-03 18:00:00,53.95,107.45,44.18,16.57,1.06,34.69,18.73,70.4,1.23,269.86,0.0,0.0
2025-12-03 19:00:00,59.69,116.84,63.74,15.26,1.66,11.54,17.63,78.16,1.31,322.23,0.0,0.0
2025-12-03 20:00:00,69.89,131.21,56.81,13.96,1.86,1.68,16.73,88.84,1.3,325.02,0.0,0.0
2025-12-03 21:00:00,84.54,150.56,46.23,12.74,1.52,1.75,15.74,93.42,1.3,308.6,0.0,0.0
2025-12-03 22:00:00,85.19,153.78,35.77,12.25,1.49,2.19,15.18,96.94,1.38,309.16,0.0,0.0
2025-12-03 23:00:00,88.9,152.26,36.01,12.51,1.56,3.31,14.99,96.93,1.34,304.64,0.0,0.0
2025-12-04 00:00:00,87.87,161.65,24.79,13.0,0.81,20.64,15.08,90.57,1.14,312.92,0.0,0.0
2025-12-04 01:00:00,86.45,157.23,17.51,12.45,0.6,26.11,14.4,86.47,1.49,315.27,0.0,0.0
2025-12-04 02:00:00,76.95,141.08,13.45,12.42,0.4,29.06,14.49,82.67,1.56,321.12,0.0,0.0
2025-12-04 03:00:00,68.11,121.51,12.93,12.4,0.43,26.0,13.97,82.96,1.54,314.68,0.0,0.0
2025-12-04 04:00:00,63.52,113.3,11.93,12.36,0.36,26.34,13.42,83.81,1.42,311.85,0.0,0.0
2025-12-04 05:00:00,59.44,102.47,11.8,12.48,0.34,23.93,12.91,85.89,1.34,312.94,0.0,0.0
2025-12-04 06:00:00,47.68,98.72,11.84,12.1,0.31,23.6,12.54,86.72,1.42,310.17,0.0,0.0
2025-12-04 07:00:00,45.24,94.07,22.65,12.34,0.56,14.44,13.19,87.38,1.28,300.92,0.0,20.38
2025-12-04 08:00:00,43.42,91.4,19.6,15.03,0.44,31.51,16.48,72.68,1.25,332.98,0.0,89.22
2025-12-04 09:00:00,55.77,94.26,19.2,18.26,0.36,55.5,20.34,58.33,0.91,177.64,0.0,202.8
2025-12-04 10:00:00,50.44,105.1,19.56,25.24,0.4,65.63,22.25,53.22,1.26,256.44,0.0,210.42
2025-12-04 11:00:00,50.84,105.1,19.24,80.26,0.26,77.19,24.36,46.84,0.72,189.2,0.0,222.85
2025-12-04 12:00:00,51.02,98.39,15.99,40.86,0.16,80.85,25.84,43.91,0.73,198.2,0.0,228.1
2025-12-04 13:00:00,55.78,97.51,18.18,39.59,0.18,82.96,26.16,41.72,0.74,172.56,0.0,227.8
2025-12-04 14:00:00,46.69,91.14,9.28,20.05,0.1,82.5,26.22,41.36,0.92,176.35,0.0,206.52
2025-12-04 15:00:00,42.82,83.84,11.59,29.7,0.11,77.28,24.85,42.64,1.12,335.12,0.0,60.68
2025-12-04 16:00:00,37.2,76.57,21.62,54.82,0.19,66.44,23.46,48.52,0.85,311.36,0.0,18.52
2025-12-04 17:00:00,35.16,80.46,40.86,19.04,0.67,41.08,20.64,58.03,1.17,260.09,0.0,0.0
2025-12-04 18:00:00,37.6,84.62,59.16,15.72,1.02,17.36,18.22,66.8,1.22,304.72,0.0,0.0
2025-12-04 19:00:00,42.38,93.9,56.31,14.51,1.08,5.84,16.97,74.78,1.28,310.2,0.0,0.0
2025-12-04 20:00:00,51.67,102.99,46.22,13.36,1.0,1.58,15.98,82.68,1.28,318.2,0.0,0.0
2025-12-04 21:00:00,57.08,112.76,35.83,12.79,1.18,1.06,15.04,92.25,1.32,308.38,0.0,0.0
2025-12-04 22:00:00,56.1,114.45,38.22,12.83,1.52,0.9,14.65,91.37,1.36,311.62,0.0,0.0
2025-12-04 23:00:00,60.4,120.14,41.99,12.9,1.19,4.58,14.46,89.42,1.29,310.78,0.0,0.0
2025-12-05 00:00:00,61.36,121.14,25.65,12.32,0.84,11.68,13.94,94.9,1.33,294.14,0.0,0.0
2025-12-05 01:00:00,63.4,117.76,19.01,12.3,0.67,18.86,13.48,93.21,1.36,299.35,0.0,0.0
2025-12-05 02:00:00,56.83,108.8,15.14,12.3,0.48,24.46,12.89,91.64,1.14,288.01,0.0,0.0
2025-12-05 03:00:00,57.77,112.97,15.5,12.58,0.43,29.17,12.69,90.07,1.37,305.64,0.0,0.0
2025-12-05 04:00:00,61.72,112.86,12.29,12.5,0.36,34.34,12.82,87.06,1.31,309.94,0.0,0.0
2025-12-05 05:00:00,66.84,111.9,11.4,12.14,0.38,32.33,12.57,88.59,1.46,314.32,0.0,0.0
2025-12-05 06:00:00,71.2,114.08,17.43,12.2,0.47,26.78,12.48,88.78,1.28,284.27,0.0,0.0
2025-12-05 07:00:00,72.17,116.56,20.2,12.43,0.6,25.9,12.92,88.32,1.32,325.53,0.0,18.02
2025-12-05 08:00:00,68.26,112.32,17.84,15.12,0.52,41.54,16.07,75.02,1.3,258.76,0.0,92.07
2025-12-05 09:00:00,66.04,121.09,16.44,18.12,0.4,58.62,19.42,63.75,0.84,95.09,0.0,202.23
2025-12-05 10:00:00,61.78,123.54,17.84,21.97,0.44,66.63,21.45,58.87,0.9,355.06,0.0,189.7
2025-12-05 11:00:00,64.04,118.87,19.97,39.61,0.36,76.14,23.6,52.88,0.56,112.26,0.0,195.52
2025-12-05 12:00:00,64.23,119.28,18.12,58.79,0.29,85.96,24.9,48.46,0.45,256.21,0.0,224.88
2025-12-05 13:00:00,71.27,116.54,19.27,72.09,0.22,79.42,25.28,47.0,1.03,267.24,0.0,221.12
2025-12-05 14:00:00,63.9,115.7,18.23,56.18,0.22,81.09,25.42,47.21,0.68,187.61,0.0,199.8
2025-12-05 15:00:00,56.59,113.42,24.96,75.84,0.19,71.02,24.57,48.63,0.79,268.21,0.0,76.25
2025-12-05 16:00:00,54.11,102.15,30.8,64.42,0.24,57.66,23.29,50.59,0.91,308.86,0.0,23.2
2025-12-05 17:00:00,49.72,98.42,51.29,45.64,0.61,34.78,20.41,59.71,1.13,116.65,0.0,0.15
2025-12-05 18:00:00,50.57,103.88,73.74,25.94,1.4,10.78,18.61,66.74,0.98,254.61,0.0,0.0
2025-12-05 19:00:00,56.52,124.7,72.09,19.04,1.4,17.81,17.8,67.47,1.14,169.66,0.0,0.0
2025-12-05 20:00:00,65.3,140.6,60.67,16.65,1.4,16.87,16.73,72.19,1.18,334.75,0.0,0.0
2025-12-05 21:00:00,71.52,141.42,59.22,16.02,1.38,13.09,16.24,75.52,1.32,311.14,0.0,0.0
2025-12-05 22:00:00,72.64,140.06,48.04,17.05,1.1,19.9,15.57,75.8,1.28,306.0,0.0,0.0
2025-12-05 23:00:00,68.76,138.97,29.03,14.38,0.58,29.87,14.46,82.34,1.31,298.3,0.0,0.0
2025-12-06 00:00:00,64.1,130.74,17.75,13.24,0.39,40.05,13.74,76.86,1.34,295.99,0.0,0.0
2025-12-06 01:00:00,53.0,107.5,16.85,14.54,0.42,44.11,13.66,70.8,1.33,313.02,0.0,0.0
2025-12-06 02:00:00,54.56,96.1,14.4,15.42,0.34,50.86,13.5,70.77,1.32,330.8,0.0,0.0
2025-12-06 03:00:00,54.22,97.37,12.76,15.14,0.32,50.74,13.04,72.77,1.29,317.83,0.0,0.0
2025-12-06 04:00:00,54.51,101.17,12.9,14.42,0.36,46.49,12.12,75.58,1.4,305.68,0.0,0.0
2025-12-06 05:00:00,61.65,101.41,12.97,13.96,0.39,42.6,11.19,78.7,1.33,295.22,0.0,0.0
2025-12-06 06:00:00,59.84,95.93,14.86,14.01,0.39,40.37,10.81,78.75,1.39,309.94,0.0,0.08
2025-12-06 07:00:00,59.95,96.66,17.64,14.18,0.49,38.29,12.1,73.51,1.33,314.16,0.0,25.55
2025-12-06 08:00:00,53.39,96.78,16.58,16.36,0.42,46.58,14.83,63.15,1.4,328.98,0.0,91.8
2025-12-06 09:00:00,54.36,98.38,17.34,16.14,0.36,63.97,18.4,50.5,0.89,182.66,0.0,203.32
2025-12-06 10:00:00,52.56,102.74,17.63,18.74,0.38,75.81,20.72,45.53,0.91,179.34,0.0,209.15
2025-12-06 11:00:00,51.24,102.0,18.31,18.54,0.33,83.67,22.82,43.36,1.01,180.69,0.0,215.73
2025-12-06 12:00:00,55.46,106.82,18.17,19.8,0.33,93.38,24.34,41.02,0.69,119.32,0.0,195.05
2025-12-06 13:00:00,59.86,109.04,17.3,21.78,0.32,99.98,25.03,38.84,0.74,209.94,0.0,203.0
2025-12-06 14:00:00,54.18,101.83,27.78,95.44,0.24,85.88,25.12,37.58,0.8,190.01,0.0,193.3
2025-12-06 15:00:00,50.12,101.61,55.74,184.72,0.2,52.62,24.08,40.81,1.09,330.13,0.0,75.12
2025-12-06 16:00:00,43.99,101.36,44.35,104.3,0.24,52.49,22.5,46.29,0.77,328.0,0.0,30.43
2025-12-06 17:00:00,42.76,102.1,43.32,30.08,0.57,39.96,19.31,56.52,0.86,317.62,0.0,1.1
2025-12-06 18:00:00,42.98,92.96,38.25,17.15,0.59,21.73,16.31,77.02,1.27,310.0,0.0,0.0
2025-12-06 19:00:00,45.71,87.93,53.17,15.65,0.89,5.53,15.02,81.04,1.28,305.71,0.0,0.0
2025-12-06 20:00:00,43.88,91.8,42.6,13.84,0.86,1.01,13.79,88.7,1.31,296.52,0.0,0.0
2025-12-06 21:00:00,51.5,97.16,42.92,14.14,1.13,0.68,12.86,88.5,1.33,304.73,0.0,0.0
2025-12-06 22:00:00,55.14,108.89,44.38,14.49,1.48,2.01,13.06,85.42,1.25,326.93,0.0,0.0
2025-12-06 23:00:00,60.64,122.92,43.02,14.06,1.02,10.56,13.03,81.5,1.37,303.32,0.0,0.0
2025-12-07 00:00:00,56.89,120.67,32.94,14.26,0.95,17.44,12.22,82.89,1.28,306.09,0.0,0.0
2025-12-07 01:00:00,57.77,120.14,25.52,13.46,0.88,15.52,11.7,88.78,1.38,301.13,0.0,0.0
2025-12-07 02:00:00,56.04,111.94,18.61,16.1,0.51,29.88,11.64,75.11,0.9,308.38,0.0,0.0
2025-12-07 03:00:00,52.42,102.42,17.56,14.42,0.5,26.15,10.55,81.65,1.3,295.26,0.0,0.0
2025-12-07 04:00:00,54.99,102.06,16.98,14.3,0.45,25.01,10.36,81.74,1.25,306.06,0.0,0.0
2025-12-07 05:00:00,56.43,100.59,14.85,13.83,0.37,25.93,9.92,86.54,1.35,307.06,0.0,0.0
2025-12-07 06:00:00,54.32,99.69,15.92,14.76,0.55,28.96,10.06,81.43,1.28,321.97,0.0,0.0
2025-12-07 07:00:00,54.88,91.5,17.02,17.24,0.46,29.45,11.15,75.55,1.3,333.72,0.0,15.0
2025-12-07 08:00:00,54.24,94.93,18.05,24.24,0.42,41.81,14.7,63.47,1.5,350.51,0.0,80.43
2025-12-07 09:00:00,53.08,95.02,16.64,21.94,0.4,65.8,18.34,53.68,1.41,347.5,0.0,185.25
2025-12-07 10:00:00,51.78,97.8,17.8,20.64,0.42,79.72,20.89,47.69,1.12,355.16,0.0,185.98
2025-12-07 11:00:00,51.95,104.27,22.42,41.01,0.46,83.4,23.65,42.8,0.66,204.51,0.0,195.58
2025-12-07 12:00:00,56.39,104.3,23.94,49.58,0.45,95.36,25.36,38.75,0.5,212.71,0.0,217.5
2025-12-07 13:00:00,56.52,109.68,19.19,41.47,0.31,91.66,26.59,35.01,0.43,57.27,0.0,223.88
2025-12-07 14:00:00,48.64,101.72,17.75,53.56,0.23,89.09,26.81,33.58,0.32,148.42,0.0,204.62
2025-12-07 15:00:00,41.2,89.8,24.68,53.67,0.28,78.25,25.74,34.16,0.68,93.6,0.0,99.52
2025-12-07 16:00:00,27.84,83.0,50.65,44.54,0.69,48.51,23.96,41.06,1.01,164.82,0.0,26.35
2025-12-07 17:00:00,24.96,84.97,69.62,30.76,1.2,28.55,19.76,50.93,1.21,232.51,0.0,0.0
2025-12-07 18:00:00,29.28,88.5,42.94,26.57,0.77,34.76,17.49,58.06,1.31,325.22,0.0,0.0
2025-12-07 19:00:00,24.82,91.77,53.29,17.74,1.04,4.46,15.87,79.12,1.34,314.82,0.0,0.0
2025-12-07 20:00:00,20.27,100.67,45.8,15.7,0.96,2.32,14.5,84.69,1.32,305.21,0.0,0.0
2025-12-07 21:00:00,18.22,106.95,56.47,17.04,1.44,1.57,13.93,80.53,1.41,315.21,0.0,0.0
2025-12-07 22:00:00,16.15,119.29,52.01,16.7,1.31,5.14,14.33,75.3,1.34,323.37,0.0,0.0
2025-12-07 23:00:00,13.6,128.32,37.67,15.67,0.93,9.16,13.34,84.28,1.27,314.07,0.0,0.0
2025-12-08 00:00:00,10.63,130.1,34.42,14.71,1.11,5.97,12.5,91.56,1.2,234.12,0.0,0.0
2025-12-08 01:00:00,10.81,129.16,27.26,14.29,1.2,8.12,12.14,88.43,1.2,252.32,0.0,0.0
2025-12-08 02:00:00,8.1,114.26,22.56,14.05,0.75,11.08,11.56,87.08,1.21,303.44,0.0,0.0
2025-12-08 03:00:00,6.39,108.58,15.6,14.17,0.46,19.23,11.27,83.88,1.33,306.68,0.0,0.0
2025-12-08 04:00:00,6.63,99.98,12.65,14.65,0.31,24.06,11.01,82.91,1.39,310.29,0.0,0.0
2025-12-08 05:00:00,11.1,90.4,12.73,14.52,0.35,24.21,10.92,80.58,1.44,322.77,0.0,0.0
2025-12-08 06:00:00,12.03,87.2,13.05,15.22,0.33,30.85,10.61,79.61,1.31,302.56,0.0,0.0
2025-12-08 07:00:00,22.76,79.93,17.15,16.05,0.39,30.48,11.4,78.09,0.89,248.2,0.0,5.88
2025-12-08 08:00:00,23.9,76.81,21.47,18.85,0.51,35.15,14.81,67.42,1.11,259.39,0.0,53.62
2025-12-08 09:00:00,41.18,95.11,21.47,29.04,0.46,54.3,19.98,50.64,0.94,266.12,0.0,170.6
2025-12-08 10:00:00,52.95,164.07,19.51,19.82,0.4,66.21,23.06,39.73,0.81,196.94,0.0,184.58
2025-12-08 11:00:00,49.34,123.95,17.55,19.38,0.37,73.26,25.0,33.82,0.89,266.05,0.0,205.92
2025-12-08 12:00:00,57.9,109.49,23.13,19.37,0.39,79.06,26.6,32.99,0.42,47.72,0.0,225.23
2025-12-08 13:00:00,58.12,103.48,11.74,13.99,0.18,76.64,27.42,30.24,1.0,258.3,0.0,209.98
2025-12-08 14:00:00,52.96,93.25,13.29,13.57,0.17,66.62,27.91,30.19,0.74,223.84,0.0,195.18
2025-12-08 15:00:00,37.18,70.08,15.52,14.94,0.19,64.29,26.56,32.19,0.47,220.06,0.0,45.9
2025-12-08 16:00:00,31.77,62.49,33.71,14.71,0.45,41.88,24.77,37.57,0.77,225.0,0.0,11.8
2025-12-08 17:00:00,25.62,66.82,57.8,14.89,0.92,16.27,20.79,47.9,1.21,186.32,0.0,0.0
2025-12-08 18:00:00,33.31,66.71,46.18,14.83,0.75,10.36,17.64,67.54,1.28,320.82,0.0,0.0
2025-12-08 19:00:00,30.36,71.61,44.08,14.59,0.88,2.65,16.12,77.31,1.35,316.81,0.0,0.0
2025-12-08 20:00:00,41.05,78.46,35.26,14.47,1.15,0.96,15.1,82.1,1.31,312.35,0.0,0.0
2025-12-08 21:00:00,45.08,87.98,38.68,14.59,1.12,0.63,14.68,75.67,1.34,307.34,0.0,0.0
2025-12-08 22:00:00,44.5,90.21,41.51,14.72,0.85,4.52,14.38,74.64,1.28,304.95,0.0,0.0
2025-12-08 23:00:00,49.8,96.47,28.02,14.46,0.62,14.98,14.32,71.59,1.38,299.06,0.0,0.0
2025-12-09 00:00:00,43.17,87.1,21.49,15.52,0.54,23.13,14.18,67.06,1.4,304.67,0.0,0.0
2025-12-09 01:00:00,44.61,84.83,16.09,15.41,0.49,27.86,13.94,65.12,1.42,325.75,0.0,0.0
2025-12-09 02:00:00,41.24,78.58,11.47,15.6,0.29,31.82,13.75,62.02,1.4,330.14,0.0,0.0
2025-12-09 03:00:00,44.13,78.32,14.18,18.65,0.39,32.08,13.22,62.68,1.19,321.7,0.0,0.0
2025-12-09 04:00:00,47.26,75.9,20.04,19.84,0.46,25.7,12.08,66.82,1.44,329.36,0.0,0.0
2025-12-09 05:00:00,48.22,81.98,13.42,18.48,0.27,30.86,11.82,67.54,1.5,322.18,0.0,0.0
2025-12-09 06:00:00,50.82,76.5,14.71,15.76,0.36,25.79,10.88,72.43,1.48,314.66,0.0,0.0
2025-12-09 07:00:00,50.65,73.98,17.28,15.62,0.48,22.36,11.74,72.54,1.31,326.62,0.0,9.07
2025-12-09 08:00:00,44.81,78.42,17.33,18.56,0.48,33.52,15.68,62.3,1.08,255.52,0.0,50.78
2025-12-09 09:00:00,48.86,85.8,20.18,18.04,0.43,50.81,20.37,47.82,1.08,177.48,0.0,175.2
2025-12-09 10:00:00,49.76,99.89,13.98,18.19,0.34,65.67,23.22,41.94,1.2,265.12,0.0,206.8
2025-12-09 11:00:00,44.32,86.9,10.9,18.06,0.21,67.63,25.42,38.64,1.09,176.04,0.0,210.55
2025-12-09 12:00:00,40.68,84.16,9.03,16.47,0.12,70.7,26.83,33.85,0.99,179.4,0.0,212.22
2025-12-09 13:00:00,33.53,73.37,7.3,15.42,0.08,71.36,27.54,32.45,0.97,347.87,0.0,214.72
2025-12-09 14:00:00,23.44,70.21,8.8,21.86,0.08,72.66,27.68,33.43,0.8,185.64,0.0,203.58
2025-12-09 15:00:00,32.2,61.63,9.28,20.62,0.1,70.81,26.58,34.58,0.61,85.25,0.0,50.97
2025-12-09 16:00:00,31.09,53.09,44.96,16.02,0.66,34.78,24.9,38.59,0.82,151.3,0.0,11.6
2025-12-09 17:00:00,26.22,49.9,44.46,15.14,0.68,27.05,20.85,48.25,1.19,309.01,0.0,0.0
2025-12-09 18:00:00,28.17,63.12,56.08,16.06,1.19,9.33,17.97,65.48,1.26,323.38,0.0,0.0
2025-12-09 19:00:00,39.54,82.64,48.78,15.78,1.31,1.86,16.64,75.03,1.31,322.69,0.0,0.0
2025-12-09 20:00:00,44.87,89.47,37.57,15.43,1.57,1.02,15.55,78.75,1.31,322.19,0.0,0.0
2025-12-09 21:00:00,49.62,97.92,51.63,16.31,1.27,1.88,15.26,67.6,1.01,329.56,0.0,0.0
2025-12-09 22:00:00,55.4,100.71,49.01,16.86,1.1,6.82,14.68,67.88,1.22,324.3,0.0,0.0
2025-12-09 23:00:00,54.22,105.56,20.67,14.56,0.47,23.74,14.01,66.33,1.2,302.84,0.0,0.0
2025-12-10 00:00:00,46.26,81.43,15.41,14.73,0.36,27.97,13.34,66.4,1.27,311.43,0.0,0.0
2025-12-10 01:00:00,41.86,72.79,14.89,14.95,0.33,27.9,12.89,66.16,1.19,295.47,0.0,0.0
2025-12-10 02:00:00,47.14,73.51,11.6,17.23,0.23,35.0,13.33,60.6,1.26,322.51,0.0,0.0
2025-12-10 03:00:00,44.51,73.63,10.1,18.77,0.22,37.91,12.87,62.1,1.09,302.54,0.0,0.0
2025-12-10 04:00:00,44.66,70.85,12.3,17.11,0.32,32.26,11.73,67.65,0.72,257.07,0.0,0.0
2025-12-10 05:00:00,48.21,71.58,18.71,15.5,0.63,22.93,10.28,75.33,0.83,210.37,0.0,0.0
2025-12-10 06:00:00,49.31,68.0,17.31,14.58,0.48,17.53,9.69,83.84,1.2,307.6,0.0,0.0
2025-12-10 07:00:00,57.17,69.84,14.45,14.33,0.35,15.59,10.58,85.2,1.27,327.18,0.0,8.32
2025-12-10 08:00:00,48.24,69.59,21.87,17.97,0.56,27.53,14.92,65.26,1.0,170.2,0.0,47.65
2025-12-10 09:00:00,50.12,85.21,24.85,19.72,0.53,53.89,19.36,48.45,1.18,263.16,0.0,180.98
2025-12-10 10:00:00,55.44,100.93,20.1,20.83,0.42,65.88,22.36,41.77,0.95,260.92,0.0,189.92
2025-12-10 11:00:00,52.57,100.65,13.67,18.28,0.22,69.29,24.61,35.37,1.07,352.09,0.0,194.08
2025-12-10 12:00:00,50.44,102.18,12.96,16.88,0.17,69.77,25.65,33.82,0.9,194.29,0.0,192.97
2025-12-10 13:00:00,44.7,87.52,21.02,77.8,0.08,58.44,26.8,30.46,0.86,107.9,0.0,186.88
2025-12-10 14:00:00,39.48,74.54,32.78,99.5,0.09,48.06,26.92,29.19,0.53,139.62,0.0,173.58
2025-12-10 15:00:00,29.13,69.13,28.49,80.36,0.1,51.36,25.31,30.7,0.72,267.33,0.0,52.38
2025-12-10 16:00:00,28.94,65.18,39.97,77.48,0.26,38.25,23.5,35.48,0.48,248.07,0.0,12.45
2025-12-10 17:00:00,30.24,63.06,58.93,44.71,0.75,16.69,19.74,45.06,1.21,134.67,0.0,0.0
2025-12-10 18:00:00,36.56,67.32,51.13,22.18,0.61,8.65,16.62,65.84,1.33,313.52,0.0,0.0
2025-12-10 19:00:00,29.26,72.05,39.82,16.72,0.53,5.4,14.91,71.82,1.32,304.27,0.0,0.0
2025-12-10 20:00:00,34.27,73.17,38.56,15.01,0.71,1.38,13.8,77.44,1.34,309.43,0.0,0.0
2025-12-10 21:00:00,36.4,74.1,36.8,11.49,1.08,1.09,13.08,82.36,1.36,316.87,0.0,0.0
2025-12-10 22:00:00,48.58,83.34,34.69,11.97,1.2,0.56,12.42,80.04,1.42,313.68,0.0,0.0
2025-12-10 23:00:00,49.11,88.74,34.11,13.72,0.88,9.22,13.15,68.63,1.42,325.41,0.0,0.0
2025-12-11 00:00:00,48.39,91.14,16.31,16.2,0.31,24.28,12.68,66.54,1.3,292.83,0.0,0.0
2025-12-11 01:00:00,46.14,78.26,14.29,16.47,0.34,24.49,12.26,67.85,1.44,309.63,0.0,0.0
2025-12-11 02:00:00,46.21,77.98,15.26,15.95,0.57,22.74,11.74,71.74,1.4,305.13,0.0,0.0
2025-12-11 03:00:00,46.96,82.26,13.38,16.3,0.52,22.75,10.95,73.1,1.35,295.71,0.0,0.0
2025-12-11 04:00:00,48.08,79.77,14.32,16.45,0.36,25.45,10.8,69.84,1.3,316.38,0.0,0.0
2025-12-11 05:00:00,47.74,73.34,14.59,18.05,0.4,25.84,10.41,72.1,1.34,294.36,0.0,0.0
2025-12-11 06:00:00,50.05,75.9,23.13,18.3,0.57,17.44,9.64,80.11,1.32,307.39,0.0,0.0
2025-12-11 07:00:00,54.71,76.07,16.2,15.67,0.36,19.53,11.51,72.01,1.4,328.52,0.0,9.57
2025-12-11 08:00:00,47.54,70.58,20.42,25.31,0.45,34.0,15.27,59.98,1.56,263.67,0.0,48.55
2025-12-11 09:00:00,46.15,80.58,20.98,21.72,0.44,54.74,19.25,50.06,1.12,346.24,0.0,155.9
2025-12-11 10:00:00,50.88,89.6,18.61,20.17,0.44,71.39,22.17,43.84,0.86,175.84,0.0,183.02
2025-12-11 11:00:00,57.34,93.4,17.3,21.16,0.41,80.9,24.41,39.42,0.55,143.65,0.0,192.8
2025-12-11 12:00:00,51.57,92.76,16.35,22.18,0.37,86.08,25.73,35.26,0.64,208.8,0.0,200.58
2025-12-11 13:00:00,49.86,93.22,35.7,57.73,0.44,76.71,27.2,32.55,0.46,293.95,0.0,186.8
2025-12-11 14:00:00,50.7,86.98,27.61,57.66,0.34,85.2,27.06,32.24,0.51,66.33,0.0,176.18
2025-12-11 15:00:00,46.0,87.78,27.69,64.49,0.33,85.08,25.24,33.65,0.53,189.38,0.0,57.18
2025-12-11 16:00:00,41.98,87.46,53.61,58.05,0.73,54.69,23.42,40.97,0.77,215.85,0.0,14.62
2025-12-11 17:00:00,46.99,88.75,68.75,55.42,0.94,21.26,19.71,52.48,1.25,335.1,0.0,0.0
2025-12-11 18:00:00,58.1,105.73,78.32,46.58,1.52,8.4,17.17,61.38,1.29,325.23,0.0,0.0
2025-12-11 19:00:00,58.14,114.76,61.12,32.5,2.18,2.49,15.73,71.34,1.32,305.25,0.0,0.0
2025-12-11 20:00:00,69.24,132.73,56.22,25.33,1.05,1.2,14.5,76.84,1.33,306.42,0.0,0.0
2025-12-11 21:00:00,63.2,128.67,52.5,21.15,1.25,0.99,13.85,79.52,1.32,298.41,0.0,0.0
2025-12-11 22:00:00,71.96,140.26,61.73,35.78,2.28,2.01,13.42,74.84,1.3,307.49,0.0,0.0
2025-12-11 23:00:00,106.18,184.83,54.88,23.37,1.31,2.26,13.16,77.05,1.35,292.0,0.0,0.0
2025-12-12 00:00:00,101.84,177.46,36.32,19.8,0.87,8.7,12.84,78.2,1.35,301.27,0.0,0.0
2025-12-12 01:00:00,98.73,157.99,28.71,18.3,0.93,12.11,13.05,78.61,1.53,323.04,0.0,0.0
2025-12-12 02:00:00,102.46,155.03,17.6,18.05,0.56,16.96,12.68,80.65,1.4,305.64,0.0,0.0
2025-12-12 03:00:00,91.87,127.75,13.69,17.98,0.34,20.85,12.24,80.77,1.39,316.59,0.0,0.0
2025-12-12 04:00:00,79.0,102.29,14.44,19.16,0.48,23.08,12.36,74.2,1.58,326.14,0.0,0.0
2025-12-12 05:00:00,68.87,93.79,17.86,19.43,0.51,21.02,11.46,77.13,1.37,313.12,0.0,0.0
2025-12-12 06:00:00,76.23,93.91,14.86,18.94,0.23,19.57,10.93,82.43,1.26,302.03,0.0,0.0
2025-12-12 07:00:00,62.92,85.66,14.73,17.42,0.38,20.82,12.52,76.32,1.54,342.61,0.0,11.8
2025-12-12 08:00:00,60.18,81.0,20.41,26.06,0.47,29.62,15.96,64.18,1.67,349.05,0.0,53.35
2025-12-12 09:00:00,64.78,103.39,18.19,26.24,0.42,50.23,19.89,54.54,1.32,256.83,0.0,176.02
2025-12-12 10:00:00,68.27,111.48,17.52,21.94,0.34,65.01,23.06,45.6,0.98,263.02,0.0,183.32
2025-12-12 11:00:00,58.63,103.76,18.56,28.89,0.32,73.09,25.16,40.87,1.08,265.03,0.0,187.08
2025-12-12 12:00:00,54.39,99.48,16.28,26.66,0.14,77.78,26.44,35.04,1.08,344.1,0.0,187.65
2025-12-12 13:00:00,54.38,92.28,20.36,63.77,0.2,84.71,27.24,34.58,0.88,263.44,0.0,184.95
2025-12-12 14:00:00,38.07,87.25,56.25,148.77,0.32,56.57,27.52,33.05,0.72,164.42,0.0,173.3
2025-12-12 15:00:00,42.89,85.56,57.1,178.61,0.15,36.88,25.88,36.39,0.86,251.72,0.0,61.9
2025-12-12 16:00:00,47.14,85.52,57.56,142.08,0.26,29.44,24.33,41.2,1.26,299.32,0.0,19.8
2025-12-12 17:00:00,43.28,93.31,58.74,83.13,0.58,21.57,20.82,49.68,0.98,280.18,0.0,0.08
2025-12-12 18:00:00,50.11,94.08,55.61,35.14,0.64,11.37,17.8,65.6,1.27,311.96,0.0,0.0
2025-12-12 19:00:00,46.01,83.45,50.37,23.17,1.02,3.64,16.42,76.28,1.35,313.09,0.0,0.0
2025-12-12 20:00:00,48.49,95.47,35.23,16.2,1.1,1.23,15.46,85.99,1.3,320.49,0.0,0.0
2025-12-12 21:00:00,53.89,96.18,25.1,15.64,1.94,1.09,14.88,88.73,1.33,315.47,0.0,0.0
2025-12-12 22:00:00,60.57,105.13,37.42,18.21,1.73,0.77,13.55,86.15,1.35,305.1,0.0,0.0
2025-12-12 23:00:00,56.82,133.96,53.79,15.47,1.56,2.48,14.09,76.06,1.48,315.21,0.0,0.0
2025-12-13 00:00:00,69.94,141.28,32.1,18.1,0.9,9.64,13.66,81.03,1.29,317.04,0.0,0.0
2025-12-13 01:00:00,73.41,129.17,23.52,17.62,0.8,15.88,12.62,84.07,1.3,316.59,0.0,0.0
2025-12-13 02:00:00,70.73,120.27,18.8,16.88,0.87,15.57,12.12,86.96,1.16,254.98,0.0,0.0
2025-12-13 03:00:00,83.09,112.16,15.0,16.0,0.68,11.23,12.14,89.2,1.22,311.45,0.0,0.0
2025-12-13 04:00:00,89.49,109.4,12.93,16.54,0.36,17.64,11.48,87.62,1.28,307.88,0.0,0.0
2025-12-13 05:00:00,77.86,89.86,15.16,18.01,0.31,20.03,11.12,83.68,1.38,310.06,0.0,0.0
2025-12-13 06:00:00,69.15,91.32,15.45,18.57,0.31,19.64,11.27,81.72,1.42,323.56,0.0,0.0
2025-12-13 07:00:00,63.63,82.09,17.28,14.26,0.39,15.94,11.9,81.87,1.55,325.26,0.0,11.25
2025-12-13 08:00:00,60.34,85.18,16.16,19.07,0.45,30.04,15.4,66.68,1.53,347.6,0.0,48.98
2025-12-13 09:00:00,61.33,94.34,19.3,22.86,0.49,48.76,19.42,54.46,1.09,255.94,0.0,141.38
2025-12-13 10:00:00,63.36,102.57,21.17,21.96,0.46,67.44,22.35,47.19,1.06,257.11,0.0,151.3
2025-12-13 11:00:00,57.96,103.78,24.18,28.27,0.51,81.19,24.81,41.49,0.58,211.17,0.0,161.75
2025-12-13 12:00:00,58.74,106.06,22.94,71.39,0.33,83.23,26.26,37.86,0.81,186.86,0.0,170.75
2025-12-13 13:00:00,57.01,103.26,20.54,61.39,0.18,76.86,27.09,34.76,0.77,176.86,0.0,170.2
2025-12-13 14:00:00,52.03,90.04,17.701512415798575,70.26,0.09,66.46,26.88,34.52,1.04,326.05,0.0,155.65
2025-12-13 15:00:00,40.94,80.74,47.04,125.24,0.06,41.7,25.8,36.16,1.23,325.71,0.0,58.65
2025-12-13 16:00:00,48.59,76.47,0.11,153.35,0.1,31.56,24.24,40.0,1.19,232.46,0.0,15.32
2025-12-13 17:00:00,45.87,76.76,29.191699145914843,55.16,0.69,22.68,20.51,49.75,1.13,223.24,0.0,0.0
2025-12-13 18:00:00,46.14,79.28,29.51,25.64,0.44,12.77,17.48,69.36,1.3,316.04,0.0,0.0
2025-12-13 19:00:00,55.49,80.35,46.28,20.28,0.91,6.71,16.23,72.2,1.31,314.02,0.0,0.0
2025-12-13 20:00:00,57.62,88.88,36.49,18.18,1.18,1.61,15.34,82.45,1.16,321.04,0.0,0.0
2025-12-13 21:00:00,57.59,94.1,33.71,14.92,1.39,0.82,14.36,79.96,1.33,311.97,0.0,0.0
2025-12-13 22:00:00,59.47,106.54,43.99,18.28,1.13,1.43,14.3,74.71,1.43,312.6,0.0,0.0
2025-12-13 23:00:00,58.21,112.28,37.95,17.79,0.82,7.12,14.08,74.67,1.41,317.09,0.0,0.0
2025-12-14 00:00:00,56.24,106.29,24.15,16.34,0.66,10.05,13.41,82.65,1.37,303.5,0.0,0.0
2025-12-14 01:00:00,58.22,97.11,18.47,16.06,0.62,11.38,12.74,86.08,1.34,304.94,0.0,0.0
2025-12-14 02:00:00,55.97,89.76,14.69,15.82,0.66,10.54,12.33,89.28,1.41,313.15,0.0,0.0
2025-12-14 03:00:00,58.54,82.84,15.84,16.47,0.74,14.5,12.2,81.61,1.44,310.97,0.0,0.0
2025-12-14 04:00:00,62.16,81.59,16.53,17.84,0.75,17.38,11.66,81.1,1.25,299.7,0.0,0.0
2025-12-14 05:00:00,61.94,80.9,12.71,17.35,0.4,23.52,11.22,83.07,1.25,308.45,0.0,0.0
2025-12-14 06:00:00,57.22,79.63,14.58,16.44,0.38,19.59,10.9,84.87,1.46,317.86,0.0,0.0
2025-12-14 07:00:00,53.48,74.49,18.34,18.51,0.46,16.76,12.33,77.81,1.53,330.21,0.0,9.88
2025-12-14 08:00:00,59.4,85.79,19.93,25.64,0.49,35.55,16.06,63.94,1.81,350.8,0.0,46.8
2025-12-14 09:00:00,58.48,89.15,15.33,25.94,0.42,54.91,19.51,55.01,1.43,340.03,0.0,139.15
2025-12-14 10:00:00,62.07,91.88,14.85,23.04,0.38,71.39,22.04,48.84,1.14,265.85,0.0,157.32
2025-12-14 11:00:00,59.56,91.96,14.25,52.32,0.34,79.35,24.16,43.51,1.0,269.97,0.0,155.55
2025-12-14 12:00:00,63.31,100.02,26.39,108.98,0.32,72.98,25.54,39.7,0.7,281.58,0.0,152.43
2025-12-14 13:00:00,59.86,100.26,28.35,104.38,0.25,66.34,26.58,36.92,0.74,178.18,0.0,154.62
2025-12-14 14:00:00,61.33,98.63,15.58,39.6,0.11,70.43,26.7,34.66,1.18,341.05,0.0,149.38
2025-12-14 15:00:00,42.08,77.74,6.66,28.56,0.08,71.08,25.44,35.57,0.81,102.18,0.0,52.32
2025-12-14 16:00:00,42.87,52.96,15.24,35.92,0.18,59.49,23.78,41.82,0.84,304.32,0.0,15.25
2025-12-14 17:00:00,31.51,56.49,42.0,40.9,0.54,31.33,20.43,51.54,1.23,73.2,0.0,0.0
2025-12-14 18:00:00,32.35,68.2,56.73,50.0,0.91,11.85,18.28,57.86,1.18,193.0,0.0,0.0
2025-12-14 19:00:00,44.64,82.36,67.96,29.53,2.04,2.52,16.91,64.78,1.26,329.7,0.0,0.0
2025-12-14 20:00:00,63.21,112.55,47.73,20.71,1.25,1.84,15.01,78.04,1.37,312.54,0.0,0.0
2025-12-14 21:00:00,64.77,114.59,19.46,16.36,1.33,3.16,14.95,76.04,1.28,319.88,0.0,0.0
2025-12-14 22:00:00,65.48,113.22,41.7,19.44,1.05,14.35,14.89,70.72,1.14,324.34,0.0,0.0
2025-12-14 23:00:00,65.16,111.87,30.37,16.52,0.8,24.88,14.6,71.06,1.22,302.63,0.0,0.0
2025-12-15 00:00:00,70.67,117.2,15.49,17.13,0.38,32.4,13.83,69.22,1.31,292.32,0.0,0.0
2025-12-15 01:00:00,68.1,106.38,11.78,17.66,0.41,41.78,13.66,66.94,1.16,275.07,0.0,0.0
2025-12-15 02:00:00,67.45,94.86,11.48,18.3,0.49,42.28,12.58,73.26,1.08,329.34,0.0,0.0
2025-12-15 03:00:00,76.58,97.36,16.7,17.79,0.75,30.56,12.11,78.06,1.4,318.32,0.0,0.0
2025-12-15 04:00:00,116.55,133.69,13.9,17.4,0.73,33.26,11.88,77.71,1.4,314.07,0.0,0.0
2025-12-15 05:00:00,112.58,131.9,11.11,17.36,0.81,38.06,11.65,78.14,1.44,317.04,0.0,0.0
2025-12-15 06:00:00,97.54,125.6,10.09,17.56,0.46,39.63,11.12,82.74,1.39,315.13,0.0,0.0
2025-12-15 07:00:00,80.74,117.49,13.28,15.32,0.52,41.61,11.78,79.93,1.26,319.82,0.0,18.98
2025-12-15 08:00:00,81.62,114.77,15.22,20.27,0.6,47.61,14.3,72.41,1.4,337.18,0.0,75.4
2025-12-15 09:00:00,95.96,132.44,17.88,23.47,0.68,61.98,17.45,64.14,1.32,341.84,0.0,158.05
2025-12-15 10:00:00,100.93,147.54,20.75,31.06,0.71,80.77,20.53,55.87,0.92,177.12,0.0,166.02
2025-12-15 11:00:00,122.29,170.04,24.5,41.99,0.8,100.69,22.87,51.26,0.67,189.35,0.0,167.72
2025-12-15 12:00:00,125.37,194.98,33.46,43.68,0.84,103.98,24.76,46.39,0.7,147.92,0.0,174.95
2025-12-15 13:00:00,119.89,181.69,26.99,38.85,0.64,107.44,25.58,43.21,0.4,146.73,0.0,186.18
2025-12-15 14:00:00,96.42,161.47,17.8,42.46,0.58,123.54,25.53,43.0,0.57,143.06,0.0,183.48
2025-12-15 15:00:00,85.84,143.01,30.59,123.46,0.5,100.2,24.37,44.06,0.81,264.96,0.0,81.05
2025-12-15 16:00:00,87.08,146.04,43.52,131.29,0.64,76.48,22.85,51.16,0.59,181.06,0.0,26.68
2025-12-15 17:00:00,72.82,140.2,60.39,76.19,1.06,53.28,19.61,62.14,1.23,321.29,0.0,0.15
2025-12-15 18:00:00,78.56,156.09,71.25,45.27,1.74,20.3,17.15,75.7,1.2,240.03,0.0,0.0
2025-12-15 19:00:00,98.46,175.13,68.33,28.1,1.72,3.37,15.83,85.17,1.25,240.57,0.0,0.0
2025-12-15 20:00:00,108.29,182.93,73.09,27.37,4.07,3.18,15.1,86.12,1.2,321.75,0.0,0.0
2025-12-15 21:00:00,134.33,218.6,42.04,20.37,3.48,2.72,14.26,91.72,1.27,244.74,0.0,0.0
2025-12-15 22:00:00,156.66,259.18,48.26,18.11,1.67,0.54,13.27,94.27,1.34,312.02,0.0,0.0
2025-12-15 23:00:00,126.16,225.82,51.76,20.25,1.9,2.28,13.69,90.28,1.5,315.4,0.0,0.0
2025-12-16 00:00:00,117.5,209.17,28.95,19.5,0.9,15.52,13.2,91.08,1.44,310.73,0.0,0.0
2025-12-16 01:00:00,106.82,178.91,21.43,19.2,0.83,23.71,13.08,89.44,1.49,315.7,0.0,0.0
2025-12-16 02:00:00,100.56,166.12,16.63,20.36,0.51,35.33,13.03,85.17,1.53,326.54,0.0,0.0
2025-12-16 03:00:00,93.91,152.66,12.93,19.45,0.37,36.48,12.42,84.4,1.48,317.93,0.0,0.0
2025-12-16 04:00:00,100.6,144.23,12.02,18.63,0.36,34.71,11.71,86.01,1.42,309.32,0.0,0.0
2025-12-16 05:00:00,90.28,136.34,12.45,18.45,0.42,32.3,10.88,90.28,1.15,304.06,0.0,0.0
2025-12-16 06:00:00,91.51,128.59,12.9,18.39,0.43,28.0,10.36,94.58,1.33,310.65,0.0,0.0
2025-12-16 07:00:00,81.53,128.87,13.16,15.18,0.52,19.23,10.95,94.66,1.38,311.61,0.0,20.82
2025-12-16 08:00:00,77.64,129.79,20.08,20.48,0.7,35.8,14.4,77.66,1.3,332.1,0.0,82.18
2025-12-16 09:00:00,77.23,152.36,20.05,22.92,0.64,64.85,17.93,63.58,0.98,347.79,0.0,165.55
2025-12-16 10:00:00,86.52,166.81,20.62,27.06,0.56,83.02,20.56,55.58,0.98,184.78,0.0,172.18
2025-12-16 11:00:00,92.32,175.91,22.88,36.58,0.65,98.01,22.68,52.24,0.75,105.71,0.0,176.9
2025-12-16 12:00:00,101.71,180.88,30.92,34.53,0.67,104.27,24.72,47.81,0.65,133.19,0.0,195.82
2025-12-16 13:00:00,99.82,178.12,22.74,26.23,0.42,101.29,25.86,45.02,0.52,161.94,0.0,191.5
2025-12-16 14:00:00,76.47,150.38,16.28,29.0,0.28,103.4,25.91,44.23,0.72,227.41,0.0,183.9
2025-12-16 15:00:00,67.41,131.58,11.48,23.92,0.2,101.03,24.66,43.72,0.91,322.72,0.0,75.35
2025-12-16 16:00:00,62.71,120.27,26.0,24.64,0.48,86.66,23.14,51.09,1.01,209.0,0.0,25.72
2025-12-16 17:00:00,61.1,115.18,41.36,22.54,0.81,63.52,19.77,63.27,1.18,255.22,0.0,0.18
2025-12-16 18:00:00,57.51,110.83,40.81,19.92,0.81,31.39,16.93,80.81,1.32,307.26,0.0,0.0
2025-12-16 19:00:00,63.9,111.52,44.3,20.01,0.93,26.59,15.68,81.56,1.34,315.72,0.0,0.0
2025-12-16 20:00:00,66.69,118.96,58.52,20.36,1.34,8.22,14.68,88.11,1.27,308.41,0.0,0.0
2025-12-16 21:00:00,85.5,136.95,62.13,19.19,1.52,1.36,13.94,89.56,1.32,308.73,0.0,0.0
2025-12-16 22:00:00,94.67,173.85,72.92,27.64,1.98,2.58,13.27,89.96,1.33,310.68,0.0,0.0
2025-12-16 23:00:00,110.9,199.49,52.07,23.28,1.53,0.97,12.63,96.63,1.34,309.06,0.0,0.0
2025-12-17 00:00:00,111.47,200.82,36.86,21.15,1.26,6.62,12.5,96.51,1.46,312.3,0.0,0.0
2025-12-17 01:00:00,112.78,188.55,28.01,19.04,1.21,15.85,12.94,90.28,1.52,325.51,0.0,0.0
2025-12-17 02:00:00,116.19,184.15,21.92,20.85,0.9,29.47,13.14,85.68,1.68,341.52,0.0,0.0
2025-12-17 03:00:00,104.17,171.88,17.85,20.47,0.56,29.44,12.3,87.35,1.49,323.47,0.0,0.0
2025-12-17 04:00:00,98.17,156.71,13.9,19.32,0.53,30.94,11.5,88.51,1.46,323.66,0.0,0.0
2025-12-17 05:00:00,89.13,136.52,14.17,18.75,0.47,32.6,11.29,87.18,1.47,322.66,0.0,0.0
2025-12-17 06:00:00,85.48,118.6,16.98,16.27,0.6,25.33,10.57,89.54,1.44,307.5,0.0,0.0
2025-12-17 07:00:00,83.99,129.78,19.51,18.41,0.58,20.42,11.68,83.87,1.52,332.97,0.0,12.95
2025-12-17 08:00:00,80.31,115.0,21.73,22.1,0.62,31.1,14.84,70.76,1.6,350.88,0.0,58.98
2025-12-17 09:00:00,71.31,120.32,19.45,29.74,0.46,53.18,18.77,56.62,1.07,90.63,0.0,154.7
2025-12-17 10:00:00,63.38,115.01,19.75,23.28,0.41,67.5,22.04,47.91,0.68,114.68,0.0,172.32
2025-12-17 11:00:00,61.12,108.12,24.66,43.47,0.4,74.46,23.98,42.86,0.67,288.04,0.0,186.95
2025-12-17 12:00:00,61.67,103.1,30.23,86.28,0.33,73.38,25.9,38.3,0.86,196.37,0.0,184.12
2025-12-17 13:00:00,61.21,107.07,41.16,134.2,0.22,54.08,27.22,32.9,0.83,122.42,0.0,186.73
2025-12-17 14:00:00,69.36,129.38,49.84,154.0,0.21,46.13,27.69,32.66,0.63,186.97,0.0,171.8
2025-12-17 15:00:00,62.46,128.97,56.74,147.71,0.28,40.52,26.24,36.58,1.01,309.37,0.0,66.0
2025-12-17 16:00:00,64.32,134.7,88.38,169.38,1.0,11.94,24.1,43.42,1.18,264.52,0.0,19.45
2025-12-17 17:00:00,70.1,165.63,88.51,131.91,2.54,4.88,20.58,54.23,1.14,231.02,0.0,0.1
2025-12-17 18:00:00,75.49,183.96,79.34,55.12,1.2,4.92,17.55,68.29,1.28,303.28,0.0,0.0
2025-12-17 19:00:00,74.33,181.46,56.06,43.39,0.7,1.23,15.94,77.26,1.37,312.41,0.0,0.0
2025-12-17 20:00:00,83.4,175.98,57.46,41.8,1.23,3.63,15.11,79.6,1.36,316.33,0.0,0.0
2025-12-17 21:00:00,103.58,196.15,54.49,32.71,1.7,2.28,14.46,79.41,1.37,314.35,0.0,0.0
2025-12-17 22:00:00,104.69,206.67,70.58,35.95,1.66,2.8,14.4,69.45,1.31,308.59,0.0,0.0
2025-12-17 23:00:00,101.56,195.5,54.02,26.94,1.42,3.13,14.05,74.58,1.38,313.8,0.0,0.0
2025-12-18 00:00:00,106.88,190.78,36.29,24.2,1.12,6.41,13.37,79.63,1.38,313.11,0.0,0.0
2025-12-18 01:00:00,97.85,174.82,23.01,21.59,0.8,10.81,13.42,77.53,1.51,321.1,0.0,0.0
2025-12-18 02:00:00,91.37,147.64,17.2,21.23,0.73,16.05,13.28,75.16,1.54,320.25,0.0,0.0
2025-12-18 03:00:00,82.13,128.14,14.84,21.43,0.34,23.45,12.84,72.34,1.49,327.91,0.0,0.0
2025-12-18 04:00:00,72.82,115.51,11.53,20.45,0.22,23.64,11.53,77.77,1.41,318.79,0.0,0.0
2025-12-18 05:00:00,66.94,100.76,12.0,19.88,0.36,23.7,10.89,80.9,1.42,314.22,0.0,0.0
2025-12-18 06:00:00,63.15,88.32,15.36,19.95,0.47,22.52,10.98,81.24,1.48,315.52,0.0,0.0
2025-12-18 07:00:00,62.38,87.52,15.56,17.28,0.49,21.65,11.62,79.67,1.44,322.52,0.0,6.32
2025-12-18 08:00:00,53.79,81.54,16.18,24.26,0.52,33.06,15.63,66.12,1.51,346.56,0.0,39.0
2025-12-18 09:00:00,54.12,81.8,19.36,42.68,0.36,50.07,20.34,52.71,1.32,337.17,0.0,117.17
2025-12-18 10:00:00,54.32,92.52,18.23,42.8,0.19,58.68,22.94,45.34,1.3,255.04,0.0,138.48
2025-12-18 11:00:00,46.83,83.76,18.24,38.1,0.17,60.43,25.1,40.03,0.98,346.27,0.0,154.7
2025-12-18 12:00:00,49.97,88.33,20.2,23.29,0.2,65.67,27.47,34.98,0.64,101.76,0.0,166.98
2025-12-18 13:00:00,46.65,87.08,26.58,111.59,0.08,54.16,28.03,32.1,0.9,266.74,0.0,173.58
2025-12-18 14:00:00,33.86,75.95,35.4,138.22,0.01,44.71,28.15,31.76,0.8,185.14,0.0,174.27
2025-12-18 15:00:00,25.11,70.92,41.44,137.49,0.15,33.62,26.72,33.54,0.93,223.6,0.0,55.5
2025-12-18 16:00:00,25.98,71.92,22.95,51.08,0.32,40.39,25.31,37.89,0.96,283.52,0.0,13.28
2025-12-18 17:00:00,20.52,71.62,47.78,22.86,0.87,14.17,21.31,49.99,1.26,265.06,0.0,0.05
2025-12-18 18:00:00,30.21,62.76,48.14,22.62,0.9,6.06,18.36,62.44,1.26,319.68,0.0,0.0
2025-12-18 19:00:00,24.68,63.74,39.32,21.52,0.83,2.59,16.39,73.75,1.36,315.95,0.0,0.0
2025-12-18 20:00:00,32.44,74.67,45.96,21.29,1.71,4.31,15.55,76.08,1.19,333.16,0.0,0.0
2025-12-18 21:00:00,63.62,103.71,46.04,22.87,2.36,5.01,15.09,77.42,1.27,330.35,0.0,0.0
2025-12-18 22:00:00,103.25,158.13,37.75,17.62,1.64,1.72,13.93,82.07,1.29,312.15,0.0,0.0
2025-12-18 23:00:00,79.73,145.51,32.89,6.28,1.0,3.57,13.56,75.52,1.28,292.43,0.0,0.0
2025-12-19 00:00:00,61.72,124.13,40.9,8.07,1.17,5.54,12.58,75.31,1.21,308.94,0.0,0.0
2025-12-19 01:00:00,75.93,129.33,28.36,11.81,0.64,9.44,12.55,73.93,0.8,150.93,0.0,0.0
2025-12-19 02:00:00,63.28,118.87,17.19,11.89,0.38,19.38,12.51,70.63,1.26,324.04,0.0,0.0
2025-12-19 03:00:00,53.34,107.46,12.88,10.7,0.39,26.02,11.88,71.29,1.31,305.6,0.0,0.0
2025-12-19 04:00:00,69.13,108.22,11.96,10.96,0.29,28.14,11.64,71.94,1.35,319.19,0.0,0.0
2025-12-19 05:00:00,61.48,86.2,11.27,11.46,0.2,29.81,11.26,74.04,1.32,316.83,0.0,0.0
2025-12-19 06:00:00,46.37,84.17,11.56,10.32,0.26,27.9,10.89,76.93,1.42,324.23,0.0,0.0
2025-12-19 07:00:00,31.34,71.81,15.14,10.0,0.27,25.58,12.04,74.46,1.19,342.88,0.0,6.42
2025-12-19 08:00:00,32.91,66.49,19.15,22.96,0.42,30.94,15.48,63.89,1.37,175.51,0.0,42.22
2025-12-19 09:00:00,41.34,67.68,19.75,24.51,0.41,45.59,20.05,52.81,0.89,183.96,0.0,143.07
2025-12-19 10:00:00,41.78,77.76,12.99,20.33,0.21,57.69,23.1,44.3,0.83,125.4,0.0,139.95
2025-12-19 11:00:00,44.39,71.6,14.12,12.33,0.15,56.31,24.64,40.38,1.02,241.5,0.0,149.7
2025-12-19 12:00:00,37.34,69.15,9.65,11.42,0.1,62.89,25.63,37.45,1.3,339.88,0.0,150.78
2025-12-19 13:00:00,34.73,59.04,9.8,10.2,0.2,64.48,26.59,36.11,1.14,346.39,0.0,147.9
2025-12-19 14:00:00,29.14,53.84,7.14,9.27,0.2,65.54,26.6,36.68,0.99,262.76,0.0,140.52
2025-12-19 15:00:00,20.96,45.96,6.58,9.5,0.2,65.88,25.61,39.18,1.03,247.67,0.0,45.38
2025-12-19 16:00:00,15.82,42.02,11.57,14.04,0.28,58.7,24.49,42.39,1.01,291.55,0.0,12.3
2025-12-19 17:00:00,19.71,41.94,42.61,20.06,0.88,26.37,21.04,53.68,1.23,226.54,0.0,0.02
2025-12-19 18:00:00,29.06,67.5,39.29,10.91,0.8,15.88,17.74,69.19,1.34,320.03,0.0,0.0
2025-12-19 19:00:00,29.25,70.65,54.32,14.35,1.73,2.28,17.37,65.79,0.79,13.26,0.0,0.0
2025-12-19 20:00:00,39.03,80.85,41.26,11.18,0.99,20.82,17.38,53.35,0.92,333.95,0.0,0.0
2025-12-19 21:00:00,37.71,79.34,25.46,10.38,0.76,36.38,17.2,53.56,1.42,323.9,0.0,0.0
2025-12-19 22:00:00,43.54,80.6,24.99,12.91,0.78,30.18,15.48,62.4,1.32,304.9,0.0,0.0
2025-12-19 23:00:00,44.04,79.46,17.21,7.81,0.55,29.91,13.15,75.66,1.16,309.2,0.0,0.0
2025-12-20 00:00:00,35.11,80.33,18.13,6.84,0.62,27.92,12.0,80.55,1.09,310.31,0.0,0.0
2025-12-20 01:00:00,42.14,78.47,14.11,6.44,0.58,23.11,11.58,85.91,1.38,297.89,0.0,0.0
2025-12-20 02:00:00,45.74,71.71,11.93,7.11,0.64,26.04,11.45,79.57,1.33,315.05,0.0,0.0
2025-12-20 03:00:00,47.44,70.37,12.06,7.54,0.7,28.82,10.94,78.18,1.4,301.84,0.0,0.0
2025-12-20 04:00:00,54.2,75.65,10.93,6.74,0.53,29.62,10.36,82.28,1.44,310.38,0.0,0.0
2025-12-20 05:00:00,54.49,77.67,11.47,6.45,0.54,27.01,9.79,86.24,1.46,316.32,0.0,0.0
2025-12-20 06:00:00,52.18,77.6,12.56,6.98,0.56,29.56,9.34,87.32,1.3,293.13,0.0,0.0
2025-12-20 07:00:00,53.74,80.56,13.24,4.42,0.62,25.05,10.18,85.31,1.32,319.65,0.0,11.88
2025-12-20 08:00:00,56.0,82.78,6.63,9.01,0.7,34.74,13.5,74.78,1.36,339.05,0.0,57.75
2025-12-20 09:00:00,66.92,97.48,17.58,9.87,0.66,56.55,17.27,61.56,1.36,347.3,0.0,129.78
2025-12-20 10:00:00,64.95,109.56,17.48,12.83,0.68,66.63,20.24,52.07,0.9,109.34,0.0,143.55
2025-12-20 11:00:00,69.43,115.36,24.56,38.29,0.75,77.06,22.31,46.33,0.86,177.06,0.0,146.88
2025-12-20 12:00:00,74.73,132.41,44.12,113.88,0.55,59.08,24.33,39.63,0.72,103.28,0.0,154.32
2025-12-20 13:00:00,73.19,120.33,15.26,20.97,0.41,79.57,25.74,36.73,0.64,278.17,0.0,157.95
2025-12-20 14:00:00,62.82,112.2,13.47,12.64,0.35,76.92,26.18,33.66,0.55,97.46,0.0,147.9
2025-12-20 15:00:00,50.7,100.61,18.82,26.82,0.37,69.16,25.03,35.23,0.45,270.21,0.0,52.22
2025-12-20 16:00:00,40.05,96.07,23.2,34.64,0.45,58.32,23.6,41.17,0.55,119.18,0.0,17.4
2025-12-20 17:00:00,38.2,92.71,56.15,11.46,1.25,24.83,20.22,52.62,1.01,214.26,0.0,0.1
2025-12-20 18:00:00,47.4,98.78,61.56,9.72,1.48,11.04,17.45,56.63,1.3,293.0,0.0,0.0
2025-12-20 19:00:00,44.43,104.45,59.44,8.99,1.52,2.95,15.28,68.73,1.37,310.9,0.0,0.0
2025-12-20 20:00:00,57.16,105.63,49.38,9.19,1.84,3.36,13.9,75.94,1.37,313.96,0.0,0.0
2025-12-20 21:00:00,79.74,128.06,47.48,10.65,1.99,2.47,13.47,72.95,1.31,318.82,0.0,0.0
2025-12-20 22:00:00,90.42,148.15,43.01,9.69,1.53,3.36,12.93,72.25,1.33,299.38,0.0,0.0
2025-12-20 23:00:00,80.63,137.55,33.03,8.81,1.18,10.13,12.58,71.18,1.12,262.84,0.0,0.0
2025-12-21 00:00:00,82.76,133.95,21.24,8.5,0.73,15.83,12.0,69.95,1.28,298.68,0.0,0.0
2025-12-21 01:00:00,69.62,105.95,15.4,7.84,0.47,19.6,11.76,66.6,1.36,296.94,0.0,0.0
2025-12-21 02:00:00,58.68,95.5,15.96,8.3,0.61,19.24,10.76,71.36,1.08,222.16,0.0,0.0
2025-12-21 03:00:00,55.11,87.95,15.42,7.38,0.61,14.86,10.22,77.91,1.4,306.44,0.0,0.0
2025-12-21 04:00:00,59.36,87.52,12.04,7.19,0.5,19.83,10.56,72.13,1.53,319.35,0.0,0.0
2025-12-21 05:00:00,55.4,81.74,12.06,7.5,0.55,20.57,10.17,73.14,1.47,315.31,0.0,0.0
2025-12-21 06:00:00,57.86,83.32,13.9,7.07,0.42,18.97,9.2,79.56,1.36,294.76,0.0,0.0
2025-12-21 07:00:00,51.17,77.81,14.62,4.14,0.47,17.27,9.77,80.64,1.31,322.3,0.0,8.57
2025-12-21 08:00:00,46.64,77.79,16.5,10.96,0.61,30.88,13.81,64.32,1.6,336.32,0.0,65.15
2025-12-21 09:00:00,46.56,85.96,17.02,15.87,0.58,47.42,17.28,55.87,1.34,344.9,0.0,139.35
2025-12-21 10:00:00,48.5,95.77,22.83,28.69,0.67,65.57,19.93,51.21,1.12,183.76,0.0,146.88
2025-12-21 11:00:00,66.19,122.38,25.22,35.56,0.69,87.2,22.31,47.31,0.84,209.62,0.0,157.95
2025-12-21 12:00:00,80.16,151.0,22.12,45.27,0.75,106.49,23.9,44.41,0.76,126.11,0.0,166.08
2025-12-21 13:00:00,93.27,149.35,25.26,130.87,0.58,101.59,24.89,41.06,0.52,105.36,0.0,176.6
2025-12-21 14:00:00,85.17,147.39,14.88,37.62,0.41,98.67,25.49,38.46,0.47,58.42,0.0,177.08
2025-12-21 15:00:00,77.13,134.63,18.12,33.37,0.42,93.13,24.72,38.94,0.42,199.09,0.0,89.02
2025-12-21 16:00:00,75.9,129.65,39.72,28.95,0.75,70.61,23.35,44.27,0.89,109.58,0.0,22.17
2025-12-21 17:00:00,75.4,128.0,92.43,21.88,2.02,19.18,19.69,57.38,1.15,186.54,0.0,0.0
2025-12-21 18:00:00,86.18,149.94,53.13,14.88,1.04,25.19,16.94,70.9,1.32,315.15,0.0,0.0
2025-12-21 19:00:00,87.82,142.55,69.73,12.66,1.61,10.64,15.66,73.56,1.31,311.73,0.0,0.0
2025-12-21 20:00:00,93.66,162.22,40.33,10.76,0.95,13.25,14.56,79.81,1.3,324.16,0.0,0.0
2025-12-21 21:00:00,91.52,138.17,43.36,11.76,1.12,9.02,13.87,82.04,1.37,318.04,0.0,0.0
2025-12-21 22:00:00,98.03,150.24,41.18,11.17,1.31,3.47,13.21,87.83,1.39,305.44,0.0,0.0
2025-12-21 23:00:00,95.36,151.05,39.61,15.42,1.15,13.62,13.76,76.75,1.44,310.32,0.0,0.0
2025-12-22 00:00:00,92.64,156.12,23.92,14.6,1.05,23.5,13.84,73.99,1.46,321.21,0.0,0.0
2025-12-22 01:00:00,84.82,137.28,18.98,12.11,0.74,21.75,12.87,80.76,1.4,309.36,0.0,0.0
2025-12-22 02:00:00,73.15,126.36,14.4,11.22,0.49,25.15,12.76,77.59,1.41,320.86,0.0,0.0
2025-12-22 03:00:00,72.45,94.54,12.37,10.36,0.32,28.08,12.27,77.14,1.42,321.2,0.0,0.0
2025-12-22 04:00:00,70.65,89.66,11.32,9.49,0.32,27.02,11.7,79.59,1.27,325.8,0.0,0.0
2025-12-22 05:00:00,64.54,81.11,11.34,8.89,0.27,22.3,10.85,86.05,1.08,189.72,0.0,0.0
2025-12-22 06:00:00,60.54,78.04,18.13,8.37,0.56,11.86,10.48,90.68,1.15,104.77,0.0,0.0
2025-12-22 07:00:00,62.26,80.46,16.86,9.17,0.42,13.92,11.42,85.6,1.34,325.69,0.0,11.48
2025-12-22 08:00:00,61.14,84.49,20.62,14.44,0.64,32.0,14.99,70.35,1.18,257.69,0.0,63.9
2025-12-22 09:00:00,60.36,97.04,20.23,16.49,0.58,52.54,18.78,56.7,0.87,191.56,0.0,220.98
2025-12-22 10:00:00,61.92,105.31,22.29,28.47,0.34,58.29,22.02,44.32,1.24,181.18,0.0,238.85
2025-12-22 11:00:00,57.53,102.44,53.03,43.84440081493507,0.2,36.04,24.0,40.07,0.93,263.26,0.0,244.6
2025-12-22 12:00:00,61.37,108.58,53.86,119.02,0.27,35.26,24.91,39.54,0.71,48.03,0.0,253.6
2025-12-22 13:00:00,60.18,112.66,49.04,109.26,0.34,47.06,26.04,39.56,0.59,106.0,0.0,255.5
2025-12-22 14:00:00,56.68,115.54,54.42,115.53,0.34,43.46,26.6,39.33,0.52,89.04,0.0,214.28
2025-12-22 15:00:00,52.8,114.72,51.51,92.32,0.41,56.96,25.48,42.22,0.63,88.57,0.0,59.52
2025-12-22 16:00:00,51.85,115.45,63.58,32.66,1.0,47.76,24.28,46.85,0.93,133.37,0.0,16.68
2025-12-22 17:00:00,54.03,119.48,90.12,19.52,1.76,17.13,21.3,56.09,1.02,75.52,0.0,0.15
2025-12-22 18:00:00,57.96,123.16,64.78,14.83,1.29,19.85,18.24,67.26,1.25,173.9,0.0,0.0
2025-12-22 19:00:00,65.23,131.2,56.43,11.82,1.41,3.77,16.19,83.69,1.34,313.75,0.0,0.0
2025-12-22 20:00:00,73.95,137.24,50.93,10.38,1.52,1.12,15.02,85.51,1.36,309.19,0.0,0.0
2025-12-22 21:00:00,73.19,141.22,58.64,10.98,1.74,3.66,14.61,81.08,1.08,324.11,0.0,0.0
2025-12-22 22:00:00,88.33,152.3,54.1,10.48,1.62,5.93,13.92,78.46,0.84,247.0,0.0,0.0
2025-12-22 23:00:00,93.32,153.83,29.48,6.65,0.82,14.7,13.22,77.14,1.25,293.03,0.0,0.0
2025-12-23 00:00:00,85.71,144.96,18.82,8.95,0.7,17.43,12.83,77.78,1.17,233.02,0.0,0.0
2025-12-23 01:00:00,75.16,122.6,15.77,8.56,0.61,18.66,12.4,79.53,1.22,309.16,0.0,0.0
2025-12-23 02:00:00,65.86,100.4,13.82,8.56,0.56,21.4,12.36,78.69,1.32,319.59,0.0,0.0
2025-12-23 03:00:00,54.43,90.23,16.05,8.97,0.69,18.85,11.54,83.6,1.2,176.22,0.0,0.0
2025-12-23 04:00:00,56.22,101.55,15.03,7.95,0.74,15.11,11.02,89.1,1.33,310.33,0.0,0.0
2025-12-23 05:00:00,60.16,96.3,12.28,7.45,0.66,11.15,10.54,93.86,1.16,238.53,0.0,0.0
2025-12-23 06:00:00,62.01,91.34,14.53,7.33,0.77,8.3,10.08,95.78,1.27,312.48,0.0,0.0
2025-12-23 07:00:00,61.21,85.17,15.13,7.15,0.8,5.04,10.63,97.34,1.19,322.82,0.0,8.28
2025-12-23 08:00:00,59.58,80.23,22.79,7.49,0.79,25.06,15.02,73.19,0.97,95.49,0.0,48.42
2025-12-23 09:00:00,62.9,91.84,17.98,15.76,0.66,51.78,18.56,58.65,1.07,265.82,0.0,167.95
2025-12-23 10:00:00,64.39,107.45,17.26,24.08,0.5,59.18,21.4,48.8,1.28,264.35,0.0,194.2
2025-12-23 11:00:00,63.25,105.75,15.68,17.27,0.32,62.04,23.83,43.86,1.11,270.46,0.0,206.68
2025-12-23 12:00:00,58.33,98.85,17.27,21.22,0.29,64.6,25.66,42.62,0.66,134.59,0.0,214.3
2025-12-23 13:00:00,53.78,91.92,17.76,54.77,0.14,57.97,26.52,40.98,0.64,271.47,0.0,252.27
2025-12-23 14:00:00,46.44,80.45,21.14,58.42,0.2,58.35,27.21,40.81,0.25,124.24,0.0,273.48
2025-12-23 15:00:00,43.56,75.09,20.02,22.26,0.24,59.61,26.0,43.49,0.36,154.1,0.0,52.3
2025-12-23 16:00:00,41.44,68.72,24.66,11.8,0.38,50.15,25.05,46.38,0.33,115.29,0.0,16.1
2025-12-23 17:00:00,36.21,69.61,52.1,11.3,0.9,20.55,21.84,56.66,1.02,273.8,0.0,0.08
2025-12-23 18:00:00,30.82,74.6,51.4,10.36,0.94,12.59,18.73,66.2,1.34,321.3,0.0,0.0
2025-12-23 19:00:00,40.22,81.7,53.48,9.64,1.13,2.47,16.95,76.18,1.28,325.11,0.0,0.0
2025-12-23 20:00:00,60.48,87.62,45.88,9.36,1.51,1.86,15.86,80.84,1.37,314.67,0.0,0.0
2025-12-23 21:00:00,59.13,97.96,43.48,9.51,1.02,1.64,15.26,76.91,1.34,301.77,0.0,0.0
2025-12-23 22:00:00,55.87,100.64,31.84,8.99,0.7,7.36,15.16,74.02,1.33,285.51,0.0,0.0
2025-12-23 23:00:00,37.92,88.07,16.52,8.4,0.38,17.42,14.27,74.1,1.4,293.93,0.0,0.0
2025-12-24 00:00:00,37.45,76.84,14.96,8.04,0.44,17.59,13.72,76.58,1.39,294.87,0.0,0.0
2025-12-24 01:00:00,34.01,65.13,12.8,8.75,0.44,27.75,14.12,71.96,1.27,302.4,0.0,0.0
2025-12-24 02:00:00,33.15,65.14,9.74,9.5,0.32,33.89,14.01,73.27,1.28,315.88,0.0,0.0
2025-12-24 03:00:00,37.3,60.18,8.88,8.87,0.29,33.15,13.66,74.34,1.47,318.42,0.0,0.0
2025-12-24 04:00:00,41.34,62.12,9.21,8.75,0.33,31.48,12.95,76.83,1.48,314.45,0.0,0.0
2025-12-24 05:00:00,40.44,54.44,13.06,8.48,0.47,26.24,12.2,81.04,1.47,313.5,0.0,0.0
2025-12-24 06:00:00,42.28,66.18,10.62,8.04,0.38,24.24,11.51,85.44,1.41,301.81,0.0,0.0
2025-12-24 07:00:00,39.54,60.36,12.66,7.7,0.4,22.12,12.51,83.29,1.49,325.57,0.0,6.8
2025-12-24 08:00:00,35.05,61.17,16.6,8.16,0.51,31.88,16.47,69.7,1.51,348.01,0.0,42.0
2025-12-24 09:00:00,40.63,84.89,13.44,13.14,0.39,52.52,20.16,59.4,1.12,178.56,0.0,167.65
2025-12-24 10:00:00,35.01,93.91,14.41,15.12,0.4,63.75,22.81,53.08,1.06,352.26,0.0,214.15
2025-12-24 11:00:00,43.0,91.16,13.11,13.25,0.39,70.46,25.32,44.9,0.52,111.34,0.0,202.55
2025-12-24 12:00:00,48.83,95.23,4.23,18.096707553528915,0.21,54.9,26.07,39.74,0.51,18.56,0.0,229.2
2025-12-24 13:00:00,39.35,69.85,4.39,16.330430724102968,0.2,50.84,26.46,39.52,0.65,198.56,0.0,185.75
2025-12-24 14:00:00,28.76,47.99,11.4,18.940706157547055,0.2,47.93,26.53,37.77,0.65,125.67,0.0,187.0
2025-12-24 15:00:00,21.86,50.39,13.35,19.212732321544255,0.21,43.08,25.4,39.43,0.45,196.25,0.0,92.6
2025-12-24 16:00:00,27.0,57.11,26.85,23.54128918124545,0.42,37.48,24.55,43.14,0.58,197.88,0.0,34.3
2025-12-24 17:00:00,22.78,54.28,54.35,8.24,1.18,13.57,21.84,52.94,1.12,80.08,0.0,1.3
2025-12-24 18:00:00,30.22,64.4,65.16,8.79,3.01,2.84,19.07,62.37,1.25,121.03,0.0,0.0
2025-12-24 19:00:00,55.63,103.19,58.55,7.77,1.47,1.74,17.3,69.7,1.32,318.27,0.0,0.0
2025-12-24 20:00:00,52.49,106.44,38.66,6.25,1.12,1.1,16.08,81.16,1.34,313.15,0.0,0.0
2025-12-24 21:00:00,51.13,97.83,36.12,6.24,1.33,1.34,15.18,84.96,1.38,319.14,0.0,0.0
2025-12-24 22:00:00,55.18,99.4,38.68,2.89,1.79,1.38,14.49,85.71,1.41,315.14,0.0,0.0
2025-12-24 23:00:00,59.01,104.77,47.22,6.62,1.74,2.0,14.73,81.19,1.32,312.38,0.0,0.0
2025-12-25 00:00:00,61.62,110.83,34.43,5.82,1.08,3.37,14.08,87.19,1.38,300.16,0.0,0.0
2025-12-25 01:00:00,62.22,113.68,23.7,5.32,1.12,7.15,13.62,89.82,1.0,321.32,0.0,0.0
2025-12-25 02:00:00,64.19,105.37,17.62,4.72,0.87,6.08,13.07,94.77,1.41,309.42,0.0,0.0
2025-12-25 03:00:00,71.09,99.37,14.42,4.61,0.62,5.27,12.66,96.06,1.42,310.26,0.0,0.0
2025-12-25 04:00:00,68.79,96.58,12.52,4.48,0.4,8.28,12.0,96.14,1.41,308.08,0.0,0.0
2025-12-25 05:00:00,57.71,87.33,12.86,4.78,0.41,11.03,11.72,96.66,1.38,307.18,0.0,0.0
2025-12-25 06:00:00,52.08,81.96,13.25,4.78,0.37,11.69,11.38,97.16,1.34,303.14,0.0,0.0
2025-12-25 07:00:00,44.27,77.18,12.95,4.31,0.39,10.1,11.97,96.64,1.34,312.47,0.0,9.98
2025-12-25 08:00:00,46.66,75.35,16.61,5.36,0.5,22.87,15.83,78.94,1.56,337.07,0.0,50.55
2025-12-25 09:00:00,46.86,78.25,13.75,15.6,0.36,46.82,19.31,65.18,1.17,265.48,0.0,146.07
2025-12-25 10:00:00,53.12,90.65,13.86,15.42,0.32,62.81,22.11,55.98,0.55,35.38,0.0,217.62
2025-12-25 11:00:00,56.57,96.41,14.78,13.24,0.38,70.61,23.83,51.78,0.78,213.44,0.0,252.48
2025-12-25 12:00:00,54.36,90.84,15.33,6.28,0.38,58.92,25.53,46.85,0.84,95.16,0.0,281.1
2025-12-25 13:00:00,44.97,84.81,13.94,30.72,0.29,60.0,25.85,45.2,0.42,103.52,0.0,251.18
2025-12-25 14:00:00,41.83,85.44,14.97,32.86,0.28,64.75,25.97,44.26,0.74,215.17,0.0,248.92
2025-12-25 15:00:00,39.36,79.36,19.81,17.55,0.32,65.12,24.64,46.19,0.8,209.03,0.0,67.95
2025-12-25 16:00:00,40.77,75.39,25.44,11.33,0.44,55.46,23.62,49.22,0.74,90.32,0.0,21.6
2025-12-25 17:00:00,38.14,73.09,64.25,6.41,1.43,16.4,20.27,60.97,1.17,26.18,0.0,0.23
2025-12-25 18:00:00,51.35,100.11,77.25,9.2,3.25,0.03,18.31,67.92,1.25,103.2,0.0,0.0
2025-12-25 19:00:00,80.63,147.77,75.89,10.74,2.56,2.92,17.17,72.34,1.31,326.06,0.0,0.0
2025-12-25 20:00:00,119.41,205.8,74.78,15.2,3.55,6.95,16.58,74.14,1.2,326.69,0.0,0.0
2025-12-25 21:00:00,281.75,358.76,48.14,9.83,1.58,70.69503703452136,15.52,82.23,1.24,317.84,0.0,0.0
2025-12-25 22:00:00,76.52,143.86,42.87,7.22,1.36,0.35,14.47,86.3,1.38,304.86,0.0,0.0
2025-12-25 23:00:00,56.32,107.53,45.09,6.4,1.46,0.45,14.17,87.13,1.43,313.47,0.0,0.0
2025-12-26 00:00:00,82.35,114.05,34.2,6.39,0.81,2.84,14.26,85.26,1.45,315.05,0.0,0.0
2025-12-26 01:00:00,80.8,121.98,20.24,5.44,0.76,5.56,13.44,92.38,1.4,308.0,0.0,0.0
2025-12-26 02:00:00,47.07,80.16,16.72,4.76,0.74,5.54,13.13,94.86,1.47,310.0,0.0,0.0
2025-12-26 03:00:00,42.51,96.46,14.21,5.22,0.49,9.17,12.73,93.9,1.43,315.48,0.0,0.0
2025-12-26 04:00:00,41.04,92.31,11.2,5.74,0.29,16.38,12.32,90.09,1.07,315.55,0.0,0.0
2025-12-26 05:00:00,41.06,72.3,11.02,5.16,0.29,15.76,11.6,94.27,1.2,256.19,0.0,0.0
2025-12-26 06:00:00,51.84,74.13,12.28,4.86,0.35,11.58,11.11,97.28,1.02,245.84,0.0,0.0
2025-12-26 07:00:00,55.1,78.13,15.33,3.29,0.46,12.52,12.14,92.16,1.36,321.52,0.0,10.25
2025-12-26 08:00:00,74.39,110.86,17.88,7.34,0.52,23.41,15.4,76.21,1.21,257.08,0.0,55.2
2025-12-26 09:00:00,57.56,135.93,14.57,9.38,0.25,50.27,18.56,60.21,1.13,180.28,0.0,208.35
2025-12-26 10:00:00,37.86,116.99,14.89,11.81,0.31,61.47,21.1,53.78,1.08,264.29,0.0,237.0
2025-12-26 11:00:00,47.83,90.3,19.51,17.86,0.36,69.33,23.24,49.4,0.62,105.1,0.0,257.18
2025-12-26 12:00:00,49.94,81.3,25.03,62.38,0.31,78.2,24.88,45.57,0.76,91.44,0.0,266.18
2025-12-26 13:00:00,52.68,111.07,17.69,45.9,0.2,94.09,25.32,45.45,0.91,133.76,0.0,272.15
2025-12-26 14:00:00,64.36,91.24,15.32,46.62,0.15,100.24,25.81,44.32,0.88,275.24,0.0,245.28
2025-12-26 15:00:00,68.2,101.39,24.99,86.34,0.16,79.24,24.62,47.0,0.7,260.84,0.0,71.8
2025-12-26 16:00:00,59.11,105.96,53.31,155.91,0.2,39.33,23.49,50.9,0.97,237.9,0.0,24.05
2025-12-26 17:00:00,72.69,125.38,61.36,69.9,0.78,27.56,20.63,60.1,1.22,174.62,0.0,0.22
2025-12-26 18:00:00,70.59,134.55,73.04,36.32,1.27,11.82,18.07,68.52,1.13,323.14,0.0,0.0
2025-12-26 19:00:00,95.95,150.28,69.64,20.02,1.47,6.29,17.11,72.9,1.27,306.32,0.0,0.0
2025-12-26 20:00:00,88.4,157.69,61.53,13.26,1.91,2.26,16.17,80.54,1.31,308.55,0.0,0.0
2025-12-26 21:00:00,104.8,161.91,36.86,9.25,1.38,0.98,15.18,89.43,1.34,317.66,0.0,0.0
2025-12-26 22:00:00,94.85,153.97,44.2,8.48,1.83,0.94,14.78,88.96,1.16,322.07,0.0,0.0
2025-12-26 23:00:00,110.47,166.6,54.09,7.93,1.68,1.14,14.12,88.07,1.23,259.98,0.0,0.0
2025-12-27 00:00:00,108.53,164.06,42.0,6.54,1.16,2.73,13.16,90.44,1.14,317.28,0.0,0.0
2025-12-27 01:00:00,109.52,144.52,26.4,5.38,0.94,4.2,12.47,94.01,1.22,228.9,0.0,0.0
2025-12-27 02:00:00,91.35,137.05,20.65,4.75,0.69,7.67,11.93,95.56,1.29,304.59,0.0,0.0
2025-12-27 03:00:00,82.08,115.93,15.44,4.34,0.54,9.92,11.4,97.22,1.34,293.06,0.0,0.0
2025-12-27 04:00:00,68.96,107.57,12.44,3.99,0.43,10.87,11.04,97.0,1.37,299.09,0.0,0.0
2025-12-27 05:00:00,77.08,95.69,10.88,3.73,0.34,9.78,10.61,97.33,1.33,295.57,0.0,0.0
2025-12-27 06:00:00,65.63,84.56,13.24,3.56,0.34,12.18,10.37,97.28,1.39,300.68,0.0,0.0
2025-12-27 07:00:00,67.87,83.3,17.45,4.25,0.48,14.52,11.05,93.97,1.36,307.41,0.0,10.82
2025-12-27 08:00:00,71.15,91.8,16.95,6.66,0.45,27.69,14.33,75.35,1.47,339.19,0.0,52.75
2025-12-27 09:00:00,76.08,92.18,16.62,9.7,0.37,48.47,17.7,60.47,1.23,346.39,0.0,200.82
2025-12-27 10:00:00,75.33,92.03,13.65,9.3,0.34,58.82,20.57,51.36,0.96,253.29,0.0,219.95
2025-12-27 11:00:00,67.01,88.97,23.25,55.9,0.52,68.75,22.74,45.99,0.96,183.75,0.0,202.0
2025-12-27 12:00:00,63.94,97.72,30.97,96.64,0.44,74.63,24.47,43.87,0.62,146.96,0.0,217.02
2025-12-27 13:00:00,66.56,101.39,25.31,85.06,0.35,80.86,25.44,43.26,0.6,44.34,0.0,243.62
2025-12-27 14:00:00,62.42,98.82,34.32,71.67,0.48,84.14,26.25,42.11,0.75,208.92,0.0,239.12
2025-12-27 15:00:00,60.88,105.82,18.74,39.36,0.32,90.72,24.96,44.15,0.61,128.7,0.0,68.2
2025-12-27 16:00:00,60.43,100.19,9.76,23.21,0.24,81.2,23.76,46.16,0.65,197.56,0.0,19.08
2025-12-27 17:00:00,61.06,106.1,32.87,19.64,0.58,51.51,20.66,57.29,1.1,147.14,0.0,0.15
2025-12-27 18:00:00,62.36,103.18,50.32,15.97,1.09,27.72,17.99,66.12,1.23,341.93,0.0,0.0
2025-12-27 19:00:00,69.53,110.46,73.46,18.31,1.72,6.33,16.68,73.36,1.13,325.35,0.0,0.0
2025-12-27 20:00:00,89.61,139.61,71.93,13.65,1.62,3.74,15.9,77.38,1.33,311.74,0.0,0.0
2025-12-27 21:00:00,95.8,144.6,54.51,10.54,1.44,2.52,14.8,84.24,1.1,313.73,0.0,0.0
2025-12-27 22:00:00,100.98,156.66,63.49,10.66,2.23,2.5,14.34,88.33,1.27,317.34,0.0,0.0
2025-12-27 23:00:00,109.23,165.23,47.16,8.68,1.95,1.61,13.24,94.74,1.32,302.76,0.0,0.0
2025-12-28 00:00:00,118.79,172.33,48.36,7.69,1.66,1.82,12.32,97.08,1.33,294.7,0.0,0.0
2025-12-28 01:00:00,127.32,173.88,39.17,6.87,1.31,2.53,11.77,97.22,1.31,298.71,0.0,0.0
2025-12-28 02:00:00,110.81,179.67,31.92,6.4,1.25,5.03,11.66,97.22,1.33,317.17,0.0,0.0
2025-12-28 03:00:00,121.46,180.18,18.49,6.14,0.7,10.37,11.56,97.29,1.38,299.0,0.0,0.0
2025-12-28 04:00:00,114.96,166.43,12.03,5.76,0.48,15.05,11.2,97.0,1.4,307.97,0.0,0.0
2025-12-28 05:00:00,96.32,138.71,14.27,5.87,0.62,12.32,10.83,97.05,1.35,271.49,0.0,0.0
2025-12-28 06:00:00,91.55,128.64,17.82,6.05,0.6,11.46,10.35,97.01,1.48,314.11,0.0,0.0
2025-12-28 07:00:00,89.91,126.68,16.26,6.26,0.54,13.98,10.86,95.22,1.44,317.08,0.0,10.22
2025-12-28 08:00:00,87.89,121.77,16.2,10.52,0.53,27.3,13.99,77.57,1.46,335.49,0.0,51.65
2025-12-28 09:00:00,91.03,114.48,14.6,17.82,0.3,51.02,17.94,59.29,1.1,101.94,0.0,244.65
2025-12-28 10:00:00,85.45,111.06,14.58,14.75,0.21,66.05,20.96,49.04,0.7,98.82,0.0,284.9
2025-12-28 11:00:00,76.18,99.05,25.26,63.7,0.28,70.33,22.85,45.87,0.72,182.27,0.0,291.52
2025-12-28 12:00:00,69.13,94.36,30.27,89.07,0.26,76.78,24.71,42.94,0.61,74.25,0.0,302.8
2025-12-28 13:00:00,63.26,110.15,25.98,86.94,0.11,72.85,25.8,42.36,0.89,186.34,0.0,295.95
2025-12-28 14:00:00,64.32,104.52,12.87,35.23,0.06,87.24,26.15,41.33,0.62,261.87,0.0,268.75
2025-12-28 15:00:00,61.34,88.1,7.81,24.98,0.04,86.12,24.86,42.84,0.85,167.7,0.0,64.8
2025-12-28 16:00:00,66.44,82.12,10.23,23.46,0.07,80.02,23.62,45.47,1.0,186.22,0.0,17.58
2025-12-28 17:00:00,60.64,80.82,47.98,18.14,0.73,40.44,20.35,57.25,1.03,91.84,0.0,0.08
2025-12-28 18:00:00,82.33,105.38,51.8,16.55,0.86,29.14,17.45,64.9,1.07,247.39,0.0,0.0
2025-12-28 19:00:00,84.49,115.14,59.91,18.42,1.25,13.34,16.17,72.09,1.31,314.76,0.0,0.0
2025-12-28 20:00:00,93.17,134.73,52.42,11.61,1.65,2.95,15.15,81.4,1.25,310.03,0.0,0.0
2025-12-28 21:00:00,99.91,150.4,55.03,15.08,1.61,1.86,14.34,81.37,1.38,302.61,0.0,0.0
2025-12-28 22:00:00,119.72,184.1,48.83,13.92,1.69,2.44,13.47,86.24,1.32,312.58,0.0,0.0
2025-12-28 23:00:00,132.06,209.53,46.45,11.24,1.41,1.91,13.51,86.54,1.4,315.51,0.0,0.0
2025-12-29 00:00:00,138.33,201.2,34.35,9.64,1.05,6.63,12.96,90.53,1.25,314.06,0.0,0.0
2025-12-29 01:00:00,132.34,193.7,27.33,8.05,1.04,5.74,12.1,95.21,1.31,314.09,0.0,0.0
2025-12-29 02:00:00,125.88,172.54,16.29,6.61,0.68,7.52,11.36,97.22,1.31,309.24,0.0,0.0
2025-12-29 03:00:00,107.34,131.71,13.9,6.33,0.61,7.13,10.78,97.32,1.3,305.13,0.0,0.0
2025-12-29 04:00:00,94.05,117.87,13.14,5.74,0.53,6.46,10.36,97.33,1.38,304.01,0.0,0.0
2025-12-29 05:00:00,84.12,108.44,11.81,5.8,0.37,9.21,9.98,97.32,1.42,306.36,0.0,0.0
2025-12-29 06:00:00,73.24,88.75,12.39,5.8,0.29,12.27,9.59,97.33,1.38,299.13,0.0,0.0
2025-12-29 07:00:00,67.55,81.02,14.04,5.77,0.32,17.51,10.5,90.51,1.4,329.83,0.0,8.75
2025-12-29 08:00:00,73.83,89.41,17.08,7.55,0.41,28.94,14.1,73.1,1.42,340.36,0.0,44.62
2025-12-29 09:00:00,77.24,106.48,15.58,12.16,0.34,53.71,18.2,57.98,1.12,261.59,0.0,218.72
2025-12-29 10:00:00,66.12,107.28,14.5,10.18,0.26,64.01,21.08,47.64,0.78,262.61,0.0,245.73
2025-12-29 11:00:00,45.68,107.36,18.06,12.81,0.3,71.42,22.81,42.03,0.8,188.38,0.0,261.5
2025-12-29 12:00:00,44.49,93.82,24.61,26.92,0.25,71.82,24.66,37.2,0.74,116.26,0.0,269.83
2025-12-29 13:00:00,36.73,92.08,4.2,114.51,0.13,56.32,25.62,37.97,1.02,339.83,0.0,285.92
2025-12-29 14:00:00,36.08,101.26,44.246045196086456,174.23,0.13,38.54,26.46,36.44,0.52,181.4,0.0,287.08
2025-12-29 15:00:00,45.22,99.97,47.56,145.68,0.12,40.54,25.03,37.12,0.82,254.75,0.0,72.18
2025-12-29 16:00:00,58.42,110.38,54.7,105.08,0.33,36.36,23.73,39.56,1.04,206.61,0.0,20.9
2025-12-29 17:00:00,53.9,103.92,77.1,21.48,1.44,11.19,20.28,46.88,1.03,61.56,0.0,0.2
2025-12-29 18:00:00,56.37,110.4,68.9,13.8,2.5,2.72,17.16,53.95,1.22,240.42,0.0,0.0
2025-12-29 19:00:00,69.39,120.48,59.28,10.32,1.18,2.58,15.36,65.38,1.34,317.7,0.0,0.0
2025-12-29 20:00:00,66.32,119.43,44.93,9.48,1.12,1.3,14.16,75.34,1.37,308.44,0.0,0.0
2025-12-29 21:00:00,60.47,118.34,41.47,9.22,1.17,0.59,13.1,77.68,1.38,311.88,0.0,0.0
2025-12-29 22:00:00,59.32,116.47,52.89,16.74,1.57,1.76,12.41,77.24,1.32,313.24,0.0,0.0
2025-12-29 23:00:00,81.38,141.44,44.91,8.66,1.31,0.94,11.86,80.69,1.38,299.61,0.0,0.0
2025-12-30 00:00:00,87.9,147.88,43.5,10.14,0.86,4.43,11.8,73.18,1.35,296.54,0.0,0.0
2025-12-30 01:00:00,84.98,137.93,36.87,9.41,1.22,5.14,11.25,79.8,1.43,306.44,0.0,0.0
2025-12-30 02:00:00,92.19,131.49,23.98,8.69,0.72,10.76,11.6,76.23,1.54,320.46,0.0,0.0
2025-12-30 03:00:00,84.42,125.59,20.08,9.65,0.76,12.54,11.2,77.83,1.58,327.59,0.0,0.0
2025-12-30 04:00:00,60.5,120.75,17.64,9.67,0.6,17.32,10.94,75.72,1.58,325.41,0.0,0.0
2025-12-30 05:00:00,61.89,102.25,13.74,8.59,0.36,18.9,10.53,76.52,1.5,327.04,0.0,0.0
2025-12-30 06:00:00,46.15,102.11,13.97,8.27,0.29,17.61,9.69,82.05,1.41,311.94,0.0,0.0
2025-12-30 07:00:00,48.04,84.95,15.36,5.35,0.4,15.82,10.6,77.55,1.41,332.49,0.0,9.25
2025-12-30 08:00:00,54.46,84.67,17.66,7.78,0.47,18.98,14.36,63.71,1.24,338.21,0.0,59.57
2025-12-30 09:00:00,56.11,90.89,19.3,12.06,0.52,35.5,18.29,51.68,1.3,344.84,0.0,167.68
2025-12-30 10:00:00,54.72,96.0,28.28,13.32,0.67,52.75,21.74,44.66,0.82,268.68,0.0,201.98
2025-12-30 11:00:00,57.45,109.87,55.68,125.28,0.51,44.29,23.97,37.65,1.26,339.43,0.0,212.2
2025-12-30 12:00:00,64.55,134.7,48.22,140.74,0.46,47.07,25.46,32.87,1.08,159.89,0.0,218.92
2025-12-30 13:00:00,52.89,132.49,35.75,102.05,0.41,61.54,27.04,29.45,0.45,103.16,0.0,228.78
2025-12-30 14:00:00,49.09,123.7,34.34,102.7,0.38,71.89,26.99,30.43,0.8,206.11,0.0,212.1
2025-12-30 15:00:00,55.86,125.45,47.12,129.22,0.53,73.22,25.48,32.67,0.6,267.43,0.0,80.82
2025-12-30 16:00:00,55.56,136.26,62.1,122.51,0.88,56.62,23.99,36.9,1.18,78.94,0.0,24.25
2025-12-30 17:00:00,62.9,141.0,112.55,99.54,1.87,10.3,20.18,47.59,1.18,132.78,0.0,0.4
2025-12-30 18:00:00,80.11,159.89,94.97,60.76,2.66,10.52,17.39,58.45,1.04,178.54,0.0,0.0
2025-12-30 19:00:00,122.82,202.01,81.46,44.94,3.29,5.545304042528665,15.96,63.72,1.15,307.68,0.0,0.0
2025-12-30 20:00:00,117.74,220.28,64.38,27.0,2.83,15.478315084454188,14.52,71.72,1.27,304.78,0.0,0.0
2025-12-30 21:00:00,113.59,211.11,53.61,21.58,2.04,31.616236195561818,13.57,76.65,1.29,304.58,0.0,0.0
2025-12-30 22:00:00,105.78,195.64,45.6,18.0,2.09,24.06799551507275,12.77,79.04,1.34,298.68,0.0,0.0
2025-12-30 23:00:00,106.02,196.53,52.95,16.02,1.97,26.387640271362823,12.07,82.84,1.34,312.32,0.0,0.0
2025-12-31 00:00:00,113.01,188.23,41.39,13.64,1.23,41.9737732808013,11.58,86.34,1.43,313.54,0.0,0.0
2025-12-31 01:00:00,116.07,191.93,37.91,17.53,1.02,50.794239669799445,11.48,79.7,1.42,300.59,0.0,0.0
2025-12-31 02:00:00,108.67,179.77,30.62,16.8,1.13,1.38,11.48,79.88,1.25,236.78,0.0,0.0
2025-12-31 03:00:00,102.71,169.12,24.54,14.78,0.97,2.42,10.69,86.8,1.29,240.34,0.0,0.0
2025-12-31 04:00:00,99.73,163.03,18.46,10.36,0.56,0.62,10.12,93.26,1.36,304.67,0.0,0.0
2025-12-31 05:00:00,92.48,130.86,20.05,11.74,0.46,1.4,9.95,89.4,1.33,317.08,0.0,0.0
2025-12-31 06:00:00,82.43,127.9,27.5,12.09,0.76,0.75,9.63,90.35,1.18,236.9,0.0,0.0
2025-12-31 07:00:00,89.22,128.28,25.09,13.4,0.76,0.25,10.37,86.44,1.31,315.27,0.0,8.4
2025-12-31 08:00:00,87.96,127.96,25.64,24.38,0.57,10.57,14.18,70.82,1.4,348.63,0.0,47.12
2025-12-31 09:00:00,92.48,138.99,25.2,41.91,0.48,32.97,18.28,57.78,1.08,167.48,0.0,179.7
2025-12-31 10:00:00,88.24,146.22,28.38,43.43,0.52,55.09,21.64,49.12,0.94,192.91,0.0,229.88
2025-12-31 11:00:00,88.35,149.55,38.14,61.18,0.6,77.11,24.8,42.8,0.8,151.89,0.0,217.7
2025-12-31 12:00:00,79.7,147.6,34.52,69.47,0.47,95.82,26.3,39.3,0.73,192.8,0.0,249.28
2025-12-31 13:00:00,75.66,143.74,31.48,60.52,0.29,86.9,27.34,34.59,0.63,241.33,0.0,251.55
2025-12-31 14:00:00,71.29,125.08,28.29,57.76,0.26,84.51,27.79,34.48,0.49,198.45,0.0,246.1
2025-12-31 15:00:00,67.11,113.53,23.79,58.91,0.17,95.61,26.13,36.36,1.04,215.45,0.0,75.52
2025-12-31 16:00:00,64.03,110.8,74.31,36.61,1.4,29.47,24.27,43.0,0.66,156.44,0.0,18.9
2025-12-31 17:00:00,70.07,115.34,70.37,34.11,1.3,28.85,21.48,49.7,1.02,260.48,0.0,0.52
2025-12-31 18:00:00,51.18,94.63,64.04,24.2,1.23,22.92,18.78,55.32,1.13,230.32,0.0,0.0
2025-12-31 19:00:00,54.52,97.52,78.03,20.62,1.96,6.48,17.6,59.66,1.08,254.93,0.0,0.0
2025-12-31 20:00:00,70.53,115.78,81.59,22.91,2.5,4.5,16.38,64.88,1.05,317.4,0.0,0.0
2025-12-31 21:00:00,93.49,142.74,54.34,18.64,1.46,8.61,15.39,70.39,1.33,322.72,0.0,0.0
2025-12-31 22:00:00,95.4,144.01,52.45,13.36,2.05,6.115046281831985,14.35,80.78,1.33,310.33,0.0,0.0
2025-12-31 23:00:00,90.88,135.49,43.53,11.75,2.55,0.0,13.34,87.27,1.38,304.48,0.0,0.0
