timestamp,temperature_weather,humidity_weather,weather_code,wind_direction_weather,wind_speed
2024-01-01 00:00:00,21.2,58,0,177,2.0
2024-01-01 01:00:00,20.2,61,0,11,1.027777777777778
2024-01-01 02:00:00,16.9,79,0,31,2.111111111111111
2024-01-01 03:00:00,15.4,89,0,360,1.8055555555555556
2024-01-01 04:00:00,15.0,92,0,7,1.7222222222222223
2024-01-01 05:00:00,14.5,94,0,33,2.0277777777777777
2024-01-01 06:00:00,14.8,94,0,28,1.472222222222222
2024-01-01 07:00:00,15.8,91,0,40,1.6944444444444442
2024-01-01 08:00:00,18.8,78,0,66,1.1944444444444444
2024-01-01 09:00:00,21.8,69,0,86,1.611111111111111
2024-01-01 10:00:00,24.0,62,0,94,1.611111111111111
2024-01-01 11:00:00,25.9,55,0,111,1.3888888888888888
2024-01-01 12:00:00,27.3,47,0,132,1.1944444444444444
2024-01-01 13:00:00,28.0,43,0,135,0.6944444444444444
2024-01-01 14:00:00,28.2,42,0,72,0.3055555555555556
2024-01-01 15:00:00,28.2,40,0,9,0.6111111111111112
2024-01-01 16:00:00,27.7,41,0,27,1.1111111111111112
2024-01-01 17:00:00,23.8,61,0,38,2.2777777777777777
2024-01-01 18:00:00,21.7,57,0,93,2.111111111111111
2024-01-01 19:00:00,20.5,56,0,98,3.0277777777777777
2024-01-01 20:00:00,20.3,55,0,106,2.9166666666666665
2024-01-01 21:00:00,19.5,59,0,96,2.8055555555555554
2024-01-01 22:00:00,20.1,56,0,90,2.388888888888889
2024-01-01 23:00:00,22.2,45,0,112,2.1666666666666665
2024-01-02 00:00:00,22.7,43,0,162,1.5833333333333333
2024-01-02 01:00:00,21.7,46,0,188,1.4166666666666665
2024-01-02 02:00:00,20.6,50,0,21,0.8611111111111112
2024-01-02 03:00:00,16.6,70,0,74,1.8611111111111112
2024-01-02 04:00:00,15.9,76,0,31,1.75
2024-01-02 05:00:00,14.5,85,0,6,1.8055555555555556
2024-01-02 06:00:00,14.4,96,0,17,1.3611111111111112
2024-01-02 07:00:00,15.3,93,0,36,1.8611111111111112
2024-01-02 08:00:00,18.4,82,0,56,1.0833333333333333
2024-01-02 09:00:00,21.6,70,0,76,1.25
2024-01-02 10:00:00,24.2,60,0,86,1.4166666666666665
2024-01-02 11:00:00,26.2,52,0,94,1.4166666666666665
2024-01-02 12:00:00,27.6,44,0,103,1.3333333333333333
2024-01-02 13:00:00,28.3,39,0,113,1.3055555555555556
2024-01-02 14:00:00,28.5,37,0,110,1.1666666666666667
2024-01-02 15:00:00,28.3,37,0,95,1.1111111111111112
2024-01-02 16:00:00,27.7,39,0,75,1.1388888888888888
2024-01-02 17:00:00,23.9,57,0,55,2.0833333333333335
2024-01-02 18:00:00,21.9,51,0,101,2.138888888888889
2024-01-02 19:00:00,20.6,54,0,114,2.7222222222222223
2024-01-02 20:00:00,19.8,56,0,116,3.222222222222222
2024-01-02 21:00:00,18.9,61,0,101,3.0555555555555554
2024-01-02 22:00:00,18.3,66,0,104,2.972222222222222
2024-01-02 23:00:00,18.8,64,0,151,2.5
2024-01-03 00:00:00,19.2,61,0,168,2.361111111111111
2024-01-03 01:00:00,17.1,71,0,125,2.4444444444444446
2024-01-03 02:00:00,16.1,77,0,141,2.694444444444444
2024-01-03 03:00:00,18.0,68,0,152,1.6944444444444442
2024-01-03 04:00:00,17.2,72,0,79,1.6388888888888888
2024-01-03 05:00:00,15.4,82,0,47,1.6388888888888888
2024-01-03 06:00:00,14.5,92,0,73,1.6666666666666665
2024-01-03 07:00:00,15.8,86,0,50,1.6944444444444442
2024-01-03 08:00:00,18.5,76,0,33,1.6666666666666665
2024-01-03 09:00:00,21.4,66,0,86,1.5
2024-01-03 10:00:00,24.0,59,0,135,1.5555555555555554
2024-01-03 11:00:00,25.7,56,0,159,1.9444444444444444
2024-01-03 12:00:00,26.9,50,0,162,2.0
2024-01-03 13:00:00,27.8,44,0,180,1.3888888888888888
2024-01-03 14:00:00,28.0,41,0,194,1.25
2024-01-03 15:00:00,27.9,40,0,200,1.1666666666666667
2024-01-03 16:00:00,27.4,42,0,191,1.027777777777778
2024-01-03 17:00:00,25.7,51,0,180,1.1944444444444444
2024-01-03 18:00:00,20.4,91,51,173,2.5277777777777777
2024-01-03 19:00:00,20.2,85,51,142,3.9166666666666665
2024-01-03 20:00:00,20.1,84,3,159,1.7222222222222223
2024-01-03 21:00:00,19.8,87,1,150,1.3888888888888888
2024-01-03 22:00:00,19.1,88,1,126,1.8611111111111112
2024-01-03 23:00:00,18.7,89,0,328,0.9444444444444444
2024-01-04 00:00:00,17.5,96,1,360,1.3888888888888888
2024-01-04 01:00:00,17.5,96,3,331,1.25
2024-01-04 02:00:00,18.0,94,0,5,1.1111111111111112
2024-01-04 03:00:00,16.7,97,0,86,1.611111111111111
2024-01-04 04:00:00,16.4,97,0,55,1.5833333333333333
2024-01-04 05:00:00,16.6,94,0,71,2.111111111111111
2024-01-04 06:00:00,17.4,93,0,68,1.611111111111111
2024-01-04 07:00:00,17.6,93,2,53,1.5
2024-01-04 08:00:00,19.4,86,0,94,1.4166666666666665
2024-01-04 09:00:00,21.5,73,0,63,1.1111111111111112
2024-01-04 10:00:00,23.6,64,0,27,0.888888888888889
2024-01-04 11:00:00,25.1,60,0,360,0.6111111111111112
2024-01-04 12:00:00,26.3,56,0,315,0.2777777777777778
2024-01-04 13:00:00,27.0,51,0,259,0.5
2024-01-04 14:00:00,27.4,48,1,225,0.41666666666666663
2024-01-04 15:00:00,27.5,46,1,259,0.5
2024-01-04 16:00:00,27.1,46,0,225,0.1388888888888889
2024-01-04 17:00:00,26.4,48,0,259,0.5
2024-01-04 18:00:00,22.8,67,0,53,2.0
2024-01-04 19:00:00,21.4,74,1,23,2.055555555555556
2024-01-04 20:00:00,20.7,79,1,3,1.8055555555555556
2024-01-04 21:00:00,19.8,84,2,347,1.75
2024-01-04 22:00:00,19.3,86,0,346,2.055555555555556
2024-01-04 23:00:00,18.6,89,0,356,1.611111111111111
2024-01-05 00:00:00,18.1,91,0,8,1.5
2024-01-05 01:00:00,17.8,90,0,47,1.777777777777778
2024-01-05 02:00:00,17.6,89,0,61,1.8333333333333333
2024-01-05 03:00:00,17.1,91,0,73,1.6666666666666665
2024-01-05 04:00:00,16.7,92,0,62,1.6944444444444442
2024-01-05 05:00:00,16.5,93,0,68,1.611111111111111
2024-01-05 06:00:00,16.5,93,0,79,1.6388888888888888
2024-01-05 07:00:00,17.3,87,0,105,1.972222222222222
2024-01-05 08:00:00,19.5,78,0,83,0.8055555555555555
2024-01-05 09:00:00,21.7,69,0,97,0.8055555555555555
2024-01-05 10:00:00,23.9,62,0,163,1.0555555555555556
2024-01-05 11:00:00,25.6,57,0,176,1.611111111111111
2024-01-05 12:00:00,27.0,51,0,189,2.5277777777777777
2024-01-05 13:00:00,27.6,47,1,198,2.611111111111111
2024-01-05 14:00:00,27.6,46,2,214,2.888888888888889
2024-01-05 15:00:00,27.4,46,1,228,2.694444444444444
2024-01-05 16:00:00,26.8,47,1,235,2.4444444444444446
2024-01-05 17:00:00,24.5,62,0,263,1.7222222222222223
2024-01-05 18:00:00,24.8,50,0,74,0.7222222222222222
2024-01-05 19:00:00,21.5,64,1,288,1.5833333333333333
2024-01-05 20:00:00,20.7,70,1,338,2.1666666666666665
2024-01-05 21:00:00,20.2,74,3,27,1.5555555555555554
2024-01-05 22:00:00,20.7,74,0,351,1.3055555555555556
2024-01-05 23:00:00,19.5,77,0,323,3.138888888888889
2024-01-06 00:00:00,19.7,73,3,358,2.305555555555556
2024-01-06 01:00:00,19.4,77,3,351,2.0277777777777777
2024-01-06 02:00:00,19.6,76,3,9,3.138888888888889
2024-01-06 03:00:00,19.3,77,1,19,2.75
2024-01-06 04:00:00,18.1,84,2,354,2.9166666666666665
2024-01-06 05:00:00,17.7,85,2,12,1.9444444444444444
2024-01-06 06:00:00,18.4,95,51,53,3.138888888888889
2024-01-06 07:00:00,18.5,94,3,95,2.111111111111111
2024-01-06 08:00:00,19.7,88,53,351,2.4444444444444446
2024-01-06 09:00:00,20.6,85,2,17,2.0833333333333335
2024-01-06 10:00:00,22.5,75,2,35,3.1666666666666665
2024-01-06 11:00:00,24.0,67,3,35,2.0833333333333335
2024-01-06 12:00:00,25.1,63,2,43,1.777777777777778
2024-01-06 13:00:00,26.1,59,0,35,2.0833333333333335
2024-01-06 14:00:00,26.2,58,2,47,1.777777777777778
2024-01-06 15:00:00,25.5,57,51,54,1.8611111111111112
2024-01-06 16:00:00,24.7,61,51,83,2.3333333333333335
2024-01-06 17:00:00,23.6,67,3,54,1.3611111111111112
2024-01-06 18:00:00,21.3,76,3,73,2.0833333333333335
2024-01-06 19:00:00,20.8,80,2,43,1.777777777777778
2024-01-06 20:00:00,20.3,82,3,25,2.3333333333333335
2024-01-06 21:00:00,20.0,85,51,332,2.361111111111111
2024-01-06 22:00:00,19.4,87,3,4,2.694444444444444
2024-01-06 23:00:00,18.8,88,0,7,2.3333333333333335
2024-01-07 00:00:00,18.4,91,0,22,2.388888888888889
2024-01-07 01:00:00,17.9,93,0,35,1.9444444444444444
2024-01-07 02:00:00,17.5,94,1,47,1.777777777777778
2024-01-07 03:00:00,17.4,94,1,37,2.138888888888889
2024-01-07 04:00:00,17.0,94,0,37,2.0
2024-01-07 05:00:00,16.5,95,0,34,1.8055555555555556
2024-01-07 06:00:00,16.8,95,0,42,1.5
2024-01-07 07:00:00,17.2,92,0,28,1.9166666666666667
2024-01-07 08:00:00,19.3,82,0,27,2.0
2024-01-07 09:00:00,21.7,71,0,42,2.4166666666666665
2024-01-07 10:00:00,24.0,62,0,55,2.4444444444444446
2024-01-07 11:00:00,25.7,57,0,73,2.0833333333333335
2024-01-07 12:00:00,27.1,47,0,96,2.0
2024-01-07 13:00:00,27.9,41,0,99,1.9166666666666667
2024-01-07 14:00:00,28.3,38,0,84,1.9166666666666667
2024-01-07 15:00:00,28.1,37,0,73,2.0833333333333335
2024-01-07 16:00:00,27.3,40,0,66,2.1944444444444446
2024-01-07 17:00:00,24.4,54,0,47,1.6388888888888888
2024-01-07 18:00:00,22.3,68,1,39,2.1944444444444446
2024-01-07 19:00:00,21.8,68,1,31,2.111111111111111
2024-01-07 20:00:00,21.8,64,1,27,3.5
2024-01-07 21:00:00,21.2,69,0,37,3.5
2024-01-07 22:00:00,20.2,75,0,41,2.7777777777777777
2024-01-07 23:00:00,19.3,80,0,37,2.138888888888889
2024-01-08 00:00:00,18.7,82,0,31,2.3333333333333335
2024-01-08 01:00:00,17.9,85,0,41,1.8333333333333333
2024-01-08 02:00:00,17.6,86,0,24,1.972222222222222
2024-01-08 03:00:00,17.2,87,0,18,1.8888888888888888
2024-01-08 04:00:00,16.8,89,0,31,1.75
2024-01-08 05:00:00,16.5,90,0,38,1.777777777777778
2024-01-08 06:00:00,16.6,93,0,99,1.8333333333333333
2024-01-08 07:00:00,17.0,90,0,360,1.1944444444444444
2024-01-08 08:00:00,19.3,80,0,11,1.5277777777777777
2024-01-08 09:00:00,21.5,71,0,36,1.3611111111111112
2024-01-08 10:00:00,23.5,63,0,60,0.8055555555555555
2024-01-08 11:00:00,25.3,57,0,101,0.5
2024-01-08 12:00:00,26.7,53,0,166,0.41666666666666663
2024-01-08 13:00:00,27.6,49,0,198,0.6388888888888888
2024-01-08 14:00:00,28.0,47,0,189,0.6111111111111112
2024-01-08 15:00:00,28.0,47,0,127,0.5
2024-01-08 16:00:00,27.6,49,0,76,0.8333333333333333
2024-01-08 17:00:00,24.5,69,0,49,1.8333333333333333
2024-01-08 18:00:00,23.2,65,0,36,2.2222222222222223
2024-01-08 19:00:00,22.3,65,0,36,2.2222222222222223
2024-01-08 20:00:00,21.7,64,0,35,2.0833333333333335
2024-01-08 21:00:00,20.7,68,0,43,2.055555555555556
2024-01-08 22:00:00,19.8,72,0,28,1.9166666666666667
2024-01-08 23:00:00,19.3,74,0,28,2.138888888888889
2024-01-09 00:00:00,18.8,77,0,39,2.055555555555556
2024-01-09 01:00:00,18.3,79,0,51,1.9166666666666667
2024-01-09 02:00:00,18.1,78,0,99,2.4444444444444446
2024-01-09 03:00:00,16.8,84,0,81,2.638888888888889
2024-01-09 04:00:00,16.6,84,0,43,1.777777777777778
2024-01-09 05:00:00,16.4,85,0,36,1.8611111111111112
2024-01-09 06:00:00,16.5,88,0,47,1.9166666666666667
2024-01-09 07:00:00,17.1,85,0,71,1.8055555555555556
2024-01-09 08:00:00,19.6,75,0,59,1.1666666666666667
2024-01-09 09:00:00,22.2,66,0,69,1.7222222222222223
2024-01-09 10:00:00,24.6,58,0,76,2.055555555555556
2024-01-09 11:00:00,26.5,51,1,85,2.111111111111111
2024-01-09 12:00:00,28.0,45,1,101,2.138888888888889
2024-01-09 13:00:00,29.0,41,0,121,2.111111111111111
2024-01-09 14:00:00,29.5,37,0,151,1.8333333333333333
2024-01-09 15:00:00,29.4,36,0,160,1.5
2024-01-09 16:00:00,28.9,38,0,142,1.1388888888888888
2024-01-09 17:00:00,26.1,55,0,94,1.5
2024-01-09 18:00:00,24.3,56,3,241,2.055555555555556
2024-01-09 19:00:00,23.3,59,3,250,2.0277777777777777
2024-01-09 20:00:00,23.0,60,3,278,1.5
2024-01-09 21:00:00,22.4,63,3,308,2.4166666666666665
2024-01-09 22:00:00,22.5,63,3,307,2.638888888888889
2024-01-09 23:00:00,22.5,63,3,313,2.611111111111111
2024-01-10 00:00:00,22.1,64,3,313,1.9166666666666667
2024-01-10 01:00:00,21.3,69,3,321,1.4166666666666665
2024-01-10 02:00:00,19.5,80,3,322,1.777777777777778
2024-01-10 03:00:00,20.1,78,3,230,0.7777777777777777
2024-01-10 04:00:00,19.5,79,3,274,1.3055555555555556
2024-01-10 05:00:00,19.2,81,3,357,2.1944444444444446
2024-01-10 06:00:00,19.7,81,3,344,1.8611111111111112
2024-01-10 07:00:00,19.8,82,3,4,1.4166666666666665
2024-01-10 08:00:00,21.6,76,3,135,0.2777777777777778
2024-01-10 09:00:00,23.0,70,2,117,0.22222222222222224
2024-01-10 10:00:00,25.2,62,1,63,0.6666666666666666
2024-01-10 11:00:00,27.0,55,1,61,1.027777777777778
2024-01-10 12:00:00,27.9,50,2,27,0.4444444444444445
2024-01-10 13:00:00,28.0,47,3,324,1.7222222222222223
2024-01-10 14:00:00,27.7,46,3,290,1.5
2024-01-10 15:00:00,27.5,46,3,252,2.0
2024-01-10 16:00:00,26.5,54,3,236,1.0833333333333333
2024-01-10 17:00:00,25.4,66,2,248,1.611111111111111
2024-01-10 18:00:00,22.8,68,2,111,0.8611111111111112
2024-01-10 19:00:00,23.0,68,2,307,1.5
2024-01-10 20:00:00,21.4,74,1,40,1.6944444444444442
2024-01-10 21:00:00,20.7,86,1,83,1.611111111111111
2024-01-10 22:00:00,20.3,90,1,85,1.1944444444444444
2024-01-10 23:00:00,19.6,94,1,38,1.1388888888888888
2024-01-11 00:00:00,19.2,95,0,11,1.5277777777777777
2024-01-11 01:00:00,18.9,95,1,357,2.0
2024-01-11 02:00:00,18.4,95,0,349,1.6388888888888888
2024-01-11 03:00:00,18.1,96,0,352,1.5
2024-01-11 04:00:00,17.5,97,0,344,1.4444444444444444
2024-01-11 05:00:00,17.1,97,0,355,1.1944444444444444
2024-01-11 06:00:00,18.0,98,0,18,1.2777777777777777
2024-01-11 07:00:00,18.3,97,0,22,1.8333333333333333
2024-01-11 08:00:00,19.9,89,0,30,1.3888888888888888
2024-01-11 09:00:00,22.2,78,0,39,1.4166666666666665
2024-01-11 10:00:00,24.7,65,0,43,1.6388888888888888
2024-01-11 11:00:00,26.3,59,0,36,1.7222222222222223
2024-01-11 12:00:00,27.4,55,0,29,1.25
2024-01-11 13:00:00,28.1,52,1,13,0.9166666666666666
2024-01-11 14:00:00,28.3,50,1,339,0.8611111111111112
2024-01-11 15:00:00,28.2,50,0,318,1.1944444444444444
2024-01-11 16:00:00,27.8,52,0,355,1.1944444444444444
2024-01-11 17:00:00,26.0,61,0,42,1.5
2024-01-11 18:00:00,23.6,72,0,34,2.1666666666666665
2024-01-11 19:00:00,23.2,72,0,49,1.8333333333333333
2024-01-11 20:00:00,21.8,79,0,37,2.138888888888889
2024-01-11 21:00:00,21.8,77,0,36,2.361111111111111
2024-01-11 22:00:00,20.8,80,0,25,2.111111111111111
2024-01-11 23:00:00,20.2,83,0,16,2.1944444444444446
2024-01-12 00:00:00,19.7,85,0,13,2.25
2024-01-12 01:00:00,19.1,88,0,16,1.777777777777778
2024-01-12 02:00:00,18.5,90,0,13,1.75
2024-01-12 03:00:00,18.1,91,0,13,1.8333333333333333
2024-01-12 04:00:00,17.7,93,0,9,1.8333333333333333
2024-01-12 05:00:00,17.3,94,0,11,1.6388888888888888
2024-01-12 06:00:00,18.1,93,0,16,1.4444444444444444
2024-01-12 07:00:00,18.6,90,0,25,2.3333333333333335
2024-01-12 08:00:00,20.7,79,0,43,2.055555555555556
2024-01-12 09:00:00,23.0,68,0,43,2.611111111111111
2024-01-12 10:00:00,25.4,59,0,52,3.0555555555555554
2024-01-12 11:00:00,27.1,54,0,60,3.0
2024-01-12 12:00:00,28.2,50,0,59,2.3333333333333335
2024-01-12 13:00:00,28.9,48,0,53,1.5
2024-01-12 14:00:00,29.4,46,1,350,1.1111111111111112
2024-01-12 15:00:00,29.0,47,0,330,1.972222222222222
2024-01-12 16:00:00,28.4,48,0,332,1.6944444444444442
2024-01-12 17:00:00,26.8,58,0,24,0.9722222222222222
2024-01-12 18:00:00,24.7,67,0,74,1.4444444444444444
2024-01-12 19:00:00,24.7,65,0,99,1.2222222222222223
2024-01-12 20:00:00,23.4,71,0,113,1.3055555555555556
2024-01-12 21:00:00,24.2,66,0,189,0.6111111111111112
2024-01-12 22:00:00,21.9,77,0,315,0.41666666666666663
2024-01-12 23:00:00,21.3,80,0,7,3.416666666666667
2024-01-13 00:00:00,20.7,79,0,27,2.4722222222222223
2024-01-13 01:00:00,19.9,79,0,17,2.4166666666666665
2024-01-13 02:00:00,19.2,81,0,16,2.1944444444444446
2024-01-13 03:00:00,18.8,82,0,16,2.1944444444444446
2024-01-13 04:00:00,18.3,83,0,22,1.8333333333333333
2024-01-13 05:00:00,17.8,84,0,16,1.777777777777778
2024-01-13 06:00:00,18.2,79,0,24,1.75
2024-01-13 07:00:00,18.5,78,0,20,2.0277777777777777
2024-01-13 08:00:00,20.7,70,0,37,1.5
2024-01-13 09:00:00,23.2,60,0,72,1.5833333333333333
2024-01-13 10:00:00,25.6,52,0,93,1.6944444444444442
2024-01-13 11:00:00,27.5,47,0,117,1.5555555555555554
2024-01-13 12:00:00,28.7,45,0,144,0.8611111111111112
2024-01-13 13:00:00,29.4,43,0,284,0.41666666666666663
2024-01-13 14:00:00,29.7,42,0,305,1.2222222222222223
2024-01-13 15:00:00,29.9,42,0,346,1.25
2024-01-13 16:00:00,29.7,43,0,14,1.6388888888888888
2024-01-13 17:00:00,27.0,57,0,58,1.5277777777777777
2024-01-13 18:00:00,25.2,63,0,99,1.9166666666666667
2024-01-13 19:00:00,24.9,63,1,153,1.5555555555555554
2024-01-13 20:00:00,24.8,63,3,245,1.4444444444444444
2024-01-13 21:00:00,24.2,64,3,298,1.6944444444444442
2024-01-13 22:00:00,23.4,65,1,345,3.0
2024-01-13 23:00:00,22.9,68,3,10,1.7222222222222223
2024-01-14 00:00:00,22.1,71,0,43,1.9166666666666667
2024-01-14 01:00:00,21.0,74,1,39,1.9166666666666667
2024-01-14 02:00:00,20.4,75,0,39,2.055555555555556
2024-01-14 03:00:00,19.5,78,0,43,1.777777777777778
2024-01-14 04:00:00,18.5,82,0,35,1.5833333333333333
2024-01-14 05:00:00,17.7,85,0,8,1.4166666666666665
2024-01-14 06:00:00,17.6,87,0,12,1.4444444444444444
2024-01-14 07:00:00,18.0,86,0,360,2.0
2024-01-14 08:00:00,20.6,76,0,4,1.5
2024-01-14 09:00:00,23.3,62,0,45,1.4166666666666665
2024-01-14 10:00:00,25.5,54,0,72,1.2777777777777777
2024-01-14 11:00:00,27.2,50,0,90,0.888888888888889
2024-01-14 12:00:00,28.4,47,0,146,0.3611111111111111
2024-01-14 13:00:00,29.1,44,0,249,0.8611111111111112
2024-01-14 14:00:00,29.7,42,1,280,1.1111111111111112
2024-01-14 15:00:00,30.2,38,2,317,1.6388888888888888
2024-01-14 16:00:00,29.5,39,1,319,2.7777777777777777
2024-01-14 17:00:00,27.1,48,0,322,1.6388888888888888
2024-01-14 18:00:00,25.4,58,2,325,1.5833333333333333
2024-01-14 19:00:00,24.9,58,1,323,2.0
2024-01-14 20:00:00,23.9,62,0,313,2.1944444444444446
2024-01-14 21:00:00,23.3,65,0,301,2.694444444444444
2024-01-14 22:00:00,22.5,67,0,324,3.4444444444444446
2024-01-14 23:00:00,21.4,70,0,335,3.083333333333333
2024-01-15 00:00:00,20.3,75,0,335,2.861111111111111
2024-01-15 01:00:00,19.5,79,0,339,2.5555555555555554
2024-01-15 02:00:00,18.5,83,0,343,2.4166666666666665
2024-01-15 03:00:00,17.5,88,0,342,2.305555555555556
2024-01-15 04:00:00,16.8,93,0,345,2.2777777777777777
2024-01-15 05:00:00,16.5,95,0,343,2.0833333333333335
2024-01-15 06:00:00,17.1,94,0,351,1.9166666666666667
2024-01-15 07:00:00,17.5,89,0,349,2.138888888888889
2024-01-15 08:00:00,19.7,76,0,3,1.8888888888888888
2024-01-15 09:00:00,21.9,64,0,28,1.9166666666666667
2024-01-15 10:00:00,24.0,55,0,39,1.9166666666666667
2024-01-15 11:00:00,25.7,50,0,52,1.777777777777778
2024-01-15 12:00:00,26.7,47,0,56,1.0833333333333333
2024-01-15 13:00:00,27.4,44,0,333,0.4444444444444445
2024-01-15 14:00:00,27.7,42,0,308,1.1388888888888888
2024-01-15 15:00:00,27.5,42,0,321,1.2777777777777777
2024-01-15 16:00:00,27.0,44,0,351,1.2222222222222223
2024-01-15 17:00:00,24.6,61,0,23,1.5277777777777777
2024-01-15 18:00:00,23.4,61,0,25,1.6666666666666665
2024-01-15 19:00:00,22.0,67,0,58,1.8888888888888888
2024-01-15 20:00:00,21.3,70,0,58,2.611111111111111
2024-01-15 21:00:00,20.4,72,0,321,1.2777777777777777
2024-01-15 22:00:00,19.7,74,0,339,3.416666666666667
2024-01-15 23:00:00,19.2,72,0,17,2.4166666666666665
2024-01-16 00:00:00,18.2,73,0,15,2.388888888888889
2024-01-16 01:00:00,17.3,74,0,5,2.305555555555556
2024-01-16 02:00:00,16.5,76,0,7,2.4166666666666665
2024-01-16 03:00:00,15.9,79,0,8,2.2222222222222223
2024-01-16 04:00:00,15.3,82,0,6,2.0
2024-01-16 05:00:00,14.8,85,0,6,1.8055555555555556
2024-01-16 06:00:00,15.1,86,0,17,1.3611111111111112
2024-01-16 07:00:00,15.8,83,0,27,1.777777777777778
2024-01-16 08:00:00,18.2,72,0,36,1.7222222222222223
2024-01-16 09:00:00,20.6,62,0,47,1.9166666666666667
2024-01-16 10:00:00,23.1,54,0,55,2.0833333333333335
2024-01-16 11:00:00,25.1,48,0,62,1.6944444444444442
2024-01-16 12:00:00,26.5,45,0,104,0.8333333333333333
2024-01-16 13:00:00,27.5,41,0,198,0.9444444444444444
2024-01-16 14:00:00,28.0,39,0,225,1.4166666666666665
2024-01-16 15:00:00,28.2,37,0,223,1.6388888888888888
2024-01-16 16:00:00,27.9,35,0,225,1.8333333333333333
2024-01-16 17:00:00,25.0,55,0,218,2.2777777777777777
2024-01-16 18:00:00,25.3,46,0,146,0.7222222222222222
2024-01-16 19:00:00,23.7,52,2,342,0.3055555555555556
2024-01-16 20:00:00,20.2,71,3,13,1.75
2024-01-16 21:00:00,19.4,77,2,29,2.5
2024-01-16 22:00:00,19.7,75,1,60,2.1944444444444446
2024-01-16 23:00:00,18.3,81,2,353,1.611111111111111
2024-01-17 00:00:00,17.3,88,3,328,1.8888888888888888
2024-01-17 01:00:00,16.9,90,3,353,1.611111111111111
2024-01-17 02:00:00,16.3,93,2,356,1.4166666666666665
2024-01-17 03:00:00,16.1,93,3,17,1.6666666666666665
2024-01-17 04:00:00,16.6,91,3,337,1.5277777777777777
2024-01-17 05:00:00,16.6,89,3,355,1.1944444444444444
2024-01-17 06:00:00,17.4,86,3,360,1.611111111111111
2024-01-17 07:00:00,17.5,86,3,17,2.0833333333333335
2024-01-17 08:00:00,20.0,74,3,38,1.6388888888888888
2024-01-17 09:00:00,22.3,64,3,45,1.8333333333333333
2024-01-17 10:00:00,23.9,60,1,56,2.305555555555556
2024-01-17 11:00:00,25.7,57,1,70,1.5
2024-01-17 12:00:00,27.1,54,2,127,1.0
2024-01-17 13:00:00,27.7,52,51,222,1.3333333333333333
2024-01-17 14:00:00,28.6,47,0,241,2.055555555555556
2024-01-17 15:00:00,29.0,44,2,242,2.361111111111111
2024-01-17 16:00:00,28.9,44,1,235,3.3055555555555554
2024-01-17 17:00:00,27.0,50,0,232,1.777777777777778
2024-01-17 18:00:00,24.9,59,1,292,1.8333333333333333
2024-01-17 19:00:00,22.9,68,1,15,1.5555555555555554
2024-01-17 20:00:00,21.7,76,1,60,1.611111111111111
2024-01-17 21:00:00,21.4,79,1,106,1.777777777777778
2024-01-17 22:00:00,21.0,82,0,113,2.055555555555556
2024-01-17 23:00:00,20.7,84,0,146,2.1666666666666665
2024-01-18 00:00:00,20.2,86,51,100,2.2222222222222223
2024-01-18 01:00:00,19.7,89,0,10,1.7222222222222223
2024-01-18 02:00:00,19.1,91,1,2,2.5
2024-01-18 03:00:00,18.9,89,0,9,3.2499999999999996
2024-01-18 04:00:00,18.1,81,0,40,3.2777777777777777
2024-01-18 05:00:00,17.5,79,0,38,2.2777777777777777
2024-01-18 06:00:00,17.9,86,3,11,2.638888888888889
2024-01-18 07:00:00,18.1,82,2,21,2.25
2024-01-18 08:00:00,19.3,73,3,34,2.305555555555556
2024-01-18 09:00:00,20.8,69,1,41,2.7777777777777777
2024-01-18 10:00:00,23.0,62,1,50,2.972222222222222
2024-01-18 11:00:00,24.7,58,0,51,2.5555555555555554
2024-01-18 12:00:00,26.0,55,0,47,1.6388888888888888
2024-01-18 13:00:00,26.8,52,51,239,0.5833333333333334
2024-01-18 14:00:00,26.8,51,51,307,1.0
2024-01-18 15:00:00,26.9,50,1,337,1.3055555555555556
2024-01-18 16:00:00,26.6,51,0,4,1.4166666666666665
2024-01-18 17:00:00,25.1,58,0,42,1.1944444444444444
2024-01-18 18:00:00,23.2,68,0,23,2.2777777777777777
2024-01-18 19:00:00,22.5,70,0,34,2.305555555555556
2024-01-18 20:00:00,21.9,73,1,43,2.1944444444444446
2024-01-18 21:00:00,21.4,74,2,54,1.8611111111111112
2024-01-18 22:00:00,21.2,75,3,45,1.5555555555555554
2024-01-18 23:00:00,21.1,71,3,28,3.8333333333333335
2024-01-19 00:00:00,20.3,61,3,31,3.5
2024-01-19 01:00:00,19.3,60,2,38,2.7777777777777777
2024-01-19 02:00:00,18.4,63,2,38,3.0555555555555554
2024-01-19 03:00:00,18.0,63,0,30,3.222222222222222
2024-01-19 04:00:00,17.4,64,0,33,2.75
2024-01-19 05:00:00,17.1,64,0,32,3.0555555555555554
2024-01-19 06:00:00,15.9,86,1,22,2.694444444444444
2024-01-19 07:00:00,16.6,80,3,26,2.7777777777777777
2024-01-19 08:00:00,18.2,69,1,38,3.0555555555555554
2024-01-19 09:00:00,20.3,58,0,38,3.0555555555555554
2024-01-19 10:00:00,22.7,48,0,46,2.75
2024-01-19 11:00:00,24.4,45,0,63,2.9166666666666665
2024-01-19 12:00:00,26.0,44,0,65,2.861111111111111
2024-01-19 13:00:00,26.9,44,0,64,2.7777777777777777
2024-01-19 14:00:00,27.4,43,0,59,2.694444444444444
2024-01-19 15:00:00,27.4,42,0,61,2.638888888888889
2024-01-19 16:00:00,27.0,43,0,49,1.8333333333333333
2024-01-19 17:00:00,24.8,60,0,33,1.6666666666666665
2024-01-19 18:00:00,22.3,70,0,55,1.9444444444444444
2024-01-19 19:00:00,21.9,71,0,77,1.75
2024-01-19 20:00:00,21.6,73,0,74,2.5833333333333335
2024-01-19 21:00:00,20.9,74,0,74,2.5833333333333335
2024-01-19 22:00:00,20.4,77,0,72,2.305555555555556
2024-01-19 23:00:00,19.7,81,0,52,2.2777777777777777
2024-01-20 00:00:00,19.3,84,0,48,2.5555555555555554
2024-01-20 01:00:00,19.0,85,0,63,2.694444444444444
2024-01-20 02:00:00,18.6,86,2,64,2.7777777777777777
2024-01-20 03:00:00,18.4,85,1,58,2.833333333333333
2024-01-20 04:00:00,17.8,84,1,49,3.333333333333333
2024-01-20 05:00:00,17.5,79,3,51,2.833333333333333
2024-01-20 06:00:00,17.7,74,3,48,2.4166666666666665
2024-01-20 07:00:00,18.2,69,2,40,1.6944444444444442
2024-01-20 08:00:00,19.4,66,3,63,2.2222222222222223
2024-01-20 09:00:00,20.6,68,2,96,2.7222222222222223
2024-01-20 10:00:00,22.8,66,1,101,2.638888888888889
2024-01-20 11:00:00,25.0,62,0,115,2.3333333333333335
2024-01-20 12:00:00,26.7,58,0,148,1.3055555555555556
2024-01-20 13:00:00,27.6,56,51,189,1.3055555555555556
2024-01-20 14:00:00,27.6,55,51,220,1.6944444444444442
2024-01-20 15:00:00,27.9,52,51,237,2.75
2024-01-20 16:00:00,27.7,49,2,256,2.972222222222222
2024-01-20 17:00:00,26.4,54,3,274,1.5
2024-01-20 18:00:00,23.5,68,3,309,1.9166666666666667
2024-01-20 19:00:00,22.8,72,51,9,3.2499999999999996
2024-01-20 20:00:00,21.9,77,3,18,1.5833333333333333
2024-01-20 21:00:00,21.1,83,3,14,2.888888888888889
2024-01-20 22:00:00,19.8,91,51,354,1.0
2024-01-20 23:00:00,19.9,93,51,9,2.638888888888889
2024-01-21 00:00:00,19.3,95,3,11,2.5555555555555554
2024-01-21 01:00:00,18.7,96,3,11,3.2499999999999996
2024-01-21 02:00:00,18.2,93,3,14,3.3888888888888884
2024-01-21 03:00:00,17.7,90,3,10,2.944444444444444
2024-01-21 04:00:00,17.2,90,51,360,2.305555555555556
2024-01-21 05:00:00,16.8,93,53,360,1.1944444444444444
2024-01-21 06:00:00,16.5,89,1,355,2.4166666666666665
2024-01-21 07:00:00,16.8,86,0,4,2.694444444444444
2024-01-21 08:00:00,18.7,76,0,8,2.111111111111111
2024-01-21 09:00:00,20.8,67,0,21,1.7222222222222223
2024-01-21 10:00:00,22.9,58,2,40,1.5555555555555554
2024-01-21 11:00:00,24.7,53,3,35,1.5833333333333333
2024-01-21 12:00:00,26.0,47,3,25,1.4444444444444444
2024-01-21 13:00:00,26.8,44,3,360,1.0
2024-01-21 14:00:00,27.1,41,3,338,1.0833333333333333
2024-01-21 15:00:00,27.3,40,3,321,1.2777777777777777
2024-01-21 16:00:00,27.2,38,3,353,1.7222222222222223
2024-01-21 17:00:00,25.3,46,3,21,2.25
2024-01-21 18:00:00,23.8,60,3,68,2.1666666666666665
2024-01-21 19:00:00,22.0,68,3,68,1.8333333333333333
2024-01-21 20:00:00,21.0,72,3,356,1.5
2024-01-21 21:00:00,20.6,56,3,340,4.138888888888889
2024-01-21 22:00:00,19.5,54,0,347,3.5833333333333335
2024-01-21 23:00:00,18.4,60,0,10,2.833333333333333
2024-01-22 00:00:00,17.4,65,1,17,2.4166666666666665
2024-01-22 01:00:00,16.8,68,0,12,2.361111111111111
2024-01-22 02:00:00,16.4,70,1,4,2.8055555555555554
2024-01-22 03:00:00,15.9,71,1,8,2.2222222222222223
2024-01-22 04:00:00,15.0,76,2,14,1.6388888888888888
2024-01-22 05:00:00,14.6,78,3,11,1.5277777777777777
2024-01-22 06:00:00,15.7,68,0,5,2.4166666666666665
2024-01-22 07:00:00,16.0,67,1,2,2.8055555555555554
2024-01-22 08:00:00,17.9,61,0,15,1.972222222222222
2024-01-22 09:00:00,20.3,52,2,43,2.055555555555556
2024-01-22 10:00:00,22.5,47,3,65,2.3333333333333335
2024-01-22 11:00:00,24.3,48,3,70,2.0277777777777777
2024-01-22 12:00:00,25.8,48,3,74,1.777777777777778
2024-01-22 13:00:00,26.8,47,2,82,1.5
2024-01-22 14:00:00,27.4,45,3,90,1.1111111111111112
2024-01-22 15:00:00,27.6,45,3,135,0.41666666666666663
2024-01-22 16:00:00,27.4,44,3,270,0.11111111111111112
2024-01-22 17:00:00,25.9,67,3,21,0.8611111111111112
2024-01-22 18:00:00,23.9,62,3,55,2.0833333333333335
2024-01-22 19:00:00,22.6,68,3,76,1.6388888888888888
2024-01-22 20:00:00,22.0,69,3,93,1.8888888888888888
2024-01-22 21:00:00,21.6,71,3,120,1.611111111111111
2024-01-22 22:00:00,21.2,75,3,99,1.8333333333333333
2024-01-22 23:00:00,21.2,72,3,118,2.138888888888889
2024-01-23 00:00:00,20.1,80,3,88,2.305555555555556
2024-01-23 01:00:00,19.9,83,51,354,1.0
2024-01-23 02:00:00,20.0,81,51,13,1.3333333333333333
2024-01-23 03:00:00,19.1,85,3,6,1.8055555555555556
2024-01-23 04:00:00,18.7,86,3,17,1.3611111111111112
2024-01-23 05:00:00,18.1,89,1,343,2.0833333333333335
2024-01-23 06:00:00,19.0,96,51,321,3.8333333333333335
2024-01-23 07:00:00,19.0,90,51,6,3.0277777777777777
2024-01-23 08:00:00,20.1,86,2,37,2.0
2024-01-23 09:00:00,22.1,76,2,29,2.2777777777777777
2024-01-23 10:00:00,24.0,67,0,31,2.111111111111111
2024-01-23 11:00:00,25.5,59,0,15,2.388888888888889
2024-01-23 12:00:00,26.5,53,0,19,2.111111111111111
2024-01-23 13:00:00,27.6,48,1,330,1.972222222222222
2024-01-23 14:00:00,27.9,46,0,332,2.7222222222222223
2024-01-23 15:00:00,27.5,45,0,341,2.75
2024-01-23 16:00:00,27.3,43,1,347,1.75
2024-01-23 17:00:00,25.7,51,1,37,2.138888888888889
2024-01-23 18:00:00,22.0,74,0,97,1.611111111111111
2024-01-23 19:00:00,21.1,76,0,100,1.7222222222222223
2024-01-23 20:00:00,19.9,80,0,101,1.5277777777777777
2024-01-23 21:00:00,19.4,83,0,25,2.111111111111111
2024-01-23 22:00:00,18.9,79,0,12,2.4444444444444446
2024-01-23 23:00:00,18.1,70,0,10,2.3333333333333335
2024-01-24 00:00:00,17.2,68,0,360,2.1944444444444446
2024-01-24 01:00:00,16.5,69,0,2,2.388888888888889
2024-01-24 02:00:00,16.0,70,0,360,2.388888888888889
2024-01-24 03:00:00,15.1,74,0,4,1.611111111111111
2024-01-24 04:00:00,14.9,74,0,357,2.0
2024-01-24 05:00:00,14.6,73,0,357,2.1944444444444446
2024-01-24 06:00:00,15.0,64,0,345,2.388888888888889
2024-01-24 07:00:00,15.2,62,0,341,2.4444444444444446
2024-01-24 08:00:00,17.4,55,0,347,2.25
2024-01-24 09:00:00,19.6,47,0,9,2.4444444444444446
2024-01-24 10:00:00,21.7,43,0,18,2.0
2024-01-24 11:00:00,23.4,40,0,21,2.25
2024-01-24 12:00:00,24.6,37,0,13,2.1666666666666665
2024-01-24 13:00:00,25.4,33,0,343,2.0833333333333335
2024-01-24 14:00:00,25.8,29,0,331,2.055555555555556
2024-01-24 15:00:00,25.8,26,0,330,2.1944444444444446
2024-01-24 16:00:00,25.2,26,0,325,2.0833333333333335
2024-01-24 17:00:00,22.3,44,0,292,1.8333333333333333
2024-01-24 18:00:00,20.3,36,0,339,2.25
2024-01-24 19:00:00,19.4,37,0,6,3.0277777777777777
2024-01-24 20:00:00,18.2,38,0,16,2.9166666666666665
2024-01-24 21:00:00,16.4,40,0,360,2.0
2024-01-24 22:00:00,15.3,42,0,354,2.0
2024-01-24 23:00:00,15.0,41,0,353,2.3333333333333335
2024-01-25 00:00:00,14.3,44,0,360,2.1944444444444446
2024-01-25 01:00:00,13.8,45,0,2,2.305555555555556
2024-01-25 02:00:00,13.4,45,0,7,2.5277777777777777
2024-01-25 03:00:00,13.2,45,0,8,2.7222222222222223
2024-01-25 04:00:00,12.7,45,0,9,2.638888888888889
2024-01-25 05:00:00,12.2,47,0,5,2.5
2024-01-25 06:00:00,12.0,48,0,17,2.0833333333333335
2024-01-25 07:00:00,12.4,50,0,14,2.055555555555556
2024-01-25 08:00:00,15.3,45,0,15,2.2777777777777777
2024-01-25 09:00:00,18.1,40,0,30,2.1944444444444446
2024-01-25 10:00:00,20.5,43,0,59,2.5555555555555554
2024-01-25 11:00:00,22.3,48,0,78,2.861111111111111
2024-01-25 12:00:00,23.6,43,0,77,2.7777777777777777
2024-01-25 13:00:00,24.4,37,0,67,2.2777777777777777
2024-01-25 14:00:00,24.7,36,0,63,2.0
2024-01-25 15:00:00,24.6,35,0,61,1.8333333333333333
2024-01-25 16:00:00,24.1,37,0,58,1.5277777777777777
2024-01-25 17:00:00,21.8,60,2,79,1.6388888888888888
2024-01-25 18:00:00,19.6,49,3,31,2.3333333333333335
2024-01-25 19:00:00,18.2,53,1,55,2.8055555555555554
2024-01-25 20:00:00,17.1,52,1,56,2.5277777777777777
2024-01-25 21:00:00,15.8,55,0,49,2.9166666666666665
2024-01-25 22:00:00,14.8,60,0,49,3.0555555555555554
2024-01-25 23:00:00,14.1,63,1,22,2.388888888888889
2024-01-26 00:00:00,13.4,65,1,18,2.2222222222222223
2024-01-26 01:00:00,13.0,65,0,15,1.972222222222222
2024-01-26 02:00:00,13.0,64,0,9,1.9166666666666667
2024-01-26 03:00:00,12.4,66,0,9,1.9166666666666667
2024-01-26 04:00:00,11.6,68,0,7,1.7222222222222223
2024-01-26 05:00:00,10.8,71,0,10,2.2222222222222223
2024-01-26 06:00:00,11.4,76,0,25,1.8888888888888888
2024-01-26 07:00:00,12.5,69,0,20,2.0277777777777777
2024-01-26 08:00:00,15.6,59,0,25,1.8888888888888888
2024-01-26 09:00:00,18.7,50,0,49,1.8333333333333333
2024-01-26 10:00:00,21.3,45,2,70,2.3333333333333335
2024-01-26 11:00:00,23.3,41,2,90,2.611111111111111
2024-01-26 12:00:00,24.6,35,3,93,2.1944444444444446
2024-01-26 13:00:00,25.4,32,2,90,1.611111111111111
2024-01-26 14:00:00,25.7,30,0,80,1.1111111111111112
2024-01-26 15:00:00,25.7,30,1,56,1.0833333333333333
2024-01-26 16:00:00,25.2,31,0,34,1.4444444444444444
2024-01-26 17:00:00,22.0,55,1,35,1.9444444444444444
2024-01-26 18:00:00,19.3,47,1,60,3.0
2024-01-26 19:00:00,18.9,47,1,80,2.75
2024-01-26 20:00:00,17.4,52,0,114,2.944444444444444
2024-01-26 21:00:00,17.0,51,1,134,2.75
2024-01-26 22:00:00,17.5,49,0,164,2.1944444444444446
2024-01-26 23:00:00,15.1,59,0,330,1.972222222222222
2024-01-27 00:00:00,15.5,56,0,336,1.972222222222222
2024-01-27 01:00:00,14.3,64,3,335,2.111111111111111
2024-01-27 02:00:00,13.3,69,1,354,1.9166666666666667
2024-01-27 03:00:00,12.5,73,3,360,1.8888888888888888
2024-01-27 04:00:00,11.8,76,3,3,1.8888888888888888
2024-01-27 05:00:00,12.4,69,3,5,2.2222222222222223
2024-01-27 06:00:00,12.1,76,3,6,1.9166666666666667
2024-01-27 07:00:00,13.0,72,3,4,2.694444444444444
2024-01-27 08:00:00,16.2,62,3,5,2.5
2024-01-27 09:00:00,19.5,52,3,28,1.6944444444444442
2024-01-27 10:00:00,22.2,44,3,53,1.5
2024-01-27 11:00:00,24.4,36,3,75,1.972222222222222
2024-01-27 12:00:00,25.7,33,2,81,1.8333333333333333
2024-01-27 13:00:00,26.4,31,2,81,1.3055555555555556
2024-01-27 14:00:00,26.7,31,1,61,1.027777777777778
2024-01-27 15:00:00,26.7,30,2,53,1.0
2024-01-27 16:00:00,26.2,31,1,63,0.888888888888889
2024-01-27 17:00:00,24.0,51,0,119,1.25
2024-01-27 18:00:00,20.2,51,0,119,2.2777777777777777
2024-01-27 19:00:00,18.2,58,1,144,2.861111111111111
2024-01-27 20:00:00,17.9,56,0,163,2.7222222222222223
2024-01-27 21:00:00,17.9,52,3,151,2.638888888888889
2024-01-27 22:00:00,19.7,44,0,137,2.3333333333333335
2024-01-27 23:00:00,20.1,42,0,208,1.472222222222222
2024-01-28 00:00:00,15.2,61,0,7,1.7222222222222223
2024-01-28 01:00:00,13.7,71,0,347,1.75
2024-01-28 02:00:00,12.9,75,0,332,1.6944444444444442
2024-01-28 03:00:00,12.3,78,0,337,2.055555555555556
2024-01-28 04:00:00,11.8,79,3,347,1.8333333333333333
2024-01-28 05:00:00,11.2,83,3,357,1.8055555555555556
2024-01-28 06:00:00,11.5,88,3,15,1.972222222222222
2024-01-28 07:00:00,12.8,82,3,18,1.5833333333333333
2024-01-28 08:00:00,16.3,69,3,39,1.4166666666666665
2024-01-28 09:00:00,19.9,56,3,63,1.3333333333333333
2024-01-28 10:00:00,22.9,46,3,79,1.5277777777777777
2024-01-28 11:00:00,25.2,38,3,98,1.5
2024-01-28 12:00:00,26.7,32,2,133,1.6388888888888888
2024-01-28 13:00:00,27.7,29,3,161,1.8055555555555556
2024-01-28 14:00:00,28.0,29,3,188,1.5
2024-01-28 15:00:00,27.9,29,3,207,1.3333333333333333
2024-01-28 16:00:00,27.4,30,3,207,1.1111111111111112
2024-01-28 17:00:00,26.2,37,3,167,0.9166666666666666
2024-01-28 18:00:00,21.8,45,3,145,2.4444444444444446
2024-01-28 19:00:00,20.0,50,3,148,2.833333333333333
2024-01-28 20:00:00,20.6,48,3,204,2.1944444444444446
2024-01-28 21:00:00,17.7,61,3,294,1.75
2024-01-28 22:00:00,16.6,70,3,262,1.4166666666666665
2024-01-28 23:00:00,16.5,70,3,258,1.4444444444444444
2024-01-29 00:00:00,15.1,79,3,325,1.2222222222222223
2024-01-29 01:00:00,15.0,80,3,337,1.5277777777777777
2024-01-29 02:00:00,14.5,81,3,315,1.6944444444444442
2024-01-29 03:00:00,14.6,77,3,319,1.8333333333333333
2024-01-29 04:00:00,14.6,77,3,331,1.8333333333333333
2024-01-29 05:00:00,15.9,71,3,352,1.4166666666666665
2024-01-29 06:00:00,12.8,90,3,360,1.5
2024-01-29 07:00:00,13.8,85,3,3,1.8055555555555556
2024-01-29 08:00:00,17.3,70,2,4,1.4166666666666665
2024-01-29 09:00:00,21.3,56,2,10,1.1111111111111112
2024-01-29 10:00:00,24.2,45,3,30,0.8055555555555555
2024-01-29 11:00:00,26.3,38,3,104,0.41666666666666663
2024-01-29 12:00:00,27.9,33,2,165,1.1388888888888888
2024-01-29 13:00:00,28.9,30,2,187,1.7222222222222223
2024-01-29 14:00:00,29.2,30,1,190,2.3333333333333335
2024-01-29 15:00:00,29.1,31,2,188,2.833333333333333
2024-01-29 16:00:00,28.5,33,2,180,3.1111111111111107
2024-01-29 17:00:00,26.1,41,3,166,2.888888888888889
2024-01-29 18:00:00,23.7,50,1,196,2.5
2024-01-29 19:00:00,21.8,57,0,221,2.2777777777777777
2024-01-29 20:00:00,20.9,60,2,231,2.1944444444444446
2024-01-29 21:00:00,20.6,61,2,242,2.138888888888889
2024-01-29 22:00:00,19.9,64,2,308,2.2777777777777777
2024-01-29 23:00:00,19.6,64,0,321,2.5555555555555554
2024-01-30 00:00:00,19.1,66,0,324,2.5833333333333335
2024-01-30 01:00:00,18.2,71,0,335,2.3333333333333335
2024-01-30 02:00:00,17.6,74,0,321,2.1944444444444446
2024-01-30 03:00:00,17.3,75,0,322,2.2777777777777777
2024-01-30 04:00:00,16.8,74,0,328,2.25
2024-01-30 05:00:00,16.0,76,1,6,1.8055555555555556
2024-01-30 06:00:00,15.8,80,3,353,1.7222222222222223
2024-01-30 07:00:00,16.4,79,1,355,2.4166666666666665
2024-01-30 08:00:00,19.2,70,0,6,1.8055555555555556
2024-01-30 09:00:00,22.2,61,0,37,1.5
2024-01-30 10:00:00,24.8,48,0,55,1.9444444444444444
2024-01-30 11:00:00,26.5,41,0,72,1.8888888888888888
2024-01-30 12:00:00,27.6,37,1,86,1.5
2024-01-30 13:00:00,28.2,36,1,90,0.6944444444444444
2024-01-30 14:00:00,28.4,36,3,243,0.22222222222222224
2024-01-30 15:00:00,28.3,35,3,96,0.9166666666666666
2024-01-30 16:00:00,27.9,36,2,112,2.388888888888889
2024-01-30 17:00:00,26.1,43,3,144,3.083333333333333
2024-01-30 18:00:00,22.3,51,2,170,2.944444444444444
2024-01-30 19:00:00,21.6,50,2,174,2.9166666666666665
2024-01-30 20:00:00,21.5,49,2,205,2.111111111111111
2024-01-30 21:00:00,19.8,58,3,261,1.8333333333333333
2024-01-30 22:00:00,19.0,59,3,326,3.0277777777777777
2024-01-30 23:00:00,18.4,59,3,313,2.055555555555556
2024-01-31 00:00:00,17.7,63,3,343,2.4166666666666665
2024-01-31 01:00:00,17.3,64,3,341,2.4444444444444446
2024-01-31 02:00:00,15.7,71,3,350,1.7222222222222223
2024-01-31 03:00:00,16.0,68,3,357,2.1944444444444446
2024-01-31 04:00:00,14.7,77,3,99,1.3055555555555556
2024-01-31 05:00:00,14.1,83,3,27,2.0
2024-01-31 06:00:00,16.7,80,3,356,1.4166666666666665
2024-01-31 07:00:00,17.6,77,3,7,2.3333333333333335
2024-01-31 08:00:00,19.5,71,3,13,1.3333333333333333
2024-01-31 09:00:00,22.1,60,3,42,1.5
2024-01-31 10:00:00,24.4,53,3,87,1.6944444444444442
2024-01-31 11:00:00,26.1,50,3,128,1.6388888888888888
2024-01-31 12:00:00,27.5,47,3,169,2.0277777777777777
2024-01-31 13:00:00,28.4,45,3,207,3.0277777777777777
2024-01-31 14:00:00,28.7,43,3,215,3.6666666666666665
2024-01-31 15:00:00,28.8,42,3,231,3.9722222222222223
2024-01-31 16:00:00,28.0,45,3,224,3.611111111111111
2024-01-31 17:00:00,26.4,64,3,207,1.5555555555555554
2024-01-31 18:00:00,25.1,51,3,124,1.4444444444444444
2024-01-31 19:00:00,26.1,45,3,108,0.3055555555555556
2024-01-31 20:00:00,25.4,47,3,323,0.5
2024-01-31 21:00:00,23.6,53,3,342,0.9444444444444444
2024-01-31 22:00:00,20.4,69,3,330,1.611111111111111
2024-01-31 23:00:00,19.3,72,3,315,1.972222222222222
2024-02-01 00:00:00,19.6,67,3,313,2.055555555555556
2024-02-01 01:00:00,18.7,69,3,322,2.4166666666666665
2024-02-01 02:00:00,17.9,74,1,360,2.1944444444444446
2024-02-01 03:00:00,16.9,82,1,12,1.4444444444444444
2024-02-01 04:00:00,16.9,84,1,342,2.305555555555556
2024-02-01 05:00:00,16.9,81,1,354,2.0
2024-02-01 06:00:00,18.8,74,2,337,2.611111111111111
2024-02-01 07:00:00,18.9,74,1,354,2.0
2024-02-01 08:00:00,20.4,70,1,100,1.1111111111111112
2024-02-01 09:00:00,22.8,61,0,32,0.9444444444444444
2024-02-01 10:00:00,25.3,53,1,24,1.1944444444444444
2024-02-01 11:00:00,27.0,47,1,32,0.9444444444444444
2024-02-01 12:00:00,28.1,43,0,6,0.9166666666666666
2024-02-01 13:00:00,28.9,40,1,343,1.0555555555555556
2024-02-01 14:00:00,29.6,37,2,349,1.027777777777778
2024-02-01 15:00:00,30.2,34,3,220,0.7777777777777777
2024-02-01 16:00:00,29.7,35,3,222,2.5555555555555554
2024-02-01 17:00:00,26.7,64,1,249,1.3888888888888888
2024-02-01 18:00:00,24.2,58,1,65,2.111111111111111
2024-02-01 19:00:00,24.1,59,2,86,1.3055555555555556
2024-02-01 20:00:00,23.0,61,2,345,1.5555555555555554
2024-02-01 21:00:00,23.4,47,2,333,4.027777777777778
2024-02-01 22:00:00,22.3,51,1,356,2.8055555555555554
2024-02-01 23:00:00,20.8,58,0,19,1.8055555555555556
2024-02-02 00:00:00,19.3,67,1,76,2.055555555555556
2024-02-02 01:00:00,18.3,71,0,347,1.8333333333333333
2024-02-02 02:00:00,18.1,72,0,328,1.3055555555555556
2024-02-02 03:00:00,17.6,73,0,337,1.5277777777777777
2024-02-02 04:00:00,16.7,77,0,339,1.7222222222222223
2024-02-02 05:00:00,16.7,76,0,357,2.0
2024-02-02 06:00:00,18.1,68,0,7,2.5277777777777777
2024-02-02 07:00:00,18.4,69,0,31,2.111111111111111
2024-02-02 08:00:00,21.1,61,0,14,2.055555555555556
2024-02-02 09:00:00,23.5,52,0,15,2.7777777777777777
2024-02-02 10:00:00,25.6,45,0,18,2.611111111111111
2024-02-02 11:00:00,27.5,40,0,18,2.833333333333333
2024-02-02 12:00:00,28.5,37,1,15,2.694444444444444
2024-02-02 13:00:00,29.3,35,3,357,1.8888888888888888
2024-02-02 14:00:00,29.1,35,1,327,1.6666666666666665
2024-02-02 15:00:00,29.1,34,1,308,2.2777777777777777
2024-02-02 16:00:00,28.6,33,2,308,2.4166666666666665
2024-02-02 17:00:00,27.6,36,2,90,0.38888888888888884
2024-02-02 18:00:00,25.2,42,1,27,1.777777777777778
2024-02-02 19:00:00,24.3,45,3,52,2.7777777777777777
2024-02-02 20:00:00,23.7,46,1,350,1.7222222222222223
2024-02-02 21:00:00,22.3,48,0,339,3.638888888888889
2024-02-02 22:00:00,21.2,51,0,356,2.9166666666666665
2024-02-02 23:00:00,20.1,54,0,360,2.388888888888889
2024-02-03 00:00:00,18.6,61,0,9,1.8333333333333333
2024-02-03 01:00:00,18.1,63,0,343,1.6666666666666665
2024-02-03 02:00:00,18.0,62,1,343,2.0833333333333335
2024-02-03 03:00:00,17.4,64,2,3,2.1944444444444446
2024-02-03 04:00:00,16.9,66,2,8,2.2222222222222223
2024-02-03 05:00:00,16.3,68,1,12,1.9444444444444444
2024-02-03 06:00:00,16.1,64,0,357,1.6944444444444442
2024-02-03 07:00:00,16.8,64,0,360,1.8888888888888888
2024-02-03 08:00:00,19.7,55,0,27,1.777777777777778
2024-02-03 09:00:00,22.1,46,0,47,2.3333333333333335
2024-02-03 10:00:00,24.4,41,0,58,2.4722222222222223
2024-02-03 11:00:00,26.4,35,0,67,2.833333333333333
2024-02-03 12:00:00,27.7,32,0,75,2.388888888888889
2024-02-03 13:00:00,28.4,31,0,82,1.4166666666666665
2024-02-03 14:00:00,28.7,31,0,63,0.6666666666666666
2024-02-03 15:00:00,28.6,31,0,353,0.8055555555555555
2024-02-03 16:00:00,28.2,32,2,343,1.3611111111111112
2024-02-03 17:00:00,26.0,59,1,36,1.3611111111111112
2024-02-03 18:00:00,23.1,50,0,60,2.4166666666666665
2024-02-03 19:00:00,21.9,53,0,104,2.055555555555556
2024-02-03 20:00:00,21.7,53,0,184,1.4166666666666665
2024-02-03 21:00:00,20.3,58,0,266,1.611111111111111
2024-02-03 22:00:00,20.0,58,0,345,2.694444444444444
2024-02-03 23:00:00,19.5,58,0,353,2.611111111111111
2024-02-04 00:00:00,19.0,58,0,13,2.25
2024-02-04 01:00:00,18.2,61,0,9,1.9166666666666667
2024-02-04 02:00:00,17.6,64,0,360,1.8055555555555556
2024-02-04 03:00:00,16.9,68,0,360,1.8055555555555556
2024-02-04 04:00:00,16.4,72,0,354,1.8055555555555556
2024-02-04 05:00:00,15.7,75,0,345,1.5555555555555554
2024-02-04 06:00:00,16.7,73,0,354,1.9166666666666667
2024-02-04 07:00:00,17.4,72,0,354,2.0
2024-02-04 08:00:00,20.3,64,0,14,1.25
2024-02-04 09:00:00,23.4,53,0,59,1.1666666666666667
2024-02-04 10:00:00,25.8,43,0,90,1.611111111111111
2024-02-04 11:00:00,27.8,36,0,112,1.8333333333333333
2024-02-04 12:00:00,29.2,31,0,139,1.972222222222222
2024-02-04 13:00:00,30.0,30,0,161,1.8055555555555556
2024-02-04 14:00:00,30.3,30,0,184,1.611111111111111
2024-02-04 15:00:00,30.3,30,0,200,1.5
2024-02-04 16:00:00,29.9,31,0,201,1.3888888888888888
2024-02-04 17:00:00,27.4,59,0,153,1.3333333333333333
2024-02-04 18:00:00,24.5,47,0,102,2.4444444444444446
2024-02-04 19:00:00,24.5,44,0,122,2.25
2024-02-04 20:00:00,25.6,38,0,167,1.3333333333333333
2024-02-04 21:00:00,24.7,40,0,69,1.3888888888888888
2024-02-04 22:00:00,23.8,43,0,42,1.3333333333333333
2024-02-04 23:00:00,23.7,42,0,94,1.4166666666666665
2024-02-05 00:00:00,23.3,43,0,315,0.2777777777777778
2024-02-05 01:00:00,20.6,52,0,297,0.4444444444444445
2024-02-05 02:00:00,19.4,55,0,311,1.0555555555555556
2024-02-05 03:00:00,17.8,66,0,318,1.5
2024-02-05 04:00:00,17.0,72,0,301,1.1666666666666667
2024-02-05 05:00:00,16.9,73,0,286,0.7222222222222222
2024-02-05 06:00:00,20.6,54,0,353,0.8055555555555555
2024-02-05 07:00:00,18.8,75,0,14,0.41666666666666663
2024-02-05 08:00:00,21.6,60,0,30,0.8055555555555555
2024-02-05 09:00:00,24.7,49,0,112,0.5277777777777778
2024-02-05 10:00:00,27.2,42,0,171,1.3055555555555556
2024-02-05 11:00:00,29.3,39,0,198,2.2222222222222223
2024-02-05 12:00:00,31.1,36,0,213,2.972222222222222
2024-02-05 13:00:00,32.4,34,0,223,3.6666666666666665
2024-02-05 14:00:00,33.1,32,0,235,4.027777777777778
2024-02-05 15:00:00,33.0,31,0,255,4.138888888888889
2024-02-05 16:00:00,32.2,34,0,268,3.194444444444444
2024-02-05 17:00:00,29.3,61,0,270,2.0
2024-02-05 18:00:00,30.8,34,0,276,1.0
2024-02-05 19:00:00,24.9,51,0,281,2.5555555555555554
2024-02-05 20:00:00,25.2,43,0,298,2.944444444444444
2024-02-05 21:00:00,24.7,45,0,314,2.75
2024-02-05 22:00:00,23.3,51,0,313,2.1944444444444446
2024-02-05 23:00:00,21.8,58,0,333,2.0
2024-02-06 00:00:00,21.5,60,0,337,2.2777777777777777
2024-02-06 01:00:00,20.8,63,0,336,2.1944444444444446
2024-02-06 02:00:00,20.0,66,0,346,2.055555555555556
2024-02-06 03:00:00,19.3,68,0,351,1.9166666666666667
2024-02-06 04:00:00,18.0,76,0,344,2.9166666666666665
2024-02-06 05:00:00,20.1,66,0,301,1.75
2024-02-06 06:00:00,18.5,74,0,291,2.5555555555555554
2024-02-06 07:00:00,20.0,69,0,266,1.4166666666666665
2024-02-06 08:00:00,22.8,61,0,249,1.3888888888888888
2024-02-06 09:00:00,25.6,52,0,231,1.2777777777777777
2024-02-06 10:00:00,27.6,47,0,264,0.9166666666666666
2024-02-06 11:00:00,29.3,43,0,270,1.0
2024-02-06 12:00:00,30.7,40,0,250,1.1666666666666667
2024-02-06 13:00:00,32.2,34,0,242,1.9166666666666667
2024-02-06 14:00:00,32.9,29,0,244,2.7777777777777777
2024-02-06 15:00:00,33.1,26,1,260,3.3611111111111107
2024-02-06 16:00:00,32.1,29,2,285,2.7777777777777777
2024-02-06 17:00:00,29.4,40,2,313,1.777777777777778
2024-02-06 18:00:00,25.6,48,2,316,2.75
2024-02-06 19:00:00,26.0,44,1,290,2.6666666666666665
2024-02-06 20:00:00,25.4,52,0,320,2.3333333333333335
2024-02-06 21:00:00,24.2,62,0,339,2.5555555555555554
2024-02-06 22:00:00,23.2,66,0,6,3.0277777777777777
2024-02-06 23:00:00,22.2,71,0,10,2.75
2024-02-07 00:00:00,21.1,78,0,17,2.0833333333333335
2024-02-07 01:00:00,20.6,81,0,24,2.4166666666666665
2024-02-07 02:00:00,20.1,83,0,34,2.5277777777777777
2024-02-07 03:00:00,19.6,84,0,24,2.7222222222222223
2024-02-07 04:00:00,18.8,86,0,21,2.4722222222222223
2024-02-07 05:00:00,18.0,90,0,31,1.75
2024-02-07 06:00:00,18.0,89,0,16,1.8611111111111112
2024-02-07 07:00:00,18.4,87,0,20,2.3333333333333335
2024-02-07 08:00:00,20.3,77,0,34,2.1666666666666665
2024-02-07 09:00:00,22.6,67,0,41,1.972222222222222
2024-02-07 10:00:00,25.2,58,0,37,2.138888888888889
2024-02-07 11:00:00,27.2,50,1,29,2.055555555555556
2024-02-07 12:00:00,28.6,46,2,16,1.4444444444444444
2024-02-07 13:00:00,29.5,43,1,329,1.1666666666666667
2024-02-07 14:00:00,30.0,42,2,301,1.75
2024-02-07 15:00:00,30.3,41,1,300,1.611111111111111
2024-02-07 16:00:00,30.6,38,0,306,0.8611111111111112
2024-02-07 17:00:00,29.1,55,0,360,0.5
2024-02-07 18:00:00,26.4,48,0,243,2.0
2024-02-07 19:00:00,26.6,45,0,247,1.5277777777777777
2024-02-07 20:00:00,24.8,49,0,349,4.361111111111111
2024-02-07 21:00:00,24.2,52,0,357,4.194444444444445
2024-02-07 22:00:00,22.8,59,0,360,3.3055555555555554
2024-02-07 23:00:00,21.7,63,0,8,2.7222222222222223
2024-02-08 00:00:00,20.8,66,0,9,2.4444444444444446
2024-02-08 01:00:00,20.0,69,0,18,2.305555555555556
2024-02-08 02:00:00,19.5,69,0,13,2.6666666666666665
2024-02-08 03:00:00,19.0,68,0,13,3.083333333333333
2024-02-08 04:00:00,18.5,66,0,12,3.3611111111111107
2024-02-08 05:00:00,18.1,65,1,12,3.2777777777777777
2024-02-08 06:00:00,18.3,59,1,12,3.3611111111111107
2024-02-08 07:00:00,18.4,57,1,13,3.5833333333333335
2024-02-08 08:00:00,20.0,48,2,22,3.7777777777777777
2024-02-08 09:00:00,21.8,39,2,30,3.4444444444444446
2024-02-08 10:00:00,23.6,35,3,34,3.611111111111111
2024-02-08 11:00:00,25.4,31,2,33,3.4722222222222223
2024-02-08 12:00:00,26.7,29,1,31,3.138888888888889
2024-02-08 13:00:00,27.6,29,1,28,2.5833333333333335
2024-02-08 14:00:00,28.1,28,3,16,2.1944444444444446
2024-02-08 15:00:00,28.2,28,3,3,2.111111111111111
2024-02-08 16:00:00,28.0,28,1,357,2.111111111111111
2024-02-08 17:00:00,26.0,43,0,351,1.3055555555555556
2024-02-08 18:00:00,21.8,46,1,347,2.25
2024-02-08 19:00:00,20.5,52,0,20,2.3333333333333335
2024-02-08 20:00:00,20.2,48,0,33,2.0277777777777777
2024-02-08 21:00:00,19.5,48,0,18,2.611111111111111
2024-02-08 22:00:00,18.8,48,0,28,2.361111111111111
2024-02-08 23:00:00,17.7,51,0,31,2.111111111111111
2024-02-09 00:00:00,16.8,54,0,32,1.8888888888888888
2024-02-09 01:00:00,16.1,56,0,29,1.8333333333333333
2024-02-09 02:00:00,15.7,57,0,20,2.0277777777777777
2024-02-09 03:00:00,15.2,59,1,20,2.0277777777777777
2024-02-09 04:00:00,14.8,61,2,24,1.972222222222222
2024-02-09 05:00:00,14.6,62,1,19,2.111111111111111
2024-02-09 06:00:00,15.2,66,0,21,2.25
2024-02-09 07:00:00,15.8,63,0,16,2.9166666666666665
2024-02-09 08:00:00,18.3,52,0,24,2.7222222222222223
2024-02-09 09:00:00,20.9,43,0,39,2.833333333333333
2024-02-09 10:00:00,23.6,35,0,56,3.0277777777777777
2024-02-09 11:00:00,25.5,32,0,69,3.0
2024-02-09 12:00:00,26.9,30,0,81,2.5277777777777777
2024-02-09 13:00:00,27.7,29,0,80,2.3333333333333335
2024-02-09 14:00:00,28.1,29,0,75,1.972222222222222
2024-02-09 15:00:00,28.1,30,0,73,1.6666666666666665
2024-02-09 16:00:00,27.7,31,0,62,1.6944444444444442
2024-02-09 17:00:00,25.8,46,0,58,1.3055555555555556
2024-02-09 18:00:00,22.4,42,0,62,2.361111111111111
2024-02-09 19:00:00,20.9,47,0,75,3.0
2024-02-09 20:00:00,20.1,47,0,96,2.7222222222222223
2024-02-09 21:00:00,19.8,47,0,92,2.611111111111111
2024-02-09 22:00:00,19.3,47,0,53,2.138888888888889
2024-02-09 23:00:00,18.8,47,0,36,2.361111111111111
2024-02-10 00:00:00,17.9,48,0,35,1.9444444444444444
2024-02-10 01:00:00,17.2,48,0,47,1.9166666666666667
2024-02-10 02:00:00,16.7,49,0,36,1.8611111111111112
2024-02-10 03:00:00,16.4,47,0,51,1.9166666666666667
2024-02-10 04:00:00,15.7,49,0,61,1.8333333333333333
2024-02-10 05:00:00,15.5,49,0,43,1.777777777777778
2024-02-10 06:00:00,16.6,49,0,29,2.055555555555556
2024-02-10 07:00:00,17.3,50,0,33,2.388888888888889
2024-02-10 08:00:00,19.8,46,0,43,2.055555555555556
2024-02-10 09:00:00,22.5,43,0,67,2.5
2024-02-10 10:00:00,24.7,45,1,85,2.4166666666666665
2024-02-10 11:00:00,26.6,48,2,122,2.25
2024-02-10 12:00:00,25.0,61,53,215,3.888888888888889
2024-02-10 13:00:00,25.2,57,0,250,1.1666666666666667
2024-02-10 14:00:00,27.2,54,0,90,0.3055555555555556
2024-02-10 15:00:00,27.7,54,0,349,0.5
2024-02-10 16:00:00,27.7,55,0,15,1.1388888888888888
2024-02-10 17:00:00,26.9,58,0,21,1.3888888888888888
2024-02-10 18:00:00,22.5,66,0,56,3.75
2024-02-10 19:00:00,21.6,72,0,67,4.444444444444445
2024-02-10 20:00:00,21.2,75,0,59,2.694444444444444
2024-02-10 21:00:00,21.0,76,0,59,2.5555555555555554
2024-02-10 22:00:00,20.5,80,0,27,1.5555555555555554
2024-02-10 23:00:00,19.7,85,53,115,1.6666666666666665
2024-02-11 00:00:00,19.7,86,51,324,0.8611111111111112
2024-02-11 01:00:00,19.0,93,0,48,1.5
2024-02-11 02:00:00,18.6,93,0,96,1.8055555555555556
2024-02-11 03:00:00,18.5,93,0,82,3.638888888888889
2024-02-11 04:00:00,18.0,92,0,66,2.4166666666666665
2024-02-11 05:00:00,17.4,93,0,69,2.25
2024-02-11 06:00:00,18.5,88,0,45,3.8055555555555554
2024-02-11 07:00:00,19.1,84,0,74,2.5833333333333335
2024-02-11 08:00:00,21.0,78,0,90,3.1111111111111107
2024-02-11 09:00:00,22.8,72,1,87,3.5
2024-02-11 10:00:00,24.8,65,1,106,2.9166666666666665
2024-02-11 11:00:00,26.7,63,2,156,2.7222222222222223
2024-02-11 12:00:00,27.6,61,3,190,3.4444444444444446
2024-02-11 13:00:00,27.5,62,51,175,2.5
2024-02-11 14:00:00,28.5,60,3,167,1.75
2024-02-11 15:00:00,28.7,57,1,99,0.6111111111111112
2024-02-11 16:00:00,27.1,63,51,77,1.3333333333333333
2024-02-11 17:00:00,23.8,82,53,128,3.6944444444444446
2024-02-11 18:00:00,23.4,79,0,117,2.8055555555555554
2024-02-11 19:00:00,21.7,87,1,23,4.444444444444445
2024-02-11 20:00:00,20.0,93,51,58,3.0555555555555554
2024-02-11 21:00:00,20.3,89,0,88,2.694444444444444
2024-02-11 22:00:00,19.5,93,0,50,1.6944444444444442
2024-02-11 23:00:00,18.6,97,1,62,1.472222222222222
2024-02-12 00:00:00,18.8,96,3,80,1.7222222222222223
2024-02-12 01:00:00,18.5,97,2,84,2.0
2024-02-12 02:00:00,18.0,98,2,67,1.3055555555555556
2024-02-12 03:00:00,18.0,98,3,51,1.4166666666666665
2024-02-12 04:00:00,17.7,98,3,58,1.5277777777777777
2024-02-12 05:00:00,17.7,98,3,78,1.9444444444444444
2024-02-12 06:00:00,18.9,89,51,98,1.5
2024-02-12 07:00:00,18.8,92,3,94,3.194444444444444
2024-02-12 08:00:00,20.5,84,3,107,3.0277777777777777
2024-02-12 09:00:00,22.7,75,3,117,2.8055555555555554
2024-02-12 10:00:00,24.9,70,3,127,3.138888888888889
2024-02-12 11:00:00,27.2,61,3,161,3.3888888888888884
2024-02-12 12:00:00,27.8,59,3,164,3.333333333333333
2024-02-12 13:00:00,28.7,55,3,161,2.75
2024-02-12 14:00:00,28.8,55,2,174,2.7222222222222223
2024-02-12 15:00:00,29.0,53,1,175,2.5
2024-02-12 16:00:00,28.7,51,3,178,3.194444444444444
2024-02-12 17:00:00,24.9,71,55,282,2.972222222222222
2024-02-12 18:00:00,24.4,69,3,227,2.055555555555556
2024-02-12 19:00:00,23.1,72,3,53,1.5
2024-02-12 20:00:00,23.3,73,3,19,3.0555555555555554
2024-02-12 21:00:00,22.7,72,3,48,2.833333333333333
2024-02-12 22:00:00,21.2,77,3,40,1.6944444444444442
2024-02-12 23:00:00,20.5,82,3,18,1.5833333333333333
2024-02-13 00:00:00,19.9,86,2,42,1.5
2024-02-13 01:00:00,19.2,90,3,9,1.2222222222222223
2024-02-13 02:00:00,19.1,92,2,355,1.1944444444444444
2024-02-13 03:00:00,18.2,94,3,51,1.2777777777777777
2024-02-13 04:00:00,17.9,94,3,68,1.611111111111111
2024-02-13 05:00:00,17.5,94,3,45,1.4166666666666665
2024-02-13 06:00:00,18.8,90,3,111,1.7222222222222223
2024-02-13 07:00:00,20.0,82,3,104,1.25
2024-02-13 08:00:00,22.2,73,3,124,1.4444444444444444
2024-02-13 09:00:00,24.4,67,3,157,2.055555555555556
2024-02-13 10:00:00,26.3,62,3,180,2.5
2024-02-13 11:00:00,27.8,57,3,182,2.888888888888889
2024-02-13 12:00:00,29.2,51,3,182,3.194444444444444
2024-02-13 13:00:00,30.2,47,3,194,3.611111111111111
2024-02-13 14:00:00,30.0,47,3,207,4.027777777777778
2024-02-13 15:00:00,30.5,45,3,213,3.6944444444444446
2024-02-13 16:00:00,30.0,45,3,196,2.5
2024-02-13 17:00:00,28.0,52,3,149,2.3333333333333335
2024-02-13 18:00:00,26.0,52,3,124,3.2499999999999996
2024-02-13 19:00:00,24.9,50,3,144,2.2222222222222223
2024-02-13 20:00:00,25.8,45,3,204,1.75
2024-02-13 21:00:00,25.3,46,3,72,1.2777777777777777
2024-02-13 22:00:00,23.2,56,3,66,1.1944444444444444
2024-02-13 23:00:00,22.1,63,3,109,2.111111111111111
2024-02-14 00:00:00,20.7,67,3,332,1.472222222222222
2024-02-14 01:00:00,18.7,83,3,325,1.5833333333333333
2024-02-14 02:00:00,18.6,84,3,309,1.2777777777777777
2024-02-14 03:00:00,18.4,88,3,301,1.1666666666666667
2024-02-14 04:00:00,19.1,83,3,317,2.055555555555556
2024-02-14 05:00:00,18.7,82,2,313,1.6388888888888888
2024-02-14 06:00:00,18.3,90,3,324,1.3611111111111112
2024-02-14 07:00:00,19.5,85,3,306,1.3611111111111112
2024-02-14 08:00:00,21.6,78,3,326,1.0833333333333333
2024-02-14 09:00:00,24.3,70,3,309,0.6388888888888888
2024-02-14 10:00:00,26.7,61,3,143,0.5
2024-02-14 11:00:00,28.1,54,3,194,0.8333333333333333
2024-02-14 12:00:00,28.7,51,3,214,1.4444444444444444
2024-02-14 13:00:00,29.5,49,3,234,1.3611111111111112
2024-02-14 14:00:00,30.2,47,0,225,1.1388888888888888
2024-02-14 15:00:00,30.9,41,3,216,1.3611111111111112
2024-02-14 16:00:00,30.6,41,3,223,1.9166666666666667
2024-02-14 17:00:00,28.1,52,2,216,1.7222222222222223
2024-02-14 18:00:00,24.4,62,1,162,2.2222222222222223
2024-02-14 19:00:00,23.7,54,1,239,2.111111111111111
2024-02-14 20:00:00,23.0,60,0,315,3.2499999999999996
2024-02-14 21:00:00,21.8,69,3,13,2.25
2024-02-14 22:00:00,21.5,67,1,33,2.75
2024-02-14 23:00:00,21.2,67,3,16,2.5833333333333335
2024-02-15 00:00:00,20.8,71,1,29,2.2777777777777777
2024-02-15 01:00:00,20.3,74,1,9,2.638888888888889
2024-02-15 02:00:00,20.0,76,0,7,2.611111111111111
2024-02-15 03:00:00,19.5,79,0,20,2.888888888888889
2024-02-15 04:00:00,18.9,82,0,24,2.4166666666666665
2024-02-15 05:00:00,18.5,85,0,32,2.25
2024-02-15 06:00:00,19.2,94,0,288,1.2777777777777777
2024-02-15 07:00:00,20.0,90,0,75,1.972222222222222
2024-02-15 08:00:00,22.1,77,0,48,2.694444444444444
2024-02-15 09:00:00,23.5,70,0,54,4.083333333333333
2024-02-15 10:00:00,24.6,64,0,57,4.055555555555555
2024-02-15 11:00:00,26.3,58,0,64,3.888888888888889
2024-02-15 12:00:00,27.5,54,0,66,3.7222222222222223
2024-02-15 13:00:00,28.2,51,0,67,2.833333333333333
2024-02-15 14:00:00,28.5,49,0,75,1.972222222222222
2024-02-15 15:00:00,28.5,49,0,83,1.611111111111111
2024-02-15 16:00:00,28.3,49,0,63,1.1111111111111112
2024-02-15 17:00:00,26.9,62,2,18,0.9444444444444444
2024-02-15 18:00:00,22.9,73,51,349,6.0
2024-02-15 19:00:00,22.0,71,0,6,3.0277777777777777
2024-02-15 20:00:00,21.8,72,0,357,1.6944444444444442
2024-02-15 21:00:00,21.0,78,0,3,3.3055555555555554
2024-02-15 22:00:00,20.2,83,0,345,2.2777777777777777
2024-02-15 23:00:00,19.8,85,0,351,2.0277777777777777
2024-02-16 00:00:00,18.9,89,0,356,1.611111111111111
2024-02-16 01:00:00,18.8,88,0,18,2.2222222222222223
2024-02-16 02:00:00,18.4,86,0,52,1.6388888888888888
2024-02-16 03:00:00,17.9,86,0,54,1.8611111111111112
2024-02-16 04:00:00,18.0,83,0,52,1.777777777777778
2024-02-16 05:00:00,17.8,83,0,41,1.8333333333333333
2024-02-16 06:00:00,18.6,81,0,4,1.5
2024-02-16 07:00:00,19.6,78,0,39,2.833333333333333
2024-02-16 08:00:00,22.2,69,0,42,3.1111111111111107
2024-02-16 09:00:00,24.4,63,0,61,3.3055555555555554
2024-02-16 10:00:00,26.4,59,0,82,2.833333333333333
2024-02-16 11:00:00,28.2,54,0,90,2.5
2024-02-16 12:00:00,29.4,50,0,93,2.111111111111111
2024-02-16 13:00:00,30.1,45,0,101,1.5277777777777777
2024-02-16 14:00:00,30.4,42,0,101,0.5
2024-02-16 15:00:00,30.4,40,1,257,0.9166666666666666
2024-02-16 16:00:00,29.9,40,1,270,1.3888888888888888
2024-02-16 17:00:00,27.7,53,51,340,1.5
2024-02-16 18:00:00,25.2,53,0,35,2.0833333333333335
2024-02-16 19:00:00,24.4,54,0,30,2.1944444444444446
2024-02-16 20:00:00,24.3,52,0,343,1.6666666666666665
2024-02-16 21:00:00,21.8,60,0,318,1.5
2024-02-16 22:00:00,21.6,58,0,342,2.2222222222222223
2024-02-16 23:00:00,20.2,63,0,351,2.0277777777777777
2024-02-17 00:00:00,19.4,67,0,347,1.75
2024-02-17 01:00:00,18.9,71,0,336,1.75
2024-02-17 02:00:00,18.7,72,0,3,1.8888888888888888
2024-02-17 03:00:00,18.7,71,0,31,2.3333333333333335
2024-02-17 04:00:00,18.4,73,0,21,1.9444444444444444
2024-02-17 05:00:00,18.2,74,0,15,1.972222222222222
2024-02-17 06:00:00,19.3,80,0,22,1.611111111111111
2024-02-17 07:00:00,20.0,78,0,7,2.4166666666666665
2024-02-17 08:00:00,22.6,72,0,357,1.8055555555555556
2024-02-17 09:00:00,25.1,63,0,12,1.4444444444444444
2024-02-17 10:00:00,27.3,56,0,54,0.8611111111111112
2024-02-17 11:00:00,29.1,50,0,141,0.6388888888888888
2024-02-17 12:00:00,30.5,43,0,204,1.75
2024-02-17 13:00:00,30.9,36,1,267,2.1944444444444446
2024-02-17 14:00:00,31.1,34,1,270,1.0
2024-02-17 15:00:00,31.4,32,1,117,0.22222222222222224
2024-02-17 16:00:00,31.2,38,2,104,0.41666666666666663
2024-02-17 17:00:00,29.0,53,2,96,0.9166666666666666
2024-02-17 18:00:00,26.4,49,1,216,2.2222222222222223
2024-02-17 19:00:00,24.7,48,0,227,2.1944444444444446
2024-02-17 20:00:00,23.9,50,1,240,1.972222222222222
2024-02-17 21:00:00,23.1,53,0,273,1.8055555555555556
2024-02-17 22:00:00,21.9,58,0,351,2.4444444444444446
2024-02-17 23:00:00,22.0,53,0,356,2.611111111111111
2024-02-18 00:00:00,20.7,61,0,323,2.138888888888889
2024-02-18 01:00:00,19.6,67,0,322,1.777777777777778
2024-02-18 02:00:00,18.8,72,0,6,1.8055555555555556
2024-02-18 03:00:00,17.9,79,0,351,2.4444444444444446
2024-02-18 04:00:00,17.4,83,0,342,2.0
2024-02-18 05:00:00,18.0,79,0,191,2.5555555555555554
2024-02-18 06:00:00,18.9,79,2,347,1.75
2024-02-18 07:00:00,20.3,76,0,33,1.6666666666666665
2024-02-18 08:00:00,23.4,66,0,76,1.6388888888888888
2024-02-18 09:00:00,26.2,57,3,56,1.0833333333333333
2024-02-18 10:00:00,28.1,51,0,173,0.8055555555555555
2024-02-18 11:00:00,29.9,39,1,201,1.3888888888888888
2024-02-18 12:00:00,31.0,34,2,219,2.055555555555556
2024-02-18 13:00:00,31.1,32,2,231,2.5555555555555554
2024-02-18 14:00:00,31.4,29,3,230,2.972222222222222
2024-02-18 15:00:00,30.9,31,1,219,3.194444444444444
2024-02-18 16:00:00,30.1,41,2,166,1.25
2024-02-18 17:00:00,28.3,46,1,100,1.7222222222222223
2024-02-18 18:00:00,26.3,33,0,174,2.7222222222222223
2024-02-18 19:00:00,27.8,26,0,132,1.5
2024-02-18 20:00:00,24.7,40,0,355,2.2222222222222223
2024-02-18 21:00:00,21.6,52,0,84,2.0
2024-02-18 22:00:00,24.3,39,1,185,1.1111111111111112
2024-02-18 23:00:00,20.3,57,1,282,1.4444444444444444
2024-02-19 00:00:00,20.7,55,0,337,2.611111111111111
2024-02-19 01:00:00,22.8,46,0,287,1.0555555555555556
2024-02-19 02:00:00,21.0,52,1,56,2.5277777777777777
2024-02-19 03:00:00,21.4,51,1,49,1.972222222222222
2024-02-19 04:00:00,17.9,67,1,78,2.861111111111111
2024-02-19 05:00:00,17.0,75,2,63,2.4722222222222223
2024-02-19 06:00:00,20.8,49,3,220,2.611111111111111
2024-02-19 07:00:00,20.9,58,3,225,1.6944444444444442
2024-02-19 08:00:00,23.1,52,3,360,0.8055555555555555
2024-02-19 09:00:00,25.8,46,1,186,0.9166666666666666
2024-02-19 10:00:00,27.2,42,0,184,1.3055555555555556
2024-02-19 11:00:00,29.1,36,0,201,1.9444444444444444
2024-02-19 12:00:00,31.1,33,0,204,2.944444444444444
2024-02-19 13:00:00,32.4,30,0,207,3.138888888888889
2024-02-19 14:00:00,33.0,28,3,220,3.1111111111111107
2024-02-19 15:00:00,32.9,27,2,224,3.0277777777777777
2024-02-19 16:00:00,32.1,32,2,196,2.1944444444444446
2024-02-19 17:00:00,29.5,39,2,171,2.0277777777777777
2024-02-19 18:00:00,26.9,32,1,142,2.4166666666666665
2024-02-19 19:00:00,26.1,33,3,130,3.1111111111111107
2024-02-19 20:00:00,24.5,39,2,147,2.972222222222222
2024-02-19 21:00:00,24.0,38,0,282,1.9444444444444444
2024-02-19 22:00:00,22.8,46,0,286,2.9166666666666665
2024-02-19 23:00:00,22.8,46,0,298,2.944444444444444
2024-02-20 00:00:00,22.7,47,1,329,3.2777777777777777
2024-02-20 01:00:00,22.9,45,3,333,2.2222222222222223
2024-02-20 02:00:00,19.8,58,3,333,2.8055555555555554
2024-02-20 03:00:00,20.5,56,3,249,1.3888888888888888
2024-02-20 04:00:00,18.7,64,3,235,1.9444444444444444
2024-02-20 05:00:00,19.3,59,2,279,2.4444444444444446
2024-02-20 06:00:00,21.6,50,2,288,2.833333333333333
2024-02-20 07:00:00,21.2,55,0,310,2.972222222222222
2024-02-20 08:00:00,23.9,53,0,315,2.694444444444444
2024-02-20 09:00:00,27.0,47,0,317,2.055555555555556
2024-02-20 10:00:00,29.4,37,0,324,2.7222222222222223
2024-02-20 11:00:00,30.9,31,0,322,2.9166666666666665
2024-02-20 12:00:00,32.1,27,0,313,2.611111111111111
2024-02-20 13:00:00,32.9,25,2,332,1.472222222222222
2024-02-20 14:00:00,33.2,23,3,312,1.1944444444444444
2024-02-20 15:00:00,32.9,25,3,238,2.4722222222222223
2024-02-20 16:00:00,32.3,31,3,240,1.972222222222222
2024-02-20 17:00:00,28.9,48,2,292,1.611111111111111
2024-02-20 18:00:00,29.8,31,2,204,1.75
2024-02-20 19:00:00,28.5,35,2,13,0.9166666666666666
2024-02-20 20:00:00,23.7,53,2,303,2.0277777777777777
2024-02-20 21:00:00,23.8,48,0,291,2.25
2024-02-20 22:00:00,21.2,56,0,312,2.972222222222222
2024-02-20 23:00:00,20.6,57,0,346,2.055555555555556
2024-02-21 00:00:00,19.8,57,0,301,1.75
2024-02-21 01:00:00,19.3,60,0,294,1.75
2024-02-21 02:00:00,18.9,62,0,304,1.8055555555555556
2024-02-21 03:00:00,18.3,64,0,306,1.8611111111111112
2024-02-21 04:00:00,17.9,65,0,315,1.8333333333333333
2024-02-21 05:00:00,17.1,70,0,297,1.777777777777778
2024-02-21 06:00:00,18.8,60,0,288,1.8888888888888888
2024-02-21 07:00:00,19.9,59,1,265,2.5
2024-02-21 08:00:00,23.4,51,2,300,2.1944444444444446
2024-02-21 09:00:00,25.6,42,3,284,1.25
2024-02-21 10:00:00,27.4,40,3,270,1.5
2024-02-21 11:00:00,29.2,37,3,243,1.777777777777778
2024-02-21 12:00:00,30.5,35,2,227,1.9166666666666667
2024-02-21 13:00:00,32.1,28,1,225,2.25
2024-02-21 14:00:00,32.8,22,2,250,4.138888888888889
2024-02-21 15:00:00,32.5,21,1,264,4.416666666666667
2024-02-21 16:00:00,31.5,26,2,268,3.611111111111111
2024-02-21 17:00:00,28.1,45,0,273,1.8055555555555556
2024-02-21 18:00:00,24.4,45,2,285,2.7777777777777777
2024-02-21 19:00:00,23.8,38,3,279,2.638888888888889
2024-02-21 20:00:00,23.5,36,3,285,3.1111111111111107
2024-02-21 21:00:00,23.0,41,3,288,2.944444444444444
2024-02-21 22:00:00,23.2,48,2,308,4.194444444444445
2024-02-21 23:00:00,23.3,51,3,314,4.027777777777778
2024-02-22 00:00:00,22.3,55,3,304,2.888888888888889
2024-02-22 01:00:00,21.9,55,2,302,2.833333333333333
2024-02-22 02:00:00,21.5,57,2,297,3.0277777777777777
2024-02-22 03:00:00,21.1,59,0,299,3.3055555555555554
2024-02-22 04:00:00,20.7,61,2,309,3.9722222222222223
2024-02-22 05:00:00,20.3,64,3,310,3.416666666666667
2024-02-22 06:00:00,20.3,59,2,315,2.833333333333333
2024-02-22 07:00:00,20.6,63,2,317,2.611111111111111
2024-02-22 08:00:00,22.7,60,1,318,1.5
2024-02-22 09:00:00,24.8,53,0,319,1.8333333333333333
2024-02-22 10:00:00,26.4,46,0,306,2.5833333333333335
2024-02-22 11:00:00,27.7,41,3,297,3.0277777777777777
2024-02-22 12:00:00,28.8,35,2,292,3.138888888888889
2024-02-22 13:00:00,29.7,31,1,288,3.5833333333333335
2024-02-22 14:00:00,30.0,30,0,290,3.8333333333333335
2024-02-22 15:00:00,29.6,32,1,297,4.027777777777778
2024-02-22 16:00:00,29.1,32,0,310,3.9166666666666665
2024-02-22 17:00:00,27.4,36,0,335,3.75
2024-02-22 18:00:00,24.2,41,0,299,2.055555555555556
2024-02-22 19:00:00,23.5,40,0,291,2.7777777777777777
2024-02-22 20:00:00,22.2,41,0,322,2.4166666666666665
2024-02-22 21:00:00,21.8,42,0,328,3.0555555555555554
2024-02-22 22:00:00,21.4,43,0,323,3.138888888888889
2024-02-22 23:00:00,20.8,45,0,328,3.0555555555555554
2024-02-23 00:00:00,19.7,49,0,344,2.5
2024-02-23 01:00:00,19.0,52,0,349,2.5555555555555554
2024-02-23 02:00:00,17.9,58,0,13,1.8333333333333333
2024-02-23 03:00:00,16.4,69,0,5,2.5
2024-02-23 04:00:00,16.4,67,0,357,1.8888888888888888
2024-02-23 05:00:00,16.2,69,0,3,1.6944444444444442
2024-02-23 06:00:00,16.9,70,0,342,1.5833333333333333
2024-02-23 07:00:00,18.3,65,0,355,2.2222222222222223
2024-02-23 08:00:00,21.1,58,0,4,1.5
2024-02-23 09:00:00,23.5,53,1,34,2.1666666666666665
2024-02-23 10:00:00,25.6,46,0,51,2.5555555555555554
2024-02-23 11:00:00,27.2,39,0,62,2.138888888888889
2024-02-23 12:00:00,28.2,36,0,72,1.2777777777777777
2024-02-23 13:00:00,28.8,34,0,90,0.11111111111111112
2024-02-23 14:00:00,29.0,33,0,266,1.3055555555555556
2024-02-23 15:00:00,29.0,32,1,265,1.1944444444444444
2024-02-23 16:00:00,28.8,32,1,180,0.38888888888888884
2024-02-23 17:00:00,27.5,38,0,124,1.8055555555555556
2024-02-23 18:00:00,24.6,49,2,109,1.8055555555555556
2024-02-23 19:00:00,25.3,45,0,45,0.6944444444444444
2024-02-23 20:00:00,21.8,58,0,341,1.8055555555555556
2024-02-23 21:00:00,23.1,50,0,30,1.611111111111111
2024-02-23 22:00:00,20.6,57,0,3,1.8055555555555556
2024-02-23 23:00:00,20.6,51,0,332,2.7222222222222223
2024-02-24 00:00:00,19.9,51,0,356,3.0
2024-02-24 01:00:00,19.0,51,0,353,2.4166666666666665
2024-02-24 02:00:00,18.3,52,0,345,2.388888888888889
2024-02-24 03:00:00,17.6,53,0,360,2.305555555555556
2024-02-24 04:00:00,16.8,56,0,6,2.0
2024-02-24 05:00:00,16.5,58,0,5,2.111111111111111
2024-02-24 06:00:00,17.7,55,0,353,2.4166666666666665
2024-02-24 07:00:00,18.5,56,0,10,2.833333333333333
2024-02-24 08:00:00,21.2,51,0,4,2.611111111111111
2024-02-24 09:00:00,24.0,44,0,18,2.5277777777777777
2024-02-24 10:00:00,26.4,39,0,51,2.1944444444444446
2024-02-24 11:00:00,28.2,36,0,68,1.8333333333333333
2024-02-24 12:00:00,29.5,32,0,51,1.2777777777777777
2024-02-24 13:00:00,30.3,30,0,347,0.9166666666666666
2024-02-24 14:00:00,30.4,29,0,279,1.3055555555555556
2024-02-24 15:00:00,30.3,29,1,288,1.5833333333333333
2024-02-24 16:00:00,30.1,28,0,90,0.11111111111111112
2024-02-24 17:00:00,28.6,37,0,118,1.6944444444444442
2024-02-24 18:00:00,27.1,32,0,221,3.0555555555555554
2024-02-24 19:00:00,24.3,39,0,240,1.972222222222222
2024-02-24 20:00:00,22.7,44,0,307,2.5
2024-02-24 21:00:00,23.8,33,0,312,4.666666666666667
2024-02-24 22:00:00,23.4,34,0,319,4.111111111111112
2024-02-24 23:00:00,21.8,40,0,343,3.138888888888889
2024-02-25 00:00:00,20.6,44,0,348,3.2777777777777777
2024-02-25 01:00:00,19.2,50,0,344,1.8611111111111112
2024-02-25 02:00:00,18.0,59,0,358,2.388888888888889
2024-02-25 03:00:00,18.2,58,0,74,1.777777777777778
2024-02-25 04:00:00,17.2,63,0,360,1.8888888888888888
2024-02-25 05:00:00,16.8,60,0,16,1.8611111111111112
2024-02-25 06:00:00,18.4,51,0,356,2.8055555555555554
2024-02-25 07:00:00,19.1,53,0,6,3.1111111111111107
2024-02-25 08:00:00,21.6,51,0,15,2.388888888888889
2024-02-25 09:00:00,24.5,46,0,50,2.4722222222222223
2024-02-25 10:00:00,26.9,43,0,54,2.861111111111111
2024-02-25 11:00:00,28.9,40,0,52,3.0555555555555554
2024-02-25 12:00:00,30.1,35,0,56,3.0277777777777777
2024-02-25 13:00:00,30.9,33,0,48,2.694444444444444
2024-02-25 14:00:00,31.2,32,0,45,1.972222222222222
2024-02-25 15:00:00,31.2,31,0,48,1.3333333333333333
2024-02-25 16:00:00,30.9,31,0,24,1.1944444444444444
2024-02-25 17:00:00,29.1,52,0,32,0.9444444444444444
2024-02-25 18:00:00,26.6,39,0,72,2.944444444444444
2024-02-25 19:00:00,26.2,39,0,84,3.8333333333333335
2024-02-25 20:00:00,25.0,42,0,104,2.972222222222222
2024-02-25 21:00:00,24.0,46,0,117,2.694444444444444
2024-02-25 22:00:00,22.2,55,0,126,2.861111111111111
2024-02-25 23:00:00,21.8,54,0,342,1.2777777777777777
2024-02-26 00:00:00,20.5,63,0,348,1.9444444444444444
2024-02-26 01:00:00,20.6,59,0,51,2.5555555555555554
2024-02-26 02:00:00,20.8,57,0,48,2.694444444444444
2024-02-26 03:00:00,20.5,65,0,55,2.4444444444444446
2024-02-26 04:00:00,20.2,72,1,54,2.361111111111111
2024-02-26 05:00:00,20.0,76,1,63,2.2222222222222223
2024-02-26 06:00:00,20.9,88,61,357,2.1944444444444446
2024-02-26 07:00:00,21.4,84,51,65,2.861111111111111
2024-02-26 08:00:00,22.9,78,2,83,3.222222222222222
2024-02-26 09:00:00,22.9,80,61,99,2.638888888888889
2024-02-26 10:00:00,24.7,72,51,93,3.8055555555555554
2024-02-26 11:00:00,25.9,68,3,104,3.611111111111111
2024-02-26 12:00:00,26.9,65,3,123,3.6944444444444446
2024-02-26 13:00:00,27.5,63,3,119,3.3055555555555554
2024-02-26 14:00:00,27.4,65,3,128,3.416666666666667
2024-02-26 15:00:00,27.0,67,51,207,2.8055555555555554
2024-02-26 16:00:00,25.9,72,3,218,2.4166666666666665
2024-02-26 17:00:00,25.6,73,3,266,1.3055555555555556
2024-02-26 18:00:00,26.0,69,3,32,1.3055555555555556
2024-02-26 19:00:00,25.1,72,0,10,2.944444444444444
2024-02-26 20:00:00,23.4,77,1,26,2.5555555555555554
2024-02-26 21:00:00,22.6,79,1,59,2.694444444444444
2024-02-26 22:00:00,21.9,84,0,43,1.9166666666666667
2024-02-26 23:00:00,21.4,89,0,67,2.5
2024-02-27 00:00:00,20.5,93,61,106,3.333333333333333
2024-02-27 01:00:00,20.4,93,53,122,0.9444444444444444
2024-02-27 02:00:00,20.4,95,61,6,1.0
2024-02-27 03:00:00,20.1,97,51,129,1.4166666666666665
2024-02-27 04:00:00,20.0,97,2,42,1.5
2024-02-27 05:00:00,19.8,97,63,65,1.4444444444444444
2024-02-27 06:00:00,22.5,93,51,315,0.41666666666666663
2024-02-27 07:00:00,22.7,90,1,23,2.2777777777777777
2024-02-27 08:00:00,23.0,85,2,60,3.3611111111111107
2024-02-27 09:00:00,24.2,77,2,103,2.25
2024-02-27 10:00:00,25.6,72,51,198,1.5833333333333333
2024-02-27 11:00:00,26.2,70,51,186,1.8055555555555556
2024-02-27 12:00:00,29.0,58,3,215,2.8055555555555554
2024-02-27 13:00:00,30.2,47,51,224,3.0277777777777777
2024-02-27 14:00:00,31.3,41,2,243,3.944444444444444
2024-02-27 15:00:00,31.2,40,1,243,3.5
2024-02-27 16:00:00,31.1,35,1,244,3.222222222222222
2024-02-27 17:00:00,29.9,38,0,227,1.9166666666666667
2024-02-27 18:00:00,26.5,50,0,280,2.3333333333333335
2024-02-27 19:00:00,25.8,51,0,317,2.055555555555556
2024-02-27 20:00:00,25.2,63,2,346,3.8055555555555554
2024-02-27 21:00:00,24.8,61,1,360,4.388888888888889
2024-02-27 22:00:00,23.3,65,0,360,2.888888888888889
2024-02-27 23:00:00,22.3,68,0,353,2.611111111111111
2024-02-28 00:00:00,21.7,72,1,351,1.8333333333333333
2024-02-28 01:00:00,20.6,78,2,352,1.4166666666666665
2024-02-28 02:00:00,19.9,84,2,18,1.5833333333333333
2024-02-28 03:00:00,19.6,85,1,114,1.1944444444444444
2024-02-28 04:00:00,19.4,87,1,135,1.5555555555555554
2024-02-28 05:00:00,19.2,87,0,31,1.1666666666666667
2024-02-28 06:00:00,19.3,88,0,337,0.75
2024-02-28 07:00:00,20.8,80,0,25,2.111111111111111
2024-02-28 08:00:00,23.2,72,0,49,1.8333333333333333
2024-02-28 09:00:00,25.3,65,0,47,1.9166666666666667
2024-02-28 10:00:00,27.1,59,0,47,1.6388888888888888
2024-02-28 11:00:00,28.6,54,0,63,1.1111111111111112
2024-02-28 12:00:00,29.6,50,0,81,0.6111111111111112
2024-02-28 13:00:00,30.3,46,0,270,0.3055555555555556
2024-02-28 14:00:00,30.7,43,0,297,1.1111111111111112
2024-02-28 15:00:00,30.5,41,1,310,1.5555555555555554
2024-02-28 16:00:00,30.3,41,1,326,1.4444444444444444
2024-02-28 17:00:00,29.0,48,0,340,1.1666666666666667
2024-02-28 18:00:00,27.1,45,1,93,2.0
2024-02-28 19:00:00,25.6,50,2,7,1.7222222222222223
2024-02-28 20:00:00,24.8,51,1,7,1.7222222222222223
2024-02-28 21:00:00,24.5,48,0,12,1.9444444444444444
2024-02-28 22:00:00,22.5,60,0,351,2.4444444444444446
2024-02-28 23:00:00,22.5,58,0,360,2.111111111111111
2024-02-29 00:00:00,21.9,63,0,357,1.8888888888888888
2024-02-29 01:00:00,20.9,70,0,353,1.7222222222222223
2024-02-29 02:00:00,19.7,79,0,351,1.9166666666666667
2024-02-29 03:00:00,19.2,82,0,5,2.2222222222222223
2024-02-29 04:00:00,18.4,85,0,10,1.7222222222222223
2024-02-29 05:00:00,17.7,90,0,9,1.8333333333333333
2024-02-29 06:00:00,19.2,75,0,358,2.388888888888889
2024-02-29 07:00:00,20.1,72,0,18,1.8888888888888888
2024-02-29 08:00:00,22.9,64,0,20,1.5
2024-02-29 09:00:00,25.9,54,0,40,1.6944444444444442
2024-02-29 10:00:00,28.6,45,0,78,1.9444444444444444
2024-02-29 11:00:00,31.0,36,0,109,3.0555555555555554
2024-02-29 12:00:00,32.5,29,0,119,2.2777777777777777
2024-02-29 13:00:00,33.0,26,1,150,0.8055555555555555
2024-02-29 14:00:00,33.1,25,0,243,1.1111111111111112
2024-02-29 15:00:00,32.8,24,0,272,2.388888888888889
2024-02-29 16:00:00,32.3,25,0,305,2.0833333333333335
2024-02-29 17:00:00,29.9,49,0,346,1.25
2024-02-29 18:00:00,27.0,37,0,227,2.3333333333333335
2024-02-29 19:00:00,25.8,39,3,231,2.1944444444444446
2024-02-29 20:00:00,26.3,37,3,232,1.777777777777778
2024-02-29 21:00:00,25.7,39,3,261,2.0277777777777777
2024-02-29 22:00:00,24.7,43,0,316,3.194444444444444
2024-02-29 23:00:00,23.9,44,0,321,3.333333333333333
2024-03-01 00:00:00,23.2,46,0,334,2.7777777777777777
2024-03-01 01:00:00,21.7,52,0,360,2.111111111111111
2024-03-01 02:00:00,21.7,53,0,3,2.111111111111111
2024-03-01 03:00:00,20.5,59,0,18,2.0
2024-03-01 04:00:00,19.0,68,0,9,2.4444444444444446
2024-03-01 05:00:00,19.1,68,1,109,2.111111111111111
2024-03-01 06:00:00,19.9,70,0,360,2.0
2024-03-01 07:00:00,21.3,65,0,360,2.694444444444444
2024-03-01 08:00:00,24.3,58,0,17,1.6666666666666665
2024-03-01 09:00:00,27.8,46,0,62,2.138888888888889
2024-03-01 10:00:00,30.5,40,0,67,2.2777777777777777
2024-03-01 11:00:00,32.7,32,0,82,2.2222222222222223
2024-03-01 12:00:00,34.0,27,1,66,0.9722222222222222
2024-03-01 13:00:00,34.4,21,1,336,1.1944444444444444
2024-03-01 14:00:00,34.3,21,1,308,1.1388888888888888
2024-03-01 15:00:00,34.2,21,0,270,1.0
2024-03-01 16:00:00,33.7,22,0,270,1.1944444444444444
2024-03-01 17:00:00,31.4,50,0,261,1.2222222222222223
2024-03-01 18:00:00,27.4,37,0,42,2.833333333333333
2024-03-01 19:00:00,25.4,40,0,46,3.0277777777777777
2024-03-01 20:00:00,25.7,36,1,61,2.2777777777777777
2024-03-01 21:00:00,24.0,40,3,17,2.0833333333333335
2024-03-01 22:00:00,25.0,36,0,308,2.9166666666666665
2024-03-01 23:00:00,23.4,41,3,313,1.777777777777778
2024-03-02 00:00:00,23.6,43,0,322,1.6388888888888888
2024-03-02 01:00:00,22.9,48,2,346,2.055555555555556
2024-03-02 02:00:00,22.0,53,2,256,1.25
2024-03-02 03:00:00,22.9,44,1,336,4.25
2024-03-02 04:00:00,23.4,42,1,332,4.527777777777778
2024-03-02 05:00:00,23.2,46,3,342,4.944444444444445
2024-03-02 06:00:00,23.2,55,2,34,1.4444444444444444
2024-03-02 07:00:00,23.9,55,3,90,0.8055555555555555
2024-03-02 08:00:00,25.0,54,2,352,3.0277777777777777
2024-03-02 09:00:00,27.2,50,2,16,3.638888888888889
2024-03-02 10:00:00,28.0,49,2,353,2.5277777777777777
2024-03-02 11:00:00,28.9,46,2,355,2.305555555555556
2024-03-02 12:00:00,29.6,44,1,51,2.833333333333333
2024-03-02 13:00:00,31.0,40,0,94,2.611111111111111
2024-03-02 14:00:00,32.1,37,0,153,2.2222222222222223
2024-03-02 15:00:00,31.9,36,1,243,2.0
2024-03-02 16:00:00,31.6,36,2,275,2.5
2024-03-02 17:00:00,27.9,51,0,338,2.388888888888889
2024-03-02 18:00:00,27.0,48,0,96,2.0
2024-03-02 19:00:00,25.1,53,0,21,4.944444444444445
2024-03-02 20:00:00,25.2,51,0,56,2.305555555555556
2024-03-02 21:00:00,22.9,63,0,14,2.055555555555556
2024-03-02 22:00:00,23.0,63,0,57,1.6666666666666665
2024-03-02 23:00:00,22.3,67,2,36,1.7222222222222223
2024-03-03 00:00:00,22.0,73,2,351,1.8333333333333333
2024-03-03 01:00:00,22.9,65,3,186,1.0
2024-03-03 02:00:00,22.5,70,1,354,1.0
2024-03-03 03:00:00,21.9,68,1,311,2.9166666666666665
2024-03-03 04:00:00,21.5,68,0,326,2.1666666666666665
2024-03-03 05:00:00,21.1,72,0,323,3.638888888888889
2024-03-03 06:00:00,21.4,77,1,330,3.4444444444444446
2024-03-03 07:00:00,22.6,71,1,358,2.888888888888889
2024-03-03 08:00:00,25.0,66,0,21,1.3888888888888888
2024-03-03 09:00:00,27.5,56,0,4,1.3055555555555556
2024-03-03 10:00:00,29.3,47,1,340,1.1666666666666667
2024-03-03 11:00:00,30.8,41,0,309,2.055555555555556
2024-03-03 12:00:00,32.1,33,1,284,2.888888888888889
2024-03-03 13:00:00,32.9,28,1,281,3.2499999999999996
2024-03-03 14:00:00,33.3,25,1,264,4.416666666666667
2024-03-03 15:00:00,32.7,26,1,252,4.833333333333333
2024-03-03 16:00:00,31.8,28,1,233,4.5
2024-03-03 17:00:00,30.5,34,0,242,4.194444444444445
2024-03-03 18:00:00,29.1,37,3,248,4.305555555555555
2024-03-03 19:00:00,27.9,45,0,278,4.861111111111111
2024-03-03 20:00:00,25.8,51,0,281,3.1666666666666665
2024-03-03 21:00:00,25.0,55,0,288,3.1666666666666665
2024-03-03 22:00:00,24.3,58,0,317,3.6666666666666665
2024-03-03 23:00:00,23.7,61,1,330,3.4444444444444446
2024-03-04 00:00:00,23.1,64,1,339,3.1111111111111107
2024-03-04 01:00:00,22.4,68,1,338,1.8333333333333333
2024-03-04 02:00:00,21.6,72,1,322,1.777777777777778
2024-03-04 03:00:00,21.5,71,1,326,3.2499999999999996
2024-03-04 04:00:00,21.3,71,1,332,3.8333333333333335
2024-03-04 05:00:00,20.9,69,0,338,2.9166666666666665
2024-03-04 06:00:00,22.2,58,1,331,3.888888888888889
2024-03-04 07:00:00,22.3,55,1,327,2.388888888888889
2024-03-04 08:00:00,23.6,48,1,334,2.7777777777777777
2024-03-04 09:00:00,25.5,44,0,351,2.4444444444444446
2024-03-04 10:00:00,27.4,39,1,355,2.111111111111111
2024-03-04 11:00:00,28.8,34,0,339,2.5555555555555554
2024-03-04 12:00:00,30.1,31,0,325,2.944444444444444
2024-03-04 13:00:00,31.0,28,0,312,2.833333333333333
2024-03-04 14:00:00,31.5,24,0,304,3.0277777777777777
2024-03-04 15:00:00,31.5,22,0,308,2.9166666666666665
2024-03-04 16:00:00,31.1,21,0,311,2.7777777777777777
2024-03-04 17:00:00,29.4,25,0,329,2.111111111111111
2024-03-04 18:00:00,27.5,35,0,275,2.2222222222222223
2024-03-04 19:00:00,25.6,40,0,312,2.694444444444444
2024-03-04 20:00:00,24.7,39,0,311,3.333333333333333
2024-03-04 21:00:00,23.4,38,0,332,3.9722222222222223
2024-03-04 22:00:00,22.2,38,0,329,3.7222222222222223
2024-03-04 23:00:00,21.2,42,0,344,3.555555555555556
2024-03-05 00:00:00,20.3,46,0,357,3.416666666666667
2024-03-05 01:00:00,19.4,48,0,360,3.5
2024-03-05 02:00:00,18.7,47,0,2,2.5
2024-03-05 03:00:00,18.0,47,0,6,2.0
2024-03-05 04:00:00,17.9,46,0,22,2.1666666666666665
2024-03-05 05:00:00,17.8,48,0,22,2.388888888888889
2024-03-05 06:00:00,18.6,48,0,21,2.4722222222222223
2024-03-05 07:00:00,19.5,52,0,13,3.1666666666666665
2024-03-05 08:00:00,22.0,50,0,14,3.3055555555555554
2024-03-05 09:00:00,24.9,45,0,14,2.972222222222222
2024-03-05 10:00:00,27.9,39,0,32,2.611111111111111
2024-03-05 11:00:00,30.3,32,0,49,2.138888888888889
2024-03-05 12:00:00,32.0,27,0,58,1.3055555555555556
2024-03-05 13:00:00,32.9,25,0,45,0.41666666666666663
2024-03-05 14:00:00,33.4,26,0,249,0.8611111111111112
2024-03-05 15:00:00,33.5,25,0,256,2.055555555555556
2024-03-05 16:00:00,33.1,24,0,254,1.777777777777778
2024-03-05 17:00:00,31.9,27,0,158,0.5277777777777778
2024-03-05 18:00:00,27.0,42,0,34,2.6666666666666665
2024-03-05 19:00:00,26.1,38,0,6,2.0
2024-03-05 20:00:00,25.0,39,3,333,2.0
2024-03-05 21:00:00,25.0,36,2,346,4.027777777777778
2024-03-05 22:00:00,23.7,42,2,12,3.4722222222222223
2024-03-05 23:00:00,22.4,48,3,351,3.638888888888889
2024-03-06 00:00:00,21.4,51,3,360,3.0
2024-03-06 01:00:00,20.4,53,3,8,2.111111111111111
2024-03-06 02:00:00,19.7,56,3,4,1.611111111111111
2024-03-06 03:00:00,20.5,55,3,111,1.3888888888888888
2024-03-06 04:00:00,20.0,57,3,97,1.611111111111111
2024-03-06 05:00:00,19.9,55,1,45,1.972222222222222
2024-03-06 06:00:00,20.2,53,3,13,2.6666666666666665
2024-03-06 07:00:00,21.5,52,3,9,3.138888888888889
2024-03-06 08:00:00,23.6,46,2,18,2.2222222222222223
2024-03-06 09:00:00,26.9,39,2,43,1.6388888888888888
2024-03-06 10:00:00,29.8,33,3,62,1.6944444444444442
2024-03-06 11:00:00,31.8,31,2,95,1.1944444444444444
2024-03-06 12:00:00,33.2,31,1,174,0.9166666666666666
2024-03-06 13:00:00,33.7,31,3,278,2.2222222222222223
2024-03-06 14:00:00,33.7,29,1,313,2.4722222222222223
2024-03-06 15:00:00,34.1,25,1,270,2.111111111111111
2024-03-06 16:00:00,34.1,22,1,268,2.388888888888889
2024-03-06 17:00:00,33.0,27,1,304,1.4444444444444444
2024-03-06 18:00:00,31.3,21,3,268,3.0
2024-03-06 19:00:00,31.2,21,1,303,4.194444444444445
2024-03-06 20:00:00,27.6,30,1,343,3.138888888888889
2024-03-06 21:00:00,25.9,36,0,333,2.9166666666666665
2024-03-06 22:00:00,25.0,39,0,333,3.3611111111111107
2024-03-06 23:00:00,24.4,40,0,343,3.7777777777777777
2024-03-07 00:00:00,23.7,42,0,353,4.027777777777778
2024-03-07 01:00:00,21.7,49,0,16,1.777777777777778
2024-03-07 02:00:00,21.4,50,1,357,1.8055555555555556
2024-03-07 03:00:00,20.6,53,0,340,2.0277777777777777
2024-03-07 04:00:00,19.3,57,0,353,1.7222222222222223
2024-03-07 05:00:00,18.8,59,0,3,1.8888888888888888
2024-03-07 06:00:00,19.9,54,0,360,2.694444444444444
2024-03-07 07:00:00,20.8,52,0,357,3.3055555555555554
2024-03-07 08:00:00,23.6,44,0,360,2.305555555555556
2024-03-07 09:00:00,26.9,37,0,18,2.0
2024-03-07 10:00:00,30.1,30,0,37,2.0
2024-03-07 11:00:00,32.2,24,0,41,2.2777777777777777
2024-03-07 12:00:00,33.3,20,0,8,1.4166666666666665
2024-03-07 13:00:00,34.0,19,0,315,1.2777777777777777
2024-03-07 14:00:00,34.1,18,0,284,1.6388888888888888
2024-03-07 15:00:00,34.0,17,0,283,2.25
2024-03-07 16:00:00,33.9,17,0,301,2.111111111111111
2024-03-07 17:00:00,32.3,24,0,346,1.25
2024-03-07 18:00:00,28.0,32,0,190,1.7222222222222223
2024-03-07 19:00:00,26.6,33,0,246,1.75
2024-03-07 20:00:00,26.1,33,0,322,4.333333333333333
2024-03-07 21:00:00,26.4,30,0,359,4.611111111111112
2024-03-07 22:00:00,24.9,35,0,358,3.3055555555555554
2024-03-07 23:00:00,23.6,39,0,348,2.861111111111111
2024-03-08 00:00:00,22.6,42,0,339,2.7777777777777777
2024-03-08 01:00:00,21.9,43,0,343,2.7222222222222223
2024-03-08 02:00:00,20.8,46,0,8,2.111111111111111
2024-03-08 03:00:00,20.0,49,0,13,2.1666666666666665
2024-03-08 04:00:00,19.7,50,0,2,2.388888888888889
2024-03-08 05:00:00,18.4,55,0,45,1.8333333333333333
2024-03-08 06:00:00,20.1,48,0,35,1.9444444444444444
2024-03-08 07:00:00,21.5,47,0,11,2.638888888888889
2024-03-08 08:00:00,24.4,40,0,18,2.5277777777777777
2024-03-08 09:00:00,27.3,34,0,36,2.7222222222222223
2024-03-08 10:00:00,29.8,29,0,59,2.3333333333333335
2024-03-08 11:00:00,31.7,25,0,84,1.9166666666666667
2024-03-08 12:00:00,32.9,22,0,101,1.027777777777778
2024-03-08 13:00:00,33.6,20,0,288,0.6388888888888888
2024-03-08 14:00:00,33.9,20,1,300,2.1944444444444446
2024-03-08 15:00:00,34.0,19,1,320,1.5555555555555554
2024-03-08 16:00:00,34.2,17,0,302,0.9444444444444444
2024-03-08 17:00:00,32.3,19,0,301,2.9166666666666665
2024-03-08 18:00:00,29.3,16,0,312,4.166666666666667
2024-03-08 19:00:00,27.8,19,0,316,4.305555555555555
2024-03-08 20:00:00,26.4,23,0,335,4.305555555555555
2024-03-08 21:00:00,25.0,32,0,11,2.638888888888889
2024-03-08 22:00:00,23.5,39,0,358,2.305555555555556
2024-03-08 23:00:00,22.6,42,0,345,2.388888888888889
2024-03-09 00:00:00,21.9,44,0,346,2.4722222222222223
2024-03-09 01:00:00,21.1,47,0,347,2.1666666666666665
2024-03-09 02:00:00,20.4,49,0,360,2.5
2024-03-09 03:00:00,20.1,49,0,23,2.611111111111111
2024-03-09 04:00:00,19.7,50,0,32,2.611111111111111
2024-03-09 05:00:00,19.4,50,0,23,2.5
2024-03-09 06:00:00,20.0,45,0,355,2.5
2024-03-09 07:00:00,21.4,43,0,15,3.0
2024-03-09 08:00:00,24.4,37,0,50,2.3333333333333335
2024-03-09 09:00:00,27.4,31,0,65,2.638888888888889
2024-03-09 10:00:00,30.1,24,0,75,3.0
2024-03-09 11:00:00,32.1,20,0,94,2.9166666666666665
2024-03-09 12:00:00,33.6,19,0,110,2.3333333333333335
2024-03-09 13:00:00,34.3,17,0,106,0.7222222222222222
2024-03-09 14:00:00,34.6,17,0,306,1.3611111111111112
2024-03-09 15:00:00,34.2,17,0,313,2.1944444444444446
2024-03-09 16:00:00,33.8,18,0,323,1.5
2024-03-09 17:00:00,32.2,46,0,90,0.6111111111111112
2024-03-09 18:00:00,31.1,20,2,330,3.5833333333333335
2024-03-09 19:00:00,31.1,19,0,300,4.75
2024-03-09 20:00:00,29.1,22,0,291,3.638888888888889
2024-03-09 21:00:00,26.7,28,0,318,3.888888888888889
2024-03-09 22:00:00,25.7,32,0,337,3.0555555555555554
2024-03-09 23:00:00,24.1,36,0,355,2.2222222222222223
2024-03-10 00:00:00,22.5,41,0,11,2.0277777777777777
2024-03-10 01:00:00,22.6,40,0,2,2.388888888888889
2024-03-10 02:00:00,22.4,41,0,6,2.8055555555555554
2024-03-10 03:00:00,20.4,48,0,20,2.3333333333333335
2024-03-10 04:00:00,20.5,46,0,65,2.111111111111111
2024-03-10 05:00:00,20.3,45,0,62,2.138888888888889
2024-03-10 06:00:00,21.0,59,0,19,1.8055555555555556
2024-03-10 07:00:00,22.8,54,0,60,2.7777777777777777
2024-03-10 08:00:00,26.0,44,0,75,2.388888888888889
2024-03-10 09:00:00,28.9,36,0,90,2.1944444444444446
2024-03-10 10:00:00,31.5,31,0,112,2.388888888888889
2024-03-10 11:00:00,33.6,26,0,133,2.611111111111111
2024-03-10 12:00:00,35.1,20,0,193,2.25
2024-03-10 13:00:00,35.7,18,0,225,3.3888888888888884
2024-03-10 14:00:00,36.1,16,0,232,3.6944444444444446
2024-03-10 15:00:00,36.2,15,0,239,3.861111111111111
2024-03-10 16:00:00,35.4,16,0,247,4.027777777777778
2024-03-10 17:00:00,33.7,20,0,265,2.4166666666666665
2024-03-10 18:00:00,30.2,32,0,182,2.305555555555556
2024-03-10 19:00:00,28.7,35,0,286,1.777777777777778
2024-03-10 20:00:00,27.5,35,0,338,2.388888888888889
2024-03-10 21:00:00,26.0,36,0,337,2.2777777777777777
2024-03-10 22:00:00,26.8,33,2,32,1.5277777777777777
2024-03-10 23:00:00,25.2,39,0,51,1.9166666666666667
2024-03-11 00:00:00,24.8,39,0,333,1.3333333333333333
2024-03-11 01:00:00,23.6,43,0,64,2.7777777777777777
2024-03-11 02:00:00,23.1,47,0,65,2.638888888888889
2024-03-11 03:00:00,22.9,46,0,333,1.1111111111111112
2024-03-11 04:00:00,22.5,45,0,332,2.5833333333333335
2024-03-11 05:00:00,21.8,45,0,351,1.8333333333333333
2024-03-11 06:00:00,22.3,57,0,28,1.472222222222222
2024-03-11 07:00:00,23.6,54,0,63,1.1111111111111112
2024-03-11 08:00:00,26.5,43,0,72,0.6388888888888888
2024-03-11 09:00:00,29.3,37,0,117,0.6666666666666666
2024-03-11 10:00:00,31.9,30,0,360,0.38888888888888884
2024-03-11 11:00:00,33.8,25,0,286,0.7222222222222222
2024-03-11 12:00:00,35.1,23,0,261,1.3055555555555556
2024-03-11 13:00:00,36.0,21,0,250,1.5
2024-03-11 14:00:00,36.7,20,0,243,0.888888888888889
2024-03-11 15:00:00,37.3,16,0,290,2.0277777777777777
2024-03-11 16:00:00,36.0,15,0,296,5.444444444444445
2024-03-11 17:00:00,34.1,19,0,301,4.805555555555555
2024-03-11 18:00:00,33.0,19,0,296,5.916666666666667
2024-03-11 19:00:00,31.7,22,0,304,4.972222222222221
2024-03-11 20:00:00,29.9,25,0,318,3.888888888888889
2024-03-11 21:00:00,27.9,30,0,332,2.361111111111111
2024-03-11 22:00:00,25.5,39,0,19,2.4444444444444446
2024-03-11 23:00:00,24.5,41,0,9,2.5277777777777777
2024-03-12 00:00:00,24.1,42,0,342,2.0
2024-03-12 01:00:00,24.2,42,0,329,2.9166666666666665
2024-03-12 02:00:00,23.3,46,0,333,2.4722222222222223
2024-03-12 03:00:00,24.0,44,1,312,1.1944444444444444
2024-03-12 04:00:00,22.2,51,1,174,1.0
2024-03-12 05:00:00,21.2,58,0,223,1.6388888888888888
2024-03-12 06:00:00,22.4,50,0,338,1.8333333333333333
2024-03-12 07:00:00,24.4,47,0,353,1.7222222222222223
2024-03-12 08:00:00,28.5,38,0,7,1.611111111111111
2024-03-12 09:00:00,31.6,32,0,40,1.6944444444444442
2024-03-12 10:00:00,33.9,27,0,59,1.75
2024-03-12 11:00:00,35.1,23,0,45,1.0
2024-03-12 12:00:00,35.9,22,0,297,0.6666666666666666
2024-03-12 13:00:00,36.8,20,3,272,2.388888888888889
2024-03-12 14:00:00,36.8,19,3,278,2.2222222222222223
2024-03-12 15:00:00,36.8,18,3,285,3.5277777777777777
2024-03-12 16:00:00,35.8,20,0,284,4.944444444444445
2024-03-12 17:00:00,34.7,20,0,263,3.222222222222222
2024-03-12 18:00:00,33.8,18,3,107,1.0555555555555556
2024-03-12 19:00:00,31.5,22,1,264,3.0277777777777777
2024-03-12 20:00:00,30.7,25,0,300,4.388888888888889
2024-03-12 21:00:00,29.0,28,0,325,3.8055555555555554
2024-03-12 22:00:00,27.4,32,0,337,2.833333333333333
2024-03-12 23:00:00,26.0,36,0,346,2.055555555555556
2024-03-13 00:00:00,25.0,38,0,360,2.0
2024-03-13 01:00:00,23.5,44,0,9,2.4444444444444446
2024-03-13 02:00:00,25.4,37,0,42,1.3333333333333333
2024-03-13 03:00:00,24.9,38,0,214,0.3611111111111111
2024-03-13 04:00:00,22.5,47,0,210,1.3888888888888888
2024-03-13 05:00:00,21.7,50,0,239,1.75
2024-03-13 06:00:00,22.9,45,0,254,1.8611111111111112
2024-03-13 07:00:00,25.3,40,0,290,2.888888888888889
2024-03-13 08:00:00,28.4,35,0,301,1.75
2024-03-13 09:00:00,31.1,28,0,318,2.4166666666666665
2024-03-13 10:00:00,33.2,25,0,325,3.3055555555555554
2024-03-13 11:00:00,34.7,22,0,313,3.5277777777777777
2024-03-13 12:00:00,35.6,21,0,291,3.416666666666667
2024-03-13 13:00:00,36.2,20,0,283,3.5
2024-03-13 14:00:00,36.8,18,0,280,4.055555555555555
2024-03-13 15:00:00,36.4,16,0,278,5.333333333333333
2024-03-13 16:00:00,35.4,18,0,292,4.527777777777778
2024-03-13 17:00:00,34.1,20,0,333,3.138888888888889
2024-03-13 18:00:00,31.5,16,0,331,2.861111111111111
2024-03-13 19:00:00,30.2,17,0,303,4.777777777777778
2024-03-13 20:00:00,29.1,18,0,313,4.25
2024-03-13 21:00:00,27.5,19,0,311,3.8333333333333335
2024-03-13 22:00:00,26.5,20,0,310,3.7777777777777777
2024-03-13 23:00:00,25.7,22,0,321,3.9722222222222223
2024-03-14 00:00:00,25.0,24,0,329,4.222222222222222
2024-03-14 01:00:00,24.6,25,0,331,4.333333333333333
2024-03-14 02:00:00,24.2,25,0,330,3.8055555555555554
2024-03-14 03:00:00,23.4,26,0,331,3.3055555555555554
2024-03-14 04:00:00,22.1,29,0,3,2.0
2024-03-14 05:00:00,19.9,38,0,80,1.7222222222222223
2024-03-14 06:00:00,22.1,30,0,323,3.0
2024-03-14 07:00:00,24.0,29,0,332,3.611111111111111
2024-03-14 08:00:00,27.0,26,0,342,2.833333333333333
2024-03-14 09:00:00,29.9,23,0,360,2.388888888888889
2024-03-14 10:00:00,32.1,20,0,360,2.388888888888889
2024-03-14 11:00:00,33.9,16,0,341,1.8055555555555556
2024-03-14 12:00:00,34.9,15,0,293,1.5277777777777777
2024-03-14 13:00:00,35.6,14,0,275,2.2222222222222223
2024-03-14 14:00:00,35.9,14,0,291,2.4722222222222223
2024-03-14 15:00:00,36.0,13,0,318,3.1111111111111107
2024-03-14 16:00:00,35.1,13,0,312,4.472222222222222
2024-03-14 17:00:00,33.1,17,0,300,4.166666666666667
2024-03-14 18:00:00,29.6,23,0,288,2.5277777777777777
2024-03-14 19:00:00,27.9,24,0,309,2.1944444444444446
2024-03-14 20:00:00,28.0,20,0,281,3.2499999999999996
2024-03-14 21:00:00,26.9,23,0,284,2.972222222222222
2024-03-14 22:00:00,25.5,27,0,323,3.0
2024-03-14 23:00:00,24.5,31,0,342,2.611111111111111
2024-03-15 00:00:00,23.5,33,0,356,2.611111111111111
2024-03-15 01:00:00,22.9,36,0,349,2.5555555555555554
2024-03-15 02:00:00,22.4,37,0,330,3.0
2024-03-15 03:00:00,22.1,37,0,327,3.333333333333333
2024-03-15 04:00:00,20.1,44,0,135,1.4166666666666665
2024-03-15 05:00:00,21.5,41,0,201,0.8611111111111112
2024-03-15 06:00:00,21.8,39,0,97,0.8055555555555555
2024-03-15 07:00:00,22.6,42,0,236,0.3611111111111111
2024-03-15 08:00:00,26.1,32,0,203,0.75
2024-03-15 09:00:00,29.1,28,0,68,0.5277777777777778
2024-03-15 10:00:00,31.7,25,0,49,1.0555555555555556
2024-03-15 11:00:00,33.5,20,0,48,1.1944444444444444
2024-03-15 12:00:00,34.7,18,0,34,0.3611111111111111
2024-03-15 13:00:00,35.5,17,0,248,0.5277777777777778
2024-03-15 14:00:00,35.8,17,0,243,1.3333333333333333
2024-03-15 15:00:00,35.6,17,0,241,1.25
2024-03-15 16:00:00,35.6,17,0,189,1.3055555555555556
2024-03-15 17:00:00,34.4,19,0,204,2.944444444444444
2024-03-15 18:00:00,31.2,22,0,243,1.777777777777778
2024-03-15 19:00:00,28.7,29,0,290,2.3333333333333335
2024-03-15 20:00:00,27.3,30,0,336,1.75
2024-03-15 21:00:00,26.6,31,0,331,2.5
2024-03-15 22:00:00,27.1,28,0,325,3.5277777777777777
2024-03-15 23:00:00,26.7,28,1,342,3.4722222222222223
2024-03-16 00:00:00,25.4,30,2,352,2.111111111111111
2024-03-16 01:00:00,25.4,31,2,28,1.9166666666666667
2024-03-16 02:00:00,23.8,35,1,62,1.6944444444444442
2024-03-16 03:00:00,22.9,37,3,9,1.9166666666666667
2024-03-16 04:00:00,24.7,32,1,7,2.4166666666666665
2024-03-16 05:00:00,23.5,35,0,9,2.0277777777777777
2024-03-16 06:00:00,23.4,44,0,55,1.5833333333333333
2024-03-16 07:00:00,25.3,38,0,18,2.2222222222222223
2024-03-16 08:00:00,28.1,33,0,43,2.4722222222222223
2024-03-16 09:00:00,30.7,31,0,58,2.611111111111111
2024-03-16 10:00:00,32.6,36,0,88,2.5
2024-03-16 11:00:00,34.4,34,0,101,2.0277777777777777
2024-03-16 12:00:00,35.7,31,1,147,2.0277777777777777
2024-03-16 13:00:00,36.1,29,0,191,2.138888888888889
2024-03-16 14:00:00,33.6,37,53,173,4.75
2024-03-16 15:00:00,31.2,37,1,197,4.083333333333333
2024-03-16 16:00:00,28.9,51,51,110,2.3333333333333335
2024-03-16 17:00:00,30.6,40,0,16,2.1944444444444446
2024-03-16 18:00:00,29.7,46,0,153,1.1111111111111112
2024-03-16 19:00:00,27.3,54,0,99,1.8333333333333333
2024-03-16 20:00:00,27.0,55,0,93,2.111111111111111
2024-03-16 21:00:00,25.8,61,0,45,1.6944444444444442
2024-03-16 22:00:00,25.0,65,0,356,2.611111111111111
2024-03-16 23:00:00,25.1,63,2,124,3.75
2024-03-17 00:00:00,26.4,51,1,118,4.416666666666667
2024-03-17 01:00:00,25.9,53,0,120,2.1944444444444446
2024-03-17 02:00:00,24.1,61,0,148,3.0555555555555554
2024-03-17 03:00:00,23.3,68,51,248,0.5277777777777778
2024-03-17 04:00:00,22.3,76,51,59,1.75
2024-03-17 05:00:00,21.4,82,0,63,1.3333333333333333
2024-03-17 06:00:00,22.3,76,0,55,1.2222222222222223
2024-03-17 07:00:00,23.9,68,0,158,0.5277777777777778
2024-03-17 08:00:00,26.4,58,0,63,1.5555555555555554
2024-03-17 09:00:00,29.1,51,0,93,1.8055555555555556
2024-03-17 10:00:00,31.4,48,0,107,2.0833333333333335
2024-03-17 11:00:00,33.1,43,0,146,3.3888888888888884
2024-03-17 12:00:00,30.5,53,53,173,3.138888888888889
2024-03-17 13:00:00,30.7,50,51,156,3.5
2024-03-17 14:00:00,31.7,47,2,297,0.22222222222222224
2024-03-17 15:00:00,32.5,42,51,292,1.0833333333333333
2024-03-17 16:00:00,30.9,44,51,342,2.305555555555556
2024-03-17 17:00:00,30.1,45,0,208,1.9166666666666667
2024-03-17 18:00:00,26.6,60,0,341,3.3888888888888884
2024-03-17 19:00:00,26.3,58,0,345,2.7777777777777777
2024-03-17 20:00:00,25.3,66,1,336,2.1944444444444446
2024-03-17 21:00:00,25.3,64,1,143,1.5
2024-03-17 22:00:00,25.5,62,1,6,0.9166666666666666
2024-03-17 23:00:00,24.4,66,0,58,1.5277777777777777
2024-03-18 00:00:00,24.1,67,0,77,1.8333333333333333
2024-03-18 01:00:00,24.1,65,0,87,1.8888888888888888
2024-03-18 02:00:00,24.1,63,0,138,3.1111111111111107
2024-03-18 03:00:00,24.0,60,0,92,3.0
2024-03-18 04:00:00,23.3,62,0,87,2.111111111111111
2024-03-18 05:00:00,22.1,69,0,54,1.8611111111111112
2024-03-18 06:00:00,22.3,85,1,9,1.8333333333333333
2024-03-18 07:00:00,23.5,79,0,39,1.2777777777777777
2024-03-18 08:00:00,25.7,70,0,73,1.6666666666666665
2024-03-18 09:00:00,28.0,62,0,118,2.7222222222222223
2024-03-18 10:00:00,30.3,55,1,154,3.222222222222222
2024-03-18 11:00:00,31.4,50,0,159,2.5555555555555554
2024-03-18 12:00:00,32.3,49,0,169,2.5555555555555554
2024-03-18 13:00:00,32.8,46,0,180,2.5
2024-03-18 14:00:00,33.6,41,0,203,2.5
2024-03-18 15:00:00,33.0,40,3,251,1.8055555555555556
2024-03-18 16:00:00,23.2,78,61,269,7.0
2024-03-18 17:00:00,24.6,73,51,318,1.1944444444444444
2024-03-18 18:00:00,27.2,59,0,356,1.611111111111111
2024-03-18 19:00:00,26.0,63,0,61,2.5
2024-03-18 20:00:00,25.9,60,1,90,3.3888888888888884
2024-03-18 21:00:00,25.1,62,0,87,2.0
2024-03-18 22:00:00,24.1,66,1,83,1.7222222222222223
2024-03-18 23:00:00,23.5,70,51,360,3.194444444444444
2024-03-19 00:00:00,22.8,75,0,66,2.4166666666666665
2024-03-19 01:00:00,21.9,79,0,58,2.25
2024-03-19 02:00:00,21.5,81,0,57,2.0277777777777777
2024-03-19 03:00:00,20.9,84,0,19,2.111111111111111
2024-03-19 04:00:00,20.5,87,0,58,1.8888888888888888
2024-03-19 05:00:00,20.5,86,0,60,2.7777777777777777
2024-03-19 06:00:00,21.3,86,51,99,2.4444444444444446
2024-03-19 07:00:00,22.3,79,1,45,1.972222222222222
2024-03-19 08:00:00,24.3,71,2,47,2.3333333333333335
2024-03-19 09:00:00,26.2,64,3,63,2.9166666666666665
2024-03-19 10:00:00,26.3,64,1,59,3.5
2024-03-19 11:00:00,26.1,67,63,21,2.7777777777777777
2024-03-19 12:00:00,27.7,61,51,83,0.8055555555555555
2024-03-19 13:00:00,28.7,57,0,153,0.22222222222222224
2024-03-19 14:00:00,28.8,56,2,306,0.8611111111111112
2024-03-19 15:00:00,29.2,52,2,285,1.5555555555555554
2024-03-19 16:00:00,27.6,55,53,337,2.055555555555556
2024-03-19 17:00:00,26.4,57,1,10,3.555555555555556
2024-03-19 18:00:00,26.4,64,3,153,1.777777777777778
2024-03-19 19:00:00,24.9,71,0,53,2.0
2024-03-19 20:00:00,23.7,73,0,76,2.055555555555556
2024-03-19 21:00:00,22.0,81,0,105,1.972222222222222
2024-03-19 22:00:00,21.4,83,0,34,1.4444444444444444
2024-03-19 23:00:00,20.3,88,0,54,1.8611111111111112
2024-03-20 00:00:00,20.2,87,0,24,1.1944444444444444
2024-03-20 01:00:00,19.7,88,0,34,1.4444444444444444
2024-03-20 02:00:00,19.3,87,0,30,1.611111111111111
2024-03-20 03:00:00,18.9,88,0,32,1.5277777777777777
2024-03-20 04:00:00,18.3,93,0,36,1.3611111111111112
2024-03-20 05:00:00,17.8,96,0,10,1.1111111111111112
2024-03-20 06:00:00,17.9,100,0,45,1.4166666666666665
2024-03-20 07:00:00,19.8,94,1,98,1.5
2024-03-20 08:00:00,22.1,84,0,108,0.9444444444444444
2024-03-20 09:00:00,24.6,72,0,146,0.7222222222222222
2024-03-20 10:00:00,26.8,61,0,173,0.8055555555555555
2024-03-20 11:00:00,28.8,51,1,180,1.1944444444444444
2024-03-20 12:00:00,29.5,43,3,265,2.4166666666666665
2024-03-20 13:00:00,26.3,45,53,80,1.7222222222222223
2024-03-20 14:00:00,28.4,38,0,163,2.8055555555555554
2024-03-20 15:00:00,29.2,33,1,155,1.4444444444444444
2024-03-20 16:00:00,29.2,29,1,146,0.7222222222222222
2024-03-20 17:00:00,27.8,56,0,143,0.5
2024-03-20 18:00:00,25.9,36,1,151,2.638888888888889
2024-03-20 19:00:00,23.7,43,0,96,2.0
2024-03-20 20:00:00,22.5,48,0,69,2.4722222222222223
2024-03-20 21:00:00,21.8,52,0,90,2.611111111111111
2024-03-20 22:00:00,22.5,49,0,126,1.7222222222222223
2024-03-20 23:00:00,19.7,59,0,144,2.7222222222222223
2024-03-21 00:00:00,19.8,56,0,158,2.1666666666666665
2024-03-21 01:00:00,19.4,57,0,188,2.2222222222222223
2024-03-21 02:00:00,18.2,61,0,177,2.111111111111111
2024-03-21 03:00:00,17.2,67,0,50,1.6944444444444442
2024-03-21 04:00:00,16.5,72,0,21,1.3888888888888888
2024-03-21 05:00:00,16.0,74,0,34,1.4444444444444444
2024-03-21 06:00:00,18.0,79,0,68,1.8333333333333333
2024-03-21 07:00:00,19.8,71,0,78,1.4444444444444444
2024-03-21 08:00:00,22.6,60,0,111,1.3888888888888888
2024-03-21 09:00:00,25.1,53,0,125,1.5833333333333333
2024-03-21 10:00:00,27.2,50,0,153,1.1111111111111112
2024-03-21 11:00:00,29.1,46,0,197,1.3611111111111112
2024-03-21 12:00:00,30.7,40,0,214,1.8055555555555556
2024-03-21 13:00:00,31.9,33,0,225,1.8333333333333333
2024-03-21 14:00:00,32.6,28,0,228,1.5
2024-03-21 15:00:00,32.8,26,0,194,1.25
2024-03-21 16:00:00,32.9,26,2,180,1.3055555555555556
2024-03-21 17:00:00,31.4,35,1,214,0.7222222222222222
2024-03-21 18:00:00,27.0,42,2,240,2.7777777777777777
2024-03-21 19:00:00,25.3,48,1,238,2.4722222222222223
2024-03-21 20:00:00,23.7,51,3,256,2.972222222222222
2024-03-21 21:00:00,24.5,44,2,306,2.361111111111111
2024-03-21 22:00:00,24.4,39,1,344,4.361111111111111
2024-03-21 23:00:00,24.2,34,1,339,2.4722222222222223
2024-03-22 00:00:00,21.4,47,0,346,2.972222222222222
2024-03-22 01:00:00,20.5,51,0,9,2.5277777777777777
2024-03-22 02:00:00,19.7,54,1,29,2.5
2024-03-22 03:00:00,19.9,52,1,351,2.4444444444444446
2024-03-22 04:00:00,19.3,51,0,6,2.0
2024-03-22 05:00:00,18.9,52,0,360,2.1944444444444446
2024-03-22 06:00:00,19.7,54,3,336,2.7222222222222223
2024-03-22 07:00:00,22.1,48,2,356,2.611111111111111
2024-03-22 08:00:00,24.4,48,0,55,1.2222222222222223
2024-03-22 09:00:00,26.8,44,0,95,2.2222222222222223
2024-03-22 10:00:00,29.3,38,0,113,1.3055555555555556
2024-03-22 11:00:00,31.4,33,0,129,1.2777777777777777
2024-03-22 12:00:00,33.1,28,0,153,0.22222222222222224
2024-03-22 13:00:00,34.2,24,0,305,1.5833333333333333
2024-03-22 14:00:00,34.7,22,0,324,1.3611111111111112
2024-03-22 15:00:00,35.3,20,3,356,1.5
2024-03-22 16:00:00,34.4,22,2,28,2.138888888888889
2024-03-22 17:00:00,31.8,32,0,107,2.0833333333333335
2024-03-22 18:00:00,31.1,25,1,103,2.1666666666666665
2024-03-22 19:00:00,30.3,24,0,346,2.055555555555556
2024-03-22 20:00:00,26.0,33,0,347,2.25
2024-03-22 21:00:00,24.4,33,0,336,2.4166666666666665
2024-03-22 22:00:00,24.7,30,0,337,2.611111111111111
2024-03-22 23:00:00,23.5,32,0,350,2.2222222222222223
2024-03-23 00:00:00,22.1,38,0,342,2.0
2024-03-23 01:00:00,20.2,50,0,2,2.888888888888889
2024-03-23 02:00:00,21.1,46,0,357,1.6944444444444442
2024-03-23 03:00:00,19.1,53,0,27,2.4722222222222223
2024-03-23 04:00:00,19.2,53,0,13,2.1666666666666665
2024-03-23 05:00:00,18.6,57,0,25,2.111111111111111
2024-03-23 06:00:00,19.8,57,0,18,2.0
2024-03-23 07:00:00,22.1,53,0,342,2.611111111111111
2024-03-23 08:00:00,25.9,47,0,32,0.9444444444444444
2024-03-23 09:00:00,29.2,38,0,94,1.5
2024-03-23 10:00:00,31.5,34,0,127,1.0
2024-03-23 11:00:00,33.5,31,0,167,0.9166666666666666
2024-03-23 12:00:00,35.2,25,0,202,1.0833333333333333
2024-03-23 13:00:00,36.3,18,0,253,1.0555555555555556
2024-03-23 14:00:00,36.6,17,0,292,1.611111111111111
2024-03-23 15:00:00,36.7,16,0,324,1.3611111111111112
2024-03-23 16:00:00,36.3,16,0,325,1.9444444444444444
2024-03-23 17:00:00,33.1,49,0,242,1.6944444444444442
2024-03-23 18:00:00,29.5,27,0,207,2.9166666666666665
2024-03-23 19:00:00,27.4,27,0,218,3.0555555555555554
2024-03-23 20:00:00,26.1,31,0,270,2.388888888888889
2024-03-23 21:00:00,25.0,35,0,277,2.3333333333333335
2024-03-23 22:00:00,23.3,40,2,297,2.2222222222222223
2024-03-23 23:00:00,23.5,39,0,304,1.8055555555555556
2024-03-24 00:00:00,22.3,42,0,328,2.611111111111111
2024-03-24 01:00:00,22.1,40,0,331,2.2777777777777777
2024-03-24 02:00:00,21.7,40,0,337,2.611111111111111
2024-03-24 03:00:00,21.3,39,3,337,2.5
2024-03-24 04:00:00,21.5,38,3,329,2.5555555555555554
2024-03-24 05:00:00,20.0,46,2,243,1.777777777777778
2024-03-24 06:00:00,20.3,63,3,302,2.4722222222222223
2024-03-24 07:00:00,23.9,49,3,275,2.305555555555556
2024-03-24 08:00:00,27.5,42,3,35,1.2222222222222223
2024-03-24 09:00:00,30.5,33,3,110,2.3333333333333335
2024-03-24 10:00:00,33.7,22,1,113,0.75
2024-03-24 11:00:00,35.7,19,0,163,1.3611111111111112
2024-03-24 12:00:00,36.8,16,0,183,1.6944444444444442
2024-03-24 13:00:00,37.3,15,1,200,1.5
2024-03-24 14:00:00,37.4,15,0,166,0.8333333333333333
2024-03-24 15:00:00,37.3,15,2,135,1.6944444444444442
2024-03-24 16:00:00,36.3,16,2,140,2.3333333333333335
2024-03-24 17:00:00,33.9,27,1,148,1.5277777777777777
2024-03-24 18:00:00,30.6,29,1,263,3.138888888888889
2024-03-24 19:00:00,30.2,29,0,290,2.0277777777777777
2024-03-24 20:00:00,28.7,34,0,47,1.6388888888888888
2024-03-24 21:00:00,26.3,39,1,106,2.5833333333333335
2024-03-24 22:00:00,28.9,31,1,121,2.111111111111111
2024-03-24 23:00:00,25.8,41,0,326,2.305555555555556
2024-03-25 00:00:00,23.8,47,0,332,2.7222222222222223
2024-03-25 01:00:00,24.0,43,0,341,2.111111111111111
2024-03-25 02:00:00,23.4,44,0,317,2.055555555555556
2024-03-25 03:00:00,22.5,48,0,287,1.3611111111111112
2024-03-25 04:00:00,21.4,56,0,335,1.6666666666666665
2024-03-25 05:00:00,21.3,58,0,31,1.1666666666666667
2024-03-25 06:00:00,26.1,46,0,235,3.5277777777777777
2024-03-25 07:00:00,27.3,48,0,304,2.6666666666666665
2024-03-25 08:00:00,30.1,43,0,229,1.0555555555555556
2024-03-25 09:00:00,33.3,36,0,230,1.5555555555555554
2024-03-25 10:00:00,35.3,29,0,262,1.4166666666666665
2024-03-25 11:00:00,36.6,25,0,270,1.611111111111111
2024-03-25 12:00:00,37.4,21,0,259,2.138888888888889
2024-03-25 13:00:00,37.8,19,2,277,2.611111111111111
2024-03-25 14:00:00,37.7,18,2,286,2.9166666666666665
2024-03-25 15:00:00,37.7,18,1,297,3.5833333333333335
2024-03-25 16:00:00,36.9,18,1,297,3.8055555555555554
2024-03-25 17:00:00,34.7,24,0,257,2.1666666666666665
2024-03-25 18:00:00,31.7,27,0,198,2.5277777777777777
2024-03-25 19:00:00,30.1,29,2,211,2.3333333333333335
2024-03-25 20:00:00,28.7,34,2,265,2.111111111111111
2024-03-25 21:00:00,28.0,37,0,270,2.1944444444444446
2024-03-25 22:00:00,26.3,42,2,315,2.111111111111111
2024-03-25 23:00:00,27.3,37,3,326,2.1666666666666665
2024-03-26 00:00:00,26.5,37,3,321,2.694444444444444
2024-03-26 01:00:00,25.3,38,1,329,2.5555555555555554
2024-03-26 02:00:00,25.4,37,0,337,3.2777777777777777
2024-03-26 03:00:00,24.4,40,0,337,2.833333333333333
2024-03-26 04:00:00,24.0,41,1,348,2.4444444444444446
2024-03-26 05:00:00,23.5,43,0,6,1.8055555555555556
2024-03-26 06:00:00,22.8,53,0,345,1.1388888888888888
2024-03-26 07:00:00,24.8,48,0,288,2.944444444444444
2024-03-26 08:00:00,28.9,39,0,342,2.2222222222222223
2024-03-26 09:00:00,32.3,32,0,15,1.972222222222222
2024-03-26 10:00:00,34.7,27,0,16,1.777777777777778
2024-03-26 11:00:00,36.3,23,0,32,1.3055555555555556
2024-03-26 12:00:00,37.3,21,0,48,1.3333333333333333
2024-03-26 13:00:00,37.7,19,0,18,0.9444444444444444
2024-03-26 14:00:00,38.0,18,0,339,1.9444444444444444
2024-03-26 15:00:00,37.6,18,0,339,2.7777777777777777
2024-03-26 16:00:00,37.1,18,0,323,3.0
2024-03-26 17:00:00,35.3,21,0,304,2.5277777777777777
2024-03-26 18:00:00,32.8,38,2,104,2.055555555555556
2024-03-26 19:00:00,31.1,39,3,207,2.0
2024-03-26 20:00:00,31.1,36,2,291,1.3888888888888888
2024-03-26 21:00:00,29.0,42,3,12,1.4444444444444444
2024-03-26 22:00:00,28.1,41,3,355,2.111111111111111
2024-03-26 23:00:00,28.9,33,0,17,2.8055555555555554
2024-03-27 00:00:00,26.3,40,0,53,2.638888888888889
2024-03-27 01:00:00,25.4,41,0,20,2.0277777777777777
2024-03-27 02:00:00,24.4,42,0,9,2.4444444444444446
2024-03-27 03:00:00,24.2,43,0,96,1.8055555555555556
2024-03-27 04:00:00,24.5,43,0,57,2.388888888888889
2024-03-27 05:00:00,23.1,50,0,79,2.638888888888889
2024-03-27 06:00:00,24.1,53,0,17,1.0555555555555556
2024-03-27 07:00:00,26.1,49,0,35,1.2222222222222223
2024-03-27 08:00:00,29.4,40,0,117,0.4444444444444445
2024-03-27 09:00:00,32.0,36,0,170,1.7222222222222223
2024-03-27 10:00:00,33.8,35,0,187,2.5277777777777777
2024-03-27 11:00:00,35.3,32,0,204,2.944444444444444
2024-03-27 12:00:00,36.6,28,0,210,3.0
2024-03-27 13:00:00,37.7,24,0,232,2.4166666666666665
2024-03-27 14:00:00,38.0,21,0,246,1.972222222222222
2024-03-27 15:00:00,38.0,21,0,254,1.8611111111111112
2024-03-27 16:00:00,37.6,22,1,262,1.4166666666666665
2024-03-27 17:00:00,36.7,23,0,233,0.5
2024-03-27 18:00:00,33.6,24,0,174,2.7222222222222223
2024-03-27 19:00:00,31.7,28,0,164,2.5
2024-03-27 20:00:00,29.9,32,0,193,2.1666666666666665
2024-03-27 21:00:00,28.6,38,0,285,1.5555555555555554
2024-03-27 22:00:00,26.6,44,0,333,1.3333333333333333
2024-03-27 23:00:00,25.3,49,0,21,2.25
2024-03-28 00:00:00,25.5,46,0,114,2.1944444444444446
2024-03-28 01:00:00,24.9,48,0,151,2.5
2024-03-28 02:00:00,24.5,48,0,187,2.611111111111111
2024-03-28 03:00:00,24.0,50,0,224,2.75
2024-03-28 04:00:00,25.2,46,1,246,1.75
2024-03-28 05:00:00,25.5,44,3,150,1.3888888888888888
2024-03-28 06:00:00,24.5,55,2,297,0.4444444444444445
2024-03-28 07:00:00,26.1,56,1,297,0.4444444444444445
2024-03-28 08:00:00,30.1,39,0,211,1.1666666666666667
2024-03-28 09:00:00,33.3,32,0,200,2.972222222222222
2024-03-28 10:00:00,35.5,29,1,213,3.6944444444444446
2024-03-28 11:00:00,37.2,27,2,219,3.611111111111111
2024-03-28 12:00:00,38.5,24,2,225,3.3888888888888884
2024-03-28 13:00:00,39.1,21,2,233,3.0
2024-03-28 14:00:00,39.6,19,1,246,2.4166666666666665
2024-03-28 15:00:00,39.6,18,0,250,2.0277777777777777
2024-03-28 16:00:00,39.1,19,0,228,1.5
2024-03-28 17:00:00,37.3,26,1,180,1.3055555555555556
2024-03-28 18:00:00,35.0,20,0,178,2.5
2024-03-28 19:00:00,32.1,26,1,236,2.305555555555556
2024-03-28 20:00:00,30.9,28,2,270,2.0
2024-03-28 21:00:00,30.4,31,3,326,2.305555555555556
2024-03-28 22:00:00,29.1,36,0,295,1.8888888888888888
2024-03-28 23:00:00,28.0,38,0,284,1.6388888888888888
2024-03-29 00:00:00,26.3,41,0,299,2.638888888888889
2024-03-29 01:00:00,27.3,35,0,294,2.7222222222222223
2024-03-29 02:00:00,27.2,35,0,321,2.694444444444444
2024-03-29 03:00:00,25.5,41,1,339,3.0
2024-03-29 04:00:00,25.7,41,1,19,1.8055555555555556
2024-03-29 05:00:00,24.1,45,0,305,2.0833333333333335
2024-03-29 06:00:00,28.3,35,2,316,3.333333333333333
2024-03-29 07:00:00,30.3,33,3,299,3.75
2024-03-29 08:00:00,32.4,33,3,297,2.0
2024-03-29 09:00:00,33.7,30,3,270,2.111111111111111
2024-03-29 10:00:00,35.6,27,0,260,1.1111111111111112
2024-03-29 11:00:00,38.2,23,1,180,0.3055555555555556
2024-03-29 12:00:00,39.5,20,1,333,0.6666666666666666
2024-03-29 13:00:00,39.4,19,0,6,1.0
2024-03-29 14:00:00,39.8,18,1,180,0.19444444444444442
2024-03-29 15:00:00,39.7,17,0,188,1.4166666666666665
2024-03-29 16:00:00,39.3,17,2,240,0.8055555555555555
2024-03-29 17:00:00,37.8,23,2,315,1.4166666666666665
2024-03-29 18:00:00,35.2,26,2,12,4.194444444444445
2024-03-29 19:00:00,32.4,29,2,331,2.055555555555556
2024-03-29 20:00:00,32.0,31,1,350,3.3611111111111107
2024-03-29 21:00:00,31.7,31,0,348,2.361111111111111
2024-03-29 22:00:00,30.5,35,0,332,3.9722222222222223
2024-03-29 23:00:00,28.0,45,0,344,2.5833333333333335
2024-03-30 00:00:00,28.3,42,0,282,1.4444444444444444
2024-03-30 01:00:00,27.4,45,0,229,0.9166666666666666
2024-03-30 02:00:00,26.1,48,0,287,1.6666666666666665
2024-03-30 03:00:00,25.7,50,0,313,1.9166666666666667
2024-03-30 04:00:00,26.2,47,0,321,3.333333333333333
2024-03-30 05:00:00,26.4,44,0,344,3.555555555555556
2024-03-30 06:00:00,25.9,55,3,279,0.6111111111111112
2024-03-30 07:00:00,27.8,49,0,288,0.6388888888888888
2024-03-30 08:00:00,31.1,40,0,118,1.9166666666666667
2024-03-30 09:00:00,34.2,33,0,103,2.6666666666666665
2024-03-30 10:00:00,36.5,28,0,63,1.777777777777778
2024-03-30 11:00:00,37.9,24,0,36,1.3611111111111112
2024-03-30 12:00:00,38.6,23,1,298,1.472222222222222
2024-03-30 13:00:00,38.7,23,0,279,1.9166666666666667
2024-03-30 14:00:00,38.2,24,2,235,4.388888888888889
2024-03-30 15:00:00,37.8,24,2,236,3.9722222222222223
2024-03-30 16:00:00,37.5,24,2,193,1.3333333333333333
2024-03-30 17:00:00,36.7,26,1,225,1.2777777777777777
2024-03-30 18:00:00,33.2,33,1,272,2.305555555555556
2024-03-30 19:00:00,32.8,29,0,339,3.1111111111111107
2024-03-30 20:00:00,30.4,34,0,328,1.8888888888888888
2024-03-30 21:00:00,31.2,32,1,124,0.7222222222222222
2024-03-30 22:00:00,29.6,36,2,153,2.0
2024-03-30 23:00:00,28.9,44,1,309,2.055555555555556
2024-03-31 00:00:00,28.3,41,1,157,1.3055555555555556
2024-03-31 01:00:00,27.4,45,1,133,2.1944444444444446
2024-03-31 02:00:00,27.1,46,0,209,2.2777777777777777
2024-03-31 03:00:00,26.4,50,2,211,3.2777777777777777
2024-03-31 04:00:00,26.0,54,2,307,1.0
2024-03-31 05:00:00,25.0,57,0,293,1.5277777777777777
2024-03-31 06:00:00,25.2,66,2,286,1.8611111111111112
2024-03-31 07:00:00,27.2,60,1,257,1.8333333333333333
2024-03-31 08:00:00,30.2,50,2,230,1.5555555555555554
2024-03-31 09:00:00,33.0,42,1,257,0.9166666666666666
2024-03-31 10:00:00,35.6,33,1,254,2.1944444444444446
2024-03-31 11:00:00,37.4,26,1,243,2.8055555555555554
2024-03-31 12:00:00,38.3,25,1,255,2.694444444444444
2024-03-31 13:00:00,38.3,24,1,278,3.0277777777777777
2024-03-31 14:00:00,38.3,24,0,282,2.972222222222222
2024-03-31 15:00:00,37.8,25,1,288,3.1666666666666665
2024-03-31 16:00:00,37.2,25,1,292,3.222222222222222
2024-03-31 17:00:00,36.4,25,0,279,2.4444444444444446
2024-03-31 18:00:00,28.5,59,1,68,3.4444444444444446
2024-03-31 19:00:00,28.0,62,1,150,3.3611111111111107
2024-03-31 20:00:00,27.7,59,1,131,1.8333333333333333
2024-03-31 21:00:00,27.1,61,1,315,0.41666666666666663
2024-03-31 22:00:00,27.0,60,1,274,1.4166666666666665
2024-03-31 23:00:00,26.2,65,0,290,1.5
2024-04-01 00:00:00,25.5,68,0,339,1.9444444444444444
2024-04-01 01:00:00,25.2,68,0,317,1.9166666666666667
2024-04-01 02:00:00,24.9,69,0,301,2.111111111111111
2024-04-01 03:00:00,24.4,70,0,297,1.777777777777778
2024-04-01 04:00:00,24.1,70,0,319,2.138888888888889
2024-04-01 05:00:00,23.8,69,0,313,1.777777777777778
2024-04-01 06:00:00,25.8,42,2,301,1.75
2024-04-01 07:00:00,28.1,38,3,252,1.8888888888888888
2024-04-01 08:00:00,31.3,30,1,248,1.0833333333333333
2024-04-01 09:00:00,33.9,26,3,279,1.3055555555555556
2024-04-01 10:00:00,36.0,22,3,284,1.6388888888888888
2024-04-01 11:00:00,37.6,19,3,273,2.1944444444444446
2024-04-01 12:00:00,38.8,18,3,260,2.833333333333333
2024-04-01 13:00:00,39.7,18,3,254,3.222222222222222
2024-04-01 14:00:00,40.0,17,3,255,4.138888888888889
2024-04-01 15:00:00,39.5,17,3,258,5.0
2024-04-01 16:00:00,39.0,17,0,238,3.7777777777777777
2024-04-01 17:00:00,38.1,18,0,240,4.027777777777778
2024-04-01 18:00:00,32.6,25,1,252,3.1666666666666665
2024-04-01 19:00:00,32.1,22,0,272,2.388888888888889
2024-04-01 20:00:00,33.0,19,1,289,4.25
2024-04-01 21:00:00,30.9,24,0,327,3.333333333333333
2024-04-01 22:00:00,29.7,26,0,324,3.4444444444444446
2024-04-01 23:00:00,29.1,26,0,319,3.6944444444444446
2024-04-02 00:00:00,28.9,25,0,319,4.111111111111112
2024-04-02 01:00:00,28.3,25,0,319,3.9722222222222223
2024-04-02 02:00:00,27.5,25,1,316,3.4722222222222223
2024-04-02 03:00:00,26.7,26,1,313,3.2499999999999996
2024-04-02 04:00:00,26.1,27,1,322,3.6944444444444446
2024-04-02 05:00:00,24.5,34,0,295,2.861111111111111
2024-04-02 06:00:00,25.9,46,0,171,1.2222222222222223
2024-04-02 07:00:00,28.4,42,0,315,1.0
2024-04-02 08:00:00,31.0,31,0,292,0.5277777777777778
2024-04-02 09:00:00,33.4,28,0,247,1.3055555555555556
2024-04-02 10:00:00,35.7,23,2,306,0.8611111111111112
2024-04-02 11:00:00,37.5,19,2,281,1.027777777777778
2024-04-02 12:00:00,38.6,17,3,258,1.9444444444444444
2024-04-02 13:00:00,39.3,17,3,258,2.361111111111111
2024-04-02 14:00:00,39.9,16,3,261,2.4444444444444446
2024-04-02 15:00:00,40.3,15,3,265,3.3055555555555554
2024-04-02 16:00:00,39.1,17,2,276,4.638888888888888
2024-04-02 17:00:00,37.7,20,2,313,2.4722222222222223
2024-04-02 18:00:00,33.0,23,1,298,2.7222222222222223
2024-04-02 19:00:00,32.9,21,3,319,3.9722222222222223
2024-04-02 20:00:00,32.7,20,2,324,4.222222222222222
2024-04-02 21:00:00,31.8,21,0,328,4.138888888888889
2024-04-02 22:00:00,30.2,23,2,329,3.138888888888889
2024-04-02 23:00:00,28.8,26,2,335,2.638888888888889
2024-04-03 00:00:00,27.1,30,2,348,1.9444444444444444
2024-04-03 01:00:00,25.9,34,2,349,2.638888888888889
2024-04-03 02:00:00,25.5,34,2,351,2.638888888888889
2024-04-03 03:00:00,25.5,34,0,16,2.5
2024-04-03 04:00:00,25.1,35,1,336,1.972222222222222
2024-04-03 05:00:00,24.9,36,1,276,1.0
2024-04-03 06:00:00,24.9,38,1,325,1.5833333333333333
2024-04-03 07:00:00,27.7,35,1,312,1.1944444444444444
2024-04-03 08:00:00,31.1,28,1,243,0.22222222222222224
2024-04-03 09:00:00,33.8,24,1,180,0.3055555555555556
2024-04-03 10:00:00,36.3,21,1,180,0.6111111111111112
2024-04-03 11:00:00,38.0,17,0,189,0.6111111111111112
2024-04-03 12:00:00,39.2,15,0,243,1.1111111111111112
2024-04-03 13:00:00,39.8,15,0,238,1.8888888888888888
2024-04-03 14:00:00,39.8,15,1,231,1.9166666666666667
2024-04-03 15:00:00,40.0,14,2,167,0.9166666666666666
2024-04-03 16:00:00,39.9,13,3,215,1.5833333333333333
2024-04-03 17:00:00,37.9,17,1,250,2.6666666666666665
2024-04-03 18:00:00,35.0,21,3,295,2.3333333333333335
2024-04-03 19:00:00,34.2,20,1,342,2.0
2024-04-03 20:00:00,31.9,25,0,284,2.055555555555556
2024-04-03 21:00:00,30.1,31,1,298,2.138888888888889
2024-04-03 22:00:00,28.4,36,0,326,2.6666666666666665
2024-04-03 23:00:00,27.4,38,0,347,2.6666666666666665
2024-04-04 00:00:00,27.1,38,0,334,2.5555555555555554
2024-04-04 01:00:00,26.5,38,0,286,1.8611111111111112
2024-04-04 02:00:00,26.2,38,0,310,1.6944444444444442
2024-04-04 03:00:00,26.7,36,0,320,2.4722222222222223
2024-04-04 04:00:00,26.0,36,0,319,2.2777777777777777
2024-04-04 05:00:00,26.7,35,0,313,1.9166666666666667
2024-04-04 06:00:00,25.6,41,0,252,1.2777777777777777
2024-04-04 07:00:00,28.7,33,2,288,1.5833333333333333
2024-04-04 08:00:00,32.6,25,0,342,1.8888888888888888
2024-04-04 09:00:00,35.0,22,1,360,2.611111111111111
2024-04-04 10:00:00,37.2,20,1,4,2.611111111111111
2024-04-04 11:00:00,39.1,18,1,342,2.305555555555556
2024-04-04 12:00:00,40.3,16,1,299,1.8333333333333333
2024-04-04 13:00:00,40.8,15,2,261,2.4444444444444446
2024-04-04 14:00:00,40.9,16,2,262,3.5277777777777777
2024-04-04 15:00:00,40.3,17,2,266,4.305555555555555
2024-04-04 16:00:00,40.3,15,3,255,3.1111111111111107
2024-04-04 17:00:00,39.0,17,3,245,2.3333333333333335
2024-04-04 18:00:00,34.6,25,1,294,2.7222222222222223
2024-04-04 19:00:00,34.4,21,1,324,2.7222222222222223
2024-04-04 20:00:00,34.4,21,0,327,4.194444444444445
2024-04-04 21:00:00,32.5,24,3,320,3.2777777777777777
2024-04-04 22:00:00,31.0,26,3,325,2.944444444444444
2024-04-04 23:00:00,30.3,27,3,324,2.5833333333333335
2024-04-05 00:00:00,29.3,29,3,333,2.2222222222222223
2024-04-05 01:00:00,28.4,31,3,332,2.138888888888889
2024-04-05 02:00:00,28.1,31,3,317,2.3333333333333335
2024-04-05 03:00:00,27.4,33,1,313,2.055555555555556
2024-04-05 04:00:00,25.7,39,1,23,2.055555555555556
2024-04-05 05:00:00,24.8,42,0,157,1.5277777777777777
2024-04-05 06:00:00,26.8,33,0,330,2.1944444444444446
2024-04-05 07:00:00,28.8,31,0,68,0.5277777777777778
2024-04-05 08:00:00,31.7,26,1,4,1.611111111111111
2024-04-05 09:00:00,34.2,24,0,349,2.5555555555555554
2024-04-05 10:00:00,36.7,21,0,352,3.0277777777777777
2024-04-05 11:00:00,38.5,17,0,340,3.5
2024-04-05 12:00:00,39.4,16,0,323,4.0
2024-04-05 13:00:00,39.7,15,0,310,3.555555555555556
2024-04-05 14:00:00,39.9,15,0,295,2.861111111111111
2024-04-05 15:00:00,39.9,15,2,292,3.222222222222222
2024-04-05 16:00:00,39.5,15,2,299,3.888888888888889
2024-04-05 17:00:00,38.3,16,3,289,3.9166666666666665
2024-04-05 18:00:00,35.2,17,2,313,3.3888888888888884
2024-04-05 19:00:00,33.1,19,0,312,3.1111111111111107
2024-04-05 20:00:00,33.2,19,0,307,4.5
2024-04-05 21:00:00,32.4,21,1,322,3.6944444444444446
2024-04-05 22:00:00,31.1,23,3,323,3.638888888888889
2024-04-05 23:00:00,30.6,24,3,328,3.7777777777777777
2024-04-06 00:00:00,30.3,25,0,326,4.694444444444444
2024-04-06 01:00:00,30.2,26,0,326,4.472222222222222
2024-04-06 02:00:00,29.5,28,2,337,3.5833333333333335
2024-04-06 03:00:00,28.2,31,1,360,1.8888888888888888
2024-04-06 04:00:00,27.2,34,2,11,1.5277777777777777
2024-04-06 05:00:00,27.4,34,1,357,1.8055555555555556
2024-04-06 06:00:00,28.2,34,1,352,2.7222222222222223
2024-04-06 07:00:00,30.0,32,0,338,2.388888888888889
2024-04-06 08:00:00,32.4,28,1,340,2.3333333333333335
2024-04-06 09:00:00,34.3,24,0,352,2.2222222222222223
2024-04-06 10:00:00,36.2,21,1,358,2.388888888888889
2024-04-06 11:00:00,37.6,19,0,346,2.4722222222222223
2024-04-06 12:00:00,38.6,18,0,337,2.2777777777777777
2024-04-06 13:00:00,39.5,16,0,311,2.2777777777777777
2024-04-06 14:00:00,39.9,15,0,287,3.138888888888889
2024-04-06 15:00:00,39.5,16,0,272,3.3888888888888884
2024-04-06 16:00:00,39.6,15,3,268,2.611111111111111
2024-04-06 17:00:00,38.1,17,0,285,4.888888888888889
2024-04-06 18:00:00,33.8,19,3,299,2.2777777777777777
2024-04-06 19:00:00,34.1,18,1,272,2.8055555555555554
2024-04-06 20:00:00,32.1,22,1,306,2.2222222222222223
2024-04-06 21:00:00,31.9,21,1,342,3.5833333333333335
2024-04-06 22:00:00,31.7,22,0,343,3.0277777777777777
2024-04-06 23:00:00,29.9,25,0,333,3.138888888888889
2024-04-07 00:00:00,28.8,27,1,345,2.388888888888889
2024-04-07 01:00:00,27.9,31,2,7,1.7222222222222223
2024-04-07 02:00:00,28.2,30,2,353,2.4166666666666665
2024-04-07 03:00:00,27.9,31,2,12,2.4444444444444446
2024-04-07 04:00:00,26.8,34,1,12,1.9444444444444444
2024-04-07 05:00:00,26.5,34,2,17,2.4166666666666665
2024-04-07 06:00:00,29.9,27,2,20,4.916666666666666
2024-04-07 07:00:00,31.4,26,2,359,4.194444444444445
2024-04-07 08:00:00,32.5,27,3,28,5.694444444444445
2024-04-07 09:00:00,32.3,28,3,349,2.0277777777777777
2024-04-07 10:00:00,33.2,25,2,350,5.277777777777778
2024-04-07 11:00:00,32.8,28,1,6,5.111111111111111
2024-04-07 12:00:00,35.0,25,1,342,3.2499999999999996
2024-04-07 13:00:00,36.2,21,3,316,3.611111111111111
2024-04-07 14:00:00,35.5,21,0,323,3.138888888888889
2024-04-07 15:00:00,35.5,22,1,329,4.083333333333333
2024-04-07 16:00:00,34.8,23,1,347,1.3333333333333333
2024-04-07 17:00:00,34.5,23,1,326,1.0833333333333333
2024-04-07 18:00:00,29.8,40,1,73,2.4166666666666665
2024-04-07 19:00:00,28.1,45,1,3,1.8055555555555556
2024-04-07 20:00:00,27.6,48,2,99,1.8333333333333333
2024-04-07 21:00:00,26.6,52,1,42,3.1111111111111107
2024-04-07 22:00:00,25.3,59,53,95,4.305555555555555
2024-04-07 23:00:00,24.8,61,1,117,4.388888888888889
2024-04-08 00:00:00,25.2,55,2,122,5.444444444444445
2024-04-08 01:00:00,25.0,55,2,124,4.972222222222221
2024-04-08 02:00:00,23.9,63,51,146,2.5277777777777777
2024-04-08 03:00:00,23.5,66,2,85,2.4166666666666665
2024-04-08 04:00:00,23.3,65,1,81,1.9166666666666667
2024-04-08 05:00:00,23.5,59,0,83,2.611111111111111
2024-04-08 06:00:00,22.1,73,1,20,2.6666666666666665
2024-04-08 07:00:00,24.3,62,1,25,2.861111111111111
2024-04-08 08:00:00,26.9,52,1,38,3.555555555555556
2024-04-08 09:00:00,29.4,46,1,94,3.1111111111111107
2024-04-08 10:00:00,31.9,40,0,90,2.388888888888889
2024-04-08 11:00:00,33.8,35,0,110,2.6666666666666665
2024-04-08 12:00:00,35.5,30,0,134,3.611111111111111
2024-04-08 13:00:00,35.0,30,1,124,2.888888888888889
2024-04-08 14:00:00,34.4,29,51,16,5.416666666666667
2024-04-08 15:00:00,33.2,33,1,34,5.055555555555555
2024-04-08 16:00:00,33.5,30,1,39,3.194444444444444
2024-04-08 17:00:00,32.7,31,2,59,3.7222222222222223
2024-04-08 18:00:00,32.2,30,2,87,3.6944444444444446
2024-04-08 19:00:00,30.0,40,1,43,4.805555555555555
2024-04-08 20:00:00,27.7,47,0,41,6.305555555555555
2024-04-08 21:00:00,26.0,56,0,65,5.416666666666667
2024-04-08 22:00:00,25.2,63,0,80,4.972222222222221
2024-04-08 23:00:00,24.1,69,0,86,4.416666666666667
2024-04-09 00:00:00,24.0,68,0,87,3.611111111111111
2024-04-09 01:00:00,24.0,67,0,79,3.2499999999999996
2024-04-09 02:00:00,23.6,68,0,79,3.0555555555555554
2024-04-09 03:00:00,23.4,68,0,110,3.5
2024-04-09 04:00:00,23.2,68,0,115,2.861111111111111
2024-04-09 05:00:00,23.1,69,1,103,2.5833333333333335
2024-04-09 06:00:00,23.5,67,0,74,1.8611111111111112
2024-04-09 07:00:00,25.1,60,0,79,2.138888888888889
2024-04-09 08:00:00,27.5,53,0,97,3.222222222222222
2024-04-09 09:00:00,29.7,50,0,116,3.888888888888889
2024-04-09 10:00:00,31.4,48,0,125,3.888888888888889
2024-04-09 11:00:00,33.1,43,0,143,3.861111111111111
2024-04-09 12:00:00,34.7,38,0,151,3.6666666666666665
2024-04-09 13:00:00,34.3,38,53,183,4.194444444444445
2024-04-09 14:00:00,34.3,38,2,186,2.8055555555555554
2024-04-09 15:00:00,33.3,39,51,166,4.111111111111112
2024-04-09 16:00:00,33.4,38,2,105,1.1388888888888888
2024-04-09 17:00:00,31.7,42,51,258,1.4444444444444444
2024-04-09 18:00:00,30.3,48,2,60,1.611111111111111
2024-04-09 19:00:00,23.4,80,63,267,7.722222222222222
2024-04-09 20:00:00,23.1,89,63,55,3.3055555555555554
2024-04-09 21:00:00,23.3,92,51,302,2.25
2024-04-09 22:00:00,23.8,84,2,346,2.055555555555556
2024-04-09 23:00:00,23.8,86,1,32,1.8888888888888888
2024-04-10 00:00:00,23.2,86,0,55,4.527777777777778
2024-04-10 01:00:00,22.6,82,1,86,3.1111111111111107
2024-04-10 02:00:00,22.1,83,0,73,3.6666666666666665
2024-04-10 03:00:00,21.8,84,0,76,2.055555555555556
2024-04-10 04:00:00,21.7,85,0,43,1.9166666666666667
2024-04-10 05:00:00,21.6,85,0,30,2.1944444444444446
2024-04-10 06:00:00,22.5,82,0,360,2.0
2024-04-10 07:00:00,24.5,73,0,23,1.5277777777777777
2024-04-10 08:00:00,27.2,63,0,79,1.027777777777778
2024-04-10 09:00:00,29.9,52,0,112,1.0833333333333333
2024-04-10 10:00:00,32.3,44,0,176,1.4166666666666665
2024-04-10 11:00:00,34.1,41,0,191,2.138888888888889
2024-04-10 12:00:00,35.4,37,1,190,2.75
2024-04-10 13:00:00,36.2,34,2,193,3.083333333333333
2024-04-10 14:00:00,34.2,38,1,206,4.555555555555555
2024-04-10 15:00:00,35.1,34,1,224,2.75
2024-04-10 16:00:00,34.3,37,2,279,1.2222222222222223
2024-04-10 17:00:00,33.5,38,3,322,2.2777777777777777
2024-04-10 18:00:00,31.3,47,51,348,2.972222222222222
2024-04-10 19:00:00,29.7,49,3,25,4.305555555555555
2024-04-10 20:00:00,28.7,52,3,1,4.611111111111112
2024-04-10 21:00:00,26.1,65,3,31,4.805555555555555
2024-04-10 22:00:00,25.5,66,3,10,4.055555555555555
2024-04-10 23:00:00,25.1,68,3,46,3.4722222222222223
2024-04-11 00:00:00,24.7,72,2,19,3.6944444444444446
2024-04-11 01:00:00,24.1,74,2,38,3.9166666666666665
2024-04-11 02:00:00,23.6,74,51,56,3.0277777777777777
2024-04-11 03:00:00,23.6,74,1,87,3.611111111111111
2024-04-11 04:00:00,23.1,75,51,132,4.166666666666667
2024-04-11 05:00:00,23.2,73,1,117,1.5555555555555554
2024-04-11 06:00:00,20.4,93,53,122,3.194444444444444
2024-04-11 07:00:00,21.5,86,3,34,1.4444444444444444
2024-04-11 08:00:00,23.2,78,2,153,0.888888888888889
2024-04-11 09:00:00,25.9,66,3,165,2.7777777777777777
2024-04-11 10:00:00,28.1,57,2,176,3.194444444444444
2024-04-11 11:00:00,30.2,49,2,175,3.611111111111111
2024-04-11 12:00:00,31.1,47,0,177,4.111111111111112
2024-04-11 13:00:00,32.2,42,0,177,4.194444444444445
2024-04-11 14:00:00,32.4,39,1,177,4.305555555555555
2024-04-11 15:00:00,32.6,36,1,181,3.888888888888889
2024-04-11 16:00:00,31.6,39,1,178,2.888888888888889
2024-04-11 17:00:00,30.9,41,1,155,2.111111111111111
2024-04-11 18:00:00,27.6,51,1,113,1.5277777777777777
2024-04-11 19:00:00,26.7,57,1,98,2.833333333333333
2024-04-11 20:00:00,25.7,64,2,83,2.4166666666666665
2024-04-11 21:00:00,24.8,70,2,86,1.611111111111111
2024-04-11 22:00:00,24.7,72,3,155,1.6666666666666665
2024-04-11 23:00:00,24.7,71,3,240,1.972222222222222
2024-04-12 00:00:00,23.7,85,61,212,1.5277777777777777
2024-04-12 01:00:00,23.3,89,51,284,0.8333333333333333
2024-04-12 02:00:00,23.0,93,51,126,0.8611111111111112
2024-04-12 03:00:00,22.6,93,2,166,1.25
2024-04-12 04:00:00,22.2,93,3,128,1.1388888888888888
2024-04-12 05:00:00,22.4,88,3,135,2.5555555555555554
2024-04-12 06:00:00,22.9,91,53,96,1.0
2024-04-12 07:00:00,23.9,83,0,117,2.0
2024-04-12 08:00:00,26.1,68,0,101,2.638888888888889
2024-04-12 09:00:00,28.5,53,0,100,3.4444444444444446
2024-04-12 10:00:00,30.1,49,1,115,2.861111111111111
2024-04-12 11:00:00,31.0,49,2,149,3.138888888888889
2024-04-12 12:00:00,31.8,48,2,176,3.194444444444444
2024-04-12 13:00:00,29.5,55,51,214,2.5277777777777777
2024-04-12 14:00:00,30.5,51,51,192,2.861111111111111
2024-04-12 15:00:00,30.7,51,2,187,2.5277777777777777
2024-04-12 16:00:00,30.7,50,1,184,1.5
2024-04-12 17:00:00,30.3,51,2,191,1.027777777777778
2024-04-12 18:00:00,28.2,46,0,84,1.8055555555555556
2024-04-12 19:00:00,26.3,52,0,82,2.111111111111111
2024-04-12 20:00:00,26.4,52,0,82,2.2222222222222223
2024-04-12 21:00:00,25.3,59,0,84,1.9166666666666667
2024-04-12 22:00:00,24.7,65,0,87,1.6944444444444442
2024-04-12 23:00:00,23.9,70,0,90,1.8888888888888888
2024-04-13 00:00:00,23.6,71,1,60,1.611111111111111
2024-04-13 01:00:00,23.7,71,51,78,1.9444444444444444
2024-04-13 02:00:00,23.4,74,1,129,2.055555555555556
2024-04-13 03:00:00,23.3,74,1,110,2.0277777777777777
2024-04-13 04:00:00,23.2,73,1,69,1.3888888888888888
2024-04-13 05:00:00,22.6,76,1,252,1.8888888888888888
2024-04-13 06:00:00,21.7,85,65,351,4.666666666666667
2024-04-13 07:00:00,22.3,85,53,140,2.611111111111111
2024-04-13 08:00:00,24.0,78,2,136,3.194444444444444
2024-04-13 09:00:00,26.0,71,51,159,2.5555555555555554
2024-04-13 10:00:00,28.6,61,0,168,3.3611111111111107
2024-04-13 11:00:00,30.4,52,0,177,3.9166666666666665
2024-04-13 12:00:00,31.0,50,3,182,4.611111111111112
2024-04-13 13:00:00,30.8,52,0,190,4.166666666666667
2024-04-13 14:00:00,32.0,50,0,208,4.083333333333333
2024-04-13 15:00:00,31.8,49,0,211,3.7222222222222223
2024-04-13 16:00:00,31.6,49,0,201,3.0
2024-04-13 17:00:00,30.5,51,0,190,2.75
2024-04-13 18:00:00,28.1,63,1,193,1.75
2024-04-13 19:00:00,28.6,57,0,191,1.027777777777778
2024-04-13 20:00:00,26.9,66,1,270,0.6944444444444444
2024-04-13 21:00:00,25.5,75,0,297,1.1111111111111112
2024-04-13 22:00:00,25.1,78,0,310,0.7777777777777777
2024-04-13 23:00:00,25.7,74,1,49,0.9166666666666666
2024-04-14 00:00:00,24.2,79,3,110,2.0277777777777777
2024-04-14 01:00:00,24.2,76,0,118,1.6944444444444442
2024-04-14 02:00:00,23.6,80,0,117,1.5555555555555554
2024-04-14 03:00:00,23.1,85,0,146,1.8055555555555556
2024-04-14 04:00:00,23.0,85,0,281,0.5
2024-04-14 05:00:00,22.7,87,0,342,0.6388888888888888
2024-04-14 06:00:00,23.1,92,0,351,1.2222222222222223
2024-04-14 07:00:00,25.3,82,0,90,0.19444444444444442
2024-04-14 08:00:00,27.9,69,0,121,0.5833333333333334
2024-04-14 09:00:00,30.4,57,0,135,1.0
2024-04-14 10:00:00,32.5,47,0,172,1.5
2024-04-14 11:00:00,34.0,42,0,204,2.1944444444444446
2024-04-14 12:00:00,34.9,38,1,239,2.3333333333333335
2024-04-14 13:00:00,35.2,37,0,259,2.138888888888889
2024-04-14 14:00:00,35.5,37,0,249,1.7222222222222223
2024-04-14 15:00:00,35.7,36,0,254,1.777777777777778
2024-04-14 16:00:00,35.2,37,0,258,1.9444444444444444
2024-04-14 17:00:00,34.4,40,0,245,1.4444444444444444
2024-04-14 18:00:00,32.2,41,1,159,1.7222222222222223
2024-04-14 19:00:00,30.3,46,1,323,1.5
2024-04-14 20:00:00,29.3,49,0,358,2.694444444444444
2024-04-14 21:00:00,28.0,55,0,349,2.0277777777777777
2024-04-14 22:00:00,27.0,61,0,342,2.0
2024-04-14 23:00:00,26.3,65,0,357,2.0
2024-04-15 00:00:00,25.8,69,0,336,1.75
2024-04-15 01:00:00,24.8,76,0,312,1.3333333333333333
2024-04-15 02:00:00,24.9,75,0,324,1.7222222222222223
2024-04-15 03:00:00,24.5,78,0,330,1.3888888888888888
2024-04-15 04:00:00,24.3,79,0,356,1.5
2024-04-15 05:00:00,24.1,79,0,11,2.138888888888889
2024-04-15 06:00:00,25.5,86,1,58,1.3055555555555556
2024-04-15 07:00:00,27.7,76,0,42,1.1944444444444444
2024-04-15 08:00:00,30.6,64,0,38,1.1388888888888888
2024-04-15 09:00:00,33.3,50,0,139,1.8333333333333333
2024-04-15 10:00:00,35.4,41,1,171,1.9166666666666667
2024-04-15 11:00:00,36.7,36,0,204,2.1944444444444446
2024-04-15 12:00:00,37.4,33,1,228,2.4166666666666665
2024-04-15 13:00:00,37.7,32,3,262,2.7222222222222223
2024-04-15 14:00:00,35.0,39,51,299,3.5277777777777777
2024-04-15 15:00:00,34.7,41,51,317,3.8333333333333335
2024-04-15 16:00:00,34.7,39,1,344,2.9166666666666665
2024-04-15 17:00:00,33.9,41,0,339,2.5555555555555554
2024-04-15 18:00:00,29.3,62,0,20,1.5
2024-04-15 19:00:00,28.3,68,0,329,1.75
2024-04-15 20:00:00,28.4,69,0,342,2.5277777777777777
2024-04-15 21:00:00,28.4,67,0,353,2.5277777777777777
2024-04-15 22:00:00,27.8,68,0,357,1.8055555555555556
2024-04-15 23:00:00,26.8,73,0,4,1.4166666666666665
2024-04-16 00:00:00,26.4,75,0,349,1.5277777777777777
2024-04-16 01:00:00,25.9,76,0,328,1.5277777777777777
2024-04-16 02:00:00,25.6,77,0,333,2.2222222222222223
2024-04-16 03:00:00,25.4,75,0,340,2.3333333333333335
2024-04-16 04:00:00,24.9,77,0,337,1.5277777777777777
2024-04-16 05:00:00,24.3,80,2,356,1.5
2024-04-16 06:00:00,24.8,74,1,297,0.6666666666666666
2024-04-16 07:00:00,26.8,65,2,22,0.5277777777777778
2024-04-16 08:00:00,29.8,55,0,346,0.41666666666666663
2024-04-16 09:00:00,33.0,43,0,360,0.3055555555555556
2024-04-16 10:00:00,35.3,35,0,27,0.4444444444444445
2024-04-16 11:00:00,36.9,31,0,72,0.3055555555555556
2024-04-16 12:00:00,38.0,28,1,320,0.7777777777777777
2024-04-16 13:00:00,38.2,26,0,315,1.2777777777777777
2024-04-16 14:00:00,38.4,25,0,312,1.5
2024-04-16 15:00:00,38.4,24,0,297,1.5555555555555554
2024-04-16 16:00:00,38.1,24,0,258,1.4444444444444444
2024-04-16 17:00:00,37.1,29,0,245,1.4444444444444444
2024-04-16 18:00:00,30.2,50,0,324,5.944444444444444
2024-04-16 19:00:00,30.1,51,1,324,1.7222222222222223
2024-04-16 20:00:00,29.3,54,0,257,0.9166666666666666
2024-04-16 21:00:00,28.6,57,0,258,1.9444444444444444
2024-04-16 22:00:00,27.6,60,0,251,1.8055555555555556
2024-04-16 23:00:00,27.7,59,0,277,1.7222222222222223
2024-04-17 00:00:00,27.0,62,0,330,2.1944444444444446
2024-04-17 01:00:00,26.1,64,0,318,2.4166666666666665
2024-04-17 02:00:00,25.6,66,0,317,1.9166666666666667
2024-04-17 03:00:00,25.1,69,0,323,2.138888888888889
2024-04-17 04:00:00,24.8,69,0,323,2.0
2024-04-17 05:00:00,24.3,71,0,324,1.7222222222222223
2024-04-17 06:00:00,25.5,66,0,311,1.8333333333333333
2024-04-17 07:00:00,28.5,56,0,335,1.6666666666666665
2024-04-17 08:00:00,32.2,48,0,345,1.5555555555555554
2024-04-17 09:00:00,35.7,37,0,335,1.8888888888888888
2024-04-17 10:00:00,38.0,27,0,326,1.8055555555555556
2024-04-17 11:00:00,39.1,22,0,317,2.055555555555556
2024-04-17 12:00:00,39.6,21,0,312,2.4166666666666665
2024-04-17 13:00:00,39.9,20,1,314,2.75
2024-04-17 14:00:00,39.9,19,3,310,3.1111111111111107
2024-04-17 15:00:00,39.7,18,1,293,2.611111111111111
2024-04-17 16:00:00,39.9,18,1,267,2.0
2024-04-17 17:00:00,38.0,43,0,239,0.5833333333333334
2024-04-17 18:00:00,34.6,26,1,277,2.3333333333333335
2024-04-17 19:00:00,33.9,26,1,292,2.9166666666666665
2024-04-17 20:00:00,33.0,30,1,285,3.9166666666666665
2024-04-17 21:00:00,31.8,35,0,297,3.0277777777777777
2024-04-17 22:00:00,30.0,38,0,319,2.2777777777777777
2024-04-17 23:00:00,28.8,42,0,319,1.972222222222222
2024-04-18 00:00:00,27.6,48,0,306,1.8611111111111112
2024-04-18 01:00:00,26.0,57,0,313,2.4722222222222223
2024-04-18 02:00:00,25.3,61,0,321,1.9166666666666667
2024-04-18 03:00:00,25.3,59,0,309,2.1944444444444446
2024-04-18 04:00:00,25.0,57,0,347,2.25
2024-04-18 05:00:00,24.5,56,0,302,1.8888888888888888
2024-04-18 06:00:00,26.7,52,2,322,2.9166666666666665
2024-04-18 07:00:00,29.1,46,2,355,2.305555555555556
2024-04-18 08:00:00,32.6,34,2,14,2.055555555555556
2024-04-18 09:00:00,35.5,27,3,40,2.4722222222222223
2024-04-18 10:00:00,37.5,23,3,60,2.7777777777777777
2024-04-18 11:00:00,39.0,20,3,68,2.388888888888889
2024-04-18 12:00:00,40.0,18,2,63,1.5555555555555554
2024-04-18 13:00:00,40.5,17,1,37,1.0
2024-04-18 14:00:00,40.6,17,0,347,1.3333333333333333
2024-04-18 15:00:00,40.5,17,0,319,1.972222222222222
2024-04-18 16:00:00,39.9,17,1,289,2.4444444444444446
2024-04-18 17:00:00,38.5,20,1,257,3.5833333333333335
2024-04-18 18:00:00,34.0,28,2,282,2.4444444444444446
2024-04-18 19:00:00,32.5,30,1,289,2.111111111111111
2024-04-18 20:00:00,31.8,32,1,293,2.611111111111111
2024-04-18 21:00:00,29.9,37,1,295,2.3333333333333335
2024-04-18 22:00:00,28.8,41,0,331,1.8333333333333333
2024-04-18 23:00:00,28.2,44,0,288,2.305555555555556
2024-04-19 00:00:00,28.1,44,2,298,2.138888888888889
2024-04-19 01:00:00,26.2,51,2,317,2.3333333333333335
2024-04-19 02:00:00,26.3,51,0,326,2.305555555555556
2024-04-19 03:00:00,25.4,52,0,342,1.8888888888888888
2024-04-19 04:00:00,24.4,58,1,333,1.777777777777778
2024-04-19 05:00:00,24.6,57,1,334,3.222222222222222
2024-04-19 06:00:00,27.3,44,3,336,4.25
2024-04-19 07:00:00,31.0,35,2,325,2.8055555555555554
2024-04-19 08:00:00,33.9,30,2,342,1.5833333333333333
2024-04-19 09:00:00,36.4,24,1,16,1.4444444444444444
2024-04-19 10:00:00,38.8,21,2,36,1.7222222222222223
2024-04-19 11:00:00,40.4,17,2,35,2.0833333333333335
2024-04-19 12:00:00,41.1,17,3,36,0.8611111111111112
2024-04-19 13:00:00,41.6,17,3,284,0.41666666666666663
2024-04-19 14:00:00,41.7,16,3,281,1.5277777777777777
2024-04-19 15:00:00,41.3,15,3,283,2.5833333333333335
2024-04-19 16:00:00,40.5,16,0,285,2.694444444444444
2024-04-19 17:00:00,39.2,20,1,290,1.1666666666666667
2024-04-19 18:00:00,35.7,24,1,241,2.2777777777777777
2024-04-19 19:00:00,34.4,25,1,275,2.305555555555556
2024-04-19 20:00:00,32.5,30,1,286,2.5833333333333335
2024-04-19 21:00:00,31.1,31,1,301,2.111111111111111
2024-04-19 22:00:00,31.5,30,0,293,2.833333333333333
2024-04-19 23:00:00,29.4,35,0,278,2.2222222222222223
2024-04-20 00:00:00,29.7,34,0,315,2.111111111111111
2024-04-20 01:00:00,28.4,36,0,315,1.972222222222222
2024-04-20 02:00:00,29.1,34,0,316,3.4722222222222223
2024-04-20 03:00:00,28.9,35,0,325,3.8055555555555554
2024-04-20 04:00:00,28.2,37,0,325,3.3055555555555554
2024-04-20 05:00:00,27.6,38,0,320,3.1111111111111107
2024-04-20 06:00:00,30.4,36,1,324,4.083333333333333
2024-04-20 07:00:00,32.3,34,0,7,2.5277777777777777
2024-04-20 08:00:00,34.6,30,0,146,0.3611111111111111
2024-04-20 09:00:00,36.5,27,0,299,1.027777777777778
2024-04-20 10:00:00,38.8,23,0,332,2.138888888888889
2024-04-20 11:00:00,40.2,21,0,330,2.7777777777777777
2024-04-20 12:00:00,40.4,20,0,300,3.3611111111111107
2024-04-20 13:00:00,40.8,19,0,288,3.8055555555555554
2024-04-20 14:00:00,40.7,20,1,273,3.611111111111111
2024-04-20 15:00:00,40.4,20,1,263,3.5277777777777777
2024-04-20 16:00:00,39.6,21,0,253,3.138888888888889
2024-04-20 17:00:00,38.8,22,0,225,2.25
2024-04-20 18:00:00,37.2,19,1,295,3.75
2024-04-20 19:00:00,35.0,23,0,262,2.2222222222222223
2024-04-20 20:00:00,34.0,26,1,281,3.0555555555555554
2024-04-20 21:00:00,33.7,28,1,315,3.2499999999999996
2024-04-20 22:00:00,32.5,32,1,329,2.694444444444444
2024-04-20 23:00:00,30.9,37,0,252,3.1666666666666665
2024-04-21 00:00:00,30.5,38,0,275,2.4166666666666665
2024-04-21 01:00:00,29.7,40,0,276,2.7222222222222223
2024-04-21 02:00:00,29.4,41,0,288,2.833333333333333
2024-04-21 03:00:00,28.9,43,0,304,2.888888888888889
2024-04-21 04:00:00,28.5,44,0,308,3.2777777777777777
2024-04-21 05:00:00,28.3,39,0,317,3.3888888888888884
2024-04-21 06:00:00,29.3,38,0,326,3.611111111111111
2024-04-21 07:00:00,31.3,34,0,333,2.694444444444444
2024-04-21 08:00:00,33.6,28,1,330,3.0
2024-04-21 09:00:00,35.7,23,0,339,2.25
2024-04-21 10:00:00,37.4,21,0,346,2.4722222222222223
2024-04-21 11:00:00,38.7,20,0,336,2.7222222222222223
2024-04-21 12:00:00,39.8,18,3,325,2.0833333333333335
2024-04-21 13:00:00,40.0,18,2,304,1.8055555555555556
2024-04-21 14:00:00,40.2,18,0,284,2.055555555555556
2024-04-21 15:00:00,40.0,19,0,278,2.9166666666666665
2024-04-21 16:00:00,39.5,20,0,299,2.861111111111111
2024-04-21 17:00:00,38.7,21,2,326,3.0277777777777777
2024-04-21 18:00:00,34.8,26,1,332,1.9166666666666667
2024-04-21 19:00:00,33.0,32,1,311,1.972222222222222
2024-04-21 20:00:00,31.9,37,3,275,2.111111111111111
2024-04-21 21:00:00,31.7,36,1,218,1.6388888888888888
2024-04-21 22:00:00,30.2,41,3,222,1.5
2024-04-21 23:00:00,29.8,46,2,262,0.6944444444444444
2024-04-22 00:00:00,29.5,44,1,329,2.3333333333333335
2024-04-22 01:00:00,30.0,38,0,335,4.194444444444445
2024-04-22 02:00:00,28.3,45,2,334,5.333333333333333
2024-04-22 03:00:00,25.7,61,1,347,4.416666666666667
2024-04-22 04:00:00,25.3,64,1,355,5.527777777777778
2024-04-22 05:00:00,25.0,64,3,344,5.305555555555556
2024-04-22 06:00:00,27.7,51,3,316,3.888888888888889
2024-04-22 07:00:00,27.8,53,1,18,2.0
2024-04-22 08:00:00,29.9,47,3,360,3.3055555555555554
2024-04-22 09:00:00,32.1,40,2,360,1.8055555555555556
2024-04-22 10:00:00,33.8,32,1,37,2.0
2024-04-22 11:00:00,36.5,26,2,131,1.0555555555555556
2024-04-22 12:00:00,37.3,25,1,180,1.1944444444444444
2024-04-22 13:00:00,38.5,23,2,274,2.694444444444444
2024-04-22 14:00:00,36.1,27,2,282,2.361111111111111
2024-04-22 15:00:00,36.7,27,1,258,2.361111111111111
2024-04-22 16:00:00,36.3,28,2,291,3.0
2024-04-22 17:00:00,35.8,29,3,294,1.972222222222222
2024-04-22 18:00:00,31.3,45,1,335,2.3333333333333335
2024-04-22 19:00:00,30.1,50,1,319,1.8333333333333333
2024-04-22 20:00:00,28.9,56,0,331,1.25
2024-04-22 21:00:00,28.4,60,0,305,1.2222222222222223
2024-04-22 22:00:00,27.5,64,1,202,1.0833333333333333
2024-04-22 23:00:00,28.0,62,0,239,0.5833333333333334
2024-04-23 00:00:00,26.8,69,1,279,0.6111111111111112
2024-04-23 01:00:00,27.0,68,0,360,0.19444444444444442
2024-04-23 02:00:00,25.8,76,1,184,1.611111111111111
2024-04-23 03:00:00,25.8,73,1,196,1.4444444444444444
2024-04-23 04:00:00,25.6,72,0,223,1.6388888888888888
2024-04-23 05:00:00,25.3,72,0,223,2.055555555555556
2024-04-23 06:00:00,24.9,78,0,43,1.6388888888888888
2024-04-23 07:00:00,26.9,67,0,48,1.5
2024-04-23 08:00:00,29.3,56,1,156,1.75
2024-04-23 09:00:00,31.2,48,0,174,1.9166666666666667
2024-04-23 10:00:00,33.5,41,0,193,1.3333333333333333
2024-04-23 11:00:00,35.8,35,0,208,1.9166666666666667
2024-04-23 12:00:00,35.1,38,0,221,1.8333333333333333
2024-04-23 13:00:00,36.7,32,0,293,1.3055555555555556
2024-04-23 14:00:00,34.2,38,51,243,3.138888888888889
2024-04-23 15:00:00,34.9,35,0,253,1.6666666666666665
2024-04-23 16:00:00,35.1,34,1,219,1.9166666666666667
2024-04-23 17:00:00,34.5,35,0,208,1.6944444444444442
2024-04-23 18:00:00,30.7,46,51,347,3.1666666666666665
2024-04-23 19:00:00,29.2,52,2,44,3.75
2024-04-23 20:00:00,28.8,49,0,32,3.0555555555555554
2024-04-23 21:00:00,27.7,53,0,7,1.611111111111111
2024-04-23 22:00:00,27.1,58,0,353,3.138888888888889
2024-04-23 23:00:00,26.0,66,0,28,1.6944444444444442
2024-04-24 00:00:00,25.5,70,0,337,1.3055555555555556
2024-04-24 01:00:00,25.6,66,2,177,4.0
2024-04-24 02:00:00,25.4,67,1,183,1.8055555555555556
2024-04-24 03:00:00,26.2,58,1,183,3.9166666666666665
2024-04-24 04:00:00,25.4,61,0,315,1.1388888888888888
2024-04-24 05:00:00,24.4,69,0,29,1.027777777777778
2024-04-24 06:00:00,25.7,78,0,255,1.972222222222222
2024-04-24 07:00:00,28.2,66,0,236,1.4444444444444444
2024-04-24 08:00:00,31.0,54,0,300,0.8055555555555555
2024-04-24 09:00:00,33.8,43,0,277,0.8055555555555555
2024-04-24 10:00:00,36.5,33,0,223,1.777777777777778
2024-04-24 11:00:00,37.9,27,0,215,2.4444444444444446
2024-04-24 12:00:00,38.9,24,0,205,2.638888888888889
2024-04-24 13:00:00,38.0,27,2,140,3.416666666666667
2024-04-24 14:00:00,37.4,28,2,151,2.638888888888889
2024-04-24 15:00:00,35.4,30,51,275,5.027777777777778
2024-04-24 16:00:00,31.4,45,1,2,3.5
2024-04-24 17:00:00,33.2,37,0,324,1.7222222222222223
2024-04-24 18:00:00,33.2,32,1,9,1.9166666666666667
2024-04-24 19:00:00,31.0,36,0,97,1.7222222222222223
2024-04-24 20:00:00,30.3,37,0,58,2.25
2024-04-24 21:00:00,29.4,40,0,360,1.8888888888888888
2024-04-24 22:00:00,28.7,43,0,360,1.6944444444444442
2024-04-24 23:00:00,27.8,46,0,333,2.0
2024-04-25 00:00:00,27.0,47,1,310,1.6944444444444442
2024-04-25 01:00:00,26.2,53,1,283,1.75
2024-04-25 02:00:00,26.2,54,2,285,1.5555555555555554
2024-04-25 03:00:00,27.2,48,1,317,2.1944444444444446
2024-04-25 04:00:00,25.4,55,2,129,1.9166666666666667
2024-04-25 05:00:00,25.5,53,1,270,2.5
2024-04-25 06:00:00,27.5,53,2,249,3.333333333333333
2024-04-25 07:00:00,30.6,47,2,257,2.7777777777777777
2024-04-25 08:00:00,34.3,39,0,290,2.6666666666666665
2024-04-25 09:00:00,36.7,29,1,268,3.3888888888888884
2024-04-25 10:00:00,38.0,25,1,265,3.8055555555555554
2024-04-25 11:00:00,38.5,24,0,304,0.7222222222222222
2024-04-25 12:00:00,36.7,31,51,334,4.111111111111112
2024-04-25 13:00:00,38.2,26,1,270,2.0
2024-04-25 14:00:00,38.4,25,1,224,3.888888888888889
2024-04-25 15:00:00,36.2,29,51,248,3.222222222222222
2024-04-25 16:00:00,37.0,25,1,242,2.361111111111111
2024-04-25 17:00:00,36.2,27,0,274,1.5
2024-04-25 18:00:00,33.2,35,0,354,5.722222222222222
2024-04-25 19:00:00,30.6,42,0,15,3.416666666666667
2024-04-25 20:00:00,30.9,40,0,11,1.5277777777777777
2024-04-25 21:00:00,29.5,46,0,256,0.41666666666666663
2024-04-25 22:00:00,28.6,49,0,270,0.6111111111111112
2024-04-25 23:00:00,28.0,50,0,292,1.0833333333333333
2024-04-26 00:00:00,27.7,52,0,331,2.638888888888889
2024-04-26 01:00:00,27.2,52,0,331,2.638888888888889
2024-04-26 02:00:00,26.2,58,0,330,2.4166666666666665
2024-04-26 03:00:00,25.7,61,0,319,2.2777777777777777
2024-04-26 04:00:00,25.4,61,0,328,2.25
2024-04-26 05:00:00,24.6,64,0,180,1.3055555555555556
2024-04-26 06:00:00,28.7,45,1,16,4.472222222222222
2024-04-26 07:00:00,32.0,37,0,346,2.888888888888889
2024-04-26 08:00:00,34.8,31,1,324,2.5833333333333335
2024-04-26 09:00:00,37.5,23,0,355,2.305555555555556
2024-04-26 10:00:00,39.1,20,1,354,2.7222222222222223
2024-04-26 11:00:00,40.2,18,1,335,1.8888888888888888
2024-04-26 12:00:00,40.8,18,0,306,1.8611111111111112
2024-04-26 13:00:00,41.3,17,1,288,2.0
2024-04-26 14:00:00,41.3,18,1,299,2.2777777777777777
2024-04-26 15:00:00,41.1,18,3,300,5.055555555555555
2024-04-26 16:00:00,35.6,28,1,347,5.444444444444445
2024-04-26 17:00:00,36.7,26,2,350,3.4444444444444446
2024-04-26 18:00:00,33.2,34,2,321,5.055555555555555
2024-04-26 19:00:00,31.9,40,1,357,3.416666666666667
2024-04-26 20:00:00,30.5,44,1,27,3.138888888888889
2024-04-26 21:00:00,29.7,46,0,14,3.611111111111111
2024-04-26 22:00:00,28.9,48,0,16,2.5833333333333335
2024-04-26 23:00:00,28.3,51,0,353,2.4166666666666665
2024-04-27 00:00:00,27.0,55,0,352,1.5
2024-04-27 01:00:00,26.9,56,0,349,2.0277777777777777
2024-04-27 02:00:00,26.7,57,0,349,2.638888888888889
2024-04-27 03:00:00,26.7,57,2,345,3.0
2024-04-27 04:00:00,26.8,55,1,360,1.3888888888888888
2024-04-27 05:00:00,26.0,58,2,344,1.777777777777778
2024-04-27 06:00:00,27.7,48,2,327,2.388888888888889
2024-04-27 07:00:00,29.1,45,1,330,1.611111111111111
2024-04-27 08:00:00,32.3,38,1,347,2.6666666666666665
2024-04-27 09:00:00,35.7,32,0,16,2.5833333333333335
2024-04-27 10:00:00,38.8,24,1,360,1.3888888888888888
2024-04-27 11:00:00,38.0,24,0,313,2.611111111111111
2024-04-27 12:00:00,39.2,22,0,297,1.5555555555555554
2024-04-27 13:00:00,40.5,20,0,250,2.0277777777777777
2024-04-27 14:00:00,41.1,19,0,243,3.5833333333333335
2024-04-27 15:00:00,40.8,19,1,241,4.111111111111112
2024-04-27 16:00:00,39.9,20,0,249,3.861111111111111
2024-04-27 17:00:00,38.1,24,1,325,4.166666666666667
2024-04-27 18:00:00,33.3,35,3,16,4.583333333333333
2024-04-27 19:00:00,33.5,33,0,346,3.194444444444444
2024-04-27 20:00:00,32.5,36,0,21,3.1111111111111107
2024-04-27 21:00:00,31.4,41,0,360,2.0
2024-04-27 22:00:00,30.4,44,0,21,1.7222222222222223
2024-04-27 23:00:00,30.5,43,0,7,2.4166666666666665
2024-04-28 00:00:00,29.7,45,0,352,2.2222222222222223
2024-04-28 01:00:00,28.2,50,2,332,1.6944444444444442
2024-04-28 02:00:00,28.6,49,1,360,2.1944444444444446
2024-04-28 03:00:00,28.3,49,2,337,3.3611111111111107
2024-04-28 04:00:00,28.1,48,0,360,3.3055555555555554
2024-04-28 05:00:00,27.2,51,2,356,3.1111111111111107
2024-04-28 06:00:00,28.1,57,3,12,4.388888888888889
2024-04-28 07:00:00,29.6,55,2,313,4.527777777777778
2024-04-28 08:00:00,31.9,45,51,38,1.6388888888888888
2024-04-28 09:00:00,34.2,36,3,309,1.2777777777777777
2024-04-28 10:00:00,35.7,32,3,66,2.7222222222222223
2024-04-28 11:00:00,38.0,27,2,61,2.055555555555556
2024-04-28 12:00:00,39.6,24,2,43,1.777777777777778
2024-04-28 13:00:00,40.1,23,2,350,1.1111111111111112
2024-04-28 14:00:00,39.9,23,2,302,0.9444444444444444
2024-04-28 15:00:00,40.1,23,1,319,1.972222222222222
2024-04-28 16:00:00,38.2,25,1,326,4.972222222222221
2024-04-28 17:00:00,36.3,29,2,336,3.1666666666666665
2024-04-28 18:00:00,35.1,33,0,66,1.972222222222222
2024-04-28 19:00:00,32.9,38,0,130,1.6944444444444442
2024-04-28 20:00:00,32.2,41,0,149,1.75
2024-04-28 21:00:00,32.7,38,0,159,0.8611111111111112
2024-04-28 22:00:00,29.9,46,0,128,1.777777777777778
2024-04-28 23:00:00,30.4,45,0,118,1.6944444444444442
2024-04-29 00:00:00,30.6,43,0,176,1.3055555555555556
2024-04-29 01:00:00,30.4,44,0,155,1.4444444444444444
2024-04-29 02:00:00,28.3,53,0,93,1.8888888888888888
2024-04-29 03:00:00,27.6,57,0,77,1.75
2024-04-29 04:00:00,28.4,53,0,349,0.5
2024-04-29 05:00:00,27.1,59,0,333,0.22222222222222224
2024-04-29 06:00:00,28.4,57,1,182,2.8055555555555554
2024-04-29 07:00:00,30.5,53,2,142,1.777777777777778
2024-04-29 08:00:00,32.7,47,0,185,3.3055555555555554
2024-04-29 09:00:00,35.1,40,0,169,2.138888888888889
2024-04-29 10:00:00,37.8,32,1,194,2.888888888888889
2024-04-29 11:00:00,37.9,31,1,211,3.7222222222222223
2024-04-29 12:00:00,38.0,29,0,268,2.388888888888889
2024-04-29 13:00:00,38.0,30,3,241,5.138888888888888
2024-04-29 14:00:00,36.8,32,51,263,1.611111111111111
2024-04-29 15:00:00,37.7,30,0,273,1.8055555555555556
2024-04-29 16:00:00,37.5,30,0,268,2.611111111111111
2024-04-29 17:00:00,36.7,31,0,272,2.694444444444444
2024-04-29 18:00:00,34.2,39,0,350,3.3611111111111107
2024-04-29 19:00:00,31.9,45,0,357,1.8888888888888888
2024-04-29 20:00:00,30.7,51,0,321,1.9166666666666667
2024-04-29 21:00:00,29.9,57,0,320,1.6944444444444442
2024-04-29 22:00:00,30.3,53,0,124,0.7222222222222222
2024-04-29 23:00:00,29.0,61,0,27,1.3333333333333333
2024-04-30 00:00:00,27.8,67,0,351,1.3055555555555556
2024-04-30 01:00:00,27.5,69,0,349,1.027777777777778
2024-04-30 02:00:00,27.1,70,0,337,1.3055555555555556
2024-04-30 03:00:00,27.5,63,0,300,1.972222222222222
2024-04-30 04:00:00,27.3,62,0,291,1.9444444444444444
2024-04-30 05:00:00,27.4,59,1,285,2.2777777777777777
2024-04-30 06:00:00,28.6,64,1,326,2.305555555555556
2024-04-30 07:00:00,31.2,56,0,336,1.972222222222222
2024-04-30 08:00:00,34.5,41,0,333,2.9166666666666665
2024-04-30 09:00:00,37.2,27,0,336,3.5
2024-04-30 10:00:00,38.8,21,0,334,3.4444444444444446
2024-04-30 11:00:00,40.0,20,0,322,2.7777777777777777
2024-04-30 12:00:00,41.0,18,0,298,2.5833333333333335
2024-04-30 13:00:00,41.8,17,0,282,3.2777777777777777
2024-04-30 14:00:00,42.0,16,0,283,4.0
2024-04-30 15:00:00,42.0,15,0,276,4.638888888888888
2024-04-30 16:00:00,40.6,16,0,270,5.805555555555555
2024-04-30 17:00:00,39.1,19,0,272,4.611111111111112
2024-04-30 18:00:00,36.1,22,0,285,2.2777777777777777
2024-04-30 19:00:00,35.3,23,0,256,3.3888888888888884
2024-04-30 20:00:00,34.4,25,0,298,2.944444444444444
2024-04-30 21:00:00,32.6,28,0,331,2.861111111111111
2024-04-30 22:00:00,31.7,28,0,319,2.9166666666666665
2024-04-30 23:00:00,31.5,27,0,316,3.611111111111111
2024-05-01 00:00:00,30.8,27,0,316,2.888888888888889
2024-05-01 01:00:00,29.8,28,0,328,2.833333333333333
2024-05-01 02:00:00,29.1,29,0,322,2.9166666666666665
2024-05-01 03:00:00,29.2,28,0,313,3.2499999999999996
2024-05-01 04:00:00,29.5,26,0,309,4.111111111111112
2024-05-01 05:00:00,29.1,26,0,305,3.6666666666666665
2024-05-01 06:00:00,30.3,29,0,319,3.6944444444444446
2024-05-01 07:00:00,31.9,27,0,326,2.305555555555556
2024-05-01 08:00:00,34.1,23,0,320,3.1111111111111107
2024-05-01 09:00:00,36.6,19,0,318,4.027777777777778
2024-05-01 10:00:00,38.4,16,0,315,4.111111111111112
2024-05-01 11:00:00,39.6,15,0,306,3.5833333333333335
2024-05-01 12:00:00,40.5,14,0,297,3.944444444444444
2024-05-01 13:00:00,41.1,12,0,290,4.361111111111111
2024-05-01 14:00:00,41.4,11,0,285,5.277777777777778
2024-05-01 15:00:00,40.8,12,0,281,5.694444444444445
2024-05-01 16:00:00,39.9,13,0,281,5.611111111111111
2024-05-01 17:00:00,38.7,14,0,290,4.361111111111111
2024-05-01 18:00:00,37.6,15,0,271,5.388888888888888
2024-05-01 19:00:00,36.3,15,0,305,5.111111111111111
2024-05-01 20:00:00,33.7,18,0,317,3.5277777777777777
2024-05-01 21:00:00,32.0,20,0,317,3.3888888888888884
2024-05-01 22:00:00,31.1,21,0,315,3.2499999999999996
2024-05-01 23:00:00,29.9,22,0,322,2.7777777777777777
2024-05-02 00:00:00,28.8,23,0,319,2.7777777777777777
2024-05-02 01:00:00,28.9,21,0,319,3.8333333333333335
2024-05-02 02:00:00,28.5,20,0,319,3.6944444444444446
2024-05-02 03:00:00,27.6,19,0,322,3.2777777777777777
2024-05-02 04:00:00,26.5,21,0,326,2.888888888888889
2024-05-02 05:00:00,25.4,24,0,323,2.638888888888889
2024-05-02 06:00:00,26.3,26,0,333,3.138888888888889
2024-05-02 07:00:00,28.9,24,0,348,2.4444444444444446
2024-05-02 08:00:00,32.1,17,0,7,2.4166666666666665
2024-05-02 09:00:00,34.5,14,0,24,2.1944444444444446
2024-05-02 10:00:00,36.7,12,0,30,2.1944444444444446
2024-05-02 11:00:00,38.1,10,0,5,2.305555555555556
2024-05-02 12:00:00,39.0,10,0,339,1.7222222222222223
2024-05-02 13:00:00,39.5,9,0,302,1.5277777777777777
2024-05-02 14:00:00,39.7,9,1,295,1.6666666666666665
2024-05-02 15:00:00,39.6,9,1,295,1.4444444444444444
2024-05-02 16:00:00,39.3,9,2,288,0.9444444444444444
2024-05-02 17:00:00,38.6,11,1,240,0.8055555555555555
2024-05-02 18:00:00,36.0,10,0,287,4.805555555555555
2024-05-02 19:00:00,34.2,12,1,303,4.416666666666667
2024-05-02 20:00:00,32.2,15,2,321,3.611111111111111
2024-05-02 21:00:00,30.1,18,0,307,2.638888888888889
2024-05-02 22:00:00,28.6,20,0,320,2.611111111111111
2024-05-02 23:00:00,27.7,22,0,324,2.861111111111111
2024-05-03 00:00:00,26.9,23,0,324,2.861111111111111
2024-05-03 01:00:00,26.0,25,0,324,2.7222222222222223
2024-05-03 02:00:00,25.4,26,0,326,3.0277777777777777
2024-05-03 03:00:00,25.1,26,0,333,3.3611111111111107
2024-05-03 04:00:00,24.4,28,0,335,2.638888888888889
2024-05-03 05:00:00,23.5,30,0,332,2.361111111111111
2024-05-03 06:00:00,24.4,33,0,18,2.611111111111111
2024-05-03 07:00:00,27.6,29,0,17,1.6666666666666665
2024-05-03 08:00:00,31.3,23,0,45,1.4166666666666665
2024-05-03 09:00:00,34.8,18,0,38,1.777777777777778
2024-05-03 10:00:00,37.6,13,0,40,2.4722222222222223
2024-05-03 11:00:00,39.2,10,0,38,2.4166666666666665
2024-05-03 12:00:00,40.1,10,0,16,1.777777777777778
2024-05-03 13:00:00,40.5,10,0,342,2.0
2024-05-03 14:00:00,40.6,10,0,331,2.055555555555556
2024-05-03 15:00:00,40.6,10,0,318,1.5
2024-05-03 16:00:00,40.3,10,0,323,1.0
2024-05-03 17:00:00,39.3,12,0,37,1.0
2024-05-03 18:00:00,34.5,14,0,74,2.1944444444444446
2024-05-03 19:00:00,32.1,16,0,57,3.1111111111111107
2024-05-03 20:00:00,32.1,15,0,231,1.4166666666666665
2024-05-03 21:00:00,30.2,17,0,353,2.5277777777777777
2024-05-03 22:00:00,29.1,18,0,352,2.2222222222222223
2024-05-03 23:00:00,28.3,21,0,342,2.5277777777777777
2024-05-04 00:00:00,27.3,25,0,347,2.1666666666666665
2024-05-04 01:00:00,26.3,27,0,333,2.2222222222222223
2024-05-04 02:00:00,26.1,26,0,344,2.5833333333333335
2024-05-04 03:00:00,25.6,26,0,343,2.7222222222222223
2024-05-04 04:00:00,24.8,27,0,332,2.138888888888889
2024-05-04 05:00:00,23.8,30,0,323,2.0
2024-05-04 06:00:00,25.0,33,0,332,1.472222222222222
2024-05-04 07:00:00,28.5,27,0,315,0.6944444444444444
2024-05-04 08:00:00,32.2,20,0,18,0.6388888888888888
2024-05-04 09:00:00,35.3,16,1,59,0.5833333333333334
2024-05-04 10:00:00,38.1,12,1,66,0.9722222222222222
2024-05-04 11:00:00,39.9,9,3,67,0.75
2024-05-04 12:00:00,41.1,8,3,40,0.7777777777777777
2024-05-04 13:00:00,41.6,8,3,348,1.4444444444444444
2024-05-04 14:00:00,41.9,8,3,335,2.638888888888889
2024-05-04 15:00:00,41.5,8,3,332,2.944444444444444
2024-05-04 16:00:00,40.9,9,0,321,2.1944444444444446
2024-05-04 17:00:00,39.9,12,0,262,0.6944444444444444
2024-05-04 18:00:00,35.2,11,2,130,2.4722222222222223
2024-05-04 19:00:00,32.8,14,3,190,3.3611111111111107
2024-05-04 20:00:00,33.0,15,3,241,2.055555555555556
2024-05-04 21:00:00,32.5,19,2,324,3.944444444444444
2024-05-04 22:00:00,31.8,20,2,322,4.194444444444445
2024-05-04 23:00:00,30.9,21,3,314,3.4722222222222223
2024-05-05 00:00:00,30.3,22,3,313,3.3888888888888884
2024-05-05 01:00:00,30.0,23,2,314,3.333333333333333
2024-05-05 02:00:00,29.4,24,3,311,3.6944444444444446
2024-05-05 03:00:00,28.9,25,3,314,3.194444444444444
2024-05-05 04:00:00,28.8,26,1,314,3.888888888888889
2024-05-05 05:00:00,28.5,28,1,320,3.7777777777777777
2024-05-05 06:00:00,26.5,29,2,323,2.5
2024-05-05 07:00:00,29.2,27,1,315,1.972222222222222
2024-05-05 08:00:00,32.8,25,1,320,3.1111111111111107
2024-05-05 09:00:00,35.9,24,0,324,3.944444444444444
2024-05-05 10:00:00,38.4,22,0,333,4.166666666666667
2024-05-05 11:00:00,40.4,17,0,335,4.305555555555555
2024-05-05 12:00:00,41.8,14,0,337,3.8055555555555554
2024-05-05 13:00:00,42.5,12,0,330,3.4444444444444446
2024-05-05 14:00:00,42.7,12,2,326,3.3888888888888884
2024-05-05 15:00:00,42.6,12,1,323,3.3611111111111107
2024-05-05 16:00:00,42.2,13,1,315,3.1111111111111107
2024-05-05 17:00:00,41.1,15,0,299,3.888888888888889
2024-05-05 18:00:00,39.4,16,0,296,4.888888888888889
2024-05-05 19:00:00,37.7,20,0,300,4.388888888888889
2024-05-05 20:00:00,36.4,24,0,298,4.527777777777778
2024-05-05 21:00:00,35.4,23,0,297,4.166666666666667
2024-05-05 22:00:00,34.1,24,0,296,3.222222222222222
2024-05-05 23:00:00,33.2,25,1,305,4.388888888888889
2024-05-06 00:00:00,32.9,25,2,303,4.638888888888888
2024-05-06 01:00:00,32.2,26,3,299,4.333333333333333
2024-05-06 02:00:00,31.7,28,3,305,4.166666666666667
2024-05-06 03:00:00,31.5,28,3,312,3.888888888888889
2024-05-06 04:00:00,31.2,30,2,313,4.25
2024-05-06 05:00:00,30.6,32,3,322,3.416666666666667
2024-05-06 06:00:00,32.3,33,0,339,6.638888888888888
2024-05-06 07:00:00,33.6,31,3,353,3.222222222222222
2024-05-06 08:00:00,33.5,33,2,120,0.8055555555555555
2024-05-06 09:00:00,35.2,31,1,8,0.6944444444444444
2024-05-06 10:00:00,37.9,27,1,348,2.4444444444444446
2024-05-06 11:00:00,39.2,25,0,333,3.5
2024-05-06 12:00:00,39.9,23,0,326,3.2499999999999996
2024-05-06 13:00:00,41.0,20,1,297,3.5833333333333335
2024-05-06 14:00:00,41.0,18,1,282,3.9722222222222223
2024-05-06 15:00:00,41.9,16,3,282,4.305555555555555
2024-05-06 16:00:00,39.6,17,0,273,7.305555555555555
2024-05-06 17:00:00,39.5,16,0,276,5.722222222222222
2024-05-06 18:00:00,38.0,17,1,314,3.333333333333333
2024-05-06 19:00:00,34.7,23,1,340,2.0277777777777777
2024-05-06 20:00:00,33.5,25,0,315,2.111111111111111
2024-05-06 21:00:00,32.8,26,1,331,2.638888888888889
2024-05-06 22:00:00,31.9,27,1,329,2.694444444444444
2024-05-06 23:00:00,31.0,30,2,327,1.6666666666666665
2024-05-07 00:00:00,30.8,33,2,325,1.9444444444444444
2024-05-07 01:00:00,30.0,32,1,162,1.2777777777777777
2024-05-07 02:00:00,30.3,31,1,137,2.055555555555556
2024-05-07 03:00:00,29.0,36,0,216,1.7222222222222223
2024-05-07 04:00:00,28.3,36,1,232,1.6388888888888888
2024-05-07 05:00:00,29.0,35,2,208,2.361111111111111
2024-05-07 06:00:00,29.0,25,0,162,3.5833333333333335
2024-05-07 07:00:00,31.4,22,1,167,1.3333333333333333
2024-05-07 08:00:00,32.6,49,0,182,6.0
2024-05-07 09:00:00,35.2,38,2,194,5.972222222222222
2024-05-07 10:00:00,37.3,30,0,198,5.555555555555555
2024-05-07 11:00:00,36.6,28,1,192,7.166666666666667
2024-05-07 12:00:00,39.1,24,0,184,4.305555555555555
2024-05-07 13:00:00,39.7,23,0,184,4.111111111111112
2024-05-07 14:00:00,39.6,22,1,244,4.111111111111112
2024-05-07 15:00:00,39.8,20,0,272,3.3888888888888884
2024-05-07 16:00:00,40.0,20,0,235,1.9444444444444444
2024-05-07 17:00:00,37.7,25,1,169,5.388888888888888
2024-05-07 18:00:00,30.2,62,0,155,4.972222222222221
2024-05-07 19:00:00,27.4,67,1,135,5.083333333333333
2024-05-07 20:00:00,26.9,71,0,139,2.7777777777777777
2024-05-07 21:00:00,24.9,82,0,184,7.222222222222222
2024-05-07 22:00:00,26.4,72,0,192,3.888888888888889
2024-05-07 23:00:00,26.3,70,0,196,5.305555555555556
2024-05-08 00:00:00,26.5,66,0,203,5.75
2024-05-08 01:00:00,26.3,61,0,161,2.111111111111111
2024-05-08 02:00:00,25.4,67,0,68,1.611111111111111
2024-05-08 03:00:00,25.2,72,0,72,2.833333333333333
2024-05-08 04:00:00,24.9,75,0,63,1.777777777777778
2024-05-08 05:00:00,24.6,77,0,69,0.8611111111111112
2024-05-08 06:00:00,26.6,65,1,124,1.4444444444444444
2024-05-08 07:00:00,28.0,64,1,130,2.3333333333333335
2024-05-08 08:00:00,30.0,55,1,154,3.4444444444444446
2024-05-08 09:00:00,31.8,48,0,181,4.111111111111112
2024-05-08 10:00:00,33.9,43,0,202,3.555555555555556
2024-05-08 11:00:00,36.0,37,0,219,2.833333333333333
2024-05-08 12:00:00,37.4,33,0,237,2.388888888888889
2024-05-08 13:00:00,38.3,30,1,252,1.8888888888888888
2024-05-08 14:00:00,38.8,28,1,252,2.2222222222222223
2024-05-08 15:00:00,38.6,27,1,311,2.138888888888889
2024-05-08 16:00:00,38.1,28,1,288,2.611111111111111
2024-05-08 17:00:00,36.9,31,0,272,3.194444444444444
2024-05-08 18:00:00,36.9,22,0,239,2.111111111111111
2024-05-08 19:00:00,37.0,20,0,45,0.2777777777777778
2024-05-08 20:00:00,33.1,26,0,65,1.8888888888888888
2024-05-08 21:00:00,33.6,24,0,97,1.7222222222222223
2024-05-08 22:00:00,30.4,31,0,178,2.305555555555556
2024-05-08 23:00:00,30.5,29,0,171,2.0277777777777777
2024-05-09 00:00:00,29.6,33,0,135,2.25
2024-05-09 01:00:00,28.3,38,1,60,1.611111111111111
2024-05-09 02:00:00,27.9,40,0,28,1.6944444444444442
2024-05-09 03:00:00,27.6,42,0,106,2.5
2024-05-09 04:00:00,27.8,42,0,104,3.7222222222222223
2024-05-09 05:00:00,27.6,44,0,128,4.055555555555555
2024-05-09 06:00:00,27.1,56,0,129,4.111111111111112
2024-05-09 07:00:00,28.6,56,3,99,3.333333333333333
2024-05-09 08:00:00,29.6,54,0,112,4.833333333333333
2024-05-09 09:00:00,32.8,42,1,150,4.75
2024-05-09 10:00:00,34.5,40,1,172,5.333333333333333
2024-05-09 11:00:00,35.2,40,0,179,5.611111111111111
2024-05-09 12:00:00,37.1,35,0,193,4.611111111111112
2024-05-09 13:00:00,35.9,36,51,267,4.305555555555555
2024-05-09 14:00:00,36.7,33,2,284,2.972222222222222
2024-05-09 15:00:00,37.0,33,0,3,2.1944444444444446
2024-05-09 16:00:00,37.3,32,0,17,1.0555555555555556
2024-05-09 17:00:00,36.7,33,0,107,1.0555555555555556
2024-05-09 18:00:00,34.6,41,0,188,3.638888888888889
2024-05-09 19:00:00,33.1,47,0,173,3.138888888888889
2024-05-09 20:00:00,32.3,49,0,184,4.111111111111112
2024-05-09 21:00:00,31.6,52,0,193,3.9166666666666665
2024-05-09 22:00:00,30.6,55,1,192,3.4722222222222223
2024-05-09 23:00:00,30.0,55,0,189,4.861111111111111
2024-05-10 00:00:00,29.1,57,0,189,4.861111111111111
2024-05-10 01:00:00,28.6,61,0,187,4.027777777777778
2024-05-10 02:00:00,27.4,68,0,90,0.888888888888889
2024-05-10 03:00:00,26.9,73,0,176,1.4166666666666665
2024-05-10 04:00:00,26.8,72,0,195,1.5555555555555554
2024-05-10 05:00:00,26.6,73,0,197,1.3611111111111112
2024-05-10 06:00:00,27.6,59,2,106,1.777777777777778
2024-05-10 07:00:00,29.1,53,0,74,0.7222222222222222
2024-05-10 08:00:00,31.8,50,0,217,2.0
2024-05-10 09:00:00,34.7,46,0,216,2.361111111111111
2024-05-10 10:00:00,36.9,39,0,222,3.888888888888889
2024-05-10 11:00:00,38.2,35,0,231,4.111111111111112
2024-05-10 12:00:00,39.1,33,0,240,4.027777777777778
2024-05-10 13:00:00,39.7,32,1,244,3.6666666666666665
2024-05-10 14:00:00,39.9,30,1,246,3.1666666666666665
2024-05-10 15:00:00,40.4,26,1,252,3.8055555555555554
2024-05-10 16:00:00,31.1,60,63,52,3.416666666666667
2024-05-10 17:00:00,29.6,64,55,190,2.2222222222222223
2024-05-10 18:00:00,35.3,29,0,150,1.3888888888888888
2024-05-10 19:00:00,33.3,33,0,209,1.8333333333333333
2024-05-10 20:00:00,31.4,40,0,225,2.111111111111111
2024-05-10 21:00:00,30.7,42,0,256,2.055555555555556
2024-05-10 22:00:00,30.6,42,0,247,2.055555555555556
2024-05-10 23:00:00,31.0,38,0,227,3.3888888888888884
2024-05-11 00:00:00,31.6,36,0,233,4.0
2024-05-11 01:00:00,31.5,37,1,222,3.888888888888889
2024-05-11 02:00:00,29.8,43,0,198,2.5277777777777777
2024-05-11 03:00:00,28.8,46,0,39,4.916666666666666
2024-05-11 04:00:00,28.2,50,1,140,2.3333333333333335
2024-05-11 05:00:00,27.6,52,0,180,3.194444444444444
2024-05-11 06:00:00,29.4,54,0,180,2.0
2024-05-11 07:00:00,31.5,48,3,183,1.6944444444444442
2024-05-11 08:00:00,33.7,42,3,202,2.694444444444444
2024-05-11 09:00:00,35.6,38,1,209,3.888888888888889
2024-05-11 10:00:00,37.9,32,1,220,3.555555555555556
2024-05-11 11:00:00,39.1,28,0,226,2.75
2024-05-11 12:00:00,40.3,24,0,231,1.9166666666666667
2024-05-11 13:00:00,41.4,22,1,239,2.111111111111111
2024-05-11 14:00:00,40.7,23,0,247,2.2777777777777777
2024-05-11 15:00:00,40.8,23,2,324,0.8611111111111112
2024-05-11 16:00:00,38.2,27,51,299,3.888888888888889
2024-05-11 17:00:00,37.7,26,2,291,4.5
2024-05-11 18:00:00,37.9,20,1,330,2.1944444444444446
2024-05-11 19:00:00,36.0,23,1,321,1.9166666666666667
2024-05-11 20:00:00,34.2,29,1,281,1.5277777777777777
2024-05-11 21:00:00,33.3,33,1,190,3.3611111111111107
2024-05-11 22:00:00,33.1,35,0,225,2.833333333333333
2024-05-11 23:00:00,31.9,39,1,209,2.638888888888889
2024-05-12 00:00:00,30.9,43,0,229,2.138888888888889
2024-05-12 01:00:00,29.2,50,0,4,1.4166666666666665
2024-05-12 02:00:00,29.1,49,0,37,2.0
2024-05-12 03:00:00,28.4,51,0,260,1.1111111111111112
2024-05-12 04:00:00,28.0,52,0,243,1.5555555555555554
2024-05-12 05:00:00,27.9,53,1,183,1.8055555555555556
2024-05-12 06:00:00,29.1,64,0,155,1.6666666666666665
2024-05-12 07:00:00,31.4,57,0,142,1.1388888888888888
2024-05-12 08:00:00,33.6,49,0,76,1.25
2024-05-12 09:00:00,35.9,42,0,169,1.6388888888888888
2024-05-12 10:00:00,37.9,35,1,192,2.4444444444444446
2024-05-12 11:00:00,39.4,29,1,184,2.9166666666666665
2024-05-12 12:00:00,40.3,27,2,170,2.75
2024-05-12 13:00:00,35.2,37,55,179,4.194444444444445
2024-05-12 14:00:00,35.5,37,51,356,4.0
2024-05-12 15:00:00,36.3,34,2,284,0.41666666666666663
2024-05-12 16:00:00,36.7,31,0,74,0.7222222222222222
2024-05-12 17:00:00,36.4,31,2,120,2.4166666666666665
2024-05-12 18:00:00,36.7,23,3,241,1.8333333333333333
2024-05-12 19:00:00,35.3,25,3,227,2.611111111111111
2024-05-12 20:00:00,34.2,29,3,230,1.5555555555555554
2024-05-12 21:00:00,33.3,31,3,8,1.5
2024-05-12 22:00:00,32.1,35,3,75,1.972222222222222
2024-05-12 23:00:00,31.5,38,3,139,2.138888888888889
2024-05-13 00:00:00,30.8,41,3,196,1.4444444444444444
2024-05-13 01:00:00,29.8,44,3,285,1.1388888888888888
2024-05-13 02:00:00,29.2,47,3,305,1.2222222222222223
2024-05-13 03:00:00,28.8,49,2,252,0.6388888888888888
2024-05-13 04:00:00,28.0,54,2,222,1.1944444444444444
2024-05-13 05:00:00,27.7,53,3,214,1.4444444444444444
2024-05-13 06:00:00,26.7,74,3,278,3.638888888888889
2024-05-13 07:00:00,28.6,63,2,292,2.694444444444444
2024-05-13 08:00:00,32.1,45,2,263,3.416666666666667
2024-05-13 09:00:00,34.7,35,1,273,1.8888888888888888
2024-05-13 10:00:00,36.5,30,3,287,2.0833333333333335
2024-05-13 11:00:00,35.6,33,51,49,3.194444444444444
2024-05-13 12:00:00,35.8,32,3,262,2.2222222222222223
2024-05-13 13:00:00,36.1,30,3,292,1.0833333333333333
2024-05-13 14:00:00,37.6,26,3,293,1.5277777777777777
2024-05-13 15:00:00,36.9,28,2,325,1.9444444444444444
2024-05-13 16:00:00,36.5,30,2,327,2.972222222222222
2024-05-13 17:00:00,34.2,35,2,351,2.638888888888889
2024-05-13 18:00:00,35.2,15,0,119,2.861111111111111
2024-05-13 19:00:00,32.8,19,0,147,2.388888888888889
2024-05-13 20:00:00,31.3,30,0,197,3.138888888888889
2024-05-13 21:00:00,29.9,37,1,272,2.388888888888889
2024-05-13 22:00:00,28.8,37,0,253,2.8055555555555554
2024-05-13 23:00:00,29.0,36,0,267,1.8888888888888888
2024-05-14 00:00:00,28.2,39,0,270,1.8888888888888888
2024-05-14 01:00:00,27.3,44,0,202,2.1666666666666665
2024-05-14 02:00:00,27.3,45,0,10,3.4444444444444446
2024-05-14 03:00:00,26.9,47,0,289,2.111111111111111
2024-05-14 04:00:00,27.6,46,0,321,2.055555555555556
2024-05-14 05:00:00,27.1,47,0,323,2.138888888888889
2024-05-14 06:00:00,28.2,60,2,338,2.694444444444444
2024-05-14 07:00:00,30.6,50,0,65,1.6666666666666665
2024-05-14 08:00:00,34.2,40,0,24,1.1944444444444444
2024-05-14 09:00:00,36.9,32,0,65,2.111111111111111
2024-05-14 10:00:00,37.9,29,0,141,1.4166666666666665
2024-05-14 11:00:00,39.4,24,0,87,1.6944444444444442
2024-05-14 12:00:00,39.9,22,3,87,3.5
2024-05-14 13:00:00,34.8,34,61,197,3.6666666666666665
2024-05-14 14:00:00,37.9,25,1,237,1.6666666666666665
2024-05-14 15:00:00,39.2,21,0,253,1.3611111111111112
2024-05-14 16:00:00,39.3,21,1,270,0.0
2024-05-14 17:00:00,38.3,22,1,106,1.777777777777778
2024-05-14 18:00:00,35.3,22,0,13,4.305555555555555
2024-05-14 19:00:00,32.8,28,0,33,2.388888888888889
2024-05-14 20:00:00,31.4,35,2,8,2.2222222222222223
2024-05-14 21:00:00,31.1,40,3,360,2.694444444444444
2024-05-14 22:00:00,30.4,43,1,53,2.0
2024-05-14 23:00:00,29.4,46,0,36,2.2222222222222223
2024-05-15 00:00:00,29.1,46,0,16,3.333333333333333
2024-05-15 01:00:00,28.8,47,0,66,1.75
2024-05-15 02:00:00,28.7,48,0,171,0.6111111111111112
2024-05-15 03:00:00,26.6,56,0,10,1.7222222222222223
2024-05-15 04:00:00,26.5,56,0,342,1.2777777777777777
2024-05-15 05:00:00,26.2,57,0,338,1.611111111111111
2024-05-15 06:00:00,27.2,66,3,286,0.7222222222222222
2024-05-15 07:00:00,29.2,59,3,216,0.8611111111111112
2024-05-15 08:00:00,31.7,49,3,277,0.8055555555555555
2024-05-15 09:00:00,34.2,38,2,301,1.1666666666666667
2024-05-15 10:00:00,36.4,31,2,301,1.1666666666666667
2024-05-15 11:00:00,38.0,27,3,313,1.6388888888888888
2024-05-15 12:00:00,37.6,27,3,318,2.4166666666666665
2024-05-15 13:00:00,38.6,25,3,308,1.777777777777778
2024-05-15 14:00:00,37.7,27,2,253,1.6666666666666665
2024-05-15 15:00:00,36.6,31,3,236,3.0277777777777777
2024-05-15 16:00:00,36.4,30,2,234,1.8611111111111112
2024-05-15 17:00:00,36.2,29,3,202,1.8333333333333333
2024-05-15 18:00:00,36.0,24,1,2,2.5
2024-05-15 19:00:00,33.9,29,1,25,1.8888888888888888
2024-05-15 20:00:00,33.0,32,3,57,3.8333333333333335
2024-05-15 21:00:00,32.0,38,2,74,3.222222222222222
2024-05-15 22:00:00,30.9,43,0,41,1.972222222222222
2024-05-15 23:00:00,29.7,47,1,3,2.0
2024-05-16 00:00:00,29.0,50,0,360,2.0
2024-05-16 01:00:00,28.4,52,0,13,1.8333333333333333
2024-05-16 02:00:00,27.6,55,0,360,1.3888888888888888
2024-05-16 03:00:00,27.7,54,1,360,2.1944444444444446
2024-05-16 04:00:00,27.1,56,0,114,1.972222222222222
2024-05-16 05:00:00,26.6,58,1,5,1.1944444444444444
2024-05-16 06:00:00,28.9,60,0,41,1.0555555555555556
2024-05-16 07:00:00,30.7,52,1,68,1.0833333333333333
2024-05-16 08:00:00,32.9,47,1,92,3.5
2024-05-16 09:00:00,35.0,43,1,127,2.638888888888889
2024-05-16 10:00:00,32.7,52,61,197,1.6666666666666665
2024-05-16 11:00:00,36.4,40,1,42,3.1111111111111107
2024-05-16 12:00:00,33.6,48,61,42,2.4166666666666665
2024-05-16 13:00:00,34.9,42,2,88,2.611111111111111
2024-05-16 14:00:00,30.6,63,55,156,3.3888888888888884
2024-05-16 15:00:00,31.1,62,53,58,2.25
2024-05-16 16:00:00,31.7,58,51,13,2.1666666666666665
2024-05-16 17:00:00,32.0,56,0,30,2.7777777777777777
2024-05-16 18:00:00,29.4,59,61,160,1.5
2024-05-16 19:00:00,30.1,59,51,294,1.75
2024-05-16 20:00:00,30.2,56,1,360,0.6944444444444444
2024-05-16 21:00:00,28.9,61,2,48,1.3333333333333333
2024-05-16 22:00:00,28.4,62,2,340,1.1666666666666667
2024-05-16 23:00:00,28.3,62,1,287,1.0555555555555556
2024-05-17 00:00:00,27.6,64,3,236,0.7222222222222222
2024-05-17 01:00:00,27.6,65,3,225,1.1388888888888888
2024-05-17 02:00:00,28.3,60,3,180,2.305555555555556
2024-05-17 03:00:00,28.2,57,3,186,3.0277777777777777
2024-05-17 04:00:00,27.4,59,3,187,3.138888888888889
2024-05-17 05:00:00,27.1,61,3,190,3.4444444444444446
2024-05-17 06:00:00,26.2,87,65,315,1.1388888888888888
2024-05-17 07:00:00,26.5,81,53,226,3.75
2024-05-17 08:00:00,26.1,82,51,287,2.8055555555555554
2024-05-17 09:00:00,28.1,70,3,294,2.4166666666666665
2024-05-17 10:00:00,30.5,57,3,278,2.111111111111111
2024-05-17 11:00:00,31.8,53,3,279,1.8333333333333333
2024-05-17 12:00:00,33.4,47,3,259,1.5277777777777777
2024-05-17 13:00:00,34.4,44,3,255,1.1388888888888888
2024-05-17 14:00:00,33.8,44,3,261,1.2222222222222223
2024-05-17 15:00:00,34.1,44,3,277,0.8055555555555555
2024-05-17 16:00:00,34.2,44,2,328,0.9444444444444444
2024-05-17 17:00:00,34.2,43,2,27,1.3333333333333333
2024-05-17 18:00:00,34.4,29,0,132,3.611111111111111
2024-05-17 19:00:00,32.3,36,0,134,4.027777777777778
2024-05-17 20:00:00,31.3,39,0,137,3.8333333333333335
2024-05-17 21:00:00,30.8,42,0,126,2.861111111111111
2024-05-17 22:00:00,30.1,46,0,135,1.6944444444444442
2024-05-17 23:00:00,29.5,49,1,153,1.5555555555555554
2024-05-18 00:00:00,29.3,51,1,176,2.694444444444444
2024-05-18 01:00:00,28.4,60,0,184,3.0
2024-05-18 02:00:00,27.6,68,0,189,3.0277777777777777
2024-05-18 03:00:00,27.0,73,1,188,3.0277777777777777
2024-05-18 04:00:00,26.6,77,0,196,2.1944444444444446
2024-05-18 05:00:00,26.1,81,0,211,1.1666666666666667
2024-05-18 06:00:00,27.6,79,3,170,1.7222222222222223
2024-05-18 07:00:00,29.1,72,0,167,1.75
2024-05-18 08:00:00,31.6,59,0,180,1.3055555555555556
2024-05-18 09:00:00,33.8,49,0,189,0.6111111111111112
2024-05-18 10:00:00,35.8,42,0,159,0.8611111111111112
2024-05-18 11:00:00,37.3,36,0,145,1.2222222222222223
2024-05-18 12:00:00,38.6,32,0,141,1.4166666666666665
2024-05-18 13:00:00,39.7,28,0,111,1.3888888888888888
2024-05-18 14:00:00,40.0,25,1,68,1.611111111111111
2024-05-18 15:00:00,40.0,22,1,44,3.194444444444444
2024-05-18 16:00:00,39.1,22,1,45,3.9722222222222223
2024-05-18 17:00:00,38.4,24,0,50,3.7777777777777777
2024-05-18 18:00:00,36.2,32,1,131,3.0555555555555554
2024-05-18 19:00:00,34.5,38,1,151,2.861111111111111
2024-05-18 20:00:00,33.2,42,1,159,2.7777777777777777
2024-05-18 21:00:00,32.6,45,1,171,2.5277777777777777
2024-05-18 22:00:00,31.9,47,1,162,3.888888888888889
2024-05-18 23:00:00,31.2,53,1,175,4.805555555555555
2024-05-19 00:00:00,29.5,64,0,181,5.111111111111111
2024-05-19 01:00:00,28.2,73,0,186,4.638888888888888
2024-05-19 02:00:00,27.7,75,0,183,3.416666666666667
2024-05-19 03:00:00,27.3,77,0,188,2.111111111111111
2024-05-19 04:00:00,26.9,79,0,189,2.638888888888889
2024-05-19 05:00:00,26.5,82,0,218,1.1388888888888888
2024-05-19 06:00:00,29.6,74,0,169,1.027777777777778
2024-05-19 07:00:00,31.1,67,0,200,2.3333333333333335
2024-05-19 08:00:00,33.0,57,0,202,2.9166666666666665
2024-05-19 09:00:00,35.0,49,0,212,3.194444444444444
2024-05-19 10:00:00,36.5,43,0,211,3.138888888888889
2024-05-19 11:00:00,37.6,38,0,195,2.7777777777777777
2024-05-19 12:00:00,39.0,32,0,196,1.777777777777778
2024-05-19 13:00:00,39.9,29,1,208,1.472222222222222
2024-05-19 14:00:00,40.1,28,2,236,1.0833333333333333
2024-05-19 15:00:00,37.1,35,53,3,3.3055555555555554
2024-05-19 16:00:00,30.0,67,63,28,2.361111111111111
2024-05-19 17:00:00,29.7,70,51,356,1.4166666666666665
2024-05-19 18:00:00,36.5,26,0,348,3.9722222222222223
2024-05-19 19:00:00,33.4,31,0,13,1.8333333333333333
2024-05-19 20:00:00,33.7,30,0,39,1.9166666666666667
2024-05-19 21:00:00,32.1,35,0,234,0.8611111111111112
2024-05-19 22:00:00,31.1,40,0,264,1.0
2024-05-19 23:00:00,29.6,46,0,225,2.111111111111111
2024-05-20 00:00:00,30.6,39,0,176,4.0
2024-05-20 01:00:00,30.5,43,0,181,3.888888888888889
2024-05-20 02:00:00,30.0,51,0,198,4.305555555555555
2024-05-20 03:00:00,29.5,54,0,206,3.4444444444444446
2024-05-20 04:00:00,28.7,57,0,205,2.111111111111111
2024-05-20 05:00:00,27.4,64,0,174,1.8055555555555556
2024-05-20 06:00:00,30.8,61,0,204,1.1944444444444444
2024-05-20 07:00:00,32.8,55,0,216,1.8611111111111112
2024-05-20 08:00:00,34.7,50,0,205,2.861111111111111
2024-05-20 09:00:00,36.6,43,0,212,2.833333333333333
2024-05-20 10:00:00,38.0,39,0,202,2.694444444444444
2024-05-20 11:00:00,39.3,36,1,189,3.0277777777777777
2024-05-20 12:00:00,40.0,34,1,197,2.8055555555555554
2024-05-20 13:00:00,41.1,31,1,222,2.833333333333333
2024-05-20 14:00:00,29.5,70,65,354,7.138888888888888
2024-05-20 15:00:00,30.3,65,55,72,0.3055555555555556
2024-05-20 16:00:00,31.9,59,51,160,1.1666666666666667
2024-05-20 17:00:00,31.4,64,2,148,3.638888888888889
2024-05-20 18:00:00,37.5,23,1,321,3.4722222222222223
2024-05-20 19:00:00,34.8,31,0,3,3.416666666666667
2024-05-20 20:00:00,32.9,35,0,156,1.1944444444444444
2024-05-20 21:00:00,32.1,37,0,171,1.8333333333333333
2024-05-20 22:00:00,32.8,35,1,304,0.3611111111111111
2024-05-20 23:00:00,31.3,42,3,279,2.0277777777777777
2024-05-21 00:00:00,30.7,45,3,171,1.3055555555555556
2024-05-21 01:00:00,31.0,44,3,59,1.1666666666666667
2024-05-21 02:00:00,30.6,42,1,109,1.8055555555555556
2024-05-21 03:00:00,29.8,45,0,176,2.694444444444444
2024-05-21 04:00:00,30.2,52,0,201,3.638888888888889
2024-05-21 05:00:00,29.8,54,1,199,3.0555555555555554
2024-05-21 06:00:00,31.4,47,0,211,2.3333333333333335
2024-05-21 07:00:00,33.7,42,0,241,1.25
2024-05-21 08:00:00,35.8,38,0,40,3.1111111111111107
2024-05-21 09:00:00,36.9,36,0,111,1.3888888888888888
2024-05-21 10:00:00,38.8,31,0,183,1.8055555555555556
2024-05-21 11:00:00,40.3,28,0,201,1.9444444444444444
2024-05-21 12:00:00,41.4,25,0,198,1.5833333333333333
2024-05-21 13:00:00,42.2,23,1,207,1.5555555555555554
2024-05-21 14:00:00,37.7,36,53,196,6.138888888888889
2024-05-21 15:00:00,38.0,30,3,189,1.8333333333333333
2024-05-21 16:00:00,38.6,28,3,182,3.611111111111111
2024-05-21 17:00:00,37.3,31,3,184,2.694444444444444
2024-05-21 18:00:00,36.6,30,1,340,2.0277777777777777
2024-05-21 19:00:00,35.8,28,0,335,3.861111111111111
2024-05-21 20:00:00,34.2,30,1,10,1.7222222222222223
2024-05-21 21:00:00,34.8,29,0,346,0.8333333333333333
2024-05-21 22:00:00,31.5,37,3,356,1.611111111111111
2024-05-21 23:00:00,34.0,31,2,191,1.027777777777778
2024-05-22 00:00:00,32.3,33,1,172,1.5
2024-05-22 01:00:00,31.1,36,0,160,2.6666666666666665
2024-05-22 02:00:00,32.2,34,0,284,0.8333333333333333
2024-05-22 03:00:00,29.0,44,0,208,2.361111111111111
2024-05-22 04:00:00,28.5,48,0,203,2.055555555555556
2024-05-22 05:00:00,28.0,51,0,331,1.027777777777778
2024-05-22 06:00:00,26.9,80,51,161,3.611111111111111
2024-05-22 07:00:00,28.2,73,3,53,3.0
2024-05-22 08:00:00,29.6,62,3,31,3.2777777777777777
2024-05-22 09:00:00,32.4,51,3,197,3.4444444444444446
2024-05-22 10:00:00,33.4,50,3,257,1.75
2024-05-22 11:00:00,36.9,38,2,232,3.2777777777777777
2024-05-22 12:00:00,39.4,30,3,241,3.5277777777777777
2024-05-22 13:00:00,41.2,25,1,263,2.3333333333333335
2024-05-22 14:00:00,41.5,22,1,311,0.9166666666666666
2024-05-22 15:00:00,41.7,21,1,336,1.1944444444444444
2024-05-22 16:00:00,41.5,20,3,329,1.1666666666666667
2024-05-22 17:00:00,40.7,20,1,298,2.5833333333333335
2024-05-22 18:00:00,30.5,67,51,352,0.6944444444444444
2024-05-22 19:00:00,31.2,59,2,145,3.5277777777777777
2024-05-22 20:00:00,32.9,46,1,143,2.0
2024-05-22 21:00:00,31.5,53,0,173,1.7222222222222223
2024-05-22 22:00:00,30.7,56,1,180,2.111111111111111
2024-05-22 23:00:00,31.0,50,0,195,1.972222222222222
2024-05-23 00:00:00,30.7,50,1,211,2.3333333333333335
2024-05-23 01:00:00,30.9,47,0,223,1.9166666666666667
2024-05-23 02:00:00,29.6,50,1,6,1.0
2024-05-23 03:00:00,28.7,57,2,17,1.6666666666666665
2024-05-23 04:00:00,28.7,57,3,307,1.0
2024-05-23 05:00:00,28.6,58,2,283,0.9166666666666666
2024-05-23 06:00:00,29.2,57,1,283,2.5833333333333335
2024-05-23 07:00:00,31.4,47,0,190,4.583333333333333
2024-05-23 08:00:00,33.7,42,0,310,1.6944444444444442
2024-05-23 09:00:00,35.6,37,0,198,0.9444444444444444
2024-05-23 10:00:00,37.6,32,0,209,1.027777777777778
2024-05-23 11:00:00,39.5,28,0,237,2.0277777777777777
2024-05-23 12:00:00,41.1,26,0,238,2.25
2024-05-23 13:00:00,41.9,24,0,257,2.25
2024-05-23 14:00:00,40.4,26,3,357,5.0
2024-05-23 15:00:00,37.0,30,51,160,1.5
2024-05-23 16:00:00,39.3,26,0,318,1.3333333333333333
2024-05-23 17:00:00,39.4,24,0,11,1.5277777777777777
2024-05-23 18:00:00,32.2,50,53,112,3.138888888888889
2024-05-23 19:00:00,33.0,44,51,138,3.888888888888889
2024-05-23 20:00:00,33.6,37,2,124,3.0277777777777777
2024-05-23 21:00:00,33.7,36,0,135,2.25
2024-05-23 22:00:00,33.1,36,0,140,2.3333333333333335
2024-05-23 23:00:00,31.6,40,0,74,1.777777777777778
2024-05-24 00:00:00,30.3,46,0,18,1.5833333333333333
2024-05-24 01:00:00,28.9,52,0,349,1.027777777777778
2024-05-24 02:00:00,28.2,58,1,304,0.3611111111111111
2024-05-24 03:00:00,27.9,61,2,287,1.0555555555555556
2024-05-24 04:00:00,28.0,62,1,27,0.888888888888889
2024-05-24 05:00:00,27.6,64,0,45,1.1388888888888888
2024-05-24 06:00:00,30.3,51,1,105,1.1388888888888888
2024-05-24 07:00:00,33.0,40,1,207,0.4444444444444445
2024-05-24 08:00:00,36.0,35,2,214,2.6666666666666665
2024-05-24 09:00:00,38.2,31,2,222,4.027777777777778
2024-05-24 10:00:00,40.4,25,0,234,4.083333333333333
2024-05-24 11:00:00,41.7,23,1,257,3.083333333333333
2024-05-24 12:00:00,42.2,21,0,285,2.694444444444444
2024-05-24 13:00:00,43.4,18,1,321,2.833333333333333
2024-05-24 14:00:00,43.6,16,3,352,3.7222222222222223
2024-05-24 15:00:00,43.2,17,1,13,3.6944444444444446
2024-05-24 16:00:00,42.7,18,0,21,2.4722222222222223
2024-05-24 17:00:00,42.6,17,0,350,2.2222222222222223
2024-05-24 18:00:00,38.7,28,3,180,0.38888888888888884
2024-05-24 19:00:00,36.9,31,3,169,3.0555555555555554
2024-05-24 20:00:00,36.4,31,0,124,3.0277777777777777
2024-05-24 21:00:00,34.6,35,0,301,1.1666666666666667
2024-05-24 22:00:00,33.5,39,0,29,1.8333333333333333
2024-05-24 23:00:00,32.4,41,0,294,0.9722222222222222
2024-05-25 00:00:00,32.1,42,2,335,2.638888888888889
2024-05-25 01:00:00,31.2,43,3,14,1.6388888888888888
2024-05-25 02:00:00,30.6,43,2,31,1.75
2024-05-25 03:00:00,29.9,45,0,36,1.7222222222222223
2024-05-25 04:00:00,29.1,49,3,25,1.4444444444444444
2024-05-25 05:00:00,28.2,53,3,9,1.3055555555555556
2024-05-25 06:00:00,31.2,54,0,11,1.027777777777778
2024-05-25 07:00:00,33.6,46,1,77,0.9166666666666666
2024-05-25 08:00:00,35.4,45,0,81,1.3055555555555556
2024-05-25 09:00:00,37.5,40,1,37,2.0
2024-05-25 10:00:00,39.5,34,3,45,2.4166666666666665
2024-05-25 11:00:00,41.0,27,3,30,3.4444444444444446
2024-05-25 12:00:00,41.2,24,3,28,4.666666666666667
2024-05-25 13:00:00,41.8,23,1,31,4.222222222222222
2024-05-25 14:00:00,41.5,24,1,67,5.194444444444444
2024-05-25 15:00:00,39.5,33,3,91,4.888888888888889
2024-05-25 16:00:00,38.3,40,3,107,4.5
2024-05-25 17:00:00,37.5,41,3,117,4.027777777777778
2024-05-25 18:00:00,40.9,20,3,73,1.3611111111111112
2024-05-25 19:00:00,36.9,36,3,160,3.194444444444444
2024-05-25 20:00:00,35.1,47,3,157,3.2777777777777777
2024-05-25 21:00:00,34.4,49,3,137,2.3333333333333335
2024-05-25 22:00:00,33.4,52,3,165,1.5555555555555554
2024-05-25 23:00:00,32.3,56,3,180,1.611111111111111
2024-05-26 00:00:00,32.3,57,3,192,1.9444444444444444
2024-05-26 01:00:00,31.7,60,3,137,1.777777777777778
2024-05-26 02:00:00,30.8,62,3,103,1.3333333333333333
2024-05-26 03:00:00,30.1,66,3,293,0.75
2024-05-26 04:00:00,29.8,69,3,324,0.8611111111111112
2024-05-26 05:00:00,29.2,71,3,187,0.8055555555555555
2024-05-26 06:00:00,31.5,58,3,165,3.8333333333333335
2024-05-26 07:00:00,31.9,60,3,197,3.0277777777777777
2024-05-26 08:00:00,35.9,46,3,231,2.694444444444444
2024-05-26 09:00:00,39.0,37,3,270,2.888888888888889
2024-05-26 10:00:00,40.9,25,2,344,5.0
2024-05-26 11:00:00,41.7,21,2,353,4.75
2024-05-26 12:00:00,43.9,15,2,9,6.277777777777778
2024-05-26 13:00:00,44.0,14,1,12,6.444444444444444
2024-05-26 14:00:00,45.8,11,2,39,5.694444444444445
2024-05-26 15:00:00,44.0,14,3,35,7.472222222222221
2024-05-26 16:00:00,44.2,11,3,31,5.388888888888888
2024-05-26 17:00:00,43.6,13,3,24,5.916666666666667
2024-05-26 18:00:00,41.6,17,3,317,2.055555555555556
2024-05-26 19:00:00,38.8,21,3,297,1.5555555555555554
2024-05-26 20:00:00,38.6,22,3,264,1.8055555555555556
2024-05-26 21:00:00,37.0,24,3,276,3.1111111111111107
2024-05-26 22:00:00,35.3,28,3,296,2.5555555555555554
2024-05-26 23:00:00,35.0,30,3,294,4.694444444444444
2024-05-27 00:00:00,34.6,31,2,308,5.055555555555555
2024-05-27 01:00:00,33.8,33,3,313,5.222222222222222
2024-05-27 02:00:00,33.3,36,3,313,5.166666666666667
2024-05-27 03:00:00,32.8,37,3,318,4.805555555555555
2024-05-27 04:00:00,32.5,38,2,320,4.972222222222221
2024-05-27 05:00:00,32.1,40,3,315,4.805555555555555
2024-05-27 06:00:00,33.4,40,3,312,5.666666666666666
2024-05-27 07:00:00,35.6,37,3,311,5.527777777777778
2024-05-27 08:00:00,37.7,34,3,305,6.388888888888888
2024-05-27 09:00:00,40.4,30,1,312,7.0
2024-05-27 10:00:00,42.5,26,3,314,7.361111111111111
2024-05-27 11:00:00,43.8,22,2,312,6.444444444444444
2024-05-27 12:00:00,44.1,18,2,324,5.166666666666667
2024-05-27 13:00:00,45.0,15,1,333,4.388888888888889
2024-05-27 14:00:00,45.5,14,1,346,5.444444444444445
2024-05-27 15:00:00,45.3,11,3,348,5.722222222222222
2024-05-27 16:00:00,43.0,16,3,328,7.916666666666666
2024-05-27 17:00:00,41.5,20,3,324,5.805555555555555
2024-05-27 18:00:00,42.1,14,3,351,3.75
2024-05-27 19:00:00,37.1,23,3,310,2.611111111111111
2024-05-27 20:00:00,36.5,25,3,238,1.8888888888888888
2024-05-27 21:00:00,36.8,26,3,272,3.1111111111111107
2024-05-27 22:00:00,34.7,29,3,69,0.8611111111111112
2024-05-27 23:00:00,33.9,32,3,158,1.8333333333333333
2024-05-28 00:00:00,33.4,33,3,218,2.2777777777777777
2024-05-28 01:00:00,32.8,32,1,247,2.2777777777777777
2024-05-28 02:00:00,32.4,33,0,262,2.9166666666666665
2024-05-28 03:00:00,32.4,37,3,280,3.861111111111111
2024-05-28 04:00:00,32.1,43,3,278,4.138888888888889
2024-05-28 05:00:00,31.5,47,3,267,3.8055555555555554
2024-05-28 06:00:00,33.1,47,0,287,4.5
2024-05-28 07:00:00,34.6,44,1,294,5.249999999999999
2024-05-28 08:00:00,36.1,41,3,292,5.388888888888888
2024-05-28 09:00:00,38.0,37,2,288,5.472222222222222
2024-05-28 10:00:00,39.6,34,3,288,5.694444444444445
2024-05-28 11:00:00,41.2,31,3,290,5.75
2024-05-28 12:00:00,42.6,27,3,291,5.583333333333334
2024-05-28 13:00:00,43.8,23,3,294,5.249999999999999
2024-05-28 14:00:00,44.1,20,3,299,4.694444444444444
2024-05-28 15:00:00,44.2,15,3,298,4.416666666666667
2024-05-28 16:00:00,44.0,14,3,273,5.0
2024-05-28 17:00:00,42.9,16,3,265,5.722222222222222
2024-05-28 18:00:00,42.1,12,3,284,4.638888888888888
2024-05-28 19:00:00,39.7,15,3,282,4.388888888888889
2024-05-28 20:00:00,38.3,18,3,284,4.527777777777778
2024-05-28 21:00:00,36.5,21,3,274,3.0
2024-05-28 22:00:00,34.7,26,2,293,2.611111111111111
2024-05-28 23:00:00,33.9,28,3,282,2.4444444444444446
2024-05-29 00:00:00,32.6,32,3,258,1.9444444444444444
2024-05-29 01:00:00,32.4,34,3,272,2.305555555555556
2024-05-29 02:00:00,31.4,39,3,282,1.9444444444444444
2024-05-29 03:00:00,31.2,43,3,284,3.3055555555555554
2024-05-29 04:00:00,30.9,47,3,283,3.5833333333333335
2024-05-29 05:00:00,30.3,49,0,297,3.2777777777777777
2024-05-29 06:00:00,32.1,45,2,314,5.583333333333334
2024-05-29 07:00:00,33.6,45,3,304,5.333333333333333
2024-05-29 08:00:00,35.7,42,3,283,4.5
2024-05-29 09:00:00,37.7,37,3,271,4.111111111111112
2024-05-29 10:00:00,39.4,33,3,278,4.138888888888889
2024-05-29 11:00:00,40.9,30,3,281,4.277777777777778
2024-05-29 12:00:00,42.2,27,3,277,4.138888888888889
2024-05-29 13:00:00,43.1,24,3,274,4.305555555555555
2024-05-29 14:00:00,43.6,21,3,274,4.416666666666667
2024-05-29 15:00:00,43.3,19,1,275,4.416666666666667
2024-05-29 16:00:00,43.1,16,3,277,4.027777777777778
2024-05-29 17:00:00,42.4,15,2,287,3.4444444444444446
2024-05-29 18:00:00,40.3,16,1,280,2.3333333333333335
2024-05-29 19:00:00,37.7,19,1,250,2.6666666666666665
2024-05-29 20:00:00,36.5,23,2,249,3.861111111111111
2024-05-29 21:00:00,35.7,27,1,289,4.555555555555555
2024-05-29 22:00:00,34.9,30,1,292,3.555555555555556
2024-05-29 23:00:00,33.6,33,3,287,3.0277777777777777
2024-05-30 00:00:00,32.9,37,3,307,3.138888888888889
2024-05-30 01:00:00,32.5,39,3,318,3.888888888888889
2024-05-30 02:00:00,32.2,40,2,317,4.25
2024-05-30 03:00:00,31.5,44,1,305,3.8055555555555554
2024-05-30 04:00:00,31.0,48,0,303,3.6944444444444446
2024-05-30 05:00:00,30.4,51,0,309,3.333333333333333
2024-05-30 06:00:00,32.7,51,0,313,4.388888888888889
2024-05-30 07:00:00,33.9,49,0,312,4.666666666666667
2024-05-30 08:00:00,35.8,44,0,305,3.8055555555555554
2024-05-30 09:00:00,37.9,38,0,305,3.888888888888889
2024-05-30 10:00:00,39.9,32,0,302,3.7777777777777777
2024-05-30 11:00:00,41.7,27,0,287,2.8055555555555554
2024-05-30 12:00:00,42.8,22,1,270,2.611111111111111
2024-05-30 13:00:00,43.3,19,1,262,2.9166666666666665
2024-05-30 14:00:00,43.7,17,1,260,3.4444444444444446
2024-05-30 15:00:00,43.6,16,1,252,3.5833333333333335
2024-05-30 16:00:00,42.7,17,0,240,3.5833333333333335
2024-05-30 17:00:00,42.0,18,0,243,4.388888888888889
2024-05-30 18:00:00,41.0,12,2,308,2.7777777777777777
2024-05-30 19:00:00,39.0,16,2,269,4.888888888888889
2024-05-30 20:00:00,38.1,22,0,266,5.305555555555556
2024-05-30 21:00:00,36.8,23,0,270,5.0
2024-05-30 22:00:00,35.8,24,0,288,4.305555555555555
2024-05-30 23:00:00,34.8,27,0,304,3.3888888888888884
2024-05-31 00:00:00,33.8,29,3,333,2.9166666666666665
2024-05-31 01:00:00,32.9,32,3,323,3.0
2024-05-31 02:00:00,32.2,36,3,305,3.3055555555555554
2024-05-31 03:00:00,32.1,38,1,304,4.333333333333333
2024-05-31 04:00:00,31.8,42,2,305,4.666666666666667
2024-05-31 05:00:00,31.3,46,2,308,4.694444444444444
2024-05-31 06:00:00,33.4,51,2,312,4.666666666666667
2024-05-31 07:00:00,34.8,45,0,312,5.888888888888888
2024-05-31 08:00:00,36.5,40,1,314,5.944444444444444
2024-05-31 09:00:00,38.6,34,0,319,5.666666666666666
2024-05-31 10:00:00,40.7,29,0,320,4.972222222222221
2024-05-31 11:00:00,42.6,23,0,310,3.9166666666666665
2024-05-31 12:00:00,43.7,16,1,283,3.083333333333333
2024-05-31 13:00:00,44.2,14,3,265,3.611111111111111
2024-05-31 14:00:00,44.0,14,1,261,4.055555555555555
2024-05-31 15:00:00,44.1,14,1,268,3.6944444444444446
2024-05-31 16:00:00,43.8,14,1,254,3.944444444444444
2024-05-31 17:00:00,42.1,15,2,242,6.0
2024-05-31 18:00:00,40.8,15,0,308,4.555555555555555
2024-05-31 19:00:00,38.4,16,0,288,3.8055555555555554
2024-05-31 20:00:00,36.5,17,0,273,3.3055555555555554
2024-05-31 21:00:00,34.8,20,0,282,2.861111111111111
2024-05-31 22:00:00,34.1,24,0,305,3.3055555555555554
2024-05-31 23:00:00,33.5,27,1,310,2.972222222222222
2024-06-01 00:00:00,32.9,31,3,308,2.9166666666666665
2024-06-01 01:00:00,32.7,33,2,312,3.611111111111111
2024-06-01 02:00:00,32.9,32,3,326,3.0277777777777777
2024-06-01 03:00:00,32.2,32,3,327,2.75
2024-06-01 04:00:00,32.0,34,3,330,4.166666666666667
2024-06-01 05:00:00,31.9,36,3,324,3.944444444444444
2024-06-01 06:00:00,33.6,34,3,327,4.416666666666667
2024-06-01 07:00:00,35.6,32,3,326,4.611111111111112
2024-06-01 08:00:00,37.9,29,3,327,4.916666666666666
2024-06-01 09:00:00,40.5,24,3,329,4.805555555555555
2024-06-01 10:00:00,41.9,20,3,304,2.1666666666666665
2024-06-01 11:00:00,42.2,18,2,282,1.9444444444444444
2024-06-01 12:00:00,43.7,16,1,277,3.333333333333333
2024-06-01 13:00:00,43.7,16,2,279,4.25
2024-06-01 14:00:00,43.2,17,2,280,4.166666666666667
2024-06-01 15:00:00,43.4,17,2,292,3.555555555555556
2024-06-01 16:00:00,43.1,16,2,297,3.2777777777777777
2024-06-01 17:00:00,42.1,17,0,296,4.333333333333333
2024-06-01 18:00:00,37.3,28,2,128,5.972222222222222
2024-06-01 19:00:00,37.7,25,3,152,1.9166666666666667
2024-06-01 20:00:00,36.4,29,0,220,1.6944444444444442
2024-06-01 21:00:00,34.7,34,1,212,2.4722222222222223
2024-06-01 22:00:00,33.7,35,3,319,2.2777777777777777
2024-06-01 23:00:00,34.7,29,3,306,3.083333333333333
2024-06-02 00:00:00,33.5,32,3,245,2.111111111111111
2024-06-02 01:00:00,32.6,37,3,201,3.1111111111111107
2024-06-02 02:00:00,32.4,40,3,232,2.2777777777777777
2024-06-02 03:00:00,31.9,43,3,212,2.25
2024-06-02 04:00:00,31.5,44,3,220,2.4722222222222223
2024-06-02 05:00:00,31.1,46,3,238,2.25
2024-06-02 06:00:00,34.0,33,3,303,5.277777777777778
2024-06-02 07:00:00,35.2,32,2,336,5.472222222222222
2024-06-02 08:00:00,36.2,31,3,336,5.916666666666667
2024-06-02 09:00:00,37.9,28,3,331,5.944444444444444
2024-06-02 10:00:00,39.1,26,3,337,5.333333333333333
2024-06-02 11:00:00,40.2,23,2,345,4.333333333333333
2024-06-02 12:00:00,42.6,20,3,347,2.5833333333333335
2024-06-02 13:00:00,43.1,20,3,309,1.9166666666666667
2024-06-02 14:00:00,37.6,34,53,234,6.527777777777778
2024-06-02 15:00:00,38.6,28,3,117,1.1111111111111112
2024-06-02 16:00:00,39.2,27,3,303,3.6944444444444446
2024-06-02 17:00:00,38.2,30,3,311,3.8333333333333335
2024-06-02 18:00:00,30.2,73,61,165,2.388888888888889
2024-06-02 19:00:00,30.2,72,51,141,2.5555555555555554
2024-06-02 20:00:00,30.2,62,3,114,1.1944444444444444
2024-06-02 21:00:00,30.2,55,3,149,1.1666666666666667
2024-06-02 22:00:00,29.6,56,3,167,1.75
2024-06-02 23:00:00,30.2,52,3,174,2.7222222222222223
2024-06-03 00:00:00,30.0,54,0,194,3.7222222222222223
2024-06-03 01:00:00,29.9,55,3,210,3.4444444444444446
2024-06-03 02:00:00,29.8,58,3,225,3.3888888888888884
2024-06-03 03:00:00,29.7,61,3,246,2.4166666666666665
2024-06-03 04:00:00,29.4,61,3,219,2.1944444444444446
2024-06-03 05:00:00,29.0,61,2,195,3.1111111111111107
2024-06-03 06:00:00,27.0,74,3,300,2.4166666666666665
2024-06-03 07:00:00,29.0,64,3,170,2.75
2024-06-03 08:00:00,31.4,54,3,159,4.166666666666667
2024-06-03 09:00:00,33.1,50,3,181,5.111111111111111
2024-06-03 10:00:00,36.7,38,2,206,5.0
2024-06-03 11:00:00,38.5,33,2,229,4.888888888888889
2024-06-03 12:00:00,38.6,33,2,257,5.444444444444445
2024-06-03 13:00:00,38.8,32,51,302,3.416666666666667
2024-06-03 14:00:00,39.0,30,3,287,3.138888888888889
2024-06-03 15:00:00,39.6,29,1,296,2.5555555555555554
2024-06-03 16:00:00,39.5,30,1,301,3.138888888888889
2024-06-03 17:00:00,38.0,31,0,305,4.027777777777778
2024-06-03 18:00:00,36.2,32,3,348,5.0
2024-06-03 19:00:00,28.1,75,53,166,5.249999999999999
2024-06-03 20:00:00,29.8,61,2,142,3.0555555555555554
2024-06-03 21:00:00,30.8,56,3,156,2.1944444444444446
2024-06-03 22:00:00,31.2,55,3,219,3.194444444444444
2024-06-03 23:00:00,31.1,53,3,237,3.1111111111111107
2024-06-04 00:00:00,31.3,49,3,229,3.333333333333333
2024-06-04 01:00:00,31.0,49,1,233,3.0
2024-06-04 02:00:00,30.4,51,1,231,3.194444444444444
2024-06-04 03:00:00,30.3,51,0,221,3.9722222222222223
2024-06-04 04:00:00,30.1,53,3,227,4.111111111111112
2024-06-04 05:00:00,29.8,54,2,238,3.0555555555555554
2024-06-04 06:00:00,27.4,68,3,354,6.333333333333333
2024-06-04 07:00:00,28.1,72,51,357,3.9166666666666665
2024-06-04 08:00:00,28.8,69,3,325,4.75
2024-06-04 09:00:00,30.8,62,51,326,4.972222222222221
2024-06-04 10:00:00,30.0,68,51,339,5.249999999999999
2024-06-04 11:00:00,35.6,44,1,342,5.694444444444445
2024-06-04 12:00:00,39.2,32,0,341,3.611111111111111
2024-06-04 13:00:00,40.2,28,2,331,2.638888888888889
2024-06-04 14:00:00,40.5,26,1,329,1.75
2024-06-04 15:00:00,41.1,23,1,267,1.8888888888888888
2024-06-04 16:00:00,40.3,24,1,270,3.6944444444444446
2024-06-04 17:00:00,35.8,38,1,216,7.666666666666667
2024-06-04 18:00:00,38.0,28,0,280,1.7222222222222223
2024-06-04 19:00:00,35.6,34,1,238,1.8888888888888888
2024-06-04 20:00:00,35.0,36,2,220,4.472222222222222
2024-06-04 21:00:00,31.0,58,3,194,2.4722222222222223
2024-06-04 22:00:00,31.1,60,2,248,4.083333333333333
2024-06-04 23:00:00,31.3,57,1,215,3.6666666666666665
2024-06-05 00:00:00,29.7,66,3,230,4.472222222222222
2024-06-05 01:00:00,28.4,68,1,206,5.222222222222222
2024-06-05 02:00:00,28.0,68,0,207,6.027777777777778
2024-06-05 03:00:00,26.3,75,1,250,4.694444444444444
2024-06-05 04:00:00,26.7,73,1,108,0.3055555555555556
2024-06-05 05:00:00,27.0,73,1,101,0.5
2024-06-05 06:00:00,26.9,83,53,38,2.2777777777777777
2024-06-05 07:00:00,28.7,72,0,284,2.972222222222222
2024-06-05 08:00:00,31.5,58,0,308,3.2777777777777777
2024-06-05 09:00:00,34.2,46,0,322,3.416666666666667
2024-06-05 10:00:00,36.5,39,0,329,3.138888888888889
2024-06-05 11:00:00,38.3,34,0,334,2.5555555555555554
2024-06-05 12:00:00,39.5,31,2,318,1.1944444444444444
2024-06-05 13:00:00,40.3,30,2,249,0.8611111111111112
2024-06-05 14:00:00,41.0,28,3,210,1.611111111111111
2024-06-05 15:00:00,33.8,51,61,115,4.305555555555555
2024-06-05 16:00:00,37.3,37,3,95,1.1944444444444444
2024-06-05 17:00:00,36.4,39,51,187,0.8055555555555555
2024-06-05 18:00:00,34.9,40,2,97,4.75
2024-06-05 19:00:00,33.5,44,2,182,2.8055555555555554
2024-06-05 20:00:00,32.9,48,1,190,2.833333333333333
2024-06-05 21:00:00,31.6,54,1,183,3.5
2024-06-05 22:00:00,30.7,58,3,218,2.4166666666666665
2024-06-05 23:00:00,30.3,58,3,212,3.416666666666667
2024-06-06 00:00:00,30.4,58,3,214,3.0277777777777777
2024-06-06 01:00:00,29.8,60,3,221,3.194444444444444
2024-06-06 02:00:00,29.3,62,3,205,2.638888888888889
2024-06-06 03:00:00,29.0,64,2,220,2.3333333333333335
2024-06-06 04:00:00,28.6,66,0,171,1.2222222222222223
2024-06-06 05:00:00,28.2,68,1,166,1.6388888888888888
2024-06-06 06:00:00,31.3,59,0,261,2.0277777777777777
2024-06-06 07:00:00,33.1,51,0,299,2.861111111111111
2024-06-06 08:00:00,35.2,45,1,317,3.9722222222222223
2024-06-06 09:00:00,37.2,38,0,332,4.083333333333333
2024-06-06 10:00:00,38.8,32,0,333,3.2777777777777777
2024-06-06 11:00:00,40.1,29,0,345,2.2777777777777777
2024-06-06 12:00:00,41.0,27,1,23,1.3055555555555556
2024-06-06 13:00:00,41.3,26,1,48,1.3333333333333333
2024-06-06 14:00:00,41.5,25,1,62,1.6944444444444442
2024-06-06 15:00:00,39.9,27,3,340,4.472222222222222
2024-06-06 16:00:00,37.7,35,51,307,1.0
2024-06-06 17:00:00,37.7,34,1,182,3.3888888888888884
2024-06-06 18:00:00,34.2,47,2,175,1.1944444444444444
2024-06-06 19:00:00,32.5,53,0,204,1.972222222222222
2024-06-06 20:00:00,31.8,56,1,221,1.8333333333333333
2024-06-06 21:00:00,31.4,56,0,205,2.3333333333333335
2024-06-06 22:00:00,31.3,55,0,214,1.8055555555555556
2024-06-06 23:00:00,30.9,57,1,204,1.972222222222222
2024-06-07 00:00:00,30.6,60,2,196,3.222222222222222
2024-06-07 01:00:00,30.0,64,1,212,4.0
2024-06-07 02:00:00,27.1,75,3,247,7.166666666666667
2024-06-07 03:00:00,27.5,72,0,277,3.222222222222222
2024-06-07 04:00:00,27.1,74,0,285,2.7777777777777777
2024-06-07 05:00:00,27.0,75,0,309,1.9166666666666667
2024-06-07 06:00:00,26.8,81,51,278,3.5277777777777777
2024-06-07 07:00:00,27.9,72,51,273,3.8055555555555554
2024-06-07 08:00:00,31.1,57,3,283,2.7777777777777777
2024-06-07 09:00:00,33.4,49,3,228,1.1944444444444444
2024-06-07 10:00:00,34.7,46,3,212,0.9444444444444444
2024-06-07 11:00:00,36.5,42,3,194,1.6388888888888888
2024-06-07 12:00:00,37.6,39,2,190,2.3333333333333335
2024-06-07 13:00:00,38.4,37,3,180,2.611111111111111
2024-06-07 14:00:00,38.8,36,2,180,2.694444444444444
2024-06-07 15:00:00,38.8,35,0,176,2.8055555555555554
2024-06-07 16:00:00,38.7,34,0,178,2.305555555555556
2024-06-07 17:00:00,37.5,34,1,184,2.8055555555555554
2024-06-07 18:00:00,35.0,36,0,208,5.694444444444445
2024-06-07 19:00:00,33.3,41,0,210,1.972222222222222
2024-06-07 20:00:00,32.4,45,0,205,1.8888888888888888
2024-06-07 21:00:00,31.8,48,0,205,2.111111111111111
2024-06-07 22:00:00,31.0,52,2,210,1.3888888888888888
2024-06-07 23:00:00,31.1,51,0,185,2.4166666666666665
2024-06-08 00:00:00,30.7,54,0,183,3.611111111111111
2024-06-08 01:00:00,30.1,61,1,191,4.083333333333333
2024-06-08 02:00:00,29.7,65,1,187,3.944444444444444
2024-06-08 03:00:00,29.4,68,3,199,3.9166666666666665
2024-06-08 04:00:00,29.0,69,3,196,3.333333333333333
2024-06-08 05:00:00,28.7,71,1,214,2.5277777777777777
2024-06-08 06:00:00,28.8,71,2,242,2.944444444444444
2024-06-08 07:00:00,30.3,64,3,247,2.5
2024-06-08 08:00:00,32.3,56,0,245,2.111111111111111
2024-06-08 09:00:00,34.3,50,2,242,1.6944444444444442
2024-06-08 10:00:00,36.1,43,3,240,1.611111111111111
2024-06-08 11:00:00,37.7,38,3,241,1.25
2024-06-08 12:00:00,39.0,35,2,197,1.3611111111111112
2024-06-08 13:00:00,39.7,33,2,188,2.2222222222222223
2024-06-08 14:00:00,39.7,33,1,182,2.694444444444444
2024-06-08 15:00:00,36.4,41,53,309,1.9166666666666667
2024-06-08 16:00:00,36.8,40,0,345,2.694444444444444
2024-06-08 17:00:00,33.5,46,2,321,5.416666666666667
2024-06-08 18:00:00,34.7,42,51,275,2.2222222222222223
2024-06-08 19:00:00,30.1,59,51,328,6.472222222222222
2024-06-08 20:00:00,27.1,82,53,119,4.916666666666666
2024-06-08 21:00:00,26.9,83,61,168,1.4444444444444444
2024-06-08 22:00:00,27.0,84,55,243,0.888888888888889
2024-06-08 23:00:00,26.7,92,53,186,2.0
2024-06-09 00:00:00,26.9,87,3,163,1.3611111111111112
2024-06-09 01:00:00,26.8,90,3,117,1.1111111111111112
2024-06-09 02:00:00,26.4,94,3,170,1.1111111111111112
2024-06-09 03:00:00,26.6,90,3,246,0.9722222222222222
2024-06-09 04:00:00,26.4,90,3,284,1.25
2024-06-09 05:00:00,26.3,93,3,360,0.6944444444444444
2024-06-09 06:00:00,28.3,77,1,322,2.7777777777777777
2024-06-09 07:00:00,29.7,69,3,310,1.5555555555555554
2024-06-09 08:00:00,31.5,61,2,239,1.1666666666666667
2024-06-09 09:00:00,33.4,55,0,277,0.8055555555555555
2024-06-09 10:00:00,35.0,49,0,278,0.6944444444444444
2024-06-09 11:00:00,36.3,46,1,270,0.3055555555555556
2024-06-09 12:00:00,37.3,43,1,188,0.6944444444444444
2024-06-09 13:00:00,38.1,40,1,169,1.027777777777778
2024-06-09 14:00:00,38.9,38,3,156,1.1944444444444444
2024-06-09 15:00:00,35.9,45,53,22,1.611111111111111
2024-06-09 16:00:00,33.2,54,51,183,4.416666666666667
2024-06-09 17:00:00,32.3,61,51,215,2.4444444444444446
2024-06-09 18:00:00,36.5,37,1,130,2.4722222222222223
2024-06-09 19:00:00,35.4,39,1,138,2.833333333333333
2024-06-09 20:00:00,34.4,43,1,156,2.4166666666666665
2024-06-09 21:00:00,33.3,46,0,168,2.361111111111111
2024-06-09 22:00:00,32.9,48,1,193,4.611111111111112
2024-06-09 23:00:00,32.2,55,0,214,3.611111111111111
2024-06-10 00:00:00,31.1,59,1,259,4.277777777777778
2024-06-10 01:00:00,29.2,65,51,302,4.5
2024-06-10 02:00:00,28.5,67,0,315,2.111111111111111
2024-06-10 03:00:00,27.9,72,61,47,1.777777777777778
2024-06-10 04:00:00,27.5,76,53,360,0.5
2024-06-10 05:00:00,27.0,80,2,72,0.9444444444444444
2024-06-10 06:00:00,28.0,70,0,349,1.6388888888888888
2024-06-10 07:00:00,29.2,67,0,330,1.3888888888888888
2024-06-10 08:00:00,31.4,59,0,315,1.2777777777777777
2024-06-10 09:00:00,33.4,51,0,326,1.8055555555555556
2024-06-10 10:00:00,35.2,45,0,323,1.5
2024-06-10 11:00:00,36.8,40,0,333,1.777777777777778
2024-06-10 12:00:00,37.9,37,0,341,2.111111111111111
2024-06-10 13:00:00,38.8,36,0,5,2.305555555555556
2024-06-10 14:00:00,39.2,35,0,29,2.5
2024-06-10 15:00:00,39.1,34,1,39,2.694444444444444
2024-06-10 16:00:00,38.6,33,0,54,2.2222222222222223
2024-06-10 17:00:00,37.8,33,1,66,2.1944444444444446
2024-06-10 18:00:00,33.0,49,3,334,6.0
2024-06-10 19:00:00,31.9,58,1,347,3.083333333333333
2024-06-10 20:00:00,31.2,62,0,329,2.694444444444444
2024-06-10 21:00:00,30.6,62,1,327,3.333333333333333
2024-06-10 22:00:00,30.2,64,1,339,4.722222222222222
2024-06-10 23:00:00,29.4,68,1,341,3.0555555555555554
2024-06-11 00:00:00,29.0,71,3,228,3.1111111111111107
2024-06-11 01:00:00,28.4,74,0,264,2.0
2024-06-11 02:00:00,27.9,77,1,256,2.055555555555556
2024-06-11 03:00:00,27.5,79,0,281,2.138888888888889
2024-06-11 04:00:00,27.2,80,0,270,2.0
2024-06-11 05:00:00,27.0,81,0,310,2.611111111111111
2024-06-11 06:00:00,27.6,72,0,330,3.4444444444444446
2024-06-11 07:00:00,29.8,62,0,324,3.5833333333333335
2024-06-11 08:00:00,32.7,51,0,325,3.5277777777777777
2024-06-11 09:00:00,35.1,42,0,340,3.2777777777777777
2024-06-11 10:00:00,37.0,37,0,343,2.8055555555555554
2024-06-11 11:00:00,38.7,32,1,347,2.5833333333333335
2024-06-11 12:00:00,39.7,29,1,353,2.3333333333333335
2024-06-11 13:00:00,40.3,27,1,360,2.111111111111111
2024-06-11 14:00:00,40.5,27,1,3,2.111111111111111
2024-06-11 15:00:00,40.1,27,1,6,3.0277777777777777
2024-06-11 16:00:00,38.1,31,0,349,3.1666666666666665
2024-06-11 17:00:00,38.7,29,1,335,1.8888888888888888
2024-06-11 18:00:00,32.0,52,0,340,4.138888888888889
2024-06-11 19:00:00,31.1,55,0,302,3.638888888888889
2024-06-11 20:00:00,27.7,75,61,287,4.916666666666666
2024-06-11 21:00:00,28.4,73,1,287,2.7222222222222223
2024-06-11 22:00:00,26.2,85,63,222,4.472222222222222
2024-06-11 23:00:00,26.1,85,55,297,2.9166666666666665
2024-06-12 00:00:00,25.8,89,53,304,2.5277777777777777
2024-06-12 01:00:00,25.9,89,0,325,2.8055555555555554
2024-06-12 02:00:00,26.0,85,1,307,3.5
2024-06-12 03:00:00,26.2,80,1,287,3.3611111111111107
2024-06-12 04:00:00,26.2,80,0,305,3.888888888888889
2024-06-12 05:00:00,26.4,78,0,314,3.194444444444444
2024-06-12 06:00:00,25.6,85,53,282,3.2777777777777777
2024-06-12 07:00:00,26.4,82,51,303,1.6666666666666665
2024-06-12 08:00:00,27.7,76,51,287,3.3611111111111107
2024-06-12 09:00:00,29.2,68,3,293,2.611111111111111
2024-06-12 10:00:00,30.8,62,3,279,2.638888888888889
2024-06-12 11:00:00,33.3,52,3,284,2.888888888888889
2024-06-12 12:00:00,34.9,44,3,295,3.083333333333333
2024-06-12 13:00:00,34.7,43,0,296,3.222222222222222
2024-06-12 14:00:00,36.3,38,0,304,2.888888888888889
2024-06-12 15:00:00,36.7,36,1,298,2.5833333333333335
2024-06-12 16:00:00,36.0,39,2,291,1.7222222222222223
2024-06-12 17:00:00,35.6,40,2,277,1.611111111111111
2024-06-12 18:00:00,30.0,65,3,27,3.5
2024-06-12 19:00:00,29.6,67,3,18,1.5833333333333333
2024-06-12 20:00:00,29.6,68,3,322,1.1388888888888888
2024-06-12 21:00:00,29.5,68,3,280,1.7222222222222223
2024-06-12 22:00:00,29.3,68,3,247,2.055555555555556
2024-06-12 23:00:00,29.8,66,3,246,2.4166666666666665
2024-06-13 00:00:00,28.4,70,3,274,5.222222222222222
2024-06-13 01:00:00,28.3,72,3,279,3.0277777777777777
2024-06-13 02:00:00,28.4,72,3,303,2.75
2024-06-13 03:00:00,28.4,70,1,294,3.1666666666666665
2024-06-13 04:00:00,28.1,70,1,292,2.1666666666666665
2024-06-13 05:00:00,27.9,71,0,261,1.8333333333333333
2024-06-13 06:00:00,29.2,68,3,292,2.388888888888889
2024-06-13 07:00:00,29.8,65,3,276,1.8055555555555556
2024-06-13 08:00:00,31.2,59,3,280,2.3333333333333335
2024-06-13 09:00:00,31.9,57,3,291,2.5555555555555554
2024-06-13 10:00:00,33.3,52,2,299,2.2777777777777777
2024-06-13 11:00:00,35.6,45,0,318,2.4166666666666665
2024-06-13 12:00:00,37.7,38,0,315,1.972222222222222
2024-06-13 13:00:00,38.9,34,1,312,1.5
2024-06-13 14:00:00,39.4,33,1,292,1.611111111111111
2024-06-13 15:00:00,33.8,52,61,261,5.166666666666667
2024-06-13 16:00:00,34.2,48,51,355,1.1111111111111112
2024-06-13 17:00:00,34.2,47,2,360,1.1111111111111112
2024-06-13 18:00:00,35.4,42,1,295,1.8888888888888888
2024-06-13 19:00:00,33.8,47,1,278,1.4166666666666665
2024-06-13 20:00:00,33.3,50,1,268,2.5
2024-06-13 21:00:00,32.6,52,1,245,2.3333333333333335
2024-06-13 22:00:00,32.1,54,0,255,3.0
2024-06-13 23:00:00,31.8,54,3,281,3.555555555555556
2024-06-14 00:00:00,30.1,62,3,229,5.527777777777778
2024-06-14 01:00:00,28.1,74,2,233,4.5
2024-06-14 02:00:00,27.7,78,3,232,2.9166666666666665
2024-06-14 03:00:00,27.7,78,2,262,2.833333333333333
2024-06-14 04:00:00,28.0,76,0,277,3.222222222222222
2024-06-14 05:00:00,27.8,77,0,264,1.8055555555555556
2024-06-14 06:00:00,28.8,72,0,272,2.694444444444444
2024-06-14 07:00:00,30.7,63,2,287,3.0277777777777777
2024-06-14 08:00:00,32.1,56,1,297,3.5833333333333335
2024-06-14 09:00:00,34.4,49,1,309,3.611111111111111
2024-06-14 10:00:00,36.1,44,2,319,3.4722222222222223
2024-06-14 11:00:00,37.5,39,3,321,2.833333333333333
2024-06-14 12:00:00,38.4,37,1,292,2.1666666666666665
2024-06-14 13:00:00,38.9,35,2,275,2.5
2024-06-14 14:00:00,37.8,38,51,287,4.722222222222222
2024-06-14 15:00:00,36.7,41,51,277,3.222222222222222
2024-06-14 16:00:00,35.0,47,61,297,2.8055555555555554
2024-06-14 17:00:00,34.6,48,3,277,3.416666666666667
2024-06-14 18:00:00,34.5,45,3,265,2.2222222222222223
2024-06-14 19:00:00,32.9,52,3,225,4.111111111111112
2024-06-14 20:00:00,29.8,68,3,216,4.444444444444445
2024-06-14 21:00:00,28.9,74,1,205,4.305555555555555
2024-06-14 22:00:00,28.3,78,3,223,4.388888888888889
2024-06-14 23:00:00,28.2,79,3,230,4.055555555555555
2024-06-15 00:00:00,28.0,80,3,240,3.5833333333333335
2024-06-15 01:00:00,27.6,78,3,258,3.4722222222222223
2024-06-15 02:00:00,27.3,76,0,265,3.611111111111111
2024-06-15 03:00:00,27.2,76,2,272,2.8055555555555554
2024-06-15 04:00:00,27.1,76,3,270,2.305555555555556
2024-06-15 05:00:00,26.9,77,3,265,2.111111111111111
2024-06-15 06:00:00,28.1,74,2,301,2.3333333333333335
2024-06-15 07:00:00,29.8,68,1,318,2.972222222222222
2024-06-15 08:00:00,31.9,59,0,314,3.611111111111111
2024-06-15 09:00:00,34.1,52,0,323,3.3611111111111107
2024-06-15 10:00:00,35.7,46,0,314,3.194444444444444
2024-06-15 11:00:00,36.9,41,1,302,2.4722222222222223
2024-06-15 12:00:00,38.0,37,1,279,1.9166666666666667
2024-06-15 13:00:00,38.8,35,1,267,2.111111111111111
2024-06-15 14:00:00,39.0,34,1,268,2.611111111111111
2024-06-15 15:00:00,38.7,34,3,274,2.8055555555555554
2024-06-15 16:00:00,39.1,31,3,252,2.2222222222222223
2024-06-15 17:00:00,33.9,50,51,249,3.861111111111111
2024-06-15 18:00:00,34.8,43,3,241,3.083333333333333
2024-06-15 19:00:00,33.8,46,3,245,2.638888888888889
2024-06-15 20:00:00,32.4,51,3,268,3.0
2024-06-15 21:00:00,31.8,54,3,259,2.5555555555555554
2024-06-15 22:00:00,31.4,56,3,230,3.416666666666667
2024-06-15 23:00:00,30.9,59,3,251,4.027777777777778
2024-06-16 00:00:00,28.5,71,61,63,2.4722222222222223
2024-06-16 01:00:00,27.5,81,55,253,3.138888888888889
2024-06-16 02:00:00,27.2,87,53,339,0.8611111111111112
2024-06-16 03:00:00,27.0,90,51,45,0.6944444444444444
2024-06-16 04:00:00,26.9,92,3,207,0.4444444444444445
2024-06-16 05:00:00,27.0,92,3,294,1.972222222222222
2024-06-16 06:00:00,28.0,86,3,344,1.777777777777778
2024-06-16 07:00:00,29.5,72,2,326,2.1666666666666665
2024-06-16 08:00:00,31.0,63,1,302,1.3055555555555556
2024-06-16 09:00:00,32.7,56,1,297,1.3333333333333333
2024-06-16 10:00:00,34.7,49,1,288,1.2777777777777777
2024-06-16 11:00:00,36.2,44,0,270,1.1944444444444444
2024-06-16 12:00:00,37.0,42,1,255,1.1388888888888888
2024-06-16 13:00:00,37.3,42,3,219,1.2777777777777777
2024-06-16 14:00:00,37.6,42,1,201,1.9444444444444444
2024-06-16 15:00:00,37.1,43,2,178,2.305555555555556
2024-06-16 16:00:00,36.5,44,3,150,1.611111111111111
2024-06-16 17:00:00,34.1,54,55,270,2.888888888888889
2024-06-16 18:00:00,33.8,48,3,330,2.4166666666666665
2024-06-16 19:00:00,31.4,61,3,323,3.638888888888889
2024-06-16 20:00:00,30.6,65,3,333,2.8055555555555554
2024-06-16 21:00:00,30.4,68,51,264,2.0
2024-06-16 22:00:00,30.0,69,3,240,2.7777777777777777
2024-06-16 23:00:00,29.5,70,3,243,1.777777777777778
2024-06-17 00:00:00,29.2,71,3,217,2.5
2024-06-17 01:00:00,28.8,72,3,214,3.0277777777777777
2024-06-17 02:00:00,28.3,73,3,224,3.0277777777777777
2024-06-17 03:00:00,28.1,75,3,222,2.972222222222222
2024-06-17 04:00:00,27.6,78,3,232,4.055555555555555
2024-06-17 05:00:00,27.2,81,2,245,4.194444444444445
2024-06-17 06:00:00,27.8,77,3,279,3.75
2024-06-17 07:00:00,28.7,73,3,287,3.4444444444444446
2024-06-17 08:00:00,30.9,65,2,305,3.8055555555555554
2024-06-17 09:00:00,33.1,55,0,300,3.8055555555555554
2024-06-17 10:00:00,34.3,51,2,308,4.194444444444445
2024-06-17 11:00:00,35.7,47,3,314,3.0277777777777777
2024-06-17 12:00:00,36.5,45,3,317,2.1944444444444446
2024-06-17 13:00:00,37.1,43,3,315,1.5555555555555554
2024-06-17 14:00:00,37.3,42,3,306,1.3611111111111112
2024-06-17 15:00:00,37.5,41,3,287,1.3611111111111112
2024-06-17 16:00:00,36.6,42,3,322,1.6388888888888888
2024-06-17 17:00:00,36.0,43,3,360,0.5
2024-06-17 18:00:00,33.7,53,3,320,2.3333333333333335
2024-06-17 19:00:00,33.1,56,3,291,1.9444444444444444
2024-06-17 20:00:00,32.5,59,3,267,1.6944444444444442
2024-06-17 21:00:00,32.0,62,3,221,3.6944444444444446
2024-06-17 22:00:00,27.0,85,51,254,3.333333333333333
2024-06-17 23:00:00,27.3,86,3,243,3.5833333333333335
2024-06-18 00:00:00,27.3,86,3,249,3.416666666666667
2024-06-18 01:00:00,27.5,82,3,264,4.111111111111112
2024-06-18 02:00:00,27.5,81,51,262,3.5277777777777777
2024-06-18 03:00:00,27.3,81,3,263,3.416666666666667
2024-06-18 04:00:00,27.0,82,51,264,2.8055555555555554
2024-06-18 05:00:00,26.9,83,3,262,2.7222222222222223
2024-06-18 06:00:00,28.6,77,3,279,2.0277777777777777
2024-06-18 07:00:00,30.1,69,3,296,2.7777777777777777
2024-06-18 08:00:00,31.7,62,3,294,2.944444444444444
2024-06-18 09:00:00,33.7,54,1,287,3.3611111111111107
2024-06-18 10:00:00,35.5,48,1,278,3.5277777777777777
2024-06-18 11:00:00,36.4,45,1,275,3.5
2024-06-18 12:00:00,37.5,43,3,267,3.611111111111111
2024-06-18 13:00:00,36.4,46,3,282,4.194444444444445
2024-06-18 14:00:00,31.5,68,63,257,2.5833333333333335
2024-06-18 15:00:00,32.4,64,3,216,2.861111111111111
2024-06-18 16:00:00,32.5,62,3,210,4.388888888888889
2024-06-18 17:00:00,32.2,62,3,231,4.472222222222222
2024-06-18 18:00:00,34.0,49,3,318,1.3333333333333333
2024-06-18 19:00:00,32.5,59,51,284,1.6388888888888888
2024-06-18 20:00:00,32.0,59,3,292,2.694444444444444
2024-06-18 21:00:00,31.3,62,3,281,2.0277777777777777
2024-06-18 22:00:00,30.9,65,3,294,1.75
2024-06-18 23:00:00,30.8,65,3,286,1.8611111111111112
2024-06-19 00:00:00,30.3,67,3,249,2.25
2024-06-19 01:00:00,30.1,67,3,249,2.25
2024-06-19 02:00:00,29.8,68,3,237,1.6666666666666665
2024-06-19 03:00:00,28.7,72,3,202,4.0
2024-06-19 04:00:00,26.1,85,53,265,5.027777777777778
2024-06-19 05:00:00,26.0,90,53,247,3.0555555555555554
2024-06-19 06:00:00,27.5,84,51,275,2.111111111111111
2024-06-19 07:00:00,28.2,79,3,270,2.611111111111111
2024-06-19 08:00:00,29.3,73,3,283,3.5
2024-06-19 09:00:00,31.9,62,3,290,3.5
2024-06-19 10:00:00,33.3,57,3,290,3.194444444444444
2024-06-19 11:00:00,34.9,51,3,278,2.9166666666666665
2024-06-19 12:00:00,36.1,47,3,266,2.694444444444444
2024-06-19 13:00:00,36.9,43,3,265,3.3055555555555554
2024-06-19 14:00:00,35.4,45,51,251,5.277777777777778
2024-06-19 15:00:00,32.6,61,55,274,2.9166666666666665
2024-06-19 16:00:00,32.5,59,55,254,1.8611111111111112
2024-06-19 17:00:00,32.8,55,3,284,2.055555555555556
2024-06-19 18:00:00,28.3,85,51,50,1.5555555555555554
2024-06-19 19:00:00,27.9,85,3,79,1.027777777777778
2024-06-19 20:00:00,27.9,85,3,141,2.055555555555556
2024-06-19 21:00:00,27.9,86,51,151,1.8333333333333333
2024-06-19 22:00:00,27.9,88,51,155,1.8888888888888888
2024-06-19 23:00:00,27.7,88,51,194,2.055555555555556
2024-06-20 00:00:00,27.7,83,3,200,2.6666666666666665
2024-06-20 01:00:00,27.0,83,3,183,3.3055555555555554
2024-06-20 02:00:00,25.8,87,3,180,2.111111111111111
2024-06-20 03:00:00,26.0,88,51,232,2.7777777777777777
2024-06-20 04:00:00,26.2,83,51,257,3.083333333333333
2024-06-20 05:00:00,26.1,84,51,259,2.138888888888889
2024-06-20 06:00:00,28.4,75,3,245,2.861111111111111
2024-06-20 07:00:00,29.5,68,3,260,3.9722222222222223
2024-06-20 08:00:00,30.9,63,3,266,3.9166666666666665
2024-06-20 09:00:00,32.6,57,3,255,3.1111111111111107
2024-06-20 10:00:00,33.7,53,3,249,3.0
2024-06-20 11:00:00,34.8,48,3,257,3.5
2024-06-20 12:00:00,35.3,46,2,264,2.8055555555555554
2024-06-20 13:00:00,36.5,43,3,253,3.138888888888889
2024-06-20 14:00:00,36.5,41,3,246,3.611111111111111
2024-06-20 15:00:00,35.5,42,3,261,5.166666666666667
2024-06-20 16:00:00,27.9,79,65,33,2.388888888888889
2024-06-20 17:00:00,27.5,82,53,97,1.7222222222222223
2024-06-20 18:00:00,32.0,57,51,72,3.1666666666666665
2024-06-20 19:00:00,30.1,64,3,87,3.9166666666666665
2024-06-20 20:00:00,29.3,67,3,107,3.3611111111111107
2024-06-20 21:00:00,29.8,65,3,152,2.361111111111111
2024-06-20 22:00:00,29.8,63,3,183,2.0
2024-06-20 23:00:00,29.5,63,3,198,2.2222222222222223
2024-06-21 00:00:00,29.2,65,3,194,2.888888888888889
2024-06-21 01:00:00,28.3,70,3,206,3.4444444444444446
2024-06-21 02:00:00,27.3,76,3,205,3.5277777777777777
2024-06-21 03:00:00,26.8,79,3,230,3.9166666666666665
2024-06-21 04:00:00,26.6,80,3,247,3.2777777777777777
2024-06-21 05:00:00,26.7,78,2,277,2.3333333333333335
2024-06-21 06:00:00,25.6,89,55,309,4.111111111111112
2024-06-21 07:00:00,26.2,85,51,291,2.7777777777777777
2024-06-21 08:00:00,27.0,82,63,111,0.8611111111111112
2024-06-21 09:00:00,26.8,88,53,294,0.9722222222222222
2024-06-21 10:00:00,27.8,83,53,301,2.3333333333333335
2024-06-21 11:00:00,29.2,75,51,294,2.944444444444444
2024-06-21 12:00:00,31.1,65,51,281,3.0555555555555554
2024-06-21 13:00:00,31.9,59,51,267,3.416666666666667
2024-06-21 14:00:00,32.8,56,51,254,3.222222222222222
2024-06-21 15:00:00,34.0,52,3,247,2.611111111111111
2024-06-21 16:00:00,34.2,51,3,214,1.8055555555555556
2024-06-21 17:00:00,28.1,81,61,325,5.972222222222222
2024-06-21 18:00:00,26.5,93,53,33,1.6666666666666665
2024-06-21 19:00:00,26.7,94,53,48,1.5
2024-06-21 20:00:00,26.9,92,51,90,0.6111111111111112
2024-06-21 21:00:00,26.8,93,3,162,0.6388888888888888
2024-06-21 22:00:00,26.5,93,53,178,2.305555555555556
2024-06-21 23:00:00,25.4,94,63,215,2.944444444444444
2024-06-22 00:00:00,25.5,92,61,246,1.75
2024-06-22 01:00:00,25.4,94,55,258,1.9444444444444444
2024-06-22 02:00:00,25.4,93,61,203,0.75
2024-06-22 03:00:00,25.2,96,53,220,1.6944444444444442
2024-06-22 04:00:00,25.2,96,53,218,1.777777777777778
2024-06-22 05:00:00,25.4,96,51,259,2.0277777777777777
2024-06-22 06:00:00,25.2,93,53,272,2.694444444444444
2024-06-22 07:00:00,26.2,87,51,305,2.4444444444444446
2024-06-22 08:00:00,27.6,79,51,308,3.0555555555555554
2024-06-22 09:00:00,28.5,73,51,321,2.5555555555555554
2024-06-22 10:00:00,28.7,71,3,4,1.611111111111111
2024-06-22 11:00:00,28.5,72,3,354,0.9166666666666666
2024-06-22 12:00:00,28.5,74,51,353,0.8055555555555555
2024-06-22 13:00:00,28.0,79,55,180,0.38888888888888884
2024-06-22 14:00:00,30.3,70,51,212,0.9444444444444444
2024-06-22 15:00:00,30.7,68,3,233,1.0
2024-06-22 16:00:00,31.0,66,3,222,1.5
2024-06-22 17:00:00,31.3,63,3,235,1.5833333333333333
2024-06-22 18:00:00,28.8,73,2,77,1.8333333333333333
2024-06-22 19:00:00,27.9,79,1,145,1.2222222222222223
2024-06-22 20:00:00,27.3,85,0,151,1.027777777777778
2024-06-22 21:00:00,27.0,85,1,180,1.3888888888888888
2024-06-22 22:00:00,26.9,85,1,241,1.25
2024-06-22 23:00:00,25.7,94,63,325,1.5833333333333333
2024-06-23 00:00:00,25.5,96,51,97,1.611111111111111
2024-06-23 01:00:00,24.6,99,55,68,1.8333333333333333
2024-06-23 02:00:00,24.5,99,53,120,1.3888888888888888
2024-06-23 03:00:00,24.4,98,55,66,0.9722222222222222
2024-06-23 04:00:00,24.4,98,53,9,0.6111111111111112
2024-06-23 05:00:00,24.5,97,51,297,0.6666666666666666
2024-06-23 06:00:00,24.7,92,3,331,1.25
2024-06-23 07:00:00,26.0,85,3,308,1.1388888888888888
2024-06-23 08:00:00,28.0,76,2,9,1.3055555555555556
2024-06-23 09:00:00,29.0,74,3,45,1.2777777777777777
2024-06-23 10:00:00,30.3,71,3,36,1.8611111111111112
2024-06-23 11:00:00,31.2,68,51,74,1.8611111111111112
2024-06-23 12:00:00,31.3,66,3,109,2.111111111111111
2024-06-23 13:00:00,31.6,66,51,105,1.972222222222222
2024-06-23 14:00:00,31.7,64,1,94,1.4166666666666665
2024-06-23 15:00:00,31.6,65,51,153,1.3333333333333333
2024-06-23 16:00:00,30.8,67,2,201,1.7222222222222223
2024-06-23 17:00:00,28.9,78,61,218,1.6388888888888888
2024-06-23 18:00:00,27.0,84,53,198,1.5833333333333333
2024-06-23 19:00:00,25.8,95,63,162,2.2222222222222223
2024-06-23 20:00:00,26.0,94,51,202,2.1666666666666665
2024-06-23 21:00:00,25.6,95,61,193,2.1666666666666665
2024-06-23 22:00:00,25.3,96,53,209,2.2777777777777777
2024-06-23 23:00:00,24.7,97,63,223,1.777777777777778
2024-06-24 00:00:00,25.0,94,51,198,2.0
2024-06-24 01:00:00,24.8,96,51,225,1.972222222222222
2024-06-24 02:00:00,25.1,94,3,210,1.3888888888888888
2024-06-24 03:00:00,24.9,93,51,221,1.972222222222222
2024-06-24 04:00:00,24.8,94,53,212,2.4722222222222223
2024-06-24 05:00:00,24.6,95,3,201,2.4722222222222223
2024-06-24 06:00:00,25.4,92,2,217,2.138888888888889
2024-06-24 07:00:00,26.1,89,51,203,2.2777777777777777
2024-06-24 08:00:00,27.6,81,51,224,2.888888888888889
2024-06-24 09:00:00,28.4,76,51,221,2.7777777777777777
2024-06-24 10:00:00,29.6,71,51,222,2.5555555555555554
2024-06-24 11:00:00,30.5,70,51,209,2.861111111111111
2024-06-24 12:00:00,31.6,66,51,225,2.4166666666666665
2024-06-24 13:00:00,32.5,64,51,210,2.1944444444444446
2024-06-24 14:00:00,32.6,61,51,190,2.75
2024-06-24 15:00:00,30.8,69,61,207,2.0
2024-06-24 16:00:00,29.1,76,63,262,1.4166666666666665
2024-06-24 17:00:00,29.4,74,3,180,0.8055555555555555
2024-06-24 18:00:00,29.3,75,2,231,1.4166666666666665
2024-06-24 19:00:00,27.9,87,53,217,1.0
2024-06-24 20:00:00,27.7,87,51,184,1.3055555555555556
2024-06-24 21:00:00,27.4,87,3,198,2.305555555555556
2024-06-24 22:00:00,27.2,87,3,245,2.111111111111111
2024-06-24 23:00:00,26.2,93,3,322,1.1388888888888888
2024-06-25 00:00:00,25.9,94,3,353,0.8055555555555555
2024-06-25 01:00:00,25.7,96,51,360,0.888888888888889
2024-06-25 02:00:00,25.5,98,3,27,0.6666666666666666
2024-06-25 03:00:00,25.0,99,3,18,0.9444444444444444
2024-06-25 04:00:00,25.1,99,2,45,0.6944444444444444
2024-06-25 05:00:00,25.1,100,3,297,0.22222222222222224
2024-06-25 06:00:00,27.4,91,0,315,0.2777777777777778
2024-06-25 07:00:00,28.6,83,3,207,0.22222222222222224
2024-06-25 08:00:00,29.9,75,2,231,0.6388888888888888
2024-06-25 09:00:00,31.0,69,1,196,0.7222222222222222
2024-06-25 10:00:00,31.9,66,51,204,1.1944444444444444
2024-06-25 11:00:00,32.8,62,3,180,1.611111111111111
2024-06-25 12:00:00,33.3,60,3,172,2.111111111111111
2024-06-25 13:00:00,33.8,59,3,177,2.0
2024-06-25 14:00:00,34.3,57,3,194,2.055555555555556
2024-06-25 15:00:00,34.1,56,51,177,1.8055555555555556
2024-06-25 16:00:00,31.0,69,51,188,2.833333333333333
2024-06-25 17:00:00,31.7,66,2,189,2.638888888888889
2024-06-25 18:00:00,31.8,61,2,180,2.1944444444444446
2024-06-25 19:00:00,30.7,63,3,168,2.4444444444444446
2024-06-25 20:00:00,30.2,64,3,162,2.2222222222222223
2024-06-25 21:00:00,29.8,66,3,165,2.2777777777777777
2024-06-25 22:00:00,28.9,72,3,173,1.7222222222222223
2024-06-25 23:00:00,28.5,76,3,180,2.305555555555556
2024-06-26 00:00:00,28.3,76,3,172,2.2222222222222223
2024-06-26 01:00:00,27.9,78,3,180,2.305555555555556
2024-06-26 02:00:00,27.6,80,3,189,2.5277777777777777
2024-06-26 03:00:00,27.5,80,3,202,2.388888888888889
2024-06-26 04:00:00,27.0,83,3,207,1.1111111111111112
2024-06-26 05:00:00,26.8,85,1,162,1.2777777777777777
2024-06-26 06:00:00,28.6,78,3,218,1.6388888888888888
2024-06-26 07:00:00,29.8,71,1,229,2.138888888888889
2024-06-26 08:00:00,31.0,66,2,233,2.0
2024-06-26 09:00:00,32.1,63,2,249,1.3888888888888888
2024-06-26 10:00:00,33.2,57,3,175,1.1944444444444444
2024-06-26 11:00:00,33.9,55,3,158,2.388888888888889
2024-06-26 12:00:00,34.3,54,3,165,2.7777777777777777
2024-06-26 13:00:00,34.8,52,3,178,2.8055555555555554
2024-06-26 14:00:00,35.3,51,3,178,2.8055555555555554
2024-06-26 15:00:00,34.8,52,3,176,3.1111111111111107
2024-06-26 16:00:00,34.2,52,3,166,3.611111111111111
2024-06-26 17:00:00,32.9,59,51,177,3.3055555555555554
2024-06-26 18:00:00,32.7,60,3,180,1.6944444444444442
2024-06-26 19:00:00,31.6,63,3,180,1.611111111111111
2024-06-26 20:00:00,30.0,72,53,120,2.1944444444444446
2024-06-26 21:00:00,29.7,74,3,132,2.833333333333333
2024-06-26 22:00:00,27.8,82,61,169,2.0277777777777777
2024-06-26 23:00:00,26.0,89,61,183,3.416666666666667
2024-06-27 00:00:00,25.3,90,63,196,4.583333333333333
2024-06-27 01:00:00,25.4,94,61,221,1.972222222222222
2024-06-27 02:00:00,25.5,94,51,209,1.25
2024-06-27 03:00:00,25.5,94,51,292,0.5277777777777778
2024-06-27 04:00:00,25.5,94,51,176,1.4166666666666665
2024-06-27 05:00:00,25.3,94,51,146,1.0833333333333333
2024-06-27 06:00:00,26.6,85,3,228,1.5
2024-06-27 07:00:00,27.5,82,3,188,0.6944444444444444
2024-06-27 08:00:00,28.8,75,3,219,1.4166666666666665
2024-06-27 09:00:00,29.8,72,51,199,2.111111111111111
2024-06-27 10:00:00,30.6,68,3,192,1.9444444444444444
2024-06-27 11:00:00,31.6,64,51,167,1.3333333333333333
2024-06-27 12:00:00,32.5,61,51,188,1.5
2024-06-27 13:00:00,33.1,60,51,211,1.75
2024-06-27 14:00:00,33.5,56,3,211,2.111111111111111
2024-06-27 15:00:00,31.0,72,55,190,3.3611111111111107
2024-06-27 16:00:00,27.8,84,61,212,3.194444444444444
2024-06-27 17:00:00,28.3,83,51,203,2.055555555555556
2024-06-27 18:00:00,29.8,72,51,72,0.6388888888888888
2024-06-27 19:00:00,27.6,90,63,124,1.8055555555555556
2024-06-27 20:00:00,26.8,90,63,142,1.777777777777778
2024-06-27 21:00:00,26.4,93,63,148,2.611111111111111
2024-06-27 22:00:00,26.0,95,51,173,2.3333333333333335
2024-06-27 23:00:00,25.2,97,63,186,3.1111111111111107
2024-06-28 00:00:00,25.2,99,65,191,1.6388888888888888
2024-06-28 01:00:00,25.2,99,63,216,1.3611111111111112
2024-06-28 02:00:00,25.3,98,53,216,0.8611111111111112
2024-06-28 03:00:00,25.0,96,53,232,1.1388888888888888
2024-06-28 04:00:00,25.1,97,53,207,0.888888888888889
2024-06-28 05:00:00,25.1,96,61,241,1.027777777777778
2024-06-28 06:00:00,26.1,89,51,272,2.5
2024-06-28 07:00:00,26.6,88,51,288,2.611111111111111
2024-06-28 08:00:00,27.2,84,53,266,3.194444444444444
2024-06-28 09:00:00,28.3,81,51,262,2.9166666666666665
2024-06-28 10:00:00,28.7,79,51,268,3.3055555555555554
2024-06-28 11:00:00,30.2,72,51,268,3.5
2024-06-28 12:00:00,31.0,67,3,268,3.1111111111111107
2024-06-28 13:00:00,31.7,64,51,260,3.9722222222222223
2024-06-28 14:00:00,30.4,68,51,254,3.222222222222222
2024-06-28 15:00:00,30.5,69,53,241,3.75
2024-06-28 16:00:00,30.3,68,3,260,2.944444444444444
2024-06-28 17:00:00,30.6,67,3,268,2.5
2024-06-28 18:00:00,29.1,71,3,212,2.833333333333333
2024-06-28 19:00:00,28.7,71,3,234,3.222222222222222
2024-06-28 20:00:00,28.2,73,3,246,2.944444444444444
2024-06-28 21:00:00,27.9,76,3,241,2.5
2024-06-28 22:00:00,27.7,78,3,249,3.416666666666667
2024-06-28 23:00:00,26.4,84,51,262,5.055555555555555
2024-06-29 00:00:00,25.8,87,3,253,3.138888888888889
2024-06-29 01:00:00,25.6,89,51,238,3.0555555555555554
2024-06-29 02:00:00,25.3,92,51,229,3.194444444444444
2024-06-29 03:00:00,25.3,92,3,243,3.0277777777777777
2024-06-29 04:00:00,25.6,91,3,253,2.8055555555555554
2024-06-29 05:00:00,25.6,90,51,244,2.7777777777777777
2024-06-29 06:00:00,26.1,87,3,264,3.1111111111111107
2024-06-29 07:00:00,27.2,81,3,268,2.8055555555555554
2024-06-29 08:00:00,28.5,75,3,268,3.3888888888888884
2024-06-29 09:00:00,29.3,71,3,271,4.0
2024-06-29 10:00:00,30.3,67,51,271,4.111111111111112
2024-06-29 11:00:00,31.2,64,51,272,3.3055555555555554
2024-06-29 12:00:00,30.2,66,3,251,3.3888888888888884
2024-06-29 13:00:00,30.3,71,55,226,4.305555555555555
2024-06-29 14:00:00,30.0,69,51,253,3.4444444444444446
2024-06-29 15:00:00,29.3,73,3,254,3.638888888888889
2024-06-29 16:00:00,29.3,75,3,253,3.4444444444444446
2024-06-29 17:00:00,29.3,75,3,235,3.1666666666666665
2024-06-29 18:00:00,28.0,84,3,201,1.3888888888888888
2024-06-29 19:00:00,27.4,88,3,205,2.638888888888889
2024-06-29 20:00:00,27.2,88,3,206,2.5555555555555554
2024-06-29 21:00:00,27.2,87,3,206,2.7777777777777777
2024-06-29 22:00:00,27.0,85,3,198,2.611111111111111
2024-06-29 23:00:00,26.7,86,3,207,2.8055555555555554
2024-06-30 00:00:00,26.5,87,3,231,3.194444444444444
2024-06-30 01:00:00,26.1,87,51,229,3.194444444444444
2024-06-30 02:00:00,25.8,87,3,245,2.638888888888889
2024-06-30 03:00:00,25.8,87,3,250,2.3333333333333335
2024-06-30 04:00:00,25.8,88,3,247,2.611111111111111
2024-06-30 05:00:00,26.0,87,3,252,2.611111111111111
2024-06-30 06:00:00,25.8,94,63,212,1.5277777777777777
2024-06-30 07:00:00,26.0,94,61,196,1.777777777777778
2024-06-30 08:00:00,26.8,89,53,210,2.4166666666666665
2024-06-30 09:00:00,28.8,78,51,231,3.194444444444444
2024-06-30 10:00:00,30.2,71,51,243,3.5
2024-06-30 11:00:00,30.1,70,51,242,3.8333333333333335
2024-06-30 12:00:00,30.0,70,3,239,3.2777777777777777
2024-06-30 13:00:00,30.6,68,3,223,3.3888888888888884
2024-06-30 14:00:00,31.0,66,3,217,3.7777777777777777
2024-06-30 15:00:00,31.6,62,3,215,4.166666666666667
2024-06-30 16:00:00,28.7,73,51,223,7.0
2024-06-30 17:00:00,28.0,79,51,230,3.7777777777777777
2024-06-30 18:00:00,29.5,70,3,211,3.138888888888889
2024-06-30 19:00:00,28.6,73,3,225,3.3888888888888884
2024-06-30 20:00:00,27.9,76,3,233,3.3611111111111107
2024-06-30 21:00:00,27.2,80,3,213,3.8333333333333335
2024-06-30 22:00:00,26.6,84,3,221,3.9722222222222223
2024-06-30 23:00:00,26.1,87,3,220,4.333333333333333
2024-07-01 00:00:00,25.7,88,3,225,4.111111111111112
2024-07-01 01:00:00,25.3,90,51,231,4.472222222222222
2024-07-01 02:00:00,24.7,95,63,223,3.5277777777777777
2024-07-01 03:00:00,24.8,96,53,223,3.5277777777777777
2024-07-01 04:00:00,24.7,96,51,225,3.2499999999999996
2024-07-01 05:00:00,24.8,94,51,231,3.194444444444444
2024-07-01 06:00:00,25.4,92,3,231,3.611111111111111
2024-07-01 07:00:00,26.5,85,3,234,4.305555555555555
2024-07-01 08:00:00,27.1,82,51,236,4.972222222222221
2024-07-01 09:00:00,28.0,77,51,238,5.222222222222222
2024-07-01 10:00:00,29.8,70,51,239,4.888888888888889
2024-07-01 11:00:00,29.0,72,53,243,5.944444444444444
2024-07-01 12:00:00,29.6,69,53,239,5.611111111111111
2024-07-01 13:00:00,28.9,71,3,243,4.833333333333333
2024-07-01 14:00:00,29.3,69,3,239,5.388888888888888
2024-07-01 15:00:00,29.8,66,51,234,5.083333333333333
2024-07-01 16:00:00,29.9,66,3,223,5.222222222222222
2024-07-01 17:00:00,29.3,67,3,227,5.083333333333333
2024-07-01 18:00:00,28.5,72,3,217,4.138888888888889
2024-07-01 19:00:00,28.4,71,3,216,4.083333333333333
2024-07-01 20:00:00,27.7,75,51,231,2.833333333333333
2024-07-01 21:00:00,27.0,79,51,220,4.194444444444445
2024-07-01 22:00:00,26.2,86,51,224,3.888888888888889
2024-07-01 23:00:00,25.6,91,51,227,3.5277777777777777
2024-07-02 00:00:00,25.4,92,53,225,3.9722222222222223
2024-07-02 01:00:00,25.2,93,53,220,4.055555555555555
2024-07-02 02:00:00,25.3,91,51,220,3.416666666666667
2024-07-02 03:00:00,25.2,91,3,220,3.1111111111111107
2024-07-02 04:00:00,25.1,90,3,224,3.333333333333333
2024-07-02 05:00:00,25.2,87,3,227,3.8333333333333335
2024-07-02 06:00:00,25.0,90,53,220,3.2777777777777777
2024-07-02 07:00:00,25.5,88,3,216,3.7222222222222223
2024-07-02 08:00:00,25.9,85,53,220,4.555555555555555
2024-07-02 09:00:00,26.2,86,63,219,4.472222222222222
2024-07-02 10:00:00,26.3,86,51,228,4.305555555555555
2024-07-02 11:00:00,26.4,88,53,229,4.888888888888889
2024-07-02 12:00:00,28.9,72,53,239,6.333333333333333
2024-07-02 13:00:00,30.0,65,51,244,6.222222222222221
2024-07-02 14:00:00,30.3,64,3,239,5.111111111111111
2024-07-02 15:00:00,30.8,62,3,253,4.916666666666666
2024-07-02 16:00:00,31.2,60,2,254,4.694444444444444
2024-07-02 17:00:00,30.3,65,3,246,3.7222222222222223
2024-07-02 18:00:00,27.0,86,63,243,2.4722222222222223
2024-07-02 19:00:00,26.5,89,61,237,2.75
2024-07-02 20:00:00,25.7,92,63,233,4.0
2024-07-02 21:00:00,25.7,92,63,226,3.75
2024-07-02 22:00:00,25.3,94,51,219,3.8333333333333335
2024-07-02 23:00:00,25.1,94,53,220,3.9166666666666665
2024-07-03 00:00:00,25.0,94,51,222,3.611111111111111
2024-07-03 01:00:00,25.0,94,3,228,3.611111111111111
2024-07-03 02:00:00,25.0,94,3,228,3.611111111111111
2024-07-03 03:00:00,25.0,94,3,225,3.5277777777777777
2024-07-03 04:00:00,25.0,93,3,226,4.027777777777778
2024-07-03 05:00:00,25.0,92,3,228,3.75
2024-07-03 06:00:00,25.5,87,3,226,3.611111111111111
2024-07-03 07:00:00,26.1,84,3,231,3.611111111111111
2024-07-03 08:00:00,26.9,78,3,228,4.166666666666667
2024-07-03 09:00:00,27.8,73,3,247,4.888888888888889
2024-07-03 10:00:00,28.7,69,3,252,5.249999999999999
2024-07-03 11:00:00,29.3,68,3,256,5.055555555555555
2024-07-03 12:00:00,29.6,68,3,240,4.027777777777778
2024-07-03 13:00:00,29.9,67,3,245,4.194444444444445
2024-07-03 14:00:00,30.4,65,2,241,4.777777777777778
2024-07-03 15:00:00,31.1,62,3,238,4.583333333333333
2024-07-03 16:00:00,31.0,62,3,241,4.472222222222222
2024-07-03 17:00:00,30.6,63,3,233,4.138888888888889
2024-07-03 18:00:00,30.0,69,3,247,1.3055555555555556
2024-07-03 19:00:00,28.8,71,3,202,1.8333333333333333
2024-07-03 20:00:00,28.7,69,3,209,2.055555555555556
2024-07-03 21:00:00,28.7,70,3,218,2.4166666666666665
2024-07-03 22:00:00,28.7,70,3,238,3.194444444444444
2024-07-03 23:00:00,28.5,69,3,240,3.944444444444444
2024-07-04 00:00:00,27.8,72,3,247,3.5833333333333335
2024-07-04 01:00:00,26.9,79,61,258,3.2777777777777777
2024-07-04 02:00:00,26.4,81,53,263,2.3333333333333335
2024-07-04 03:00:00,25.6,88,53,252,2.0
2024-07-04 04:00:00,25.5,90,51,237,2.0277777777777777
2024-07-04 05:00:00,25.7,88,51,243,2.8055555555555554
2024-07-04 06:00:00,24.9,92,61,264,3.7222222222222223
2024-07-04 07:00:00,25.3,92,61,247,3.2777777777777777
2024-07-04 08:00:00,27.9,79,51,258,4.5
2024-07-04 09:00:00,29.1,73,3,265,4.611111111111112
2024-07-04 10:00:00,30.3,67,3,265,4.222222222222222
2024-07-04 11:00:00,30.9,64,3,258,4.388888888888889
2024-07-04 12:00:00,30.1,68,3,247,4.027777777777778
2024-07-04 13:00:00,31.9,62,3,238,4.583333333333333
2024-07-04 14:00:00,29.7,68,3,245,5.5
2024-07-04 15:00:00,29.0,75,61,279,3.0277777777777777
2024-07-04 16:00:00,29.6,71,51,249,2.5555555555555554
2024-07-04 17:00:00,29.6,70,3,245,2.638888888888889
2024-07-04 18:00:00,29.4,69,3,229,2.2777777777777777
2024-07-04 19:00:00,28.5,70,51,239,2.5555555555555554
2024-07-04 20:00:00,26.9,89,61,82,0.6944444444444444
2024-07-04 21:00:00,27.2,81,3,202,2.388888888888889
2024-07-04 22:00:00,27.2,79,3,218,3.555555555555556
2024-07-04 23:00:00,26.7,81,3,222,4.166666666666667
2024-07-05 00:00:00,25.4,91,53,213,3.4722222222222223
2024-07-05 01:00:00,25.2,92,53,229,3.4722222222222223
2024-07-05 02:00:00,24.9,94,53,222,3.75
2024-07-05 03:00:00,24.7,93,51,222,3.611111111111111
2024-07-05 04:00:00,24.7,93,3,218,3.9166666666666665
2024-07-05 05:00:00,24.7,92,3,227,3.9722222222222223
2024-07-05 06:00:00,25.0,96,51,222,2.694444444444444
2024-07-05 07:00:00,25.3,94,51,226,2.888888888888889
2024-07-05 08:00:00,26.7,86,51,232,4.333333333333333
2024-07-05 09:00:00,28.3,81,51,228,3.75
2024-07-05 10:00:00,29.9,70,51,241,4.694444444444444
2024-07-05 11:00:00,30.2,67,3,234,4.305555555555555
2024-07-05 12:00:00,31.1,63,3,235,4.888888888888889
2024-07-05 13:00:00,31.2,65,51,233,4.777777777777778
2024-07-05 14:00:00,31.3,62,51,231,5.916666666666667
2024-07-05 15:00:00,31.1,64,51,239,5.111111111111111
2024-07-05 16:00:00,31.4,63,3,235,4.388888888888889
2024-07-05 17:00:00,30.5,68,51,232,3.555555555555556
2024-07-05 18:00:00,27.9,80,51,153,1.1111111111111112
2024-07-05 19:00:00,27.7,82,3,213,3.1111111111111107
2024-07-05 20:00:00,26.9,82,3,232,3.416666666666667
2024-07-05 21:00:00,26.4,84,3,222,3.888888888888889
2024-07-05 22:00:00,25.4,89,53,229,3.333333333333333
2024-07-05 23:00:00,25.1,93,63,190,2.3333333333333335
2024-07-06 00:00:00,25.0,94,3,214,3.0277777777777777
2024-07-06 01:00:00,24.9,94,3,211,2.9166666666666665
2024-07-06 02:00:00,24.8,95,3,212,3.194444444444444
2024-07-06 03:00:00,24.9,94,3,221,2.7777777777777777
2024-07-06 04:00:00,24.9,93,3,224,3.0277777777777777
2024-07-06 05:00:00,24.8,93,3,214,3.3888888888888884
2024-07-06 06:00:00,25.7,88,3,223,3.3888888888888884
2024-07-06 07:00:00,26.9,81,3,225,4.111111111111112
2024-07-06 08:00:00,28.1,75,51,235,5.527777777777778
2024-07-06 09:00:00,28.9,71,3,239,5.472222222222222
2024-07-06 10:00:00,30.1,65,3,242,5.333333333333333
2024-07-06 11:00:00,31.2,60,3,248,5.305555555555556
2024-07-06 12:00:00,32.2,56,51,245,5.055555555555555
2024-07-06 13:00:00,32.8,54,51,241,4.777777777777778
2024-07-06 14:00:00,32.9,56,3,234,5.166666666666667
2024-07-06 15:00:00,32.0,57,51,232,5.472222222222222
2024-07-06 16:00:00,31.1,64,51,238,4.944444444444445
2024-07-06 17:00:00,29.1,73,51,229,4.388888888888889
2024-07-06 18:00:00,26.8,90,55,190,1.7222222222222223
2024-07-06 19:00:00,26.1,94,61,209,2.5
2024-07-06 20:00:00,25.7,94,61,197,2.4166666666666665
2024-07-06 21:00:00,25.4,94,55,218,2.7777777777777777
2024-07-06 22:00:00,25.2,95,53,212,3.416666666666667
2024-07-06 23:00:00,24.9,95,51,229,3.333333333333333
2024-07-07 00:00:00,24.9,94,51,221,3.333333333333333
2024-07-07 01:00:00,25.0,94,51,224,3.611111111111111
2024-07-07 02:00:00,25.0,94,3,235,3.3055555555555554
2024-07-07 03:00:00,24.8,94,51,242,2.7222222222222223
2024-07-07 04:00:00,24.9,94,51,245,2.638888888888889
2024-07-07 05:00:00,24.7,96,51,249,2.25
2024-07-07 06:00:00,25.0,94,61,221,3.194444444444444
2024-07-07 07:00:00,25.3,93,61,235,2.944444444444444
2024-07-07 08:00:00,25.4,94,63,229,2.7777777777777777
2024-07-07 09:00:00,25.7,93,63,232,2.7777777777777777
2024-07-07 10:00:00,27.1,82,53,235,3.5277777777777777
2024-07-07 11:00:00,27.1,84,51,243,3.7222222222222223
2024-07-07 12:00:00,27.9,81,53,250,3.5
2024-07-07 13:00:00,28.8,75,51,256,3.7222222222222223
2024-07-07 14:00:00,29.3,74,51,259,3.6666666666666665
2024-07-07 15:00:00,30.0,71,51,261,3.0277777777777777
2024-07-07 16:00:00,30.1,71,51,251,2.4444444444444446
2024-07-07 17:00:00,29.6,72,51,240,1.972222222222222
2024-07-07 18:00:00,28.6,80,3,27,0.22222222222222224
2024-07-07 19:00:00,27.8,78,3,180,0.888888888888889
2024-07-07 20:00:00,26.7,84,3,201,3.0
2024-07-07 21:00:00,26.1,88,3,213,2.972222222222222
2024-07-07 22:00:00,25.9,90,3,215,2.4444444444444446
2024-07-07 23:00:00,25.7,90,3,215,2.4444444444444446
2024-07-08 00:00:00,25.6,91,3,245,2.111111111111111
2024-07-08 01:00:00,25.4,91,51,266,1.4166666666666665
2024-07-08 02:00:00,25.1,96,3,300,0.8055555555555555
2024-07-08 03:00:00,25.0,95,3,135,0.2777777777777778
2024-07-08 04:00:00,24.8,94,3,207,0.6666666666666666
2024-07-08 05:00:00,24.9,94,51,248,1.0833333333333333
2024-07-08 06:00:00,25.5,91,55,240,0.8055555555555555
2024-07-08 07:00:00,26.0,89,51,307,0.5
2024-07-08 08:00:00,27.4,81,51,276,0.9166666666666666
2024-07-08 09:00:00,28.7,76,51,280,1.1111111111111112
2024-07-08 10:00:00,28.2,78,53,225,0.2777777777777778
2024-07-08 11:00:00,28.9,76,53,198,1.8888888888888888
2024-07-08 12:00:00,29.7,73,51,205,1.8888888888888888
2024-07-08 13:00:00,30.9,69,51,232,1.1388888888888888
2024-07-08 14:00:00,31.2,67,51,199,1.8055555555555556
2024-07-08 15:00:00,31.7,64,2,171,1.2222222222222223
2024-07-08 16:00:00,30.6,67,51,193,1.8333333333333333
2024-07-08 17:00:00,29.9,72,51,162,2.0
2024-07-08 18:00:00,29.8,74,3,156,0.9722222222222222
2024-07-08 19:00:00,26.0,93,63,167,2.1666666666666665
2024-07-08 20:00:00,26.1,93,51,83,1.611111111111111
2024-07-08 21:00:00,25.6,95,51,146,1.8055555555555556
2024-07-08 22:00:00,25.4,92,63,122,1.3055555555555556
2024-07-08 23:00:00,25.3,93,53,136,2.75
2024-07-09 00:00:00,25.0,96,51,144,2.361111111111111
2024-07-09 01:00:00,24.9,96,51,149,1.1666666666666667
2024-07-09 02:00:00,24.7,97,51,158,2.388888888888889
2024-07-09 03:00:00,24.5,99,51,142,1.1388888888888888
2024-07-09 04:00:00,24.4,99,3,168,1.4444444444444444
2024-07-09 05:00:00,24.5,97,51,190,1.7222222222222223
2024-07-09 06:00:00,25.4,92,51,180,1.3055555555555556
2024-07-09 07:00:00,26.2,87,3,200,1.5
2024-07-09 08:00:00,27.4,83,3,180,1.1111111111111112
2024-07-09 09:00:00,28.5,79,51,150,1.611111111111111
2024-07-09 10:00:00,29.7,75,51,159,1.9444444444444444
2024-07-09 11:00:00,30.8,72,3,140,1.5555555555555554
2024-07-09 12:00:00,31.4,69,51,128,1.777777777777778
2024-07-09 13:00:00,32.0,67,51,133,1.777777777777778
2024-07-09 14:00:00,31.7,64,51,159,1.7222222222222223
2024-07-09 15:00:00,27.7,85,65,167,2.6666666666666665
2024-07-09 16:00:00,28.6,81,51,185,1.1944444444444444
2024-07-09 17:00:00,28.9,78,3,180,1.8055555555555556
2024-07-09 18:00:00,28.8,79,3,161,2.111111111111111
2024-07-09 19:00:00,27.8,83,3,156,2.7222222222222223
2024-07-09 20:00:00,26.6,87,55,140,0.7777777777777777
2024-07-09 21:00:00,25.7,93,55,151,3.083333333333333
2024-07-09 22:00:00,25.4,95,51,185,2.4166666666666665
2024-07-09 23:00:00,25.3,94,3,187,3.5277777777777777
2024-07-10 00:00:00,24.9,95,3,204,2.944444444444444
2024-07-10 01:00:00,24.5,96,2,210,2.7777777777777777
2024-07-10 02:00:00,24.3,96,51,214,1.4444444444444444
2024-07-10 03:00:00,24.2,96,1,196,1.4444444444444444
2024-07-10 04:00:00,23.9,97,3,193,0.9166666666666666
2024-07-10 05:00:00,24.3,96,3,198,1.2777777777777777
2024-07-10 06:00:00,25.4,92,51,196,2.9166666666666665
2024-07-10 07:00:00,26.3,88,51,201,3.0
2024-07-10 08:00:00,27.2,85,51,203,2.611111111111111
2024-07-10 09:00:00,26.7,85,63,184,2.694444444444444
2024-07-10 10:00:00,27.9,85,51,191,2.138888888888889
2024-07-10 11:00:00,30.0,73,51,238,1.8888888888888888
2024-07-10 12:00:00,30.4,71,51,270,2.0
2024-07-10 13:00:00,30.8,69,51,254,1.8611111111111112
2024-07-10 14:00:00,27.3,84,63,211,4.222222222222222
2024-07-10 15:00:00,28.8,79,51,229,1.972222222222222
2024-07-10 16:00:00,28.3,78,53,228,3.611111111111111
2024-07-10 17:00:00,27.5,84,53,242,2.7222222222222223
2024-07-10 18:00:00,26.8,87,51,217,2.5
2024-07-10 19:00:00,26.0,92,3,229,2.2777777777777777
2024-07-10 20:00:00,25.7,94,3,221,2.2777777777777777
2024-07-10 21:00:00,25.5,95,3,223,2.4722222222222223
2024-07-10 22:00:00,25.5,96,3,231,2.1944444444444446
2024-07-10 23:00:00,25.4,96,3,236,2.305555555555556
2024-07-11 00:00:00,25.3,96,3,235,1.9444444444444444
2024-07-11 01:00:00,25.2,96,51,222,2.5555555555555554
2024-07-11 02:00:00,25.3,96,51,218,2.2777777777777777
2024-07-11 03:00:00,25.0,95,51,219,2.5555555555555554
2024-07-11 04:00:00,25.0,96,51,227,2.1944444444444446
2024-07-11 05:00:00,24.9,96,3,231,1.9166666666666667
2024-07-11 06:00:00,25.8,90,3,241,2.861111111111111
2024-07-11 07:00:00,26.6,86,3,252,3.2499999999999996
2024-07-11 08:00:00,27.7,82,51,266,2.9166666666666665
2024-07-11 09:00:00,28.5,78,51,268,2.8055555555555554
2024-07-11 10:00:00,30.0,69,51,263,3.333333333333333
2024-07-11 11:00:00,31.2,63,3,264,3.0277777777777777
2024-07-11 12:00:00,29.9,70,53,253,3.0277777777777777
2024-07-11 13:00:00,30.2,70,53,244,4.555555555555555
2024-07-11 14:00:00,31.3,67,51,263,3.222222222222222
2024-07-11 15:00:00,30.7,68,51,270,2.694444444444444
2024-07-11 16:00:00,30.1,69,51,240,3.3611111111111107
2024-07-11 17:00:00,30.1,70,3,253,2.4166666666666665
2024-07-11 18:00:00,29.0,87,51,279,0.6111111111111112
2024-07-11 19:00:00,28.7,80,3,243,0.22222222222222224
2024-07-11 20:00:00,27.3,89,3,169,1.027777777777778
2024-07-11 21:00:00,26.9,89,3,184,1.611111111111111
2024-07-11 22:00:00,26.6,87,3,216,2.2222222222222223
2024-07-11 23:00:00,26.6,86,3,221,3.0555555555555554
2024-07-12 00:00:00,26.2,87,3,235,2.944444444444444
2024-07-12 01:00:00,25.8,87,51,248,3.6666666666666665
2024-07-12 02:00:00,24.8,94,63,235,2.4444444444444446
2024-07-12 03:00:00,25.1,93,51,225,3.1111111111111107
2024-07-12 04:00:00,25.0,93,3,236,2.888888888888889
2024-07-12 05:00:00,25.0,93,3,235,3.1666666666666665
2024-07-12 06:00:00,26.6,83,3,267,3.6944444444444446
2024-07-12 07:00:00,27.3,79,3,273,3.8055555555555554
2024-07-12 08:00:00,28.4,74,3,278,4.444444444444445
2024-07-12 09:00:00,29.6,68,3,270,3.888888888888889
2024-07-12 10:00:00,30.5,65,51,270,3.194444444444444
2024-07-12 11:00:00,31.2,65,3,272,3.0
2024-07-12 12:00:00,31.7,62,3,268,2.8055555555555554
2024-07-12 13:00:00,31.5,63,3,253,2.7222222222222223
2024-07-12 14:00:00,28.9,74,51,236,4.333333333333333
2024-07-12 15:00:00,30.0,70,51,263,3.333333333333333
2024-07-12 16:00:00,29.9,70,51,250,3.8333333333333335
2024-07-12 17:00:00,29.1,76,3,237,2.972222222222222
2024-07-12 18:00:00,27.9,83,3,198,0.9444444444444444
2024-07-12 19:00:00,27.4,87,3,191,1.6388888888888888
2024-07-12 20:00:00,27.3,86,3,220,2.611111111111111
2024-07-12 21:00:00,26.9,85,3,230,3.555555555555556
2024-07-12 22:00:00,25.9,91,63,238,3.0555555555555554
2024-07-12 23:00:00,25.5,94,61,223,2.3333333333333335
2024-07-13 00:00:00,25.4,94,63,238,2.611111111111111
2024-07-13 01:00:00,25.3,94,55,244,3.0
2024-07-13 02:00:00,25.1,95,55,229,3.333333333333333
2024-07-13 03:00:00,25.1,95,61,241,2.638888888888889
2024-07-13 04:00:00,25.2,94,53,250,2.972222222222222
2024-07-13 05:00:00,25.1,93,53,256,3.3055555555555554
2024-07-13 06:00:00,26.1,86,3,258,2.972222222222222
2024-07-13 07:00:00,27.0,81,3,275,3.611111111111111
2024-07-13 08:00:00,28.1,77,3,283,3.9166666666666665
2024-07-13 09:00:00,29.2,72,51,296,4.333333333333333
2024-07-13 10:00:00,29.7,71,3,293,4.027777777777778
2024-07-13 11:00:00,30.3,69,3,285,3.9166666666666665
2024-07-13 12:00:00,32.1,60,3,279,3.638888888888889
2024-07-13 13:00:00,27.9,82,61,243,3.2777777777777777
2024-07-13 14:00:00,29.8,74,51,287,3.0277777777777777
2024-07-13 15:00:00,30.1,72,51,303,3.6944444444444446
2024-07-13 16:00:00,30.1,71,51,297,3.3611111111111107
2024-07-13 17:00:00,28.7,76,61,285,2.7777777777777777
2024-07-13 18:00:00,27.7,82,3,241,2.638888888888889
2024-07-13 19:00:00,26.8,84,3,242,2.138888888888889
2024-07-13 20:00:00,26.2,87,63,261,1.9166666666666667
2024-07-13 21:00:00,25.9,92,53,245,1.4444444444444444
2024-07-13 22:00:00,26.0,93,51,245,2.111111111111111
2024-07-13 23:00:00,25.8,94,51,248,2.388888888888889
2024-07-14 00:00:00,25.6,94,51,259,2.5555555555555554
2024-07-14 01:00:00,25.4,94,51,263,2.611111111111111
2024-07-14 02:00:00,25.2,94,51,266,2.694444444444444
2024-07-14 03:00:00,25.1,95,53,311,0.9166666666666666
2024-07-14 04:00:00,24.8,95,61,297,1.5555555555555554
2024-07-14 05:00:00,24.8,96,53,293,1.5277777777777777
2024-07-14 06:00:00,25.3,94,53,282,2.4444444444444446
2024-07-14 07:00:00,26.1,88,51,286,2.5833333333333335
2024-07-14 08:00:00,27.5,83,51,301,3.861111111111111
2024-07-14 09:00:00,28.9,76,3,311,3.194444444444444
2024-07-14 10:00:00,30.3,72,51,317,2.3333333333333335
2024-07-14 11:00:00,31.3,66,51,328,1.8888888888888888
2024-07-14 12:00:00,31.6,64,3,355,1.1944444444444444
2024-07-14 13:00:00,28.4,82,63,284,3.7222222222222223
2024-07-14 14:00:00,29.0,79,61,225,1.4166666666666665
2024-07-14 15:00:00,28.3,82,61,197,1.6666666666666665
2024-07-14 16:00:00,27.6,84,61,329,1.1666666666666667
2024-07-14 17:00:00,27.7,84,51,249,1.3888888888888888
2024-07-14 18:00:00,27.1,92,51,322,1.6388888888888888
2024-07-14 19:00:00,26.5,94,51,270,1.1111111111111112
2024-07-14 20:00:00,26.1,95,51,285,1.5555555555555554
2024-07-14 21:00:00,25.8,94,51,321,2.1944444444444446
2024-07-14 22:00:00,25.3,96,3,225,0.5555555555555556
2024-07-14 23:00:00,25.2,96,3,263,0.8055555555555555
2024-07-15 00:00:00,25.3,96,51,302,0.9444444444444444
2024-07-15 01:00:00,25.1,97,51,270,0.5
2024-07-15 02:00:00,24.9,98,3,293,0.75
2024-07-15 03:00:00,24.7,99,3,311,0.9166666666666666
2024-07-15 04:00:00,24.9,98,3,300,0.8055555555555555
2024-07-15 05:00:00,24.6,99,3,311,0.9166666666666666
2024-07-15 06:00:00,25.5,95,3,346,1.6388888888888888
2024-07-15 07:00:00,26.6,89,3,358,2.305555555555556
2024-07-15 08:00:00,27.7,82,3,35,3.3055555555555554
2024-07-15 09:00:00,29.0,78,51,41,3.0555555555555554
2024-07-15 10:00:00,29.9,74,51,58,3.194444444444444
2024-07-15 11:00:00,29.0,80,63,53,2.638888888888889
2024-07-15 12:00:00,31.0,72,51,69,1.9444444444444444
2024-07-15 13:00:00,31.0,72,51,58,1.3055555555555556
2024-07-15 14:00:00,29.1,81,61,34,3.0277777777777777
2024-07-15 15:00:00,30.1,77,51,293,1.3055555555555556
2024-07-15 16:00:00,28.1,83,63,49,2.2777777777777777
2024-07-15 17:00:00,27.5,87,51,93,1.8055555555555556
2024-07-15 18:00:00,26.3,93,53,149,0.5833333333333334
2024-07-15 19:00:00,26.1,95,51,90,0.5
2024-07-15 20:00:00,26.1,95,3,198,0.6388888888888888
2024-07-15 21:00:00,26.0,96,51,142,1.1388888888888888
2024-07-15 22:00:00,25.9,96,3,256,0.41666666666666663
2024-07-15 23:00:00,25.1,98,61,114,1.1944444444444444
2024-07-16 00:00:00,25.1,96,51,171,0.6111111111111112
2024-07-16 01:00:00,24.6,98,3,162,0.6388888888888888
2024-07-16 02:00:00,24.7,99,3,307,0.5
2024-07-16 03:00:00,24.7,99,3,233,0.5
2024-07-16 04:00:00,24.8,98,55,338,0.5277777777777778
2024-07-16 05:00:00,24.9,97,51,292,0.5277777777777778
2024-07-16 06:00:00,25.5,94,51,90,1.0
2024-07-16 07:00:00,26.1,91,51,45,1.2777777777777777
2024-07-16 08:00:00,26.9,89,51,45,1.4166666666666665
2024-07-16 09:00:00,27.3,88,53,55,2.0833333333333335
2024-07-16 10:00:00,28.8,82,51,86,2.8055555555555554
2024-07-16 11:00:00,30.1,78,51,96,1.9166666666666667
2024-07-16 12:00:00,30.8,73,51,90,2.388888888888889
2024-07-16 13:00:00,30.0,78,63,106,2.9166666666666665
2024-07-16 14:00:00,29.4,79,65,180,2.5
2024-07-16 15:00:00,29.1,80,63,204,3.1666666666666665
2024-07-16 16:00:00,28.6,83,55,135,2.111111111111111
2024-07-16 17:00:00,27.9,85,55,123,1.6666666666666665
2024-07-16 18:00:00,27.1,90,3,75,1.1388888888888888
2024-07-16 19:00:00,26.5,95,51,61,1.027777777777778
2024-07-16 20:00:00,26.1,98,3,63,0.888888888888889
2024-07-16 21:00:00,25.8,99,3,72,0.9444444444444444
2024-07-16 22:00:00,25.5,99,3,108,1.2777777777777777
2024-07-16 23:00:00,25.4,92,61,139,1.0555555555555556
2024-07-17 00:00:00,25.6,94,51,155,1.6666666666666665
2024-07-17 01:00:00,25.4,97,3,141,0.6388888888888888
2024-07-17 02:00:00,25.3,97,51,151,1.027777777777778
2024-07-17 03:00:00,25.1,96,61,195,1.1388888888888888
2024-07-17 04:00:00,25.0,95,55,175,1.1111111111111112
2024-07-17 05:00:00,24.9,96,3,207,0.6666666666666666
2024-07-17 06:00:00,25.7,94,3,38,1.777777777777778
2024-07-17 07:00:00,26.3,91,51,54,1.3611111111111112
2024-07-17 08:00:00,26.8,91,51,67,0.75
2024-07-17 09:00:00,28.5,84,51,59,0.5833333333333334
2024-07-17 10:00:00,28.4,83,51,30,0.8055555555555555
2024-07-17 11:00:00,28.9,83,53,68,0.5277777777777778
2024-07-17 12:00:00,29.7,80,51,180,0.11111111111111112
2024-07-17 13:00:00,30.5,76,51,18,0.3055555555555556
2024-07-17 14:00:00,30.6,76,51,278,1.4166666666666665
2024-07-17 15:00:00,27.0,89,65,303,4.194444444444445
2024-07-17 16:00:00,27.6,87,63,309,0.6388888888888888
2024-07-17 17:00:00,27.0,93,53,185,1.1944444444444444
2024-07-17 18:00:00,26.5,92,51,285,1.5555555555555554
2024-07-17 19:00:00,26.2,94,51,231,0.6388888888888888
2024-07-17 20:00:00,26.0,94,51,315,2.111111111111111
2024-07-17 21:00:00,25.7,93,51,303,1.6666666666666665
2024-07-17 22:00:00,25.2,95,3,270,1.1944444444444444
2024-07-17 23:00:00,25.1,96,51,261,1.2222222222222223
2024-07-18 00:00:00,25.4,95,51,272,2.5
2024-07-18 01:00:00,25.2,95,3,280,2.944444444444444
2024-07-18 02:00:00,25.0,95,3,290,3.194444444444444
2024-07-18 03:00:00,25.0,94,3,299,3.6666666666666665
2024-07-18 04:00:00,24.8,93,3,319,3.194444444444444
2024-07-18 05:00:00,24.6,94,3,295,2.861111111111111
2024-07-18 06:00:00,25.5,92,3,287,4.083333333333333
2024-07-18 07:00:00,26.6,87,3,302,3.638888888888889
2024-07-18 08:00:00,27.9,80,3,320,4.472222222222222
2024-07-18 09:00:00,29.1,75,51,328,3.9166666666666665
2024-07-18 10:00:00,30.1,71,51,329,3.5
2024-07-18 11:00:00,30.7,71,51,320,3.1111111111111107
2024-07-18 12:00:00,31.2,70,51,45,0.5555555555555556
2024-07-18 13:00:00,30.4,75,51,293,0.75
2024-07-18 14:00:00,29.0,79,53,263,1.7222222222222223
2024-07-18 15:00:00,29.6,76,51,332,1.472222222222222
2024-07-18 16:00:00,29.1,79,51,315,2.4166666666666665
2024-07-18 17:00:00,29.3,78,51,290,2.0277777777777777
2024-07-18 18:00:00,28.4,82,3,284,1.25
2024-07-18 19:00:00,27.3,87,3,265,1.1944444444444444
2024-07-18 20:00:00,27.0,89,3,291,1.3888888888888888
2024-07-18 21:00:00,26.7,89,3,280,2.3333333333333335
2024-07-18 22:00:00,26.5,88,3,280,2.3333333333333335
2024-07-18 23:00:00,26.1,88,2,293,3.2777777777777777
2024-07-19 00:00:00,25.7,90,3,292,2.1666666666666665
2024-07-19 01:00:00,25.4,91,3,284,2.4722222222222223
2024-07-19 02:00:00,25.0,93,63,258,2.861111111111111
2024-07-19 03:00:00,24.9,94,63,317,1.9166666666666667
2024-07-19 04:00:00,24.7,95,51,291,1.9444444444444444
2024-07-19 05:00:00,25.2,94,51,310,2.3333333333333335
2024-07-19 06:00:00,25.9,93,2,280,2.944444444444444
2024-07-19 07:00:00,27.0,85,3,301,3.861111111111111
2024-07-19 08:00:00,28.3,79,3,319,4.888888888888889
2024-07-19 09:00:00,29.6,74,51,327,3.8333333333333335
2024-07-19 10:00:00,30.4,71,51,331,3.083333333333333
2024-07-19 11:00:00,31.6,68,51,324,2.7222222222222223
2024-07-19 12:00:00,32.2,65,51,326,2.305555555555556
2024-07-19 13:00:00,30.5,71,61,358,2.305555555555556
2024-07-19 14:00:00,27.7,85,61,31,2.694444444444444
2024-07-19 15:00:00,29.0,80,51,247,2.055555555555556
2024-07-19 16:00:00,29.1,78,3,264,2.9166666666666665
2024-07-19 17:00:00,29.5,75,3,272,2.611111111111111
2024-07-19 18:00:00,29.0,79,3,288,1.8888888888888888
2024-07-19 19:00:00,28.2,81,3,276,2.7222222222222223
2024-07-19 20:00:00,27.9,80,3,278,2.9166666666666665
2024-07-19 21:00:00,27.8,79,3,284,4.111111111111112
2024-07-19 22:00:00,26.5,88,63,280,2.944444444444444
2024-07-19 23:00:00,26.1,92,63,288,2.2222222222222223
2024-07-20 00:00:00,26.0,93,51,324,1.7222222222222223
2024-07-20 01:00:00,25.7,95,61,304,1.8055555555555556
2024-07-20 02:00:00,25.7,95,53,318,2.5555555555555554
2024-07-20 03:00:00,25.6,95,53,297,2.4722222222222223
2024-07-20 04:00:00,25.3,96,61,304,3.0277777777777777
2024-07-20 05:00:00,25.4,94,61,313,4.388888888888889
2024-07-20 06:00:00,25.2,94,61,323,3.638888888888889
2024-07-20 07:00:00,25.9,93,51,324,3.7222222222222223
2024-07-20 08:00:00,26.7,90,53,324,4.222222222222222
2024-07-20 09:00:00,27.4,87,61,324,4.583333333333333
2024-07-20 10:00:00,29.2,80,51,316,4.444444444444445
2024-07-20 11:00:00,30.4,74,51,308,4.555555555555555
2024-07-20 12:00:00,29.7,82,61,306,3.944444444444444
2024-07-20 13:00:00,28.0,88,65,4,2.8055555555555554
2024-07-20 14:00:00,27.6,88,63,24,0.9722222222222222
2024-07-20 15:00:00,27.7,89,61,45,0.6944444444444444
2024-07-20 16:00:00,27.6,87,61,346,2.055555555555556
2024-07-20 17:00:00,26.1,93,53,309,2.694444444444444
2024-07-20 18:00:00,26.2,93,63,291,2.25
2024-07-20 19:00:00,26.2,93,61,319,2.2777777777777777
2024-07-20 20:00:00,25.7,95,63,326,2.1666666666666665
2024-07-20 21:00:00,25.8,95,63,300,1.611111111111111
2024-07-20 22:00:00,25.7,94,61,325,2.944444444444444
2024-07-20 23:00:00,25.0,96,61,322,2.9166666666666665
2024-07-21 00:00:00,25.0,95,63,283,3.083333333333333
2024-07-21 01:00:00,25.2,94,65,326,4.694444444444444
2024-07-21 02:00:00,25.2,93,65,325,5.611111111111111
2024-07-21 03:00:00,25.2,92,63,329,5.027777777777778
2024-07-21 04:00:00,25.2,92,65,323,4.361111111111111
2024-07-21 05:00:00,25.1,93,53,320,4.472222222222222
2024-07-21 06:00:00,25.1,93,63,297,3.8055555555555554
2024-07-21 07:00:00,25.3,93,61,296,3.888888888888889
2024-07-21 08:00:00,26.5,87,55,302,4.0
2024-07-21 09:00:00,26.9,86,51,305,3.5277777777777777
2024-07-21 10:00:00,28.0,82,3,294,3.5
2024-07-21 11:00:00,29.0,79,3,283,3.1666666666666665
2024-07-21 12:00:00,30.9,73,3,281,3.1666666666666665
2024-07-21 13:00:00,30.9,71,51,276,3.0277777777777777
2024-07-21 14:00:00,29.7,75,63,285,3.5277777777777777
2024-07-21 15:00:00,27.6,89,65,283,3.6944444444444446
2024-07-21 16:00:00,27.8,87,53,277,3.944444444444444
2024-07-21 17:00:00,26.9,91,55,277,3.5277777777777777
2024-07-21 18:00:00,26.7,88,51,286,4.583333333333333
2024-07-21 19:00:00,25.7,93,63,284,4.444444444444445
2024-07-21 20:00:00,25.8,92,63,280,3.861111111111111
2024-07-21 21:00:00,25.7,93,61,274,3.1111111111111107
2024-07-21 22:00:00,25.7,93,51,274,3.194444444444444
2024-07-21 23:00:00,25.3,94,63,270,2.8055555555555554
2024-07-22 00:00:00,25.1,94,63,280,3.4444444444444446
2024-07-22 01:00:00,25.1,94,63,286,3.75
2024-07-22 02:00:00,25.1,94,63,286,3.555555555555556
2024-07-22 03:00:00,25.0,95,63,297,3.3611111111111107
2024-07-22 04:00:00,25.2,94,51,291,3.0
2024-07-22 05:00:00,25.2,94,53,278,2.7222222222222223
2024-07-22 06:00:00,25.0,94,51,267,3.8055555555555554
2024-07-22 07:00:00,25.1,94,55,268,3.3888888888888884
2024-07-22 08:00:00,25.9,90,51,270,3.8055555555555554
2024-07-22 09:00:00,26.4,87,53,277,4.833333333333333
2024-07-22 10:00:00,26.7,86,51,274,5.222222222222222
2024-07-22 11:00:00,26.5,91,61,279,3.638888888888889
2024-07-22 12:00:00,27.0,91,55,258,2.861111111111111
2024-07-22 13:00:00,27.8,84,53,263,4.027777777777778
2024-07-22 14:00:00,27.0,89,63,265,5.527777777777778
2024-07-22 15:00:00,26.1,91,63,254,5.5
2024-07-22 16:00:00,25.5,92,63,236,5.416666666666667
2024-07-22 17:00:00,25.4,92,65,258,5.5
2024-07-22 18:00:00,25.8,89,51,254,4.583333333333333
2024-07-22 19:00:00,25.3,92,63,249,4.166666666666667
2024-07-22 20:00:00,25.3,92,53,261,4.666666666666667
2024-07-22 21:00:00,25.3,91,61,258,4.805555555555555
2024-07-22 22:00:00,25.2,92,61,257,4.916666666666666
2024-07-22 23:00:00,25.0,91,63,263,5.555555555555555
2024-07-23 00:00:00,24.8,91,63,267,6.111111111111111
2024-07-23 01:00:00,24.6,91,63,258,5.305555555555556
2024-07-23 02:00:00,24.4,92,63,263,6.027777777777778
2024-07-23 03:00:00,24.3,91,63,258,6.138888888888889
2024-07-23 04:00:00,24.2,92,63,246,5.361111111111112
2024-07-23 05:00:00,24.2,92,63,253,5.75
2024-07-23 06:00:00,24.8,89,3,255,4.75
2024-07-23 07:00:00,25.7,86,3,255,4.666666666666667
2024-07-23 08:00:00,26.8,82,3,265,5.611111111111111
2024-07-23 09:00:00,27.7,77,51,266,5.722222222222222
2024-07-23 10:00:00,28.5,73,3,267,5.5
2024-07-23 11:00:00,28.5,73,51,264,5.638888888888889
2024-07-23 12:00:00,28.0,80,61,258,4.694444444444444
2024-07-23 13:00:00,27.7,80,53,265,5.222222222222222
2024-07-23 14:00:00,27.9,79,51,260,4.777777777777778
2024-07-23 15:00:00,28.3,79,51,257,5.444444444444445
2024-07-23 16:00:00,28.4,76,51,256,5.444444444444445
2024-07-23 17:00:00,27.7,81,51,254,5.5
2024-07-23 18:00:00,26.6,85,51,253,4.166666666666667
2024-07-23 19:00:00,26.0,86,51,255,4.25
2024-07-23 20:00:00,25.6,87,3,248,4.305555555555555
2024-07-23 21:00:00,25.5,87,3,256,4.944444444444445
2024-07-23 22:00:00,25.5,85,3,261,4.861111111111111
2024-07-23 23:00:00,25.6,84,3,262,5.055555555555555
2024-07-24 00:00:00,25.5,85,3,264,5.027777777777778
2024-07-24 01:00:00,25.3,87,51,260,5.277777777777778
2024-07-24 02:00:00,25.0,87,53,256,5.555555555555555
2024-07-24 03:00:00,24.4,91,61,254,5.0
2024-07-24 04:00:00,24.3,92,61,253,4.722222222222222
2024-07-24 05:00:00,24.2,92,63,253,4.916666666666666
2024-07-24 06:00:00,24.6,94,53,247,3.3611111111111107
2024-07-24 07:00:00,24.6,94,53,243,3.7222222222222223
2024-07-24 08:00:00,25.6,89,51,249,4.722222222222222
2024-07-24 09:00:00,26.3,86,51,250,4.472222222222222
2024-07-24 10:00:00,26.5,88,51,241,4.555555555555555
2024-07-24 11:00:00,27.0,85,51,248,5.083333333333333
2024-07-24 12:00:00,28.4,79,51,255,5.083333333333333
2024-07-24 13:00:00,27.7,79,63,258,6.333333333333333
2024-07-24 14:00:00,27.0,84,53,250,5.305555555555556
2024-07-24 15:00:00,26.9,83,51,258,6.138888888888889
2024-07-24 16:00:00,26.1,87,53,256,6.194444444444445
2024-07-24 17:00:00,26.0,87,51,247,6.305555555555555
2024-07-24 18:00:00,24.9,91,53,251,4.861111111111111
2024-07-24 19:00:00,24.9,89,3,248,5.388888888888888
2024-07-24 20:00:00,24.9,89,3,251,5.194444444444444
2024-07-24 21:00:00,24.8,89,3,257,4.416666666666667
2024-07-24 22:00:00,24.7,89,3,250,4.694444444444444
2024-07-24 23:00:00,24.6,90,3,252,4.833333333333333
2024-07-25 00:00:00,24.5,90,3,253,4.805555555555555
2024-07-25 01:00:00,24.6,90,3,253,4.722222222222222
2024-07-25 02:00:00,24.7,89,3,257,4.305555555555555
2024-07-25 03:00:00,24.7,89,3,255,4.138888888888889
2024-07-25 04:00:00,24.5,89,3,254,4.277777777777778
2024-07-25 05:00:00,24.4,89,3,250,4.138888888888889
2024-07-25 06:00:00,25.0,89,3,252,3.5833333333333335
2024-07-25 07:00:00,26.1,85,3,256,3.8055555555555554
2024-07-25 08:00:00,26.9,81,51,270,4.694444444444444
2024-07-25 09:00:00,28.4,74,51,276,4.722222222222222
2024-07-25 10:00:00,29.7,70,51,280,4.166666666666667
2024-07-25 11:00:00,30.5,67,3,281,4.694444444444444
2024-07-25 12:00:00,31.3,64,3,275,4.416666666666667
2024-07-25 13:00:00,29.7,71,61,252,5.555555555555555
2024-07-25 14:00:00,28.8,79,55,235,3.6666666666666665
2024-07-25 15:00:00,30.0,71,51,257,5.444444444444445
2024-07-25 16:00:00,29.9,73,51,254,4.694444444444444
2024-07-25 17:00:00,29.7,70,51,255,4.333333333333333
2024-07-25 18:00:00,25.9,91,63,240,2.7777777777777777
2024-07-25 19:00:00,26.0,89,51,244,3.6666666666666665
2024-07-25 20:00:00,25.9,87,3,251,4.25
2024-07-25 21:00:00,25.6,86,3,262,4.25
2024-07-25 22:00:00,25.4,87,3,258,3.9722222222222223
2024-07-25 23:00:00,25.3,87,3,264,3.9166666666666665
2024-07-26 00:00:00,25.1,85,3,261,4.055555555555555
2024-07-26 01:00:00,24.9,84,3,267,4.0
2024-07-26 02:00:00,24.8,83,3,267,4.305555555555555
2024-07-26 03:00:00,24.8,84,3,267,4.194444444444445
2024-07-26 04:00:00,24.7,84,3,266,3.9166666666666665
2024-07-26 05:00:00,24.6,85,3,267,3.6944444444444446
2024-07-26 06:00:00,25.3,90,51,259,3.0555555555555554
2024-07-26 07:00:00,26.1,87,51,271,4.0
2024-07-26 08:00:00,26.9,83,51,275,3.7222222222222223
2024-07-26 09:00:00,26.5,88,55,280,3.555555555555556
2024-07-26 10:00:00,27.9,81,51,281,4.361111111111111
2024-07-26 11:00:00,27.5,83,61,284,4.111111111111112
2024-07-26 12:00:00,27.1,83,63,274,4.611111111111112
2024-07-26 13:00:00,27.5,85,53,266,4.305555555555555
2024-07-26 14:00:00,28.5,81,51,261,4.555555555555555
2024-07-26 15:00:00,28.7,76,53,251,5.277777777777778
2024-07-26 16:00:00,28.5,79,51,251,5.194444444444444
2024-07-26 17:00:00,28.3,80,51,254,4.361111111111111
2024-07-26 18:00:00,26.3,87,3,263,4.222222222222222
2024-07-26 19:00:00,25.9,85,51,268,4.805555555555555
2024-07-26 20:00:00,25.2,90,55,269,4.111111111111112
2024-07-26 21:00:00,25.0,90,51,270,3.888888888888889
2024-07-26 22:00:00,25.0,90,3,270,4.0
2024-07-26 23:00:00,24.8,90,3,272,3.8055555555555554
2024-07-27 00:00:00,24.9,89,3,270,4.0
2024-07-27 01:00:00,24.8,89,3,268,3.6944444444444446
2024-07-27 02:00:00,24.7,90,51,269,4.0
2024-07-27 03:00:00,24.4,93,53,268,3.5
2024-07-27 04:00:00,24.4,93,61,267,4.0
2024-07-27 05:00:00,24.5,93,55,277,4.333333333333333
2024-07-27 06:00:00,24.7,94,63,272,3.6944444444444446
2024-07-27 07:00:00,25.0,93,55,261,3.75
2024-07-27 08:00:00,25.8,92,53,271,4.805555555555555
2024-07-27 09:00:00,27.7,80,51,288,6.416666666666667
2024-07-27 10:00:00,28.0,82,51,276,4.527777777777778
2024-07-27 11:00:00,28.0,78,53,288,5.472222222222222
2024-07-27 12:00:00,27.3,84,55,277,4.944444444444445
2024-07-27 13:00:00,26.6,90,61,290,4.472222222222222
2024-07-27 14:00:00,26.6,90,61,286,4.777777777777778
2024-07-27 15:00:00,27.5,86,53,280,5.277777777777778
2024-07-27 16:00:00,28.0,83,51,277,4.638888888888888
2024-07-27 17:00:00,27.5,83,51,282,4.805555555555555
2024-07-27 18:00:00,25.3,90,61,281,4.583333333333333
2024-07-27 19:00:00,25.0,90,53,287,4.5
2024-07-27 20:00:00,24.9,88,53,283,4.416666666666667
2024-07-27 21:00:00,24.8,88,3,278,4.138888888888889
2024-07-27 22:00:00,24.5,91,61,271,4.111111111111112
2024-07-27 23:00:00,24.5,91,53,271,4.194444444444445
2024-07-28 00:00:00,24.4,90,51,269,4.111111111111112
2024-07-28 01:00:00,24.3,91,51,278,4.25
2024-07-28 02:00:00,24.5,90,61,278,4.444444444444445
2024-07-28 03:00:00,24.2,92,61,267,3.9166666666666665
2024-07-28 04:00:00,24.2,92,63,269,4.305555555555555
2024-07-28 05:00:00,24.1,93,63,262,4.25
2024-07-28 06:00:00,24.5,93,61,274,3.0
2024-07-28 07:00:00,24.8,92,53,280,2.944444444444444
2024-07-28 08:00:00,25.8,88,51,283,3.6944444444444446
2024-07-28 09:00:00,26.8,84,51,283,4.611111111111112
2024-07-28 10:00:00,26.3,90,55,265,3.7222222222222223
2024-07-28 11:00:00,27.1,84,55,278,4.861111111111111
2024-07-28 12:00:00,28.4,78,51,284,5.055555555555555
2024-07-28 13:00:00,28.1,81,51,283,5.027777777777778
2024-07-28 14:00:00,28.8,76,51,279,5.249999999999999
2024-07-28 15:00:00,28.2,80,51,267,4.194444444444445
2024-07-28 16:00:00,27.4,86,51,245,4.083333333333333
2024-07-28 17:00:00,27.2,88,51,241,4.333333333333333
2024-07-28 18:00:00,26.7,85,3,241,3.75
2024-07-28 19:00:00,25.8,90,3,230,3.416666666666667
2024-07-28 20:00:00,25.5,90,51,228,4.166666666666667
2024-07-28 21:00:00,25.3,91,51,230,4.333333333333333
2024-07-28 22:00:00,24.8,92,53,233,4.138888888888889
2024-07-28 23:00:00,24.0,94,51,229,4.25
2024-07-29 00:00:00,23.5,93,53,237,4.916666666666666
2024-07-29 01:00:00,23.4,92,61,236,5.055555555555555
2024-07-29 02:00:00,23.6,93,61,234,4.805555555555555
2024-07-29 03:00:00,23.7,94,61,235,4.388888888888889
2024-07-29 04:00:00,23.7,94,63,223,3.9722222222222223
2024-07-29 05:00:00,23.7,95,63,218,3.9166666666666665
2024-07-29 06:00:00,24.3,94,53,231,3.8333333333333335
2024-07-29 07:00:00,24.8,93,53,228,3.888888888888889
2024-07-29 08:00:00,25.8,88,53,238,4.5
2024-07-29 09:00:00,27.0,82,51,243,5.638888888888889
2024-07-29 10:00:00,28.1,77,51,247,5.777777777777778
2024-07-29 11:00:00,28.5,74,51,249,5.583333333333334
2024-07-29 12:00:00,29.8,69,3,251,4.861111111111111
2024-07-29 13:00:00,30.5,66,3,251,4.333333333333333
2024-07-29 14:00:00,30.4,68,51,242,3.8333333333333335
2024-07-29 15:00:00,29.5,73,51,225,2.5555555555555554
2024-07-29 16:00:00,30.3,69,2,213,2.75
2024-07-29 17:00:00,29.8,71,53,222,2.833333333333333
2024-07-29 18:00:00,27.4,81,3,281,1.027777777777778
2024-07-29 19:00:00,26.4,83,3,212,1.3055555555555556
2024-07-29 20:00:00,26.0,85,3,216,2.2222222222222223
2024-07-29 21:00:00,25.8,86,3,226,2.75
2024-07-29 22:00:00,25.6,87,3,223,2.3333333333333335
2024-07-29 23:00:00,25.4,89,3,229,2.138888888888889
2024-07-30 00:00:00,25.1,91,3,227,2.3333333333333335
2024-07-30 01:00:00,24.8,94,3,223,2.4722222222222223
2024-07-30 02:00:00,24.7,94,3,236,2.305555555555556
2024-07-30 03:00:00,24.6,95,3,231,2.055555555555556
2024-07-30 04:00:00,24.6,95,3,225,2.4166666666666665
2024-07-30 05:00:00,24.4,96,51,216,1.7222222222222223
2024-07-30 06:00:00,25.4,92,3,234,2.2222222222222223
2024-07-30 07:00:00,26.1,89,2,228,2.5555555555555554
2024-07-30 08:00:00,26.7,86,3,217,2.5
2024-07-30 09:00:00,27.4,84,3,222,2.5555555555555554
2024-07-30 10:00:00,27.7,82,51,233,3.138888888888889
2024-07-30 11:00:00,29.5,76,51,233,3.861111111111111
2024-07-30 12:00:00,30.2,73,51,243,3.5
2024-07-30 13:00:00,30.9,71,51,237,3.1111111111111107
2024-07-30 14:00:00,29.0,75,65,223,5.166666666666667
2024-07-30 15:00:00,27.5,85,63,236,2.305555555555556
2024-07-30 16:00:00,28.1,81,51,257,4.0
2024-07-30 17:00:00,27.6,82,51,261,2.0277777777777777
2024-07-30 18:00:00,27.6,86,51,243,0.888888888888889
2024-07-30 19:00:00,26.5,92,3,239,1.1666666666666667
2024-07-30 20:00:00,26.4,92,3,218,1.777777777777778
2024-07-30 21:00:00,26.4,90,3,238,2.4722222222222223
2024-07-30 22:00:00,26.1,90,3,233,2.5
2024-07-30 23:00:00,25.6,91,3,236,2.1666666666666665
2024-07-31 00:00:00,25.3,91,3,237,2.972222222222222
2024-07-31 01:00:00,25.1,91,3,231,2.5555555555555554
2024-07-31 02:00:00,25.0,92,3,244,2.5555555555555554
2024-07-31 03:00:00,25.1,92,3,246,2.7222222222222223
2024-07-31 04:00:00,25.1,91,3,252,2.833333333333333
2024-07-31 05:00:00,25.1,91,51,257,2.6666666666666665
2024-07-31 06:00:00,26.0,89,3,266,2.9166666666666665
2024-07-31 07:00:00,26.8,86,3,272,3.1111111111111107
2024-07-31 08:00:00,27.8,82,3,274,3.194444444444444
2024-07-31 09:00:00,28.5,78,3,288,3.1666666666666665
2024-07-31 10:00:00,28.7,75,3,297,3.0277777777777777
2024-07-31 11:00:00,29.7,71,3,299,2.861111111111111
2024-07-31 12:00:00,30.4,69,51,286,2.5833333333333335
2024-07-31 13:00:00,30.7,68,51,279,2.5277777777777777
2024-07-31 14:00:00,29.9,72,53,232,3.9166666666666665
2024-07-31 15:00:00,29.1,78,51,236,3.3888888888888884
2024-07-31 16:00:00,29.4,74,51,254,3.555555555555556
2024-07-31 17:00:00,28.7,79,51,283,2.1666666666666665
2024-07-31 18:00:00,26.9,87,51,238,0.9444444444444444
2024-07-31 19:00:00,26.2,91,3,213,1.6666666666666665
2024-07-31 20:00:00,25.9,93,53,221,2.138888888888889
2024-07-31 21:00:00,25.5,95,61,217,2.0
2024-07-31 22:00:00,25.4,94,61,227,1.9166666666666667
2024-07-31 23:00:00,25.3,96,63,210,2.4166666666666665
2024-08-01 00:00:00,25.2,94,53,248,2.9166666666666665
2024-08-01 01:00:00,24.8,95,53,249,2.7777777777777777
2024-08-01 02:00:00,24.7,95,61,260,2.833333333333333
2024-08-01 03:00:00,24.6,95,61,280,2.944444444444444
2024-08-01 04:00:00,24.6,94,61,274,3.1111111111111107
2024-08-01 05:00:00,24.5,94,55,268,3.3055555555555554
2024-08-01 06:00:00,24.9,94,63,252,2.611111111111111
2024-08-01 07:00:00,24.9,93,65,247,3.0555555555555554
2024-08-01 08:00:00,24.8,92,65,256,3.194444444444444
2024-08-01 09:00:00,25.0,93,61,247,3.2777777777777777
2024-08-01 10:00:00,25.6,90,55,252,3.888888888888889
2024-08-01 11:00:00,26.7,86,53,256,3.611111111111111
2024-08-01 12:00:00,27.6,82,51,258,4.194444444444445
2024-08-01 13:00:00,28.1,77,51,268,4.694444444444444
2024-08-01 14:00:00,27.6,79,53,266,4.5
2024-08-01 15:00:00,26.2,91,61,267,3.5
2024-08-01 16:00:00,26.3,90,55,259,3.1666666666666665
2024-08-01 17:00:00,26.2,91,61,257,2.5833333333333335
2024-08-01 18:00:00,25.5,93,53,233,2.638888888888889
2024-08-01 19:00:00,25.2,94,53,228,2.972222222222222
2024-08-01 20:00:00,25.0,94,53,245,3.083333333333333
2024-08-01 21:00:00,25.0,94,53,248,3.138888888888889
2024-08-01 22:00:00,25.0,94,51,243,3.0277777777777777
2024-08-01 23:00:00,24.8,95,53,253,3.4444444444444446
2024-08-02 00:00:00,24.7,95,53,254,3.555555555555556
2024-08-02 01:00:00,24.6,95,51,253,3.0277777777777777
2024-08-02 02:00:00,24.6,93,51,252,3.1666666666666665
2024-08-02 03:00:00,24.5,94,51,256,3.7222222222222223
2024-08-02 04:00:00,24.4,93,53,256,4.111111111111112
2024-08-02 05:00:00,24.3,93,53,250,4.138888888888889
2024-08-02 06:00:00,24.1,93,51,243,4.166666666666667
2024-08-02 07:00:00,24.4,91,51,250,4.138888888888889
2024-08-02 08:00:00,24.6,92,51,256,4.111111111111112
2024-08-02 09:00:00,25.4,88,51,256,4.944444444444445
2024-08-02 10:00:00,25.9,87,51,258,5.111111111111111
2024-08-02 11:00:00,26.0,84,53,258,5.111111111111111
2024-08-02 12:00:00,25.3,91,55,254,4.277777777777778
2024-08-02 13:00:00,25.6,91,61,254,3.944444444444444
2024-08-02 14:00:00,26.0,88,61,260,3.861111111111111
2024-08-02 15:00:00,25.9,90,55,258,3.4722222222222223
2024-08-02 16:00:00,25.8,91,55,252,3.9722222222222223
2024-08-02 17:00:00,25.4,92,55,243,3.7222222222222223
2024-08-02 18:00:00,25.7,89,51,246,4.472222222222222
2024-08-02 19:00:00,25.3,91,51,236,3.9722222222222223
2024-08-02 20:00:00,25.0,93,61,238,3.638888888888889
2024-08-02 21:00:00,24.9,94,63,245,3.861111111111111
2024-08-02 22:00:00,24.9,93,61,249,4.388888888888889
2024-08-02 23:00:00,24.8,93,53,246,4.916666666666666
2024-08-03 00:00:00,24.7,93,53,244,4.333333333333333
2024-08-03 01:00:00,24.4,94,53,233,3.861111111111111
2024-08-03 02:00:00,24.3,95,51,236,3.75
2024-08-03 03:00:00,24.2,95,51,235,3.6666666666666665
2024-08-03 04:00:00,24.2,94,51,233,3.7777777777777777
2024-08-03 05:00:00,24.1,93,51,236,4.111111111111112
2024-08-03 06:00:00,24.1,93,53,240,4.388888888888889
2024-08-03 07:00:00,24.3,93,61,236,4.333333333333333
2024-08-03 08:00:00,24.5,93,53,235,4.027777777777778
2024-08-03 09:00:00,25.5,87,53,242,4.75
2024-08-03 10:00:00,25.6,88,53,252,4.527777777777778
2024-08-03 11:00:00,25.7,89,53,247,4.666666666666667
2024-08-03 12:00:00,25.9,88,53,248,4.833333333333333
2024-08-03 13:00:00,26.7,84,51,241,4.555555555555555
2024-08-03 14:00:00,27.6,79,3,241,5.138888888888888
2024-08-03 15:00:00,27.7,75,53,253,5.666666666666666
2024-08-03 16:00:00,26.9,82,51,244,5.111111111111111
2024-08-03 17:00:00,26.0,86,55,249,5.138888888888888
2024-08-03 18:00:00,24.9,91,53,247,4.805555555555555
2024-08-03 19:00:00,24.6,92,51,243,4.25
2024-08-03 20:00:00,24.7,91,51,247,4.333333333333333
2024-08-03 21:00:00,24.6,92,51,245,3.75
2024-08-03 22:00:00,24.4,93,53,235,3.8055555555555554
2024-08-03 23:00:00,24.3,94,53,228,4.611111111111112
2024-08-04 00:00:00,24.4,94,51,228,4.611111111111112
2024-08-04 01:00:00,24.3,94,51,230,4.472222222222222
2024-08-04 02:00:00,24.2,94,51,226,4.583333333333333
2024-08-04 03:00:00,24.1,94,51,226,4.75
2024-08-04 04:00:00,23.9,93,51,232,4.972222222222221
2024-08-04 05:00:00,23.8,93,51,227,4.666666666666667
2024-08-04 06:00:00,24.1,95,63,219,4.472222222222222
2024-08-04 07:00:00,24.1,94,65,219,4.916666666666666
2024-08-04 08:00:00,24.2,94,65,219,5.055555555555555
2024-08-04 09:00:00,24.5,94,65,220,5.333333333333333
2024-08-04 10:00:00,24.9,93,63,221,5.444444444444445
2024-08-04 11:00:00,26.1,85,51,233,6.638888888888888
2024-08-04 12:00:00,26.5,84,53,233,5.777777777777778
2024-08-04 13:00:00,25.5,92,55,229,4.888888888888889
2024-08-04 14:00:00,26.5,86,51,237,5.638888888888889
2024-08-04 15:00:00,27.2,81,51,244,5.555555555555555
2024-08-04 16:00:00,27.3,80,53,242,4.888888888888889
2024-08-04 17:00:00,26.5,84,3,232,3.416666666666667
2024-08-04 18:00:00,25.4,88,51,222,4.611111111111112
2024-08-04 19:00:00,25.0,91,51,221,3.8333333333333335
2024-08-04 20:00:00,24.9,91,51,221,3.8333333333333335
2024-08-04 21:00:00,24.7,92,53,222,3.611111111111111
2024-08-04 22:00:00,24.6,93,51,221,3.6944444444444446
2024-08-04 23:00:00,24.3,94,51,215,3.6666666666666665
2024-08-05 00:00:00,24.2,93,51,218,3.555555555555556
2024-08-05 01:00:00,23.8,95,53,219,3.4722222222222223
2024-08-05 02:00:00,23.8,94,61,212,3.7777777777777777
2024-08-05 03:00:00,23.6,95,53,217,3.861111111111111
2024-08-05 04:00:00,23.7,94,51,220,4.055555555555555
2024-08-05 05:00:00,23.5,95,51,221,3.4722222222222223
2024-08-05 06:00:00,24.6,91,3,221,3.0555555555555554
2024-08-05 07:00:00,25.8,85,3,235,3.8055555555555554
2024-08-05 08:00:00,26.6,82,3,238,4.138888888888889
2024-08-05 09:00:00,27.5,77,3,245,4.416666666666667
2024-08-05 10:00:00,28.5,73,51,252,4.611111111111112
2024-08-05 11:00:00,29.3,72,51,242,3.9722222222222223
2024-08-05 12:00:00,29.1,73,51,237,3.8333333333333335
2024-08-05 13:00:00,30.3,69,3,237,4.194444444444445
2024-08-05 14:00:00,30.5,68,51,235,4.027777777777778
2024-08-05 15:00:00,28.4,78,61,280,4.472222222222222
2024-08-05 16:00:00,28.3,79,51,236,3.2499999999999996
2024-08-05 17:00:00,27.9,81,3,212,2.611111111111111
2024-08-05 18:00:00,27.6,82,3,211,3.138888888888889
2024-08-05 19:00:00,26.8,85,3,228,3.1111111111111107
2024-08-05 20:00:00,26.2,87,3,233,2.138888888888889
2024-08-05 21:00:00,25.6,91,3,219,2.1944444444444446
2024-08-05 22:00:00,25.4,91,3,234,2.361111111111111
2024-08-05 23:00:00,25.2,92,3,231,2.5555555555555554
2024-08-06 00:00:00,25.0,93,3,239,3.138888888888889
2024-08-06 01:00:00,24.9,92,3,240,3.0
2024-08-06 02:00:00,24.7,91,3,248,2.9166666666666665
2024-08-06 03:00:00,24.7,90,3,251,2.75
2024-08-06 04:00:00,24.5,90,3,255,2.388888888888889
2024-08-06 05:00:00,24.4,90,3,265,2.2222222222222223
2024-08-06 06:00:00,25.2,88,3,268,2.8055555555555554
2024-08-06 07:00:00,26.0,86,3,247,2.611111111111111
2024-08-06 08:00:00,26.9,81,3,261,3.944444444444444
2024-08-06 09:00:00,28.0,76,3,265,3.8055555555555554
2024-08-06 10:00:00,29.1,71,51,274,4.0
2024-08-06 11:00:00,30.5,67,51,281,3.7777777777777777
2024-08-06 12:00:00,31.0,64,51,278,3.5277777777777777
2024-08-06 13:00:00,31.4,62,3,277,3.8333333333333335
2024-08-06 14:00:00,31.3,62,3,276,3.9166666666666665
2024-08-06 15:00:00,30.9,64,51,266,2.694444444444444
2024-08-06 16:00:00,28.6,75,61,274,3.9166666666666665
2024-08-06 17:00:00,27.7,78,51,266,1.611111111111111
2024-08-06 18:00:00,25.9,87,51,246,2.1944444444444446
2024-08-06 19:00:00,25.4,91,51,242,1.9166666666666667
2024-08-06 20:00:00,25.4,93,51,230,1.5555555555555554
2024-08-06 21:00:00,25.3,94,51,238,2.25
2024-08-06 22:00:00,25.2,93,3,250,2.6666666666666665
2024-08-06 23:00:00,25.1,92,51,253,2.4166666666666665
2024-08-07 00:00:00,24.9,93,51,251,2.4444444444444446
2024-08-07 01:00:00,24.8,94,51,256,2.4722222222222223
2024-08-07 02:00:00,24.7,93,3,265,2.5
2024-08-07 03:00:00,24.5,93,51,246,2.1944444444444446
2024-08-07 04:00:00,24.0,95,51,233,3.138888888888889
2024-08-07 05:00:00,23.7,94,51,272,2.888888888888889
2024-08-07 06:00:00,24.2,92,51,279,1.9166666666666667
2024-08-07 07:00:00,25.3,88,3,263,2.611111111111111
2024-08-07 08:00:00,26.6,82,3,281,3.7777777777777777
2024-08-07 09:00:00,27.3,78,51,291,3.861111111111111
2024-08-07 10:00:00,28.1,75,51,298,3.1666666666666665
2024-08-07 11:00:00,27.5,79,53,280,2.75
2024-08-07 12:00:00,28.3,76,51,304,3.0277777777777777
2024-08-07 13:00:00,28.0,75,53,318,2.5555555555555554
2024-08-07 14:00:00,28.0,78,53,250,1.5
2024-08-07 15:00:00,27.7,80,51,235,1.5833333333333333
2024-08-07 16:00:00,26.5,87,61,225,1.972222222222222
2024-08-07 17:00:00,26.1,91,63,225,1.8333333333333333
2024-08-07 18:00:00,25.4,93,55,255,1.5555555555555554
2024-08-07 19:00:00,25.0,95,55,225,2.4166666666666665
2024-08-07 20:00:00,24.7,94,53,232,2.9166666666666665
2024-08-07 21:00:00,24.5,94,51,244,3.222222222222222
2024-08-07 22:00:00,24.6,94,51,252,3.1666666666666665
2024-08-07 23:00:00,24.6,95,51,247,2.833333333333333
2024-08-08 00:00:00,24.5,95,53,248,2.694444444444444
2024-08-08 01:00:00,24.4,95,51,254,2.5
2024-08-08 02:00:00,24.3,95,51,259,2.638888888888889
2024-08-08 03:00:00,24.2,95,53,270,2.611111111111111
2024-08-08 04:00:00,24.1,94,51,268,2.611111111111111
2024-08-08 05:00:00,24.1,94,51,268,2.5
2024-08-08 06:00:00,24.5,92,3,278,2.833333333333333
2024-08-08 07:00:00,25.6,87,51,279,3.2499999999999996
2024-08-08 08:00:00,26.3,85,51,276,2.7222222222222223
2024-08-08 09:00:00,27.3,82,51,284,2.972222222222222
2024-08-08 10:00:00,27.8,77,53,298,3.611111111111111
2024-08-08 11:00:00,26.6,82,63,286,4.055555555555555
2024-08-08 12:00:00,26.1,86,63,283,3.083333333333333
2024-08-08 13:00:00,28.3,81,53,275,3.416666666666667
2024-08-08 14:00:00,27.1,82,61,303,3.6944444444444446
2024-08-08 15:00:00,26.7,85,61,294,3.944444444444444
2024-08-08 16:00:00,25.9,90,55,278,3.4444444444444446
2024-08-08 17:00:00,26.2,87,51,286,3.555555555555556
2024-08-08 18:00:00,26.0,86,3,275,2.305555555555556
2024-08-08 19:00:00,25.5,87,3,285,1.972222222222222
2024-08-08 20:00:00,24.8,87,3,288,2.0
2024-08-08 21:00:00,24.4,89,3,260,2.3333333333333335
2024-08-08 22:00:00,24.1,92,3,252,2.305555555555556
2024-08-08 23:00:00,23.9,94,3,255,2.2777777777777777
2024-08-09 00:00:00,23.8,93,3,267,2.1944444444444446
2024-08-09 01:00:00,23.8,92,3,275,2.5
2024-08-09 02:00:00,23.3,94,3,279,1.8333333333333333
2024-08-09 03:00:00,22.9,96,3,279,1.9166666666666667
2024-08-09 04:00:00,22.8,96,3,279,2.0277777777777777
2024-08-09 05:00:00,22.7,96,3,273,1.8055555555555556
2024-08-09 06:00:00,23.6,92,3,283,2.1666666666666665
2024-08-09 07:00:00,24.9,85,3,283,2.5833333333333335
2024-08-09 08:00:00,26.1,79,3,293,3.5833333333333335
2024-08-09 09:00:00,27.6,73,51,297,3.0277777777777777
2024-08-09 10:00:00,28.7,68,51,293,2.833333333333333
2024-08-09 11:00:00,29.2,68,51,270,2.611111111111111
2024-08-09 12:00:00,29.2,68,51,266,3.1111111111111107
2024-08-09 13:00:00,29.5,65,51,272,2.5
2024-08-09 14:00:00,28.9,68,51,256,3.194444444444444
2024-08-09 15:00:00,28.3,74,51,258,2.4444444444444446
2024-08-09 16:00:00,28.5,73,3,253,3.4444444444444446
2024-08-09 17:00:00,27.2,80,3,268,3.0
2024-08-09 18:00:00,26.8,84,3,252,2.5277777777777777
2024-08-09 19:00:00,26.0,86,3,246,2.4166666666666665
2024-08-09 20:00:00,25.7,86,3,249,2.25
2024-08-09 21:00:00,25.4,86,3,249,2.4722222222222223
2024-08-09 22:00:00,25.0,87,3,248,2.694444444444444
2024-08-09 23:00:00,24.6,87,3,260,2.944444444444444
2024-08-10 00:00:00,24.3,89,3,265,2.5
2024-08-10 01:00:00,24.0,91,3,272,2.305555555555556
2024-08-10 02:00:00,23.8,92,3,276,1.9166666666666667
2024-08-10 03:00:00,23.5,94,3,256,1.6388888888888888
2024-08-10 04:00:00,23.6,94,51,245,1.8888888888888888
2024-08-10 05:00:00,23.4,95,3,234,1.8611111111111112
2024-08-10 06:00:00,24.3,91,3,231,1.9166666666666667
2024-08-10 07:00:00,24.6,89,51,240,2.4166666666666665
2024-08-10 08:00:00,25.2,87,51,262,2.7222222222222223
2024-08-10 09:00:00,26.4,83,53,255,2.388888888888889
2024-08-10 10:00:00,26.4,86,61,254,1.777777777777778
2024-08-10 11:00:00,27.5,78,51,261,1.8333333333333333
2024-08-10 12:00:00,29.0,72,51,246,2.1944444444444446
2024-08-10 13:00:00,29.8,71,51,217,2.638888888888889
2024-08-10 14:00:00,29.8,72,51,277,3.138888888888889
2024-08-10 15:00:00,27.8,76,63,262,3.638888888888889
2024-08-10 16:00:00,27.6,81,53,248,1.8333333333333333
2024-08-10 17:00:00,27.9,82,3,247,2.611111111111111
2024-08-10 18:00:00,26.2,83,2,243,3.0277777777777777
2024-08-10 19:00:00,25.5,85,2,247,2.611111111111111
2024-08-10 20:00:00,25.2,86,3,251,2.75
2024-08-10 21:00:00,24.8,87,3,250,2.888888888888889
2024-08-10 22:00:00,24.6,89,3,249,2.7777777777777777
2024-08-10 23:00:00,24.6,90,3,263,2.4166666666666665
2024-08-11 00:00:00,24.6,90,3,258,2.361111111111111
2024-08-11 01:00:00,24.5,91,3,248,2.388888888888889
2024-08-11 02:00:00,24.0,94,3,251,2.111111111111111
2024-08-11 03:00:00,24.0,94,3,248,2.1666666666666665
2024-08-11 04:00:00,23.9,94,3,239,2.111111111111111
2024-08-11 05:00:00,23.8,95,3,227,1.777777777777778
2024-08-11 06:00:00,24.0,95,61,219,2.5555555555555554
2024-08-11 07:00:00,24.3,94,61,244,3.4444444444444446
2024-08-11 08:00:00,24.8,91,53,243,3.3611111111111107
2024-08-11 09:00:00,26.7,85,51,238,3.194444444444444
2024-08-11 10:00:00,27.8,78,51,251,3.611111111111111
2024-08-11 11:00:00,29.3,73,51,254,3.75
2024-08-11 12:00:00,29.9,69,51,257,3.5833333333333335
2024-08-11 13:00:00,28.1,75,65,237,4.277777777777778
2024-08-11 14:00:00,27.3,81,63,256,3.3055555555555554
2024-08-11 15:00:00,28.9,71,51,262,4.333333333333333
2024-08-11 16:00:00,28.6,74,51,273,4.0
2024-08-11 17:00:00,28.3,77,51,273,3.416666666666667
2024-08-11 18:00:00,27.1,79,3,292,2.694444444444444
2024-08-11 19:00:00,26.3,81,3,273,1.8888888888888888
2024-08-11 20:00:00,25.7,85,3,247,1.5277777777777777
2024-08-11 21:00:00,25.3,88,3,225,1.8333333333333333
2024-08-11 22:00:00,24.9,91,3,225,1.972222222222222
2024-08-11 23:00:00,24.6,93,3,233,2.0
2024-08-12 00:00:00,24.4,94,3,234,2.2222222222222223
2024-08-12 01:00:00,24.3,94,3,241,2.2777777777777777
2024-08-12 02:00:00,24.2,94,3,243,2.2222222222222223
2024-08-12 03:00:00,23.9,94,3,253,2.0833333333333335
2024-08-12 04:00:00,23.8,94,3,260,1.7222222222222223
2024-08-12 05:00:00,23.8,94,3,253,1.6666666666666665
2024-08-12 06:00:00,24.5,92,3,267,2.111111111111111
2024-08-12 07:00:00,25.6,87,3,264,2.0
2024-08-12 08:00:00,26.7,84,3,257,1.75
2024-08-12 09:00:00,28.0,79,3,264,1.9166666666666667
2024-08-12 10:00:00,29.4,72,51,270,2.388888888888889
2024-08-12 11:00:00,29.6,70,3,258,2.4444444444444446
2024-08-12 12:00:00,30.1,68,51,245,2.861111111111111
2024-08-12 13:00:00,30.1,68,51,248,3.222222222222222
2024-08-12 14:00:00,29.9,68,53,244,3.222222222222222
2024-08-12 15:00:00,30.5,65,51,261,3.333333333333333
2024-08-12 16:00:00,30.6,64,2,268,3.194444444444444
2024-08-12 17:00:00,30.2,68,3,267,2.1944444444444446
2024-08-12 18:00:00,28.3,83,3,266,1.4166666666666665
2024-08-12 19:00:00,26.9,86,3,273,1.6944444444444442
2024-08-12 20:00:00,26.4,85,3,241,1.25
2024-08-12 21:00:00,26.1,84,3,245,1.6666666666666665
2024-08-12 22:00:00,25.9,84,3,261,1.9166666666666667
2024-08-12 23:00:00,25.5,86,3,267,2.0
2024-08-13 00:00:00,25.3,87,3,270,2.111111111111111
2024-08-13 01:00:00,25.1,88,3,265,2.2222222222222223
2024-08-13 02:00:00,24.9,88,3,288,2.0
2024-08-13 03:00:00,24.7,89,3,304,1.8055555555555556
2024-08-13 04:00:00,24.4,91,3,298,1.472222222222222
2024-08-13 05:00:00,24.2,93,3,297,1.3333333333333333
2024-08-13 06:00:00,25.2,90,3,307,2.0
2024-08-13 07:00:00,26.3,85,3,298,1.472222222222222
2024-08-13 08:00:00,27.3,81,3,294,2.1944444444444446
2024-08-13 09:00:00,28.3,76,3,295,2.111111111111111
2024-08-13 10:00:00,29.8,72,3,281,1.6388888888888888
2024-08-13 11:00:00,30.4,69,3,261,1.3055555555555556
2024-08-13 12:00:00,30.7,68,3,239,1.75
2024-08-13 13:00:00,28.4,79,61,233,3.7777777777777777
2024-08-13 14:00:00,29.8,72,51,241,3.083333333333333
2024-08-13 15:00:00,30.5,69,3,248,3.138888888888889
2024-08-13 16:00:00,30.5,68,51,255,3.416666666666667
2024-08-13 17:00:00,29.8,72,51,266,2.694444444444444
2024-08-13 18:00:00,28.5,83,3,305,1.2222222222222223
2024-08-13 19:00:00,27.6,85,3,299,1.25
2024-08-13 20:00:00,27.3,87,3,241,1.25
2024-08-13 21:00:00,26.7,89,3,238,1.3055555555555556
2024-08-13 22:00:00,26.5,89,3,265,1.1944444444444444
2024-08-13 23:00:00,26.2,89,3,270,1.5
2024-08-14 00:00:00,26.0,90,3,270,1.3888888888888888
2024-08-14 01:00:00,25.7,90,3,274,1.4166666666666665
2024-08-14 02:00:00,25.6,90,3,277,1.611111111111111
2024-08-14 03:00:00,25.5,91,3,286,1.4444444444444444
2024-08-14 04:00:00,25.6,91,3,260,1.1111111111111112
2024-08-14 05:00:00,25.2,91,61,202,1.8333333333333333
2024-08-14 06:00:00,26.2,90,3,303,1.6666666666666665
2024-08-14 07:00:00,27.1,87,3,322,1.1388888888888888
2024-08-14 08:00:00,28.5,81,3,309,1.2777777777777777
2024-08-14 09:00:00,29.2,78,51,295,1.6666666666666665
2024-08-14 10:00:00,30.2,74,51,290,2.0277777777777777
2024-08-14 11:00:00,31.2,67,51,258,1.4444444444444444
2024-08-14 12:00:00,27.1,86,63,230,4.555555555555555
2024-08-14 13:00:00,27.4,83,63,282,1.4444444444444444
2024-08-14 14:00:00,26.8,90,53,321,2.055555555555556
2024-08-14 15:00:00,27.2,90,53,287,2.4166666666666665
2024-08-14 16:00:00,27.6,86,51,282,1.9444444444444444
2024-08-14 17:00:00,27.4,86,51,239,1.1666666666666667
2024-08-14 18:00:00,26.3,92,51,193,0.9166666666666666
2024-08-14 19:00:00,25.7,95,3,209,1.027777777777778
2024-08-14 20:00:00,26.3,90,3,225,0.8611111111111112
2024-08-14 21:00:00,25.8,94,51,165,1.1388888888888888
2024-08-14 22:00:00,25.7,96,53,204,1.75
2024-08-14 23:00:00,25.6,97,61,205,1.4444444444444444
2024-08-15 00:00:00,25.5,98,53,197,1.3611111111111112
2024-08-15 01:00:00,25.3,99,51,204,1.75
2024-08-15 02:00:00,25.2,98,51,229,1.972222222222222
2024-08-15 03:00:00,25.1,98,3,221,1.972222222222222
2024-08-15 04:00:00,25.0,98,3,236,2.305555555555556
2024-08-15 05:00:00,25.1,96,51,241,1.8333333333333333
2024-08-15 06:00:00,26.0,95,3,278,1.5
2024-08-15 07:00:00,26.8,92,51,247,0.75
2024-08-15 08:00:00,27.7,88,51,261,1.2222222222222223
2024-08-15 09:00:00,28.4,87,55,266,1.3055555555555556
2024-08-15 10:00:00,29.3,77,51,293,2.2777777777777777
2024-08-15 11:00:00,29.6,74,51,258,2.361111111111111
2024-08-15 12:00:00,27.2,84,65,194,3.3888888888888884
2024-08-15 13:00:00,26.5,94,61,174,2.7222222222222223
2024-08-15 14:00:00,27.9,91,53,187,2.4166666666666665
2024-08-15 15:00:00,28.4,89,61,202,2.1666666666666665
2024-08-15 16:00:00,26.6,88,63,244,2.7777777777777777
2024-08-15 17:00:00,26.2,93,61,200,1.5
2024-08-15 18:00:00,26.3,94,61,219,1.4166666666666665
2024-08-15 19:00:00,26.1,95,55,241,1.25
2024-08-15 20:00:00,25.9,95,61,236,1.0833333333333333
2024-08-15 21:00:00,25.8,95,61,221,1.0555555555555556
2024-08-15 22:00:00,25.6,95,61,216,1.3611111111111112
2024-08-15 23:00:00,25.5,96,61,220,1.5555555555555554
2024-08-16 00:00:00,25.3,96,55,216,1.8611111111111112
2024-08-16 01:00:00,25.2,96,53,225,1.2777777777777777
2024-08-16 02:00:00,25.0,97,51,225,1.5555555555555554
2024-08-16 03:00:00,24.8,98,51,230,1.6944444444444442
2024-08-16 04:00:00,24.6,98,3,229,2.138888888888889
2024-08-16 05:00:00,24.6,99,3,236,1.8055555555555556
2024-08-16 06:00:00,25.0,98,3,225,1.8333333333333333
2024-08-16 07:00:00,26.3,92,3,227,1.777777777777778
2024-08-16 08:00:00,27.2,90,3,210,1.611111111111111
2024-08-16 09:00:00,28.2,84,3,232,1.777777777777778
2024-08-16 10:00:00,29.2,75,3,264,1.0
2024-08-16 11:00:00,28.8,75,51,235,1.9444444444444444
2024-08-16 12:00:00,26.5,87,61,229,2.7777777777777777
2024-08-16 13:00:00,26.8,85,51,226,3.0277777777777777
2024-08-16 14:00:00,27.2,81,51,231,2.833333333333333
2024-08-16 15:00:00,27.6,81,51,247,3.0555555555555554
2024-08-16 16:00:00,28.5,77,3,265,2.5
2024-08-16 17:00:00,28.3,77,3,255,2.388888888888889
2024-08-16 18:00:00,26.6,87,3,220,1.6944444444444442
2024-08-16 19:00:00,26.0,90,51,197,1.0555555555555556
2024-08-16 20:00:00,25.5,93,51,209,1.027777777777778
2024-08-16 21:00:00,25.5,94,53,217,1.5
2024-08-16 22:00:00,25.4,95,53,218,1.6388888888888888
2024-08-16 23:00:00,25.3,96,51,211,1.1666666666666667
2024-08-17 00:00:00,25.2,97,51,231,1.4166666666666665
2024-08-17 01:00:00,25.1,97,51,228,1.5
2024-08-17 02:00:00,25.0,98,3,220,1.5555555555555554
2024-08-17 03:00:00,24.9,98,3,232,1.6388888888888888
2024-08-17 04:00:00,25.0,97,51,238,1.5277777777777777
2024-08-17 05:00:00,24.9,96,3,261,1.3055555555555556
2024-08-17 06:00:00,25.3,96,3,204,0.9722222222222222
2024-08-17 07:00:00,25.9,92,3,225,1.972222222222222
2024-08-17 08:00:00,26.9,87,3,223,1.777777777777778
2024-08-17 09:00:00,27.3,85,3,229,1.972222222222222
2024-08-17 10:00:00,29.1,78,51,225,2.4166666666666665
2024-08-17 11:00:00,29.9,71,51,223,1.777777777777778
2024-08-17 12:00:00,29.0,74,55,234,3.222222222222222
2024-08-17 13:00:00,29.2,76,55,251,2.111111111111111
2024-08-17 14:00:00,29.8,74,51,250,2.972222222222222
2024-08-17 15:00:00,30.0,71,51,253,3.138888888888889
2024-08-17 16:00:00,30.2,68,3,252,2.5277777777777777
2024-08-17 17:00:00,29.9,71,3,245,1.4444444444444444
2024-08-17 18:00:00,28.4,87,3,255,1.1388888888888888
2024-08-17 19:00:00,27.2,87,3,216,1.3611111111111112
2024-08-17 20:00:00,26.9,86,3,210,1.611111111111111
2024-08-17 21:00:00,26.8,86,3,209,2.055555555555556
2024-08-17 22:00:00,26.7,85,3,214,2.305555555555556
2024-08-17 23:00:00,26.5,86,3,223,2.3333333333333335
2024-08-18 00:00:00,26.2,87,3,231,1.9166666666666667
2024-08-18 01:00:00,26.0,89,3,246,1.75
2024-08-18 02:00:00,25.7,90,3,247,1.5277777777777777
2024-08-18 03:00:00,25.6,90,3,263,1.7222222222222223
2024-08-18 04:00:00,25.3,91,2,301,2.111111111111111
2024-08-18 05:00:00,25.1,91,3,315,2.25
2024-08-18 06:00:00,25.8,90,3,285,1.1388888888888888
2024-08-18 07:00:00,26.8,87,3,281,1.027777777777778
2024-08-18 08:00:00,28.2,82,51,221,0.9166666666666666
2024-08-18 09:00:00,28.1,83,51,218,1.1388888888888888
2024-08-18 10:00:00,28.9,80,51,180,0.6111111111111112
2024-08-18 11:00:00,29.8,78,51,117,0.4444444444444445
2024-08-18 12:00:00,30.2,76,51,189,0.6111111111111112
2024-08-18 13:00:00,28.5,79,63,249,2.5555555555555554
2024-08-18 14:00:00,27.9,84,61,320,0.7777777777777777
2024-08-18 15:00:00,27.9,83,3,324,1.3611111111111112
2024-08-18 16:00:00,28.0,82,51,326,1.8055555555555556
2024-08-18 17:00:00,28.3,80,3,344,1.8611111111111112
2024-08-18 18:00:00,27.9,82,3,315,1.2777777777777777
2024-08-18 19:00:00,26.9,88,3,325,1.2222222222222223
2024-08-18 20:00:00,26.7,89,3,27,1.5555555555555554
2024-08-18 21:00:00,26.2,91,3,56,1.0833333333333333
2024-08-18 22:00:00,26.0,92,3,360,0.6944444444444444
2024-08-18 23:00:00,25.4,94,3,18,0.9444444444444444
2024-08-19 00:00:00,24.9,96,3,7,0.8055555555555555
2024-08-19 01:00:00,24.6,97,3,326,0.7222222222222222
2024-08-19 02:00:00,24.6,97,3,336,0.9722222222222222
2024-08-19 03:00:00,24.2,98,3,347,0.9166666666666666
2024-08-19 04:00:00,24.3,98,3,6,1.0
2024-08-19 05:00:00,24.3,96,51,6,2.0
2024-08-19 06:00:00,25.3,96,3,259,1.027777777777778
2024-08-19 07:00:00,26.5,91,3,300,0.8055555555555555
2024-08-19 08:00:00,27.9,83,51,290,1.5
2024-08-19 09:00:00,28.8,77,51,307,2.0
2024-08-19 10:00:00,29.7,74,51,311,1.8333333333333333
2024-08-19 11:00:00,30.8,70,51,326,1.8055555555555556
2024-08-19 12:00:00,31.2,68,51,317,1.6388888888888888
2024-08-19 13:00:00,31.5,65,51,315,0.6944444444444444
2024-08-19 14:00:00,32.1,62,3,297,0.22222222222222224
2024-08-19 15:00:00,27.6,87,61,47,2.055555555555556
2024-08-19 16:00:00,27.7,86,51,315,0.8611111111111112
2024-08-19 17:00:00,27.7,85,51,318,1.1944444444444444
2024-08-19 18:00:00,26.8,85,51,111,1.9444444444444444
2024-08-19 19:00:00,25.9,89,51,177,2.1944444444444446
2024-08-19 20:00:00,24.9,93,63,212,2.833333333333333
2024-08-19 21:00:00,24.9,94,51,216,2.2222222222222223
2024-08-19 22:00:00,24.8,95,51,225,2.4166666666666665
2024-08-19 23:00:00,24.7,96,3,248,1.8333333333333333
2024-08-20 00:00:00,24.3,98,3,229,1.0555555555555556
2024-08-20 01:00:00,24.5,98,3,198,1.5833333333333333
2024-08-20 02:00:00,24.4,98,3,243,1.3333333333333333
2024-08-20 03:00:00,24.3,98,3,302,1.3055555555555556
2024-08-20 04:00:00,24.1,98,3,304,1.0833333333333333
2024-08-20 05:00:00,24.0,98,3,301,1.1666666666666667
2024-08-20 06:00:00,24.8,93,3,301,1.1666666666666667
2024-08-20 07:00:00,26.0,87,3,323,2.0
2024-08-20 08:00:00,27.4,82,3,342,0.9444444444444444
2024-08-20 09:00:00,28.2,79,3,225,0.1388888888888889
2024-08-20 10:00:00,29.3,77,51,194,0.8333333333333333
2024-08-20 11:00:00,29.5,75,51,184,1.611111111111111
2024-08-20 12:00:00,30.5,70,51,195,1.972222222222222
2024-08-20 13:00:00,26.9,84,63,198,2.0
2024-08-20 14:00:00,28.2,81,53,222,2.972222222222222
2024-08-20 15:00:00,28.7,78,51,249,1.7222222222222223
2024-08-20 16:00:00,29.3,76,3,253,1.6666666666666665
2024-08-20 17:00:00,29.0,76,3,261,1.9166666666666667
2024-08-20 18:00:00,28.5,84,3,360,0.888888888888889
2024-08-20 19:00:00,27.4,88,3,29,1.027777777777778
2024-08-20 20:00:00,27.4,88,3,77,0.9166666666666666
2024-08-20 21:00:00,26.8,91,53,210,0.8055555555555555
2024-08-20 22:00:00,26.7,90,51,360,0.3055555555555556
2024-08-20 23:00:00,26.4,92,3,259,0.5
2024-08-21 00:00:00,25.3,96,61,333,1.5555555555555554
2024-08-21 01:00:00,25.1,97,53,347,0.9166666666666666
2024-08-21 02:00:00,24.9,97,51,153,0.888888888888889
2024-08-21 03:00:00,24.8,98,51,188,0.6944444444444444
2024-08-21 04:00:00,24.6,98,55,204,1.1944444444444444
2024-08-21 05:00:00,24.7,97,51,219,1.4166666666666665
2024-08-21 06:00:00,25.3,96,3,171,1.2222222222222223
2024-08-21 07:00:00,26.4,90,3,203,2.055555555555556
2024-08-21 08:00:00,27.5,87,3,196,2.1944444444444446
2024-08-21 09:00:00,28.6,80,3,201,2.25
2024-08-21 10:00:00,29.3,76,3,212,1.8888888888888888
2024-08-21 11:00:00,30.0,73,3,229,2.138888888888889
2024-08-21 12:00:00,30.7,71,51,221,2.138888888888889
2024-08-21 13:00:00,30.8,69,51,208,2.138888888888889
2024-08-21 14:00:00,30.9,68,3,212,2.25
2024-08-21 15:00:00,29.0,79,61,169,1.5277777777777777
2024-08-21 16:00:00,28.7,81,3,189,1.8333333333333333
2024-08-21 17:00:00,28.6,81,3,197,1.3611111111111112
2024-08-21 18:00:00,28.6,83,3,129,1.4166666666666665
2024-08-21 19:00:00,27.5,91,3,281,0.5
2024-08-21 20:00:00,27.1,92,3,315,0.8611111111111112
2024-08-21 21:00:00,26.6,95,3,337,0.75
2024-08-21 22:00:00,26.5,95,3,45,0.41666666666666663
2024-08-21 23:00:00,25.9,98,3,40,0.7777777777777777
2024-08-22 00:00:00,25.8,99,3,31,0.5833333333333334
2024-08-22 01:00:00,25.8,99,3,270,0.5
2024-08-22 02:00:00,25.5,99,3,282,1.9444444444444444
2024-08-22 03:00:00,25.2,97,51,225,1.0
2024-08-22 04:00:00,25.0,97,51,293,0.75
2024-08-22 05:00:00,25.2,96,3,270,1.0
2024-08-22 06:00:00,25.7,96,3,5,1.1111111111111112
2024-08-22 07:00:00,26.1,93,3,27,0.4444444444444445
2024-08-22 08:00:00,26.9,90,3,117,1.1111111111111112
2024-08-22 09:00:00,28.9,80,51,185,1.1111111111111112
2024-08-22 10:00:00,29.3,78,51,165,1.1388888888888888
2024-08-22 11:00:00,29.4,76,51,209,1.25
2024-08-22 12:00:00,29.3,77,3,189,1.2222222222222223
2024-08-22 13:00:00,30.0,74,51,204,1.75
2024-08-22 14:00:00,30.4,74,51,215,1.2222222222222223
2024-08-22 15:00:00,30.6,74,51,198,1.8888888888888888
2024-08-22 16:00:00,29.9,74,61,212,3.416666666666667
2024-08-22 17:00:00,28.0,84,53,196,2.5
2024-08-22 18:00:00,26.1,92,53,183,1.8055555555555556
2024-08-22 19:00:00,25.8,93,61,213,1.6666666666666665
2024-08-22 20:00:00,25.2,96,63,41,1.0555555555555556
2024-08-22 21:00:00,25.3,96,61,135,0.2777777777777778
2024-08-22 22:00:00,25.3,96,61,111,1.3888888888888888
2024-08-22 23:00:00,25.1,96,61,112,1.0833333333333333
2024-08-23 00:00:00,25.0,97,61,188,1.5
2024-08-23 01:00:00,24.8,97,55,198,2.2222222222222223
2024-08-23 02:00:00,24.6,98,55,206,2.7777777777777777
2024-08-23 03:00:00,24.4,97,53,209,2.2777777777777777
2024-08-23 04:00:00,24.3,97,53,218,2.4166666666666665
2024-08-23 05:00:00,24.2,98,51,188,1.5
2024-08-23 06:00:00,24.3,96,53,135,0.41666666666666663
2024-08-23 07:00:00,25.1,91,51,221,1.972222222222222
2024-08-23 08:00:00,26.6,85,3,238,2.611111111111111
2024-08-23 09:00:00,27.0,82,51,240,2.4166666666666665
2024-08-23 10:00:00,27.3,80,51,243,3.0277777777777777
2024-08-23 11:00:00,28.1,77,3,236,2.888888888888889
2024-08-23 12:00:00,29.1,74,2,226,3.194444444444444
2024-08-23 13:00:00,29.9,73,51,225,3.2499999999999996
2024-08-23 14:00:00,30.2,70,0,217,3.638888888888889
2024-08-23 15:00:00,29.0,74,51,234,4.083333333333333
2024-08-23 16:00:00,29.4,73,51,220,2.4722222222222223
2024-08-23 17:00:00,29.3,73,51,230,2.4722222222222223
2024-08-23 18:00:00,27.7,84,3,262,0.6944444444444444
2024-08-23 19:00:00,26.4,90,51,288,0.9444444444444444
2024-08-23 20:00:00,25.8,91,61,203,3.0555555555555554
2024-08-23 21:00:00,25.0,92,53,215,3.1666666666666665
2024-08-23 22:00:00,24.3,94,51,215,4.027777777777778
2024-08-23 23:00:00,24.2,96,51,252,2.611111111111111
2024-08-24 00:00:00,24.2,96,53,221,2.138888888888889
2024-08-24 01:00:00,23.9,97,51,214,1.8055555555555556
2024-08-24 02:00:00,23.8,97,51,208,2.138888888888889
2024-08-24 03:00:00,24.0,96,3,209,2.2777777777777777
2024-08-24 04:00:00,24.0,96,3,212,2.4722222222222223
2024-08-24 05:00:00,24.0,97,51,225,2.972222222222222
2024-08-24 06:00:00,24.3,95,51,235,2.944444444444444
2024-08-24 07:00:00,24.7,92,51,241,3.5277777777777777
2024-08-24 08:00:00,25.4,89,51,240,3.8055555555555554
2024-08-24 09:00:00,26.0,86,53,235,4.388888888888889
2024-08-24 10:00:00,25.9,90,61,235,3.8055555555555554
2024-08-24 11:00:00,26.6,87,51,229,3.6944444444444446
2024-08-24 12:00:00,27.3,84,51,227,3.8333333333333335
2024-08-24 13:00:00,27.3,82,51,239,4.666666666666667
2024-08-24 14:00:00,27.3,80,51,238,4.583333333333333
2024-08-24 15:00:00,27.8,79,51,224,3.888888888888889
2024-08-24 16:00:00,27.3,82,51,221,3.8333333333333335
2024-08-24 17:00:00,26.5,87,61,213,3.6944444444444446
2024-08-24 18:00:00,25.2,91,51,209,3.6666666666666665
2024-08-24 19:00:00,24.9,92,63,215,3.888888888888889
2024-08-24 20:00:00,24.5,92,63,221,4.25
2024-08-24 21:00:00,24.5,93,55,221,4.527777777777778
2024-08-24 22:00:00,24.2,95,53,223,4.111111111111112
2024-08-24 23:00:00,24.2,94,55,227,4.527777777777778
2024-08-25 00:00:00,24.1,94,53,220,4.472222222222222
2024-08-25 01:00:00,23.9,95,61,216,4.722222222222222
2024-08-25 02:00:00,23.9,94,55,218,5.194444444444444
2024-08-25 03:00:00,23.9,94,55,217,5.138888888888888
2024-08-25 04:00:00,23.8,94,55,222,5.249999999999999
2024-08-25 05:00:00,23.7,93,63,223,5.722222222222222
2024-08-25 06:00:00,23.4,93,61,234,5.305555555555556
2024-08-25 07:00:00,23.5,93,61,233,5.138888888888888
2024-08-25 08:00:00,23.8,92,61,232,5.416666666666667
2024-08-25 09:00:00,24.4,90,55,230,4.972222222222221
2024-08-25 10:00:00,24.5,91,53,230,4.694444444444444
2024-08-25 11:00:00,25.0,89,61,234,5.222222222222222
2024-08-25 12:00:00,25.7,85,53,235,5.833333333333333
2024-08-25 13:00:00,25.4,85,53,229,6.444444444444444
2024-08-25 14:00:00,24.7,91,63,230,6.25
2024-08-25 15:00:00,24.7,91,61,227,5.861111111111112
2024-08-25 16:00:00,24.6,92,61,220,5.249999999999999
2024-08-25 17:00:00,24.7,92,53,219,4.611111111111112
2024-08-25 18:00:00,24.5,91,51,219,4.111111111111112
2024-08-25 19:00:00,24.5,92,51,214,3.75
2024-08-25 20:00:00,24.4,93,3,200,3.194444444444444
2024-08-25 21:00:00,24.4,93,3,198,3.2499999999999996
2024-08-25 22:00:00,24.5,91,3,207,3.944444444444444
2024-08-25 23:00:00,24.2,92,3,203,4.027777777777778
2024-08-26 00:00:00,24.0,92,3,210,4.027777777777778
2024-08-26 01:00:00,24.0,91,3,215,3.8055555555555554
2024-08-26 02:00:00,23.7,91,3,215,3.6666666666666665
2024-08-26 03:00:00,23.6,91,2,213,3.8333333333333335
2024-08-26 04:00:00,23.5,91,2,210,3.944444444444444
2024-08-26 05:00:00,23.4,91,2,212,3.7777777777777777
2024-08-26 06:00:00,23.6,92,3,214,3.3888888888888884
2024-08-26 07:00:00,24.9,85,3,225,4.805555555555555
2024-08-26 08:00:00,25.4,84,51,222,4.666666666666667
2024-08-26 09:00:00,26.3,79,51,239,5.972222222222222
2024-08-26 10:00:00,27.3,74,51,242,5.916666666666667
2024-08-26 11:00:00,27.3,74,3,243,5.5
2024-08-26 12:00:00,28.4,69,3,245,5.194444444444444
2024-08-26 13:00:00,28.6,69,2,248,4.75
2024-08-26 14:00:00,29.3,65,1,246,5.249999999999999
2024-08-26 15:00:00,29.7,64,1,239,5.027777777777778
2024-08-26 16:00:00,29.3,64,1,240,5.333333333333333
2024-08-26 17:00:00,28.6,67,2,242,4.305555555555555
2024-08-26 18:00:00,27.1,75,1,218,2.2777777777777777
2024-08-26 19:00:00,26.3,79,3,215,2.4444444444444446
2024-08-26 20:00:00,26.0,81,3,209,2.055555555555556
2024-08-26 21:00:00,25.8,82,3,217,2.0
2024-08-26 22:00:00,25.6,84,3,221,2.138888888888889
2024-08-26 23:00:00,25.5,86,3,233,2.0
2024-08-27 00:00:00,25.4,87,3,227,2.055555555555556
2024-08-27 01:00:00,25.2,87,2,231,2.1944444444444446
2024-08-27 02:00:00,24.7,89,1,223,2.1944444444444446
2024-08-27 03:00:00,24.1,91,0,225,2.25
2024-08-27 04:00:00,23.9,92,1,234,2.361111111111111
2024-08-27 05:00:00,23.6,92,0,229,2.2777777777777777
2024-08-27 06:00:00,24.6,90,3,201,1.9444444444444444
2024-08-27 07:00:00,25.3,86,3,207,2.694444444444444
2024-08-27 08:00:00,26.7,79,3,238,4.138888888888889
2024-08-27 09:00:00,27.7,74,3,243,4.388888888888889
2024-08-27 10:00:00,28.5,70,51,243,4.388888888888889
2024-08-27 11:00:00,29.7,65,51,245,4.305555555555555
2024-08-27 12:00:00,30.4,62,51,249,3.944444444444444
2024-08-27 13:00:00,31.0,60,51,242,3.611111111111111
2024-08-27 14:00:00,31.0,60,51,241,3.6666666666666665
2024-08-27 15:00:00,30.9,62,1,231,3.4722222222222223
2024-08-27 16:00:00,30.6,64,51,231,3.333333333333333
2024-08-27 17:00:00,29.9,70,3,209,2.2777777777777777
2024-08-27 18:00:00,28.1,75,3,208,2.361111111111111
2024-08-27 19:00:00,27.5,77,3,219,2.833333333333333
2024-08-27 20:00:00,27.1,79,3,217,3.0
2024-08-27 21:00:00,26.4,82,3,220,2.4722222222222223
2024-08-27 22:00:00,25.6,85,3,205,2.861111111111111
2024-08-27 23:00:00,25.5,85,3,212,3.0555555555555554
2024-08-28 00:00:00,25.3,86,3,219,2.694444444444444
2024-08-28 01:00:00,24.9,88,3,220,2.611111111111111
2024-08-28 02:00:00,24.7,90,3,220,2.4722222222222223
2024-08-28 03:00:00,24.3,92,3,229,2.2777777777777777
2024-08-28 04:00:00,24.0,93,3,235,2.0833333333333335
2024-08-28 05:00:00,23.8,93,3,243,2.2222222222222223
2024-08-28 06:00:00,24.6,88,3,250,2.3333333333333335
2024-08-28 07:00:00,25.7,84,3,242,1.6944444444444442
2024-08-28 08:00:00,27.1,78,3,248,2.9166666666666665
2024-08-28 09:00:00,28.4,72,3,252,3.2499999999999996
2024-08-28 10:00:00,28.9,70,51,247,3.5833333333333335
2024-08-28 11:00:00,30.1,65,51,246,3.5
2024-08-28 12:00:00,30.8,62,51,239,3.5
2024-08-28 13:00:00,31.4,59,2,235,3.1666666666666665
2024-08-28 14:00:00,31.5,58,3,237,3.333333333333333
2024-08-28 15:00:00,31.6,57,51,235,3.5277777777777777
2024-08-28 16:00:00,31.0,60,3,227,3.6666666666666665
2024-08-28 17:00:00,29.9,68,3,208,2.7222222222222223
2024-08-28 18:00:00,28.3,72,3,212,2.25
2024-08-28 19:00:00,27.6,73,3,222,2.5555555555555554
2024-08-28 20:00:00,27.1,74,3,242,2.7222222222222223
2024-08-28 21:00:00,26.5,78,3,255,2.388888888888889
2024-08-28 22:00:00,26.2,81,3,252,2.2222222222222223
2024-08-28 23:00:00,25.9,83,3,255,2.388888888888889
2024-08-29 00:00:00,25.6,83,51,284,3.3888888888888884
2024-08-29 01:00:00,24.7,89,53,270,3.1111111111111107
2024-08-29 02:00:00,24.2,91,51,287,2.4166666666666665
2024-08-29 03:00:00,24.0,92,3,302,1.3055555555555556
2024-08-29 04:00:00,24.1,93,51,315,1.1388888888888888
2024-08-29 05:00:00,24.0,93,51,319,0.9166666666666666
2024-08-29 06:00:00,24.4,94,3,320,1.6944444444444442
2024-08-29 07:00:00,25.4,89,3,329,2.111111111111111
2024-08-29 08:00:00,26.5,85,3,319,1.8333333333333333
2024-08-29 09:00:00,27.8,78,3,323,2.0
2024-08-29 10:00:00,29.1,74,51,335,1.6666666666666665
2024-08-29 11:00:00,29.7,72,51,337,1.3055555555555556
2024-08-29 12:00:00,29.9,71,51,318,1.1944444444444444
2024-08-29 13:00:00,29.9,69,51,299,1.027777777777778
2024-08-29 14:00:00,30.1,68,51,259,1.027777777777778
2024-08-29 15:00:00,28.2,74,63,5,2.305555555555556
2024-08-29 16:00:00,25.6,89,61,243,0.888888888888889
2024-08-29 17:00:00,25.7,89,51,27,0.6666666666666666
2024-08-29 18:00:00,25.5,90,51,225,0.1388888888888889
2024-08-29 19:00:00,24.9,96,3,108,0.6388888888888888
2024-08-29 20:00:00,25.4,92,51,207,0.22222222222222224
2024-08-29 21:00:00,25.3,95,53,315,0.6944444444444444
2024-08-29 22:00:00,25.2,94,51,320,0.7777777777777777
2024-08-29 23:00:00,24.9,97,3,333,0.888888888888889
2024-08-30 00:00:00,24.7,98,3,354,1.0
2024-08-30 01:00:00,24.7,97,3,320,1.5555555555555554
2024-08-30 02:00:00,24.5,97,3,318,1.3333333333333333
2024-08-30 03:00:00,24.4,96,3,317,1.9166666666666667
2024-08-30 04:00:00,24.1,96,51,333,2.2222222222222223
2024-08-30 05:00:00,23.8,94,51,323,2.638888888888889
2024-08-30 06:00:00,24.1,95,63,253,1.0555555555555556
2024-08-30 07:00:00,24.8,92,51,308,1.1388888888888888
2024-08-30 08:00:00,26.3,89,51,330,1.3888888888888888
2024-08-30 09:00:00,27.9,83,51,351,1.2222222222222223
2024-08-30 10:00:00,29.0,78,51,4,1.4166666666666665
2024-08-30 11:00:00,29.6,74,51,10,1.7222222222222223
2024-08-30 12:00:00,29.7,73,51,9,1.9166666666666667
2024-08-30 13:00:00,29.5,73,51,63,2.0
2024-08-30 14:00:00,25.5,94,63,12,1.4444444444444444
2024-08-30 15:00:00,25.9,90,61,294,0.9722222222222222
2024-08-30 16:00:00,26.6,89,51,246,1.972222222222222
2024-08-30 17:00:00,26.9,85,3,309,2.1944444444444446
2024-08-30 18:00:00,25.7,92,51,289,1.8055555555555556
2024-08-30 19:00:00,25.4,94,3,317,1.6388888888888888
2024-08-30 20:00:00,25.1,93,3,318,1.5
2024-08-30 21:00:00,24.9,93,3,342,2.0
2024-08-30 22:00:00,24.8,94,3,346,2.055555555555556
2024-08-30 23:00:00,24.6,94,3,350,2.2222222222222223
2024-08-31 00:00:00,24.4,96,3,330,2.4166666666666665
2024-08-31 01:00:00,24.3,96,3,332,2.7222222222222223
2024-08-31 02:00:00,24.2,96,3,332,2.5833333333333335
2024-08-31 03:00:00,24.2,95,3,344,2.5
2024-08-31 04:00:00,24.2,94,2,319,2.9166666666666665
2024-08-31 05:00:00,24.1,94,1,329,2.9166666666666665
2024-08-31 06:00:00,24.6,91,1,340,3.2777777777777777
2024-08-31 07:00:00,25.9,84,3,350,3.9722222222222223
2024-08-31 08:00:00,27.2,79,51,355,4.527777777777778
2024-08-31 09:00:00,28.2,76,3,3,3.611111111111111
2024-08-31 10:00:00,28.9,75,51,10,3.3611111111111107
2024-08-31 11:00:00,29.4,73,51,22,3.222222222222222
2024-08-31 12:00:00,30.3,71,51,12,2.4444444444444446
2024-08-31 13:00:00,28.2,80,63,3,3.9166666666666665
2024-08-31 14:00:00,29.7,74,3,319,2.138888888888889
2024-08-31 15:00:00,29.0,78,61,286,2.5833333333333335
2024-08-31 16:00:00,29.0,78,61,328,2.25
2024-08-31 17:00:00,27.7,83,61,3,2.111111111111111
2024-08-31 18:00:00,26.2,90,61,358,2.8055555555555554
2024-08-31 19:00:00,25.6,93,55,307,2.0
2024-08-31 20:00:00,24.9,93,63,57,1.6666666666666665
2024-08-31 21:00:00,24.7,94,51,55,1.5833333333333333
2024-08-31 22:00:00,24.0,97,63,229,1.8333333333333333
2024-08-31 23:00:00,23.7,98,63,135,0.1388888888888889
2024-09-01 00:00:00,23.5,99,63,191,0.5
2024-09-01 01:00:00,23.5,97,63,344,0.7222222222222222
2024-09-01 02:00:00,23.5,96,53,304,0.7222222222222222
2024-09-01 03:00:00,23.5,97,63,346,2.055555555555556
2024-09-01 04:00:00,24.1,95,51,357,3.5
2024-09-01 05:00:00,24.0,95,61,18,2.611111111111111
2024-09-01 06:00:00,25.1,90,3,360,3.888888888888889
2024-09-01 07:00:00,26.3,84,3,8,4.75
2024-09-01 08:00:00,27.8,80,3,18,5.055555555555555
2024-09-01 09:00:00,28.9,76,51,40,4.694444444444444
2024-09-01 10:00:00,28.4,81,63,30,3.222222222222222
2024-09-01 11:00:00,30.1,74,51,30,2.7777777777777777
2024-09-01 12:00:00,30.9,69,51,35,3.888888888888889
2024-09-01 13:00:00,31.7,67,3,44,4.444444444444445
2024-09-01 14:00:00,30.6,72,53,24,3.5
2024-09-01 15:00:00,31.1,69,53,18,3.8055555555555554
2024-09-01 16:00:00,30.9,68,51,18,4.111111111111112
2024-09-01 17:00:00,30.1,75,51,25,2.3333333333333335
2024-09-01 18:00:00,28.1,83,3,14,2.4722222222222223
2024-09-01 19:00:00,26.0,89,53,338,3.222222222222222
2024-09-01 20:00:00,25.5,92,51,350,5.166666666666667
2024-09-01 21:00:00,24.8,94,63,20,2.972222222222222
2024-09-01 22:00:00,25.1,93,53,25,3.083333333333333
2024-09-01 23:00:00,24.9,94,51,19,2.75
2024-09-02 00:00:00,24.9,94,51,21,1.9444444444444444
2024-09-02 01:00:00,24.9,94,51,17,3.0277777777777777
2024-09-02 02:00:00,24.9,93,51,22,2.9166666666666665
2024-09-02 03:00:00,25.0,93,51,40,3.2777777777777777
2024-09-02 04:00:00,25.0,93,3,41,3.4722222222222223
2024-09-02 05:00:00,25.0,93,3,52,3.0555555555555554
2024-09-02 06:00:00,25.3,92,3,40,3.2777777777777777
2024-09-02 07:00:00,25.7,90,3,47,3.3888888888888884
2024-09-02 08:00:00,26.2,88,51,59,4.305555555555555
2024-09-02 09:00:00,26.3,86,51,64,4.111111111111112
2024-09-02 10:00:00,26.3,86,53,63,3.7222222222222223
2024-09-02 11:00:00,26.9,86,3,53,3.138888888888889
2024-09-02 12:00:00,28.5,79,51,52,3.416666666666667
2024-09-02 13:00:00,29.1,77,51,69,3.861111111111111
2024-09-02 14:00:00,27.0,87,63,110,3.7222222222222223
2024-09-02 15:00:00,27.7,85,53,79,2.138888888888889
2024-09-02 16:00:00,29.0,77,1,92,2.388888888888889
2024-09-02 17:00:00,27.3,82,63,127,3.861111111111111
2024-09-02 18:00:00,27.2,83,51,74,3.555555555555556
2024-09-02 19:00:00,25.7,89,2,77,2.6666666666666665
2024-09-02 20:00:00,25.4,89,3,76,2.4722222222222223
2024-09-02 21:00:00,25.1,91,51,76,1.6388888888888888
2024-09-02 22:00:00,25.2,92,3,96,2.0
2024-09-02 23:00:00,25.2,93,53,93,2.111111111111111
2024-09-03 00:00:00,24.9,96,53,103,1.8333333333333333
2024-09-03 01:00:00,25.0,95,51,119,2.2777777777777777
2024-09-03 02:00:00,24.7,96,51,93,2.1944444444444446
2024-09-03 03:00:00,24.4,98,51,62,1.6944444444444442
2024-09-03 04:00:00,24.3,98,51,111,2.25
2024-09-03 05:00:00,24.3,98,51,128,1.777777777777778
2024-09-03 06:00:00,24.5,97,51,108,2.833333333333333
2024-09-03 07:00:00,25.0,94,3,113,3.3611111111111107
2024-09-03 08:00:00,25.8,88,51,118,3.611111111111111
2024-09-03 09:00:00,27.2,80,51,121,3.5
2024-09-03 10:00:00,28.2,75,51,119,2.861111111111111
2024-09-03 11:00:00,29.5,70,3,115,2.861111111111111
2024-09-03 12:00:00,30.1,67,51,112,3.555555555555556
2024-09-03 13:00:00,30.1,68,51,107,3.3611111111111107
2024-09-03 14:00:00,30.6,67,51,120,3.8055555555555554
2024-09-03 15:00:00,30.8,65,51,127,3.638888888888889
2024-09-03 16:00:00,29.8,69,1,146,3.0277777777777777
2024-09-03 17:00:00,29.3,73,0,163,1.6666666666666665
2024-09-03 18:00:00,27.3,85,0,121,1.75
2024-09-03 19:00:00,26.6,87,2,126,1.7222222222222223
2024-09-03 20:00:00,27.5,79,3,105,1.1388888888888888
2024-09-03 21:00:00,27.4,79,3,243,0.4444444444444445
2024-09-03 22:00:00,26.0,88,2,213,1.6666666666666665
2024-09-03 23:00:00,25.3,92,3,238,2.4722222222222223
2024-09-04 00:00:00,24.8,94,3,257,1.8333333333333333
2024-09-04 01:00:00,24.5,96,3,248,1.611111111111111
2024-09-04 02:00:00,24.4,96,1,306,1.3611111111111112
2024-09-04 03:00:00,23.9,98,1,243,1.1111111111111112
2024-09-04 04:00:00,24.1,97,51,250,1.1666666666666667
2024-09-04 05:00:00,24.0,96,51,297,1.5555555555555554
2024-09-04 06:00:00,24.8,94,3,319,1.972222222222222
2024-09-04 07:00:00,26.1,89,3,270,1.1944444444444444
2024-09-04 08:00:00,27.5,83,51,344,1.777777777777778
2024-09-04 09:00:00,28.6,77,51,347,1.8333333333333333
2024-09-04 10:00:00,29.5,75,3,225,0.1388888888888889
2024-09-04 11:00:00,30.0,73,51,284,1.6388888888888888
2024-09-04 12:00:00,30.6,70,51,293,0.75
2024-09-04 13:00:00,30.3,70,51,214,0.7222222222222222
2024-09-04 14:00:00,26.4,87,63,252,3.5833333333333335
2024-09-04 15:00:00,28.3,79,3,286,1.4444444444444444
2024-09-04 16:00:00,27.8,77,51,270,3.0
2024-09-04 17:00:00,27.6,81,51,285,1.1388888888888888
2024-09-04 18:00:00,27.0,88,3,288,1.5833333333333333
2024-09-04 19:00:00,27.1,83,3,288,2.305555555555556
2024-09-04 20:00:00,26.6,84,3,288,2.305555555555556
2024-09-04 21:00:00,26.1,87,3,280,1.7222222222222223
2024-09-04 22:00:00,26.0,87,3,298,1.6944444444444442
2024-09-04 23:00:00,25.7,89,3,311,1.8333333333333333
2024-09-05 00:00:00,25.4,90,3,295,1.8888888888888888
2024-09-05 01:00:00,25.3,90,3,295,1.8888888888888888
2024-09-05 02:00:00,24.5,93,63,135,0.1388888888888889
2024-09-05 03:00:00,24.3,95,53,355,1.1111111111111112
2024-09-05 04:00:00,24.0,98,51,263,0.8055555555555555
2024-09-05 05:00:00,24.4,94,3,260,1.1111111111111112
2024-09-05 06:00:00,25.2,91,3,296,2.7777777777777777
2024-09-05 07:00:00,26.4,86,2,303,3.8333333333333335
2024-09-05 08:00:00,27.5,80,3,306,3.7222222222222223
2024-09-05 09:00:00,28.4,77,51,306,2.861111111111111
2024-09-05 10:00:00,29.0,74,51,305,2.8055555555555554
2024-09-05 11:00:00,29.1,72,51,300,3.222222222222222
2024-09-05 12:00:00,29.8,70,51,283,3.1666666666666665
2024-09-05 13:00:00,30.3,67,51,287,2.8055555555555554
2024-09-05 14:00:00,29.0,72,61,352,2.7222222222222223
2024-09-05 15:00:00,27.2,85,51,48,1.5
2024-09-05 16:00:00,26.9,87,51,360,0.6944444444444444
2024-09-05 17:00:00,26.8,89,51,17,1.3611111111111112
2024-09-05 18:00:00,28.1,80,3,257,0.9166666666666666
2024-09-05 19:00:00,26.8,87,3,265,1.1944444444444444
2024-09-05 20:00:00,26.0,90,3,254,1.4444444444444444
2024-09-05 21:00:00,25.7,89,3,248,1.611111111111111
2024-09-05 22:00:00,25.2,92,3,257,1.3333333333333333
2024-09-05 23:00:00,25.0,93,3,257,1.3333333333333333
2024-09-06 00:00:00,24.9,93,3,283,1.3333333333333333
2024-09-06 01:00:00,24.6,94,3,297,1.3333333333333333
2024-09-06 02:00:00,24.5,94,3,287,1.3611111111111112
2024-09-06 03:00:00,24.4,94,3,285,1.5555555555555554
2024-09-06 04:00:00,24.3,93,1,285,1.972222222222222
2024-09-06 05:00:00,24.1,95,1,291,1.7222222222222223
2024-09-06 06:00:00,25.0,91,0,293,2.2777777777777777
2024-09-06 07:00:00,26.2,87,1,292,1.8333333333333333
2024-09-06 08:00:00,27.6,82,1,301,1.75
2024-09-06 09:00:00,28.9,77,3,317,1.9166666666666667
2024-09-06 10:00:00,29.6,72,51,323,2.138888888888889
2024-09-06 11:00:00,30.5,69,3,297,1.5555555555555554
2024-09-06 12:00:00,30.9,66,51,275,1.1944444444444444
2024-09-06 13:00:00,30.9,67,3,273,1.6944444444444442
2024-09-06 14:00:00,30.9,67,3,253,1.3611111111111112
2024-09-06 15:00:00,31.1,67,2,195,1.1388888888888888
2024-09-06 16:00:00,29.6,73,61,225,1.6944444444444442
2024-09-06 17:00:00,28.5,79,51,220,1.5555555555555554
2024-09-06 18:00:00,27.8,84,3,241,2.055555555555556
2024-09-06 19:00:00,26.8,89,3,342,1.8888888888888888
2024-09-06 20:00:00,26.3,90,51,320,1.5555555555555554
2024-09-06 21:00:00,25.9,90,3,293,2.055555555555556
2024-09-06 22:00:00,25.7,92,3,292,1.0833333333333333
2024-09-06 23:00:00,25.6,92,3,288,0.6388888888888888
2024-09-07 00:00:00,25.1,95,0,290,1.1666666666666667
2024-09-07 01:00:00,24.7,96,1,304,1.4444444444444444
2024-09-07 02:00:00,24.4,96,3,287,1.6666666666666665
2024-09-07 03:00:00,24.1,96,3,285,1.1388888888888888
2024-09-07 04:00:00,24.2,95,3,288,1.5833333333333333
2024-09-07 05:00:00,24.2,95,3,303,1.6666666666666665
2024-09-07 06:00:00,24.9,91,2,293,2.5
2024-09-07 07:00:00,26.2,85,3,310,2.972222222222222
2024-09-07 08:00:00,27.4,79,51,330,3.4444444444444446
2024-09-07 09:00:00,28.5,77,51,347,2.7777777777777777
2024-09-07 10:00:00,29.6,73,2,357,2.111111111111111
2024-09-07 11:00:00,30.2,72,51,360,1.3888888888888888
2024-09-07 12:00:00,30.3,73,51,10,1.1111111111111112
2024-09-07 13:00:00,31.1,69,51,4,1.3055555555555556
2024-09-07 14:00:00,30.1,72,55,222,2.694444444444444
2024-09-07 15:00:00,27.9,82,51,251,4.25
2024-09-07 16:00:00,28.1,80,3,270,2.888888888888889
2024-09-07 17:00:00,28.2,81,3,261,2.0277777777777777
2024-09-07 18:00:00,27.3,87,3,229,0.9166666666666666
2024-09-07 19:00:00,26.4,91,61,108,0.3055555555555556
2024-09-07 20:00:00,26.1,93,51,245,1.4444444444444444
2024-09-07 21:00:00,25.8,92,51,281,2.138888888888889
2024-09-07 22:00:00,25.4,91,3,291,2.4722222222222223
2024-09-07 23:00:00,25.0,92,3,291,2.25
2024-09-08 00:00:00,24.8,94,3,279,1.8333333333333333
2024-09-08 01:00:00,24.7,94,3,288,2.0
2024-09-08 02:00:00,24.8,94,3,298,2.361111111111111
2024-09-08 03:00:00,24.7,92,3,303,3.4722222222222223
2024-09-08 04:00:00,24.6,91,3,307,3.3611111111111107
2024-09-08 05:00:00,24.4,92,3,301,2.9166666666666665
2024-09-08 06:00:00,25.0,91,3,302,3.416666666666667
2024-09-08 07:00:00,26.2,85,2,313,4.388888888888889
2024-09-08 08:00:00,27.6,79,3,323,4.861111111111111
2024-09-08 09:00:00,28.4,78,51,323,3.638888888888889
2024-09-08 10:00:00,29.7,73,51,327,3.1111111111111107
2024-09-08 11:00:00,30.5,69,51,333,2.694444444444444
2024-09-08 12:00:00,30.6,67,51,330,2.4166666666666665
2024-09-08 13:00:00,27.1,84,63,294,3.3888888888888884
2024-09-08 14:00:00,28.1,82,51,273,1.8888888888888888
2024-09-08 15:00:00,27.2,80,63,313,3.5277777777777777
2024-09-08 16:00:00,26.1,88,51,309,2.055555555555556
2024-09-08 17:00:00,26.8,88,51,266,1.5
2024-09-08 18:00:00,27.3,82,3,307,2.5
2024-09-08 19:00:00,26.9,83,3,294,2.944444444444444
2024-09-08 20:00:00,26.6,84,3,295,2.861111111111111
2024-09-08 21:00:00,26.5,83,3,297,3.0277777777777777
2024-09-08 22:00:00,26.3,83,3,303,2.75
2024-09-08 23:00:00,26.1,83,3,305,2.944444444444444
2024-09-09 00:00:00,25.8,85,3,303,3.1111111111111107
2024-09-09 01:00:00,25.6,86,3,298,3.1666666666666665
2024-09-09 02:00:00,25.6,86,3,305,3.5277777777777777
2024-09-09 03:00:00,25.3,87,51,324,2.2222222222222223
2024-09-09 04:00:00,24.6,93,63,284,2.055555555555556
2024-09-09 05:00:00,24.5,93,51,298,2.5833333333333335
2024-09-09 06:00:00,25.7,86,51,315,3.6666666666666665
2024-09-09 07:00:00,26.1,86,53,318,2.833333333333333
2024-09-09 08:00:00,27.0,83,51,342,3.4722222222222223
2024-09-09 09:00:00,27.4,83,53,343,2.7222222222222223
2024-09-09 10:00:00,29.2,77,51,321,2.055555555555556
2024-09-09 11:00:00,30.5,72,51,305,2.0833333333333335
2024-09-09 12:00:00,31.6,67,51,315,1.8333333333333333
2024-09-09 13:00:00,27.8,83,63,302,3.9166666666666665
2024-09-09 14:00:00,28.2,80,3,282,2.861111111111111
2024-09-09 15:00:00,28.4,79,51,303,3.333333333333333
2024-09-09 16:00:00,28.6,79,51,299,2.861111111111111
2024-09-09 17:00:00,28.7,80,51,262,2.111111111111111
2024-09-09 18:00:00,27.2,83,3,277,2.4166666666666665
2024-09-09 19:00:00,27.0,84,3,266,3.0
2024-09-09 20:00:00,27.0,84,3,272,3.611111111111111
2024-09-09 21:00:00,27.0,83,3,286,4.472222222222222
2024-09-09 22:00:00,26.7,84,3,293,3.2777777777777777
2024-09-09 23:00:00,25.9,88,63,326,2.6666666666666665
2024-09-10 00:00:00,25.6,92,53,290,2.6666666666666665
2024-09-10 01:00:00,25.2,93,63,268,2.5
2024-09-10 02:00:00,25.0,93,61,288,2.833333333333333
2024-09-10 03:00:00,25.0,93,53,294,3.1666666666666665
2024-09-10 04:00:00,24.7,94,53,284,4.111111111111112
2024-09-10 05:00:00,24.7,94,53,310,3.1111111111111107
2024-09-10 06:00:00,25.1,93,53,295,4.194444444444445
2024-09-10 07:00:00,25.2,93,61,294,3.944444444444444
2024-09-10 08:00:00,25.2,93,63,296,3.888888888888889
2024-09-10 09:00:00,25.3,92,63,290,4.583333333333333
2024-09-10 10:00:00,25.3,92,63,289,4.333333333333333
2024-09-10 11:00:00,25.3,92,61,286,4.277777777777778
2024-09-10 12:00:00,25.7,92,61,284,4.638888888888888
2024-09-10 13:00:00,26.1,91,61,283,4.833333333333333
2024-09-10 14:00:00,26.2,91,61,270,4.194444444444445
2024-09-10 15:00:00,26.0,92,61,259,4.361111111111111
2024-09-10 16:00:00,25.9,91,61,260,4.166666666666667
2024-09-10 17:00:00,25.7,91,61,260,4.472222222222222
2024-09-10 18:00:00,25.8,91,55,262,4.527777777777778
2024-09-10 19:00:00,25.8,92,61,264,4.527777777777778
2024-09-10 20:00:00,25.8,92,61,262,4.25
2024-09-10 21:00:00,25.6,92,61,265,4.305555555555555
2024-09-10 22:00:00,25.4,93,61,257,4.416666666666667
2024-09-10 23:00:00,25.2,93,55,252,4.611111111111112
2024-09-11 00:00:00,25.1,93,53,259,5.111111111111111
2024-09-11 01:00:00,25.0,93,51,259,5.111111111111111
2024-09-11 02:00:00,25.0,92,51,255,5.277777777777778
2024-09-11 03:00:00,24.9,93,3,254,5.083333333333333
2024-09-11 04:00:00,24.9,92,3,251,4.972222222222221
2024-09-11 05:00:00,24.8,92,51,245,4.972222222222221
2024-09-11 06:00:00,24.7,92,3,238,5.083333333333333
2024-09-11 07:00:00,25.3,87,3,243,6.388888888888888
2024-09-11 08:00:00,25.9,84,3,245,6.527777777777778
2024-09-11 09:00:00,27.1,79,3,252,6.333333333333333
2024-09-11 10:00:00,28.2,76,3,253,6.472222222222222
2024-09-11 11:00:00,29.8,71,51,257,6.444444444444444
2024-09-11 12:00:00,30.5,66,3,255,6.0
2024-09-11 13:00:00,30.7,67,3,247,5.638888888888889
2024-09-11 14:00:00,30.2,68,3,244,5.916666666666667
2024-09-11 15:00:00,29.7,71,51,247,5.75
2024-09-11 16:00:00,28.7,74,53,250,5.305555555555556
2024-09-11 17:00:00,28.3,78,51,238,3.7777777777777777
2024-09-11 18:00:00,26.6,82,3,226,4.444444444444445
2024-09-11 19:00:00,26.3,82,3,230,4.055555555555555
2024-09-11 20:00:00,25.9,85,3,226,3.333333333333333
2024-09-11 21:00:00,25.9,86,3,227,3.6666666666666665
2024-09-11 22:00:00,25.8,85,3,234,3.944444444444444
2024-09-11 23:00:00,25.6,85,3,237,3.8333333333333335
2024-09-12 00:00:00,25.4,86,3,238,3.9166666666666665
2024-09-12 01:00:00,25.2,87,3,236,3.611111111111111
2024-09-12 02:00:00,25.0,88,3,233,3.7777777777777777
2024-09-12 03:00:00,24.9,88,3,240,3.944444444444444
2024-09-12 04:00:00,24.8,88,3,247,3.888888888888889
2024-09-12 05:00:00,24.6,89,3,251,3.611111111111111
2024-09-12 06:00:00,24.9,88,3,250,3.5
2024-09-12 07:00:00,25.9,83,3,250,3.7222222222222223
2024-09-12 08:00:00,27.0,78,3,258,5.416666666666667
2024-09-12 09:00:00,28.2,73,51,262,5.249999999999999
2024-09-12 10:00:00,29.0,68,3,260,4.972222222222221
2024-09-12 11:00:00,30.0,64,51,256,4.861111111111111
2024-09-12 12:00:00,30.3,64,51,252,5.166666666666667
2024-09-12 13:00:00,30.8,62,51,249,4.805555555555555
2024-09-12 14:00:00,30.8,62,51,241,4.777777777777778
2024-09-12 15:00:00,30.7,62,51,238,4.361111111111111
2024-09-12 16:00:00,30.0,65,51,240,4.611111111111112
2024-09-12 17:00:00,28.7,74,51,247,3.2777777777777777
2024-09-12 18:00:00,26.1,87,51,292,2.1666666666666665
2024-09-12 19:00:00,25.7,89,51,259,1.5277777777777777
2024-09-12 20:00:00,25.3,89,3,255,1.972222222222222
2024-09-12 21:00:00,25.0,90,3,246,1.972222222222222
2024-09-12 22:00:00,24.8,91,3,252,1.8888888888888888
2024-09-12 23:00:00,24.7,91,3,253,2.4166666666666665
2024-09-13 00:00:00,24.6,91,3,257,2.7777777777777777
2024-09-13 01:00:00,24.5,92,3,266,2.611111111111111
2024-09-13 02:00:00,24.4,92,3,268,2.305555555555556
2024-09-13 03:00:00,24.2,93,3,265,2.305555555555556
2024-09-13 04:00:00,24.0,94,3,260,2.2222222222222223
2024-09-13 05:00:00,23.9,94,3,259,2.138888888888889
2024-09-13 06:00:00,24.5,90,3,280,2.3333333333333335
2024-09-13 07:00:00,25.5,86,3,275,2.2222222222222223
2024-09-13 08:00:00,26.8,79,3,291,3.333333333333333
2024-09-13 09:00:00,27.7,73,51,290,3.5
2024-09-13 10:00:00,28.8,70,51,291,3.416666666666667
2024-09-13 11:00:00,29.4,66,51,281,3.2499999999999996
2024-09-13 12:00:00,29.8,65,51,273,3.5
2024-09-13 13:00:00,30.2,64,51,259,3.555555555555556
2024-09-13 14:00:00,30.6,62,1,255,3.8333333333333335
2024-09-13 15:00:00,30.4,63,3,267,4.111111111111112
2024-09-13 16:00:00,28.4,74,61,279,2.4444444444444446
2024-09-13 17:00:00,28.2,77,51,236,1.8055555555555556
2024-09-13 18:00:00,25.2,90,61,257,2.6666666666666665
2024-09-13 19:00:00,25.7,86,61,250,2.888888888888889
2024-09-13 20:00:00,25.5,87,51,252,2.0
2024-09-13 21:00:00,25.3,90,51,200,1.5
2024-09-13 22:00:00,25.3,91,51,245,1.6666666666666665
2024-09-13 23:00:00,25.3,91,3,263,1.7222222222222223
2024-09-14 00:00:00,25.1,89,3,283,2.25
2024-09-14 01:00:00,24.4,86,3,287,2.7222222222222223
2024-09-14 02:00:00,23.9,87,3,285,2.694444444444444
2024-09-14 03:00:00,23.6,87,3,288,2.611111111111111
2024-09-14 04:00:00,23.4,86,3,288,2.611111111111111
2024-09-14 05:00:00,23.3,86,1,291,2.7777777777777777
2024-09-14 06:00:00,24.2,83,3,290,3.2777777777777777
2024-09-14 07:00:00,25.0,81,3,291,3.1111111111111107
2024-09-14 08:00:00,26.0,77,3,295,3.5277777777777777
2024-09-14 09:00:00,27.3,72,3,299,3.75
2024-09-14 10:00:00,28.4,69,3,300,3.5833333333333335
2024-09-14 11:00:00,29.3,63,3,305,3.1666666666666665
2024-09-14 12:00:00,30.1,61,2,296,3.0
2024-09-14 13:00:00,30.5,58,3,289,3.6944444444444446
2024-09-14 14:00:00,30.5,55,3,287,3.861111111111111
2024-09-14 15:00:00,30.5,55,3,291,3.861111111111111
2024-09-14 16:00:00,30.0,59,3,291,3.1111111111111107
2024-09-14 17:00:00,28.6,66,3,279,1.9166666666666667
2024-09-14 18:00:00,26.8,71,3,246,1.75
2024-09-14 19:00:00,26.1,73,3,239,2.3333333333333335
2024-09-14 20:00:00,25.7,72,3,264,2.9166666666666665
2024-09-14 21:00:00,25.2,74,3,279,2.5277777777777777
2024-09-14 22:00:00,24.7,77,3,291,2.5555555555555554
2024-09-14 23:00:00,24.1,81,1,296,2.5555555555555554
2024-09-15 00:00:00,23.7,83,3,301,2.5555555555555554
2024-09-15 01:00:00,23.4,83,3,300,2.7777777777777777
2024-09-15 02:00:00,23.1,84,3,300,2.7777777777777777
2024-09-15 03:00:00,23.0,84,3,300,2.7777777777777777
2024-09-15 04:00:00,22.8,84,0,301,2.5555555555555554
2024-09-15 05:00:00,22.6,86,0,305,2.4444444444444446
2024-09-15 06:00:00,23.5,83,2,300,2.7777777777777777
2024-09-15 07:00:00,24.8,81,2,295,2.638888888888889
2024-09-15 08:00:00,26.0,78,2,290,2.972222222222222
2024-09-15 09:00:00,27.5,73,2,296,3.222222222222222
2024-09-15 10:00:00,28.5,69,3,301,3.138888888888889
2024-09-15 11:00:00,29.1,67,3,300,3.0
2024-09-15 12:00:00,29.6,64,3,295,3.083333333333333
2024-09-15 13:00:00,30.1,62,3,293,2.833333333333333
2024-09-15 14:00:00,30.3,62,3,282,2.4444444444444446
2024-09-15 15:00:00,28.9,67,51,330,3.5833333333333335
2024-09-15 16:00:00,28.2,69,51,287,2.7222222222222223
2024-09-15 17:00:00,27.8,73,3,274,2.611111111111111
2024-09-15 18:00:00,26.8,76,3,255,2.2777777777777777
2024-09-15 19:00:00,26.1,77,3,268,2.611111111111111
2024-09-15 20:00:00,25.7,77,3,278,3.0277777777777777
2024-09-15 21:00:00,25.5,76,3,294,3.5
2024-09-15 22:00:00,25.2,76,3,302,3.7777777777777777
2024-09-15 23:00:00,24.9,78,3,306,3.5833333333333335
2024-09-16 00:00:00,24.4,80,3,305,3.5277777777777777
2024-09-16 01:00:00,24.0,83,3,305,3.3055555555555554
2024-09-16 02:00:00,23.5,85,3,305,3.1666666666666665
2024-09-16 03:00:00,23.2,87,3,300,3.222222222222222
2024-09-16 04:00:00,23.1,89,2,304,3.2499999999999996
2024-09-16 05:00:00,23.0,89,0,307,3.5
2024-09-16 06:00:00,23.8,85,3,313,3.8333333333333335
2024-09-16 07:00:00,24.9,81,1,321,4.416666666666667
2024-09-16 08:00:00,26.4,75,1,328,4.944444444444445
2024-09-16 09:00:00,28.1,67,2,336,4.833333333333333
2024-09-16 10:00:00,28.8,66,51,331,4.472222222222222
2024-09-16 11:00:00,29.6,63,51,335,4.083333333333333
2024-09-16 12:00:00,30.3,63,51,333,3.8055555555555554
2024-09-16 13:00:00,30.5,62,3,328,3.555555555555556
2024-09-16 14:00:00,30.6,61,3,327,3.4722222222222223
2024-09-16 15:00:00,30.0,64,51,354,3.0277777777777777
2024-09-16 16:00:00,28.7,68,51,295,3.3055555555555554
2024-09-16 17:00:00,27.9,73,3,275,2.5
2024-09-16 18:00:00,27.4,71,3,289,2.75
2024-09-16 19:00:00,27.7,67,3,303,3.4722222222222223
2024-09-16 20:00:00,27.1,68,3,309,3.611111111111111
2024-09-16 21:00:00,26.3,71,3,315,2.972222222222222
2024-09-16 22:00:00,25.6,75,3,309,3.194444444444444
2024-09-16 23:00:00,25.7,75,3,310,2.611111111111111
2024-09-17 00:00:00,25.6,76,3,300,3.222222222222222
2024-09-17 01:00:00,25.7,75,3,302,3.7777777777777777
2024-09-17 02:00:00,25.6,75,3,315,3.9722222222222223
2024-09-17 03:00:00,25.1,78,51,307,4.0
2024-09-17 04:00:00,25.1,77,3,304,4.111111111111112
2024-09-17 05:00:00,25.2,77,3,302,4.0
2024-09-17 06:00:00,25.2,78,3,304,4.472222222222222
2024-09-17 07:00:00,25.6,78,3,310,4.555555555555555
2024-09-17 08:00:00,26.5,76,3,314,4.305555555555555
2024-09-17 09:00:00,27.8,72,3,306,4.583333333333333
2024-09-17 10:00:00,29.3,65,3,322,5.472222222222222
2024-09-17 11:00:00,29.7,64,3,318,5.249999999999999
2024-09-17 12:00:00,30.0,62,3,314,5.444444444444445
2024-09-17 13:00:00,30.5,61,2,310,5.333333333333333
2024-09-17 14:00:00,30.8,58,2,305,5.472222222222222
2024-09-17 15:00:00,30.7,59,1,303,5.0
2024-09-17 16:00:00,30.4,60,3,300,4.388888888888889
2024-09-17 17:00:00,29.0,64,3,305,4.166666666666667
2024-09-17 18:00:00,27.7,68,3,300,3.222222222222222
2024-09-17 19:00:00,27.4,69,3,283,3.1666666666666665
2024-09-17 20:00:00,27.3,70,3,286,3.75
2024-09-17 21:00:00,26.7,71,3,287,3.7777777777777777
2024-09-17 22:00:00,26.0,74,3,286,3.75
2024-09-17 23:00:00,25.8,75,3,281,3.7777777777777777
2024-09-18 00:00:00,25.4,76,3,277,3.138888888888889
2024-09-18 01:00:00,25.2,77,3,272,2.888888888888889
2024-09-18 02:00:00,25.0,78,3,268,3.0
2024-09-18 03:00:00,24.7,79,3,270,2.694444444444444
2024-09-18 04:00:00,24.3,81,1,270,2.5
2024-09-18 05:00:00,24.1,82,1,265,2.4166666666666665
2024-09-18 06:00:00,24.2,82,1,276,2.7222222222222223
2024-09-18 07:00:00,25.5,80,0,264,2.9166666666666665
2024-09-18 08:00:00,26.8,74,1,279,3.75
2024-09-18 09:00:00,27.9,69,0,285,4.25
2024-09-18 10:00:00,29.1,63,0,283,3.5833333333333335
2024-09-18 11:00:00,29.8,59,1,292,4.0
2024-09-18 12:00:00,30.4,57,0,289,3.6944444444444446
2024-09-18 13:00:00,31.2,54,1,299,4.111111111111112
2024-09-18 14:00:00,31.3,52,51,299,4.333333333333333
2024-09-18 15:00:00,31.1,53,2,307,4.0
2024-09-18 16:00:00,30.4,58,1,327,2.75
2024-09-18 17:00:00,29.1,68,1,23,1.3055555555555556
2024-09-18 18:00:00,25.9,80,0,287,1.6666666666666665
2024-09-18 19:00:00,25.3,84,1,333,1.5555555555555554
2024-09-18 20:00:00,25.1,87,0,306,1.3611111111111112
2024-09-18 21:00:00,24.6,91,1,294,1.1944444444444444
2024-09-18 22:00:00,24.3,93,0,275,1.1944444444444444
2024-09-18 23:00:00,24.0,95,0,266,1.3055555555555556
2024-09-19 00:00:00,23.7,96,1,255,1.1388888888888888
2024-09-19 01:00:00,23.3,97,0,248,1.611111111111111
2024-09-19 02:00:00,23.3,97,0,266,1.3055555555555556
2024-09-19 03:00:00,22.8,98,0,298,1.472222222222222
2024-09-19 04:00:00,22.7,99,0,345,1.1388888888888888
2024-09-19 05:00:00,23.1,98,0,344,0.7222222222222222
2024-09-19 06:00:00,23.5,96,0,307,1.5
2024-09-19 07:00:00,24.9,91,0,308,1.1388888888888888
2024-09-19 08:00:00,26.6,83,0,302,0.9444444444444444
2024-09-19 09:00:00,28.3,76,0,293,0.75
2024-09-19 10:00:00,29.6,70,0,293,0.75
2024-09-19 11:00:00,30.5,65,0,278,0.6944444444444444
2024-09-19 12:00:00,31.0,65,2,262,0.6944444444444444
2024-09-19 13:00:00,31.2,64,3,253,1.0555555555555556
2024-09-19 14:00:00,31.5,62,51,246,1.1944444444444444
2024-09-19 15:00:00,30.2,66,51,242,2.944444444444444
2024-09-19 16:00:00,28.8,74,51,258,1.9444444444444444
2024-09-19 17:00:00,28.2,78,2,260,2.2222222222222223
2024-09-19 18:00:00,27.3,84,0,335,1.4444444444444444
2024-09-19 19:00:00,26.5,83,51,358,2.694444444444444
2024-09-19 20:00:00,25.8,81,51,207,0.22222222222222224
2024-09-19 21:00:00,25.2,91,3,270,0.6944444444444444
2024-09-19 22:00:00,24.8,92,3,287,1.0555555555555556
2024-09-19 23:00:00,24.8,92,3,328,0.9444444444444444
2024-09-20 00:00:00,24.5,92,3,302,1.3055555555555556
2024-09-20 01:00:00,24.2,94,3,305,1.2222222222222223
2024-09-20 02:00:00,24.1,94,3,300,1.3888888888888888
2024-09-20 03:00:00,23.9,95,3,306,1.3611111111111112
2024-09-20 04:00:00,23.8,95,3,315,1.5555555555555554
2024-09-20 05:00:00,23.6,95,3,322,1.6388888888888888
2024-09-20 06:00:00,24.7,90,3,329,2.694444444444444
2024-09-20 07:00:00,26.1,85,3,332,2.361111111111111
2024-09-20 08:00:00,27.9,77,0,337,2.611111111111111
2024-09-20 09:00:00,29.3,70,0,342,2.833333333333333
2024-09-20 10:00:00,30.6,64,0,347,2.7777777777777777
2024-09-20 11:00:00,31.6,61,0,350,2.3333333333333335
2024-09-20 12:00:00,32.3,59,0,342,2.305555555555556
2024-09-20 13:00:00,32.4,58,1,341,2.111111111111111
2024-09-20 14:00:00,32.3,58,1,345,2.2777777777777777
2024-09-20 15:00:00,32.0,58,2,333,2.4722222222222223
2024-09-20 16:00:00,29.7,67,51,129,0.6388888888888888
2024-09-20 17:00:00,28.1,79,3,153,2.2222222222222223
2024-09-20 18:00:00,28.1,80,2,264,0.9166666666666666
2024-09-20 19:00:00,27.2,83,1,270,1.5
2024-09-20 20:00:00,26.2,90,0,306,1.3611111111111112
2024-09-20 21:00:00,25.9,90,0,338,1.0833333333333333
2024-09-20 22:00:00,25.8,90,0,330,1.3888888888888888
2024-09-20 23:00:00,25.4,91,0,318,1.1944444444444444
2024-09-21 00:00:00,25.3,91,0,323,1.5
2024-09-21 01:00:00,25.0,92,0,323,1.5
2024-09-21 02:00:00,24.8,94,0,328,1.5277777777777777
2024-09-21 03:00:00,24.6,95,0,339,1.7222222222222223
2024-09-21 04:00:00,24.5,95,0,336,1.972222222222222
2024-09-21 05:00:00,24.4,95,0,332,1.9166666666666667
2024-09-21 06:00:00,25.1,89,0,328,2.4722222222222223
2024-09-21 07:00:00,26.5,84,0,339,1.9444444444444444
2024-09-21 08:00:00,28.4,79,0,347,1.8333333333333333
2024-09-21 09:00:00,30.2,70,0,8,2.2222222222222223
2024-09-21 10:00:00,31.2,67,0,38,2.2777777777777777
2024-09-21 11:00:00,31.9,64,51,35,1.9444444444444444
2024-09-21 12:00:00,31.9,63,51,27,2.0
2024-09-21 13:00:00,29.1,76,61,34,2.5277777777777777
2024-09-21 14:00:00,30.3,70,51,21,2.7777777777777777
2024-09-21 15:00:00,30.1,71,3,2,3.5
2024-09-21 16:00:00,29.8,72,3,356,2.8055555555555554
2024-09-21 17:00:00,29.0,74,3,354,2.0
2024-09-21 18:00:00,28.6,78,3,20,1.5
2024-09-21 19:00:00,28.4,79,3,9,2.0277777777777777
2024-09-21 20:00:00,27.7,83,3,346,1.6388888888888888
2024-09-21 21:00:00,26.8,89,3,305,1.2222222222222223
2024-09-21 22:00:00,25.2,90,3,221,3.4722222222222223
2024-09-21 23:00:00,25.3,86,2,283,2.7777777777777777
2024-09-22 00:00:00,25.1,88,3,287,2.7222222222222223
2024-09-22 01:00:00,24.9,89,3,313,2.055555555555556
2024-09-22 02:00:00,24.8,89,3,326,2.6666666666666665
2024-09-22 03:00:00,24.5,91,3,322,2.2777777777777777
2024-09-22 04:00:00,24.4,91,3,335,1.6666666666666665
2024-09-22 05:00:00,24.1,93,3,29,1.027777777777778
2024-09-22 06:00:00,23.7,93,3,303,2.75
2024-09-22 07:00:00,24.7,89,51,326,2.5277777777777777
2024-09-22 08:00:00,26.2,85,3,324,3.222222222222222
2024-09-22 09:00:00,27.6,81,3,333,2.9166666666666665
2024-09-22 10:00:00,29.3,73,3,18,2.833333333333333
2024-09-22 11:00:00,30.2,72,51,34,2.1666666666666665
2024-09-22 12:00:00,31.4,69,51,38,2.2777777777777777
2024-09-22 13:00:00,31.3,66,51,60,1.972222222222222
2024-09-22 14:00:00,29.6,71,55,17,4.083333333333333
2024-09-22 15:00:00,29.4,73,51,15,2.388888888888889
2024-09-22 16:00:00,29.6,72,3,27,1.1111111111111112
2024-09-22 17:00:00,29.2,75,3,40,0.7777777777777777
2024-09-22 18:00:00,26.4,91,63,299,1.8333333333333333
2024-09-22 19:00:00,26.1,93,53,308,2.4166666666666665
2024-09-22 20:00:00,25.8,92,3,319,2.138888888888889
2024-09-22 21:00:00,25.5,92,51,313,2.055555555555556
2024-09-22 22:00:00,25.3,94,3,325,2.0833333333333335
2024-09-22 23:00:00,25.1,94,3,335,1.8888888888888888
2024-09-23 00:00:00,24.9,95,3,329,1.75
2024-09-23 01:00:00,24.8,96,3,331,1.8333333333333333
2024-09-23 02:00:00,24.6,96,3,326,1.8055555555555556
2024-09-23 03:00:00,24.6,96,3,337,2.055555555555556
2024-09-23 04:00:00,24.6,96,3,342,2.0
2024-09-23 05:00:00,24.4,96,3,339,1.3888888888888888
2024-09-23 06:00:00,24.8,95,3,342,2.2222222222222223
2024-09-23 07:00:00,25.6,90,3,342,3.1666666666666665
2024-09-23 08:00:00,26.7,86,3,344,2.9166666666666665
2024-09-23 09:00:00,27.3,84,3,13,2.1666666666666665
2024-09-23 10:00:00,29.7,75,51,27,2.2222222222222223
2024-09-23 11:00:00,30.9,72,51,31,2.111111111111111
2024-09-23 12:00:00,31.6,69,51,49,2.138888888888889
2024-09-23 13:00:00,31.5,66,51,41,2.138888888888889
2024-09-23 14:00:00,29.2,78,63,92,2.388888888888889
2024-09-23 15:00:00,29.0,77,55,308,1.1388888888888888
2024-09-23 16:00:00,26.8,88,63,8,2.111111111111111
2024-09-23 17:00:00,26.8,89,3,355,2.111111111111111
2024-09-23 18:00:00,27.4,87,51,2,2.611111111111111
2024-09-23 19:00:00,26.8,90,3,327,2.388888888888889
2024-09-23 20:00:00,26.4,92,3,328,1.3055555555555556
2024-09-23 21:00:00,26.0,93,3,318,1.5
2024-09-23 22:00:00,25.6,95,3,325,1.2222222222222223
2024-09-23 23:00:00,25.4,95,3,332,1.472222222222222
2024-09-24 00:00:00,25.2,96,3,338,1.0833333333333333
2024-09-24 01:00:00,25.1,96,3,333,1.3333333333333333
2024-09-24 02:00:00,24.9,97,3,324,1.3611111111111112
2024-09-24 03:00:00,24.8,96,3,324,1.8611111111111112
2024-09-24 04:00:00,24.7,96,3,323,1.5
2024-09-24 05:00:00,24.5,96,3,317,1.6388888888888888
2024-09-24 06:00:00,25.2,96,3,344,1.8611111111111112
2024-09-24 07:00:00,26.7,90,3,342,1.5833333333333333
2024-09-24 08:00:00,27.8,85,51,331,2.2777777777777777
2024-09-24 09:00:00,28.7,81,51,4,2.694444444444444
2024-09-24 10:00:00,29.8,75,61,6,2.9166666666666665
2024-09-24 11:00:00,29.2,78,63,349,2.5555555555555554
2024-09-24 12:00:00,26.4,89,65,63,3.5
2024-09-24 13:00:00,26.3,91,63,45,2.111111111111111
2024-09-24 14:00:00,26.4,91,55,68,1.8333333333333333
2024-09-24 15:00:00,27.4,85,51,3,1.6944444444444442
2024-09-24 16:00:00,27.8,82,3,52,1.6388888888888888
2024-09-24 17:00:00,27.7,83,3,97,0.8055555555555555
2024-09-24 18:00:00,26.1,91,3,311,1.0555555555555556
2024-09-24 19:00:00,26.0,92,51,284,0.8333333333333333
2024-09-24 20:00:00,25.7,94,51,253,1.0555555555555556
2024-09-24 21:00:00,25.4,96,3,201,0.8611111111111112
2024-09-24 22:00:00,24.9,98,55,337,0.75
2024-09-24 23:00:00,24.9,97,53,270,0.6944444444444444
2024-09-25 00:00:00,24.4,99,3,263,0.8055555555555555
2024-09-25 01:00:00,24.4,99,3,337,0.75
2024-09-25 02:00:00,24.4,96,61,3,1.8055555555555556
2024-09-25 03:00:00,24.0,97,63,2,2.388888888888889
2024-09-25 04:00:00,23.6,99,51,263,0.8055555555555555
2024-09-25 05:00:00,23.8,98,53,262,0.6944444444444444
2024-09-25 06:00:00,24.3,97,51,14,1.25
2024-09-25 07:00:00,24.9,93,53,2,1.6944444444444442
2024-09-25 08:00:00,26.2,87,51,12,1.9444444444444444
2024-09-25 09:00:00,27.5,82,51,47,1.3055555555555556
2024-09-25 10:00:00,28.4,79,51,51,0.9722222222222222
2024-09-25 11:00:00,28.9,77,51,6,0.4444444444444445
2024-09-25 12:00:00,29.8,73,51,28,0.75
2024-09-25 13:00:00,28.6,78,63,83,1.7222222222222223
2024-09-25 14:00:00,26.2,90,65,95,1.8611111111111112
2024-09-25 15:00:00,26.6,88,53,31,1.3333333333333333
2024-09-25 16:00:00,27.0,88,51,26,1.5
2024-09-25 17:00:00,26.6,89,51,106,0.7222222222222222
2024-09-25 18:00:00,25.2,95,63,88,1.5
2024-09-25 19:00:00,25.2,96,55,148,1.1111111111111112
2024-09-25 20:00:00,25.2,96,53,57,0.8333333333333333
2024-09-25 21:00:00,24.9,96,51,63,1.4444444444444444
2024-09-25 22:00:00,24.4,98,55,2,1.5555555555555554
2024-09-25 23:00:00,24.0,97,63,25,1.5555555555555554
2024-09-26 00:00:00,23.9,96,55,117,0.4444444444444445
2024-09-26 01:00:00,23.8,97,61,70,0.5833333333333334
2024-09-26 02:00:00,23.8,97,53,60,0.41666666666666663
2024-09-26 03:00:00,23.9,96,51,31,0.8611111111111112
2024-09-26 04:00:00,23.8,97,51,38,1.1388888888888888
2024-09-26 05:00:00,23.8,96,3,51,1.1111111111111112
2024-09-26 06:00:00,24.2,96,3,326,0.5277777777777778
2024-09-26 07:00:00,25.0,91,3,337,0.75
2024-09-26 08:00:00,26.2,84,3,41,1.0555555555555556
2024-09-26 09:00:00,27.6,82,3,74,1.0833333333333333
2024-09-26 10:00:00,28.4,80,3,121,0.5833333333333334
2024-09-26 11:00:00,28.9,76,51,157,1.5277777777777777
2024-09-26 12:00:00,28.5,79,61,191,2.138888888888889
2024-09-26 13:00:00,28.6,78,63,197,2.8055555555555554
2024-09-26 14:00:00,28.9,78,63,230,1.25
2024-09-26 15:00:00,27.0,81,65,231,3.5277777777777777
2024-09-26 16:00:00,26.2,89,63,166,0.6111111111111112
2024-09-26 17:00:00,26.1,92,53,204,0.8611111111111112
2024-09-26 18:00:00,25.3,96,61,171,1.6666666666666665
2024-09-26 19:00:00,24.9,94,65,189,1.8611111111111112
2024-09-26 20:00:00,24.6,96,63,225,1.3333333333333333
2024-09-26 21:00:00,24.7,96,61,207,1.4166666666666665
2024-09-26 22:00:00,24.7,97,63,186,1.8611111111111112
2024-09-26 23:00:00,24.4,97,63,222,1.2777777777777777
2024-09-27 00:00:00,24.3,97,63,235,1.3888888888888888
2024-09-27 01:00:00,24.4,97,55,203,2.2777777777777777
2024-09-27 02:00:00,24.4,97,53,182,2.4444444444444446
2024-09-27 03:00:00,24.3,97,53,179,2.75
2024-09-27 04:00:00,24.2,98,53,183,3.2499999999999996
2024-09-27 05:00:00,24.2,98,61,186,3.1666666666666665
2024-09-27 06:00:00,24.3,98,53,178,2.4444444444444446
2024-09-27 07:00:00,24.5,97,55,189,2.638888888888889
2024-09-27 08:00:00,24.8,96,55,191,2.694444444444444
2024-09-27 09:00:00,25.0,95,53,198,3.1666666666666665
2024-09-27 10:00:00,26.2,88,51,209,3.7777777777777777
2024-09-27 11:00:00,27.9,82,51,212,3.7777777777777777
2024-09-27 12:00:00,27.2,88,63,209,3.3055555555555554
2024-09-27 13:00:00,27.9,85,53,221,3.333333333333333
2024-09-27 14:00:00,28.2,81,51,226,3.6666666666666665
2024-09-27 15:00:00,27.4,83,51,216,4.083333333333333
2024-09-27 16:00:00,27.7,80,3,207,3.861111111111111
2024-09-27 17:00:00,27.1,83,3,192,2.388888888888889
2024-09-27 18:00:00,26.8,84,51,194,2.972222222222222
2024-09-27 19:00:00,26.7,81,3,208,4.0
2024-09-27 20:00:00,26.3,82,3,195,3.3611111111111107
2024-09-27 21:00:00,25.9,85,3,204,2.944444444444444
2024-09-27 22:00:00,25.5,87,3,212,2.4166666666666665
2024-09-27 23:00:00,25.2,89,3,204,2.138888888888889
2024-09-28 00:00:00,25.0,89,3,196,2.388888888888889
2024-09-28 01:00:00,24.8,91,3,190,2.2222222222222223
2024-09-28 02:00:00,24.5,92,3,197,2.0277777777777777
2024-09-28 03:00:00,24.4,92,3,190,2.8055555555555554
2024-09-28 04:00:00,24.2,91,3,190,3.138888888888889
2024-09-28 05:00:00,24.0,90,3,188,2.9166666666666665
2024-09-28 06:00:00,24.4,87,3,185,3.555555555555556
2024-09-28 07:00:00,25.4,83,3,198,4.0
2024-09-28 08:00:00,26.5,79,3,203,4.083333333333333
2024-09-28 09:00:00,27.7,74,3,208,4.666666666666667
2024-09-28 10:00:00,28.1,74,51,205,4.444444444444445
2024-09-28 11:00:00,28.3,73,51,210,5.027777777777778
2024-09-28 12:00:00,29.2,70,51,212,4.5
2024-09-28 13:00:00,29.5,69,51,202,4.083333333333333
2024-09-28 14:00:00,29.8,68,51,198,4.0
2024-09-28 15:00:00,30.2,66,3,201,4.333333333333333
2024-09-28 16:00:00,29.4,70,51,206,4.277777777777778
2024-09-28 17:00:00,28.5,75,3,221,2.9166666666666665
2024-09-28 18:00:00,27.1,80,3,177,1.6944444444444442
2024-09-28 19:00:00,26.7,82,2,181,2.111111111111111
2024-09-28 20:00:00,26.3,85,0,195,1.75
2024-09-28 21:00:00,25.8,88,0,214,1.4444444444444444
2024-09-28 22:00:00,25.3,91,3,226,1.4444444444444444
2024-09-28 23:00:00,25.3,91,3,233,1.8888888888888888
2024-09-29 00:00:00,25.2,91,1,200,1.1666666666666667
2024-09-29 01:00:00,24.5,94,61,72,0.3055555555555556
2024-09-29 02:00:00,24.6,93,51,167,1.0833333333333333
2024-09-29 03:00:00,24.4,94,3,191,1.777777777777778
2024-09-29 04:00:00,24.1,94,3,207,1.6388888888888888
2024-09-29 05:00:00,23.9,95,3,212,1.5277777777777777
2024-09-29 06:00:00,24.9,94,3,209,1.5555555555555554
2024-09-29 07:00:00,25.9,92,3,197,1.4166666666666665
2024-09-29 08:00:00,27.3,85,3,218,2.111111111111111
2024-09-29 09:00:00,28.4,79,51,220,2.5555555555555554
2024-09-29 10:00:00,29.1,75,51,214,2.833333333333333
2024-09-29 11:00:00,29.9,73,51,221,2.7777777777777777
2024-09-29 12:00:00,30.7,67,51,232,2.9166666666666665
2024-09-29 13:00:00,31.4,64,1,231,3.194444444444444
2024-09-29 14:00:00,31.6,63,1,231,3.4722222222222223
2024-09-29 15:00:00,31.2,64,1,227,3.6666666666666665
2024-09-29 16:00:00,30.7,67,3,217,3.138888888888889
2024-09-29 17:00:00,29.4,73,3,202,2.055555555555556
2024-09-29 18:00:00,27.6,82,2,158,1.4444444444444444
2024-09-29 19:00:00,26.9,85,2,170,1.4166666666666665
2024-09-29 20:00:00,26.6,87,3,180,1.6388888888888888
2024-09-29 21:00:00,26.2,89,3,204,1.472222222222222
2024-09-29 22:00:00,25.7,92,0,222,1.5
2024-09-29 23:00:00,25.4,93,1,213,1.7222222222222223
2024-09-30 00:00:00,25.1,94,2,213,1.6666666666666665
2024-09-30 01:00:00,24.7,96,2,216,1.4166666666666665
2024-09-30 02:00:00,24.5,96,1,226,1.3888888888888888
2024-09-30 03:00:00,24.1,97,0,241,1.25
2024-09-30 04:00:00,23.6,98,0,310,1.25
2024-09-30 05:00:00,23.7,98,1,347,1.1388888888888888
2024-09-30 06:00:00,25.4,95,0,247,1.5277777777777777
2024-09-30 07:00:00,26.6,90,0,240,1.1111111111111112
2024-09-30 08:00:00,28.1,84,1,239,1.2777777777777777
2024-09-30 09:00:00,29.6,76,0,239,1.75
2024-09-30 10:00:00,30.5,72,51,235,2.5
2024-09-30 11:00:00,31.3,66,0,233,3.138888888888889
2024-09-30 12:00:00,31.8,63,0,233,3.4722222222222223
2024-09-30 13:00:00,32.0,62,0,236,3.4444444444444446
2024-09-30 14:00:00,32.3,60,0,246,3.2777777777777777
2024-09-30 15:00:00,31.9,61,1,244,3.2777777777777777
2024-09-30 16:00:00,31.1,66,51,259,2.611111111111111
2024-09-30 17:00:00,30.0,78,2,281,0.7777777777777777
2024-09-30 18:00:00,29.0,82,3,141,0.6388888888888888
2024-09-30 19:00:00,28.4,83,3,187,0.8611111111111112
2024-09-30 20:00:00,27.4,90,3,225,1.3333333333333333
2024-09-30 21:00:00,26.7,91,3,238,1.2222222222222223
2024-09-30 22:00:00,26.3,90,3,258,1.4444444444444444
2024-09-30 23:00:00,26.0,90,3,268,1.5
2024-10-01 00:00:00,25.8,90,2,280,1.6666666666666665
2024-10-01 01:00:00,25.5,91,0,284,1.5
2024-10-01 02:00:00,25.0,92,0,283,1.2777777777777777
2024-10-01 03:00:00,24.7,93,0,290,1.3333333333333333
2024-10-01 04:00:00,24.6,93,0,298,1.472222222222222
2024-10-01 05:00:00,24.3,94,0,312,1.2777777777777777
2024-10-01 06:00:00,25.2,92,1,325,1.472222222222222
2024-10-01 07:00:00,26.5,89,0,312,0.6111111111111112
2024-10-01 08:00:00,28.1,83,0,313,0.9444444444444444
2024-10-01 09:00:00,29.6,74,51,306,1.5277777777777777
2024-10-01 10:00:00,30.8,67,1,290,1.75
2024-10-01 11:00:00,31.7,63,1,278,1.8611111111111112
2024-10-01 12:00:00,32.3,60,1,264,1.9166666666666667
2024-10-01 13:00:00,32.7,58,1,256,1.611111111111111
2024-10-01 14:00:00,32.9,57,0,261,1.5833333333333333
2024-10-01 15:00:00,32.4,58,1,292,2.055555555555556
2024-10-01 16:00:00,31.7,61,1,297,2.2222222222222223
2024-10-01 17:00:00,30.1,69,2,294,1.8055555555555556
2024-10-01 18:00:00,28.6,79,0,211,1.75
2024-10-01 19:00:00,28.2,77,1,201,1.7222222222222223
2024-10-01 20:00:00,27.6,79,1,219,1.9166666666666667
2024-10-01 21:00:00,27.2,79,1,239,2.138888888888889
2024-10-01 22:00:00,26.9,80,1,245,2.25
2024-10-01 23:00:00,26.5,82,0,253,2.25
2024-10-02 00:00:00,26.2,83,0,269,2.1944444444444446
2024-10-02 01:00:00,25.9,83,0,282,2.361111111111111
2024-10-02 02:00:00,25.7,85,1,291,2.25
2024-10-02 03:00:00,25.2,88,0,294,1.8611111111111112
2024-10-02 04:00:00,24.9,89,1,300,1.9166666666666667
2024-10-02 05:00:00,24.6,90,2,308,1.8611111111111112
2024-10-02 06:00:00,25.6,87,3,311,1.8333333333333333
2024-10-02 07:00:00,26.8,85,1,325,1.472222222222222
2024-10-02 08:00:00,28.5,79,1,342,1.75
2024-10-02 09:00:00,30.2,72,2,342,2.7777777777777777
2024-10-02 10:00:00,31.7,64,3,348,3.222222222222222
2024-10-02 11:00:00,32.7,57,0,348,2.5
2024-10-02 12:00:00,33.3,54,1,349,2.138888888888889
2024-10-02 13:00:00,33.8,50,1,356,2.25
2024-10-02 14:00:00,33.9,48,0,360,2.055555555555556
2024-10-02 15:00:00,34.0,48,0,345,1.7222222222222223
2024-10-02 16:00:00,33.4,54,2,315,1.4166666666666665
2024-10-02 17:00:00,31.2,70,3,272,1.4444444444444444
2024-10-02 18:00:00,29.5,70,3,236,1.611111111111111
2024-10-02 19:00:00,28.4,75,3,234,1.777777777777778
2024-10-02 20:00:00,27.6,78,3,254,2.3333333333333335
2024-10-02 21:00:00,27.4,79,1,250,2.388888888888889
2024-10-02 22:00:00,27.0,82,1,262,2.0833333333333335
2024-10-02 23:00:00,26.4,83,3,289,2.1666666666666665
2024-10-03 00:00:00,26.2,82,2,298,2.3333333333333335
2024-10-03 01:00:00,25.8,85,2,306,2.138888888888889
2024-10-03 02:00:00,25.4,87,0,309,1.8055555555555556
2024-10-03 03:00:00,25.1,89,2,321,1.75
2024-10-03 04:00:00,24.8,90,3,322,1.8611111111111112
2024-10-03 05:00:00,24.8,89,3,319,2.1944444444444446
2024-10-03 06:00:00,26.0,82,2,311,3.1111111111111107
2024-10-03 07:00:00,27.1,80,2,316,3.1111111111111107
2024-10-03 08:00:00,28.6,75,2,320,3.5277777777777777
2024-10-03 09:00:00,30.2,70,2,318,3.555555555555556
2024-10-03 10:00:00,31.8,62,3,321,3.416666666666667
2024-10-03 11:00:00,33.0,54,2,327,3.0277777777777777
2024-10-03 12:00:00,33.8,48,0,332,2.5833333333333335
2024-10-03 13:00:00,34.4,44,0,334,2.1666666666666665
2024-10-03 14:00:00,34.7,41,3,338,1.611111111111111
2024-10-03 15:00:00,34.7,41,3,360,1.611111111111111
2024-10-03 16:00:00,33.3,53,3,20,1.611111111111111
2024-10-03 17:00:00,30.8,66,3,41,1.5277777777777777
2024-10-03 18:00:00,28.7,75,3,35,2.1944444444444446
2024-10-03 19:00:00,28.0,74,0,294,1.1944444444444444
2024-10-03 20:00:00,27.3,75,0,279,1.8611111111111112
2024-10-03 21:00:00,27.0,74,0,294,1.972222222222222
2024-10-03 22:00:00,26.7,73,0,316,2.0833333333333335
2024-10-03 23:00:00,26.3,76,2,321,2.305555555555556
2024-10-04 00:00:00,25.6,80,3,323,2.1666666666666665
2024-10-04 01:00:00,25.1,83,3,325,2.1944444444444446
2024-10-04 02:00:00,24.7,85,3,325,2.3333333333333335
2024-10-04 03:00:00,24.5,87,3,320,2.5555555555555554
2024-10-04 04:00:00,24.4,86,3,317,2.5833333333333335
2024-10-04 05:00:00,24.5,86,1,322,2.861111111111111
2024-10-04 06:00:00,24.7,85,2,314,2.75
2024-10-04 07:00:00,26.2,82,3,315,2.694444444444444
2024-10-04 08:00:00,28.0,76,3,316,3.0277777777777777
2024-10-04 09:00:00,29.6,70,3,317,3.0
2024-10-04 10:00:00,31.2,61,2,319,2.861111111111111
2024-10-04 11:00:00,32.5,53,1,321,2.4444444444444446
2024-10-04 12:00:00,33.2,47,3,318,2.1666666666666665
2024-10-04 13:00:00,33.4,44,2,312,1.9444444444444444
2024-10-04 14:00:00,33.4,42,3,312,1.8888888888888888
2024-10-04 15:00:00,33.3,42,3,296,1.5
2024-10-04 16:00:00,32.4,51,3,275,1.25
2024-10-04 17:00:00,30.2,64,2,252,1.472222222222222
2024-10-04 18:00:00,28.7,69,1,270,1.8055555555555556
2024-10-04 19:00:00,29.2,63,1,175,0.5555555555555556
2024-10-04 20:00:00,26.9,82,0,115,1.4444444444444444
2024-10-04 21:00:00,27.8,74,0,155,0.7222222222222222
2024-10-04 22:00:00,26.1,82,0,255,1.3333333333333333
2024-10-04 23:00:00,25.4,83,0,303,1.6666666666666665
2024-10-05 00:00:00,24.7,85,0,333,1.5555555555555554
2024-10-05 01:00:00,24.1,88,0,333,1.4166666666666665
2024-10-05 02:00:00,23.9,88,0,327,1.8333333333333333
2024-10-05 03:00:00,23.7,85,0,332,2.0
2024-10-05 04:00:00,23.2,86,0,336,1.8055555555555556
2024-10-05 05:00:00,22.8,88,0,334,2.1666666666666665
2024-10-05 06:00:00,23.8,77,1,325,2.7222222222222223
2024-10-05 07:00:00,25.0,77,0,330,2.4166666666666665
2024-10-05 08:00:00,27.0,71,0,337,2.2222222222222223
2024-10-05 09:00:00,29.1,65,0,350,2.3333333333333335
2024-10-05 10:00:00,30.8,57,0,6,2.25
2024-10-05 11:00:00,31.9,51,0,26,1.9444444444444444
2024-10-05 12:00:00,32.5,49,0,38,1.777777777777778
2024-10-05 13:00:00,33.0,44,0,37,1.6666666666666665
2024-10-05 14:00:00,33.2,41,0,33,1.9166666666666667
2024-10-05 15:00:00,32.9,41,0,28,1.9166666666666667
2024-10-05 16:00:00,32.2,51,0,360,0.8611111111111112
2024-10-05 17:00:00,31.2,53,0,253,0.6666666666666666
2024-10-05 18:00:00,23.4,96,65,12,2.694444444444444
2024-10-05 19:00:00,24.0,94,65,346,1.9166666666666667
2024-10-05 20:00:00,24.3,91,61,332,2.5555555555555554
2024-10-05 21:00:00,24.6,89,3,290,2.611111111111111
2024-10-05 22:00:00,24.6,89,3,287,2.0833333333333335
2024-10-05 23:00:00,24.1,85,51,5,4.722222222222222
2024-10-06 00:00:00,23.3,88,55,26,4.055555555555555
2024-10-06 01:00:00,23.7,86,53,343,3.2499999999999996
2024-10-06 02:00:00,23.5,86,51,302,3.0555555555555554
2024-10-06 03:00:00,23.7,86,3,336,1.972222222222222
2024-10-06 04:00:00,23.5,88,3,358,2.5
2024-10-06 05:00:00,23.2,88,1,355,2.8055555555555554
2024-10-06 06:00:00,24.2,86,1,342,3.3055555555555554
2024-10-06 07:00:00,25.2,85,2,348,2.611111111111111
2024-10-06 08:00:00,27.2,79,0,353,2.3333333333333335
2024-10-06 09:00:00,29.6,69,1,7,2.611111111111111
2024-10-06 10:00:00,31.1,61,1,27,2.75
2024-10-06 11:00:00,32.0,54,2,41,3.194444444444444
2024-10-06 12:00:00,32.5,51,2,52,3.2499999999999996
2024-10-06 13:00:00,32.6,46,2,59,3.138888888888889
2024-10-06 14:00:00,32.8,44,2,63,2.694444444444444
2024-10-06 15:00:00,31.6,48,2,41,3.6944444444444446
2024-10-06 16:00:00,30.8,56,3,27,2.305555555555556
2024-10-06 17:00:00,29.2,69,1,351,1.2222222222222223
2024-10-06 18:00:00,28.1,68,1,320,0.7777777777777777
2024-10-06 19:00:00,26.6,76,0,308,1.472222222222222
2024-10-06 20:00:00,26.0,79,1,321,1.4166666666666665
2024-10-06 21:00:00,25.3,80,0,334,1.3888888888888888
2024-10-06 22:00:00,24.4,82,0,314,1.3888888888888888
2024-10-06 23:00:00,24.0,84,0,338,2.4166666666666665
2024-10-07 00:00:00,24.0,82,0,2,2.5555555555555554
2024-10-07 01:00:00,24.0,79,0,14,2.305555555555556
2024-10-07 02:00:00,23.6,80,0,11,2.1944444444444446
2024-10-07 03:00:00,23.1,82,0,359,2.0
2024-10-07 04:00:00,22.9,82,1,353,2.3333333333333335
2024-10-07 05:00:00,22.6,82,2,356,2.4166666666666665
2024-10-07 06:00:00,23.4,80,0,354,2.2222222222222223
2024-10-07 07:00:00,24.9,78,0,355,1.9166666666666667
2024-10-07 08:00:00,26.9,73,0,18,1.777777777777778
2024-10-07 09:00:00,28.8,67,0,42,2.0277777777777777
2024-10-07 10:00:00,30.3,61,0,51,2.4444444444444446
2024-10-07 11:00:00,31.5,54,1,48,2.4166666666666665
2024-10-07 12:00:00,32.0,49,1,42,2.0833333333333335
2024-10-07 13:00:00,32.1,48,1,45,1.8333333333333333
2024-10-07 14:00:00,32.0,49,1,44,1.8611111111111112
2024-10-07 15:00:00,31.7,49,1,49,1.5277777777777777
2024-10-07 16:00:00,31.3,51,1,49,1.0555555555555556
2024-10-07 17:00:00,30.0,70,0,72,0.4722222222222222
2024-10-07 18:00:00,27.6,71,1,26,2.055555555555556
2024-10-07 19:00:00,27.1,71,3,78,1.8888888888888888
2024-10-07 20:00:00,26.8,71,3,115,1.6666666666666665
2024-10-07 21:00:00,25.7,81,3,134,2.305555555555556
2024-10-07 22:00:00,27.0,70,3,59,0.8611111111111112
2024-10-07 23:00:00,25.4,79,3,349,0.8055555555555555
2024-10-08 00:00:00,24.9,83,3,12,1.9444444444444444
2024-10-08 01:00:00,24.3,88,3,68,1.5555555555555554
2024-10-08 02:00:00,24.1,89,3,123,1.7222222222222223
2024-10-08 03:00:00,24.3,87,3,108,1.3055555555555556
2024-10-08 04:00:00,23.9,88,3,354,1.0
2024-10-08 05:00:00,23.5,89,3,352,1.777777777777778
2024-10-08 06:00:00,24.5,85,3,3,1.6666666666666665
2024-10-08 07:00:00,25.9,80,1,15,1.1388888888888888
2024-10-08 08:00:00,27.5,74,0,40,1.25
2024-10-08 09:00:00,29.0,71,1,50,1.5555555555555554
2024-10-08 10:00:00,30.0,67,51,65,1.4444444444444444
2024-10-08 11:00:00,30.7,65,51,77,1.2777777777777777
2024-10-08 12:00:00,31.4,60,51,62,1.0833333333333333
2024-10-08 13:00:00,31.9,56,1,41,1.0555555555555556
2024-10-08 14:00:00,31.7,57,2,15,1.5
2024-10-08 15:00:00,31.1,57,51,13,0.8611111111111112
2024-10-08 16:00:00,30.9,57,3,330,0.41666666666666663
2024-10-08 17:00:00,29.1,80,3,120,0.41666666666666663
2024-10-08 18:00:00,27.0,83,3,95,1.1666666666666667
2024-10-08 19:00:00,26.3,89,3,103,1.3888888888888888
2024-10-08 20:00:00,25.7,91,3,85,1.1944444444444444
2024-10-08 21:00:00,25.2,93,0,76,1.5
2024-10-08 22:00:00,24.8,94,0,102,1.4444444444444444
2024-10-08 23:00:00,24.5,96,0,98,1.8055555555555556
2024-10-09 00:00:00,24.3,96,0,36,1.1666666666666667
2024-10-09 01:00:00,23.7,98,0,51,1.3611111111111112
2024-10-09 02:00:00,23.6,99,0,47,1.3055555555555556
2024-10-09 03:00:00,23.2,100,0,13,1.1388888888888888
2024-10-09 04:00:00,23.3,100,3,356,0.8055555555555555
2024-10-09 05:00:00,23.1,100,3,15,0.9722222222222222
2024-10-09 06:00:00,24.1,97,0,7,0.8611111111111112
2024-10-09 07:00:00,25.5,91,0,45,0.7777777777777777
2024-10-09 08:00:00,27.1,83,0,85,0.5555555555555556
2024-10-09 09:00:00,28.4,77,51,148,0.4722222222222222
2024-10-09 10:00:00,29.5,73,51,176,0.6388888888888888
2024-10-09 11:00:00,30.3,66,51,166,0.6111111111111112
2024-10-09 12:00:00,30.8,61,51,194,0.41666666666666663
2024-10-09 13:00:00,27.3,79,63,201,2.4722222222222223
2024-10-09 14:00:00,28.3,72,61,73,0.5277777777777778
2024-10-09 15:00:00,28.3,70,53,80,0.5555555555555556
2024-10-09 16:00:00,28.1,72,3,353,1.25
2024-10-09 17:00:00,27.1,79,3,2,1.8611111111111112
2024-10-09 18:00:00,25.8,85,3,344,4.472222222222222
2024-10-09 19:00:00,24.9,87,3,354,2.972222222222222
2024-10-09 20:00:00,24.7,87,3,347,2.4722222222222223
2024-10-09 21:00:00,24.5,89,3,333,1.8888888888888888
2024-10-09 22:00:00,24.3,90,3,338,1.8888888888888888
2024-10-09 23:00:00,23.6,94,3,349,1.0555555555555556
2024-10-10 00:00:00,23.3,96,0,21,1.1111111111111112
2024-10-10 01:00:00,23.0,97,2,60,1.2222222222222223
2024-10-10 02:00:00,22.7,99,0,150,1.0
2024-10-10 03:00:00,23.0,98,0,186,0.9444444444444444
2024-10-10 04:00:00,22.4,100,0,340,0.5833333333333334
2024-10-10 05:00:00,22.5,100,3,7,1.1666666666666667
2024-10-10 06:00:00,23.3,97,3,8,1.472222222222222
2024-10-10 07:00:00,24.7,90,3,42,1.2777777777777777
2024-10-10 08:00:00,26.4,83,3,41,1.0555555555555556
2024-10-10 09:00:00,28.1,74,3,87,0.888888888888889
2024-10-10 10:00:00,29.3,68,51,113,1.25
2024-10-10 11:00:00,30.3,66,51,124,1.5
2024-10-10 12:00:00,31.1,63,1,131,1.5277777777777777
2024-10-10 13:00:00,31.5,61,1,135,1.5555555555555554
2024-10-10 14:00:00,31.6,59,3,132,1.2777777777777777
2024-10-10 15:00:00,30.9,61,2,99,1.6666666666666665
2024-10-10 16:00:00,30.8,60,1,90,1.4444444444444444
2024-10-10 17:00:00,29.4,69,0,53,1.25
2024-10-10 18:00:00,25.9,85,2,355,2.4166666666666665
2024-10-10 19:00:00,25.7,87,3,353,2.361111111111111
2024-10-10 20:00:00,25.4,87,3,350,2.5277777777777777
2024-10-10 21:00:00,25.0,87,3,353,2.0277777777777777
2024-10-10 22:00:00,24.9,88,3,353,2.111111111111111
2024-10-10 23:00:00,24.9,89,51,351,1.9166666666666667
2024-10-11 00:00:00,24.6,91,1,342,1.75
2024-10-11 01:00:00,24.3,92,1,337,1.4166666666666665
2024-10-11 02:00:00,24.0,93,0,14,1.4444444444444444
2024-10-11 03:00:00,24.1,92,1,119,0.6388888888888888
2024-10-11 04:00:00,23.5,94,2,156,1.8611111111111112
2024-10-11 05:00:00,23.5,94,51,90,0.9444444444444444
2024-10-11 06:00:00,23.7,97,1,43,1.25
2024-10-11 07:00:00,25.0,90,1,51,1.611111111111111
2024-10-11 08:00:00,26.7,82,1,53,1.5833333333333333
2024-10-11 09:00:00,28.0,76,51,106,2.138888888888889
2024-10-11 10:00:00,28.8,72,51,126,2.2222222222222223
2024-10-11 11:00:00,29.9,70,51,117,2.4722222222222223
2024-10-11 12:00:00,30.9,65,51,119,2.5
2024-10-11 13:00:00,30.9,63,3,127,2.388888888888889
2024-10-11 14:00:00,31.1,61,3,109,1.8611111111111112
2024-10-11 15:00:00,27.1,81,61,31,3.194444444444444
2024-10-11 16:00:00,26.6,83,3,349,3.3611111111111107
2024-10-11 17:00:00,26.3,83,3,354,1.972222222222222
2024-10-11 18:00:00,26.2,87,3,338,1.5555555555555554
2024-10-11 19:00:00,26.0,88,3,359,2.0
2024-10-11 20:00:00,25.5,91,2,356,1.9444444444444444
2024-10-11 21:00:00,24.9,94,1,344,1.4444444444444444
2024-10-11 22:00:00,24.5,96,0,337,1.3055555555555556
2024-10-11 23:00:00,24.3,97,0,342,1.5833333333333333
2024-10-12 00:00:00,24.1,96,0,351,1.611111111111111
2024-10-12 01:00:00,23.9,96,1,357,1.6666666666666665
2024-10-12 02:00:00,23.2,96,63,163,3.333333333333333
2024-10-12 03:00:00,23.2,96,61,122,1.5277777777777777
2024-10-12 04:00:00,22.7,99,1,131,0.9166666666666666
2024-10-12 05:00:00,22.4,99,1,38,0.888888888888889
2024-10-12 06:00:00,22.9,96,51,210,0.6944444444444444
2024-10-12 07:00:00,23.2,97,51,44,1.5833333333333333
2024-10-12 08:00:00,23.7,94,53,30,2.305555555555556
2024-10-12 09:00:00,25.3,84,51,52,2.2777777777777777
2024-10-12 10:00:00,26.3,81,3,66,2.25
2024-10-12 11:00:00,27.8,75,3,91,2.305555555555556
2024-10-12 12:00:00,28.9,71,2,111,2.638888888888889
2024-10-12 13:00:00,29.6,67,3,113,2.861111111111111
2024-10-12 14:00:00,29.5,66,3,110,2.8055555555555554
2024-10-12 15:00:00,29.3,67,2,102,2.694444444444444
2024-10-12 16:00:00,28.9,69,2,107,2.6666666666666665
2024-10-12 17:00:00,27.6,77,2,113,1.6388888888888888
2024-10-12 18:00:00,27.0,84,3,22,1.0833333333333333
2024-10-12 19:00:00,26.4,88,3,3,1.6666666666666665
2024-10-12 20:00:00,25.6,93,3,359,2.0
2024-10-12 21:00:00,25.3,93,3,358,1.75
2024-10-12 22:00:00,24.9,94,0,1,2.055555555555556
2024-10-12 23:00:00,24.6,93,0,18,1.9444444444444444
2024-10-13 00:00:00,24.5,92,0,36,1.8611111111111112
2024-10-13 01:00:00,24.0,94,1,29,1.1388888888888888
2024-10-13 02:00:00,24.1,93,51,52,1.5277777777777777
2024-10-13 03:00:00,23.1,98,63,203,1.4166666666666665
2024-10-13 04:00:00,23.3,97,51,325,0.6111111111111112
2024-10-13 05:00:00,23.2,98,53,263,0.41666666666666663
2024-10-13 06:00:00,24.1,96,3,54,0.8611111111111112
2024-10-13 07:00:00,25.2,92,2,58,1.3055555555555556
2024-10-13 08:00:00,26.6,87,1,74,0.7222222222222222
2024-10-13 09:00:00,28.3,78,1,109,1.0555555555555556
2024-10-13 10:00:00,29.5,71,51,127,1.5
2024-10-13 11:00:00,30.1,70,51,124,1.4444444444444444
2024-10-13 12:00:00,30.9,68,51,113,1.027777777777778
2024-10-13 13:00:00,31.0,67,51,104,0.8333333333333333
2024-10-13 14:00:00,30.8,67,51,123,1.5555555555555554
2024-10-13 15:00:00,26.7,83,63,192,1.6388888888888888
2024-10-13 16:00:00,27.2,80,51,351,0.6111111111111112
2024-10-13 17:00:00,26.3,86,3,12,2.25
2024-10-13 18:00:00,26.0,89,3,350,1.7222222222222223
2024-10-13 19:00:00,25.9,90,3,345,2.3333333333333335
2024-10-13 20:00:00,25.7,91,3,359,2.25
2024-10-13 21:00:00,25.3,93,1,11,1.8888888888888888
2024-10-13 22:00:00,24.8,95,1,12,1.6388888888888888
2024-10-13 23:00:00,24.6,94,3,3,1.75
2024-10-14 00:00:00,24.1,95,3,360,1.4444444444444444
2024-10-14 01:00:00,23.9,94,1,360,1.6388888888888888
2024-10-14 02:00:00,23.7,94,0,358,1.75
2024-10-14 03:00:00,23.5,94,0,2,1.5555555555555554
2024-10-14 04:00:00,23.3,94,3,8,1.5
2024-10-14 05:00:00,23.0,95,2,27,1.2222222222222223
2024-10-14 06:00:00,23.9,91,3,10,1.7222222222222223
2024-10-14 07:00:00,25.3,86,3,24,1.5833333333333333
2024-10-14 08:00:00,27.0,80,2,53,1.6666666666666665
2024-10-14 09:00:00,28.6,75,2,81,2.2777777777777777
2024-10-14 10:00:00,29.9,68,51,99,2.7777777777777777
2024-10-14 11:00:00,30.6,63,2,106,2.388888888888889
2024-10-14 12:00:00,31.2,59,3,97,2.0277777777777777
2024-10-14 13:00:00,31.6,58,1,85,1.6666666666666665
2024-10-14 14:00:00,31.7,57,1,83,1.6666666666666665
2024-10-14 15:00:00,31.5,58,1,69,1.6666666666666665
2024-10-14 16:00:00,30.8,61,1,60,1.8055555555555556
2024-10-14 17:00:00,29.3,71,2,31,1.4444444444444444
2024-10-14 18:00:00,27.5,78,0,67,1.6388888888888888
2024-10-14 19:00:00,26.8,81,0,82,1.777777777777778
2024-10-14 20:00:00,26.2,82,0,85,1.8611111111111112
2024-10-14 21:00:00,25.8,83,0,47,1.6944444444444442
2024-10-14 22:00:00,25.2,88,0,351,1.3055555555555556
2024-10-14 23:00:00,24.6,93,0,343,1.3611111111111112
2024-10-15 00:00:00,24.2,95,0,360,1.3611111111111112
2024-10-15 01:00:00,24.1,94,0,18,1.6388888888888888
2024-10-15 02:00:00,23.8,95,1,4,1.4166666666666665
2024-10-15 03:00:00,23.6,96,3,6,1.5
2024-10-15 04:00:00,23.4,96,3,7,1.7222222222222223
2024-10-15 05:00:00,23.2,96,3,10,1.6666666666666665
2024-10-15 06:00:00,23.9,92,2,12,1.8888888888888888
2024-10-15 07:00:00,25.4,87,3,22,1.5555555555555554
2024-10-15 08:00:00,27.2,81,3,54,1.972222222222222
2024-10-15 09:00:00,28.9,73,51,85,2.4166666666666665
2024-10-15 10:00:00,29.9,66,51,100,2.388888888888889
2024-10-15 11:00:00,30.7,61,3,108,2.2222222222222223
2024-10-15 12:00:00,31.2,61,3,104,1.6944444444444442
2024-10-15 13:00:00,31.7,60,3,111,1.3888888888888888
2024-10-15 14:00:00,31.9,59,2,84,0.9166666666666666
2024-10-15 15:00:00,31.6,58,3,34,1.25
2024-10-15 16:00:00,31.0,61,3,33,1.472222222222222
2024-10-15 17:00:00,29.3,75,3,24,1.0833333333333333
2024-10-15 18:00:00,27.6,78,3,32,1.6944444444444442
2024-10-15 19:00:00,27.3,79,3,88,1.75
2024-10-15 20:00:00,26.6,81,3,86,1.9444444444444444
2024-10-15 21:00:00,26.2,82,3,27,1.4166666666666665
2024-10-15 22:00:00,25.7,84,3,14,2.0
2024-10-15 23:00:00,25.2,85,2,27,1.6388888888888888
2024-10-16 00:00:00,24.4,90,3,27,1.5555555555555554
2024-10-16 01:00:00,24.1,91,3,5,1.1944444444444444
2024-10-16 02:00:00,24.0,91,3,5,1.1666666666666667
2024-10-16 03:00:00,23.9,91,3,2,1.75
2024-10-16 04:00:00,23.7,92,3,359,1.9444444444444444
2024-10-16 05:00:00,23.6,92,3,359,2.1944444444444446
2024-10-16 06:00:00,24.1,92,3,349,1.5277777777777777
2024-10-16 07:00:00,25.6,87,3,351,0.6111111111111112
2024-10-16 08:00:00,27.7,79,2,51,0.9722222222222222
2024-10-16 09:00:00,29.2,72,0,66,1.5833333333333333
2024-10-16 10:00:00,29.8,68,51,89,2.055555555555556
2024-10-16 11:00:00,30.5,65,51,85,2.111111111111111
2024-10-16 12:00:00,30.8,66,0,80,2.0833333333333335
2024-10-16 13:00:00,31.2,63,0,79,2.0833333333333335
2024-10-16 14:00:00,31.2,62,0,77,1.75
2024-10-16 15:00:00,31.1,61,0,51,1.611111111111111
2024-10-16 16:00:00,30.6,63,1,40,1.6944444444444442
2024-10-16 17:00:00,29.2,73,1,37,1.0
2024-10-16 18:00:00,28.1,75,1,5,2.2222222222222223
2024-10-16 19:00:00,27.4,78,0,8,2.1666666666666665
2024-10-16 20:00:00,26.8,80,0,5,1.8611111111111112
2024-10-16 21:00:00,26.3,82,3,13,1.8333333333333333
2024-10-16 22:00:00,25.9,85,3,27,1.6666666666666665
2024-10-16 23:00:00,25.5,87,3,28,1.5833333333333333
2024-10-17 00:00:00,25.3,88,3,8,2.0833333333333335
2024-10-17 01:00:00,25.0,90,3,6,2.25
2024-10-17 02:00:00,24.6,92,3,15,1.75
2024-10-17 03:00:00,24.3,93,3,27,1.4444444444444444
2024-10-17 04:00:00,24.0,94,0,34,1.3333333333333333
2024-10-17 05:00:00,23.8,94,2,48,1.2777777777777777
2024-10-17 06:00:00,24.6,91,0,23,1.8055555555555556
2024-10-17 07:00:00,26.0,86,3,32,1.8055555555555556
2024-10-17 08:00:00,27.7,79,1,55,2.25
2024-10-17 09:00:00,29.3,71,51,76,2.944444444444444
2024-10-17 10:00:00,30.5,65,51,86,2.75
2024-10-17 11:00:00,31.3,61,1,95,2.4444444444444446
2024-10-17 12:00:00,32.0,60,3,93,2.055555555555556
2024-10-17 13:00:00,32.5,58,1,79,1.5833333333333333
2024-10-17 14:00:00,32.3,57,0,59,1.8611111111111112
2024-10-17 15:00:00,31.9,59,1,50,2.1666666666666665
2024-10-17 16:00:00,31.3,60,51,52,2.2777777777777777
2024-10-17 17:00:00,29.8,68,3,72,1.5833333333333333
2024-10-17 18:00:00,27.2,78,53,16,3.1111111111111107
2024-10-17 19:00:00,27.0,79,2,16,2.6666666666666665
2024-10-17 20:00:00,26.5,82,3,6,2.5
2024-10-17 21:00:00,26.2,84,3,10,2.2777777777777777
2024-10-17 22:00:00,25.5,85,3,9,2.0277777777777777
2024-10-17 23:00:00,25.1,86,3,6,1.972222222222222
2024-10-18 00:00:00,24.8,86,3,19,1.6944444444444442
2024-10-18 01:00:00,24.5,88,3,27,1.4166666666666665
2024-10-18 02:00:00,24.5,87,3,38,1.3888888888888888
2024-10-18 03:00:00,24.6,86,3,29,1.8888888888888888
2024-10-18 04:00:00,24.4,87,3,31,1.6388888888888888
2024-10-18 05:00:00,24.1,89,3,44,1.5833333333333333
2024-10-18 06:00:00,24.6,89,2,37,1.6666666666666665
2024-10-18 07:00:00,25.9,85,1,57,1.472222222222222
2024-10-18 08:00:00,27.7,79,1,74,1.8611111111111112
2024-10-18 09:00:00,29.3,72,1,87,1.9444444444444444
2024-10-18 10:00:00,30.6,65,51,103,2.25
2024-10-18 11:00:00,31.5,60,0,105,1.972222222222222
2024-10-18 12:00:00,32.1,57,0,102,1.7222222222222223
2024-10-18 13:00:00,32.4,57,1,101,1.777777777777778
2024-10-18 14:00:00,32.3,56,0,100,1.777777777777778
2024-10-18 15:00:00,31.6,58,1,92,1.4444444444444444
2024-10-18 16:00:00,31.0,60,2,46,2.2222222222222223
2024-10-18 17:00:00,27.5,77,61,198,1.75
2024-10-18 18:00:00,28.5,69,2,37,2.833333333333333
2024-10-18 19:00:00,27.3,76,0,32,1.5833333333333333
2024-10-18 20:00:00,26.4,81,3,16,1.25
2024-10-18 21:00:00,25.6,88,3,11,1.2777777777777777
2024-10-18 22:00:00,25.4,89,3,348,0.9722222222222222
2024-10-18 23:00:00,25.0,91,3,351,1.3055555555555556
2024-10-19 00:00:00,24.6,92,3,349,1.0555555555555556
2024-10-19 01:00:00,24.4,93,3,345,1.3333333333333333
2024-10-19 02:00:00,24.3,92,3,328,1.4166666666666665
2024-10-19 03:00:00,23.8,92,61,257,2.0
2024-10-19 04:00:00,23.1,96,63,85,1.75
2024-10-19 05:00:00,23.2,98,51,348,1.2222222222222223
2024-10-19 06:00:00,24.0,94,51,22,2.1666666666666665
2024-10-19 07:00:00,24.8,91,3,15,2.5277777777777777
2024-10-19 08:00:00,26.2,83,1,31,2.9166666666666665
2024-10-19 09:00:00,27.6,77,1,25,2.75
2024-10-19 10:00:00,29.1,71,0,35,2.0
2024-10-19 11:00:00,30.3,66,0,49,1.8333333333333333
2024-10-19 12:00:00,31.3,63,0,50,1.8888888888888888
2024-10-19 13:00:00,31.9,61,0,56,1.6944444444444442
2024-10-19 14:00:00,31.8,62,0,43,1.6944444444444442
2024-10-19 15:00:00,30.9,64,53,55,2.5555555555555554
2024-10-19 16:00:00,29.8,69,53,92,1.4444444444444444
2024-10-19 17:00:00,27.3,81,63,40,2.2222222222222223
2024-10-19 18:00:00,27.2,76,3,290,1.5
2024-10-19 19:00:00,25.9,82,3,303,2.5555555555555554
2024-10-19 20:00:00,25.2,82,3,286,2.138888888888889
2024-10-19 21:00:00,24.7,85,3,303,1.3611111111111112
2024-10-19 22:00:00,24.4,87,3,328,1.4166666666666665
2024-10-19 23:00:00,24.4,88,3,332,1.3055555555555556
2024-10-20 00:00:00,24.2,90,3,340,1.1666666666666667
2024-10-20 01:00:00,23.9,92,3,354,0.9444444444444444
2024-10-20 02:00:00,23.9,95,3,335,0.9444444444444444
2024-10-20 03:00:00,24.0,92,1,304,0.16666666666666666
2024-10-20 04:00:00,23.7,95,0,243,0.22222222222222224
2024-10-20 05:00:00,22.8,98,2,342,1.1111111111111112
2024-10-20 06:00:00,23.8,95,3,336,0.6111111111111112
2024-10-20 07:00:00,24.2,93,3,132,0.6111111111111112
2024-10-20 08:00:00,25.4,89,3,101,0.5
2024-10-20 09:00:00,27.1,79,3,73,1.1944444444444444
2024-10-20 10:00:00,28.0,71,3,69,1.5
2024-10-20 11:00:00,29.5,60,3,72,2.138888888888889
2024-10-20 12:00:00,30.1,55,1,59,2.388888888888889
2024-10-20 13:00:00,30.7,54,0,50,2.2222222222222223
2024-10-20 14:00:00,30.9,54,0,59,2.111111111111111
2024-10-20 15:00:00,30.5,53,1,67,2.833333333333333
2024-10-20 16:00:00,29.5,56,51,102,2.4444444444444446
2024-10-20 17:00:00,26.9,76,51,181,2.638888888888889
2024-10-20 18:00:00,23.0,85,51,62,2.361111111111111
2024-10-20 19:00:00,22.9,86,2,69,1.5
2024-10-20 20:00:00,23.6,82,3,41,1.3888888888888888
2024-10-20 21:00:00,23.2,86,3,300,0.41666666666666663
2024-10-20 22:00:00,23.3,87,3,328,1.777777777777778
2024-10-20 23:00:00,23.3,87,3,347,1.8333333333333333
2024-10-21 00:00:00,23.0,88,1,338,1.7222222222222223
2024-10-21 01:00:00,22.2,90,0,335,1.777777777777778
2024-10-21 02:00:00,22.1,90,0,327,1.6666666666666665
2024-10-21 03:00:00,21.8,91,0,330,1.8055555555555556
2024-10-21 04:00:00,21.6,92,0,342,1.9444444444444444
2024-10-21 05:00:00,21.3,93,0,335,1.777777777777778
2024-10-21 06:00:00,22.8,96,0,7,1.611111111111111
2024-10-21 07:00:00,24.4,91,0,12,1.4444444444444444
2024-10-21 08:00:00,26.5,79,0,48,1.8055555555555556
2024-10-21 09:00:00,28.2,69,0,67,2.2222222222222223
2024-10-21 10:00:00,29.5,61,0,75,1.9166666666666667
2024-10-21 11:00:00,30.4,56,0,79,1.6388888888888888
2024-10-21 12:00:00,31.1,55,0,74,1.4444444444444444
2024-10-21 13:00:00,31.3,54,1,56,1.4444444444444444
2024-10-21 14:00:00,31.3,52,1,36,1.611111111111111
2024-10-21 15:00:00,30.7,52,0,30,2.305555555555556
2024-10-21 16:00:00,30.0,54,2,39,2.055555555555556
2024-10-21 17:00:00,28.4,65,2,36,1.3611111111111112
2024-10-21 18:00:00,26.7,72,3,71,1.6944444444444442
2024-10-21 19:00:00,25.9,77,1,39,1.3611111111111112
2024-10-21 20:00:00,24.9,85,1,29,1.5555555555555554
2024-10-21 21:00:00,24.4,87,0,70,1.6388888888888888
2024-10-21 22:00:00,24.1,88,0,77,1.5277777777777777
2024-10-21 23:00:00,23.7,89,0,60,1.5
2024-10-22 00:00:00,23.2,91,1,46,1.5277777777777777
2024-10-22 01:00:00,23.0,91,2,30,1.3888888888888888
2024-10-22 02:00:00,22.6,93,2,17,1.3611111111111112
2024-10-22 03:00:00,22.4,94,0,8,1.4166666666666665
2024-10-22 04:00:00,22.3,93,0,360,1.75
2024-10-22 05:00:00,22.0,93,0,12,1.4444444444444444
2024-10-22 06:00:00,23.2,92,1,54,1.2777777777777777
2024-10-22 07:00:00,24.6,85,3,67,1.3055555555555556
2024-10-22 08:00:00,25.8,80,3,67,1.25
2024-10-22 09:00:00,27.1,75,1,60,1.1111111111111112
2024-10-22 10:00:00,28.9,65,0,96,1.5555555555555554
2024-10-22 11:00:00,30.0,59,0,90,1.4444444444444444
2024-10-22 12:00:00,30.6,57,0,80,1.4166666666666665
2024-10-22 13:00:00,30.8,55,1,61,1.5555555555555554
2024-10-22 14:00:00,30.8,54,0,55,1.9444444444444444
2024-10-22 15:00:00,30.8,51,0,51,2.138888888888889
2024-10-22 16:00:00,29.9,53,1,37,2.388888888888889
2024-10-22 17:00:00,28.1,64,3,358,1.3888888888888888
2024-10-22 18:00:00,26.6,75,2,52,1.777777777777778
2024-10-22 19:00:00,27.0,71,2,59,1.4444444444444444
2024-10-22 20:00:00,27.4,66,0,150,1.0
2024-10-22 21:00:00,26.1,73,0,245,0.7222222222222222
2024-10-22 22:00:00,24.3,83,2,281,1.0555555555555556
2024-10-22 23:00:00,23.8,86,2,295,1.0555555555555556
2024-10-23 00:00:00,23.1,89,2,324,0.9166666666666666
2024-10-23 01:00:00,22.9,89,2,345,1.9166666666666667
2024-10-23 02:00:00,22.7,90,2,340,1.9166666666666667
2024-10-23 03:00:00,22.6,90,2,337,2.3333333333333335
2024-10-23 04:00:00,22.2,91,0,339,2.361111111111111
2024-10-23 05:00:00,21.8,89,0,335,2.4722222222222223
2024-10-23 06:00:00,22.0,85,0,339,2.5555555555555554
2024-10-23 07:00:00,23.4,80,0,336,2.833333333333333
2024-10-23 08:00:00,25.9,71,0,342,2.361111111111111
2024-10-23 09:00:00,28.7,56,0,356,2.75
2024-10-23 10:00:00,30.5,46,0,11,2.861111111111111
2024-10-23 11:00:00,31.4,42,0,12,2.972222222222222
2024-10-23 12:00:00,32.2,38,0,16,3.083333333333333
2024-10-23 13:00:00,32.7,35,0,20,3.3888888888888884
2024-10-23 14:00:00,32.6,35,0,14,3.611111111111111
2024-10-23 15:00:00,32.3,35,0,7,3.5277777777777777
2024-10-23 16:00:00,31.0,42,0,351,2.638888888888889
2024-10-23 17:00:00,28.5,48,0,336,2.611111111111111
2024-10-23 18:00:00,26.6,57,0,321,2.0
2024-10-23 19:00:00,25.5,62,1,344,1.777777777777778
2024-10-23 20:00:00,24.1,74,2,351,2.2777777777777777
2024-10-23 21:00:00,24.0,72,2,357,1.6944444444444442
2024-10-23 22:00:00,23.6,74,3,347,2.055555555555556
2024-10-23 23:00:00,22.7,77,3,333,1.6388888888888888
2024-10-24 00:00:00,22.3,77,3,337,2.0277777777777777
2024-10-24 01:00:00,21.7,78,3,340,2.0277777777777777
2024-10-24 02:00:00,21.5,76,3,341,2.4722222222222223
2024-10-24 03:00:00,21.5,72,3,342,2.7777777777777777
2024-10-24 04:00:00,21.5,69,3,337,3.083333333333333
2024-10-24 05:00:00,21.4,69,3,331,3.5
2024-10-24 06:00:00,21.6,72,3,334,3.555555555555556
2024-10-24 07:00:00,23.0,72,3,337,3.861111111111111
2024-10-24 08:00:00,25.2,67,3,347,2.972222222222222
2024-10-24 09:00:00,27.3,61,3,360,2.694444444444444
2024-10-24 10:00:00,28.8,55,3,5,2.972222222222222
2024-10-24 11:00:00,30.0,49,3,2,3.6666666666666665
2024-10-24 12:00:00,30.9,44,3,355,3.416666666666667
2024-10-24 13:00:00,31.5,40,3,351,3.944444444444444
2024-10-24 14:00:00,31.3,40,3,354,4.527777777777778
2024-10-24 15:00:00,30.8,41,3,1,4.638888888888888
2024-10-24 16:00:00,29.7,46,3,20,3.7777777777777777
2024-10-24 17:00:00,28.0,49,3,28,3.222222222222222
2024-10-24 18:00:00,26.3,56,3,1,2.4444444444444446
2024-10-24 19:00:00,25.5,59,3,3,2.25
2024-10-24 20:00:00,24.3,66,3,338,1.7222222222222223
2024-10-24 21:00:00,23.6,72,3,322,1.5277777777777777
2024-10-24 22:00:00,22.9,76,3,319,1.8333333333333333
2024-10-24 23:00:00,22.7,75,3,325,2.5555555555555554
2024-10-25 00:00:00,22.4,75,3,331,2.861111111111111
2024-10-25 01:00:00,22.1,74,3,339,2.944444444444444
2024-10-25 02:00:00,21.7,74,2,347,2.833333333333333
2024-10-25 03:00:00,21.4,76,0,343,2.5277777777777777
2024-10-25 04:00:00,21.0,79,0,345,2.2777777777777777
2024-10-25 05:00:00,20.7,82,1,337,2.2222222222222223
2024-10-25 06:00:00,21.2,83,0,328,2.361111111111111
2024-10-25 07:00:00,23.0,78,1,324,2.611111111111111
2024-10-25 08:00:00,25.3,70,2,345,2.861111111111111
2024-10-25 09:00:00,27.0,66,2,354,3.0277777777777777
2024-10-25 10:00:00,28.5,63,2,351,3.194444444444444
2024-10-25 11:00:00,30.1,56,2,360,4.111111111111112
2024-10-25 12:00:00,30.9,52,1,359,4.0
2024-10-25 13:00:00,31.8,47,1,358,3.75
2024-10-25 14:00:00,32.1,45,1,6,4.083333333333333
2024-10-25 15:00:00,31.7,46,0,6,4.361111111111111
2024-10-25 16:00:00,30.7,50,0,355,3.9722222222222223
2024-10-25 17:00:00,29.0,55,0,335,3.3888888888888884
2024-10-25 18:00:00,26.9,66,0,5,1.6944444444444442
2024-10-25 19:00:00,26.1,69,0,14,1.8611111111111112
2024-10-25 20:00:00,25.6,70,3,359,2.1944444444444446
2024-10-25 21:00:00,25.1,71,1,1,2.5
2024-10-25 22:00:00,24.8,72,3,11,2.611111111111111
2024-10-25 23:00:00,24.2,74,3,5,2.4166666666666665
2024-10-26 00:00:00,23.5,77,3,358,2.305555555555556
2024-10-26 01:00:00,23.0,79,3,354,2.5555555555555554
2024-10-26 02:00:00,22.7,81,3,350,2.5277777777777777
2024-10-26 03:00:00,22.2,83,3,342,2.4722222222222223
2024-10-26 04:00:00,21.8,86,3,342,2.7777777777777777
2024-10-26 05:00:00,21.6,87,1,345,3.0
2024-10-26 06:00:00,22.1,87,3,345,3.0
2024-10-26 07:00:00,23.6,82,3,350,2.944444444444444
2024-10-26 08:00:00,26.0,73,3,359,3.1111111111111107
2024-10-26 09:00:00,28.1,65,1,11,3.1111111111111107
2024-10-26 10:00:00,29.6,56,0,18,3.2499999999999996
2024-10-26 11:00:00,30.4,51,1,18,2.888888888888889
2024-10-26 12:00:00,30.9,49,0,9,2.888888888888889
2024-10-26 13:00:00,31.4,47,3,355,2.9166666666666665
2024-10-26 14:00:00,31.9,44,3,345,3.1111111111111107
2024-10-26 15:00:00,32.2,36,2,349,3.4722222222222223
2024-10-26 16:00:00,30.9,40,2,353,3.638888888888889
2024-10-26 17:00:00,28.7,46,2,346,3.333333333333333
2024-10-26 18:00:00,26.8,55,2,33,2.0833333333333335
2024-10-26 19:00:00,25.7,58,3,30,1.9166666666666667
2024-10-26 20:00:00,24.3,67,3,13,2.361111111111111
2024-10-26 21:00:00,24.0,68,2,341,1.6944444444444442
2024-10-26 22:00:00,23.3,74,2,332,2.138888888888889
2024-10-26 23:00:00,22.9,76,2,338,2.305555555555556
2024-10-27 00:00:00,22.5,77,3,338,2.638888888888889
2024-10-27 01:00:00,22.0,77,3,339,2.4722222222222223
2024-10-27 02:00:00,21.5,77,2,339,2.1944444444444446
2024-10-27 03:00:00,21.0,78,0,339,2.0833333333333335
2024-10-27 04:00:00,20.7,79,0,338,2.305555555555556
2024-10-27 05:00:00,20.4,80,0,339,2.4722222222222223
2024-10-27 06:00:00,20.4,81,0,335,2.2222222222222223
2024-10-27 07:00:00,21.8,78,0,349,1.8888888888888888
2024-10-27 08:00:00,24.5,69,0,354,1.8055555555555556
2024-10-27 09:00:00,27.0,62,0,9,1.8611111111111112
2024-10-27 10:00:00,28.7,58,0,14,1.6944444444444442
2024-10-27 11:00:00,29.8,52,0,356,2.111111111111111
2024-10-27 12:00:00,30.5,49,2,357,2.055555555555556
2024-10-27 13:00:00,31.0,48,2,3,1.8888888888888888
2024-10-27 14:00:00,31.3,45,1,7,1.972222222222222
2024-10-27 15:00:00,31.2,44,2,7,1.5555555555555554
2024-10-27 16:00:00,30.8,46,1,352,0.75
2024-10-27 17:00:00,28.7,61,3,252,1.3055555555555556
2024-10-27 18:00:00,27.7,58,0,242,1.3055555555555556
2024-10-27 19:00:00,25.9,68,3,224,1.4444444444444444
2024-10-27 20:00:00,26.2,70,2,204,0.9722222222222222
2024-10-27 21:00:00,24.9,75,1,339,1.3888888888888888
2024-10-27 22:00:00,24.0,77,0,336,1.472222222222222
2024-10-27 23:00:00,23.7,78,0,345,1.9166666666666667
2024-10-28 00:00:00,23.3,79,0,358,1.6944444444444442
2024-10-28 01:00:00,22.7,83,0,8,1.5
2024-10-28 02:00:00,22.3,84,0,14,1.5
2024-10-28 03:00:00,22.0,87,0,4,1.3611111111111112
2024-10-28 04:00:00,21.7,88,0,351,1.2777777777777777
2024-10-28 05:00:00,21.7,88,1,344,1.4444444444444444
2024-10-28 06:00:00,22.1,87,1,344,1.6666666666666665
2024-10-28 07:00:00,24.0,80,0,345,1.972222222222222
2024-10-28 08:00:00,26.1,73,1,3,2.111111111111111
2024-10-28 09:00:00,28.0,67,0,21,1.9444444444444444
2024-10-28 10:00:00,29.5,59,0,30,1.3888888888888888
2024-10-28 11:00:00,30.4,53,0,22,0.9166666666666666
2024-10-28 12:00:00,31.2,49,1,9,0.9166666666666666
2024-10-28 13:00:00,31.6,47,0,351,0.9166666666666666
2024-10-28 14:00:00,31.7,46,51,10,1.1666666666666667
2024-10-28 15:00:00,31.5,46,0,13,1.75
2024-10-28 16:00:00,30.9,48,2,25,2.111111111111111
2024-10-28 17:00:00,28.8,57,1,54,1.7222222222222223
2024-10-28 18:00:00,27.7,64,0,82,2.2777777777777777
2024-10-28 19:00:00,26.6,68,0,88,1.8055555555555556
2024-10-28 20:00:00,26.5,70,0,87,1.9444444444444444
2024-10-28 21:00:00,25.3,77,0,92,2.4444444444444446
2024-10-28 22:00:00,25.0,79,1,102,1.4444444444444444
2024-10-28 23:00:00,24.8,82,0,175,1.0555555555555556
2024-10-29 00:00:00,23.4,90,1,16,0.9444444444444444
2024-10-29 01:00:00,23.2,92,0,35,1.027777777777778
2024-10-29 02:00:00,22.8,94,1,360,1.0555555555555556
2024-10-29 03:00:00,22.8,94,1,338,0.9166666666666666
2024-10-29 04:00:00,22.7,94,1,3,1.1111111111111112
2024-10-29 05:00:00,22.7,94,51,10,1.4166666666666665
2024-10-29 06:00:00,23.5,89,1,315,1.2777777777777777
2024-10-29 07:00:00,24.9,83,1,32,1.2222222222222223
2024-10-29 08:00:00,27.3,72,0,47,1.3055555555555556
2024-10-29 09:00:00,28.5,67,51,51,2.1944444444444446
2024-10-29 10:00:00,29.5,64,0,47,1.777777777777778
2024-10-29 11:00:00,31.0,57,0,39,1.75
2024-10-29 12:00:00,31.8,54,0,50,1.5
2024-10-29 13:00:00,32.2,52,3,44,1.4444444444444444
2024-10-29 14:00:00,32.3,50,3,25,0.9444444444444444
2024-10-29 15:00:00,32.4,49,3,360,0.8611111111111112
2024-10-29 16:00:00,31.5,51,1,315,0.3611111111111111
2024-10-29 17:00:00,29.5,66,1,258,1.1666666666666667
2024-10-29 18:00:00,26.3,77,51,189,1.972222222222222
2024-10-29 19:00:00,26.0,81,51,255,0.9722222222222222
2024-10-29 20:00:00,25.7,86,3,236,0.7222222222222222
2024-10-29 21:00:00,25.6,87,3,215,1.027777777777778
2024-10-29 22:00:00,25.7,87,3,246,0.6111111111111112
2024-10-29 23:00:00,25.3,89,3,27,0.6666666666666666
2024-10-30 00:00:00,24.6,94,1,347,1.2777777777777777
2024-10-30 01:00:00,23.7,98,0,332,1.3055555555555556
2024-10-30 02:00:00,23.3,98,0,331,1.25
2024-10-30 03:00:00,23.4,97,0,347,1.5277777777777777
2024-10-30 04:00:00,23.1,96,0,346,1.5
2024-10-30 05:00:00,22.6,97,0,345,1.1944444444444444
2024-10-30 06:00:00,23.2,91,0,339,1.7222222222222223
2024-10-30 07:00:00,24.8,83,0,343,1.9166666666666667
2024-10-30 08:00:00,27.1,74,0,7,1.9166666666666667
2024-10-30 09:00:00,29.3,67,0,30,1.7222222222222223
2024-10-30 10:00:00,31.1,55,0,46,1.8055555555555556
2024-10-30 11:00:00,32.2,49,0,36,2.0277777777777777
2024-10-30 12:00:00,32.8,47,0,26,1.9444444444444444
2024-10-30 13:00:00,33.2,44,1,14,2.055555555555556
2024-10-30 14:00:00,33.1,42,0,2,2.305555555555556
2024-10-30 15:00:00,32.7,42,0,351,2.1666666666666665
2024-10-30 16:00:00,32.1,43,0,335,2.138888888888889
2024-10-30 17:00:00,30.0,51,0,312,1.5
2024-10-30 18:00:00,28.7,58,0,9,1.5833333333333333
2024-10-30 19:00:00,28.3,61,0,339,1.5555555555555554
2024-10-30 20:00:00,28.9,56,0,298,0.75
2024-10-30 21:00:00,28.7,56,0,322,0.8333333333333333
2024-10-30 22:00:00,26.4,66,0,349,2.0277777777777777
2024-10-30 23:00:00,25.5,70,0,336,2.138888888888889
2024-10-31 00:00:00,24.8,73,1,357,1.6944444444444442
2024-10-31 01:00:00,24.1,77,0,53,1.25
2024-10-31 02:00:00,23.5,81,0,43,1.25
2024-10-31 03:00:00,23.0,84,0,14,1.027777777777778
2024-10-31 04:00:00,22.8,84,0,8,1.3611111111111112
2024-10-31 05:00:00,22.3,87,0,25,1.3333333333333333
2024-10-31 06:00:00,23.8,75,0,25,1.9166666666666667
2024-10-31 07:00:00,25.2,71,0,14,1.8611111111111112
2024-10-31 08:00:00,27.2,65,0,41,2.055555555555556
2024-10-31 09:00:00,28.9,63,0,60,1.8055555555555556
2024-10-31 10:00:00,30.5,58,1,66,2.0833333333333335
2024-10-31 11:00:00,31.6,53,1,64,2.833333333333333
2024-10-31 12:00:00,32.3,48,1,63,2.9166666666666665
2024-10-31 13:00:00,32.6,46,1,60,2.4166666666666665
2024-10-31 14:00:00,32.8,43,1,58,1.6944444444444442
2024-10-31 15:00:00,32.8,42,0,59,1.2777777777777777
2024-10-31 16:00:00,32.4,43,0,63,1.1111111111111112
2024-10-31 17:00:00,31.1,50,0,171,0.9722222222222222
2024-10-31 18:00:00,27.9,59,0,333,1.8888888888888888
2024-10-31 19:00:00,27.5,49,0,349,2.638888888888889
2024-10-31 20:00:00,25.2,57,0,12,2.4444444444444446
2024-10-31 21:00:00,26.6,49,0,162,0.6388888888888888
2024-10-31 22:00:00,24.3,61,0,281,0.7777777777777777
2024-10-31 23:00:00,22.7,69,0,310,1.5555555555555554
2024-11-01 00:00:00,22.3,72,0,257,1.3333333333333333
2024-11-01 01:00:00,21.8,73,0,291,1.2777777777777777
2024-11-01 02:00:00,20.9,78,0,246,1.6944444444444442
2024-11-01 03:00:00,20.7,78,0,228,1.5555555555555554
2024-11-01 04:00:00,20.2,80,0,285,1.5
2024-11-01 05:00:00,20.0,79,0,306,1.2777777777777777
2024-11-01 06:00:00,20.3,84,0,324,1.1111111111111112
2024-11-01 07:00:00,22.7,74,0,328,0.9444444444444444
2024-11-01 08:00:00,26.3,63,0,4,0.6944444444444444
2024-11-01 09:00:00,29.1,55,0,51,0.7222222222222222
2024-11-01 10:00:00,31.0,51,0,133,0.888888888888889
2024-11-01 11:00:00,32.6,38,0,93,1.6944444444444442
2024-11-01 12:00:00,33.3,35,0,71,1.8611111111111112
2024-11-01 13:00:00,33.6,34,0,57,1.6666666666666665
2024-11-01 14:00:00,33.5,33,0,32,2.055555555555556
2024-11-01 15:00:00,33.0,33,0,27,2.694444444444444
2024-11-01 16:00:00,32.0,38,0,19,1.6944444444444442
2024-11-01 17:00:00,30.9,39,0,14,0.8333333333333333
2024-11-01 18:00:00,27.7,54,0,156,1.8611111111111112
2024-11-01 19:00:00,26.1,58,1,146,2.6666666666666665
2024-11-01 20:00:00,25.8,59,0,174,2.5555555555555554
2024-11-01 21:00:00,24.9,63,1,199,2.3333333333333335
2024-11-01 22:00:00,24.4,65,1,332,1.0833333333333333
2024-11-01 23:00:00,24.4,63,0,327,2.2777777777777777
2024-11-02 00:00:00,23.4,67,0,300,1.6944444444444442
2024-11-02 01:00:00,22.4,72,0,324,1.5277777777777777
2024-11-02 02:00:00,22.2,72,0,350,2.388888888888889
2024-11-02 03:00:00,21.4,74,0,350,1.472222222222222
2024-11-02 04:00:00,20.9,76,0,315,1.3333333333333333
2024-11-02 05:00:00,20.8,77,0,319,1.6666666666666665
2024-11-02 06:00:00,20.9,82,0,337,1.6388888888888888
2024-11-02 07:00:00,22.7,75,0,352,2.111111111111111
2024-11-02 08:00:00,26.1,63,0,343,1.6666666666666665
2024-11-02 09:00:00,29.0,51,0,356,1.4444444444444444
2024-11-02 10:00:00,30.9,43,0,18,1.2777777777777777
2024-11-02 11:00:00,32.1,38,0,50,1.6388888888888888
2024-11-02 12:00:00,32.9,35,0,54,2.0277777777777777
2024-11-02 13:00:00,33.3,33,1,45,2.25
2024-11-02 14:00:00,33.1,33,1,35,2.3333333333333335
2024-11-02 15:00:00,32.7,33,0,36,2.388888888888889
2024-11-02 16:00:00,31.6,38,0,58,1.777777777777778
2024-11-02 17:00:00,30.0,40,1,88,1.8055555555555556
2024-11-02 18:00:00,27.4,56,0,156,1.75
2024-11-02 19:00:00,26.9,54,1,182,1.75
2024-11-02 20:00:00,25.7,58,1,192,2.5
2024-11-02 21:00:00,25.4,58,0,187,2.361111111111111
2024-11-02 22:00:00,24.2,61,1,238,2.0
2024-11-02 23:00:00,24.2,60,1,300,1.6944444444444442
2024-11-03 00:00:00,23.7,62,1,319,1.9166666666666667
2024-11-03 01:00:00,22.8,69,1,345,1.5
2024-11-03 02:00:00,23.0,69,0,35,1.472222222222222
2024-11-03 03:00:00,22.9,70,0,323,1.3333333333333333
2024-11-03 04:00:00,22.8,71,0,330,1.6944444444444442
2024-11-03 05:00:00,23.1,70,0,353,1.611111111111111
2024-11-03 06:00:00,23.1,76,0,348,1.7222222222222223
2024-11-03 07:00:00,24.4,74,3,355,1.0555555555555556
2024-11-03 08:00:00,26.8,65,3,35,0.7777777777777777
2024-11-03 09:00:00,28.5,57,2,59,0.8611111111111112
2024-11-03 10:00:00,30.1,48,1,68,0.5277777777777778
2024-11-03 11:00:00,31.4,42,2,53,0.25
2024-11-03 12:00:00,31.8,40,1,18,0.7777777777777777
2024-11-03 13:00:00,31.9,40,1,5,1.1666666666666667
2024-11-03 14:00:00,31.9,38,1,6,1.4166666666666665
2024-11-03 15:00:00,31.3,39,1,23,1.9166666666666667
2024-11-03 16:00:00,30.8,38,1,30,2.138888888888889
2024-11-03 17:00:00,28.0,50,0,52,2.1666666666666665
2024-11-03 18:00:00,26.5,63,1,53,2.0833333333333335
2024-11-03 19:00:00,27.6,56,0,118,0.75
2024-11-03 20:00:00,24.8,68,0,246,1.1944444444444444
2024-11-03 21:00:00,23.8,73,0,250,1.5
2024-11-03 22:00:00,23.1,76,0,305,1.472222222222222
2024-11-03 23:00:00,22.8,74,0,359,2.1944444444444446
2024-11-04 00:00:00,22.5,73,0,353,1.75
2024-11-04 01:00:00,22.1,74,0,358,1.8055555555555556
2024-11-04 02:00:00,21.5,76,1,9,1.8333333333333333
2024-11-04 03:00:00,21.0,77,1,8,1.777777777777778
2024-11-04 04:00:00,21.1,75,0,359,2.0
2024-11-04 05:00:00,20.4,77,0,359,2.0
2024-11-04 06:00:00,19.8,90,0,335,0.9444444444444444
2024-11-04 07:00:00,21.7,81,0,323,0.75
2024-11-04 08:00:00,25.4,65,0,360,0.5
2024-11-04 09:00:00,27.9,55,0,49,0.4722222222222222
2024-11-04 10:00:00,29.7,47,0,120,0.41666666666666663
2024-11-04 11:00:00,30.9,39,0,108,0.16666666666666666
2024-11-04 12:00:00,31.8,36,1,4,1.3055555555555556
2024-11-04 13:00:00,31.8,35,3,9,1.972222222222222
2024-11-04 14:00:00,31.4,35,1,12,2.0
2024-11-04 15:00:00,31.3,36,0,14,1.8611111111111112
2024-11-04 16:00:00,30.3,40,0,17,1.7222222222222223
2024-11-04 17:00:00,26.9,55,0,59,2.138888888888889
2024-11-04 18:00:00,26.2,62,0,131,1.5833333333333333
2024-11-04 19:00:00,25.1,64,0,218,1.472222222222222
2024-11-04 20:00:00,23.8,70,0,233,2.4166666666666665
2024-11-04 21:00:00,23.4,70,1,249,1.9444444444444444
2024-11-04 22:00:00,22.6,75,3,303,1.7222222222222223
2024-11-04 23:00:00,23.3,69,2,358,2.4444444444444446
2024-11-05 00:00:00,23.3,68,2,318,1.3333333333333333
2024-11-05 01:00:00,22.3,73,1,297,1.4166666666666665
2024-11-05 02:00:00,21.7,76,0,324,1.5277777777777777
2024-11-05 03:00:00,21.2,77,0,337,1.5277777777777777
2024-11-05 04:00:00,20.7,78,1,344,1.6666666666666665
2024-11-05 05:00:00,20.2,80,0,360,1.5555555555555554
2024-11-05 06:00:00,20.4,83,0,352,1.4166666666666665
2024-11-05 07:00:00,22.1,77,0,360,1.1388888888888888
2024-11-05 08:00:00,24.6,67,0,27,0.7777777777777777
2024-11-05 09:00:00,27.0,59,0,47,0.9444444444444444
2024-11-05 10:00:00,28.7,54,0,32,0.75
2024-11-05 11:00:00,29.8,50,0,360,0.38888888888888884
2024-11-05 12:00:00,30.8,44,0,356,0.6388888888888888
2024-11-05 13:00:00,31.4,41,1,12,1.472222222222222
2024-11-05 14:00:00,31.3,40,0,18,2.138888888888889
2024-11-05 15:00:00,30.8,39,0,24,2.4722222222222223
2024-11-05 16:00:00,30.0,44,0,48,1.2777777777777777
2024-11-05 17:00:00,27.2,56,0,136,1.6666666666666665
2024-11-05 18:00:00,26.3,59,0,119,1.5555555555555554
2024-11-05 19:00:00,25.3,61,0,145,1.9444444444444444
2024-11-05 20:00:00,23.7,70,2,149,2.5555555555555554
2024-11-05 21:00:00,24.3,66,3,90,1.6388888888888888
2024-11-05 22:00:00,24.1,66,2,15,1.1388888888888888
2024-11-05 23:00:00,23.4,70,0,346,1.8055555555555556
2024-11-06 00:00:00,22.2,76,0,342,1.472222222222222
2024-11-06 01:00:00,21.5,79,0,30,1.611111111111111
2024-11-06 02:00:00,20.5,83,0,57,1.3611111111111112
2024-11-06 03:00:00,20.1,80,0,343,1.5277777777777777
2024-11-06 04:00:00,19.9,77,0,343,1.8888888888888888
2024-11-06 05:00:00,19.3,80,0,351,1.5277777777777777
2024-11-06 06:00:00,19.7,81,0,348,1.472222222222222
2024-11-06 07:00:00,21.6,76,0,335,1.8888888888888888
2024-11-06 08:00:00,24.4,67,0,347,1.8333333333333333
2024-11-06 09:00:00,26.8,58,0,360,1.8611111111111112
2024-11-06 10:00:00,28.6,50,0,5,1.75
2024-11-06 11:00:00,29.9,43,0,14,1.8055555555555556
2024-11-06 12:00:00,30.7,40,0,21,2.25
2024-11-06 13:00:00,30.9,39,0,24,2.5833333333333335
2024-11-06 14:00:00,30.9,40,0,25,2.3333333333333335
2024-11-06 15:00:00,31.0,39,1,13,2.0
2024-11-06 16:00:00,30.2,44,0,349,1.6388888888888888
2024-11-06 17:00:00,26.8,60,0,325,2.3333333333333335
2024-11-06 18:00:00,25.4,66,1,207,1.5555555555555554
2024-11-06 19:00:00,24.8,70,0,180,2.055555555555556
2024-11-06 20:00:00,24.2,71,0,149,2.3333333333333335
2024-11-06 21:00:00,24.5,66,1,180,1.8888888888888888
2024-11-06 22:00:00,23.0,75,3,348,1.1666666666666667
2024-11-06 23:00:00,22.5,78,3,354,1.5
2024-11-07 00:00:00,22.9,77,3,9,1.5833333333333333
2024-11-07 01:00:00,22.9,75,1,31,1.9166666666666667
2024-11-07 02:00:00,22.4,76,2,17,1.5277777777777777
2024-11-07 03:00:00,21.2,82,2,2,1.611111111111111
2024-11-07 04:00:00,20.6,85,0,360,1.5
2024-11-07 05:00:00,20.2,87,0,350,1.472222222222222
2024-11-07 06:00:00,20.1,91,0,347,1.3333333333333333
2024-11-07 07:00:00,22.1,82,0,346,2.055555555555556
2024-11-07 08:00:00,24.4,71,0,358,1.8888888888888888
2024-11-07 09:00:00,26.3,63,0,11,1.3333333333333333
2024-11-07 10:00:00,28.0,55,0,54,0.9166666666666666
2024-11-07 11:00:00,29.3,49,0,77,1.2777777777777777
2024-11-07 12:00:00,30.0,46,0,73,1.1944444444444444
2024-11-07 13:00:00,30.4,44,0,62,1.1944444444444444
2024-11-07 14:00:00,30.5,43,0,50,1.5
2024-11-07 15:00:00,30.2,43,0,42,2.0277777777777777
2024-11-07 16:00:00,29.3,45,0,33,2.0833333333333335
2024-11-07 17:00:00,26.5,56,0,3,1.75
2024-11-07 18:00:00,24.6,69,0,77,2.055555555555556
2024-11-07 19:00:00,23.7,73,0,113,2.0277777777777777
2024-11-07 20:00:00,23.2,74,0,136,1.7222222222222223
2024-11-07 21:00:00,22.4,77,0,145,2.5555555555555554
2024-11-07 22:00:00,22.9,71,0,152,2.0277777777777777
2024-11-07 23:00:00,23.7,66,0,43,1.1666666666666667
2024-11-08 00:00:00,21.3,81,0,360,1.3611111111111112
2024-11-08 01:00:00,20.6,85,0,348,1.4444444444444444
2024-11-08 02:00:00,20.2,86,0,347,1.3888888888888888
2024-11-08 03:00:00,19.7,89,0,353,1.611111111111111
2024-11-08 04:00:00,19.3,90,0,360,1.8055555555555556
2024-11-08 05:00:00,19.4,90,0,350,1.4166666666666665
2024-11-08 06:00:00,19.6,93,0,347,1.3333333333333333
2024-11-08 07:00:00,21.7,83,0,348,1.6388888888888888
2024-11-08 08:00:00,24.4,72,0,12,1.2222222222222223
2024-11-08 09:00:00,26.4,63,0,28,1.3055555555555556
2024-11-08 10:00:00,28.1,55,0,45,1.1388888888888888
2024-11-08 11:00:00,29.3,49,0,57,1.5555555555555554
2024-11-08 12:00:00,29.9,46,0,49,1.972222222222222
2024-11-08 13:00:00,30.3,44,0,37,2.0
2024-11-08 14:00:00,30.2,43,0,27,1.972222222222222
2024-11-08 15:00:00,29.9,43,0,24,1.8055555555555556
2024-11-08 16:00:00,29.4,45,0,31,1.2777777777777777
2024-11-08 17:00:00,28.2,49,0,69,1.2222222222222223
2024-11-08 18:00:00,25.4,62,0,143,2.0
2024-11-08 19:00:00,24.2,66,0,154,2.055555555555556
2024-11-08 20:00:00,23.5,71,0,151,2.388888888888889
2024-11-08 21:00:00,22.8,74,0,160,2.2222222222222223
2024-11-08 22:00:00,22.3,75,0,183,2.138888888888889
2024-11-08 23:00:00,22.2,74,1,243,1.75
2024-11-09 00:00:00,21.8,74,0,268,1.5
2024-11-09 01:00:00,21.2,77,0,266,1.9444444444444444
2024-11-09 02:00:00,20.7,80,0,314,1.8055555555555556
2024-11-09 03:00:00,20.1,84,0,339,1.8333333333333333
2024-11-09 04:00:00,20.1,84,0,346,1.611111111111111
2024-11-09 05:00:00,19.9,85,0,7,1.6666666666666665
2024-11-09 06:00:00,19.0,96,0,3,1.6666666666666665
2024-11-09 07:00:00,21.7,84,0,360,1.25
2024-11-09 08:00:00,24.6,70,0,27,1.1111111111111112
2024-11-09 09:00:00,26.6,61,0,56,1.5
2024-11-09 10:00:00,28.1,54,0,59,1.4444444444444444
2024-11-09 11:00:00,29.4,48,1,63,1.5555555555555554
2024-11-09 12:00:00,29.9,45,1,58,1.5833333333333333
2024-11-09 13:00:00,30.2,43,1,49,1.5277777777777777
2024-11-09 14:00:00,30.2,42,1,37,1.5
2024-11-09 15:00:00,29.8,41,1,25,1.5555555555555554
2024-11-09 16:00:00,29.1,45,1,33,1.3611111111111112
2024-11-09 17:00:00,26.6,59,3,66,1.8611111111111112
2024-11-09 18:00:00,24.8,64,1,103,2.1666666666666665
2024-11-09 19:00:00,24.5,66,0,110,2.0277777777777777
2024-11-09 20:00:00,24.6,64,0,97,1.6666666666666665
2024-11-09 21:00:00,24.7,62,0,23,0.75
2024-11-09 22:00:00,24.4,63,0,315,0.3611111111111111
2024-11-09 23:00:00,22.8,71,0,330,0.8055555555555555
2024-11-10 00:00:00,21.3,78,0,335,1.3333333333333333
2024-11-10 01:00:00,20.9,80,0,339,1.5
2024-11-10 02:00:00,20.5,83,1,341,1.5277777777777777
2024-11-10 03:00:00,20.1,86,0,344,1.611111111111111
2024-11-10 04:00:00,19.8,87,0,333,1.8611111111111112
2024-11-10 05:00:00,19.6,87,0,337,2.0277777777777777
2024-11-10 06:00:00,20.9,86,1,347,2.055555555555556
2024-11-10 07:00:00,22.3,81,1,338,2.111111111111111
2024-11-10 08:00:00,24.8,70,0,354,1.8611111111111112
2024-11-10 09:00:00,26.9,61,0,16,1.777777777777778
2024-11-10 10:00:00,28.7,48,1,37,2.138888888888889
2024-11-10 11:00:00,29.9,39,1,38,2.75
2024-11-10 12:00:00,30.4,37,1,35,2.944444444444444
2024-11-10 13:00:00,30.4,36,1,36,2.833333333333333
2024-11-10 14:00:00,30.7,34,3,25,2.2222222222222223
2024-11-10 15:00:00,30.5,34,3,28,2.2222222222222223
2024-11-10 16:00:00,29.7,41,0,58,1.3055555555555556
2024-11-10 17:00:00,26.6,55,1,94,2.305555555555556
2024-11-10 18:00:00,25.8,55,3,82,1.8055555555555556
2024-11-10 19:00:00,25.8,55,3,106,1.3055555555555556
2024-11-10 20:00:00,25.1,62,1,175,1.1944444444444444
2024-11-10 21:00:00,24.2,70,1,222,1.5
2024-11-10 22:00:00,22.1,76,1,323,1.25
2024-11-10 23:00:00,22.0,76,3,311,1.0555555555555556
2024-11-11 00:00:00,22.7,72,3,333,1.2222222222222223
2024-11-11 01:00:00,22.4,73,1,2,1.4444444444444444
2024-11-11 02:00:00,21.8,72,0,352,2.0833333333333335
2024-11-11 03:00:00,20.8,72,0,345,2.1666666666666665
2024-11-11 04:00:00,20.4,71,0,351,2.2222222222222223
2024-11-11 05:00:00,19.7,74,0,351,1.8333333333333333
2024-11-11 06:00:00,19.3,79,0,345,1.75
2024-11-11 07:00:00,21.1,72,0,356,2.1944444444444446
2024-11-11 08:00:00,23.8,62,0,10,1.6666666666666665
2024-11-11 09:00:00,26.1,56,0,30,1.7222222222222223
2024-11-11 10:00:00,27.8,53,0,54,1.777777777777778
2024-11-11 11:00:00,29.0,46,0,54,2.0277777777777777
2024-11-11 12:00:00,29.8,42,0,47,2.5
2024-11-11 13:00:00,30.0,40,0,49,2.7222222222222223
2024-11-11 14:00:00,30.1,39,1,60,2.944444444444444
2024-11-11 15:00:00,29.7,39,1,67,2.861111111111111
2024-11-11 16:00:00,28.8,42,0,89,2.25
2024-11-11 17:00:00,26.5,46,0,101,2.388888888888889
2024-11-11 18:00:00,25.1,56,0,84,1.8055555555555556
2024-11-11 19:00:00,24.1,60,0,44,2.5
2024-11-11 20:00:00,23.5,62,0,353,1.6666666666666665
2024-11-11 21:00:00,22.4,69,0,347,1.8333333333333333
2024-11-11 22:00:00,21.7,68,0,8,2.1666666666666665
2024-11-11 23:00:00,21.8,64,0,11,2.0833333333333335
2024-11-12 00:00:00,19.8,76,0,31,2.138888888888889
2024-11-12 01:00:00,19.9,75,0,349,1.5277777777777777
2024-11-12 02:00:00,19.6,76,0,357,1.6944444444444442
2024-11-12 03:00:00,19.4,76,0,5,1.6944444444444442
2024-11-12 04:00:00,18.8,79,0,9,1.5277777777777777
2024-11-12 05:00:00,18.7,80,0,348,1.8888888888888888
2024-11-12 06:00:00,19.2,79,0,351,1.8333333333333333
2024-11-12 07:00:00,20.8,74,0,357,2.25
2024-11-12 08:00:00,23.6,65,0,11,1.8333333333333333
2024-11-12 09:00:00,26.2,57,0,27,1.972222222222222
2024-11-12 10:00:00,28.0,51,0,46,2.0833333333333335
2024-11-12 11:00:00,29.2,42,0,57,2.5
2024-11-12 12:00:00,29.9,39,0,48,2.4722222222222223
2024-11-12 13:00:00,30.3,37,0,43,2.4166666666666665
2024-11-12 14:00:00,30.3,37,0,49,2.305555555555556
2024-11-12 15:00:00,30.0,37,0,60,1.9166666666666667
2024-11-12 16:00:00,29.1,43,0,75,1.1944444444444444
2024-11-12 17:00:00,26.3,53,0,107,1.8888888888888888
2024-11-12 18:00:00,26.1,55,0,304,0.16666666666666666
2024-11-12 19:00:00,25.3,59,0,270,0.11111111111111112
2024-11-12 20:00:00,24.9,62,0,90,0.19444444444444442
2024-11-12 21:00:00,23.8,62,0,356,0.6388888888888888
2024-11-12 22:00:00,23.0,67,0,354,0.5
2024-11-12 23:00:00,21.8,74,0,340,2.0833333333333335
2024-11-13 00:00:00,20.7,77,0,334,2.055555555555556
2024-11-13 01:00:00,20.4,74,0,333,2.2222222222222223
2024-11-13 02:00:00,19.9,74,0,360,1.3888888888888888
2024-11-13 03:00:00,19.4,76,0,18,1.3055555555555556
2024-11-13 04:00:00,19.1,77,0,346,1.5
2024-11-13 05:00:00,19.0,76,0,355,1.75
2024-11-13 06:00:00,18.6,79,0,349,1.6388888888888888
2024-11-13 07:00:00,20.0,75,0,358,1.611111111111111
2024-11-13 08:00:00,22.7,64,0,11,1.0555555555555556
2024-11-13 09:00:00,25.4,55,0,30,1.2222222222222223
2024-11-13 10:00:00,27.6,48,0,50,1.3055555555555556
2024-11-13 11:00:00,29.1,40,0,63,2.0
2024-11-13 12:00:00,29.7,37,0,65,2.111111111111111
2024-11-13 13:00:00,30.0,37,0,68,1.8888888888888888
2024-11-13 14:00:00,30.0,37,0,68,1.8888888888888888
2024-11-13 15:00:00,29.7,37,0,62,2.0277777777777777
2024-11-13 16:00:00,28.9,38,0,66,2.0833333333333335
2024-11-13 17:00:00,26.5,47,0,70,1.1666666666666667
2024-11-13 18:00:00,26.2,54,0,59,0.2777777777777778
2024-11-13 19:00:00,25.3,53,0,96,0.9166666666666666
2024-11-13 20:00:00,24.6,53,0,93,0.8611111111111112
2024-11-13 21:00:00,24.0,53,0,99,0.6666666666666666
2024-11-13 22:00:00,22.9,56,0,5,0.6111111111111112
2024-11-13 23:00:00,21.2,67,0,317,0.9444444444444444
2024-11-14 00:00:00,20.5,74,0,353,1.6666666666666665
2024-11-14 01:00:00,19.9,77,0,7,1.75
2024-11-14 02:00:00,19.3,78,0,360,1.8888888888888888
2024-11-14 03:00:00,18.5,81,0,355,1.25
2024-11-14 04:00:00,18.2,80,0,356,1.3055555555555556
2024-11-14 05:00:00,17.9,79,0,358,1.3611111111111112
2024-11-14 06:00:00,18.3,78,0,352,1.472222222222222
2024-11-14 07:00:00,19.9,70,0,356,2.055555555555556
2024-11-14 08:00:00,22.7,61,0,6,1.3611111111111112
2024-11-14 09:00:00,25.3,53,0,37,1.6666666666666665
2024-11-14 10:00:00,27.2,48,0,55,1.9444444444444444
2024-11-14 11:00:00,28.6,42,0,64,2.055555555555556
2024-11-14 12:00:00,29.4,38,0,52,2.111111111111111
2024-11-14 13:00:00,29.7,37,1,40,2.2222222222222223
2024-11-14 14:00:00,29.7,36,0,38,2.4722222222222223
2024-11-14 15:00:00,29.2,37,0,36,2.4722222222222223
2024-11-14 16:00:00,28.5,40,1,41,2.055555555555556
2024-11-14 17:00:00,26.5,50,0,52,0.888888888888889
2024-11-14 18:00:00,25.8,52,1,87,1.0555555555555556
2024-11-14 19:00:00,24.9,52,2,116,1.5
2024-11-14 20:00:00,24.0,53,3,140,1.5555555555555554
2024-11-14 21:00:00,23.6,54,3,130,0.7777777777777777
2024-11-14 22:00:00,22.0,60,0,342,1.1111111111111112
2024-11-14 23:00:00,21.0,69,0,348,2.138888888888889
2024-11-15 00:00:00,20.2,75,0,343,2.0833333333333335
2024-11-15 01:00:00,19.4,76,2,344,2.138888888888889
2024-11-15 02:00:00,18.8,75,3,354,1.8055555555555556
2024-11-15 03:00:00,18.3,74,3,345,1.75
2024-11-15 04:00:00,18.0,73,3,347,1.8333333333333333
2024-11-15 05:00:00,17.6,74,1,347,2.055555555555556
2024-11-15 06:00:00,17.7,75,0,351,1.8611111111111112
2024-11-15 07:00:00,18.9,72,0,353,1.9166666666666667
2024-11-15 08:00:00,21.6,62,1,7,1.3055555555555556
2024-11-15 09:00:00,24.6,53,1,40,1.25
2024-11-15 10:00:00,26.8,48,1,75,1.3333333333333333
2024-11-15 11:00:00,28.3,40,1,81,1.3055555555555556
2024-11-15 12:00:00,29.1,36,1,40,1.25
2024-11-15 13:00:00,29.4,35,3,13,1.5833333333333333
2024-11-15 14:00:00,29.4,35,3,356,1.9444444444444444
2024-11-15 15:00:00,29.0,34,3,344,2.6666666666666665
2024-11-15 16:00:00,27.9,37,3,344,2.694444444444444
2024-11-15 17:00:00,26.2,45,0,358,1.5555555555555554
2024-11-15 18:00:00,25.4,49,0,45,1.2777777777777777
2024-11-15 19:00:00,25.4,51,1,66,0.5
2024-11-15 20:00:00,24.5,53,3,106,0.888888888888889
2024-11-15 21:00:00,23.1,60,0,86,0.8055555555555555
2024-11-15 22:00:00,22.1,64,0,329,1.75
2024-11-15 23:00:00,20.8,72,0,326,1.4444444444444444
2024-11-16 00:00:00,19.8,77,0,337,1.9166666666666667
2024-11-16 01:00:00,19.2,79,0,340,1.611111111111111
2024-11-16 02:00:00,18.9,78,0,340,1.6388888888888888
2024-11-16 03:00:00,18.5,77,0,331,1.777777777777778
2024-11-16 04:00:00,17.7,79,0,351,1.611111111111111
2024-11-16 05:00:00,17.0,81,1,352,1.5
2024-11-16 06:00:00,17.1,80,1,351,1.2777777777777777
2024-11-16 07:00:00,18.6,74,2,358,1.6388888888888888
2024-11-16 08:00:00,21.4,62,0,8,1.0555555555555556
2024-11-16 09:00:00,24.5,49,0,32,1.3055555555555556
2024-11-16 10:00:00,26.8,40,0,51,1.75
2024-11-16 11:00:00,28.3,34,0,55,2.0
2024-11-16 12:00:00,28.9,31,0,39,2.0
2024-11-16 13:00:00,29.2,30,0,25,1.8888888888888888
2024-11-16 14:00:00,29.2,31,3,8,1.8055555555555556
2024-11-16 15:00:00,28.8,32,2,358,1.8888888888888888
2024-11-16 16:00:00,27.9,35,2,348,1.7222222222222223
2024-11-16 17:00:00,25.6,45,2,320,1.5
2024-11-16 18:00:00,24.8,52,2,306,0.6666666666666666
2024-11-16 19:00:00,24.4,52,0,39,0.3333333333333333
2024-11-16 20:00:00,23.4,55,0,94,0.6388888888888888
2024-11-16 21:00:00,23.0,56,0,120,0.41666666666666663
2024-11-16 22:00:00,22.3,58,0,75,0.5833333333333334
2024-11-16 23:00:00,20.9,64,0,332,1.472222222222222
2024-11-17 00:00:00,19.8,70,0,332,2.138888888888889
2024-11-17 01:00:00,19.1,73,0,333,2.4166666666666665
2024-11-17 02:00:00,18.6,75,0,337,1.6944444444444442
2024-11-17 03:00:00,17.8,79,0,28,1.3055555555555556
2024-11-17 04:00:00,17.3,81,0,10,1.472222222222222
2024-11-17 05:00:00,16.9,82,0,353,1.611111111111111
2024-11-17 06:00:00,17.2,84,0,349,1.2777777777777777
2024-11-17 07:00:00,18.7,77,0,354,1.8611111111111112
2024-11-17 08:00:00,21.5,63,0,12,1.4444444444444444
2024-11-17 09:00:00,24.2,51,0,39,1.611111111111111
2024-11-17 10:00:00,26.4,44,0,58,1.4166666666666665
2024-11-17 11:00:00,28.0,36,0,68,1.7222222222222223
2024-11-17 12:00:00,28.7,33,0,60,2.0277777777777777
2024-11-17 13:00:00,28.9,34,0,56,1.8611111111111112
2024-11-17 14:00:00,28.9,34,0,50,1.8888888888888888
2024-11-17 15:00:00,28.5,35,0,49,2.138888888888889
2024-11-17 16:00:00,27.7,37,0,47,1.9166666666666667
2024-11-17 17:00:00,25.7,47,0,18,0.3055555555555556
2024-11-17 18:00:00,25.0,49,0,146,0.5277777777777778
2024-11-17 19:00:00,24.0,52,0,157,0.38888888888888884
2024-11-17 20:00:00,23.1,55,0,233,0.25
2024-11-17 21:00:00,22.2,59,0,297,0.22222222222222224
2024-11-17 22:00:00,20.7,68,0,309,1.1111111111111112
2024-11-17 23:00:00,19.5,75,0,293,1.027777777777778
2024-11-18 00:00:00,18.8,78,0,327,1.5555555555555554
2024-11-18 01:00:00,18.6,78,0,347,1.5277777777777777
2024-11-18 02:00:00,17.9,81,0,18,1.3055555555555556
2024-11-18 03:00:00,17.4,83,0,335,1.6666666666666665
2024-11-18 04:00:00,16.9,83,0,338,2.1666666666666665
2024-11-18 05:00:00,16.5,82,0,351,1.6666666666666665
2024-11-18 06:00:00,16.5,85,0,349,1.5277777777777777
2024-11-18 07:00:00,18.0,77,0,351,2.0277777777777777
2024-11-18 08:00:00,21.0,65,0,356,1.4444444444444444
2024-11-18 09:00:00,24.0,54,0,16,1.4444444444444444
2024-11-18 10:00:00,26.3,45,0,41,1.0555555555555556
2024-11-18 11:00:00,27.9,37,0,70,1.75
2024-11-18 12:00:00,28.5,34,0,66,2.4166666666666665
2024-11-18 13:00:00,28.7,34,0,63,2.4722222222222223
2024-11-18 14:00:00,28.6,35,0,60,2.4166666666666665
2024-11-18 15:00:00,28.1,36,0,62,2.4722222222222223
2024-11-18 16:00:00,27.4,38,0,68,2.0
2024-11-18 17:00:00,25.4,46,0,102,1.1666666666666667
2024-11-18 18:00:00,24.8,46,0,120,1.5
2024-11-18 19:00:00,24.0,50,0,112,0.8055555555555555
2024-11-18 20:00:00,23.7,54,0,90,0.25
2024-11-18 21:00:00,22.6,53,0,319,0.4722222222222222
2024-11-18 22:00:00,20.6,63,0,310,1.1666666666666667
2024-11-18 23:00:00,19.4,72,0,340,1.4444444444444444
2024-11-19 00:00:00,18.8,77,0,6,1.4166666666666665
2024-11-19 01:00:00,18.4,80,0,4,1.4444444444444444
2024-11-19 02:00:00,17.9,79,0,346,1.4444444444444444
2024-11-19 03:00:00,16.9,82,0,356,1.3055555555555556
2024-11-19 04:00:00,16.5,82,0,352,1.4166666666666665
2024-11-19 05:00:00,16.2,81,0,352,1.5
2024-11-19 06:00:00,15.9,82,0,345,1.75
2024-11-19 07:00:00,17.4,75,0,347,2.0
2024-11-19 08:00:00,20.6,63,0,351,1.2777777777777777
2024-11-19 09:00:00,23.6,52,0,18,1.1111111111111112
2024-11-19 10:00:00,25.9,44,0,60,1.0
2024-11-19 11:00:00,27.3,37,0,100,1.1666666666666667
2024-11-19 12:00:00,28.1,34,0,99,1.2222222222222223
2024-11-19 13:00:00,28.4,33,0,85,1.0555555555555556
2024-11-19 14:00:00,28.4,33,0,65,1.0555555555555556
2024-11-19 15:00:00,28.1,34,0,35,1.2222222222222223
2024-11-19 16:00:00,27.1,37,0,13,1.8333333333333333
2024-11-19 17:00:00,24.6,48,0,355,1.1111111111111112
2024-11-19 18:00:00,23.6,55,0,297,0.3333333333333333
2024-11-19 19:00:00,22.8,58,0,230,0.38888888888888884
2024-11-19 20:00:00,22.2,61,0,190,0.8611111111111112
2024-11-19 21:00:00,22.5,60,0,207,0.22222222222222224
2024-11-19 22:00:00,21.8,60,0,14,0.41666666666666663
2024-11-19 23:00:00,20.4,65,0,327,2.4444444444444446
2024-11-20 00:00:00,19.2,66,0,324,2.361111111111111
2024-11-20 01:00:00,18.9,69,0,331,2.75
2024-11-20 02:00:00,17.7,78,0,339,1.2777777777777777
2024-11-20 03:00:00,17.0,84,0,61,0.9166666666666666
2024-11-20 04:00:00,16.7,86,0,7,0.8055555555555555
2024-11-20 05:00:00,16.6,87,0,315,1.2777777777777777
2024-11-20 06:00:00,16.6,87,0,360,1.4444444444444444
2024-11-20 07:00:00,18.2,79,0,347,1.9444444444444444
2024-11-20 08:00:00,20.9,63,0,14,1.6388888888888888
2024-11-20 09:00:00,23.3,52,0,48,1.8055555555555556
2024-11-20 10:00:00,25.2,46,0,83,1.7222222222222223
2024-11-20 11:00:00,26.6,41,0,111,1.5555555555555554
2024-11-20 12:00:00,27.4,39,0,124,1.3333333333333333
2024-11-20 13:00:00,27.8,38,0,118,0.9722222222222222
2024-11-20 14:00:00,27.9,37,0,105,0.5833333333333334
2024-11-20 15:00:00,27.7,38,0,31,0.5833333333333334
2024-11-20 16:00:00,27.0,39,1,360,1.4444444444444444
2024-11-20 17:00:00,24.9,46,0,351,1.8611111111111112
2024-11-20 18:00:00,23.6,53,0,19,1.2222222222222223
2024-11-20 19:00:00,23.2,56,0,74,0.3611111111111111
2024-11-20 20:00:00,22.8,56,0,148,0.4722222222222222
2024-11-20 21:00:00,21.6,58,0,175,1.25
2024-11-20 22:00:00,21.0,63,0,196,0.7222222222222222
2024-11-20 23:00:00,20.1,68,0,319,0.4722222222222222
2024-11-21 00:00:00,19.3,69,0,328,2.1666666666666665
2024-11-21 01:00:00,18.7,70,0,315,1.777777777777778
2024-11-21 02:00:00,18.1,72,0,319,1.5277777777777777
2024-11-21 03:00:00,17.6,76,0,349,1.3333333333333333
2024-11-21 04:00:00,16.9,82,0,23,1.1388888888888888
2024-11-21 05:00:00,16.4,86,0,350,1.4166666666666665
2024-11-21 06:00:00,16.6,85,0,343,1.3611111111111112
2024-11-21 07:00:00,17.6,82,0,350,1.9444444444444444
2024-11-21 08:00:00,20.4,70,0,360,1.1388888888888888
2024-11-21 09:00:00,23.4,56,0,36,1.4166666666666665
2024-11-21 10:00:00,25.5,46,0,53,1.5
2024-11-21 11:00:00,26.8,41,0,47,1.027777777777778
2024-11-21 12:00:00,27.5,39,0,13,0.9166666666666666
2024-11-21 13:00:00,27.9,39,0,344,1.3055555555555556
2024-11-21 14:00:00,27.9,38,0,336,1.8611111111111112
2024-11-21 15:00:00,27.5,38,0,334,2.388888888888889
2024-11-21 16:00:00,26.5,40,0,339,2.833333333333333
2024-11-21 17:00:00,25.1,46,0,351,2.2777777777777777
2024-11-21 18:00:00,24.1,48,0,23,1.3055555555555556
2024-11-21 19:00:00,23.0,53,0,79,1.027777777777778
2024-11-21 20:00:00,21.8,60,0,164,1.25
2024-11-21 21:00:00,21.4,61,0,223,1.9166666666666667
2024-11-21 22:00:00,20.4,68,0,211,1.1666666666666667
2024-11-21 23:00:00,19.4,71,0,2,1.1388888888888888
2024-11-22 00:00:00,19.1,72,0,301,1.2777777777777777
2024-11-22 01:00:00,18.5,76,0,337,1.1388888888888888
2024-11-22 02:00:00,18.2,79,0,360,1.611111111111111
2024-11-22 03:00:00,17.4,84,0,348,1.7222222222222223
2024-11-22 04:00:00,16.9,86,0,9,1.5277777777777777
2024-11-22 05:00:00,16.5,84,0,356,1.3055555555555556
2024-11-22 06:00:00,16.3,87,0,18,1.2777777777777777
2024-11-22 07:00:00,17.7,77,0,24,1.972222222222222
2024-11-22 08:00:00,20.1,63,0,26,1.611111111111111
2024-11-22 09:00:00,22.7,50,0,37,1.6666666666666665
2024-11-22 10:00:00,24.8,41,0,46,1.5833333333333333
2024-11-22 11:00:00,26.2,39,0,39,1.2777777777777777
2024-11-22 12:00:00,27.0,39,0,5,1.25
2024-11-22 13:00:00,27.4,40,0,343,1.6666666666666665
2024-11-22 14:00:00,27.3,40,1,337,2.1666666666666665
2024-11-22 15:00:00,26.8,41,1,341,2.4722222222222223
2024-11-22 16:00:00,26.0,43,0,347,2.25
2024-11-22 17:00:00,24.2,51,0,10,1.1666666666666667
2024-11-22 18:00:00,24.0,53,0,32,0.4722222222222222
2024-11-22 19:00:00,23.5,54,0,285,0.5833333333333334
2024-11-22 20:00:00,23.0,57,0,252,0.16666666666666666
2024-11-22 21:00:00,21.5,61,0,117,1.5277777777777777
2024-11-22 22:00:00,20.7,65,0,81,0.9722222222222222
2024-11-22 23:00:00,19.2,73,0,339,0.8611111111111112
2024-11-23 00:00:00,18.4,79,0,345,1.5555555555555554
2024-11-23 01:00:00,17.6,82,0,337,1.027777777777778
2024-11-23 02:00:00,16.7,87,0,328,0.6388888888888888
2024-11-23 03:00:00,16.2,89,0,344,0.888888888888889
2024-11-23 04:00:00,15.9,86,0,348,1.1666666666666667
2024-11-23 05:00:00,15.8,81,0,353,1.611111111111111
2024-11-23 06:00:00,15.6,76,0,348,2.0
2024-11-23 07:00:00,16.7,73,0,353,2.3333333333333335
2024-11-23 08:00:00,19.4,61,0,351,1.8611111111111112
2024-11-23 09:00:00,22.6,49,0,5,1.75
2024-11-23 10:00:00,25.0,41,0,19,1.5277777777777777
2024-11-23 11:00:00,26.4,38,0,10,1.3611111111111112
2024-11-23 12:00:00,27.1,37,0,2,1.1944444444444444
2024-11-23 13:00:00,27.5,35,2,354,1.4166666666666665
2024-11-23 14:00:00,27.6,35,1,349,1.8888888888888888
2024-11-23 15:00:00,27.2,35,0,355,2.305555555555556
2024-11-23 16:00:00,26.4,35,0,355,2.305555555555556
2024-11-23 17:00:00,24.6,41,0,340,1.4444444444444444
2024-11-23 18:00:00,22.9,52,0,273,1.0555555555555556
2024-11-23 19:00:00,21.8,59,0,219,0.6388888888888888
2024-11-23 20:00:00,21.2,62,0,148,0.4722222222222222
2024-11-23 21:00:00,21.0,61,0,90,0.38888888888888884
2024-11-23 22:00:00,20.1,64,0,360,0.19444444444444442
2024-11-23 23:00:00,18.4,74,0,314,1.4444444444444444
2024-11-24 00:00:00,17.6,78,0,339,1.3888888888888888
2024-11-24 01:00:00,16.9,82,0,320,1.25
2024-11-24 02:00:00,16.4,85,1,346,1.5
2024-11-24 03:00:00,16.1,83,0,347,2.055555555555556
2024-11-24 04:00:00,15.5,80,0,337,2.055555555555556
2024-11-24 05:00:00,15.2,78,0,341,2.111111111111111
2024-11-24 06:00:00,14.7,79,0,340,2.1944444444444446
2024-11-24 07:00:00,15.9,74,0,342,2.25
2024-11-24 08:00:00,18.7,63,0,350,1.1111111111111112
2024-11-24 09:00:00,21.9,52,0,14,1.25
2024-11-24 10:00:00,24.3,44,1,20,1.5
2024-11-24 11:00:00,26.1,38,2,13,1.2777777777777777
2024-11-24 12:00:00,27.2,32,3,18,1.2777777777777777
2024-11-24 13:00:00,27.7,30,1,11,1.5833333333333333
2024-11-24 14:00:00,27.7,29,2,8,2.111111111111111
2024-11-24 15:00:00,27.2,31,3,10,2.388888888888889
2024-11-24 16:00:00,26.4,36,1,1,1.9444444444444444
2024-11-24 17:00:00,23.9,47,3,321,1.1111111111111112
2024-11-24 18:00:00,23.1,53,0,259,0.25
2024-11-24 19:00:00,22.3,57,0,225,0.1388888888888889
2024-11-24 20:00:00,22.0,57,0,135,0.2777777777777778
2024-11-24 21:00:00,21.3,56,0,360,0.25
2024-11-24 22:00:00,20.1,62,1,326,0.3611111111111111
2024-11-24 23:00:00,18.4,73,1,358,1.611111111111111
2024-11-25 00:00:00,17.5,76,2,344,1.3055555555555556
2024-11-25 01:00:00,17.0,76,3,343,2.0277777777777777
2024-11-25 02:00:00,16.4,73,3,351,2.1666666666666665
2024-11-25 03:00:00,16.2,70,1,349,2.138888888888889
2024-11-25 04:00:00,15.8,71,3,350,2.0833333333333335
2024-11-25 05:00:00,15.5,73,3,357,2.111111111111111
2024-11-25 06:00:00,15.4,75,3,354,2.2222222222222223
2024-11-25 07:00:00,16.6,71,3,360,2.5555555555555554
2024-11-25 08:00:00,19.3,61,3,15,1.7222222222222223
2024-11-25 09:00:00,22.1,52,3,37,1.6666666666666665
2024-11-25 10:00:00,24.4,45,3,54,1.777777777777778
2024-11-25 11:00:00,26.0,39,3,58,1.8888888888888888
2024-11-25 12:00:00,27.0,35,3,53,1.9166666666666667
2024-11-25 13:00:00,27.6,33,3,48,1.8055555555555556
2024-11-25 14:00:00,27.8,32,3,43,1.777777777777778
2024-11-25 15:00:00,27.6,31,2,37,1.6666666666666665
2024-11-25 16:00:00,27.0,33,3,35,1.2222222222222223
2024-11-25 17:00:00,24.9,43,2,63,0.22222222222222224
2024-11-25 18:00:00,23.1,41,0,127,1.5
2024-11-25 19:00:00,22.4,44,2,128,0.888888888888889
2024-11-25 20:00:00,21.8,45,3,153,0.4444444444444445
2024-11-25 21:00:00,20.9,48,3,180,0.75
2024-11-25 22:00:00,20.7,54,3,166,0.19444444444444442
2024-11-25 23:00:00,19.0,56,3,354,1.8611111111111112
2024-11-26 00:00:00,18.0,63,2,345,1.7222222222222223
2024-11-26 01:00:00,17.0,69,1,340,2.305555555555556
2024-11-26 02:00:00,16.1,73,1,343,2.5277777777777777
2024-11-26 03:00:00,15.7,74,0,343,2.361111111111111
2024-11-26 04:00:00,15.3,75,0,344,1.8333333333333333
2024-11-26 05:00:00,14.8,77,1,358,1.8888888888888888
2024-11-26 06:00:00,14.7,81,1,349,1.2777777777777777
2024-11-26 07:00:00,16.1,74,0,357,1.8611111111111112
2024-11-26 08:00:00,19.0,63,0,4,1.5555555555555554
2024-11-26 09:00:00,22.2,51,1,22,1.4444444444444444
2024-11-26 10:00:00,24.7,43,3,43,1.25
2024-11-26 11:00:00,26.4,36,1,50,1.5555555555555554
2024-11-26 12:00:00,27.3,34,2,49,2.055555555555556
2024-11-26 13:00:00,27.6,34,3,40,2.0277777777777777
2024-11-26 14:00:00,27.8,34,3,32,1.777777777777778
2024-11-26 15:00:00,27.7,33,1,33,1.472222222222222
2024-11-26 16:00:00,27.1,35,1,24,1.0833333333333333
2024-11-26 17:00:00,24.9,44,1,315,0.1388888888888889
2024-11-26 18:00:00,23.4,43,0,113,1.4166666666666665
2024-11-26 19:00:00,23.0,45,0,77,0.6666666666666666
2024-11-26 20:00:00,22.6,49,0,45,0.2777777777777778
2024-11-26 21:00:00,22.3,47,0,162,0.3055555555555556
2024-11-26 22:00:00,20.7,51,0,355,2.2222222222222223
2024-11-26 23:00:00,18.9,61,0,5,1.8055555555555556
2024-11-27 00:00:00,17.9,65,1,14,1.5
2024-11-27 01:00:00,17.2,67,3,360,1.5
2024-11-27 02:00:00,17.1,65,3,357,2.138888888888889
2024-11-27 03:00:00,16.6,66,3,3,2.055555555555556
2024-11-27 04:00:00,16.2,66,1,6,2.305555555555556
2024-11-27 05:00:00,15.9,66,1,360,2.611111111111111
2024-11-27 06:00:00,16.0,65,0,4,2.25
2024-11-27 07:00:00,17.1,61,2,10,2.388888888888889
2024-11-27 08:00:00,19.7,53,0,13,1.8055555555555556
2024-11-27 09:00:00,22.4,45,0,27,1.75
2024-11-27 10:00:00,24.8,38,0,45,1.6388888888888888
2024-11-27 11:00:00,26.5,32,0,49,2.388888888888889
2024-11-27 12:00:00,27.4,29,0,53,2.638888888888889
2024-11-27 13:00:00,27.8,27,3,49,2.5277777777777777
2024-11-27 14:00:00,27.9,26,3,38,2.611111111111111
2024-11-27 15:00:00,27.6,25,0,32,2.611111111111111
2024-11-27 16:00:00,26.8,24,0,23,2.5555555555555554
2024-11-27 17:00:00,24.2,32,0,6,1.8611111111111112
2024-11-27 18:00:00,23.0,34,0,25,1.777777777777778
2024-11-27 19:00:00,21.7,38,1,32,1.5833333333333333
2024-11-27 20:00:00,20.9,41,0,19,1.8055555555555556
2024-11-27 21:00:00,20.2,45,0,8,2.2222222222222223
2024-11-27 22:00:00,19.3,47,0,353,2.4722222222222223
2024-11-27 23:00:00,18.4,50,0,348,2.5555555555555554
2024-11-28 00:00:00,17.9,52,0,358,3.194444444444444
2024-11-28 01:00:00,17.4,54,0,15,2.5277777777777777
2024-11-28 02:00:00,17.4,53,0,23,2.6666666666666665
2024-11-28 03:00:00,17.2,52,0,23,2.888888888888889
2024-11-28 04:00:00,16.6,54,1,23,2.6666666666666665
2024-11-28 05:00:00,16.2,56,3,17,2.4444444444444446
2024-11-28 06:00:00,15.7,59,3,16,2.388888888888889
2024-11-28 07:00:00,16.6,57,3,18,2.7222222222222223
2024-11-28 08:00:00,19.0,50,3,24,2.361111111111111
2024-11-28 09:00:00,21.7,43,1,27,2.75
2024-11-28 10:00:00,24.3,33,0,42,3.3055555555555554
2024-11-28 11:00:00,25.6,25,0,58,3.8055555555555554
2024-11-28 12:00:00,26.3,25,0,58,3.333333333333333
2024-11-28 13:00:00,26.7,25,1,50,3.083333333333333
2024-11-28 14:00:00,26.9,24,1,35,2.972222222222222
2024-11-28 15:00:00,26.6,25,1,29,3.0277777777777777
2024-11-28 16:00:00,25.8,26,0,25,2.5277777777777777
2024-11-28 17:00:00,23.0,34,0,7,1.611111111111111
2024-11-28 18:00:00,21.8,40,0,24,1.5833333333333333
2024-11-28 19:00:00,20.7,43,0,41,1.4444444444444444
2024-11-28 20:00:00,20.0,46,0,35,1.472222222222222
2024-11-28 21:00:00,19.8,47,0,5,2.4444444444444446
2024-11-28 22:00:00,18.5,52,0,9,2.5277777777777777
2024-11-28 23:00:00,17.7,54,0,360,2.5555555555555554
2024-11-29 00:00:00,17.1,56,0,357,2.1944444444444446
2024-11-29 01:00:00,16.5,58,0,355,1.75
2024-11-29 02:00:00,16.0,60,0,354,1.8611111111111112
2024-11-29 03:00:00,15.5,63,0,352,1.777777777777778
2024-11-29 04:00:00,15.2,64,1,354,2.2222222222222223
2024-11-29 05:00:00,15.1,64,0,358,2.638888888888889
2024-11-29 06:00:00,14.8,65,0,360,2.611111111111111
2024-11-29 07:00:00,15.8,62,0,4,2.861111111111111
2024-11-29 08:00:00,18.4,54,3,12,2.5
2024-11-29 09:00:00,21.2,47,1,26,2.611111111111111
2024-11-29 10:00:00,23.8,43,0,46,2.972222222222222
2024-11-29 11:00:00,25.5,38,0,60,3.3611111111111107
2024-11-29 12:00:00,26.5,34,0,62,3.1111111111111107
2024-11-29 13:00:00,27.1,33,0,63,2.9166666666666665
2024-11-29 14:00:00,27.3,32,0,59,2.8055555555555554
2024-11-29 15:00:00,27.1,33,0,43,2.944444444444444
2024-11-29 16:00:00,26.4,34,0,39,2.638888888888889
2024-11-29 17:00:00,23.7,41,0,41,1.3888888888888888
2024-11-29 18:00:00,23.2,48,0,3,2.055555555555556
2024-11-29 19:00:00,22.3,48,0,14,2.055555555555556
2024-11-29 20:00:00,21.4,48,0,14,1.8055555555555556
2024-11-29 21:00:00,20.8,50,0,5,2.111111111111111
2024-11-29 22:00:00,19.6,54,0,4,2.611111111111111
2024-11-29 23:00:00,18.5,58,1,3,2.5555555555555554
2024-11-30 00:00:00,17.9,59,3,357,2.694444444444444
2024-11-30 01:00:00,17.4,61,0,352,2.833333333333333
2024-11-30 02:00:00,17.0,61,3,350,2.833333333333333
2024-11-30 03:00:00,16.7,62,3,351,2.5833333333333335
2024-11-30 04:00:00,16.5,63,3,352,2.6666666666666665
2024-11-30 05:00:00,16.1,65,3,356,2.611111111111111
2024-11-30 06:00:00,16.2,66,3,360,2.5
2024-11-30 07:00:00,17.1,65,3,6,2.5555555555555554
2024-11-30 08:00:00,19.5,57,3,8,2.4166666666666665
2024-11-30 09:00:00,22.2,50,0,16,2.6666666666666665
2024-11-30 10:00:00,24.8,45,0,40,2.7222222222222223
2024-11-30 11:00:00,26.6,42,2,53,2.9166666666666665
2024-11-30 12:00:00,27.8,43,3,58,2.888888888888889
2024-11-30 13:00:00,28.4,43,3,56,2.833333333333333
2024-11-30 14:00:00,28.6,43,3,55,2.75
2024-11-30 15:00:00,28.4,43,3,50,2.5555555555555554
2024-11-30 16:00:00,27.8,44,3,39,2.638888888888889
2024-11-30 17:00:00,25.9,51,3,26,1.3888888888888888
2024-11-30 18:00:00,25.0,57,3,358,1.8888888888888888
2024-11-30 19:00:00,23.9,61,3,357,1.9444444444444444
2024-11-30 20:00:00,23.2,61,3,358,2.305555555555556
2024-11-30 21:00:00,22.2,61,3,4,2.611111111111111
2024-11-30 22:00:00,21.2,60,3,19,2.4444444444444446
2024-11-30 23:00:00,20.5,59,3,25,2.3333333333333335
2024-12-01 00:00:00,20.0,60,3,25,2.0277777777777777
2024-12-01 01:00:00,19.6,60,3,22,2.2777777777777777
2024-12-01 02:00:00,19.2,60,3,13,2.611111111111111
2024-12-01 03:00:00,19.0,59,3,9,2.972222222222222
2024-12-01 04:00:00,18.7,59,3,10,2.638888888888889
2024-12-01 05:00:00,18.5,61,3,7,2.861111111111111
2024-12-01 06:00:00,18.2,65,3,4,2.694444444444444
2024-12-01 07:00:00,18.8,65,3,2,2.5555555555555554
2024-12-01 08:00:00,20.8,61,3,19,2.3333333333333335
2024-12-01 09:00:00,23.1,57,3,26,2.833333333333333
2024-12-01 10:00:00,25.0,55,3,48,2.944444444444444
2024-12-01 11:00:00,26.6,52,3,45,2.972222222222222
2024-12-01 12:00:00,27.8,49,3,47,2.8055555555555554
2024-12-01 13:00:00,28.4,48,3,50,2.694444444444444
2024-12-01 14:00:00,28.6,47,3,44,2.861111111111111
2024-12-01 15:00:00,28.4,48,3,45,2.972222222222222
2024-12-01 16:00:00,28.1,48,3,51,2.888888888888889
2024-12-01 17:00:00,27.2,49,3,40,2.0833333333333335
2024-12-01 18:00:00,25.9,57,3,60,1.5
2024-12-01 19:00:00,25.0,62,3,66,1.3611111111111112
2024-12-01 20:00:00,24.1,67,3,76,1.25
2024-12-01 21:00:00,23.9,71,3,58,1.6944444444444442
2024-12-01 22:00:00,23.2,76,0,63,2.1944444444444446
2024-12-01 23:00:00,22.4,79,0,42,2.5555555555555554
2024-12-02 00:00:00,21.7,80,0,53,2.3333333333333335
2024-12-02 01:00:00,21.3,80,0,45,2.25
2024-12-02 02:00:00,20.9,81,0,46,2.2222222222222223
2024-12-02 03:00:00,20.4,81,1,38,2.1666666666666665
2024-12-02 04:00:00,20.0,77,1,21,2.4166666666666665
2024-12-02 05:00:00,19.6,71,3,18,2.4722222222222223
2024-12-02 06:00:00,19.6,67,3,15,2.1666666666666665
2024-12-02 07:00:00,20.2,65,2,12,2.138888888888889
2024-12-02 08:00:00,22.0,61,3,25,2.3333333333333335
2024-12-02 09:00:00,24.1,62,3,31,2.8055555555555554
2024-12-02 10:00:00,26.0,60,1,37,2.972222222222222
2024-12-02 11:00:00,27.6,57,2,46,2.8055555555555554
2024-12-02 12:00:00,30.0,49,3,60,2.888888888888889
2024-12-02 13:00:00,29.8,49,3,57,2.75
2024-12-02 14:00:00,29.5,50,3,56,2.7777777777777777
2024-12-02 15:00:00,29.5,50,3,61,2.9166666666666665
2024-12-02 16:00:00,28.7,52,3,79,3.416666666666667
2024-12-02 17:00:00,27.5,59,3,91,3.138888888888889
2024-12-02 18:00:00,26.8,62,1,92,2.361111111111111
2024-12-02 19:00:00,26.2,65,1,79,2.138888888888889
2024-12-02 20:00:00,25.6,68,3,79,2.944444444444444
2024-12-02 21:00:00,25.1,70,3,76,3.333333333333333
2024-12-02 22:00:00,25.0,71,3,78,3.416666666666667
2024-12-02 23:00:00,24.4,73,3,71,2.944444444444444
2024-12-03 00:00:00,23.6,76,1,69,2.833333333333333
2024-12-03 01:00:00,23.1,78,0,73,2.6666666666666665
2024-12-03 02:00:00,22.7,80,1,77,2.1944444444444446
2024-12-03 03:00:00,22.3,82,3,68,2.0
2024-12-03 04:00:00,22.1,83,1,59,2.138888888888889
2024-12-03 05:00:00,21.7,85,1,57,2.0833333333333335
2024-12-03 06:00:00,22.2,82,3,63,2.1944444444444446
2024-12-03 07:00:00,22.6,81,2,60,2.5
2024-12-03 08:00:00,23.8,75,0,74,2.972222222222222
2024-12-03 09:00:00,25.3,69,0,77,2.6666666666666665
2024-12-03 10:00:00,27.4,61,1,86,2.8055555555555554
2024-12-03 11:00:00,28.8,56,3,89,3.0
2024-12-03 12:00:00,28.8,56,3,99,2.833333333333333
2024-12-03 13:00:00,28.8,56,3,98,2.5277777777777777
2024-12-03 14:00:00,29.0,56,1,91,2.1944444444444446
2024-12-03 15:00:00,29.3,55,1,83,2.1666666666666665
2024-12-03 16:00:00,28.7,57,1,81,2.138888888888889
2024-12-03 17:00:00,27.7,60,0,71,1.972222222222222
2024-12-03 18:00:00,27.0,66,1,77,1.3333333333333333
2024-12-03 19:00:00,26.2,70,1,79,1.2777777777777777
2024-12-03 20:00:00,25.7,72,1,82,1.3611111111111112
2024-12-03 21:00:00,25.4,73,0,88,1.1388888888888888
2024-12-03 22:00:00,25.1,75,0,41,2.138888888888889
2024-12-03 23:00:00,24.1,80,3,37,2.4166666666666665
2024-12-04 00:00:00,23.6,80,1,42,2.4722222222222223
2024-12-04 01:00:00,23.3,81,3,60,1.6944444444444442
2024-12-04 02:00:00,22.9,82,1,52,1.5277777777777777
2024-12-04 03:00:00,22.4,84,3,39,1.6666666666666665
2024-12-04 04:00:00,21.9,87,3,22,1.7222222222222223
2024-12-04 05:00:00,21.6,89,3,9,1.9166666666666667
2024-12-04 06:00:00,21.9,87,3,11,2.0277777777777777
2024-12-04 07:00:00,22.4,83,1,17,1.7222222222222223
2024-12-04 08:00:00,24.3,73,0,40,1.5555555555555554
2024-12-04 09:00:00,26.3,65,0,65,1.9166666666666667
2024-12-04 10:00:00,28.1,59,2,89,2.138888888888889
2024-12-04 11:00:00,29.2,56,3,109,2.111111111111111
2024-12-04 12:00:00,29.9,52,51,116,1.611111111111111
2024-12-04 13:00:00,30.0,52,51,134,1.3888888888888888
2024-12-04 14:00:00,30.2,51,51,137,1.027777777777778
2024-12-04 15:00:00,30.1,51,51,86,0.75
2024-12-04 16:00:00,29.9,51,2,43,0.888888888888889
2024-12-04 17:00:00,28.4,57,2,43,0.888888888888889
2024-12-04 18:00:00,26.9,67,0,338,0.5277777777777778
2024-12-04 19:00:00,26.1,73,0,323,1.3333333333333333
2024-12-04 20:00:00,25.4,75,0,343,1.6666666666666665
2024-12-04 21:00:00,24.6,77,51,343,1.0555555555555556
2024-12-04 22:00:00,24.1,78,51,352,1.1111111111111112
2024-12-04 23:00:00,23.8,79,0,346,1.4444444444444444
2024-12-05 00:00:00,23.3,82,1,342,1.2777777777777777
2024-12-05 01:00:00,22.8,85,1,352,1.8611111111111112
2024-12-05 02:00:00,22.2,87,0,2,2.361111111111111
2024-12-05 03:00:00,21.7,86,0,347,1.75
2024-12-05 04:00:00,21.4,81,0,7,1.7222222222222223
2024-12-05 05:00:00,21.0,77,0,11,1.5833333333333333
2024-12-05 06:00:00,21.5,64,0,10,2.0833333333333335
2024-12-05 07:00:00,22.0,60,0,13,2.1666666666666665
2024-12-05 08:00:00,23.7,51,0,27,1.6388888888888888
2024-12-05 09:00:00,26.0,42,0,36,1.7222222222222223
2024-12-05 10:00:00,28.1,38,0,42,1.8888888888888888
2024-12-05 11:00:00,29.5,40,0,58,1.5277777777777777
2024-12-05 12:00:00,30.4,42,0,77,1.0833333333333333
2024-12-05 13:00:00,31.3,41,2,349,1.027777777777778
2024-12-05 14:00:00,31.5,40,3,329,2.0277777777777777
2024-12-05 15:00:00,30.8,44,3,332,3.3888888888888884
2024-12-05 16:00:00,29.5,47,2,342,3.6944444444444446
2024-12-05 17:00:00,28.6,49,2,357,1.75
2024-12-05 18:00:00,27.5,58,1,36,0.8611111111111112
2024-12-05 19:00:00,26.9,59,0,162,0.3055555555555556
2024-12-05 20:00:00,26.0,61,0,195,1.1388888888888888
2024-12-05 21:00:00,25.3,65,0,215,0.6111111111111112
2024-12-05 22:00:00,24.7,68,0,231,0.3333333333333333
2024-12-05 23:00:00,23.5,72,0,303,0.8333333333333333
2024-12-06 00:00:00,23.1,75,0,324,1.1666666666666667
2024-12-06 01:00:00,22.4,79,0,295,1.0555555555555556
2024-12-06 02:00:00,22.0,80,1,320,1.3055555555555556
2024-12-06 03:00:00,21.8,79,3,333,1.777777777777778
2024-12-06 04:00:00,22.0,78,3,347,1.8333333333333333
2024-12-06 05:00:00,21.3,78,1,356,1.3611111111111112
2024-12-06 06:00:00,21.2,86,0,333,1.2222222222222223
2024-12-06 07:00:00,21.9,80,0,327,1.8333333333333333
2024-12-06 08:00:00,23.9,66,1,326,1.5
2024-12-06 09:00:00,25.5,60,1,7,1.5555555555555554
2024-12-06 10:00:00,27.0,58,3,354,1.3611111111111112
2024-12-06 11:00:00,28.0,56,3,360,0.38888888888888884
2024-12-06 12:00:00,28.8,54,51,286,1.0833333333333333
2024-12-06 13:00:00,29.5,51,51,274,1.5555555555555554
2024-12-06 14:00:00,29.7,49,51,294,1.8055555555555556
2024-12-06 15:00:00,29.4,51,51,312,1.8055555555555556
2024-12-06 16:00:00,28.7,53,51,340,1.75
2024-12-06 17:00:00,27.7,57,2,343,0.8333333333333333
2024-12-06 18:00:00,26.9,65,3,234,0.9166666666666666
2024-12-06 19:00:00,26.3,68,3,229,2.861111111111111
2024-12-06 20:00:00,24.9,74,1,223,2.4444444444444446
2024-12-06 21:00:00,24.5,76,1,235,1.472222222222222
2024-12-06 22:00:00,23.6,81,1,233,1.0
2024-12-06 23:00:00,23.2,84,2,333,0.22222222222222224
2024-12-07 00:00:00,22.9,86,3,315,0.08333333333333333
2024-12-07 01:00:00,22.3,88,3,302,0.6388888888888888
2024-12-07 02:00:00,21.9,91,3,355,1.1111111111111112
2024-12-07 03:00:00,21.5,93,3,332,0.8611111111111112
2024-12-07 04:00:00,21.0,95,3,306,1.1111111111111112
2024-12-07 05:00:00,20.6,94,3,315,0.9166666666666666
2024-12-07 06:00:00,21.5,89,0,352,0.6944444444444444
2024-12-07 07:00:00,22.3,77,0,353,1.1666666666666667
2024-12-07 08:00:00,24.0,62,0,31,0.8611111111111112
2024-12-07 09:00:00,25.8,56,0,59,1.1666666666666667
2024-12-07 10:00:00,26.9,57,1,86,1.3055555555555556
2024-12-07 11:00:00,27.9,56,1,143,1.0833333333333333
2024-12-07 12:00:00,28.7,52,51,198,0.7777777777777777
2024-12-07 13:00:00,29.3,49,51,236,1.0833333333333333
2024-12-07 14:00:00,29.6,48,51,243,1.5555555555555554
2024-12-07 15:00:00,29.4,48,51,249,1.8333333333333333
2024-12-07 16:00:00,28.8,51,0,222,1.5555555555555554
2024-12-07 17:00:00,27.7,57,0,203,1.6388888888888888
2024-12-07 18:00:00,26.5,65,1,137,1.1666666666666667
2024-12-07 19:00:00,25.6,72,1,128,1.472222222222222
2024-12-07 20:00:00,25.2,75,3,114,1.5833333333333333
2024-12-07 21:00:00,24.3,81,3,133,2.3333333333333335
2024-12-07 22:00:00,23.9,83,3,132,2.2222222222222223
2024-12-07 23:00:00,23.3,87,51,154,1.611111111111111
2024-12-08 00:00:00,22.9,90,3,157,1.8055555555555556
2024-12-08 01:00:00,22.3,93,51,164,1.611111111111111
2024-12-08 02:00:00,21.7,95,2,132,0.75
2024-12-08 03:00:00,21.4,96,3,37,1.0
2024-12-08 04:00:00,21.0,98,3,61,1.027777777777778
2024-12-08 05:00:00,20.8,98,3,66,0.9722222222222222
2024-12-08 06:00:00,20.4,98,3,33,0.8333333333333333
2024-12-08 07:00:00,21.4,95,3,58,1.2222222222222223
2024-12-08 08:00:00,23.0,87,3,98,1.1111111111111112
2024-12-08 09:00:00,24.8,77,3,153,1.4166666666666665
2024-12-08 10:00:00,25.8,71,51,199,1.3888888888888888
2024-12-08 11:00:00,27.1,64,51,201,1.7222222222222223
2024-12-08 12:00:00,28.5,56,1,204,2.25
2024-12-08 13:00:00,29.4,51,1,217,2.6666666666666665
2024-12-08 14:00:00,30.0,45,0,232,3.2499999999999996
2024-12-08 15:00:00,29.9,44,0,240,3.1111111111111107
2024-12-08 16:00:00,29.4,45,0,243,2.8055555555555554
2024-12-08 17:00:00,27.6,52,0,210,1.9166666666666667
2024-12-08 18:00:00,25.9,67,1,150,1.0
2024-12-08 19:00:00,25.1,73,3,165,2.694444444444444
2024-12-08 20:00:00,24.3,79,3,196,1.8611111111111112
2024-12-08 21:00:00,23.0,86,3,237,1.1944444444444444
2024-12-08 22:00:00,22.2,90,3,252,1.1666666666666667
2024-12-08 23:00:00,21.9,92,3,253,1.4166666666666665
2024-12-09 00:00:00,21.3,94,3,288,1.3055555555555556
2024-12-09 01:00:00,20.6,95,3,318,1.2777777777777777
2024-12-09 02:00:00,19.9,87,3,334,1.611111111111111
2024-12-09 03:00:00,19.3,72,3,333,1.6666666666666665
2024-12-09 04:00:00,18.7,68,3,335,2.0277777777777777
2024-12-09 05:00:00,18.2,68,3,335,2.25
2024-12-09 06:00:00,18.6,68,3,334,2.888888888888889
2024-12-09 07:00:00,19.0,65,3,333,3.0277777777777777
2024-12-09 08:00:00,21.0,57,3,335,2.694444444444444
2024-12-09 09:00:00,23.5,50,0,343,2.611111111111111
2024-12-09 10:00:00,25.6,43,0,351,2.75
2024-12-09 11:00:00,26.9,37,0,349,2.694444444444444
2024-12-09 12:00:00,27.8,33,0,338,2.388888888888889
2024-12-09 13:00:00,28.3,32,0,326,2.305555555555556
2024-12-09 14:00:00,28.3,33,0,322,2.4722222222222223
2024-12-09 15:00:00,28.2,33,0,323,2.3333333333333335
2024-12-09 16:00:00,27.6,32,0,324,2.361111111111111
2024-12-09 17:00:00,25.3,38,0,327,1.472222222222222
2024-12-09 18:00:00,24.9,44,0,5,1.8055555555555556
2024-12-09 19:00:00,23.3,48,0,330,3.0
2024-12-09 20:00:00,21.7,40,0,332,3.9722222222222223
2024-12-09 21:00:00,20.7,41,0,346,3.861111111111111
2024-12-09 22:00:00,19.6,46,0,350,3.3055555555555554
2024-12-09 23:00:00,18.7,47,0,347,3.138888888888889
2024-12-10 00:00:00,18.0,44,0,345,3.1111111111111107
2024-12-10 01:00:00,17.5,42,1,352,3.333333333333333
2024-12-10 02:00:00,17.0,40,3,354,3.2777777777777777
2024-12-10 03:00:00,16.3,40,3,358,3.0
2024-12-10 04:00:00,15.8,42,3,1,2.75
2024-12-10 05:00:00,15.3,44,3,5,2.6666666666666665
2024-12-10 06:00:00,15.1,49,2,15,2.5277777777777777
2024-12-10 07:00:00,15.6,48,3,14,2.833333333333333
2024-12-10 08:00:00,17.5,40,3,19,2.9166666666666665
2024-12-10 09:00:00,19.5,36,3,25,2.638888888888889
2024-12-10 10:00:00,21.8,32,3,30,2.7222222222222223
2024-12-10 11:00:00,23.7,29,3,35,2.611111111111111
2024-12-10 12:00:00,25.2,26,3,31,2.111111111111111
2024-12-10 13:00:00,26.0,25,3,18,1.6388888888888888
2024-12-10 14:00:00,26.2,26,3,360,1.6944444444444442
2024-12-10 15:00:00,25.8,27,3,346,2.0
2024-12-10 16:00:00,24.8,28,1,346,2.4722222222222223
2024-12-10 17:00:00,22.9,33,3,360,1.8055555555555556
2024-12-10 18:00:00,21.9,38,3,20,1.5
2024-12-10 19:00:00,20.5,43,3,21,1.3888888888888888
2024-12-10 20:00:00,19.5,47,2,23,1.5277777777777777
2024-12-10 21:00:00,19.4,45,2,18,2.5833333333333335
2024-12-10 22:00:00,17.8,48,3,11,2.4444444444444446
2024-12-10 23:00:00,16.6,51,2,1,2.138888888888889
2024-12-11 00:00:00,15.8,52,1,356,2.0
2024-12-11 01:00:00,15.2,54,0,353,1.972222222222222
2024-12-11 02:00:00,14.8,57,0,357,2.1944444444444446
2024-12-11 03:00:00,14.1,59,0,359,2.055555555555556
2024-12-11 04:00:00,13.7,61,0,357,2.055555555555556
2024-12-11 05:00:00,13.2,63,1,359,2.305555555555556
2024-12-11 06:00:00,12.9,68,3,7,1.972222222222222
2024-12-11 07:00:00,13.6,66,1,13,2.305555555555556
2024-12-11 08:00:00,16.1,55,1,18,1.8888888888888888
2024-12-11 09:00:00,19.0,44,3,33,2.0277777777777777
2024-12-11 10:00:00,21.6,36,3,48,2.1666666666666665
2024-12-11 11:00:00,23.5,34,3,59,1.9166666666666667
2024-12-11 12:00:00,24.8,30,2,59,1.5555555555555554
2024-12-11 13:00:00,25.5,29,1,48,1.4166666666666665
2024-12-11 14:00:00,25.7,29,2,31,1.6388888888888888
2024-12-11 15:00:00,25.4,29,2,30,1.611111111111111
2024-12-11 16:00:00,24.7,31,1,34,1.4444444444444444
2024-12-11 17:00:00,22.0,41,0,18,0.9444444444444444
2024-12-11 18:00:00,21.0,46,0,336,1.3611111111111112
2024-12-11 19:00:00,20.1,50,0,330,1.3888888888888888
2024-12-11 20:00:00,20.0,50,0,8,0.3611111111111111
2024-12-11 21:00:00,18.8,55,0,45,0.6388888888888888
2024-12-11 22:00:00,17.9,60,0,14,0.41666666666666663
2024-12-11 23:00:00,16.5,70,0,354,1.9166666666666667
2024-12-12 00:00:00,15.5,73,0,348,1.6944444444444442
2024-12-12 01:00:00,14.7,73,0,344,1.611111111111111
2024-12-12 02:00:00,14.1,73,2,8,1.5
2024-12-12 03:00:00,13.6,73,2,4,1.4166666666666665
2024-12-12 04:00:00,12.9,76,1,347,1.3333333333333333
2024-12-12 05:00:00,12.5,75,0,338,1.4444444444444444
2024-12-12 06:00:00,12.2,78,0,336,1.8611111111111112
2024-12-12 07:00:00,13.0,71,1,336,2.138888888888889
2024-12-12 08:00:00,15.9,58,3,351,1.2777777777777777
2024-12-12 09:00:00,19.4,45,2,18,1.3055555555555556
2024-12-12 10:00:00,22.1,37,2,45,1.3333333333333333
2024-12-12 11:00:00,24.1,32,3,61,1.1388888888888888
2024-12-12 12:00:00,25.3,29,2,36,0.8611111111111112
2024-12-12 13:00:00,26.0,28,1,3,1.1111111111111112
2024-12-12 14:00:00,26.3,28,2,339,1.7222222222222223
2024-12-12 15:00:00,26.0,28,3,334,1.9444444444444444
2024-12-12 16:00:00,25.1,30,3,339,1.9444444444444444
2024-12-12 17:00:00,22.8,38,0,4,0.8055555555555555
2024-12-12 18:00:00,22.2,41,1,20,1.0
2024-12-12 19:00:00,21.7,41,0,40,0.8611111111111112
2024-12-12 20:00:00,21.1,42,0,67,0.75
2024-12-12 21:00:00,20.2,44,1,342,0.4722222222222222
2024-12-12 22:00:00,18.4,53,1,347,1.9444444444444444
2024-12-12 23:00:00,17.2,63,3,14,2.055555555555556
2024-12-13 00:00:00,16.6,65,3,12,2.1944444444444446
2024-12-13 01:00:00,16.1,63,3,10,1.777777777777778
2024-12-13 02:00:00,15.7,63,3,1,2.138888888888889
2024-12-13 03:00:00,15.2,63,3,360,2.361111111111111
2024-12-13 04:00:00,14.8,63,3,358,2.361111111111111
2024-12-13 05:00:00,14.4,62,3,354,2.6666666666666665
2024-12-13 06:00:00,14.2,64,3,353,2.7222222222222223
2024-12-13 07:00:00,14.7,60,3,353,3.083333333333333
2024-12-13 08:00:00,17.0,50,3,1,2.5555555555555554
2024-12-13 09:00:00,19.4,42,3,14,2.7222222222222223
2024-12-13 10:00:00,21.7,37,3,21,2.638888888888889
2024-12-13 11:00:00,23.8,32,3,24,3.0277777777777777
2024-12-13 12:00:00,25.2,28,3,23,2.972222222222222
2024-12-13 13:00:00,25.9,27,3,19,2.694444444444444
2024-12-13 14:00:00,26.1,27,3,19,2.3333333333333335
2024-12-13 15:00:00,25.9,28,3,17,2.0833333333333335
2024-12-13 16:00:00,25.2,29,2,11,2.0277777777777777
2024-12-13 17:00:00,22.9,35,3,358,1.5555555555555554
2024-12-13 18:00:00,22.0,39,3,3,1.8055555555555556
2024-12-13 19:00:00,21.4,38,3,22,2.1666666666666665
2024-12-13 20:00:00,20.3,37,3,29,3.083333333333333
2024-12-13 21:00:00,18.7,38,0,13,2.9166666666666665
2024-12-13 22:00:00,17.2,42,1,358,2.8055555555555554
2024-12-13 23:00:00,16.1,45,0,352,3.0277777777777777
2024-12-14 00:00:00,15.3,47,0,351,3.0277777777777777
2024-12-14 01:00:00,14.6,49,0,353,3.083333333333333
2024-12-14 02:00:00,14.0,51,0,358,2.944444444444444
2024-12-14 03:00:00,13.5,52,0,1,2.75
2024-12-14 04:00:00,13.2,53,0,1,2.75
2024-12-14 05:00:00,12.8,55,0,4,2.694444444444444
2024-12-14 06:00:00,12.9,55,0,14,2.888888888888889
2024-12-14 07:00:00,13.4,54,0,15,3.1111111111111107
2024-12-14 08:00:00,15.6,46,0,21,2.7777777777777777
2024-12-14 09:00:00,17.9,39,0,26,2.888888888888889
2024-12-14 10:00:00,20.4,33,0,32,2.5833333333333335
2024-12-14 11:00:00,22.6,27,0,39,2.5277777777777777
2024-12-14 12:00:00,24.3,21,0,46,2.0833333333333335
2024-12-14 13:00:00,25.3,19,0,45,1.6944444444444442
2024-12-14 14:00:00,25.8,18,0,36,1.3611111111111112
2024-12-14 15:00:00,25.7,18,0,29,1.1388888888888888
2024-12-14 16:00:00,24.9,20,0,24,1.0833333333333333
2024-12-14 17:00:00,21.9,29,0,4,0.6388888888888888
2024-12-14 18:00:00,20.7,37,0,338,0.8055555555555555
2024-12-14 19:00:00,20.0,40,0,315,0.2777777777777778
2024-12-14 20:00:00,19.1,43,0,351,0.3055555555555556
2024-12-14 21:00:00,17.1,50,0,17,1.3611111111111112
2024-12-14 22:00:00,16.5,56,0,10,1.9444444444444444
2024-12-14 23:00:00,15.3,58,0,354,1.9166666666666667
2024-12-15 00:00:00,14.3,55,0,352,1.7222222222222223
2024-12-15 01:00:00,14.0,51,0,355,1.9166666666666667
2024-12-15 02:00:00,13.5,52,0,359,2.138888888888889
2024-12-15 03:00:00,12.9,55,0,357,2.1944444444444446
2024-12-15 04:00:00,12.4,56,0,355,2.361111111111111
2024-12-15 05:00:00,12.0,57,2,353,2.5555555555555554
2024-12-15 06:00:00,11.4,61,0,356,2.611111111111111
2024-12-15 07:00:00,12.0,59,1,359,2.861111111111111
2024-12-15 08:00:00,14.7,50,1,4,2.305555555555556
2024-12-15 09:00:00,17.7,39,1,17,2.4444444444444446
2024-12-15 10:00:00,20.7,29,0,33,1.9166666666666667
2024-12-15 11:00:00,23.1,22,0,69,1.6666666666666665
2024-12-15 12:00:00,24.6,19,0,88,1.611111111111111
2024-12-15 13:00:00,25.5,18,0,96,1.4166666666666665
2024-12-15 14:00:00,25.8,19,0,100,1.1666666666666667
2024-12-15 15:00:00,25.6,20,0,90,0.9444444444444444
2024-12-15 16:00:00,25.0,22,0,74,0.888888888888889
2024-12-15 17:00:00,22.3,30,0,104,0.41666666666666663
2024-12-15 18:00:00,21.4,36,0,158,0.5277777777777778
2024-12-15 19:00:00,20.0,42,0,185,0.5555555555555556
2024-12-15 20:00:00,19.3,44,0,349,0.25
2024-12-15 21:00:00,17.9,47,0,353,1.6666666666666665
2024-12-15 22:00:00,16.8,52,0,354,1.5
2024-12-15 23:00:00,15.4,55,0,343,1.4166666666666665
2024-12-16 00:00:00,14.8,54,0,341,1.5277777777777777
2024-12-16 01:00:00,14.3,54,0,342,1.9444444444444444
2024-12-16 02:00:00,13.6,54,0,344,2.388888888888889
2024-12-16 03:00:00,12.9,55,0,345,2.388888888888889
2024-12-16 04:00:00,12.3,57,0,347,2.1666666666666665
2024-12-16 05:00:00,11.8,59,0,349,2.138888888888889
2024-12-16 06:00:00,11.7,63,0,354,1.9166666666666667
2024-12-16 07:00:00,12.6,59,0,356,2.5555555555555554
2024-12-16 08:00:00,15.7,49,0,360,2.138888888888889
2024-12-16 09:00:00,19.0,39,0,19,1.8055555555555556
2024-12-16 10:00:00,21.8,33,0,41,1.7222222222222223
2024-12-16 11:00:00,23.9,29,0,57,1.6666666666666665
2024-12-16 12:00:00,25.3,27,0,72,1.3055555555555556
2024-12-16 13:00:00,26.4,24,0,85,1.0555555555555556
2024-12-16 14:00:00,26.9,23,0,63,0.888888888888889
2024-12-16 15:00:00,26.8,23,0,32,0.9444444444444444
2024-12-16 16:00:00,26.0,25,0,19,0.888888888888889
2024-12-16 17:00:00,23.0,35,0,342,0.4722222222222222
2024-12-16 18:00:00,22.0,42,0,304,0.16666666666666666
2024-12-16 19:00:00,20.7,47,0,252,0.16666666666666666
2024-12-16 20:00:00,19.7,50,0,198,0.4722222222222222
2024-12-16 21:00:00,18.9,54,0,18,0.16666666666666666
2024-12-16 22:00:00,17.6,59,0,360,0.6388888888888888
2024-12-16 23:00:00,16.0,68,0,6,1.4444444444444444
2024-12-17 00:00:00,15.4,70,0,13,1.5277777777777777
2024-12-17 01:00:00,14.6,69,0,17,1.7222222222222223
2024-12-17 02:00:00,14.0,64,0,5,1.9166666666666667
2024-12-17 03:00:00,13.1,64,0,344,1.6666666666666665
2024-12-17 04:00:00,12.5,65,0,336,1.8611111111111112
2024-12-17 05:00:00,11.9,66,0,338,2.111111111111111
2024-12-17 06:00:00,10.9,74,0,350,1.7222222222222223
2024-12-17 07:00:00,11.5,72,0,356,2.305555555555556
2024-12-17 08:00:00,14.8,60,0,355,1.8611111111111112
2024-12-17 09:00:00,18.7,46,0,21,1.2222222222222223
2024-12-17 10:00:00,21.8,36,0,33,1.472222222222222
2024-12-17 11:00:00,24.2,30,1,24,1.472222222222222
2024-12-17 12:00:00,25.7,26,1,16,1.3055555555555556
2024-12-17 13:00:00,26.7,24,2,15,1.1388888888888888
2024-12-17 14:00:00,27.3,23,1,28,0.8611111111111112
2024-12-17 15:00:00,27.2,23,1,42,0.6666666666666666
2024-12-17 16:00:00,26.4,24,3,61,0.5277777777777778
2024-12-17 17:00:00,23.2,33,3,120,0.41666666666666663
2024-12-17 18:00:00,21.6,43,3,135,1.4166666666666665
2024-12-17 19:00:00,20.7,48,3,152,1.0833333333333333
2024-12-17 20:00:00,19.9,50,1,188,0.75
2024-12-17 21:00:00,18.8,55,3,198,0.6388888888888888
2024-12-17 22:00:00,18.4,56,3,270,0.05555555555555556
2024-12-17 23:00:00,17.1,61,3,356,0.8055555555555555
2024-12-18 00:00:00,15.8,66,1,343,1.7222222222222223
2024-12-18 01:00:00,14.7,71,0,340,1.6388888888888888
2024-12-18 02:00:00,14.1,74,0,350,1.777777777777778
2024-12-18 03:00:00,13.6,74,0,342,2.111111111111111
2024-12-18 04:00:00,12.9,74,0,346,1.8055555555555556
2024-12-18 05:00:00,12.3,74,0,345,1.75
2024-12-18 06:00:00,11.9,74,0,346,1.6388888888888888
2024-12-18 07:00:00,12.7,68,0,344,2.0277777777777777
2024-12-18 08:00:00,15.9,54,0,350,1.3611111111111112
2024-12-18 09:00:00,19.7,41,0,14,1.027777777777778
2024-12-18 10:00:00,22.8,29,0,37,1.5833333333333333
2024-12-18 11:00:00,24.9,25,0,45,1.6388888888888888
2024-12-18 12:00:00,26.4,22,0,53,1.5
2024-12-18 13:00:00,27.3,20,0,54,1.3611111111111112
2024-12-18 14:00:00,27.7,20,0,46,1.5277777777777777
2024-12-18 15:00:00,27.4,21,1,44,1.5277777777777777
2024-12-18 16:00:00,26.6,23,0,49,1.5277777777777777
2024-12-18 17:00:00,23.7,31,0,52,0.5833333333333334
2024-12-18 18:00:00,22.7,34,0,77,0.6666666666666666
2024-12-18 19:00:00,21.6,37,0,124,0.7222222222222222
2024-12-18 20:00:00,20.5,43,0,139,0.9166666666666666
2024-12-18 21:00:00,19.7,48,0,137,0.8055555555555555
2024-12-18 22:00:00,19.4,50,0,70,0.5833333333333334
2024-12-18 23:00:00,17.3,56,2,20,1.4444444444444444
2024-12-19 00:00:00,16.2,61,2,22,1.5555555555555554
2024-12-19 01:00:00,15.4,65,3,17,1.5555555555555554
2024-12-19 02:00:00,14.6,70,1,21,1.5
2024-12-19 03:00:00,14.0,73,1,20,1.5
2024-12-19 04:00:00,13.9,73,1,13,1.8055555555555556
2024-12-19 05:00:00,13.1,76,0,18,1.6388888888888888
2024-12-19 06:00:00,12.3,79,0,19,1.6944444444444442
2024-12-19 07:00:00,13.5,72,1,24,1.972222222222222
2024-12-19 08:00:00,16.7,58,0,35,1.8888888888888888
2024-12-19 09:00:00,20.0,46,0,52,1.972222222222222
2024-12-19 10:00:00,22.9,39,1,64,2.388888888888889
2024-12-19 11:00:00,25.1,34,2,70,2.2222222222222223
2024-12-19 12:00:00,26.7,32,2,86,2.25
2024-12-19 13:00:00,27.6,32,0,96,1.9166666666666667
2024-12-19 14:00:00,28.0,34,0,106,1.777777777777778
2024-12-19 15:00:00,27.8,37,0,112,1.5555555555555554
2024-12-19 16:00:00,27.1,40,0,119,1.8333333333333333
2024-12-19 17:00:00,24.9,48,0,125,1.3888888888888888
2024-12-19 18:00:00,24.2,57,1,83,1.1666666666666667
2024-12-19 19:00:00,23.4,60,3,25,0.9444444444444444
2024-12-19 20:00:00,22.7,59,3,6,1.3611111111111112
2024-12-19 21:00:00,22.2,58,3,12,1.6388888888888888
2024-12-19 22:00:00,21.1,61,3,6,1.5
2024-12-19 23:00:00,20.3,64,3,11,1.6388888888888888
2024-12-20 00:00:00,19.7,65,3,354,1.4444444444444444
2024-12-20 01:00:00,19.2,67,3,10,1.4166666666666665
2024-12-20 02:00:00,19.3,67,3,24,1.5833333333333333
2024-12-20 03:00:00,18.9,70,2,21,1.5555555555555554
2024-12-20 04:00:00,18.6,72,1,17,1.7222222222222223
2024-12-20 05:00:00,18.2,74,1,9,1.9166666666666667
2024-12-20 06:00:00,18.1,77,3,360,1.8055555555555556
2024-12-20 07:00:00,18.4,76,3,3,1.8888888888888888
2024-12-20 08:00:00,20.7,68,3,15,1.3888888888888888
2024-12-20 09:00:00,23.2,64,3,35,1.3888888888888888
2024-12-20 10:00:00,25.4,59,1,53,1.25
2024-12-20 11:00:00,27.1,56,2,73,1.0555555555555556
2024-12-20 12:00:00,28.4,52,0,63,0.7777777777777777
2024-12-20 13:00:00,29.2,47,0,11,0.7777777777777777
2024-12-20 14:00:00,29.6,43,0,343,1.4166666666666665
2024-12-20 15:00:00,29.4,40,0,338,2.305555555555556
2024-12-20 16:00:00,28.5,39,0,341,2.638888888888889
2024-12-20 17:00:00,27.1,45,0,342,1.75
2024-12-20 18:00:00,26.2,52,1,360,1.1111111111111112
2024-12-20 19:00:00,25.4,56,1,56,0.888888888888889
2024-12-20 20:00:00,24.7,59,0,72,0.3055555555555556
2024-12-20 21:00:00,23.7,63,0,16,0.3611111111111111
2024-12-20 22:00:00,22.6,66,3,346,1.8611111111111112
2024-12-20 23:00:00,21.4,65,3,328,2.5833333333333335
2024-12-21 00:00:00,20.3,69,2,349,2.1944444444444446
2024-12-21 01:00:00,19.9,71,3,355,2.361111111111111
2024-12-21 02:00:00,19.4,66,0,6,2.4722222222222223
2024-12-21 03:00:00,19.0,62,1,15,2.388888888888889
2024-12-21 04:00:00,18.5,60,0,9,2.4722222222222223
2024-12-21 05:00:00,18.0,59,1,2,2.361111111111111
2024-12-21 06:00:00,18.0,63,2,354,2.2222222222222223
2024-12-21 07:00:00,18.4,62,0,1,2.305555555555556
2024-12-21 08:00:00,20.6,56,0,13,1.9444444444444444
2024-12-21 09:00:00,22.8,51,0,22,2.2777777777777777
2024-12-21 10:00:00,25.2,45,0,38,2.361111111111111
2024-12-21 11:00:00,27.0,41,0,48,2.4722222222222223
2024-12-21 12:00:00,28.3,38,0,38,2.1666666666666665
2024-12-21 13:00:00,29.3,31,0,20,1.9166666666666667
2024-12-21 14:00:00,29.4,29,0,355,2.25
2024-12-21 15:00:00,29.1,29,0,348,2.75
2024-12-21 16:00:00,28.2,28,0,355,3.0
2024-12-21 17:00:00,26.3,31,0,1,1.9444444444444444
2024-12-21 18:00:00,25.0,37,0,23,2.3333333333333335
2024-12-21 19:00:00,24.4,38,0,37,2.5833333333333335
2024-12-21 20:00:00,23.3,40,0,20,3.138888888888889
2024-12-21 21:00:00,21.8,45,0,15,3.1111111111111107
2024-12-21 22:00:00,20.5,47,0,357,2.8055555555555554
2024-12-21 23:00:00,19.5,50,0,353,2.833333333333333
2024-12-22 00:00:00,18.8,52,0,357,2.6666666666666665
2024-12-22 01:00:00,18.1,54,0,360,2.4444444444444446
2024-12-22 02:00:00,17.6,56,0,7,2.833333333333333
2024-12-22 03:00:00,16.7,60,0,35,1.8888888888888888
2024-12-22 04:00:00,16.0,63,0,17,1.5277777777777777
2024-12-22 05:00:00,15.6,66,0,16,1.4444444444444444
2024-12-22 06:00:00,16.0,66,0,19,1.8611111111111112
2024-12-22 07:00:00,16.4,66,1,23,2.2777777777777777
2024-12-22 08:00:00,18.5,59,0,30,2.138888888888889
2024-12-22 09:00:00,21.0,54,2,40,2.3333333333333335
2024-12-22 10:00:00,23.4,53,3,53,2.1666666666666665
2024-12-22 11:00:00,25.5,49,3,56,2.055555555555556
2024-12-22 12:00:00,27.1,40,3,48,1.8888888888888888
2024-12-22 13:00:00,27.9,35,3,34,1.8055555555555556
2024-12-22 14:00:00,28.3,32,3,21,1.5555555555555554
2024-12-22 15:00:00,28.2,31,3,14,1.5
2024-12-22 16:00:00,27.5,32,3,3,2.1944444444444446
2024-12-22 17:00:00,25.8,38,3,2,2.638888888888889
2024-12-22 18:00:00,24.7,40,0,25,1.6666666666666665
2024-12-22 19:00:00,23.1,46,0,58,1.3055555555555556
2024-12-22 20:00:00,22.2,51,0,90,1.4444444444444444
2024-12-22 21:00:00,21.7,54,0,112,1.5555555555555554
2024-12-22 22:00:00,21.0,57,0,90,1.3888888888888888
2024-12-22 23:00:00,19.8,61,0,23,1.25
2024-12-23 00:00:00,18.8,66,0,24,1.0833333333333333
2024-12-23 01:00:00,18.1,68,0,32,1.2222222222222223
2024-12-23 02:00:00,18.2,67,0,47,2.5
2024-12-23 03:00:00,17.9,69,0,67,2.055555555555556
2024-12-23 04:00:00,17.3,73,0,71,1.5277777777777777
2024-12-23 05:00:00,17.0,78,0,84,1.5555555555555554
2024-12-23 06:00:00,17.2,90,0,76,1.8055555555555556
2024-12-23 07:00:00,17.6,88,0,73,2.5555555555555554
2024-12-23 08:00:00,19.8,77,0,67,2.2777777777777777
2024-12-23 09:00:00,22.5,63,0,69,2.361111111111111
2024-12-23 10:00:00,24.8,53,0,82,1.0555555555555556
2024-12-23 11:00:00,26.7,41,0,99,2.0277777777777777
2024-12-23 12:00:00,28.0,35,0,102,2.611111111111111
2024-12-23 13:00:00,28.7,32,0,102,2.75
2024-12-23 14:00:00,28.9,31,0,107,2.888888888888889
2024-12-23 15:00:00,28.7,32,0,114,2.833333333333333
2024-12-23 16:00:00,28.0,33,0,119,2.611111111111111
2024-12-23 17:00:00,26.5,36,0,124,2.055555555555556
2024-12-23 18:00:00,25.4,42,0,129,1.75
2024-12-23 19:00:00,24.7,43,0,126,2.111111111111111
2024-12-23 20:00:00,24.1,46,0,114,2.4722222222222223
2024-12-23 21:00:00,23.7,47,2,102,3.2777777777777777
2024-12-23 22:00:00,23.6,48,2,113,2.7222222222222223
2024-12-23 23:00:00,22.3,54,2,131,2.5277777777777777
2024-12-24 00:00:00,21.6,56,1,112,1.8888888888888888
2024-12-24 01:00:00,21.6,56,3,60,1.2222222222222223
2024-12-24 02:00:00,21.3,57,3,40,1.6388888888888888
2024-12-24 03:00:00,20.4,62,3,28,0.8611111111111112
2024-12-24 04:00:00,20.1,64,3,9,0.9166666666666666
2024-12-24 05:00:00,20.6,62,3,32,1.2222222222222223
2024-12-24 06:00:00,18.6,72,0,9,1.2222222222222223
2024-12-24 07:00:00,18.7,72,0,33,1.9166666666666667
2024-12-24 08:00:00,20.6,63,0,39,1.6666666666666665
2024-12-24 09:00:00,22.8,54,0,60,1.972222222222222
2024-12-24 10:00:00,25.0,47,0,84,2.2222222222222223
2024-12-24 11:00:00,26.8,41,0,99,2.1666666666666665
2024-12-24 12:00:00,27.9,37,2,108,2.2222222222222223
2024-12-24 13:00:00,28.3,36,1,119,2.1666666666666665
2024-12-24 14:00:00,28.9,34,0,127,2.0833333333333335
2024-12-24 15:00:00,28.8,35,0,128,1.972222222222222
2024-12-24 16:00:00,28.2,37,0,120,1.7222222222222223
2024-12-24 17:00:00,26.5,42,0,104,1.027777777777778
2024-12-24 18:00:00,25.5,46,1,86,1.3055555555555556
2024-12-24 19:00:00,25.4,47,3,88,1.5
2024-12-24 20:00:00,25.9,45,3,94,2.111111111111111
2024-12-24 21:00:00,25.5,46,3,86,2.611111111111111
2024-12-24 22:00:00,25.0,47,3,100,3.0
2024-12-24 23:00:00,24.5,49,3,94,2.4444444444444446
2024-12-25 00:00:00,23.6,53,3,115,2.9166666666666665
2024-12-25 01:00:00,22.6,59,0,100,3.611111111111111
2024-12-25 02:00:00,21.5,65,0,95,2.5
2024-12-25 03:00:00,20.8,69,0,88,2.4444444444444446
2024-12-25 04:00:00,20.3,72,0,72,1.9444444444444444
2024-12-25 05:00:00,19.8,75,0,58,1.777777777777778
2024-12-25 06:00:00,19.2,80,0,63,2.361111111111111
2024-12-25 07:00:00,19.5,79,0,76,2.638888888888889
2024-12-25 08:00:00,21.2,73,0,85,2.5
2024-12-25 09:00:00,23.2,65,0,92,2.638888888888889
2024-12-25 10:00:00,25.4,57,0,108,2.4722222222222223
2024-12-25 11:00:00,27.1,49,0,122,2.638888888888889
2024-12-25 12:00:00,28.3,44,0,126,2.7222222222222223
2024-12-25 13:00:00,28.9,41,0,129,2.8055555555555554
2024-12-25 14:00:00,29.1,39,0,131,2.833333333333333
2024-12-25 15:00:00,28.7,38,1,128,2.6666666666666665
2024-12-25 16:00:00,27.9,38,0,120,2.7222222222222223
2024-12-25 17:00:00,26.4,41,1,112,2.305555555555556
2024-12-25 18:00:00,25.3,54,0,95,1.6944444444444442
2024-12-25 19:00:00,24.7,57,0,89,2.0
2024-12-25 20:00:00,24.0,61,0,96,1.5
2024-12-25 21:00:00,23.8,62,1,100,2.2222222222222223
2024-12-25 22:00:00,22.9,69,3,103,2.9166666666666665
2024-12-25 23:00:00,22.3,72,3,101,2.638888888888889
2024-12-26 00:00:00,21.9,74,2,92,2.4444444444444446
2024-12-26 01:00:00,21.4,75,1,81,2.138888888888889
2024-12-26 02:00:00,20.5,79,1,63,2.0
2024-12-26 03:00:00,19.8,83,0,54,2.2777777777777777
2024-12-26 04:00:00,19.1,88,0,45,2.111111111111111
2024-12-26 05:00:00,18.7,90,0,40,2.0833333333333335
2024-12-26 06:00:00,18.9,90,0,48,1.8055555555555556
2024-12-26 07:00:00,19.1,88,0,50,1.8888888888888888
2024-12-26 08:00:00,20.9,76,0,67,2.055555555555556
2024-12-26 09:00:00,22.9,63,0,81,2.5277777777777777
2024-12-26 10:00:00,24.9,52,0,87,2.8055555555555554
2024-12-26 11:00:00,26.6,45,0,89,2.694444444444444
2024-12-26 12:00:00,27.7,42,0,89,2.5
2024-12-26 13:00:00,28.5,40,0,90,2.305555555555556
2024-12-26 14:00:00,28.8,39,0,94,2.25
2024-12-26 15:00:00,28.6,39,0,86,2.1944444444444446
2024-12-26 16:00:00,27.9,42,0,92,2.361111111111111
2024-12-26 17:00:00,26.6,48,0,102,1.8888888888888888
2024-12-26 18:00:00,25.8,58,0,109,1.972222222222222
2024-12-26 19:00:00,25.3,60,0,109,1.6944444444444442
2024-12-26 20:00:00,24.7,62,0,110,1.611111111111111
2024-12-26 21:00:00,24.1,66,0,101,2.0833333333333335
2024-12-26 22:00:00,23.3,70,0,102,2.111111111111111
2024-12-26 23:00:00,22.5,74,0,100,1.972222222222222
2024-12-27 00:00:00,21.9,76,0,88,1.6944444444444442
2024-12-27 01:00:00,21.3,78,0,76,1.611111111111111
2024-12-27 02:00:00,20.8,80,0,68,1.611111111111111
2024-12-27 03:00:00,20.4,81,0,62,1.9166666666666667
2024-12-27 04:00:00,20.0,81,0,70,1.8611111111111112
2024-12-27 05:00:00,19.7,81,0,82,1.8611111111111112
2024-12-27 06:00:00,20.4,80,3,80,1.972222222222222
2024-12-27 07:00:00,21.1,77,3,61,1.6666666666666665
2024-12-27 08:00:00,21.9,75,3,72,2.055555555555556
2024-12-27 09:00:00,23.1,71,1,93,2.111111111111111
2024-12-27 10:00:00,25.4,63,0,105,2.638888888888889
2024-12-27 11:00:00,27.3,56,1,115,3.083333333333333
2024-12-27 12:00:00,28.5,52,0,121,3.138888888888889
2024-12-27 13:00:00,28.9,49,51,138,2.972222222222222
2024-12-27 14:00:00,29.0,48,51,143,3.1111111111111107
2024-12-27 15:00:00,28.7,49,51,145,2.972222222222222
2024-12-27 16:00:00,28.1,51,51,149,3.3055555555555554
2024-12-27 17:00:00,26.8,59,51,162,2.611111111111111
2024-12-27 18:00:00,25.8,67,1,129,1.1111111111111112
2024-12-27 19:00:00,25.2,72,0,165,1.75
2024-12-27 20:00:00,24.2,77,1,201,1.8333333333333333
2024-12-27 21:00:00,23.3,80,0,216,1.2777777777777777
2024-12-27 22:00:00,22.4,84,0,192,0.9722222222222222
2024-12-27 23:00:00,22.0,84,0,209,1.25
2024-12-28 00:00:00,21.5,86,53,278,1.8611111111111112
2024-12-28 01:00:00,19.6,95,55,22,2.861111111111111
2024-12-28 02:00:00,19.4,97,1,345,0.7777777777777777
2024-12-28 03:00:00,19.5,97,51,30,0.41666666666666663
2024-12-28 04:00:00,19.6,98,51,281,0.25
2024-12-28 05:00:00,20.0,98,51,115,0.9444444444444444
2024-12-28 06:00:00,20.1,95,0,135,1.6388888888888888
2024-12-28 07:00:00,20.4,93,0,153,1.6388888888888888
2024-12-28 08:00:00,22.4,84,0,163,1.0555555555555556
2024-12-28 09:00:00,24.6,75,0,198,1.4166666666666665
2024-12-28 10:00:00,26.4,65,0,218,2.2222222222222223
2024-12-28 11:00:00,28.0,54,0,220,2.7222222222222223
2024-12-28 12:00:00,29.1,45,1,223,3.7222222222222223
2024-12-28 13:00:00,29.5,41,0,218,3.638888888888889
2024-12-28 14:00:00,29.6,40,1,221,3.4444444444444446
2024-12-28 15:00:00,28.9,44,51,229,3.1666666666666665
2024-12-28 16:00:00,28.3,47,0,236,2.6666666666666665
2024-12-28 17:00:00,27.2,51,0,237,1.1944444444444444
2024-12-28 18:00:00,26.2,55,0,90,0.19444444444444442
2024-12-28 19:00:00,25.5,58,0,63,0.22222222222222224
2024-12-28 20:00:00,23.9,64,0,22,2.388888888888889
2024-12-28 21:00:00,22.9,69,0,17,1.8888888888888888
2024-12-28 22:00:00,22.0,74,0,25,2.111111111111111
2024-12-28 23:00:00,21.3,77,0,42,1.9444444444444444
2024-12-29 00:00:00,20.5,80,0,54,1.7222222222222223
2024-12-29 01:00:00,20.0,84,0,45,1.9166666666666667
2024-12-29 02:00:00,19.4,88,0,48,2.3333333333333335
2024-12-29 03:00:00,19.1,90,0,26,2.388888888888889
2024-12-29 04:00:00,18.7,92,0,25,2.2222222222222223
2024-12-29 05:00:00,18.4,93,1,22,2.0
2024-12-29 06:00:00,19.2,88,1,8,2.0833333333333335
2024-12-29 07:00:00,19.4,87,1,16,1.777777777777778
2024-12-29 08:00:00,20.9,79,1,41,1.8333333333333333
2024-12-29 09:00:00,22.8,70,1,54,1.777777777777778
2024-12-29 10:00:00,24.6,62,1,78,1.9444444444444444
2024-12-29 11:00:00,26.3,55,1,98,1.5
2024-12-29 12:00:00,27.4,52,0,117,1.0
2024-12-29 13:00:00,28.1,50,3,185,0.5555555555555556
2024-12-29 14:00:00,27.9,51,51,165,0.9722222222222222
2024-12-29 15:00:00,26.7,55,51,265,2.1666666666666665
2024-12-29 16:00:00,26.5,55,0,301,1.2777777777777777
2024-12-29 17:00:00,25.8,57,0,317,1.1666666666666667
2024-12-29 18:00:00,23.3,75,1,346,1.611111111111111
2024-12-29 19:00:00,22.9,75,1,359,2.0
2024-12-29 20:00:00,22.5,75,1,344,2.0277777777777777
2024-12-29 21:00:00,22.2,78,0,348,2.111111111111111
2024-12-29 22:00:00,21.8,81,1,355,1.8611111111111112
2024-12-29 23:00:00,21.3,83,0,8,1.8611111111111112
2024-12-30 00:00:00,20.9,82,0,7,2.111111111111111
2024-12-30 01:00:00,20.3,82,0,19,2.638888888888889
2024-12-30 02:00:00,19.7,84,0,18,2.111111111111111
2024-12-30 03:00:00,19.2,86,0,9,1.5833333333333333
2024-12-30 04:00:00,18.6,90,0,360,1.1111111111111112
2024-12-30 05:00:00,18.4,90,0,13,1.3888888888888888
2024-12-30 06:00:00,18.8,89,0,32,1.3055555555555556
2024-12-30 07:00:00,19.1,87,0,24,1.472222222222222
2024-12-30 08:00:00,20.6,77,0,37,1.5
2024-12-30 09:00:00,22.9,65,0,43,1.6944444444444442
2024-12-30 10:00:00,25.0,57,0,43,1.6388888888888888
2024-12-30 11:00:00,26.5,52,0,39,1.1111111111111112
2024-12-30 12:00:00,27.9,48,1,325,0.7777777777777777
2024-12-30 13:00:00,28.9,44,2,311,2.1944444444444446
2024-12-30 14:00:00,28.9,43,3,321,2.638888888888889
2024-12-30 15:00:00,28.7,45,1,329,2.5
2024-12-30 16:00:00,28.3,46,0,339,2.5555555555555554
2024-12-30 17:00:00,27.3,48,0,357,2.111111111111111
2024-12-30 18:00:00,26.0,57,0,28,2.0
2024-12-30 19:00:00,24.9,63,1,53,0.75
2024-12-30 20:00:00,23.9,67,1,180,0.8055555555555555
2024-12-30 21:00:00,23.2,70,1,187,1.25
2024-12-30 22:00:00,22.9,71,1,20,1.3333333333333333
2024-12-30 23:00:00,22.6,71,0,45,2.611111111111111
2024-12-31 00:00:00,21.6,73,0,50,2.6666666666666665
2024-12-31 01:00:00,20.3,78,0,41,2.6666666666666665
2024-12-31 02:00:00,19.4,81,0,34,2.4166666666666665
2024-12-31 03:00:00,18.8,84,0,28,2.0277777777777777
2024-12-31 04:00:00,18.3,85,0,25,2.0
2024-12-31 05:00:00,17.8,88,0,26,1.9444444444444444
2024-12-31 06:00:00,17.6,87,0,19,1.8055555555555556
2024-12-31 07:00:00,17.7,86,0,16,1.972222222222222
2024-12-31 08:00:00,19.5,76,0,21,1.6666666666666665
2024-12-31 09:00:00,22.3,62,0,32,1.777777777777778
2024-12-31 10:00:00,24.7,52,0,42,1.8055555555555556
2024-12-31 11:00:00,26.5,48,0,47,1.25
2024-12-31 12:00:00,27.8,45,0,69,0.41666666666666663
2024-12-31 13:00:00,28.6,44,0,310,0.7777777777777777
2024-12-31 14:00:00,29.1,41,1,313,2.611111111111111
2024-12-31 15:00:00,28.7,42,1,324,3.0
2024-12-31 16:00:00,28.1,43,0,340,2.9166666666666665
2024-12-31 17:00:00,27.0,44,0,360,1.3055555555555556
2024-12-31 18:00:00,25.1,53,0,49,1.0
2024-12-31 19:00:00,24.6,55,0,153,0.11111111111111112
2024-12-31 20:00:00,23.4,60,3,218,0.888888888888889
2024-12-31 21:00:00,22.7,65,1,310,0.8611111111111112
2024-12-31 22:00:00,22.1,68,0,50,2.4722222222222223
2024-12-31 23:00:00,21.5,67,0,48,3.138888888888889
2025-01-01 00:00:00,20.4,70,0,52,2.7222222222222223
2025-01-01 01:00:00,19.4,74,0,58,2.5833333333333335
2025-01-01 02:00:00,18.5,77,0,42,2.611111111111111
2025-01-01 03:00:00,17.8,80,0,49,2.4444444444444446
2025-01-01 04:00:00,17.1,83,0,43,2.25
2025-01-01 05:00:00,16.6,85,0,50,2.0833333333333335
2025-01-01 06:00:00,16.3,85,0,50,2.2222222222222223
2025-01-01 07:00:00,16.3,81,0,42,2.3333333333333335
2025-01-01 08:00:00,17.8,71,0,40,2.2222222222222223
2025-01-01 09:00:00,20.0,60,0,41,2.2777777777777777
2025-01-01 10:00:00,22.4,52,0,36,2.2222222222222223
2025-01-01 11:00:00,24.3,47,0,27,1.972222222222222
2025-01-01 12:00:00,25.8,42,2,21,1.2222222222222223
2025-01-01 13:00:00,26.8,37,2,8,1.0555555555555556
2025-01-01 14:00:00,27.2,36,3,6,1.3611111111111112
2025-01-01 15:00:00,27.1,37,0,4,1.4444444444444444
2025-01-01 16:00:00,26.6,39,1,360,1.3888888888888888
2025-01-01 17:00:00,24.8,48,2,352,0.75
2025-01-01 18:00:00,22.7,51,0,97,1.1666666666666667
2025-01-01 19:00:00,21.7,53,0,118,1.3611111111111112
2025-01-01 20:00:00,20.4,58,0,75,1.1944444444444444
2025-01-01 21:00:00,19.9,60,0,42,1.8888888888888888
2025-01-01 22:00:00,18.8,58,0,26,1.9444444444444444
2025-01-01 23:00:00,17.5,54,0,8,2.2222222222222223
2025-01-02 00:00:00,16.1,58,0,3,1.8055555555555556
2025-01-02 01:00:00,14.7,66,0,356,1.4166666666666665
2025-01-02 02:00:00,13.8,71,0,350,1.3611111111111112
2025-01-02 03:00:00,13.3,73,0,344,1.4444444444444444
2025-01-02 04:00:00,12.7,76,0,340,1.5
2025-01-02 05:00:00,12.1,80,1,342,1.472222222222222
2025-01-02 06:00:00,12.9,70,0,352,1.8611111111111112
2025-01-02 07:00:00,13.1,70,0,354,2.305555555555556
2025-01-02 08:00:00,15.5,59,1,360,2.0
2025-01-02 09:00:00,18.7,47,2,11,1.8333333333333333
2025-01-02 10:00:00,22.2,35,1,25,1.777777777777778
2025-01-02 11:00:00,25.2,22,1,30,2.138888888888889
2025-01-02 12:00:00,27.2,15,2,28,2.111111111111111
2025-01-02 13:00:00,28.3,13,3,35,1.75
2025-01-02 14:00:00,28.6,14,3,38,1.472222222222222
2025-01-02 15:00:00,28.5,16,2,41,1.1388888888888888
2025-01-02 16:00:00,27.8,19,0,34,1.0833333333333333
2025-01-02 17:00:00,25.3,30,0,31,0.2777777777777778
2025-01-02 18:00:00,23.4,34,0,112,0.8055555555555555
2025-01-02 19:00:00,22.7,38,0,117,0.3333333333333333
2025-01-02 20:00:00,21.2,43,0,27,1.3333333333333333
2025-01-02 21:00:00,20.4,44,0,16,2.5
2025-01-02 22:00:00,18.8,44,2,4,2.75
2025-01-02 23:00:00,17.7,48,1,12,2.75
2025-01-03 00:00:00,16.9,53,1,12,2.388888888888889
2025-01-03 01:00:00,16.1,59,0,11,1.8888888888888888
2025-01-03 02:00:00,15.6,62,0,5,2.111111111111111
2025-01-03 03:00:00,15.1,64,0,4,2.305555555555556
2025-01-03 04:00:00,14.6,66,0,360,2.1944444444444446
2025-01-03 05:00:00,14.1,67,0,355,2.361111111111111
2025-01-03 06:00:00,13.9,70,0,356,2.111111111111111
2025-01-03 07:00:00,14.1,69,0,360,2.111111111111111
2025-01-03 08:00:00,16.8,58,0,2,1.6388888888888888
2025-01-03 09:00:00,20.1,44,2,17,1.4166666666666665
2025-01-03 10:00:00,23.4,32,3,34,1.611111111111111
2025-01-03 11:00:00,26.0,22,3,41,1.6666666666666665
2025-01-03 12:00:00,27.8,19,2,43,1.6388888888888888
2025-01-03 13:00:00,28.9,18,3,41,1.5833333333333333
2025-01-03 14:00:00,29.4,18,3,38,1.5277777777777777
2025-01-03 15:00:00,29.3,19,3,34,1.5
2025-01-03 16:00:00,28.7,20,2,24,1.3611111111111112
2025-01-03 17:00:00,26.1,28,3,8,0.3611111111111111
2025-01-03 18:00:00,24.6,31,2,45,0.22222222222222224
2025-01-03 19:00:00,23.4,32,0,18,0.3055555555555556
2025-01-03 20:00:00,22.4,36,1,38,0.8333333333333333
2025-01-03 21:00:00,21.1,42,1,30,1.8055555555555556
2025-01-03 22:00:00,19.8,45,1,357,2.25
2025-01-03 23:00:00,18.3,48,0,354,2.5555555555555554
2025-01-04 00:00:00,17.4,49,3,356,2.4444444444444446
2025-01-04 01:00:00,16.5,50,3,359,2.111111111111111
2025-01-04 02:00:00,15.8,53,3,360,2.1944444444444446
2025-01-04 03:00:00,15.2,55,2,357,2.1944444444444446
2025-01-04 04:00:00,14.7,57,1,355,2.1666666666666665
2025-01-04 05:00:00,14.3,58,0,360,2.1944444444444446
2025-01-04 06:00:00,14.5,61,0,8,1.8611111111111112
2025-01-04 07:00:00,14.9,60,0,13,2.0
2025-01-04 08:00:00,17.5,50,0,29,1.8888888888888888
2025-01-04 09:00:00,20.2,41,0,37,2.0
2025-01-04 10:00:00,23.1,34,0,40,2.0833333333333335
2025-01-04 11:00:00,25.6,26,0,48,2.2222222222222223
2025-01-04 12:00:00,27.4,21,0,56,2.055555555555556
2025-01-04 13:00:00,28.4,19,0,60,1.7222222222222223
2025-01-04 14:00:00,28.9,18,0,60,1.3888888888888888
2025-01-04 15:00:00,28.9,18,0,52,1.1388888888888888
2025-01-04 16:00:00,28.3,20,0,57,1.0
2025-01-04 17:00:00,25.8,28,0,76,0.41666666666666663
2025-01-04 18:00:00,24.4,31,0,214,0.16666666666666666
2025-01-04 19:00:00,23.2,33,0,225,0.1388888888888889
2025-01-04 20:00:00,22.4,34,0,297,0.11111111111111112
2025-01-04 21:00:00,21.1,38,0,16,0.7222222222222222
2025-01-04 22:00:00,19.5,46,0,3,1.6666666666666665
2025-01-04 23:00:00,18.2,53,0,355,1.8611111111111112
2025-01-05 00:00:00,16.6,58,0,346,1.611111111111111
2025-01-05 01:00:00,15.6,61,0,344,1.6666666666666665
2025-01-05 02:00:00,14.7,61,0,342,1.6388888888888888
2025-01-05 03:00:00,13.7,63,0,340,1.3333333333333333
2025-01-05 04:00:00,13.0,66,0,345,1.1944444444444444
2025-01-05 05:00:00,12.6,68,0,348,1.2222222222222223
2025-01-05 06:00:00,12.8,70,0,345,1.1388888888888888
2025-01-05 07:00:00,13.7,67,0,358,1.5555555555555554
2025-01-05 08:00:00,16.7,54,0,14,1.4444444444444444
2025-01-05 09:00:00,20.0,43,0,40,1.5555555555555554
2025-01-05 10:00:00,22.9,36,0,60,1.7222222222222223
2025-01-05 11:00:00,25.2,32,0,82,1.5
2025-01-05 12:00:00,26.8,29,0,107,1.4166666666666665
2025-01-05 13:00:00,27.7,28,0,125,1.3888888888888888
2025-01-05 14:00:00,28.2,27,0,137,1.0833333333333333
2025-01-05 15:00:00,28.1,28,0,139,1.0
2025-01-05 16:00:00,27.5,29,0,148,1.4166666666666665
2025-01-05 17:00:00,25.3,36,0,156,1.3611111111111112
2025-01-05 18:00:00,23.3,44,0,126,1.1666666666666667
2025-01-05 19:00:00,22.2,47,0,109,1.3888888888888888
2025-01-05 20:00:00,21.1,49,0,110,1.4444444444444444
2025-01-05 21:00:00,20.5,51,0,112,1.3333333333333333
2025-01-05 22:00:00,19.8,53,0,103,1.5277777777777777
2025-01-05 23:00:00,19.3,54,0,97,1.1666666666666667
2025-01-06 00:00:00,18.9,56,0,90,0.75
2025-01-06 01:00:00,17.9,60,0,70,0.75
2025-01-06 02:00:00,17.1,65,0,73,0.6666666666666666
2025-01-06 03:00:00,16.4,70,0,60,0.6944444444444444
2025-01-06 04:00:00,15.1,77,0,42,1.1944444444444444
2025-01-06 05:00:00,14.4,81,0,21,1.1111111111111112
2025-01-06 06:00:00,13.9,79,0,360,1.3888888888888888
2025-01-06 07:00:00,14.5,76,1,23,1.4166666666666665
2025-01-06 08:00:00,17.5,64,2,28,1.0833333333333333
2025-01-06 09:00:00,20.2,55,2,3,1.0
2025-01-06 10:00:00,22.2,50,3,66,0.8611111111111112
2025-01-06 11:00:00,23.6,45,2,110,0.75
2025-01-06 12:00:00,26.0,37,0,148,0.9444444444444444
2025-01-06 13:00:00,27.2,33,0,191,0.8055555555555555
2025-01-06 14:00:00,27.8,31,0,239,0.5833333333333334
2025-01-06 15:00:00,27.9,31,0,304,0.7222222222222222
2025-01-06 16:00:00,27.4,31,0,335,1.0555555555555556
2025-01-06 17:00:00,25.7,39,0,27,0.4444444444444445
2025-01-06 18:00:00,23.8,41,0,56,0.888888888888889
2025-01-06 19:00:00,22.5,45,0,111,1.2777777777777777
2025-01-06 20:00:00,21.5,52,0,150,1.3888888888888888
2025-01-06 21:00:00,20.7,56,0,165,1.5555555555555554
2025-01-06 22:00:00,19.8,61,0,161,1.3888888888888888
2025-01-06 23:00:00,19.7,62,0,143,0.5
2025-01-07 00:00:00,18.8,65,0,16,0.7222222222222222
2025-01-07 01:00:00,17.7,70,0,337,1.1388888888888888
2025-01-07 02:00:00,17.2,71,0,333,1.75
2025-01-07 03:00:00,16.6,74,0,320,1.9444444444444444
2025-01-07 04:00:00,16.0,77,0,328,1.6944444444444442
2025-01-07 05:00:00,15.7,78,0,332,2.3333333333333335
2025-01-07 06:00:00,15.3,80,0,347,2.4166666666666665
2025-01-07 07:00:00,15.4,78,0,359,2.5555555555555554
2025-01-07 08:00:00,17.3,69,0,8,2.2777777777777777
2025-01-07 09:00:00,20.0,60,0,16,2.305555555555556
2025-01-07 10:00:00,22.9,49,0,15,2.4444444444444446
2025-01-07 11:00:00,25.2,41,0,21,2.5555555555555554
2025-01-07 12:00:00,26.6,37,0,9,2.2222222222222223
2025-01-07 13:00:00,27.6,34,0,352,2.4166666666666665
2025-01-07 14:00:00,27.9,32,0,337,2.944444444444444
2025-01-07 15:00:00,27.6,33,0,335,2.972222222222222
2025-01-07 16:00:00,27.0,34,0,342,2.611111111111111
2025-01-07 17:00:00,25.9,31,0,353,2.1666666666666665
2025-01-07 18:00:00,24.1,31,0,356,2.944444444444444
2025-01-07 19:00:00,22.4,33,0,347,3.0277777777777777
2025-01-07 20:00:00,20.6,36,0,356,2.9166666666666665
2025-01-07 21:00:00,18.9,44,0,355,2.611111111111111
2025-01-07 22:00:00,17.6,48,0,359,2.694444444444444
2025-01-07 23:00:00,16.6,54,0,6,2.972222222222222
2025-01-08 00:00:00,15.8,60,0,15,2.638888888888889
2025-01-08 01:00:00,15.2,65,0,20,2.5555555555555554
2025-01-08 02:00:00,14.7,71,0,21,2.7777777777777777
2025-01-08 03:00:00,14.0,76,0,21,2.5555555555555554
2025-01-08 04:00:00,13.4,81,0,15,2.4444444444444446
2025-01-08 05:00:00,12.8,85,0,15,2.388888888888889
2025-01-08 06:00:00,12.6,85,0,14,2.4722222222222223
2025-01-08 07:00:00,12.7,86,0,16,2.5
2025-01-08 08:00:00,14.6,76,0,23,2.5
2025-01-08 09:00:00,17.0,63,0,32,2.361111111111111
2025-01-08 10:00:00,19.6,48,0,37,2.0
2025-01-08 11:00:00,21.9,37,0,43,1.25
2025-01-08 12:00:00,23.6,31,0,10,0.5555555555555556
2025-01-08 13:00:00,24.6,29,0,317,0.888888888888889
2025-01-08 14:00:00,25.2,27,0,320,1.5
2025-01-08 15:00:00,25.2,26,0,331,1.8888888888888888
2025-01-08 16:00:00,24.8,24,0,335,2.111111111111111
2025-01-08 17:00:00,23.4,27,0,338,1.5555555555555554
2025-01-08 18:00:00,21.5,33,0,15,1.5
2025-01-08 19:00:00,20.2,38,0,62,1.1944444444444444
2025-01-08 20:00:00,18.7,45,0,115,1.1666666666666667
2025-01-08 21:00:00,17.7,53,0,163,1.3611111111111112
2025-01-08 22:00:00,17.3,57,0,140,0.38888888888888884
2025-01-08 23:00:00,16.1,59,0,10,1.3611111111111112
2025-01-09 00:00:00,15.1,59,0,17,1.1944444444444444
2025-01-09 01:00:00,14.6,60,0,22,1.4444444444444444
2025-01-09 02:00:00,13.9,62,0,20,1.4444444444444444
2025-01-09 03:00:00,13.0,67,0,10,1.4166666666666665
2025-01-09 04:00:00,12.3,73,0,2,1.4444444444444444
2025-01-09 05:00:00,11.9,76,0,360,1.8055555555555556
2025-01-09 06:00:00,11.5,76,0,360,1.75
2025-01-09 07:00:00,11.8,75,0,1,2.25
2025-01-09 08:00:00,14.5,63,0,4,1.611111111111111
2025-01-09 09:00:00,18.0,50,0,29,1.1388888888888888
2025-01-09 10:00:00,21.3,35,0,51,1.611111111111111
2025-01-09 11:00:00,23.7,25,0,63,1.8888888888888888
2025-01-09 12:00:00,25.2,21,0,80,1.6666666666666665
2025-01-09 13:00:00,26.2,18,0,103,1.3888888888888888
2025-01-09 14:00:00,26.6,18,0,106,1.25
2025-01-09 15:00:00,26.6,17,0,92,1.1944444444444444
2025-01-09 16:00:00,26.0,18,1,83,1.3055555555555556
2025-01-09 17:00:00,23.3,27,0,100,1.1111111111111112
2025-01-09 18:00:00,21.2,31,0,122,1.5277777777777777
2025-01-09 19:00:00,19.8,35,0,144,1.5277777777777777
2025-01-09 20:00:00,19.3,37,0,145,1.3888888888888888
2025-01-09 21:00:00,19.1,37,0,144,0.9166666666666666
2025-01-09 22:00:00,18.9,39,0,56,0.3611111111111111
2025-01-09 23:00:00,16.6,46,0,6,1.3611111111111112
2025-01-10 00:00:00,15.5,53,0,4,1.5
2025-01-10 01:00:00,15.0,57,0,9,2.2222222222222223
2025-01-10 02:00:00,14.1,60,0,5,1.8055555555555556
2025-01-10 03:00:00,13.3,63,0,6,1.4166666666666665
2025-01-10 04:00:00,13.1,64,0,2,1.5
2025-01-10 05:00:00,12.6,68,0,12,1.4444444444444444
2025-01-10 06:00:00,12.0,71,2,16,1.3055555555555556
2025-01-10 07:00:00,13.2,67,2,16,1.4444444444444444
2025-01-10 08:00:00,16.1,55,3,19,1.5277777777777777
2025-01-10 09:00:00,19.4,43,1,38,1.5277777777777777
2025-01-10 10:00:00,22.3,35,1,61,1.777777777777778
2025-01-10 11:00:00,24.6,30,0,81,1.8333333333333333
2025-01-10 12:00:00,26.1,27,0,94,1.611111111111111
2025-01-10 13:00:00,26.9,27,0,111,1.3888888888888888
2025-01-10 14:00:00,27.2,27,0,112,1.1944444444444444
2025-01-10 15:00:00,27.1,27,1,108,1.3055555555555556
2025-01-10 16:00:00,26.4,28,3,107,1.6666666666666665
2025-01-10 17:00:00,24.7,32,0,123,2.1944444444444446
2025-01-10 18:00:00,22.5,39,3,104,1.4444444444444444
2025-01-10 19:00:00,21.8,42,2,107,1.1944444444444444
2025-01-10 20:00:00,21.4,44,2,105,0.5833333333333334
2025-01-10 21:00:00,20.8,45,3,121,0.5833333333333334
2025-01-10 22:00:00,20.4,46,2,114,0.6111111111111112
2025-01-10 23:00:00,19.5,49,2,118,0.9722222222222222
2025-01-11 00:00:00,18.0,56,2,109,1.5277777777777777
2025-01-11 01:00:00,17.2,61,2,82,1.1111111111111112
2025-01-11 02:00:00,16.9,63,2,51,0.6388888888888888
2025-01-11 03:00:00,16.1,67,3,40,0.8611111111111112
2025-01-11 04:00:00,15.2,72,2,37,1.25
2025-01-11 05:00:00,14.5,75,1,32,1.3055555555555556
2025-01-11 06:00:00,14.0,75,1,18,1.1666666666666667
2025-01-11 07:00:00,14.9,71,3,21,1.2222222222222223
2025-01-11 08:00:00,17.5,58,3,43,1.25
2025-01-11 09:00:00,20.6,44,3,77,1.3333333333333333
2025-01-11 10:00:00,22.6,38,3,120,1.8055555555555556
2025-01-11 11:00:00,24.5,34,2,120,1.611111111111111
2025-01-11 12:00:00,26.1,33,1,141,1.6666666666666665
2025-01-11 13:00:00,27.0,35,1,156,1.6944444444444442
2025-01-11 14:00:00,27.4,36,0,157,1.5277777777777777
2025-01-11 15:00:00,27.4,37,0,165,1.3333333333333333
2025-01-11 16:00:00,27.0,38,0,182,1.1944444444444444
2025-01-11 17:00:00,26.0,41,1,209,1.25
2025-01-11 18:00:00,24.5,45,0,89,2.388888888888889
2025-01-11 19:00:00,23.6,48,0,78,2.25
2025-01-11 20:00:00,23.0,51,1,83,2.1666666666666665
2025-01-11 21:00:00,22.4,52,2,101,2.138888888888889
2025-01-11 22:00:00,22.2,53,1,113,1.8055555555555556
2025-01-11 23:00:00,21.4,55,1,122,1.4166666666666665
2025-01-12 00:00:00,21.6,53,2,126,1.7222222222222223
2025-01-12 01:00:00,20.7,57,3,125,1.75
2025-01-12 02:00:00,19.8,60,3,117,1.5277777777777777
2025-01-12 03:00:00,19.3,63,3,97,1.25
2025-01-12 04:00:00,18.6,66,3,12,0.7222222222222222
2025-01-12 05:00:00,19.3,63,2,12,1.6388888888888888
2025-01-12 06:00:00,17.1,74,3,73,1.0555555555555556
2025-01-12 07:00:00,17.6,73,3,65,0.8333333333333333
2025-01-12 08:00:00,19.4,64,3,104,1.25
2025-01-12 09:00:00,21.7,56,0,133,1.1666666666666667
2025-01-12 10:00:00,23.9,55,0,171,1.5277777777777777
2025-01-12 11:00:00,25.7,52,1,197,1.6666666666666665
2025-01-12 12:00:00,26.9,48,1,220,1.777777777777778
2025-01-12 13:00:00,28.0,43,2,232,2.1666666666666665
2025-01-12 14:00:00,28.5,41,2,238,2.611111111111111
2025-01-12 15:00:00,28.2,41,0,225,2.4166666666666665
2025-01-12 16:00:00,27.7,42,1,218,2.111111111111111
2025-01-12 17:00:00,26.8,45,1,206,1.611111111111111
2025-01-12 18:00:00,24.3,51,0,18,0.9444444444444444
2025-01-12 19:00:00,23.8,55,1,38,1.8611111111111112
2025-01-12 20:00:00,22.8,60,1,343,0.8333333333333333
2025-01-12 21:00:00,22.4,62,1,311,1.972222222222222
2025-01-12 22:00:00,21.5,67,1,355,2.611111111111111
2025-01-12 23:00:00,20.5,72,0,7,2.361111111111111
2025-01-13 00:00:00,19.9,74,0,6,2.25
2025-01-13 01:00:00,19.4,76,1,15,2.0833333333333335
2025-01-13 02:00:00,18.8,79,1,11,1.8333333333333333
2025-01-13 03:00:00,18.3,81,0,15,2.111111111111111
2025-01-13 04:00:00,17.7,83,0,14,1.8611111111111112
2025-01-13 05:00:00,17.4,85,1,356,1.3055555555555556
2025-01-13 06:00:00,17.7,87,1,6,1.9166666666666667
2025-01-13 07:00:00,17.6,87,0,11,1.8888888888888888
2025-01-13 08:00:00,18.9,80,0,27,2.0833333333333335
2025-01-13 09:00:00,20.9,69,0,38,2.2222222222222223
2025-01-13 10:00:00,23.0,59,1,52,2.1666666666666665
2025-01-13 11:00:00,24.8,52,0,54,1.777777777777778
2025-01-13 12:00:00,25.9,49,0,51,1.3611111111111112
2025-01-13 13:00:00,27.0,45,3,321,1.1111111111111112
2025-01-13 14:00:00,26.6,46,2,317,1.3055555555555556
2025-01-13 15:00:00,26.9,45,1,297,1.5277777777777777
2025-01-13 16:00:00,26.5,46,1,300,1.611111111111111
2025-01-13 17:00:00,25.8,47,0,307,1.5
2025-01-13 18:00:00,24.0,57,0,3,0.8611111111111112
2025-01-13 19:00:00,23.1,60,0,96,0.5
2025-01-13 20:00:00,22.5,62,1,132,1.4166666666666665
2025-01-13 21:00:00,21.9,65,1,83,1.2222222222222223
2025-01-13 22:00:00,21.1,69,1,27,3.083333333333333
2025-01-13 23:00:00,19.8,66,0,36,2.611111111111111
2025-01-14 00:00:00,18.6,66,0,18,2.4722222222222223
2025-01-14 01:00:00,17.7,68,0,15,2.1666666666666665
2025-01-14 02:00:00,17.0,71,0,16,2.2222222222222223
2025-01-14 03:00:00,16.5,74,0,10,1.9444444444444444
2025-01-14 04:00:00,16.1,76,0,17,1.9166666666666667
2025-01-14 05:00:00,15.7,77,0,20,1.75
2025-01-14 06:00:00,15.2,82,0,10,1.6666666666666665
2025-01-14 07:00:00,15.4,81,0,27,1.972222222222222
2025-01-14 08:00:00,17.5,70,0,53,2.0
2025-01-14 09:00:00,20.3,57,0,59,2.2222222222222223
2025-01-14 10:00:00,23.0,48,0,65,2.25
2025-01-14 11:00:00,24.9,44,0,77,2.25
2025-01-14 12:00:00,26.3,44,0,89,2.361111111111111
2025-01-14 13:00:00,27.2,43,0,102,2.111111111111111
2025-01-14 14:00:00,27.6,43,0,112,2.055555555555556
2025-01-14 15:00:00,27.8,41,1,118,1.1944444444444444
2025-01-14 16:00:00,27.4,41,1,110,1.3333333333333333
2025-01-14 17:00:00,26.4,43,1,102,1.6388888888888888
2025-01-14 18:00:00,24.4,52,0,100,1.3611111111111112
2025-01-14 19:00:00,24.2,53,0,96,1.8611111111111112
2025-01-14 20:00:00,23.5,55,0,99,1.611111111111111
2025-01-14 21:00:00,22.4,59,0,117,1.5277777777777777
2025-01-14 22:00:00,21.7,62,0,110,1.4444444444444444
2025-01-14 23:00:00,20.9,65,0,61,1.5555555555555554
2025-01-15 00:00:00,20.1,68,1,56,1.8055555555555556
2025-01-15 01:00:00,18.6,73,1,60,1.2222222222222223
2025-01-15 02:00:00,18.2,75,0,27,1.5277777777777777
2025-01-15 03:00:00,17.8,75,0,58,1.8055555555555556
2025-01-15 04:00:00,17.9,74,3,60,2.1944444444444446
2025-01-15 05:00:00,17.5,74,3,71,1.972222222222222
2025-01-15 06:00:00,17.2,78,3,70,1.75
2025-01-15 07:00:00,17.3,76,3,55,2.3333333333333335
2025-01-15 08:00:00,19.1,68,3,58,1.8888888888888888
2025-01-15 09:00:00,21.6,58,3,81,2.138888888888889
2025-01-15 10:00:00,24.1,51,3,96,2.4166666666666665
2025-01-15 11:00:00,26.1,44,3,106,3.0277777777777777
2025-01-15 12:00:00,27.4,39,3,114,3.222222222222222
2025-01-15 13:00:00,28.0,36,3,113,2.944444444444444
2025-01-15 14:00:00,28.1,35,3,109,2.694444444444444
2025-01-15 15:00:00,27.9,36,3,107,2.4444444444444446
2025-01-15 16:00:00,27.2,37,3,102,2.388888888888889
2025-01-15 17:00:00,26.1,39,3,95,2.5
2025-01-15 18:00:00,25.1,43,3,80,2.2222222222222223
2025-01-15 19:00:00,24.4,45,3,77,1.3333333333333333
2025-01-15 20:00:00,23.5,48,3,95,1.1944444444444444
2025-01-15 21:00:00,23.2,48,3,142,1.1388888888888888
2025-01-15 22:00:00,22.3,51,3,154,1.2777777777777777
2025-01-15 23:00:00,21.6,55,3,110,1.75
2025-01-16 00:00:00,19.9,63,3,74,1.25
2025-01-16 01:00:00,19.7,63,3,76,1.6388888888888888
2025-01-16 02:00:00,19.7,63,3,80,1.9444444444444444
2025-01-16 03:00:00,18.9,65,3,74,1.6666666666666665
2025-01-16 04:00:00,18.1,69,3,74,1.25
2025-01-16 05:00:00,17.7,71,1,66,1.3611111111111112
2025-01-16 06:00:00,17.9,72,3,45,1.0
2025-01-16 07:00:00,17.9,73,2,29,1.027777777777778
2025-01-16 08:00:00,20.0,64,2,54,1.1111111111111112
2025-01-16 09:00:00,22.4,53,2,77,1.3888888888888888
2025-01-16 10:00:00,24.3,46,3,92,1.3611111111111112
2025-01-16 11:00:00,25.5,41,3,107,1.7222222222222223
2025-01-16 12:00:00,25.7,40,3,117,1.777777777777778
2025-01-16 13:00:00,25.6,40,3,109,1.5277777777777777
2025-01-16 14:00:00,25.6,40,3,104,1.5
2025-01-16 15:00:00,25.9,39,3,92,1.6388888888888888
2025-01-16 16:00:00,25.7,39,3,76,1.6388888888888888
2025-01-16 17:00:00,24.8,42,3,86,1.4444444444444444
2025-01-16 18:00:00,24.2,47,3,42,0.75
2025-01-16 19:00:00,23.8,49,3,40,0.7777777777777777
2025-01-16 20:00:00,23.6,49,3,84,0.4444444444444445
2025-01-16 21:00:00,23.5,49,3,84,0.9166666666666666
2025-01-16 22:00:00,22.7,51,3,7,2.055555555555556
2025-01-16 23:00:00,21.3,60,3,358,3.1111111111111107
2025-01-17 00:00:00,20.7,65,2,4,3.222222222222222
2025-01-17 01:00:00,20.1,69,1,14,2.7777777777777777
2025-01-17 02:00:00,19.3,72,2,7,2.4722222222222223
2025-01-17 03:00:00,18.8,74,3,4,2.611111111111111
2025-01-17 04:00:00,18.9,71,3,17,2.611111111111111
2025-01-17 05:00:00,18.8,68,3,27,2.5277777777777777
2025-01-17 06:00:00,19.1,68,3,25,2.111111111111111
2025-01-17 07:00:00,19.1,65,3,23,2.388888888888889
2025-01-17 08:00:00,20.0,57,3,21,2.5277777777777777
2025-01-17 09:00:00,21.7,47,1,33,2.7777777777777777
2025-01-17 10:00:00,24.2,38,0,43,2.861111111111111
2025-01-17 11:00:00,26.2,33,1,60,2.972222222222222
2025-01-17 12:00:00,27.5,31,1,70,3.0277777777777777
2025-01-17 13:00:00,28.1,31,2,76,3.3055555555555554
2025-01-17 14:00:00,27.7,32,2,79,3.3055555555555554
2025-01-17 15:00:00,27.4,33,0,78,3.3611111111111107
2025-01-17 16:00:00,27.1,34,0,78,3.333333333333333
2025-01-17 17:00:00,25.9,37,0,82,2.6666666666666665
2025-01-17 18:00:00,24.9,41,0,72,2.305555555555556
2025-01-17 19:00:00,23.7,45,0,67,2.5
2025-01-17 20:00:00,22.7,48,0,59,2.5
2025-01-17 21:00:00,22.1,49,0,54,2.388888888888889
2025-01-17 22:00:00,21.2,52,0,52,2.7222222222222223
2025-01-17 23:00:00,20.0,57,0,43,2.4444444444444446
2025-01-18 00:00:00,19.1,61,0,27,2.305555555555556
2025-01-18 01:00:00,18.3,65,0,23,2.2777777777777777
2025-01-18 02:00:00,17.5,70,0,29,1.8333333333333333
2025-01-18 03:00:00,16.9,72,0,16,1.8611111111111112
2025-01-18 04:00:00,16.4,74,0,11,2.1944444444444446
2025-01-18 05:00:00,15.8,76,0,10,2.0833333333333335
2025-01-18 06:00:00,15.9,78,0,11,1.6388888888888888
2025-01-18 07:00:00,16.2,76,0,11,1.8888888888888888
2025-01-18 08:00:00,18.4,64,0,21,1.5
2025-01-18 09:00:00,21.2,52,0,41,1.7222222222222223
2025-01-18 10:00:00,23.7,43,0,62,2.111111111111111
2025-01-18 11:00:00,25.7,37,0,79,2.3333333333333335
2025-01-18 12:00:00,26.9,34,0,85,2.6666666666666665
2025-01-18 13:00:00,27.6,32,1,85,2.5
2025-01-18 14:00:00,27.9,31,2,88,2.361111111111111
2025-01-18 15:00:00,27.9,31,1,81,2.2777777777777777
2025-01-18 16:00:00,27.4,31,2,75,2.2777777777777777
2025-01-18 17:00:00,26.2,34,0,96,1.972222222222222
2025-01-18 18:00:00,24.1,40,0,128,1.472222222222222
2025-01-18 19:00:00,23.2,43,0,123,1.3611111111111112
2025-01-18 20:00:00,22.4,45,0,55,1.2222222222222223
2025-01-18 21:00:00,21.4,48,0,43,0.9444444444444444
2025-01-18 22:00:00,20.4,52,0,22,1.5555555555555554
2025-01-18 23:00:00,19.2,57,0,355,1.6666666666666665
2025-01-19 00:00:00,18.2,62,0,343,2.0277777777777777
2025-01-19 01:00:00,16.4,71,0,23,1.027777777777778
2025-01-19 02:00:00,15.8,73,0,11,1.2777777777777777
2025-01-19 03:00:00,15.4,74,0,2,1.3888888888888888
2025-01-19 04:00:00,14.9,77,0,354,1.5
2025-01-19 05:00:00,14.5,79,0,353,1.7222222222222223
2025-01-19 06:00:00,14.6,80,0,356,2.055555555555556
2025-01-19 07:00:00,14.9,79,0,357,1.9444444444444444
2025-01-19 08:00:00,17.4,66,0,8,1.472222222222222
2025-01-19 09:00:00,20.5,51,0,27,1.4444444444444444
2025-01-19 10:00:00,23.7,37,0,43,1.6388888888888888
2025-01-19 11:00:00,26.2,27,0,66,1.5833333333333333
2025-01-19 12:00:00,27.6,21,0,58,1.3055555555555556
2025-01-19 13:00:00,28.5,19,0,30,1.2222222222222223
2025-01-19 14:00:00,29.0,18,0,4,1.3611111111111112
2025-01-19 15:00:00,29.0,19,0,352,1.777777777777778
2025-01-19 16:00:00,28.4,20,0,342,1.9444444444444444
2025-01-19 17:00:00,26.6,27,0,313,1.3055555555555556
2025-01-19 18:00:00,23.8,37,0,299,1.25
2025-01-19 19:00:00,22.9,42,0,354,0.4444444444444445
2025-01-19 20:00:00,21.8,44,0,77,0.9166666666666666
2025-01-19 21:00:00,20.7,46,0,36,1.3611111111111112
2025-01-19 22:00:00,20.2,49,0,355,1.6666666666666665
2025-01-19 23:00:00,19.0,56,0,340,1.611111111111111
2025-01-20 00:00:00,17.9,63,0,337,1.6388888888888888
2025-01-20 01:00:00,17.0,66,0,348,1.6388888888888888
2025-01-20 02:00:00,16.5,68,0,352,1.777777777777778
2025-01-20 03:00:00,16.0,71,0,355,1.8055555555555556
2025-01-20 04:00:00,15.5,74,0,352,1.8611111111111112
2025-01-20 05:00:00,15.0,76,0,355,1.6944444444444442
2025-01-20 06:00:00,15.0,78,0,2,1.6944444444444442
2025-01-20 07:00:00,15.5,76,0,357,2.111111111111111
2025-01-20 08:00:00,18.2,63,0,11,1.8888888888888888
2025-01-20 09:00:00,21.2,52,0,24,2.138888888888889
2025-01-20 10:00:00,24.0,42,0,34,1.972222222222222
2025-01-20 11:00:00,26.5,31,0,39,1.8055555555555556
2025-01-20 12:00:00,28.1,28,0,27,1.6666666666666665
2025-01-20 13:00:00,29.0,26,0,10,1.472222222222222
2025-01-20 14:00:00,29.5,24,0,358,1.3055555555555556
2025-01-20 15:00:00,29.5,24,0,345,1.1944444444444444
2025-01-20 16:00:00,29.0,25,0,336,1.0833333333333333
2025-01-20 17:00:00,26.7,35,0,295,0.8333333333333333
2025-01-20 18:00:00,24.0,44,0,289,0.888888888888889
2025-01-20 19:00:00,23.1,47,0,225,0.1388888888888889
2025-01-20 20:00:00,22.2,47,0,162,0.4722222222222222
2025-01-20 21:00:00,21.7,50,0,252,0.16666666666666666
2025-01-20 22:00:00,20.4,52,0,321,0.3333333333333333
2025-01-20 23:00:00,19.1,61,0,343,2.1944444444444446
2025-01-21 00:00:00,18.0,65,0,339,1.5
2025-01-21 01:00:00,17.0,68,0,339,1.3888888888888888
2025-01-21 02:00:00,16.4,70,0,343,1.4166666666666665
2025-01-21 03:00:00,16.0,72,0,353,1.611111111111111
2025-01-21 04:00:00,15.5,75,0,349,1.6388888888888888
2025-01-21 05:00:00,15.1,79,0,344,1.777777777777778
2025-01-21 06:00:00,14.8,83,0,348,1.4444444444444444
2025-01-21 07:00:00,15.4,81,0,348,2.1944444444444446
2025-01-21 08:00:00,18.3,68,0,350,1.777777777777778
2025-01-21 09:00:00,21.6,56,0,7,1.5555555555555554
2025-01-21 10:00:00,24.8,45,0,20,1.5
2025-01-21 11:00:00,27.2,35,0,39,1.3611111111111112
2025-01-21 12:00:00,28.8,28,0,38,0.8333333333333333
2025-01-21 13:00:00,29.7,26,0,360,0.4444444444444445
2025-01-21 14:00:00,30.2,24,0,325,0.7777777777777777
2025-01-21 15:00:00,30.2,23,0,318,1.2777777777777777
2025-01-21 16:00:00,29.6,24,0,315,1.6388888888888888
2025-01-21 17:00:00,27.6,27,0,309,1.2777777777777777
2025-01-21 18:00:00,24.9,31,0,297,0.3333333333333333
2025-01-21 19:00:00,23.8,34,0,169,0.25
2025-01-21 20:00:00,23.1,36,0,225,0.5
2025-01-21 21:00:00,22.0,37,0,237,0.8333333333333333
2025-01-21 22:00:00,21.1,39,0,252,0.3055555555555556
2025-01-21 23:00:00,19.8,42,0,324,0.41666666666666663
2025-01-22 00:00:00,18.2,49,0,334,1.5
2025-01-22 01:00:00,17.0,59,0,329,2.111111111111111
2025-01-22 02:00:00,16.6,61,0,328,2.055555555555556
2025-01-22 03:00:00,15.8,65,0,338,1.777777777777778
2025-01-22 04:00:00,15.0,69,0,353,1.5555555555555554
2025-01-22 05:00:00,14.4,73,0,340,1.5
2025-01-22 06:00:00,14.4,78,0,347,1.0833333333333333
2025-01-22 07:00:00,15.2,76,0,349,1.3333333333333333
2025-01-22 08:00:00,18.4,62,0,3,0.8611111111111112
2025-01-22 09:00:00,22.5,48,0,45,0.6944444444444444
2025-01-22 10:00:00,25.7,39,0,78,0.9722222222222222
2025-01-22 11:00:00,28.0,32,0,121,0.8611111111111112
2025-01-22 12:00:00,29.5,28,0,167,1.0833333333333333
2025-01-22 13:00:00,30.3,26,0,191,1.5833333333333333
2025-01-22 14:00:00,30.8,25,0,203,1.6944444444444442
2025-01-22 15:00:00,30.8,25,0,210,1.611111111111111
2025-01-22 16:00:00,30.3,26,0,213,1.7222222222222223
2025-01-22 17:00:00,28.7,30,0,205,2.0277777777777777
2025-01-22 18:00:00,26.3,36,0,193,1.5833333333333333
2025-01-22 19:00:00,24.6,42,0,176,0.6388888888888888
2025-01-22 20:00:00,23.5,47,0,81,0.3055555555555556
2025-01-22 21:00:00,22.7,55,0,171,0.3055555555555556
2025-01-22 22:00:00,22.4,53,0,153,0.3333333333333333
2025-01-22 23:00:00,21.9,58,1,104,0.19444444444444442
2025-01-23 00:00:00,20.6,57,2,352,0.75
2025-01-23 01:00:00,19.4,61,0,343,1.6666666666666665
2025-01-23 02:00:00,18.7,64,0,346,2.111111111111111
2025-01-23 03:00:00,17.6,70,0,330,1.5
2025-01-23 04:00:00,16.3,77,0,330,1.0
2025-01-23 05:00:00,15.9,81,3,360,0.75
2025-01-23 06:00:00,16.0,83,2,40,0.7777777777777777
2025-01-23 07:00:00,16.9,78,1,18,1.0
2025-01-23 08:00:00,19.6,64,0,23,1.027777777777778
2025-01-23 09:00:00,22.9,50,2,55,0.6111111111111112
2025-01-23 10:00:00,25.8,39,1,133,1.027777777777778
2025-01-23 11:00:00,27.9,35,0,165,1.5555555555555554
2025-01-23 12:00:00,29.3,35,0,184,2.1944444444444446
2025-01-23 13:00:00,30.3,32,0,193,2.4722222222222223
2025-01-23 14:00:00,30.8,29,0,201,2.5555555555555554
2025-01-23 15:00:00,30.6,29,0,208,2.361111111111111
2025-01-23 16:00:00,30.0,30,0,211,2.0277777777777777
2025-01-23 17:00:00,28.6,34,0,222,1.3333333333333333
2025-01-23 18:00:00,26.0,43,0,218,1.1388888888888888
2025-01-23 19:00:00,24.9,47,0,195,0.9722222222222222
2025-01-23 20:00:00,24.0,49,0,177,0.9444444444444444
2025-01-23 21:00:00,23.4,48,0,147,1.0
2025-01-23 22:00:00,22.8,50,0,113,1.027777777777778
2025-01-23 23:00:00,22.3,54,0,93,0.8611111111111112
2025-01-24 00:00:00,21.7,60,0,49,0.4722222222222222
2025-01-24 01:00:00,20.6,64,0,349,0.25
2025-01-24 02:00:00,19.5,68,0,326,0.16666666666666666
2025-01-24 03:00:00,18.3,73,0,327,1.1944444444444444
2025-01-24 04:00:00,17.5,76,0,336,1.75
2025-01-24 05:00:00,17.3,77,0,349,1.6388888888888888
2025-01-24 06:00:00,16.4,85,0,3,0.888888888888889
2025-01-24 07:00:00,17.2,81,0,4,1.5
2025-01-24 08:00:00,19.9,67,0,27,1.1111111111111112
2025-01-24 09:00:00,23.5,55,1,65,1.0555555555555556
2025-01-24 10:00:00,26.3,44,1,88,1.1944444444444444
2025-01-24 11:00:00,28.1,38,0,114,1.0833333333333333
2025-01-24 12:00:00,29.4,35,0,144,1.1111111111111112
2025-01-24 13:00:00,30.3,33,2,162,1.1666666666666667
2025-01-24 14:00:00,30.8,32,0,171,1.0
2025-01-24 15:00:00,30.9,31,0,192,0.7222222222222222
2025-01-24 16:00:00,30.5,31,0,204,0.6111111111111112
2025-01-24 17:00:00,28.9,39,0,208,0.75
2025-01-24 18:00:00,26.7,39,0,186,1.3611111111111112
2025-01-24 19:00:00,25.4,46,0,139,1.0555555555555556
2025-01-24 20:00:00,24.2,54,0,113,1.3055555555555556
2025-01-24 21:00:00,23.8,60,0,153,0.3333333333333333
2025-01-24 22:00:00,23.3,59,0,315,0.1388888888888889
2025-01-24 23:00:00,22.3,60,0,4,3.555555555555556
2025-01-25 00:00:00,21.5,64,0,22,2.1666666666666665
2025-01-25 01:00:00,20.3,70,0,7,1.611111111111111
2025-01-25 02:00:00,19.6,74,0,8,1.7222222222222223
2025-01-25 03:00:00,19.1,76,0,7,2.055555555555556
2025-01-25 04:00:00,18.8,77,0,13,2.305555555555556
2025-01-25 05:00:00,18.2,79,0,12,2.138888888888889
2025-01-25 06:00:00,17.6,82,0,13,1.75
2025-01-25 07:00:00,17.7,81,0,359,2.055555555555556
2025-01-25 08:00:00,19.8,71,0,4,1.5
2025-01-25 09:00:00,22.7,59,0,28,1.3611111111111112
2025-01-25 10:00:00,25.6,47,0,52,1.5277777777777777
2025-01-25 11:00:00,27.8,41,0,77,1.3888888888888888
2025-01-25 12:00:00,29.2,37,0,114,1.0833333333333333
2025-01-25 13:00:00,30.1,35,0,145,1.027777777777778
2025-01-25 14:00:00,30.5,33,0,172,0.75
2025-01-25 15:00:00,30.6,32,0,229,0.4722222222222222
2025-01-25 16:00:00,30.2,32,0,288,0.4722222222222222
2025-01-25 17:00:00,29.0,47,0,277,0.41666666666666663
2025-01-25 18:00:00,27.2,42,0,185,1.1944444444444444
2025-01-25 19:00:00,26.0,47,0,217,1.0
2025-01-25 20:00:00,24.9,50,1,230,0.7777777777777777
2025-01-25 21:00:00,24.1,53,0,146,0.3611111111111111
2025-01-25 22:00:00,23.4,54,0,18,1.4166666666666665
2025-01-25 23:00:00,22.9,57,0,341,2.1666666666666665
2025-01-26 00:00:00,21.8,62,0,360,2.361111111111111
2025-01-26 01:00:00,20.7,64,0,16,2.8055555555555554
2025-01-26 02:00:00,19.8,66,0,20,2.5555555555555554
2025-01-26 03:00:00,19.0,69,0,9,1.9166666666666667
2025-01-26 04:00:00,18.5,70,0,5,1.8611111111111112
2025-01-26 05:00:00,18.1,71,0,14,1.8611111111111112
2025-01-26 06:00:00,17.6,76,0,13,1.5833333333333333
2025-01-26 07:00:00,18.0,73,0,14,2.055555555555556
2025-01-26 08:00:00,20.2,62,0,17,1.8333333333333333
2025-01-26 09:00:00,23.1,50,0,31,1.75
2025-01-26 10:00:00,26.0,39,0,48,1.9444444444444444
2025-01-26 11:00:00,28.1,35,0,67,1.6944444444444442
2025-01-26 12:00:00,29.5,32,0,71,0.888888888888889
2025-01-26 13:00:00,30.3,29,0,339,0.6944444444444444
2025-01-26 14:00:00,30.9,27,0,315,1.6944444444444442
2025-01-26 15:00:00,30.7,27,0,317,2.7222222222222223
2025-01-26 16:00:00,29.9,29,0,327,3.4444444444444446
2025-01-26 17:00:00,28.5,33,1,335,3.083333333333333
2025-01-26 18:00:00,26.1,41,0,347,1.0833333333333333
2025-01-26 19:00:00,25.5,42,0,69,1.3888888888888888
2025-01-26 20:00:00,24.1,47,0,157,1.25
2025-01-26 21:00:00,23.5,50,0,238,1.5833333333333333
2025-01-26 22:00:00,22.4,54,0,349,2.3333333333333335
2025-01-26 23:00:00,21.4,58,0,2,1.3888888888888888
2025-01-27 00:00:00,20.6,62,0,7,2.5277777777777777
2025-01-27 01:00:00,19.7,62,0,21,2.138888888888889
2025-01-27 02:00:00,18.8,63,0,4,2.1944444444444446
2025-01-27 03:00:00,18.1,64,0,353,2.3333333333333335
2025-01-27 04:00:00,17.2,66,0,346,2.111111111111111
2025-01-27 05:00:00,16.4,69,0,342,1.5833333333333333
2025-01-27 06:00:00,16.1,74,0,347,1.5833333333333333
2025-01-27 07:00:00,16.3,74,0,350,1.972222222222222
2025-01-27 08:00:00,18.7,63,0,348,1.4444444444444444
2025-01-27 09:00:00,22.4,49,0,2,1.3611111111111112
2025-01-27 10:00:00,25.8,37,0,26,1.2777777777777777
2025-01-27 11:00:00,27.9,33,0,20,1.0
2025-01-27 12:00:00,29.3,32,0,333,0.888888888888889
2025-01-27 13:00:00,30.1,30,0,308,1.6388888888888888
2025-01-27 14:00:00,30.5,28,0,315,2.055555555555556
2025-01-27 15:00:00,30.6,28,2,327,2.0833333333333335
2025-01-27 16:00:00,30.2,29,0,333,2.0833333333333335
2025-01-27 17:00:00,29.2,32,0,349,2.305555555555556
2025-01-27 18:00:00,27.3,39,0,27,0.3333333333333333
2025-01-27 19:00:00,25.3,44,0,162,0.7777777777777777
2025-01-27 20:00:00,24.0,50,0,156,1.0833333333333333
2025-01-27 21:00:00,22.6,56,0,279,0.9166666666666666
2025-01-27 22:00:00,22.1,56,0,326,2.1666666666666665
2025-01-27 23:00:00,21.2,54,0,340,2.305555555555556
2025-01-28 00:00:00,20.3,58,0,354,1.972222222222222
2025-01-28 01:00:00,19.0,61,0,352,1.1111111111111112
2025-01-28 02:00:00,18.5,60,0,348,1.7222222222222223
2025-01-28 03:00:00,17.9,59,0,346,1.8611111111111112
2025-01-28 04:00:00,17.3,59,0,355,1.8055555555555556
2025-01-28 05:00:00,16.8,60,0,360,1.5555555555555554
2025-01-28 06:00:00,16.5,63,0,349,1.027777777777778
2025-01-28 07:00:00,17.1,62,0,360,1.6944444444444442
2025-01-28 08:00:00,19.7,52,0,9,1.3055555555555556
2025-01-28 09:00:00,23.1,40,0,27,1.4444444444444444
2025-01-28 10:00:00,26.2,32,0,56,1.3333333333333333
2025-01-28 11:00:00,28.3,30,0,93,0.9444444444444444
2025-01-28 12:00:00,29.7,30,0,132,0.6666666666666666
2025-01-28 13:00:00,30.7,29,0,180,0.6944444444444444
2025-01-28 14:00:00,31.1,28,0,203,0.75
2025-01-28 15:00:00,31.1,29,0,191,0.7777777777777777
2025-01-28 16:00:00,30.6,30,0,174,1.0
2025-01-28 17:00:00,29.6,32,1,187,1.3055555555555556
2025-01-28 18:00:00,27.6,40,0,165,1.5
2025-01-28 19:00:00,26.6,44,3,147,1.8333333333333333
2025-01-28 20:00:00,25.8,46,1,146,1.972222222222222
2025-01-28 21:00:00,25.0,49,0,142,1.777777777777778
2025-01-28 22:00:00,23.8,53,1,154,1.5
2025-01-28 23:00:00,23.5,54,1,180,0.6944444444444444
2025-01-29 00:00:00,22.3,58,2,350,0.8611111111111112
2025-01-29 01:00:00,21.3,62,3,346,1.25
2025-01-29 02:00:00,20.2,68,3,324,0.41666666666666663
2025-01-29 03:00:00,19.4,72,3,353,0.8611111111111112
2025-01-29 04:00:00,18.9,74,3,18,1.1666666666666667
2025-01-29 05:00:00,18.7,74,3,27,1.2222222222222223
2025-01-29 06:00:00,18.6,76,3,36,1.1111111111111112
2025-01-29 07:00:00,19.1,73,3,36,1.4166666666666665
2025-01-29 08:00:00,21.4,59,1,70,0.5833333333333334
2025-01-29 09:00:00,24.4,47,2,112,0.8055555555555555
2025-01-29 10:00:00,26.9,43,0,130,1.25
2025-01-29 11:00:00,28.7,41,2,161,1.3888888888888888
2025-01-29 12:00:00,30.3,38,1,190,1.777777777777778
2025-01-29 13:00:00,31.4,35,1,205,2.25
2025-01-29 14:00:00,31.9,34,0,214,2.4722222222222223
2025-01-29 15:00:00,31.8,34,1,218,2.4722222222222223
2025-01-29 16:00:00,31.3,35,0,219,2.25
2025-01-29 17:00:00,30.2,37,0,217,1.8888888888888888
2025-01-29 18:00:00,28.6,43,0,205,1.4444444444444444
2025-01-29 19:00:00,27.7,46,0,174,1.8611111111111112
2025-01-29 20:00:00,26.8,49,0,160,2.7222222222222223
2025-01-29 21:00:00,26.0,51,0,169,2.305555555555556
2025-01-29 22:00:00,25.0,54,0,168,1.6944444444444442
2025-01-29 23:00:00,24.3,57,0,163,1.9166666666666667
2025-01-30 00:00:00,23.4,62,0,188,2.7777777777777777
2025-01-30 01:00:00,22.7,64,0,204,2.4166666666666665
2025-01-30 02:00:00,21.7,68,0,233,1.3333333333333333
2025-01-30 03:00:00,21.0,71,0,283,1.0833333333333333
2025-01-30 04:00:00,20.4,74,0,301,1.0555555555555556
2025-01-30 05:00:00,20.1,76,0,289,0.888888888888889
2025-01-30 06:00:00,20.0,77,2,258,0.7222222222222222
2025-01-30 07:00:00,20.6,78,2,258,0.7222222222222222
2025-01-30 08:00:00,23.1,64,2,229,0.5277777777777778
2025-01-30 09:00:00,25.9,54,2,223,0.888888888888889
2025-01-30 10:00:00,28.6,46,2,214,2.111111111111111
2025-01-30 11:00:00,30.6,39,2,219,3.4722222222222223
2025-01-30 12:00:00,31.6,36,3,221,3.7222222222222223
2025-01-30 13:00:00,32.4,35,1,222,3.5
2025-01-30 14:00:00,32.9,33,1,221,3.3888888888888884
2025-01-30 15:00:00,33.0,32,0,221,3.2499999999999996
2025-01-30 16:00:00,32.8,31,0,225,2.833333333333333
2025-01-30 17:00:00,31.6,33,0,225,1.8333333333333333
2025-01-30 18:00:00,28.9,41,2,229,0.4722222222222222
2025-01-30 19:00:00,28.0,44,0,229,0.5277777777777778
2025-01-30 20:00:00,27.1,47,0,241,0.9166666666666666
2025-01-30 21:00:00,26.0,49,0,227,1.6388888888888888
2025-01-30 22:00:00,24.8,53,0,280,1.4166666666666665
2025-01-30 23:00:00,23.2,59,0,286,0.888888888888889
2025-01-31 00:00:00,22.6,61,0,304,0.16666666666666666
2025-01-31 01:00:00,21.8,62,0,329,0.8611111111111112
2025-01-31 02:00:00,21.3,61,0,340,1.3333333333333333
2025-01-31 03:00:00,20.7,61,0,344,1.25
2025-01-31 04:00:00,20.3,63,0,343,1.5277777777777777
2025-01-31 05:00:00,19.4,67,0,352,1.1111111111111112
2025-01-31 06:00:00,18.9,74,0,336,0.8611111111111112
2025-01-31 07:00:00,19.4,73,0,330,1.2222222222222223
2025-01-31 08:00:00,21.9,62,0,352,0.6944444444444444
2025-01-31 09:00:00,24.9,51,0,45,0.22222222222222224
2025-01-31 10:00:00,27.7,43,0,79,0.25
2025-01-31 11:00:00,30.0,36,0,90,0.19444444444444442
2025-01-31 12:00:00,31.5,33,0,185,0.6111111111111112
2025-01-31 13:00:00,32.4,33,0,204,1.472222222222222
2025-01-31 14:00:00,32.9,31,0,213,2.4444444444444446
2025-01-31 15:00:00,33.1,29,1,217,3.1666666666666665
2025-01-31 16:00:00,32.5,30,0,212,3.7777777777777777
2025-01-31 17:00:00,31.1,32,0,203,4.138888888888889
2025-01-31 18:00:00,29.3,37,0,194,3.8333333333333335
2025-01-31 19:00:00,28.5,38,0,189,2.888888888888889
2025-01-31 20:00:00,28.1,38,0,188,2.111111111111111
2025-01-31 21:00:00,26.6,43,0,198,1.0
2025-01-31 22:00:00,25.6,46,0,270,0.1388888888888889
2025-01-31 23:00:00,24.2,51,2,330,2.0277777777777777
2025-02-01 00:00:00,22.9,58,3,324,1.3611111111111112
2025-02-01 01:00:00,21.8,63,3,297,0.888888888888889
2025-02-01 02:00:00,21.1,65,3,324,0.9166666666666666
2025-02-01 03:00:00,20.5,65,3,342,0.9444444444444444
2025-02-01 04:00:00,19.9,65,3,335,0.8333333333333333
2025-02-01 05:00:00,19.3,67,3,326,0.7222222222222222
2025-02-01 06:00:00,19.7,75,3,234,0.41666666666666663
2025-02-01 07:00:00,20.6,74,2,233,0.75
2025-02-01 08:00:00,23.4,61,2,197,0.5277777777777778
2025-02-01 09:00:00,26.4,51,2,204,0.8611111111111112
2025-02-01 10:00:00,29.0,44,0,204,2.138888888888889
2025-02-01 11:00:00,30.9,38,0,205,3.416666666666667
2025-02-01 12:00:00,31.9,34,3,205,3.9722222222222223
2025-02-01 13:00:00,32.6,32,2,207,4.083333333333333
2025-02-01 14:00:00,32.8,30,3,210,3.944444444444444
2025-02-01 15:00:00,32.8,30,3,216,3.638888888888889
2025-02-01 16:00:00,32.4,30,2,227,3.333333333333333
2025-02-01 17:00:00,31.4,31,0,234,2.611111111111111
2025-02-01 18:00:00,29.2,37,0,203,1.1388888888888888
2025-02-01 19:00:00,28.3,38,0,136,1.9444444444444444
2025-02-01 20:00:00,27.5,43,0,150,2.5
2025-02-01 21:00:00,25.9,47,0,178,1.3888888888888888
2025-02-01 22:00:00,24.7,51,1,263,0.8055555555555555
2025-02-01 23:00:00,24.2,52,2,290,1.1666666666666667
2025-02-02 00:00:00,22.8,57,1,313,1.25
2025-02-02 01:00:00,21.7,61,0,331,1.3333333333333333
2025-02-02 02:00:00,21.0,65,0,323,1.75
2025-02-02 03:00:00,20.3,70,0,331,1.5555555555555554
2025-02-02 04:00:00,19.7,73,0,333,1.4166666666666665
2025-02-02 05:00:00,19.2,76,1,339,1.3888888888888888
2025-02-02 06:00:00,19.4,77,3,360,1.3611111111111112
2025-02-02 07:00:00,20.1,73,3,16,1.4444444444444444
2025-02-02 08:00:00,22.5,62,2,78,0.9722222222222222
2025-02-02 09:00:00,25.7,51,1,93,1.0
2025-02-02 10:00:00,28.4,42,1,123,1.0
2025-02-02 11:00:00,30.6,36,0,184,1.4166666666666665
2025-02-02 12:00:00,32.2,31,0,206,2.833333333333333
2025-02-02 13:00:00,32.9,29,0,212,3.5833333333333335
2025-02-02 14:00:00,33.0,29,0,218,3.5
2025-02-02 15:00:00,32.8,29,0,224,3.0277777777777777
2025-02-02 16:00:00,32.4,29,0,224,2.305555555555556
2025-02-02 17:00:00,31.3,31,0,198,1.8888888888888888
2025-02-02 18:00:00,29.4,37,0,181,2.4444444444444446
2025-02-02 19:00:00,28.1,40,0,193,1.5277777777777777
2025-02-02 20:00:00,27.1,43,0,247,1.25
2025-02-02 21:00:00,25.9,47,0,280,1.1666666666666667
2025-02-02 22:00:00,24.2,55,0,329,1.0555555555555556
2025-02-02 23:00:00,23.3,58,0,339,1.1111111111111112
2025-02-03 00:00:00,23.1,59,0,358,1.1944444444444444
2025-02-03 01:00:00,22.9,60,0,5,2.361111111111111
2025-02-03 02:00:00,22.3,62,0,4,2.305555555555556
2025-02-03 03:00:00,21.7,63,0,7,1.75
2025-02-03 04:00:00,21.1,65,0,5,1.75
2025-02-03 05:00:00,20.4,68,0,345,1.1944444444444444
2025-02-03 06:00:00,20.4,71,0,334,1.2777777777777777
2025-02-03 07:00:00,20.7,70,0,338,1.8888888888888888
2025-02-03 08:00:00,23.4,59,0,358,1.1944444444444444
2025-02-03 09:00:00,26.8,47,0,35,0.7777777777777777
2025-02-03 10:00:00,29.8,38,0,108,0.6388888888888888
2025-02-03 11:00:00,31.8,34,0,175,1.0555555555555556
2025-02-03 12:00:00,33.1,30,0,200,1.611111111111111
2025-02-03 13:00:00,33.9,28,0,210,1.6944444444444442
2025-02-03 14:00:00,34.2,27,0,215,1.75
2025-02-03 15:00:00,34.1,27,0,212,2.0
2025-02-03 16:00:00,33.7,28,0,210,2.388888888888889
2025-02-03 17:00:00,32.5,30,0,210,2.7222222222222223
2025-02-03 18:00:00,30.7,34,0,213,3.0
2025-02-03 19:00:00,29.4,37,0,217,2.0833333333333335
2025-02-03 20:00:00,27.7,42,0,219,1.3611111111111112
2025-02-03 21:00:00,27.1,45,0,194,0.41666666666666663
2025-02-03 22:00:00,26.4,46,0,51,0.3333333333333333
2025-02-03 23:00:00,25.2,49,1,356,0.75
2025-02-04 00:00:00,24.1,54,3,317,0.888888888888889
2025-02-04 01:00:00,22.9,59,3,354,0.9444444444444444
2025-02-04 02:00:00,22.6,62,3,352,2.2222222222222223
2025-02-04 03:00:00,21.6,65,2,297,1.6666666666666665
2025-02-04 04:00:00,21.0,67,3,338,1.5555555555555554
2025-02-04 05:00:00,20.7,69,3,2,1.3055555555555556
2025-02-04 06:00:00,20.2,76,0,354,1.0
2025-02-04 07:00:00,21.0,73,3,8,1.0555555555555556
2025-02-04 08:00:00,23.7,62,3,305,0.7777777777777777
2025-02-04 09:00:00,27.3,49,3,270,0.0
2025-02-04 10:00:00,30.0,40,3,193,0.6666666666666666
2025-02-04 11:00:00,31.9,34,3,207,1.4444444444444444
2025-02-04 12:00:00,33.4,29,3,209,2.1666666666666665
2025-02-04 13:00:00,34.1,26,2,209,2.9166666666666665
2025-02-04 14:00:00,34.3,25,2,212,3.3055555555555554
2025-02-04 15:00:00,34.0,23,3,211,3.611111111111111
2025-02-04 16:00:00,33.3,23,3,216,3.5
2025-02-04 17:00:00,32.1,25,3,213,2.638888888888889
2025-02-04 18:00:00,30.4,28,2,207,1.8888888888888888
2025-02-04 19:00:00,29.4,31,3,163,1.8333333333333333
2025-02-04 20:00:00,28.5,36,3,153,2.5833333333333335
2025-02-04 21:00:00,27.4,37,3,175,1.75
2025-02-04 22:00:00,26.6,39,3,248,0.2777777777777778
2025-02-04 23:00:00,25.9,40,2,357,1.8611111111111112
2025-02-05 00:00:00,24.8,44,2,319,2.138888888888889
2025-02-05 01:00:00,23.6,49,3,306,1.7222222222222223
2025-02-05 02:00:00,22.8,52,2,320,1.8888888888888888
2025-02-05 03:00:00,22.1,56,2,312,2.1666666666666665
2025-02-05 04:00:00,21.3,64,3,321,2.25
2025-02-05 05:00:00,20.9,70,3,316,2.5833333333333335
2025-02-05 06:00:00,21.3,71,0,333,2.5277777777777777
2025-02-05 07:00:00,21.8,69,0,331,2.75
2025-02-05 08:00:00,24.1,59,0,340,2.1944444444444446
2025-02-05 09:00:00,26.6,49,0,357,2.25
2025-02-05 10:00:00,29.3,40,0,18,1.75
2025-02-05 11:00:00,31.3,33,0,47,1.3055555555555556
2025-02-05 12:00:00,32.6,30,0,86,0.6388888888888888
2025-02-05 13:00:00,33.4,27,1,188,0.75
2025-02-05 14:00:00,33.9,25,1,214,1.611111111111111
2025-02-05 15:00:00,34.1,23,1,225,2.111111111111111
2025-02-05 16:00:00,33.6,23,1,223,2.4444444444444446
2025-02-05 17:00:00,32.3,24,0,226,2.7222222222222223
2025-02-05 18:00:00,30.4,29,0,242,2.25
2025-02-05 19:00:00,28.9,32,0,270,1.3888888888888888
2025-02-05 20:00:00,27.8,37,0,284,0.41666666666666663
2025-02-05 21:00:00,26.3,40,0,357,0.888888888888889
2025-02-05 22:00:00,25.3,49,0,345,3.1111111111111107
2025-02-05 23:00:00,24.2,54,0,359,3.3611111111111107
2025-02-06 00:00:00,23.7,57,0,5,3.4722222222222223
2025-02-06 01:00:00,23.3,59,0,7,3.4722222222222223
2025-02-06 02:00:00,22.6,62,0,12,2.75
2025-02-06 03:00:00,22.0,65,0,13,3.0277777777777777
2025-02-06 04:00:00,21.4,68,0,19,3.1666666666666665
2025-02-06 05:00:00,20.9,69,0,22,3.333333333333333
2025-02-06 06:00:00,20.3,76,0,16,3.4444444444444446
2025-02-06 07:00:00,20.4,74,0,20,3.083333333333333
2025-02-06 08:00:00,21.8,65,0,29,3.416666666666667
2025-02-06 09:00:00,24.0,54,0,35,3.0555555555555554
2025-02-06 10:00:00,26.4,44,0,39,3.3055555555555554
2025-02-06 11:00:00,28.5,37,0,48,3.1111111111111107
2025-02-06 12:00:00,30.0,33,0,57,2.638888888888889
2025-02-06 13:00:00,31.0,31,0,67,2.0277777777777777
2025-02-06 14:00:00,31.6,30,0,60,1.611111111111111
2025-02-06 15:00:00,31.6,29,0,54,1.3611111111111112
2025-02-06 16:00:00,31.4,29,0,36,1.2777777777777777
2025-02-06 17:00:00,30.5,30,0,20,1.611111111111111
2025-02-06 18:00:00,28.1,34,0,10,2.0277777777777777
2025-02-06 19:00:00,26.9,32,0,19,2.8055555555555554
2025-02-06 20:00:00,25.4,32,0,37,2.888888888888889
2025-02-06 21:00:00,24.1,32,0,31,3.2499999999999996
2025-02-06 22:00:00,22.8,34,0,21,3.2777777777777777
2025-02-06 23:00:00,21.8,35,0,21,3.0555555555555554
2025-02-07 00:00:00,21.0,36,0,20,3.0277777777777777
2025-02-07 01:00:00,20.4,36,0,24,2.944444444444444
2025-02-07 02:00:00,19.9,37,0,23,2.861111111111111
2025-02-07 03:00:00,19.5,38,0,20,3.0277777777777777
2025-02-07 04:00:00,19.1,39,0,20,2.888888888888889
2025-02-07 05:00:00,18.6,40,0,22,2.638888888888889
2025-02-07 06:00:00,18.6,42,0,23,2.5
2025-02-07 07:00:00,18.9,42,0,27,2.4722222222222223
2025-02-07 08:00:00,20.7,37,0,35,2.694444444444444
2025-02-07 09:00:00,23.1,31,0,32,2.638888888888889
2025-02-07 10:00:00,25.8,25,0,31,3.0277777777777777
2025-02-07 11:00:00,28.1,22,0,36,2.861111111111111
2025-02-07 12:00:00,29.7,21,0,49,2.138888888888889
2025-02-07 13:00:00,30.8,21,0,58,1.4166666666666665
2025-02-07 14:00:00,31.3,22,0,59,0.8611111111111112
2025-02-07 15:00:00,31.4,23,0,34,0.5277777777777778
2025-02-07 16:00:00,31.0,24,0,351,0.6111111111111112
2025-02-07 17:00:00,30.1,27,0,330,0.6944444444444444
2025-02-07 18:00:00,27.3,37,0,338,0.9166666666666666
2025-02-07 19:00:00,26.4,39,0,63,0.3333333333333333
2025-02-07 20:00:00,25.5,40,0,110,0.75
2025-02-07 21:00:00,25.2,39,0,76,0.41666666666666663
2025-02-07 22:00:00,24.6,39,0,49,2.138888888888889
2025-02-07 23:00:00,23.1,42,0,32,2.5277777777777777
2025-02-08 00:00:00,21.6,44,0,14,2.055555555555556
2025-02-08 01:00:00,20.5,47,0,12,1.9444444444444444
2025-02-08 02:00:00,19.9,46,0,18,2.611111111111111
2025-02-08 03:00:00,19.3,46,0,12,2.0
2025-02-08 04:00:00,18.3,50,0,357,1.0555555555555556
2025-02-08 05:00:00,18.1,51,0,8,1.3611111111111112
2025-02-08 06:00:00,18.1,54,0,29,1.3333333333333333
2025-02-08 07:00:00,18.9,49,0,31,2.111111111111111
2025-02-08 08:00:00,21.0,40,0,31,2.2222222222222223
2025-02-08 09:00:00,23.7,33,0,34,2.4722222222222223
2025-02-08 10:00:00,26.7,27,0,47,2.25
2025-02-08 11:00:00,29.0,26,0,56,1.8055555555555556
2025-02-08 12:00:00,30.6,25,0,66,1.1944444444444444
2025-02-08 13:00:00,31.6,25,0,77,0.4722222222222222
2025-02-08 14:00:00,32.0,25,0,333,0.5555555555555556
2025-02-08 15:00:00,32.2,26,1,323,1.9166666666666667
2025-02-08 16:00:00,31.7,27,3,323,3.611111111111111
2025-02-08 17:00:00,30.4,29,2,323,3.9722222222222223
2025-02-08 18:00:00,29.1,32,2,333,2.2222222222222223
2025-02-08 19:00:00,27.5,36,1,90,0.6111111111111112
2025-02-08 20:00:00,26.2,39,0,173,1.25
2025-02-08 21:00:00,25.7,42,0,238,0.4722222222222222
2025-02-08 22:00:00,25.2,42,0,31,3.1666666666666665
2025-02-08 23:00:00,24.2,41,0,32,2.4722222222222223
2025-02-09 00:00:00,23.0,39,0,45,2.694444444444444
2025-02-09 01:00:00,22.2,37,1,45,2.4166666666666665
2025-02-09 02:00:00,21.3,38,0,19,1.972222222222222
2025-02-09 03:00:00,20.7,38,0,14,2.2777777777777777
2025-02-09 04:00:00,19.9,41,0,9,2.1666666666666665
2025-02-09 05:00:00,19.3,45,0,9,1.972222222222222
2025-02-09 06:00:00,19.0,50,0,8,1.8055555555555556
2025-02-09 07:00:00,19.4,49,0,9,2.0277777777777777
2025-02-09 08:00:00,21.9,40,0,22,1.5555555555555554
2025-02-09 09:00:00,25.1,29,0,40,1.777777777777778
2025-02-09 10:00:00,28.0,21,0,64,1.611111111111111
2025-02-09 11:00:00,30.1,19,0,90,1.3888888888888888
2025-02-09 12:00:00,31.5,20,0,106,0.888888888888889
2025-02-09 13:00:00,32.5,21,0,90,0.11111111111111112
2025-02-09 14:00:00,32.8,23,0,315,1.0
2025-02-09 15:00:00,32.8,24,0,316,2.2222222222222223
2025-02-09 16:00:00,32.2,25,0,319,3.0555555555555554
2025-02-09 17:00:00,31.3,26,0,321,3.0277777777777777
2025-02-09 18:00:00,29.2,32,0,339,1.1111111111111112
2025-02-09 19:00:00,27.6,35,0,164,0.7222222222222222
2025-02-09 20:00:00,26.5,38,0,183,1.0555555555555556
2025-02-09 21:00:00,25.3,41,0,203,1.1388888888888888
2025-02-09 22:00:00,24.9,41,0,220,1.5
2025-02-09 23:00:00,24.3,43,0,342,0.3055555555555556
2025-02-10 00:00:00,23.6,45,0,12,2.361111111111111
2025-02-10 01:00:00,22.4,49,0,12,1.2222222222222223
2025-02-10 02:00:00,21.7,52,0,2,1.3611111111111112
2025-02-10 03:00:00,20.7,57,0,9,1.2777777777777777
2025-02-10 04:00:00,20.1,62,0,333,0.7777777777777777
2025-02-10 05:00:00,19.6,65,0,340,1.0
2025-02-10 06:00:00,19.3,73,0,304,0.16666666666666666
2025-02-10 07:00:00,20.2,70,0,331,0.5277777777777778
2025-02-10 08:00:00,23.3,56,0,41,0.4722222222222222
2025-02-10 09:00:00,26.8,40,0,74,0.7222222222222222
2025-02-10 10:00:00,29.6,31,0,117,0.6666666666666666
2025-02-10 11:00:00,31.7,27,0,186,1.0
2025-02-10 12:00:00,33.1,26,0,213,1.8333333333333333
2025-02-10 13:00:00,33.8,25,1,230,2.4166666666666665
2025-02-10 14:00:00,33.9,24,1,246,2.611111111111111
2025-02-10 15:00:00,33.9,24,0,258,2.6666666666666665
2025-02-10 16:00:00,33.4,25,0,278,2.833333333333333
2025-02-10 17:00:00,32.3,27,0,300,2.972222222222222
2025-02-10 18:00:00,30.5,32,0,310,1.777777777777778
2025-02-10 19:00:00,29.1,38,0,207,0.22222222222222224
2025-02-10 20:00:00,27.5,41,0,177,1.0
2025-02-10 21:00:00,27.1,42,0,219,1.027777777777778
2025-02-10 22:00:00,26.3,43,0,313,1.25
2025-02-10 23:00:00,25.7,47,0,334,3.0555555555555554
2025-02-11 00:00:00,24.8,48,0,342,2.7777777777777777
2025-02-11 01:00:00,23.6,51,0,319,1.4444444444444444
2025-02-11 02:00:00,22.5,55,0,312,1.1944444444444444
2025-02-11 03:00:00,22.0,58,0,333,1.4444444444444444
2025-02-11 04:00:00,21.4,61,0,332,1.3055555555555556
2025-02-11 05:00:00,21.2,62,0,353,2.0277777777777777
2025-02-11 06:00:00,21.3,68,0,338,1.7222222222222223
2025-02-11 07:00:00,21.9,66,0,335,1.777777777777778
2025-02-11 08:00:00,24.6,57,0,334,1.2777777777777777
2025-02-11 09:00:00,27.9,46,0,356,0.75
2025-02-11 10:00:00,30.5,38,0,256,0.41666666666666663
2025-02-11 11:00:00,32.5,33,0,235,1.75
2025-02-11 12:00:00,33.9,28,0,236,2.4722222222222223
2025-02-11 13:00:00,34.8,25,0,236,2.888888888888889
2025-02-11 14:00:00,35.1,23,1,241,2.9166666666666665
2025-02-11 15:00:00,35.2,21,1,265,2.7222222222222223
2025-02-11 16:00:00,34.4,22,3,293,3.7777777777777777
2025-02-11 17:00:00,32.8,25,1,302,4.111111111111112
2025-02-11 18:00:00,30.6,27,0,302,1.8055555555555556
2025-02-11 19:00:00,28.5,32,0,234,1.1666666666666667
2025-02-11 20:00:00,28.1,33,0,233,1.75
2025-02-11 21:00:00,27.1,36,0,297,3.0277777777777777
2025-02-11 22:00:00,25.9,39,0,326,2.7777777777777777
2025-02-11 23:00:00,24.9,40,0,325,2.611111111111111
2025-02-12 00:00:00,23.8,44,0,335,3.3055555555555554
2025-02-12 01:00:00,23.1,47,0,336,2.833333333333333
2025-02-12 02:00:00,21.7,53,0,16,1.25
2025-02-12 03:00:00,21.0,55,0,35,1.2222222222222223
2025-02-12 04:00:00,20.5,58,0,10,1.1666666666666667
2025-02-12 05:00:00,20.5,59,0,324,0.41666666666666663
2025-02-12 06:00:00,19.7,66,0,284,1.027777777777778
2025-02-12 07:00:00,20.5,63,0,293,1.8055555555555556
2025-02-12 08:00:00,23.7,50,0,299,1.25
2025-02-12 09:00:00,27.1,34,0,311,1.8333333333333333
2025-02-12 10:00:00,29.3,26,0,316,2.1666666666666665
2025-02-12 11:00:00,31.0,21,0,318,2.4722222222222223
2025-02-12 12:00:00,32.1,18,0,313,2.694444444444444
2025-02-12 13:00:00,32.9,18,0,302,2.7222222222222223
2025-02-12 14:00:00,33.4,16,0,288,3.1111111111111107
2025-02-12 15:00:00,33.3,15,0,287,3.6666666666666665
2025-02-12 16:00:00,32.7,15,0,294,3.3888888888888884
2025-02-12 17:00:00,31.4,17,0,298,2.5555555555555554
2025-02-12 18:00:00,29.4,20,0,290,2.4444444444444446
2025-02-12 19:00:00,27.2,24,0,297,1.4444444444444444
2025-02-12 20:00:00,26.3,27,0,339,3.416666666666667
2025-02-12 21:00:00,25.0,29,0,331,3.3055555555555554
2025-02-12 22:00:00,23.9,31,0,342,3.638888888888889
2025-02-12 23:00:00,23.0,35,0,342,3.3611111111111107
2025-02-13 00:00:00,22.0,37,0,339,3.1666666666666665
2025-02-13 01:00:00,21.1,40,0,343,2.833333333333333
2025-02-13 02:00:00,20.5,42,0,343,2.611111111111111
2025-02-13 03:00:00,20.0,45,0,344,2.3333333333333335
2025-02-13 04:00:00,19.7,47,0,350,2.2777777777777777
2025-02-13 05:00:00,19.3,50,0,348,2.4444444444444446
2025-02-13 06:00:00,18.9,59,0,350,2.944444444444444
2025-02-13 07:00:00,19.3,60,0,356,3.1666666666666665
2025-02-13 08:00:00,21.6,52,0,10,3.0
2025-02-13 09:00:00,23.8,41,0,21,3.0
2025-02-13 10:00:00,26.4,31,0,25,3.083333333333333
2025-02-13 11:00:00,28.5,24,0,20,2.888888888888889
2025-02-13 12:00:00,30.0,20,0,7,2.4166666666666665
2025-02-13 13:00:00,31.0,17,0,347,2.055555555555556
2025-02-13 14:00:00,31.5,15,0,327,2.1944444444444446
2025-02-13 15:00:00,31.3,15,0,320,2.5555555555555554
2025-02-13 16:00:00,30.7,15,0,323,2.75
2025-02-13 17:00:00,29.4,17,0,328,2.1666666666666665
2025-02-13 18:00:00,26.2,23,0,353,1.1666666666666667
2025-02-13 19:00:00,26.0,22,0,38,1.8611111111111112
2025-02-13 20:00:00,25.0,24,0,50,1.6388888888888888
2025-02-13 21:00:00,24.3,26,0,336,2.25
2025-02-13 22:00:00,22.3,32,0,338,3.611111111111111
2025-02-13 23:00:00,21.0,34,0,348,3.333333333333333
2025-02-14 00:00:00,20.1,36,0,353,3.2777777777777777
2025-02-14 01:00:00,19.5,36,0,353,2.972222222222222
2025-02-14 02:00:00,19.0,38,0,351,2.638888888888889
2025-02-14 03:00:00,18.5,41,0,355,2.361111111111111
2025-02-14 04:00:00,17.8,45,0,357,1.9444444444444444
2025-02-14 05:00:00,17.0,49,0,350,1.4166666666666665
2025-02-14 06:00:00,16.3,57,0,347,1.3888888888888888
2025-02-14 07:00:00,17.5,54,0,350,1.7222222222222223
2025-02-14 08:00:00,20.5,44,0,356,1.5555555555555554
2025-02-14 09:00:00,23.6,35,0,12,1.8888888888888888
2025-02-14 10:00:00,26.3,28,0,21,1.9444444444444444
2025-02-14 11:00:00,28.5,20,0,17,1.5277777777777777
2025-02-14 12:00:00,30.1,16,0,351,1.2777777777777777
2025-02-14 13:00:00,31.2,14,0,331,1.777777777777778
2025-02-14 14:00:00,31.6,13,0,326,2.5833333333333335
2025-02-14 15:00:00,31.4,15,0,322,2.4722222222222223
2025-02-14 16:00:00,31.1,16,0,316,1.4444444444444444
2025-02-14 17:00:00,30.0,32,0,270,0.4444444444444445
2025-02-14 18:00:00,27.8,22,0,240,0.41666666666666663
2025-02-14 19:00:00,26.7,24,0,284,0.6111111111111112
2025-02-14 20:00:00,25.0,26,0,317,1.6944444444444442
2025-02-14 21:00:00,23.7,28,0,347,1.8055555555555556
2025-02-14 22:00:00,22.9,29,0,331,2.25
2025-02-14 23:00:00,21.7,32,0,6,2.5555555555555554
2025-02-15 00:00:00,21.0,34,0,332,2.4444444444444446
2025-02-15 01:00:00,20.2,36,0,334,2.1666666666666665
2025-02-15 02:00:00,19.1,39,0,338,1.5555555555555554
2025-02-15 03:00:00,17.9,43,0,331,1.25
2025-02-15 04:00:00,17.2,46,0,339,1.2222222222222223
2025-02-15 05:00:00,16.8,47,0,342,1.3055555555555556
2025-02-15 06:00:00,16.0,55,0,345,1.1388888888888888
2025-02-15 07:00:00,17.2,51,0,341,1.5277777777777777
2025-02-15 08:00:00,20.6,41,0,308,0.5833333333333334
2025-02-15 09:00:00,24.6,30,0,352,0.3611111111111111
2025-02-15 10:00:00,27.9,23,0,50,0.38888888888888884
2025-02-15 11:00:00,30.0,19,0,333,0.22222222222222224
2025-02-15 12:00:00,31.5,18,0,311,0.9166666666666666
2025-02-15 13:00:00,32.8,17,0,317,1.8333333333333333
2025-02-15 14:00:00,33.2,17,0,321,3.138888888888889
2025-02-15 15:00:00,32.9,18,0,309,2.888888888888889
2025-02-15 16:00:00,32.6,19,0,308,2.111111111111111
2025-02-15 17:00:00,31.3,21,0,324,1.3611111111111112
2025-02-15 18:00:00,29.3,36,0,90,0.05555555555555556
2025-02-15 19:00:00,28.7,25,0,214,0.3611111111111111
2025-02-15 20:00:00,27.5,27,0,220,0.7777777777777777
2025-02-15 21:00:00,24.8,32,0,237,1.1944444444444444
2025-02-15 22:00:00,23.4,35,0,270,0.8611111111111112
2025-02-15 23:00:00,22.2,39,0,270,0.5
2025-02-16 00:00:00,20.8,45,0,305,0.9722222222222222
2025-02-16 01:00:00,20.1,50,0,354,0.9166666666666666
2025-02-16 02:00:00,19.9,51,0,339,0.41666666666666663
2025-02-16 03:00:00,19.0,53,0,331,1.1388888888888888
2025-02-16 04:00:00,18.7,49,0,329,1.9166666666666667
2025-02-16 05:00:00,17.7,52,0,329,1.4444444444444444
2025-02-16 06:00:00,17.6,56,0,326,1.6944444444444442
2025-02-16 07:00:00,18.6,51,0,331,1.9444444444444444
2025-02-16 08:00:00,22.0,42,0,329,1.5555555555555554
2025-02-16 09:00:00,26.4,31,0,345,1.3333333333333333
2025-02-16 10:00:00,30.0,24,0,336,1.5833333333333333
2025-02-16 11:00:00,31.9,21,0,307,1.8888888888888888
2025-02-16 12:00:00,33.1,19,0,284,1.6944444444444442
2025-02-16 13:00:00,34.1,18,0,265,1.8611111111111112
2025-02-16 14:00:00,34.6,16,0,257,2.25
2025-02-16 15:00:00,34.6,15,0,263,2.7777777777777777
2025-02-16 16:00:00,34.2,13,0,276,3.4722222222222223
2025-02-16 17:00:00,32.6,15,0,293,3.9722222222222223
2025-02-16 18:00:00,30.1,19,0,277,2.4722222222222223
2025-02-16 19:00:00,28.6,22,0,242,0.75
2025-02-16 20:00:00,27.0,23,0,200,1.5
2025-02-16 21:00:00,25.2,26,0,290,1.3333333333333333
2025-02-16 22:00:00,24.4,31,0,330,2.611111111111111
2025-02-16 23:00:00,23.7,37,0,322,2.861111111111111
2025-02-17 00:00:00,23.0,41,0,333,2.4166666666666665
2025-02-17 01:00:00,21.7,46,0,360,1.611111111111111
2025-02-17 02:00:00,20.8,51,0,37,0.5
2025-02-17 03:00:00,20.3,52,0,351,0.6111111111111112
2025-02-17 04:00:00,20.2,52,0,349,1.5833333333333333
2025-02-17 05:00:00,19.3,57,0,3,0.888888888888889
2025-02-17 06:00:00,19.1,59,0,350,1.3611111111111112
2025-02-17 07:00:00,20.5,53,0,349,2.0277777777777777
2025-02-17 08:00:00,23.5,43,0,358,1.611111111111111
2025-02-17 09:00:00,26.7,34,0,15,1.5555555555555554
2025-02-17 10:00:00,29.5,27,0,41,1.0
2025-02-17 11:00:00,31.5,24,0,67,0.6388888888888888
2025-02-17 12:00:00,32.7,22,0,49,0.4722222222222222
2025-02-17 13:00:00,33.6,21,0,27,0.22222222222222224
2025-02-17 14:00:00,34.1,20,0,90,0.11111111111111112
2025-02-17 15:00:00,34.1,20,0,121,0.2777777777777778
2025-02-17 16:00:00,34.0,20,0,118,0.8611111111111112
2025-02-17 17:00:00,33.1,38,0,127,0.25
2025-02-17 18:00:00,30.1,26,0,171,1.3055555555555556
2025-02-17 19:00:00,29.0,30,0,243,0.3333333333333333
2025-02-17 20:00:00,28.2,31,0,117,0.22222222222222224
2025-02-17 21:00:00,26.9,34,0,163,1.1944444444444444
2025-02-17 22:00:00,25.2,36,0,298,1.3055555555555556
2025-02-17 23:00:00,24.3,38,0,309,1.75
2025-02-18 00:00:00,23.4,41,0,324,2.611111111111111
2025-02-18 01:00:00,22.7,42,0,345,2.4444444444444446
2025-02-18 02:00:00,21.8,45,0,341,2.4722222222222223
2025-02-18 03:00:00,21.0,47,0,347,2.1944444444444446
2025-02-18 04:00:00,20.1,52,0,2,1.3611111111111112
2025-02-18 05:00:00,19.6,55,0,348,1.2222222222222223
2025-02-18 06:00:00,20.0,57,0,344,2.0277777777777777
2025-02-18 07:00:00,20.5,56,0,347,2.4722222222222223
2025-02-18 08:00:00,23.1,48,0,347,1.75
2025-02-18 09:00:00,26.6,38,0,15,1.3333333333333333
2025-02-18 10:00:00,29.5,31,0,50,0.8611111111111112
2025-02-18 11:00:00,31.7,25,0,101,0.25
2025-02-18 12:00:00,33.1,22,0,290,0.5833333333333334
2025-02-18 13:00:00,33.8,21,0,310,1.3055555555555556
2025-02-18 14:00:00,34.4,20,0,315,2.1944444444444446
2025-02-18 15:00:00,34.2,19,0,318,4.138888888888889
2025-02-18 16:00:00,32.9,21,0,315,4.527777777777778
2025-02-18 17:00:00,32.8,22,0,273,2.694444444444444
2025-02-18 18:00:00,31.0,24,0,276,2.361111111111111
2025-02-18 19:00:00,29.4,27,0,207,1.777777777777778
2025-02-18 20:00:00,27.7,33,0,108,0.6388888888888888
2025-02-18 21:00:00,26.7,33,0,341,0.888888888888889
2025-02-18 22:00:00,26.2,36,0,311,2.1944444444444446
2025-02-18 23:00:00,25.3,39,0,333,2.4722222222222223
2025-02-19 00:00:00,24.6,42,0,352,2.7222222222222223
2025-02-19 01:00:00,23.8,44,0,355,2.305555555555556
2025-02-19 02:00:00,23.1,46,0,355,2.4166666666666665
2025-02-19 03:00:00,22.7,46,0,4,2.361111111111111
2025-02-19 04:00:00,22.2,47,0,5,2.4444444444444446
2025-02-19 05:00:00,21.5,50,0,356,2.25
2025-02-19 06:00:00,21.0,55,0,3,1.8055555555555556
2025-02-19 07:00:00,21.7,53,0,360,2.611111111111111
2025-02-19 08:00:00,24.3,45,0,8,2.111111111111111
2025-02-19 09:00:00,27.4,35,0,29,1.9444444444444444
2025-02-19 10:00:00,30.2,29,0,63,1.8611111111111112
2025-02-19 11:00:00,31.9,26,0,87,1.8055555555555556
2025-02-19 12:00:00,33.0,24,0,92,1.1388888888888888
2025-02-19 13:00:00,33.8,22,0,111,0.41666666666666663
2025-02-19 14:00:00,34.1,21,0,297,0.6666666666666666
2025-02-19 15:00:00,34.2,20,0,329,2.138888888888889
2025-02-19 16:00:00,33.6,21,0,337,4.111111111111112
2025-02-19 17:00:00,32.4,23,0,331,4.388888888888889
2025-02-19 18:00:00,30.2,29,0,245,0.8333333333333333
2025-02-19 19:00:00,29.2,31,0,261,0.3055555555555556
2025-02-19 20:00:00,27.8,34,0,258,0.7222222222222222
2025-02-19 21:00:00,26.4,36,0,270,1.3888888888888888
2025-02-19 22:00:00,26.0,37,0,289,3.222222222222222
2025-02-19 23:00:00,25.3,39,0,335,3.5
2025-02-20 00:00:00,24.6,44,0,338,3.222222222222222
2025-02-20 01:00:00,23.6,49,0,343,2.5277777777777777
2025-02-20 02:00:00,22.7,53,0,348,1.9444444444444444
2025-02-20 03:00:00,21.9,56,0,357,1.6944444444444442
2025-02-20 04:00:00,21.4,57,0,344,1.777777777777778
2025-02-20 05:00:00,20.9,58,0,335,1.9166666666666667
2025-02-20 06:00:00,20.7,62,1,336,1.8611111111111112
2025-02-20 07:00:00,21.3,60,1,341,2.5833333333333335
2025-02-20 08:00:00,24.1,50,1,346,2.055555555555556
2025-02-20 09:00:00,27.6,39,0,347,2.1666666666666665
2025-02-20 10:00:00,30.5,31,0,354,2.0
2025-02-20 11:00:00,32.3,24,1,344,2.1944444444444446
2025-02-20 12:00:00,33.3,22,1,325,2.3333333333333335
2025-02-20 13:00:00,33.9,20,2,313,2.4444444444444446
2025-02-20 14:00:00,34.3,18,3,299,2.638888888888889
2025-02-20 15:00:00,34.1,18,3,296,2.944444444444444
2025-02-20 16:00:00,33.5,18,3,290,3.2499999999999996
2025-02-20 17:00:00,32.7,18,2,287,2.4166666666666665
2025-02-20 18:00:00,31.0,21,2,323,2.9166666666666665
2025-02-20 19:00:00,30.0,23,1,309,3.8333333333333335
2025-02-20 20:00:00,28.3,27,1,335,3.9166666666666665
2025-02-20 21:00:00,26.8,30,2,329,3.416666666666667
2025-02-20 22:00:00,25.8,32,0,333,3.3888888888888884
2025-02-20 23:00:00,25.0,33,0,329,3.5
2025-02-21 00:00:00,24.3,34,0,330,3.416666666666667
2025-02-21 01:00:00,23.3,35,0,348,2.111111111111111
2025-02-21 02:00:00,21.8,39,0,8,1.3611111111111112
2025-02-21 03:00:00,21.1,41,0,28,1.1944444444444444
2025-02-21 04:00:00,20.6,42,0,16,1.3055555555555556
2025-02-21 05:00:00,20.2,44,0,354,1.5
2025-02-21 06:00:00,20.0,49,0,334,1.9444444444444444
2025-02-21 07:00:00,20.6,48,0,340,2.3333333333333335
2025-02-21 08:00:00,23.6,41,0,344,1.611111111111111
2025-02-21 09:00:00,27.4,32,0,2,1.611111111111111
2025-02-21 10:00:00,30.5,24,0,28,2.0
2025-02-21 11:00:00,32.2,17,0,5,1.75
2025-02-21 12:00:00,33.1,15,0,331,1.8888888888888888
2025-02-21 13:00:00,33.6,15,0,313,2.4166666666666665
2025-02-21 14:00:00,34.0,15,0,303,2.972222222222222
2025-02-21 15:00:00,33.9,15,0,291,4.027777777777778
2025-02-21 16:00:00,33.3,15,0,280,3.861111111111111
2025-02-21 17:00:00,32.4,16,0,286,2.5
2025-02-21 18:00:00,30.6,19,0,283,3.138888888888889
2025-02-21 19:00:00,29.1,21,0,288,2.611111111111111
2025-02-21 20:00:00,27.8,23,0,336,3.2777777777777777
2025-02-21 21:00:00,26.6,29,0,336,3.611111111111111
2025-02-21 22:00:00,25.8,31,0,330,3.0
2025-02-21 23:00:00,24.5,34,0,312,2.972222222222222
2025-02-22 00:00:00,23.6,36,0,345,2.388888888888889
2025-02-22 01:00:00,22.6,38,0,341,2.2777777777777777
2025-02-22 02:00:00,21.9,40,0,330,2.5277777777777777
2025-02-22 03:00:00,21.3,41,0,341,2.5833333333333335
2025-02-22 04:00:00,20.9,42,0,336,2.305555555555556
2025-02-22 05:00:00,20.4,44,0,326,2.1666666666666665
2025-02-22 06:00:00,20.3,49,0,329,2.3333333333333335
2025-02-22 07:00:00,21.0,48,0,333,2.638888888888889
2025-02-22 08:00:00,23.5,41,0,353,1.972222222222222
2025-02-22 09:00:00,26.3,34,0,20,1.611111111111111
2025-02-22 10:00:00,29.2,28,0,27,1.4166666666666665
2025-02-22 11:00:00,31.2,24,0,2,1.5
2025-02-22 12:00:00,32.7,19,0,338,2.305555555555556
2025-02-22 13:00:00,33.5,17,0,333,3.416666666666667
2025-02-22 14:00:00,33.6,18,0,335,3.5833333333333335
2025-02-22 15:00:00,33.6,17,0,341,2.944444444444444
2025-02-22 16:00:00,33.2,17,0,332,3.9722222222222223
2025-02-22 17:00:00,31.3,20,0,326,5.166666666666667
2025-02-22 18:00:00,29.8,23,0,302,3.8333333333333335
2025-02-22 19:00:00,28.5,24,0,324,2.5833333333333335
2025-02-22 20:00:00,27.8,25,0,355,3.5
2025-02-22 21:00:00,26.0,30,0,337,3.0555555555555554
2025-02-22 22:00:00,24.4,34,0,333,2.4722222222222223
2025-02-22 23:00:00,23.4,37,0,338,2.5277777777777777
2025-02-23 00:00:00,22.7,40,0,344,2.75
2025-02-23 01:00:00,22.1,42,0,359,2.5555555555555554
2025-02-23 02:00:00,21.6,45,0,358,2.8055555555555554
2025-02-23 03:00:00,21.0,46,0,6,2.4722222222222223
2025-02-23 04:00:00,20.4,47,0,18,1.8888888888888888
2025-02-23 05:00:00,20.0,46,0,27,1.972222222222222
2025-02-23 06:00:00,19.9,48,0,24,2.1944444444444446
2025-02-23 07:00:00,20.8,44,0,31,2.694444444444444
2025-02-23 08:00:00,23.4,36,0,37,2.1666666666666665
2025-02-23 09:00:00,26.6,29,0,47,2.1944444444444446
2025-02-23 10:00:00,29.8,22,0,61,2.638888888888889
2025-02-23 11:00:00,31.8,17,0,48,2.4722222222222223
2025-02-23 12:00:00,33.0,14,0,348,2.388888888888889
2025-02-23 13:00:00,33.4,13,0,325,3.1111111111111107
2025-02-23 14:00:00,33.4,13,0,316,3.2499999999999996
2025-02-23 15:00:00,33.0,15,0,312,2.611111111111111
2025-02-23 16:00:00,32.5,16,0,305,1.6388888888888888
2025-02-23 17:00:00,31.5,26,0,326,0.3611111111111111
2025-02-23 18:00:00,29.2,19,0,31,2.0277777777777777
2025-02-23 19:00:00,28.8,21,0,54,2.4722222222222223
2025-02-23 20:00:00,28.0,21,0,65,2.5277777777777777
2025-02-23 21:00:00,26.4,23,0,90,1.8888888888888888
2025-02-23 22:00:00,24.9,25,0,140,2.5555555555555554
2025-02-23 23:00:00,23.9,27,0,33,2.2777777777777777
2025-02-24 00:00:00,23.6,28,0,27,2.8055555555555554
2025-02-24 01:00:00,22.9,31,0,30,2.611111111111111
2025-02-24 02:00:00,22.1,32,0,41,2.305555555555556
2025-02-24 03:00:00,21.4,34,0,27,2.4166666666666665
2025-02-24 04:00:00,20.4,37,0,22,2.2777777777777777
2025-02-24 05:00:00,20.0,39,0,19,2.5833333333333335
2025-02-24 06:00:00,20.0,42,0,28,2.4444444444444446
2025-02-24 07:00:00,20.7,41,0,33,2.75
2025-02-24 08:00:00,23.2,35,0,40,2.2222222222222223
2025-02-24 09:00:00,26.2,29,0,66,2.694444444444444
2025-02-24 10:00:00,28.8,25,0,86,2.861111111111111
2025-02-24 11:00:00,30.8,22,0,106,2.9166666666666665
2025-02-24 12:00:00,32.0,19,0,121,2.4444444444444446
2025-02-24 13:00:00,32.8,18,0,122,1.2222222222222223
2025-02-24 14:00:00,33.1,17,0,111,0.41666666666666663
2025-02-24 15:00:00,33.0,17,0,360,0.25
2025-02-24 16:00:00,32.6,17,0,355,1.1944444444444444
2025-02-24 17:00:00,31.7,18,0,4,1.4444444444444444
2025-02-24 18:00:00,28.6,23,1,347,1.1388888888888888
2025-02-24 19:00:00,27.7,30,1,270,0.1388888888888889
2025-02-24 20:00:00,26.3,27,0,165,0.5833333333333334
2025-02-24 21:00:00,25.6,29,1,149,1.0555555555555556
2025-02-24 22:00:00,26.0,30,0,304,0.16666666666666666
2025-02-24 23:00:00,24.2,30,0,15,3.6666666666666665
2025-02-25 00:00:00,23.3,34,0,7,3.416666666666667
2025-02-25 01:00:00,22.7,35,0,14,3.138888888888889
2025-02-25 02:00:00,22.1,36,0,18,3.2499999999999996
2025-02-25 03:00:00,21.6,37,0,29,2.972222222222222
2025-02-25 04:00:00,21.1,39,0,23,3.1666666666666665
2025-02-25 05:00:00,20.6,42,0,19,2.8055555555555554
2025-02-25 06:00:00,20.6,45,1,18,2.5833333333333335
2025-02-25 07:00:00,21.3,44,1,33,2.6666666666666665
2025-02-25 08:00:00,23.4,39,0,47,2.944444444444444
2025-02-25 09:00:00,26.2,33,0,59,3.083333333333333
2025-02-25 10:00:00,28.7,28,0,80,3.3055555555555554
2025-02-25 11:00:00,30.4,24,0,97,3.4722222222222223
2025-02-25 12:00:00,31.6,22,0,103,2.972222222222222
2025-02-25 13:00:00,32.4,21,0,101,2.0833333333333335
2025-02-25 14:00:00,32.8,20,0,92,1.25
2025-02-25 15:00:00,32.8,19,0,68,0.5277777777777778
2025-02-25 16:00:00,32.6,19,0,350,0.5555555555555556
2025-02-25 17:00:00,31.8,20,0,349,0.7777777777777777
2025-02-25 18:00:00,29.3,26,0,333,0.22222222222222224
2025-02-25 19:00:00,28.1,29,0,333,0.11111111111111112
2025-02-25 20:00:00,27.1,30,0,40,0.38888888888888884
2025-02-25 21:00:00,26.1,32,0,57,1.0
2025-02-25 22:00:00,25.6,33,0,22,0.8055555555555555
2025-02-25 23:00:00,24.5,35,0,3,2.25
2025-02-26 00:00:00,23.3,38,0,9,2.5833333333333335
2025-02-26 01:00:00,22.5,40,0,17,2.5277777777777777
2025-02-26 02:00:00,22.1,39,0,17,2.5277777777777777
2025-02-26 03:00:00,21.6,38,0,27,2.4722222222222223
2025-02-26 04:00:00,21.3,37,0,29,2.694444444444444
2025-02-26 05:00:00,20.9,38,0,26,2.888888888888889
2025-02-26 06:00:00,20.6,41,0,25,2.972222222222222
2025-02-26 07:00:00,21.3,41,0,25,2.972222222222222
2025-02-26 08:00:00,23.7,36,0,31,2.611111111111111
2025-02-26 09:00:00,26.5,30,0,44,2.638888888888889
2025-02-26 10:00:00,29.3,25,0,58,2.944444444444444
2025-02-26 11:00:00,31.3,22,0,61,2.611111111111111
2025-02-26 12:00:00,32.6,20,0,55,1.8888888888888888
2025-02-26 13:00:00,33.4,18,0,40,1.6388888888888888
2025-02-26 14:00:00,34.0,16,0,20,1.611111111111111
2025-02-26 15:00:00,34.2,14,0,7,1.9166666666666667
2025-02-26 16:00:00,34.0,14,0,4,2.1944444444444446
2025-02-26 17:00:00,33.0,15,0,7,2.4166666666666665
2025-02-26 18:00:00,29.8,20,0,39,1.1111111111111112
2025-02-26 19:00:00,28.6,22,0,98,0.75
2025-02-26 20:00:00,27.0,24,0,139,1.4444444444444444
2025-02-26 21:00:00,26.9,25,0,135,0.5
2025-02-26 22:00:00,26.2,25,0,342,0.3055555555555556
2025-02-26 23:00:00,24.9,27,0,5,2.25
2025-02-27 00:00:00,23.5,32,3,358,1.6944444444444442
2025-02-27 01:00:00,22.8,36,0,352,1.777777777777778
2025-02-27 02:00:00,22.7,37,0,1,2.111111111111111
2025-02-27 03:00:00,22.2,39,0,4,2.4166666666666665
2025-02-27 04:00:00,21.6,40,0,9,2.944444444444444
2025-02-27 05:00:00,21.1,42,0,9,2.4722222222222223
2025-02-27 06:00:00,20.6,47,0,7,2.055555555555556
2025-02-27 07:00:00,21.5,45,0,7,2.361111111111111
2025-02-27 08:00:00,24.4,37,0,24,1.6944444444444442
2025-02-27 09:00:00,27.5,30,0,78,1.7222222222222223
2025-02-27 10:00:00,29.9,25,0,110,2.888888888888889
2025-02-27 11:00:00,31.7,21,0,118,2.944444444444444
2025-02-27 12:00:00,33.0,18,0,119,2.25
2025-02-27 13:00:00,34.0,17,0,116,1.611111111111111
2025-02-27 14:00:00,34.5,16,0,116,1.2777777777777777
2025-02-27 15:00:00,34.6,15,0,113,1.027777777777778
2025-02-27 16:00:00,34.3,15,1,119,1.027777777777778
2025-02-27 17:00:00,33.3,16,1,123,1.1944444444444444
2025-02-27 18:00:00,30.8,19,3,125,2.25
2025-02-27 19:00:00,29.5,20,1,131,1.9166666666666667
2025-02-27 20:00:00,27.4,24,1,150,1.611111111111111
2025-02-27 21:00:00,26.6,26,2,174,1.8055555555555556
2025-02-27 22:00:00,25.7,29,0,180,1.6944444444444442
2025-02-27 23:00:00,25.2,31,0,174,1.3611111111111112
2025-02-28 00:00:00,25.6,29,0,191,0.5
2025-02-28 01:00:00,24.0,32,0,340,0.5833333333333334
2025-02-28 02:00:00,22.4,35,0,2,1.6944444444444442
2025-02-28 03:00:00,21.1,40,0,19,1.0555555555555556
2025-02-28 04:00:00,21.2,47,0,11,0.25
2025-02-28 05:00:00,21.0,40,0,45,0.5555555555555556
2025-02-28 06:00:00,20.3,47,2,360,0.3055555555555556
2025-02-28 07:00:00,21.7,44,3,352,0.3611111111111111
2025-02-28 08:00:00,24.9,35,3,123,0.8333333333333333
2025-02-28 09:00:00,28.1,28,3,146,1.5
2025-02-28 10:00:00,30.7,24,3,169,1.777777777777778
2025-02-28 11:00:00,33.0,21,3,187,2.111111111111111
2025-02-28 12:00:00,34.4,18,3,203,2.055555555555556
2025-02-28 13:00:00,35.2,17,3,211,2.111111111111111
2025-02-28 14:00:00,35.5,16,3,209,2.2777777777777777
2025-02-28 15:00:00,35.5,16,3,203,2.0277777777777777
2025-02-28 16:00:00,35.2,16,2,189,2.1666666666666665
2025-02-28 17:00:00,34.2,17,3,181,2.5555555555555554
2025-02-28 18:00:00,32.1,20,3,193,2.611111111111111
2025-02-28 19:00:00,30.8,22,3,186,2.7222222222222223
2025-02-28 20:00:00,29.2,25,2,163,1.8333333333333333
2025-02-28 21:00:00,27.8,28,2,150,1.8055555555555556
2025-02-28 22:00:00,26.8,29,1,169,1.6388888888888888
2025-02-28 23:00:00,26.4,29,3,170,1.6666666666666665
2025-03-01 00:00:00,25.6,32,0,165,1.3333333333333333
2025-03-01 01:00:00,23.9,34,0,310,1.3055555555555556
2025-03-01 02:00:00,23.0,38,0,311,1.5833333333333333
2025-03-01 03:00:00,21.3,45,0,308,0.888888888888889
2025-03-01 04:00:00,20.7,49,0,298,0.8611111111111112
2025-03-01 05:00:00,20.4,51,0,301,1.0555555555555556
2025-03-01 06:00:00,21.8,47,0,237,1.5555555555555554
2025-03-01 07:00:00,23.3,44,0,131,0.5277777777777778
2025-03-01 08:00:00,25.9,38,1,147,1.0
2025-03-01 09:00:00,28.7,35,2,206,2.1666666666666665
2025-03-01 10:00:00,31.0,33,1,218,3.0277777777777777
2025-03-01 11:00:00,32.8,31,0,215,3.8333333333333335
2025-03-01 12:00:00,34.3,26,0,221,3.611111111111111
2025-03-01 13:00:00,35.3,22,0,222,3.222222222222222
2025-03-01 14:00:00,35.6,21,0,221,3.3055555555555554
2025-03-01 15:00:00,35.5,20,0,217,3.3611111111111107
2025-03-01 16:00:00,35.3,20,0,215,2.75
2025-03-01 17:00:00,34.6,20,1,223,2.25
2025-03-01 18:00:00,32.4,25,0,187,2.5277777777777777
2025-03-01 19:00:00,31.1,27,0,183,1.6944444444444442
2025-03-01 20:00:00,29.2,32,0,178,1.25
2025-03-01 21:00:00,27.7,36,0,184,1.3055555555555556
2025-03-01 22:00:00,26.7,38,0,247,1.25
2025-03-01 23:00:00,26.4,37,0,314,3.222222222222222
2025-03-02 00:00:00,25.6,38,0,315,1.972222222222222
2025-03-02 01:00:00,24.4,42,0,315,0.5555555555555556
2025-03-02 02:00:00,24.0,43,0,344,0.3611111111111111
2025-03-02 03:00:00,23.2,43,0,332,1.3611111111111112
2025-03-02 04:00:00,22.3,47,0,312,1.1944444444444444
2025-03-02 05:00:00,21.7,52,0,343,0.5277777777777778
2025-03-02 06:00:00,22.0,54,0,351,1.2222222222222223
2025-03-02 07:00:00,23.2,51,0,349,1.6388888888888888
2025-03-02 08:00:00,26.0,43,2,14,1.4444444444444444
2025-03-02 09:00:00,28.8,36,3,28,0.75
2025-03-02 10:00:00,31.3,31,3,360,0.38888888888888884
2025-03-02 11:00:00,33.4,26,3,333,0.5555555555555556
2025-03-02 12:00:00,34.8,23,3,330,0.41666666666666663
2025-03-02 13:00:00,35.9,21,3,320,1.25
2025-03-02 14:00:00,36.5,19,3,312,3.6944444444444446
2025-03-02 15:00:00,35.1,20,3,307,5.249999999999999
2025-03-02 16:00:00,35.1,19,3,298,4.194444444444445
2025-03-02 17:00:00,34.5,19,3,289,3.3888888888888884
2025-03-02 18:00:00,31.9,26,1,260,0.8611111111111112
2025-03-02 19:00:00,30.3,28,1,208,1.1944444444444444
2025-03-02 20:00:00,29.4,29,3,215,1.6388888888888888
2025-03-02 21:00:00,28.8,30,3,282,1.8888888888888888
2025-03-02 22:00:00,28.2,32,0,331,3.1666666666666665
2025-03-02 23:00:00,27.4,32,0,345,3.3611111111111107
2025-03-03 00:00:00,26.1,34,0,331,2.9166666666666665
2025-03-03 01:00:00,24.9,35,2,337,2.4444444444444446
2025-03-03 02:00:00,24.1,36,3,325,2.0
2025-03-03 03:00:00,23.0,38,2,335,1.4444444444444444
2025-03-03 04:00:00,22.3,41,1,9,0.9166666666666666
2025-03-03 05:00:00,21.8,41,3,333,1.5555555555555554
2025-03-03 06:00:00,21.0,47,0,348,1.2222222222222223
2025-03-03 07:00:00,22.3,44,0,336,1.6944444444444442
2025-03-03 08:00:00,25.4,36,0,335,1.0555555555555556
2025-03-03 09:00:00,28.8,30,1,31,1.1666666666666667
2025-03-03 10:00:00,31.3,26,2,38,1.472222222222222
2025-03-03 11:00:00,33.2,22,3,11,1.0555555555555556
2025-03-03 12:00:00,34.4,20,3,328,1.4166666666666665
2025-03-03 13:00:00,35.3,16,3,325,2.25
2025-03-03 14:00:00,35.5,16,3,333,2.861111111111111
2025-03-03 15:00:00,35.4,16,2,347,2.25
2025-03-03 16:00:00,35.0,16,2,14,2.305555555555556
2025-03-03 17:00:00,33.7,18,0,31,3.083333333333333
2025-03-03 18:00:00,32.1,21,0,59,2.694444444444444
2025-03-03 19:00:00,30.4,24,1,16,1.4444444444444444
2025-03-03 20:00:00,30.3,24,0,315,0.5
2025-03-03 21:00:00,28.4,27,1,341,1.0555555555555556
2025-03-03 22:00:00,27.2,29,1,356,1.611111111111111
2025-03-03 23:00:00,25.7,34,1,340,1.6388888888888888
2025-03-04 00:00:00,24.8,37,1,15,1.75
2025-03-04 01:00:00,24.0,39,0,9,1.5277777777777777
2025-03-04 02:00:00,23.4,41,0,347,1.5833333333333333
2025-03-04 03:00:00,22.4,43,0,343,1.4166666666666665
2025-03-04 04:00:00,21.9,45,2,348,1.6944444444444442
2025-03-04 05:00:00,21.5,47,0,336,1.75
2025-03-04 06:00:00,21.3,50,0,323,1.8333333333333333
2025-03-04 07:00:00,22.4,47,0,323,2.388888888888889
2025-03-04 08:00:00,25.9,38,1,339,1.7222222222222223
2025-03-04 09:00:00,30.2,28,2,342,2.055555555555556
2025-03-04 10:00:00,32.8,23,3,329,3.0277777777777777
2025-03-04 11:00:00,34.2,21,2,324,2.833333333333333
2025-03-04 12:00:00,35.4,19,3,316,2.638888888888889
2025-03-04 13:00:00,36.2,18,3,311,2.8055555555555554
2025-03-04 14:00:00,36.6,17,0,307,3.222222222222222
2025-03-04 15:00:00,36.4,17,0,301,3.6666666666666665
2025-03-04 16:00:00,35.9,16,0,291,3.6944444444444446
2025-03-04 17:00:00,34.9,17,0,286,3.6944444444444446
2025-03-04 18:00:00,32.7,20,0,301,2.5555555555555554
2025-03-04 19:00:00,30.8,24,0,335,3.9722222222222223
2025-03-04 20:00:00,29.5,28,0,339,4.638888888888888
2025-03-04 21:00:00,28.5,30,1,338,4.722222222222222
2025-03-04 22:00:00,27.4,32,0,343,4.5
2025-03-04 23:00:00,26.5,33,0,342,4.305555555555555
2025-03-05 00:00:00,25.4,34,0,340,4.055555555555555
2025-03-05 01:00:00,24.7,34,0,345,3.8333333333333335
2025-03-05 02:00:00,23.8,33,0,346,3.75
2025-03-05 03:00:00,22.9,32,0,354,3.7777777777777777
2025-03-05 04:00:00,22.1,33,0,358,3.638888888888889
2025-03-05 05:00:00,21.2,34,0,358,3.6944444444444446
2025-03-05 06:00:00,20.7,37,0,354,4.527777777777778
2025-03-05 07:00:00,21.2,36,0,354,3.8333333333333335
2025-03-05 08:00:00,23.0,30,0,1,4.194444444444445
2025-03-05 09:00:00,25.0,22,0,5,4.055555555555555
2025-03-05 10:00:00,27.1,15,0,3,3.4444444444444446
2025-03-05 11:00:00,28.7,11,0,3,2.5555555555555554
2025-03-05 12:00:00,30.0,10,0,354,2.2222222222222223
2025-03-05 13:00:00,31.0,9,0,341,2.3333333333333335
2025-03-05 14:00:00,31.7,9,0,338,2.9166666666666665
2025-03-05 15:00:00,31.8,10,0,340,2.888888888888889
2025-03-05 16:00:00,32.0,9,0,342,2.25
2025-03-05 17:00:00,31.3,9,0,328,2.833333333333333
2025-03-05 18:00:00,27.7,14,0,315,1.472222222222222
2025-03-05 19:00:00,27.6,14,0,347,3.2777777777777777
2025-03-05 20:00:00,25.9,18,0,318,3.5
2025-03-05 21:00:00,24.1,22,0,311,3.7777777777777777
2025-03-05 22:00:00,23.0,25,0,326,3.9166666666666665
2025-03-05 23:00:00,22.2,26,0,332,3.888888888888889
2025-03-06 00:00:00,21.3,27,0,337,3.5833333333333335
2025-03-06 01:00:00,20.3,28,0,337,3.3611111111111107
2025-03-06 02:00:00,19.6,30,0,336,3.611111111111111
2025-03-06 03:00:00,19.2,30,0,334,3.8333333333333335
2025-03-06 04:00:00,18.7,30,0,340,3.6666666666666665
2025-03-06 05:00:00,17.9,31,0,349,3.2777777777777777
2025-03-06 06:00:00,17.2,34,0,350,2.5
2025-03-06 07:00:00,18.2,33,0,348,2.361111111111111
2025-03-06 08:00:00,21.3,25,0,357,1.6666666666666665
2025-03-06 09:00:00,24.4,20,0,14,1.6944444444444442
2025-03-06 10:00:00,27.1,15,0,26,1.9444444444444444
2025-03-06 11:00:00,29.2,12,0,30,1.7222222222222223
2025-03-06 12:00:00,30.9,11,0,35,1.2222222222222223
2025-03-06 13:00:00,32.1,10,0,12,0.9722222222222222
2025-03-06 14:00:00,33.0,9,0,347,1.2777777777777777
2025-03-06 15:00:00,33.3,9,0,341,2.2777777777777777
2025-03-06 16:00:00,32.9,9,0,345,3.0
2025-03-06 17:00:00,31.8,10,0,360,2.5
2025-03-06 18:00:00,29.2,23,0,329,0.2777777777777778
2025-03-06 19:00:00,27.7,15,0,288,0.6388888888888888
2025-03-06 20:00:00,27.2,15,0,312,2.4722222222222223
2025-03-06 21:00:00,25.5,18,0,338,2.8055555555555554
2025-03-06 22:00:00,23.9,19,0,347,2.972222222222222
2025-03-06 23:00:00,22.7,20,0,341,2.4444444444444446
2025-03-07 00:00:00,20.7,23,0,338,1.4444444444444444
2025-03-07 01:00:00,20.1,24,0,337,1.6388888888888888
2025-03-07 02:00:00,19.7,24,0,340,1.9166666666666667
2025-03-07 03:00:00,19.1,25,0,337,2.0277777777777777
2025-03-07 04:00:00,18.6,27,0,342,2.055555555555556
2025-03-07 05:00:00,18.2,28,0,349,2.1944444444444446
2025-03-07 06:00:00,17.2,34,0,348,1.8888888888888888
2025-03-07 07:00:00,18.5,32,0,352,2.0833333333333335
2025-03-07 08:00:00,22.0,27,0,12,0.9722222222222222
2025-03-07 09:00:00,26.0,20,0,32,0.9444444444444444
2025-03-07 10:00:00,29.5,15,0,27,1.0
2025-03-07 11:00:00,31.8,11,0,5,1.6666666666666665
2025-03-07 12:00:00,33.4,11,0,2,1.6944444444444442
2025-03-07 13:00:00,34.5,11,0,349,1.5833333333333333
2025-03-07 14:00:00,35.0,10,0,326,2.2222222222222223
2025-03-07 15:00:00,34.8,10,0,316,2.833333333333333
2025-03-07 16:00:00,34.2,10,0,315,2.3333333333333335
2025-03-07 17:00:00,33.0,25,0,315,0.5555555555555556
2025-03-07 18:00:00,30.2,22,0,180,0.11111111111111112
2025-03-07 19:00:00,29.1,16,0,131,0.4722222222222222
2025-03-07 20:00:00,28.1,17,0,351,0.9722222222222222
2025-03-07 21:00:00,25.8,20,0,297,1.5277777777777777
2025-03-07 22:00:00,24.6,23,0,315,0.5
2025-03-07 23:00:00,23.4,24,0,352,1.5
2025-03-08 00:00:00,22.6,26,0,323,1.0833333333333333
2025-03-08 01:00:00,21.1,29,0,333,1.4444444444444444
2025-03-08 02:00:00,20.6,31,0,327,1.6666666666666665
2025-03-08 03:00:00,20.4,31,0,343,2.0833333333333335
2025-03-08 04:00:00,20.1,32,0,343,2.1944444444444446
2025-03-08 05:00:00,19.5,34,0,336,2.0833333333333335
2025-03-08 06:00:00,19.1,37,0,331,1.5555555555555554
2025-03-08 07:00:00,20.8,34,0,336,1.6944444444444442
2025-03-08 08:00:00,24.5,27,0,17,0.8333333333333333
2025-03-08 09:00:00,28.6,20,0,57,0.8333333333333333
2025-03-08 10:00:00,31.7,15,0,82,0.75
2025-03-08 11:00:00,33.6,13,0,18,0.4722222222222222
2025-03-08 12:00:00,34.9,12,0,341,1.0555555555555556
2025-03-08 13:00:00,36.0,12,0,332,1.3055555555555556
2025-03-08 14:00:00,36.7,11,0,314,1.8055555555555556
2025-03-08 15:00:00,36.7,10,0,306,3.083333333333333
2025-03-08 16:00:00,35.7,11,0,300,4.166666666666667
2025-03-08 17:00:00,34.9,12,0,275,3.8055555555555554
2025-03-08 18:00:00,31.6,15,0,220,1.6388888888888888
2025-03-08 19:00:00,30.0,19,0,219,0.3333333333333333
2025-03-08 20:00:00,27.9,20,0,2,1.25
2025-03-08 21:00:00,27.9,20,0,7,2.1666666666666665
2025-03-08 22:00:00,27.7,21,0,5,2.861111111111111
2025-03-08 23:00:00,26.8,23,0,6,2.6666666666666665
2025-03-09 00:00:00,25.4,25,0,13,2.055555555555556
2025-03-09 01:00:00,24.6,27,0,3,2.138888888888889
2025-03-09 02:00:00,23.4,30,0,10,2.5
2025-03-09 03:00:00,22.8,32,0,4,2.9166666666666665
2025-03-09 04:00:00,22.4,33,0,3,2.8055555555555554
2025-03-09 05:00:00,21.9,34,0,355,2.361111111111111
2025-03-09 06:00:00,21.9,37,0,360,1.8611111111111112
2025-03-09 07:00:00,23.2,35,0,24,1.8611111111111112
2025-03-09 08:00:00,26.2,28,0,49,1.5833333333333333
2025-03-09 09:00:00,29.3,22,0,55,1.9444444444444444
2025-03-09 10:00:00,32.3,18,0,79,2.305555555555556
2025-03-09 11:00:00,34.4,15,0,97,2.4722222222222223
2025-03-09 12:00:00,35.4,14,0,108,1.8888888888888888
2025-03-09 13:00:00,36.0,13,0,104,1.25
2025-03-09 14:00:00,36.3,13,0,107,0.8333333333333333
2025-03-09 15:00:00,36.3,13,0,99,0.6111111111111112
2025-03-09 16:00:00,35.8,13,0,63,0.4444444444444445
2025-03-09 17:00:00,34.7,15,0,61,0.5277777777777778
2025-03-09 18:00:00,32.0,20,0,315,0.08333333333333333
2025-03-09 19:00:00,31.2,19,0,120,0.41666666666666663
2025-03-09 20:00:00,28.8,21,0,146,1.4444444444444444
2025-03-09 21:00:00,27.5,24,0,174,0.9166666666666666
2025-03-09 22:00:00,27.1,25,0,230,0.38888888888888884
2025-03-09 23:00:00,26.3,25,0,345,3.3055555555555554
2025-03-10 00:00:00,25.6,26,0,21,3.8055555555555554
2025-03-10 01:00:00,25.6,21,0,18,4.111111111111112
2025-03-10 02:00:00,25.0,21,0,18,3.416666666666667
2025-03-10 03:00:00,24.2,22,0,16,2.6666666666666665
2025-03-10 04:00:00,22.9,25,0,28,1.6944444444444442
2025-03-10 05:00:00,22.8,25,0,73,2.0833333333333335
2025-03-10 06:00:00,23.1,25,0,48,2.2222222222222223
2025-03-10 07:00:00,24.1,25,0,85,2.972222222222222
2025-03-10 08:00:00,26.4,23,0,80,2.2777777777777777
2025-03-10 09:00:00,28.9,24,0,89,2.888888888888889
2025-03-10 10:00:00,31.2,23,0,95,2.861111111111111
2025-03-10 11:00:00,33.2,23,0,110,2.0833333333333335
2025-03-10 12:00:00,34.8,21,0,123,1.5555555555555554
2025-03-10 13:00:00,35.8,18,0,118,0.8611111111111112
2025-03-10 14:00:00,36.3,17,0,37,0.5
2025-03-10 15:00:00,36.4,16,0,351,1.2222222222222223
2025-03-10 16:00:00,36.1,15,0,345,1.5
2025-03-10 17:00:00,35.1,16,0,6,1.5
2025-03-10 18:00:00,32.0,21,0,41,1.3888888888888888
2025-03-10 19:00:00,31.1,23,0,45,1.3333333333333333
2025-03-10 20:00:00,30.3,25,0,57,1.1944444444444444
2025-03-10 21:00:00,29.9,26,0,30,0.41666666666666663
2025-03-10 22:00:00,27.7,29,0,321,0.9722222222222222
2025-03-10 23:00:00,26.3,31,0,321,0.9722222222222222
2025-03-11 00:00:00,26.0,31,0,4,2.4444444444444446
2025-03-11 01:00:00,26.2,25,0,35,2.694444444444444
2025-03-11 02:00:00,25.1,25,0,17,2.1944444444444446
2025-03-11 03:00:00,23.9,27,0,6,1.972222222222222
2025-03-11 04:00:00,23.5,28,0,4,2.25
2025-03-11 05:00:00,23.4,28,0,11,2.388888888888889
2025-03-11 06:00:00,22.8,33,0,11,1.8333333333333333
2025-03-11 07:00:00,24.1,31,0,68,1.8888888888888888
2025-03-11 08:00:00,26.7,25,0,63,1.3333333333333333
2025-03-11 09:00:00,29.7,24,0,81,1.9166666666666667
2025-03-11 10:00:00,32.2,23,0,105,2.1666666666666665
2025-03-11 11:00:00,34.3,21,0,106,2.1944444444444446
2025-03-11 12:00:00,35.7,18,0,92,1.3888888888888888
2025-03-11 13:00:00,36.6,16,0,45,0.9166666666666666
2025-03-11 14:00:00,37.1,15,0,18,1.0
2025-03-11 15:00:00,37.2,14,0,14,1.25
2025-03-11 16:00:00,36.9,13,0,11,1.8333333333333333
2025-03-11 17:00:00,36.0,13,0,11,2.305555555555556
2025-03-11 18:00:00,32.8,20,0,66,0.8611111111111112
2025-03-11 19:00:00,31.1,22,0,160,1.5
2025-03-11 20:00:00,29.9,25,0,168,1.9444444444444444
2025-03-11 21:00:00,28.7,27,0,177,1.6944444444444442
2025-03-11 22:00:00,27.0,31,0,295,0.8333333333333333
2025-03-11 23:00:00,26.6,30,0,312,2.1666666666666665
2025-03-12 00:00:00,25.5,32,0,265,1.6666666666666665
2025-03-12 01:00:00,25.0,33,0,273,1.8055555555555556
2025-03-12 02:00:00,23.9,37,0,304,0.888888888888889
2025-03-12 03:00:00,23.4,39,0,56,0.5277777777777778
2025-03-12 04:00:00,22.6,40,0,108,0.4722222222222222
2025-03-12 05:00:00,21.4,43,0,354,0.5
2025-03-12 06:00:00,22.7,43,0,4,1.5555555555555554
2025-03-12 07:00:00,24.3,39,0,339,1.7222222222222223
2025-03-12 08:00:00,28.6,31,0,315,0.8611111111111112
2025-03-12 09:00:00,32.6,26,0,296,1.5
2025-03-12 10:00:00,35.6,19,0,269,2.111111111111111
2025-03-12 11:00:00,37.3,16,0,261,2.1666666666666665
2025-03-12 12:00:00,38.3,14,0,279,2.2777777777777777
2025-03-12 13:00:00,38.9,13,0,305,2.611111111111111
2025-03-12 14:00:00,39.0,12,0,326,3.638888888888889
2025-03-12 15:00:00,38.4,12,0,324,3.75
2025-03-12 16:00:00,37.9,13,0,293,2.944444444444444
2025-03-12 17:00:00,36.8,15,0,267,2.111111111111111
2025-03-12 18:00:00,34.1,20,0,198,0.7777777777777777
2025-03-12 19:00:00,33.8,20,0,253,0.5277777777777778
2025-03-12 20:00:00,31.3,24,0,274,0.6388888888888888
2025-03-12 21:00:00,30.4,25,0,253,0.5277777777777778
2025-03-12 22:00:00,28.9,27,0,225,1.777777777777778
2025-03-12 23:00:00,29.4,26,0,211,3.1666666666666665
2025-03-13 00:00:00,29.0,26,0,207,2.9166666666666665
2025-03-13 01:00:00,28.7,27,0,200,4.083333333333333
2025-03-13 02:00:00,26.1,31,0,290,1.6388888888888888
2025-03-13 03:00:00,24.5,35,0,247,1.4166666666666665
2025-03-13 04:00:00,24.2,36,0,278,1.5
2025-03-13 05:00:00,23.7,37,0,274,1.5555555555555554
2025-03-13 06:00:00,22.1,49,0,290,1.1666666666666667
2025-03-13 07:00:00,24.0,45,0,268,1.25
2025-03-13 08:00:00,28.3,33,0,336,0.5
2025-03-13 09:00:00,32.9,24,0,330,0.6944444444444444
2025-03-13 10:00:00,35.7,16,0,333,1.75
2025-03-13 11:00:00,37.4,14,0,333,2.1944444444444446
2025-03-13 12:00:00,38.7,13,0,304,2.4166666666666665
2025-03-13 13:00:00,39.3,12,0,294,4.055555555555555
2025-03-13 14:00:00,39.0,12,0,293,4.444444444444445
2025-03-13 15:00:00,39.1,12,0,267,3.555555555555556
2025-03-13 16:00:00,38.8,12,0,249,3.6944444444444446
2025-03-13 17:00:00,38.0,12,0,214,3.194444444444444
2025-03-13 18:00:00,34.3,14,0,254,1.25
2025-03-13 19:00:00,32.3,17,0,340,1.6388888888888888
2025-03-13 20:00:00,31.7,19,0,6,1.8055555555555556
2025-03-13 21:00:00,30.0,23,0,305,1.2222222222222223
2025-03-13 22:00:00,28.6,25,0,311,1.0555555555555556
2025-03-13 23:00:00,28.2,26,0,256,0.41666666666666663
2025-03-14 00:00:00,27.1,29,0,301,0.2777777777777778
2025-03-14 01:00:00,25.7,29,0,231,1.75
2025-03-14 02:00:00,25.9,28,0,258,2.4444444444444446
2025-03-14 03:00:00,26.2,28,0,286,2.861111111111111
2025-03-14 04:00:00,24.3,32,0,277,1.6666666666666665
2025-03-14 05:00:00,23.2,35,0,270,1.3888888888888888
2025-03-14 06:00:00,22.6,43,0,270,0.888888888888889
2025-03-14 07:00:00,25.0,35,0,270,1.3055555555555556
2025-03-14 08:00:00,29.1,23,0,285,0.7777777777777777
2025-03-14 09:00:00,32.1,17,0,328,0.9444444444444444
2025-03-14 10:00:00,34.6,14,0,332,1.472222222222222
2025-03-14 11:00:00,36.6,13,0,325,1.8333333333333333
2025-03-14 12:00:00,38.0,12,0,304,1.972222222222222
2025-03-14 13:00:00,38.9,12,0,294,2.4166666666666665
2025-03-14 14:00:00,39.2,13,0,290,3.5
2025-03-14 15:00:00,38.9,13,0,299,4.083333333333333
2025-03-14 16:00:00,38.4,12,0,283,4.666666666666667
2025-03-14 17:00:00,37.1,11,0,278,4.194444444444445
2025-03-14 18:00:00,34.9,15,0,288,3.3055555555555554
2025-03-14 19:00:00,32.3,18,0,243,1.5277777777777777
2025-03-14 20:00:00,30.5,21,0,228,1.5
2025-03-14 21:00:00,29.7,22,0,329,2.694444444444444
2025-03-14 22:00:00,29.8,23,0,359,2.388888888888889
2025-03-14 23:00:00,29.1,23,0,346,2.305555555555556
2025-03-15 00:00:00,27.6,25,0,312,2.0277777777777777
2025-03-15 01:00:00,25.8,28,0,298,1.3611111111111112
2025-03-15 02:00:00,25.3,30,0,326,2.3333333333333335
2025-03-15 03:00:00,23.9,34,0,329,1.3333333333333333
2025-03-15 04:00:00,23.5,35,0,356,1.3611111111111112
2025-03-15 05:00:00,22.9,37,0,189,1.3055555555555556
2025-03-15 06:00:00,23.7,38,0,330,1.972222222222222
2025-03-15 07:00:00,25.4,35,0,352,1.5
2025-03-15 08:00:00,29.1,28,0,24,0.5
2025-03-15 09:00:00,33.0,21,0,231,0.6388888888888888
2025-03-15 10:00:00,36.0,17,0,195,1.75
2025-03-15 11:00:00,37.3,19,0,191,2.694444444444444
2025-03-15 12:00:00,38.0,18,1,202,3.3055555555555554
2025-03-15 13:00:00,38.4,18,0,203,3.3055555555555554
2025-03-15 14:00:00,38.8,17,1,211,2.8055555555555554
2025-03-15 15:00:00,38.4,18,1,221,2.4444444444444446
2025-03-15 16:00:00,37.7,18,0,239,2.2222222222222223
2025-03-15 17:00:00,37.0,17,1,323,1.0833333333333333
2025-03-15 18:00:00,35.1,20,1,214,0.16666666666666666
2025-03-15 19:00:00,33.2,22,0,188,0.6944444444444444
2025-03-15 20:00:00,32.1,24,0,243,0.4444444444444445
2025-03-15 21:00:00,31.1,25,0,270,0.3055555555555556
2025-03-15 22:00:00,29.9,27,0,214,1.3333333333333333
2025-03-15 23:00:00,29.4,28,0,217,1.8888888888888888
2025-03-16 00:00:00,28.8,29,0,237,1.7222222222222223
2025-03-16 01:00:00,27.5,31,0,315,1.6944444444444442
2025-03-16 02:00:00,26.6,35,0,254,0.3611111111111111
2025-03-16 03:00:00,25.5,37,0,280,1.1111111111111112
2025-03-16 04:00:00,24.1,40,0,357,1.1111111111111112
2025-03-16 05:00:00,23.6,41,0,284,0.19444444444444442
2025-03-16 06:00:00,26.7,37,0,233,2.0833333333333335
2025-03-16 07:00:00,28.4,34,3,223,2.4166666666666665
2025-03-16 08:00:00,30.6,31,1,189,1.6666666666666665
2025-03-16 09:00:00,34.0,26,0,221,3.0555555555555554
2025-03-16 10:00:00,36.7,19,0,237,5.277777777777778
2025-03-16 11:00:00,37.6,17,0,240,5.611111111111111
2025-03-16 12:00:00,38.5,16,0,240,5.055555555555555
2025-03-16 13:00:00,38.9,15,1,232,4.833333333333333
2025-03-16 14:00:00,38.9,16,1,228,4.75
2025-03-16 15:00:00,38.2,16,1,236,4.722222222222222
2025-03-16 16:00:00,38.1,16,1,247,3.5277777777777777
2025-03-16 17:00:00,37.1,17,1,244,2.944444444444444
2025-03-16 18:00:00,34.2,22,1,280,1.1111111111111112
2025-03-16 19:00:00,32.8,24,2,340,1.3333333333333333
2025-03-16 20:00:00,33.0,24,3,293,0.6388888888888888
2025-03-16 21:00:00,32.0,24,3,268,1.5
2025-03-16 22:00:00,30.8,26,1,326,3.638888888888889
2025-03-16 23:00:00,29.4,27,0,328,3.1111111111111107
2025-03-17 00:00:00,28.0,29,0,332,1.6944444444444442
2025-03-17 01:00:00,26.7,32,1,353,1.2222222222222223
2025-03-17 02:00:00,27.0,31,0,336,2.138888888888889
2025-03-17 03:00:00,25.9,33,0,263,1.7222222222222223
2025-03-17 04:00:00,24.6,37,0,297,1.0
2025-03-17 05:00:00,24.7,35,1,344,1.972222222222222
2025-03-17 06:00:00,24.5,38,0,320,2.1666666666666665
2025-03-17 07:00:00,26.2,35,0,328,2.4166666666666665
2025-03-17 08:00:00,29.6,28,1,330,2.0833333333333335
2025-03-17 09:00:00,32.3,22,1,340,2.9166666666666665
2025-03-17 10:00:00,34.1,19,0,350,3.0555555555555554
2025-03-17 11:00:00,35.5,17,0,344,2.5
2025-03-17 12:00:00,36.8,16,1,324,1.972222222222222
2025-03-17 13:00:00,37.7,16,2,298,2.0277777777777777
2025-03-17 14:00:00,38.3,15,3,292,4.472222222222222
2025-03-17 15:00:00,37.0,16,3,312,5.333333333333333
2025-03-17 16:00:00,37.7,14,3,300,4.222222222222222
2025-03-17 17:00:00,36.4,16,3,305,4.388888888888889
2025-03-17 18:00:00,34.2,19,3,311,4.083333333333333
2025-03-17 19:00:00,32.9,20,2,323,2.638888888888889
2025-03-17 20:00:00,31.2,25,1,346,4.888888888888889
2025-03-17 21:00:00,30.2,27,2,341,3.8055555555555554
2025-03-17 22:00:00,29.3,28,2,339,3.4444444444444446
2025-03-17 23:00:00,28.5,29,2,333,3.1666666666666665
2025-03-18 00:00:00,27.6,31,2,335,3.083333333333333
2025-03-18 01:00:00,26.8,33,2,342,2.694444444444444
2025-03-18 02:00:00,25.7,36,3,7,1.9166666666666667
2025-03-18 03:00:00,25.1,38,3,25,2.361111111111111
2025-03-18 04:00:00,24.9,39,3,27,2.5277777777777777
2025-03-18 05:00:00,24.4,41,3,35,2.0
2025-03-18 06:00:00,24.2,46,3,28,2.0
2025-03-18 07:00:00,25.5,44,2,20,2.1944444444444446
2025-03-18 08:00:00,27.8,39,3,35,2.361111111111111
2025-03-18 09:00:00,30.7,33,3,50,2.611111111111111
2025-03-18 10:00:00,33.4,26,3,61,2.75
2025-03-18 11:00:00,35.2,21,2,68,1.777777777777778
2025-03-18 12:00:00,36.6,19,1,90,0.6388888888888888
2025-03-18 13:00:00,37.4,18,0,201,0.6944444444444444
2025-03-18 14:00:00,37.8,17,0,210,0.6944444444444444
2025-03-18 15:00:00,38.1,16,0,104,0.6111111111111112
2025-03-18 16:00:00,38.0,16,1,121,1.9166666666666667
2025-03-18 17:00:00,37.2,16,1,160,3.138888888888889
2025-03-18 18:00:00,34.9,19,0,195,2.1666666666666665
2025-03-18 19:00:00,34.0,20,0,229,2.305555555555556
2025-03-18 20:00:00,32.8,21,0,263,1.972222222222222
2025-03-18 21:00:00,30.5,26,0,274,1.3611111111111112
2025-03-18 22:00:00,30.3,25,0,322,2.861111111111111
2025-03-18 23:00:00,29.8,25,0,360,3.638888888888889
2025-03-19 00:00:00,28.6,27,0,24,1.75
2025-03-19 01:00:00,27.0,30,0,356,1.3055555555555556
2025-03-19 02:00:00,26.1,33,0,49,1.0
2025-03-19 03:00:00,26.1,31,0,25,2.138888888888889
2025-03-19 04:00:00,25.4,33,0,35,1.3888888888888888
2025-03-19 05:00:00,24.7,34,0,49,1.3888888888888888
2025-03-19 06:00:00,25.3,36,1,20,2.0277777777777777
2025-03-19 07:00:00,26.5,33,3,38,2.2222222222222223
2025-03-19 08:00:00,28.6,29,0,45,1.6388888888888888
2025-03-19 09:00:00,31.6,25,0,97,1.1666666666666667
2025-03-19 10:00:00,34.2,24,0,149,1.1666666666666667
2025-03-19 11:00:00,36.0,23,0,185,2.1666666666666665
2025-03-19 12:00:00,37.6,20,1,194,2.972222222222222
2025-03-19 13:00:00,38.0,19,0,195,3.9166666666666665
2025-03-19 14:00:00,38.5,19,0,198,4.111111111111112
2025-03-19 15:00:00,38.4,19,0,196,3.6944444444444446
2025-03-19 16:00:00,37.9,19,1,193,3.3888888888888884
2025-03-19 17:00:00,37.0,20,1,185,2.972222222222222
2025-03-19 18:00:00,35.3,20,0,132,2.4166666666666665
2025-03-19 19:00:00,34.0,23,0,140,3.4444444444444446
2025-03-19 20:00:00,32.7,25,0,149,3.138888888888889
2025-03-19 21:00:00,31.8,27,0,163,4.027777777777778
2025-03-19 22:00:00,31.0,29,0,164,3.638888888888889
2025-03-19 23:00:00,30.1,31,0,175,2.5
2025-03-20 00:00:00,29.2,33,0,208,2.0
2025-03-20 01:00:00,28.3,36,0,225,1.9166666666666667
2025-03-20 02:00:00,27.6,39,1,249,1.7222222222222223
2025-03-20 03:00:00,27.2,43,0,323,0.25
2025-03-20 04:00:00,26.2,44,1,27,0.3333333333333333
2025-03-20 05:00:00,25.9,45,3,96,0.5
2025-03-20 06:00:00,26.5,47,0,155,1.1666666666666667
2025-03-20 07:00:00,28.0,44,0,148,2.361111111111111
2025-03-20 08:00:00,30.5,38,0,162,3.1666666666666665
2025-03-20 09:00:00,32.8,32,0,186,3.9166666666666665
2025-03-20 10:00:00,34.5,29,0,188,4.444444444444445
2025-03-20 11:00:00,36.2,24,0,189,4.916666666666666
2025-03-20 12:00:00,37.1,21,1,198,5.277777777777778
2025-03-20 13:00:00,37.8,20,1,198,4.777777777777778
2025-03-20 14:00:00,38.3,20,1,192,4.194444444444445
2025-03-20 15:00:00,38.5,19,1,191,4.527777777777778
2025-03-20 16:00:00,37.9,19,2,200,4.194444444444445
2025-03-20 17:00:00,37.1,20,3,201,4.055555555555555
2025-03-20 18:00:00,33.3,29,1,251,1.8055555555555556
2025-03-20 19:00:00,32.7,29,2,162,1.3055555555555556
2025-03-20 20:00:00,33.5,26,1,186,3.6666666666666665
2025-03-20 21:00:00,32.3,27,1,172,2.388888888888889
2025-03-20 22:00:00,31.7,26,0,174,4.472222222222222
2025-03-20 23:00:00,30.9,27,1,188,4.75
2025-03-21 00:00:00,29.8,30,0,205,2.5277777777777777
2025-03-21 01:00:00,28.3,34,0,254,1.4444444444444444
2025-03-21 02:00:00,26.9,37,0,283,1.0833333333333333
2025-03-21 03:00:00,26.1,39,1,313,1.3055555555555556
2025-03-21 04:00:00,25.4,44,1,16,0.888888888888889
2025-03-21 05:00:00,25.1,44,1,330,0.41666666666666663
2025-03-21 06:00:00,25.2,50,0,268,1.5555555555555554
2025-03-21 07:00:00,26.9,42,0,223,1.25
2025-03-21 08:00:00,29.9,31,0,210,1.611111111111111
2025-03-21 09:00:00,32.6,20,0,212,1.6944444444444442
2025-03-21 10:00:00,34.4,16,0,221,1.3888888888888888
2025-03-21 11:00:00,35.5,16,0,224,1.4444444444444444
2025-03-21 12:00:00,36.5,16,0,207,1.75
2025-03-21 13:00:00,37.3,15,0,202,2.5
2025-03-21 14:00:00,37.7,15,0,212,3.555555555555556
2025-03-21 15:00:00,37.6,15,0,222,4.555555555555555
2025-03-21 16:00:00,37.1,15,0,229,4.5
2025-03-21 17:00:00,36.5,15,1,229,3.3055555555555554
2025-03-21 18:00:00,33.3,17,1,191,1.027777777777778
2025-03-21 19:00:00,30.6,40,2,166,4.222222222222222
2025-03-21 20:00:00,29.5,43,1,178,2.388888888888889
2025-03-21 21:00:00,28.6,47,1,180,1.8055555555555556
2025-03-21 22:00:00,27.2,53,0,245,0.9444444444444444
2025-03-21 23:00:00,26.4,56,0,219,0.9722222222222222
2025-03-22 00:00:00,25.6,59,0,225,1.0555555555555556
2025-03-22 01:00:00,25.2,60,0,207,1.5555555555555554
2025-03-22 02:00:00,24.5,63,0,189,1.8611111111111112
2025-03-22 03:00:00,23.8,67,1,194,0.41666666666666663
2025-03-22 04:00:00,23.5,67,0,347,1.1388888888888888
2025-03-22 05:00:00,22.6,72,0,249,0.41666666666666663
2025-03-22 06:00:00,21.8,82,0,356,0.75
2025-03-22 07:00:00,23.8,72,0,36,0.9166666666666666
2025-03-22 08:00:00,26.5,58,0,23,1.4166666666666665
2025-03-22 09:00:00,29.1,48,0,74,1.4444444444444444
2025-03-22 10:00:00,31.7,35,0,94,1.4166666666666665
2025-03-22 11:00:00,33.6,24,0,68,1.1944444444444444
2025-03-22 12:00:00,34.8,20,0,49,0.4722222222222222
2025-03-22 13:00:00,35.7,18,0,295,0.8333333333333333
2025-03-22 14:00:00,36.1,17,0,325,0.9722222222222222
2025-03-22 15:00:00,36.6,14,0,5,1.9166666666666667
2025-03-22 16:00:00,36.8,10,0,337,3.4722222222222223
2025-03-22 17:00:00,35.3,11,0,302,5.027777777777778
2025-03-22 18:00:00,32.7,15,0,272,1.5
2025-03-22 19:00:00,30.5,20,0,161,1.0555555555555556
2025-03-22 20:00:00,29.9,23,0,153,1.6388888888888888
2025-03-22 21:00:00,29.3,22,0,344,3.222222222222222
2025-03-22 22:00:00,29.3,21,0,10,3.3055555555555554
2025-03-22 23:00:00,28.0,23,0,344,2.75
2025-03-23 00:00:00,25.9,40,0,153,0.11111111111111112
2025-03-23 01:00:00,25.2,30,0,195,0.7777777777777777
2025-03-23 02:00:00,24.5,32,0,332,0.9722222222222222
2025-03-23 03:00:00,23.8,34,0,331,1.027777777777778
2025-03-23 04:00:00,24.1,32,0,349,2.8055555555555554
2025-03-23 05:00:00,22.4,36,0,76,1.4444444444444444
2025-03-23 06:00:00,22.9,45,0,76,1.25
2025-03-23 07:00:00,24.5,43,0,342,0.16666666666666666
2025-03-23 08:00:00,27.3,40,0,357,0.888888888888889
2025-03-23 09:00:00,30.1,39,0,17,0.8333333333333333
2025-03-23 10:00:00,32.7,32,0,45,0.8611111111111112
2025-03-23 11:00:00,34.6,21,0,21,1.1111111111111112
2025-03-23 12:00:00,35.7,17,0,343,1.5555555555555554
2025-03-23 13:00:00,36.5,15,0,332,2.138888888888889
2025-03-23 14:00:00,36.9,13,0,330,2.6666666666666665
2025-03-23 15:00:00,36.6,13,0,341,1.972222222222222
2025-03-23 16:00:00,36.5,12,0,110,1.0
2025-03-23 17:00:00,36.0,11,0,129,1.75
2025-03-23 18:00:00,32.3,18,0,165,1.3888888888888888
2025-03-23 19:00:00,31.1,20,0,225,0.3611111111111111
2025-03-23 20:00:00,29.4,20,0,340,1.0
2025-03-23 21:00:00,28.8,19,0,356,0.6944444444444444
2025-03-23 22:00:00,27.5,19,0,2,1.3611111111111112
2025-03-23 23:00:00,27.6,18,0,349,2.305555555555556
2025-03-24 00:00:00,27.2,19,0,359,4.055555555555555
2025-03-24 01:00:00,26.0,22,0,15,3.222222222222222
2025-03-24 02:00:00,25.1,25,0,31,2.7222222222222223
2025-03-24 03:00:00,24.5,27,0,33,2.7777777777777777
2025-03-24 04:00:00,23.9,30,0,34,2.6666666666666665
2025-03-24 05:00:00,23.1,32,0,28,2.138888888888889
2025-03-24 06:00:00,23.5,38,0,27,2.0833333333333335
2025-03-24 07:00:00,25.0,35,0,22,2.111111111111111
2025-03-24 08:00:00,27.8,30,0,45,1.8333333333333333
2025-03-24 09:00:00,30.4,27,0,71,2.0
2025-03-24 10:00:00,32.5,26,0,91,2.138888888888889
2025-03-24 11:00:00,34.2,22,0,104,1.9166666666666667
2025-03-24 12:00:00,35.4,17,0,65,0.8333333333333333
2025-03-24 13:00:00,36.2,14,0,360,1.0
2025-03-24 14:00:00,36.7,12,0,346,1.4444444444444444
2025-03-24 15:00:00,36.9,10,0,345,1.9166666666666667
2025-03-24 16:00:00,36.5,10,0,344,3.1666666666666665
2025-03-24 17:00:00,35.1,11,0,334,4.638888888888888
2025-03-24 18:00:00,33.5,13,0,352,3.3888888888888884
2025-03-24 19:00:00,31.9,15,0,32,1.8055555555555556
2025-03-24 20:00:00,30.2,18,0,54,1.5277777777777777
2025-03-24 21:00:00,29.1,19,0,339,0.6944444444444444
2025-03-24 22:00:00,27.1,22,0,357,1.0555555555555556
2025-03-24 23:00:00,26.3,23,0,348,1.472222222222222
2025-03-25 00:00:00,25.8,24,0,344,1.4444444444444444
2025-03-25 01:00:00,25.5,24,0,355,2.6666666666666665
2025-03-25 02:00:00,24.6,25,0,6,2.8055555555555554
2025-03-25 03:00:00,24.0,26,0,17,2.9166666666666665
2025-03-25 04:00:00,23.3,27,0,12,2.138888888888889
2025-03-25 05:00:00,22.7,28,0,5,2.2222222222222223
2025-03-25 06:00:00,22.8,32,0,360,1.8611111111111112
2025-03-25 07:00:00,24.9,29,0,4,2.0
2025-03-25 08:00:00,28.1,24,0,19,1.5277777777777777
2025-03-25 09:00:00,31.2,20,0,51,1.2777777777777777
2025-03-25 10:00:00,34.0,16,0,98,1.0555555555555556
2025-03-25 11:00:00,35.7,12,0,102,0.7222222222222222
2025-03-25 12:00:00,36.7,11,0,13,0.6666666666666666
2025-03-25 13:00:00,37.3,10,0,353,1.25
2025-03-25 14:00:00,37.7,10,0,353,1.7222222222222223
2025-03-25 15:00:00,37.5,10,0,357,2.055555555555556
2025-03-25 16:00:00,36.9,11,0,346,1.8611111111111112
2025-03-25 17:00:00,36.3,11,0,285,1.5555555555555554
2025-03-25 18:00:00,33.4,14,0,200,1.611111111111111
2025-03-25 19:00:00,31.5,17,0,164,0.888888888888889
2025-03-25 20:00:00,30.4,20,0,187,3.083333333333333
2025-03-25 21:00:00,29.2,25,0,178,1.8611111111111112
2025-03-25 22:00:00,28.2,29,0,315,0.08333333333333333
2025-03-25 23:00:00,26.6,30,0,293,1.3055555555555556
2025-03-26 00:00:00,25.4,33,0,293,0.38888888888888884
2025-03-26 01:00:00,24.2,35,0,345,0.9722222222222222
2025-03-26 02:00:00,23.8,34,0,329,1.3333333333333333
2025-03-26 03:00:00,23.0,34,0,2,1.3611111111111112
2025-03-26 04:00:00,23.2,35,0,13,0.6666666666666666
2025-03-26 05:00:00,22.7,37,0,307,0.25
2025-03-26 06:00:00,21.8,44,0,288,1.0
2025-03-26 07:00:00,24.8,36,0,303,1.1944444444444444
2025-03-26 08:00:00,29.3,25,0,333,0.7777777777777777
2025-03-26 09:00:00,32.8,20,0,301,0.2777777777777778
2025-03-26 10:00:00,35.3,17,0,158,1.0833333333333333
2025-03-26 11:00:00,37.0,14,0,152,1.0833333333333333
2025-03-26 12:00:00,38.1,12,0,85,0.5555555555555556
2025-03-26 13:00:00,38.7,11,0,31,1.4444444444444444
2025-03-26 14:00:00,38.7,10,0,16,2.5
2025-03-26 15:00:00,38.4,10,0,3,3.416666666666667
2025-03-26 16:00:00,37.9,9,0,358,3.5
2025-03-26 17:00:00,37.4,10,0,360,2.75
2025-03-26 18:00:00,34.8,14,0,54,0.41666666666666663
2025-03-26 19:00:00,32.4,16,0,139,1.9166666666666667
2025-03-26 20:00:00,31.1,21,0,139,1.972222222222222
2025-03-26 21:00:00,30.8,20,0,159,2.638888888888889
2025-03-26 22:00:00,29.0,22,0,160,1.75
2025-03-26 23:00:00,28.5,23,0,199,1.8055555555555556
2025-03-27 00:00:00,26.9,25,0,349,1.3333333333333333
2025-03-27 01:00:00,26.7,26,0,317,1.6944444444444442
2025-03-27 02:00:00,24.6,32,0,214,1.0833333333333333
2025-03-27 03:00:00,24.6,34,0,292,0.2777777777777778
2025-03-27 04:00:00,24.2,34,0,259,0.5
2025-03-27 05:00:00,24.0,35,0,261,0.3055555555555556
2025-03-27 06:00:00,24.8,38,0,253,1.1944444444444444
2025-03-27 07:00:00,28.0,30,0,281,1.8888888888888888
2025-03-27 08:00:00,31.2,26,0,321,1.9166666666666667
2025-03-27 09:00:00,34.2,24,0,294,2.4722222222222223
2025-03-27 10:00:00,36.7,21,0,269,2.944444444444444
2025-03-27 11:00:00,38.3,17,0,275,2.75
2025-03-27 12:00:00,39.3,14,0,295,2.5277777777777777
2025-03-27 13:00:00,39.9,13,0,320,3.0277777777777777
2025-03-27 14:00:00,39.9,12,0,330,3.8055555555555554
2025-03-27 15:00:00,39.6,11,0,330,4.027777777777778
2025-03-27 16:00:00,38.9,10,0,328,3.9166666666666665
2025-03-27 17:00:00,38.0,11,0,297,2.5277777777777777
2025-03-27 18:00:00,35.4,14,0,209,1.6666666666666665
2025-03-27 19:00:00,34.5,15,0,284,2.7222222222222223
2025-03-27 20:00:00,33.6,16,0,325,3.416666666666667
2025-03-27 21:00:00,31.2,19,0,5,1.611111111111111
2025-03-27 22:00:00,30.1,22,0,70,1.0
2025-03-27 23:00:00,30.0,21,0,97,0.41666666666666663
2025-03-28 00:00:00,29.0,23,0,18,0.16666666666666666
2025-03-28 01:00:00,28.0,24,0,331,0.6388888888888888
2025-03-28 02:00:00,27.3,27,0,233,0.25
2025-03-28 03:00:00,26.5,27,0,288,0.4722222222222222
2025-03-28 04:00:00,25.9,29,0,10,1.1666666666666667
2025-03-28 05:00:00,26.0,31,0,345,0.7777777777777777
2025-03-28 06:00:00,27.4,31,0,338,2.5833333333333335
2025-03-28 07:00:00,28.7,30,0,304,2.1666666666666665
2025-03-28 08:00:00,31.6,26,0,326,2.6666666666666665
2025-03-28 09:00:00,34.5,22,0,343,3.6666666666666665
2025-03-28 10:00:00,37.3,18,0,355,3.9722222222222223
2025-03-28 11:00:00,39.1,14,0,1,3.0
2025-03-28 12:00:00,40.1,13,0,347,2.0
2025-03-28 13:00:00,40.6,12,0,326,2.1666666666666665
2025-03-28 14:00:00,40.6,12,0,324,2.7222222222222223
2025-03-28 15:00:00,40.3,12,0,331,2.5
2025-03-28 16:00:00,40.2,13,0,347,1.75
2025-03-28 17:00:00,39.3,13,1,74,2.138888888888889
2025-03-28 18:00:00,37.4,15,3,54,2.7777777777777777
2025-03-28 19:00:00,35.8,17,3,343,1.3611111111111112
2025-03-28 20:00:00,35.6,17,1,302,2.361111111111111
2025-03-28 21:00:00,32.9,21,1,330,1.5
2025-03-28 22:00:00,31.4,23,0,19,1.8055555555555556
2025-03-28 23:00:00,30.8,23,0,333,1.972222222222222
2025-03-29 00:00:00,30.4,24,0,333,3.194444444444444
2025-03-29 01:00:00,29.3,26,0,354,2.5555555555555554
2025-03-29 02:00:00,28.3,27,0,357,3.0
2025-03-29 03:00:00,27.4,29,0,2,3.3055555555555554
2025-03-29 04:00:00,26.6,30,0,4,3.0
2025-03-29 05:00:00,25.9,31,0,4,2.75
2025-03-29 06:00:00,26.0,33,0,6,2.972222222222222
2025-03-29 07:00:00,27.4,30,0,11,2.638888888888889
2025-03-29 08:00:00,29.7,25,0,27,3.2499999999999996
2025-03-29 09:00:00,32.5,20,0,36,3.0277777777777777
2025-03-29 10:00:00,35.3,16,0,46,2.833333333333333
2025-03-29 11:00:00,37.4,14,0,56,2.4166666666666665
2025-03-29 12:00:00,38.8,13,0,58,1.5277777777777777
2025-03-29 13:00:00,39.5,13,0,35,0.6111111111111112
2025-03-29 14:00:00,39.8,13,0,313,1.027777777777778
2025-03-29 15:00:00,39.7,13,0,318,2.5555555555555554
2025-03-29 16:00:00,38.5,14,0,326,4.388888888888889
2025-03-29 17:00:00,38.0,12,1,355,3.555555555555556
2025-03-29 18:00:00,36.0,19,0,225,0.2777777777777778
2025-03-29 19:00:00,36.1,14,1,254,3.638888888888889
2025-03-29 20:00:00,34.5,16,2,317,4.555555555555555
2025-03-29 21:00:00,33.3,16,0,2,5.111111111111111
2025-03-29 22:00:00,31.9,18,0,11,3.555555555555556
2025-03-29 23:00:00,30.3,19,0,353,3.6666666666666665
2025-03-30 00:00:00,29.4,19,0,6,3.416666666666667
2025-03-30 01:00:00,28.4,19,0,360,3.0555555555555554
2025-03-30 02:00:00,27.4,20,0,2,2.861111111111111
2025-03-30 03:00:00,26.6,21,0,5,2.5
2025-03-30 04:00:00,26.1,21,0,7,2.5277777777777777
2025-03-30 05:00:00,25.6,22,0,6,2.305555555555556
2025-03-30 06:00:00,25.6,25,0,22,1.1944444444444444
2025-03-30 07:00:00,27.4,21,0,55,1.3888888888888888
2025-03-30 08:00:00,29.7,17,0,68,2.0
2025-03-30 09:00:00,32.5,14,0,75,2.1666666666666665
2025-03-30 10:00:00,35.2,11,0,82,2.611111111111111
2025-03-30 11:00:00,37.2,10,0,89,2.361111111111111
2025-03-30 12:00:00,38.7,10,0,102,1.7222222222222223
2025-03-30 13:00:00,39.5,11,0,109,1.2222222222222223
2025-03-30 14:00:00,40.0,11,0,108,0.7777777777777777
2025-03-30 15:00:00,40.1,11,0,27,0.22222222222222224
2025-03-30 16:00:00,39.5,12,0,314,1.9444444444444444
2025-03-30 17:00:00,38.4,13,0,304,3.611111111111111
2025-03-30 18:00:00,35.5,18,0,307,1.0833333333333333
2025-03-30 19:00:00,34.5,19,0,52,0.8333333333333333
2025-03-30 20:00:00,33.0,19,0,99,1.6666666666666665
2025-03-30 21:00:00,31.3,23,0,174,1.5555555555555554
2025-03-30 22:00:00,30.7,24,0,6,1.5
2025-03-30 23:00:00,31.1,18,0,32,3.638888888888889
2025-03-31 00:00:00,30.0,18,0,35,3.333333333333333
2025-03-31 01:00:00,28.9,19,0,26,3.222222222222222
2025-03-31 02:00:00,27.6,21,0,13,2.611111111111111
2025-03-31 03:00:00,26.4,23,0,339,1.2777777777777777
2025-03-31 04:00:00,25.3,26,0,288,1.2777777777777777
2025-03-31 05:00:00,24.9,26,0,9,1.6666666666666665
2025-03-31 06:00:00,25.5,32,0,122,0.75
2025-03-31 07:00:00,28.1,20,0,5,1.75
2025-03-31 08:00:00,30.8,16,0,33,2.6666666666666665
2025-03-31 09:00:00,33.4,14,0,46,2.972222222222222
2025-03-31 10:00:00,35.9,15,0,61,2.388888888888889
2025-03-31 11:00:00,37.8,16,0,85,1.8055555555555556
2025-03-31 12:00:00,39.1,15,0,117,1.6666666666666665
2025-03-31 13:00:00,39.7,15,0,123,1.5555555555555554
2025-03-31 14:00:00,39.8,15,0,116,1.3888888888888888
2025-03-31 15:00:00,39.6,15,0,96,2.0
2025-03-31 16:00:00,39.6,14,2,138,1.5555555555555554
2025-03-31 17:00:00,39.0,15,3,177,2.6666666666666665
2025-03-31 18:00:00,36.4,21,1,148,3.333333333333333
2025-03-31 19:00:00,34.9,22,0,136,2.888888888888889
2025-03-31 20:00:00,34.0,23,0,118,2.833333333333333
2025-03-31 21:00:00,33.5,24,1,129,2.305555555555556
2025-03-31 22:00:00,32.0,28,0,173,0.8611111111111112
2025-03-31 23:00:00,31.2,29,0,265,0.5555555555555556
2025-04-01 00:00:00,30.7,29,1,338,2.0
2025-04-01 01:00:00,29.8,28,1,348,1.2222222222222223
2025-04-01 02:00:00,29.0,26,0,360,1.5
2025-04-01 03:00:00,28.8,22,3,25,3.083333333333333
2025-04-01 04:00:00,28.7,20,3,41,2.9166666666666665
2025-04-01 05:00:00,28.6,19,1,65,2.2222222222222223
2025-04-01 06:00:00,27.6,23,0,345,1.7222222222222223
2025-04-01 07:00:00,29.0,21,1,346,3.416666666666667
2025-04-01 08:00:00,31.4,18,0,7,3.888888888888889
2025-04-01 09:00:00,33.0,16,1,22,3.8333333333333335
2025-04-01 10:00:00,34.3,15,3,42,3.222222222222222
2025-04-01 11:00:00,35.3,15,3,62,2.5555555555555554
2025-04-01 12:00:00,37.3,16,1,61,1.8333333333333333
2025-04-01 13:00:00,38.2,17,2,23,1.4166666666666665
2025-04-01 14:00:00,38.0,17,3,5,1.6666666666666665
2025-04-01 15:00:00,37.6,17,2,351,2.2777777777777777
2025-04-01 16:00:00,37.2,18,0,354,3.0277777777777777
2025-04-01 17:00:00,36.5,19,1,346,3.861111111111111
2025-04-01 18:00:00,33.6,26,3,358,2.888888888888889
2025-04-01 19:00:00,32.9,29,1,346,3.194444444444444
2025-04-01 20:00:00,31.7,32,1,23,3.416666666666667
2025-04-01 21:00:00,30.9,35,2,50,2.2777777777777777
2025-04-01 22:00:00,30.0,40,0,90,0.3611111111111111
2025-04-01 23:00:00,29.2,40,1,297,0.5555555555555556
2025-04-02 00:00:00,28.9,40,1,338,1.4444444444444444
2025-04-02 01:00:00,28.1,43,0,340,1.1666666666666667
2025-04-02 02:00:00,27.7,44,3,309,2.0
2025-04-02 03:00:00,26.7,48,1,86,0.8055555555555555
2025-04-02 04:00:00,26.7,47,0,105,1.3333333333333333
2025-04-02 05:00:00,26.5,47,0,86,1.3611111111111112
2025-04-02 06:00:00,25.6,56,1,41,1.0555555555555556
2025-04-02 07:00:00,26.8,46,1,3,3.8055555555555554
2025-04-02 08:00:00,28.2,41,0,5,3.2499999999999996
2025-04-02 09:00:00,31.2,34,0,13,3.5277777777777777
2025-04-02 10:00:00,33.3,29,0,27,3.2777777777777777
2025-04-02 11:00:00,34.9,26,0,45,3.194444444444444
2025-04-02 12:00:00,36.2,24,0,51,2.7777777777777777
2025-04-02 13:00:00,36.7,23,0,53,2.0
2025-04-02 14:00:00,37.0,23,1,65,1.8888888888888888
2025-04-02 15:00:00,37.1,22,1,73,1.9166666666666667
2025-04-02 16:00:00,36.7,23,2,89,2.1944444444444446
2025-04-02 17:00:00,35.5,24,3,104,1.611111111111111
2025-04-02 18:00:00,29.5,48,1,125,1.5833333333333333
2025-04-02 19:00:00,29.9,51,0,236,0.16666666666666666
2025-04-02 20:00:00,29.6,47,0,9,0.3055555555555556
2025-04-02 21:00:00,29.6,46,1,34,0.7222222222222222
2025-04-02 22:00:00,29.2,46,1,36,0.8611111111111112
2025-04-02 23:00:00,28.8,48,2,11,0.5
2025-04-03 00:00:00,28.4,49,2,25,0.7222222222222222
2025-04-03 01:00:00,28.0,49,3,19,1.0555555555555556
2025-04-03 02:00:00,28.0,49,3,358,1.75
2025-04-03 03:00:00,27.2,51,1,22,1.1944444444444444
2025-04-03 04:00:00,26.7,55,3,32,0.4722222222222222
2025-04-03 05:00:00,26.6,53,0,60,2.0833333333333335
2025-04-03 06:00:00,25.1,57,51,53,2.138888888888889
2025-04-03 07:00:00,23.9,69,61,60,2.833333333333333
2025-04-03 08:00:00,25.3,59,2,24,3.0277777777777777
2025-04-03 09:00:00,28.4,48,2,33,2.305555555555556
2025-04-03 10:00:00,29.2,44,1,25,2.138888888888889
2025-04-03 11:00:00,31.9,37,2,77,2.25
2025-04-03 12:00:00,33.0,33,3,107,2.361111111111111
2025-04-03 13:00:00,33.2,32,3,121,3.083333333333333
2025-04-03 14:00:00,33.4,32,1,113,2.611111111111111
2025-04-03 15:00:00,33.4,33,1,105,2.3333333333333335
2025-04-03 16:00:00,32.9,34,3,109,2.3333333333333335
2025-04-03 17:00:00,31.6,37,3,20,0.5833333333333334
2025-04-03 18:00:00,30.0,49,2,320,1.777777777777778
2025-04-03 19:00:00,28.5,58,1,331,0.6388888888888888
2025-04-03 20:00:00,27.8,63,0,103,0.4722222222222222
2025-04-03 21:00:00,27.3,66,0,110,1.1666666666666667
2025-04-03 22:00:00,26.8,69,2,117,1.75
2025-04-03 23:00:00,26.3,70,1,135,1.1388888888888888
2025-04-04 00:00:00,25.5,73,1,135,0.9166666666666666
2025-04-04 01:00:00,25.4,72,3,180,0.38888888888888884
2025-04-04 02:00:00,25.2,72,3,151,0.5277777777777778
2025-04-04 03:00:00,25.1,72,3,163,0.8333333333333333
2025-04-04 04:00:00,24.8,74,3,132,0.6111111111111112
2025-04-04 05:00:00,24.3,75,2,146,1.3333333333333333
2025-04-04 06:00:00,24.0,78,2,34,0.16666666666666666
2025-04-04 07:00:00,25.5,69,2,231,0.7222222222222222
2025-04-04 08:00:00,27.2,62,0,220,0.8611111111111112
2025-04-04 09:00:00,29.6,54,0,231,0.9722222222222222
2025-04-04 10:00:00,31.8,46,0,262,1.1111111111111112
2025-04-04 11:00:00,33.8,39,0,297,1.1111111111111112
2025-04-04 12:00:00,35.4,31,0,330,2.0277777777777777
2025-04-04 13:00:00,36.3,26,0,333,2.638888888888889
2025-04-04 14:00:00,36.7,23,0,339,2.361111111111111
2025-04-04 15:00:00,36.9,20,0,348,2.4444444444444446
2025-04-04 16:00:00,36.6,19,0,7,2.4722222222222223
2025-04-04 17:00:00,35.9,19,0,30,2.0277777777777777
2025-04-04 18:00:00,32.9,29,1,37,1.75
2025-04-04 19:00:00,31.3,36,1,87,1.0
2025-04-04 20:00:00,30.2,40,1,189,2.5833333333333335
2025-04-04 21:00:00,29.4,51,1,270,0.1388888888888889
2025-04-04 22:00:00,28.4,49,0,54,0.6666666666666666
2025-04-04 23:00:00,27.8,48,0,297,0.3333333333333333
2025-04-05 00:00:00,26.8,50,0,229,1.6666666666666665
2025-04-05 01:00:00,26.8,52,0,240,1.9166666666666667
2025-04-05 02:00:00,25.4,57,0,351,0.3055555555555556
2025-04-05 03:00:00,24.1,65,0,90,0.6388888888888888
2025-04-05 04:00:00,23.6,69,0,270,0.0
2025-04-05 05:00:00,23.0,71,0,333,0.11111111111111112
2025-04-05 06:00:00,23.7,70,0,78,1.1666666666666667
2025-04-05 07:00:00,26.3,63,0,126,0.41666666666666663
2025-04-05 08:00:00,29.7,49,0,207,0.7777777777777777
2025-04-05 09:00:00,32.7,40,0,214,1.972222222222222
2025-04-05 10:00:00,35.2,32,0,221,2.7222222222222223
2025-04-05 11:00:00,36.7,25,1,231,2.138888888888889
2025-04-05 12:00:00,37.8,20,0,253,1.1944444444444444
2025-04-05 13:00:00,38.8,18,1,293,1.027777777777778
2025-04-05 14:00:00,38.9,17,1,305,1.75
2025-04-05 15:00:00,38.6,16,0,310,2.694444444444444
2025-04-05 16:00:00,37.8,14,0,288,2.111111111111111
2025-04-05 17:00:00,37.3,15,1,228,1.2777777777777777
2025-04-05 18:00:00,34.3,18,0,187,0.8611111111111112
2025-04-05 19:00:00,32.2,26,0,208,2.111111111111111
2025-04-05 20:00:00,29.5,32,0,288,1.472222222222222
2025-04-05 21:00:00,28.2,34,0,245,1.6666666666666665
2025-04-05 22:00:00,27.8,33,0,219,2.138888888888889
2025-04-05 23:00:00,28.7,30,0,213,2.972222222222222
2025-04-06 00:00:00,26.5,35,0,264,1.8611111111111112
2025-04-06 01:00:00,25.6,39,0,250,1.75
2025-04-06 02:00:00,24.0,45,0,308,1.3888888888888888
2025-04-06 03:00:00,22.8,50,0,315,1.6388888888888888
2025-04-06 04:00:00,22.7,45,0,316,1.9444444444444444
2025-04-06 05:00:00,23.0,40,0,318,2.1666666666666665
2025-04-06 06:00:00,24.2,42,0,332,1.472222222222222
2025-04-06 07:00:00,27.5,34,0,323,1.0833333333333333
2025-04-06 08:00:00,31.1,26,0,343,0.8333333333333333
2025-04-06 09:00:00,34.0,21,0,29,0.5277777777777778
2025-04-06 10:00:00,36.2,17,0,72,0.6388888888888888
2025-04-06 11:00:00,37.9,15,0,51,0.7222222222222222
2025-04-06 12:00:00,39.2,13,0,357,1.6666666666666665
2025-04-06 13:00:00,40.0,11,0,336,2.25
2025-04-06 14:00:00,40.4,10,0,333,3.194444444444444
2025-04-06 15:00:00,40.0,10,0,354,4.111111111111112
2025-04-06 16:00:00,39.8,9,0,25,3.9166666666666665
2025-04-06 17:00:00,39.0,10,1,44,4.166666666666667
2025-04-06 18:00:00,35.4,14,0,248,0.2777777777777778
2025-04-06 19:00:00,32.5,19,0,215,1.8888888888888888
2025-04-06 20:00:00,32.2,20,0,268,2.361111111111111
2025-04-06 21:00:00,30.3,25,0,74,0.3611111111111111
2025-04-06 22:00:00,29.4,23,0,82,1.472222222222222
2025-04-06 23:00:00,29.0,23,0,231,0.3333333333333333
2025-04-07 00:00:00,27.3,29,0,273,1.0
2025-04-07 01:00:00,27.1,41,0,315,0.1388888888888889
2025-04-07 02:00:00,26.2,34,0,108,0.4722222222222222
2025-04-07 03:00:00,25.2,36,0,345,0.5833333333333334
2025-04-07 04:00:00,23.8,40,0,6,1.3611111111111112
2025-04-07 05:00:00,23.6,39,0,40,2.1666666666666665
2025-04-07 06:00:00,23.4,53,0,315,0.2777777777777778
2025-04-07 07:00:00,26.6,42,0,304,1.4444444444444444
2025-04-07 08:00:00,30.7,29,0,330,1.1111111111111112
2025-04-07 09:00:00,34.3,23,0,97,1.1666666666666667
2025-04-07 10:00:00,36.7,19,0,135,1.4166666666666665
2025-04-07 11:00:00,38.9,15,0,187,0.8055555555555555
2025-04-07 12:00:00,40.2,12,1,4,0.75
2025-04-07 13:00:00,40.7,11,0,18,2.111111111111111
2025-04-07 14:00:00,40.8,11,0,16,2.861111111111111
2025-04-07 15:00:00,40.6,11,0,6,2.7777777777777777
2025-04-07 16:00:00,40.4,11,0,339,2.0833333333333335
2025-04-07 17:00:00,39.7,11,0,321,3.083333333333333
2025-04-07 18:00:00,36.0,14,0,244,1.5
2025-04-07 19:00:00,33.5,19,0,164,1.777777777777778
2025-04-07 20:00:00,33.3,21,0,172,2.7222222222222223
2025-04-07 21:00:00,31.5,23,0,234,1.3611111111111112
2025-04-07 22:00:00,30.3,27,0,288,0.3055555555555556
2025-04-07 23:00:00,28.8,30,0,270,0.888888888888889
2025-04-08 00:00:00,27.5,31,0,256,1.4444444444444444
2025-04-08 01:00:00,26.4,36,0,36,0.9166666666666666
2025-04-08 02:00:00,27.3,32,0,36,0.6666666666666666
2025-04-08 03:00:00,27.1,32,0,207,0.3333333333333333
2025-04-08 04:00:00,26.4,33,0,212,1.1111111111111112
2025-04-08 05:00:00,26.5,32,0,224,1.7222222222222223
2025-04-08 06:00:00,26.9,41,0,186,3.1111111111111107
2025-04-08 07:00:00,28.6,40,0,183,1.9444444444444444
2025-04-08 08:00:00,31.0,38,0,179,2.75
2025-04-08 09:00:00,33.0,34,0,182,3.555555555555556
2025-04-08 10:00:00,35.2,30,0,189,3.333333333333333
2025-04-08 11:00:00,37.3,26,0,203,3.1666666666666665
2025-04-08 12:00:00,38.9,21,1,215,2.694444444444444
2025-04-08 13:00:00,39.7,18,1,223,1.777777777777778
2025-04-08 14:00:00,40.4,16,1,288,0.4722222222222222
2025-04-08 15:00:00,40.2,15,1,138,0.75
2025-04-08 16:00:00,39.9,15,2,150,0.6944444444444444
2025-04-08 17:00:00,38.9,16,2,115,1.1666666666666667
2025-04-08 18:00:00,36.1,18,0,150,1.5
2025-04-08 19:00:00,33.7,25,0,178,3.638888888888889
2025-04-08 20:00:00,32.4,28,0,174,2.861111111111111
2025-04-08 21:00:00,32.0,27,0,176,2.055555555555556
2025-04-08 22:00:00,30.6,30,0,193,1.5277777777777777
2025-04-08 23:00:00,29.6,32,0,222,1.4166666666666665
2025-04-09 00:00:00,30.0,31,0,207,3.4722222222222223
2025-04-09 01:00:00,28.4,36,0,177,1.0555555555555556
2025-04-09 02:00:00,28.0,36,0,27,1.777777777777778
2025-04-09 03:00:00,26.9,41,0,297,0.4444444444444445
2025-04-09 04:00:00,26.1,46,0,315,0.2777777777777778
2025-04-09 05:00:00,26.3,43,0,150,1.972222222222222
2025-04-09 06:00:00,27.0,58,1,180,1.4444444444444444
2025-04-09 07:00:00,28.6,53,0,160,1.6388888888888888
2025-04-09 08:00:00,30.8,47,0,178,2.611111111111111
2025-04-09 09:00:00,32.8,42,0,204,2.4722222222222223
2025-04-09 10:00:00,34.9,36,0,213,2.4444444444444446
2025-04-09 11:00:00,37.0,30,0,222,3.0555555555555554
2025-04-09 12:00:00,38.6,24,2,239,2.5555555555555554
2025-04-09 13:00:00,39.6,20,2,356,3.555555555555556
2025-04-09 14:00:00,36.6,21,3,351,4.416666666666667
2025-04-09 15:00:00,37.6,19,3,335,3.2499999999999996
2025-04-09 16:00:00,38.0,16,2,347,3.2499999999999996
2025-04-09 17:00:00,37.7,16,0,329,1.5555555555555554
2025-04-09 18:00:00,35.4,20,0,27,2.111111111111111
2025-04-09 19:00:00,33.7,23,0,30,1.2222222222222223
2025-04-09 20:00:00,33.7,23,0,346,0.41666666666666663
2025-04-09 21:00:00,32.0,26,0,252,0.16666666666666666
2025-04-09 22:00:00,30.9,27,0,267,1.0555555555555556
2025-04-09 23:00:00,29.6,30,0,185,1.0555555555555556
2025-04-10 00:00:00,29.0,31,1,204,2.25
2025-04-10 01:00:00,29.6,30,1,198,2.5277777777777777
2025-04-10 02:00:00,29.4,34,0,196,2.9166666666666665
2025-04-10 03:00:00,28.8,36,0,204,3.1111111111111107
2025-04-10 04:00:00,28.2,40,1,209,3.2499999999999996
2025-04-10 05:00:00,27.2,45,0,293,1.5277777777777777
2025-04-10 06:00:00,26.1,51,0,246,0.9722222222222222
2025-04-10 07:00:00,28.7,42,0,322,0.8333333333333333
2025-04-10 08:00:00,31.7,36,0,258,1.472222222222222
2025-04-10 09:00:00,34.4,33,0,246,3.861111111111111
2025-04-10 10:00:00,36.7,27,0,247,4.694444444444444
2025-04-10 11:00:00,38.5,21,0,253,4.138888888888889
2025-04-10 12:00:00,39.8,17,1,271,3.75
2025-04-10 13:00:00,39.2,16,2,296,5.0
2025-04-10 14:00:00,39.9,14,0,301,3.6666666666666665
2025-04-10 15:00:00,40.6,13,0,309,2.8055555555555554
2025-04-10 16:00:00,40.2,13,2,319,3.4444444444444446
2025-04-10 17:00:00,39.3,14,3,330,2.388888888888889
2025-04-10 18:00:00,32.7,25,1,104,3.194444444444444
2025-04-10 19:00:00,31.9,28,1,99,1.2777777777777777
2025-04-10 20:00:00,31.4,31,1,152,0.9722222222222222
2025-04-10 21:00:00,31.1,30,1,197,0.8333333333333333
2025-04-10 22:00:00,30.2,32,0,270,1.25
2025-04-10 23:00:00,29.2,34,1,272,1.4444444444444444
2025-04-11 00:00:00,29.3,31,1,238,2.25
2025-04-11 01:00:00,29.8,29,1,224,3.5833333333333335
2025-04-11 02:00:00,28.2,34,0,230,0.7777777777777777
2025-04-11 03:00:00,26.7,37,0,32,1.1111111111111112
2025-04-11 04:00:00,26.0,41,3,354,0.9166666666666666
2025-04-11 05:00:00,26.3,40,2,43,1.25
2025-04-11 06:00:00,25.9,46,0,17,1.5277777777777777
2025-04-11 07:00:00,28.0,40,0,52,1.3888888888888888
2025-04-11 08:00:00,30.5,35,0,71,1.3888888888888888
2025-04-11 09:00:00,33.2,30,0,107,1.0555555555555556
2025-04-11 10:00:00,36.0,24,0,162,0.16666666666666666
2025-04-11 11:00:00,38.3,17,1,330,1.972222222222222
2025-04-11 12:00:00,39.4,13,0,338,2.2777777777777777
2025-04-11 13:00:00,40.9,10,1,9,1.2222222222222223
2025-04-11 14:00:00,41.7,9,1,310,3.333333333333333
2025-04-11 15:00:00,40.6,9,3,302,5.583333333333334
2025-04-11 16:00:00,39.4,10,1,291,5.138888888888888
2025-04-11 17:00:00,38.4,11,0,287,4.916666666666666
2025-04-11 18:00:00,36.8,12,1,286,4.166666666666667
2025-04-11 19:00:00,35.8,13,0,294,4.222222222222222
2025-04-11 20:00:00,33.6,16,0,303,3.4722222222222223
2025-04-11 21:00:00,31.4,19,0,317,2.055555555555556
2025-04-11 22:00:00,30.2,21,0,320,1.5555555555555554
2025-04-11 23:00:00,29.5,22,0,300,2.138888888888889
2025-04-12 00:00:00,29.0,23,0,292,2.2777777777777777
2025-04-12 01:00:00,27.4,26,0,300,1.611111111111111
2025-04-12 02:00:00,27.1,27,1,270,0.5555555555555556
2025-04-12 03:00:00,26.9,29,3,198,0.7777777777777777
2025-04-12 04:00:00,27.2,28,1,274,1.4444444444444444
2025-04-12 05:00:00,26.9,27,0,305,2.861111111111111
2025-04-12 06:00:00,28.5,30,0,288,3.333333333333333
2025-04-12 07:00:00,30.8,28,0,299,1.8888888888888888
2025-04-12 08:00:00,32.5,29,0,296,3.0555555555555554
2025-04-12 09:00:00,34.1,29,0,301,3.3888888888888884
2025-04-12 10:00:00,36.1,25,0,319,2.833333333333333
2025-04-12 11:00:00,35.2,21,51,229,5.027777777777778
2025-04-12 12:00:00,36.0,21,1,293,2.4444444444444446
2025-04-12 13:00:00,37.9,17,1,263,3.5833333333333335
2025-04-12 14:00:00,38.9,15,1,274,4.305555555555555
2025-04-12 15:00:00,38.4,14,1,280,6.25
2025-04-12 16:00:00,37.1,17,1,286,4.416666666666667
2025-04-12 17:00:00,36.8,18,1,263,1.9166666666666667
2025-04-12 18:00:00,35.6,16,0,291,5.638888888888889
2025-04-12 19:00:00,34.2,19,1,288,3.5277777777777777
2025-04-12 20:00:00,32.7,21,0,296,2.4444444444444446
2025-04-12 21:00:00,31.4,23,0,305,2.25
2025-04-12 22:00:00,30.0,25,0,313,1.777777777777778
2025-04-12 23:00:00,29.2,26,0,312,1.8055555555555556
2025-04-13 00:00:00,28.0,29,0,282,1.472222222222222
2025-04-13 01:00:00,27.3,32,0,328,1.8055555555555556
2025-04-13 02:00:00,26.5,34,0,333,2.4166666666666665
2025-04-13 03:00:00,25.9,37,0,333,2.8055555555555554
2025-04-13 04:00:00,25.5,38,0,325,3.3611111111111107
2025-04-13 05:00:00,25.3,39,0,343,2.7222222222222223
2025-04-13 06:00:00,26.1,40,0,342,2.25
2025-04-13 07:00:00,28.4,35,0,342,1.4166666666666665
2025-04-13 08:00:00,31.9,27,0,11,1.5833333333333333
2025-04-13 09:00:00,34.7,22,0,75,1.7222222222222223
2025-04-13 10:00:00,36.8,19,0,122,1.6944444444444442
2025-04-13 11:00:00,38.4,16,0,149,1.4444444444444444
2025-04-13 12:00:00,39.2,13,1,145,0.7777777777777777
2025-04-13 13:00:00,39.7,12,0,162,0.4722222222222222
2025-04-13 14:00:00,40.4,11,1,317,0.8055555555555555
2025-04-13 15:00:00,39.9,11,0,314,2.888888888888889
2025-04-13 16:00:00,39.2,10,0,295,4.527777777777778
2025-04-13 17:00:00,38.0,10,1,283,4.916666666666666
2025-04-13 18:00:00,36.3,16,2,262,0.6944444444444444
2025-04-13 19:00:00,34.6,17,1,157,1.4166666666666665
2025-04-13 20:00:00,33.0,23,3,153,1.5277777777777777
2025-04-13 21:00:00,32.0,25,0,266,0.6388888888888888
2025-04-13 22:00:00,30.6,27,1,265,1.0555555555555556
2025-04-13 23:00:00,29.4,31,1,227,0.8055555555555555
2025-04-14 00:00:00,28.3,32,0,256,1.4444444444444444
2025-04-14 01:00:00,27.3,36,0,273,0.8611111111111112
2025-04-14 02:00:00,26.8,37,0,6,0.4444444444444445
2025-04-14 03:00:00,26.1,38,0,324,1.611111111111111
2025-04-14 04:00:00,24.9,39,0,41,1.1388888888888888
2025-04-14 05:00:00,25.1,41,0,270,0.11111111111111112
2025-04-14 06:00:00,26.0,39,0,305,2.0
2025-04-14 07:00:00,28.5,33,0,5,1.0555555555555556
2025-04-14 08:00:00,31.6,25,0,38,1.2222222222222223
2025-04-14 09:00:00,34.2,21,0,71,0.888888888888889
2025-04-14 10:00:00,36.3,18,0,18,0.4722222222222222
2025-04-14 11:00:00,37.8,16,0,328,0.75
2025-04-14 12:00:00,39.0,15,1,306,1.5277777777777777
2025-04-14 13:00:00,39.6,14,0,298,3.0
2025-04-14 14:00:00,40.0,14,1,299,4.055555555555555
2025-04-14 15:00:00,40.0,13,1,294,3.5
2025-04-14 16:00:00,39.6,13,1,308,3.6944444444444446
2025-04-14 17:00:00,38.2,14,0,319,4.527777777777778
2025-04-14 18:00:00,33.9,25,1,121,5.194444444444444
2025-04-14 19:00:00,33.1,24,0,154,1.5
2025-04-14 20:00:00,31.6,28,0,163,1.1944444444444444
2025-04-14 21:00:00,30.6,30,0,154,1.2777777777777777
2025-04-14 22:00:00,29.7,35,0,139,1.1388888888888888
2025-04-14 23:00:00,28.9,37,0,140,1.3055555555555556
2025-04-15 00:00:00,28.8,37,0,185,2.25
2025-04-15 01:00:00,28.8,36,1,190,2.2222222222222223
2025-04-15 02:00:00,28.2,38,0,194,1.8611111111111112
2025-04-15 03:00:00,27.6,40,1,167,2.1666666666666665
2025-04-15 04:00:00,27.2,42,0,198,2.7222222222222223
2025-04-15 05:00:00,26.3,45,1,197,0.5277777777777778
2025-04-15 06:00:00,27.9,41,0,97,2.0277777777777777
2025-04-15 07:00:00,29.6,38,0,116,2.611111111111111
2025-04-15 08:00:00,31.3,36,0,138,2.4722222222222223
2025-04-15 09:00:00,33.5,32,0,158,2.5277777777777777
2025-04-15 10:00:00,36.1,26,0,172,2.0833333333333335
2025-04-15 11:00:00,38.2,20,0,170,1.7222222222222223
2025-04-15 12:00:00,39.3,17,0,150,1.0
2025-04-15 13:00:00,40.5,15,0,83,0.41666666666666663
2025-04-15 14:00:00,40.9,14,1,333,0.5555555555555556
2025-04-15 15:00:00,40.7,14,1,295,2.111111111111111
2025-04-15 16:00:00,39.8,15,1,294,3.5
2025-04-15 17:00:00,39.0,15,0,285,3.222222222222222
2025-04-15 18:00:00,36.8,18,0,243,1.1111111111111112
2025-04-15 19:00:00,34.5,22,0,148,0.9444444444444444
2025-04-15 20:00:00,33.9,23,0,152,1.6944444444444442
2025-04-15 21:00:00,32.2,28,0,102,1.2222222222222223
2025-04-15 22:00:00,31.3,31,0,270,0.38888888888888884
2025-04-15 23:00:00,30.7,32,0,173,0.8611111111111112
2025-04-16 00:00:00,30.5,32,0,138,2.944444444444444
2025-04-16 01:00:00,29.4,38,0,174,3.0555555555555554
2025-04-16 02:00:00,28.0,46,0,168,2.1944444444444446
2025-04-16 03:00:00,27.2,53,0,155,2.638888888888889
2025-04-16 04:00:00,26.6,58,0,155,2.25
2025-04-16 05:00:00,26.0,63,0,151,3.083333333333333
2025-04-16 06:00:00,25.8,63,0,160,1.75
2025-04-16 07:00:00,27.1,60,0,177,2.0
2025-04-16 08:00:00,29.2,55,0,187,2.4166666666666665
2025-04-16 09:00:00,31.7,47,0,196,2.2222222222222223
2025-04-16 10:00:00,34.2,39,0,198,2.111111111111111
2025-04-16 11:00:00,36.5,31,0,198,2.361111111111111
2025-04-16 12:00:00,38.1,27,0,200,2.3333333333333335
2025-04-16 13:00:00,39.2,23,2,262,1.1111111111111112
2025-04-16 14:00:00,39.1,22,1,301,1.6388888888888888
2025-04-16 15:00:00,39.0,20,0,323,2.1666666666666665
2025-04-16 16:00:00,39.0,19,1,335,2.694444444444444
2025-04-16 17:00:00,38.3,18,1,328,2.944444444444444
2025-04-16 18:00:00,36.5,23,1,319,0.9166666666666666
2025-04-16 19:00:00,35.6,26,1,90,0.05555555555555556
2025-04-16 20:00:00,34.3,28,0,105,2.1666666666666665
2025-04-16 21:00:00,33.2,33,0,110,1.9166666666666667
2025-04-16 22:00:00,31.5,37,0,177,0.9444444444444444
2025-04-16 23:00:00,30.8,39,0,203,1.5277777777777777
2025-04-17 00:00:00,30.7,38,0,188,2.5833333333333335
2025-04-17 01:00:00,30.2,39,0,194,3.4444444444444446
2025-04-17 02:00:00,29.4,42,1,202,3.3888888888888884
2025-04-17 03:00:00,29.1,45,3,203,3.638888888888889
2025-04-17 04:00:00,29.0,47,1,204,3.0277777777777777
2025-04-17 05:00:00,27.8,53,1,117,0.5555555555555556
2025-04-17 06:00:00,28.3,60,0,169,2.4444444444444446
2025-04-17 07:00:00,29.5,57,0,188,2.5277777777777777
2025-04-17 08:00:00,31.5,49,0,194,3.194444444444444
2025-04-17 09:00:00,33.8,42,0,196,3.888888888888889
2025-04-17 10:00:00,35.7,36,0,202,3.7222222222222223
2025-04-17 11:00:00,37.8,30,1,210,3.083333333333333
2025-04-17 12:00:00,38.9,23,1,281,1.5277777777777777
2025-04-17 13:00:00,39.7,20,1,306,1.7222222222222223
2025-04-17 14:00:00,40.5,18,1,337,1.8055555555555556
2025-04-17 15:00:00,40.3,17,0,6,2.5555555555555554
2025-04-17 16:00:00,39.9,17,0,33,2.2777777777777777
2025-04-17 17:00:00,39.5,18,0,36,0.8611111111111112
2025-04-17 18:00:00,37.0,21,1,246,1.0833333333333333
2025-04-17 19:00:00,35.5,25,0,219,0.7222222222222222
2025-04-17 20:00:00,34.5,25,0,197,2.0277777777777777
2025-04-17 21:00:00,33.1,30,0,203,0.75
2025-04-17 22:00:00,32.6,30,0,283,0.4722222222222222
2025-04-17 23:00:00,31.4,31,0,265,1.25
2025-04-18 00:00:00,31.0,31,0,215,2.0833333333333335
2025-04-18 01:00:00,29.6,35,0,191,1.2777777777777777
2025-04-18 02:00:00,29.5,35,0,256,0.6111111111111112
2025-04-18 03:00:00,28.4,36,0,185,1.1111111111111112
2025-04-18 04:00:00,27.5,40,0,195,1.3333333333333333
2025-04-18 05:00:00,27.3,41,1,198,1.472222222222222
2025-04-18 06:00:00,28.6,44,0,212,2.25
2025-04-18 07:00:00,30.8,39,0,202,1.4444444444444444
2025-04-18 08:00:00,33.8,34,0,197,1.8333333333333333
2025-04-18 09:00:00,36.5,29,0,208,2.3333333333333335
2025-04-18 10:00:00,38.7,23,0,222,2.2222222222222223
2025-04-18 11:00:00,40.4,18,1,228,1.3333333333333333
2025-04-18 12:00:00,41.4,16,0,207,0.4444444444444445
2025-04-18 13:00:00,42.0,15,2,330,1.2222222222222223
2025-04-18 14:00:00,42.1,14,1,335,2.2222222222222223
2025-04-18 15:00:00,41.4,15,1,322,2.4166666666666665
2025-04-18 16:00:00,41.2,15,1,288,1.8888888888888888
2025-04-18 17:00:00,40.2,16,1,269,2.111111111111111
2025-04-18 18:00:00,39.1,17,0,306,2.7222222222222223
2025-04-18 19:00:00,37.1,21,0,275,1.1666666666666667
2025-04-18 20:00:00,35.5,23,0,220,0.38888888888888884
2025-04-18 21:00:00,33.8,25,0,186,1.3611111111111112
2025-04-18 22:00:00,32.7,29,0,196,2.3333333333333335
2025-04-18 23:00:00,31.7,30,0,199,2.1666666666666665
2025-04-19 00:00:00,31.0,32,0,222,2.305555555555556
2025-04-19 01:00:00,30.5,32,0,216,2.138888888888889
2025-04-19 02:00:00,30.0,33,0,198,2.833333333333333
2025-04-19 03:00:00,29.3,35,0,209,2.694444444444444
2025-04-19 04:00:00,28.7,37,1,215,3.194444444444444
2025-04-19 05:00:00,28.4,39,0,223,3.083333333333333
2025-04-19 06:00:00,29.4,41,2,215,2.3333333333333335
2025-04-19 07:00:00,31.2,37,0,216,2.2222222222222223
2025-04-19 08:00:00,34.5,27,0,231,2.1944444444444446
2025-04-19 09:00:00,37.3,19,0,263,1.9166666666666667
2025-04-19 10:00:00,39.6,15,0,295,2.2222222222222223
2025-04-19 11:00:00,40.9,14,0,311,3.4444444444444446
2025-04-19 12:00:00,42.7,11,0,320,3.2777777777777777
2025-04-19 13:00:00,43.4,11,0,332,3.8333333333333335
2025-04-19 14:00:00,43.1,11,2,315,4.277777777777778
2025-04-19 15:00:00,42.4,11,0,295,4.638888888888888
2025-04-19 16:00:00,42.4,11,0,306,4.111111111111112
2025-04-19 17:00:00,41.5,11,1,319,3.7777777777777777
2025-04-19 18:00:00,39.3,12,0,303,2.8055555555555554
2025-04-19 19:00:00,37.6,14,0,305,4.583333333333333
2025-04-19 20:00:00,36.3,16,0,329,2.5
2025-04-19 21:00:00,34.8,18,0,79,2.611111111111111
2025-04-19 22:00:00,33.4,23,0,315,0.08333333333333333
2025-04-19 23:00:00,31.9,25,0,102,0.9722222222222222
2025-04-20 00:00:00,31.0,30,0,151,1.777777777777778
2025-04-20 01:00:00,29.2,36,0,160,1.1666666666666667
2025-04-20 02:00:00,28.9,37,0,326,0.5277777777777778
2025-04-20 03:00:00,28.4,34,0,333,1.3333333333333333
2025-04-20 04:00:00,28.1,31,0,342,1.472222222222222
2025-04-20 05:00:00,28.0,30,0,357,1.8888888888888888
2025-04-20 06:00:00,29.5,29,0,333,1.972222222222222
2025-04-20 07:00:00,32.3,24,0,301,1.75
2025-04-20 08:00:00,35.3,18,0,339,2.75
2025-04-20 09:00:00,37.4,15,0,348,3.1666666666666665
2025-04-20 10:00:00,39.0,14,0,353,2.833333333333333
2025-04-20 11:00:00,40.5,13,0,347,2.0
2025-04-20 12:00:00,41.5,12,0,328,1.5833333333333333
2025-04-20 13:00:00,42.3,12,0,314,1.9444444444444444
2025-04-20 14:00:00,43.0,11,2,304,3.3055555555555554
2025-04-20 15:00:00,42.1,12,1,300,5.305555555555556
2025-04-20 16:00:00,40.9,12,1,299,4.305555555555555
2025-04-20 17:00:00,41.2,12,0,295,2.0277777777777777
2025-04-20 18:00:00,38.4,17,0,207,0.11111111111111112
2025-04-20 19:00:00,35.8,17,0,153,1.3333333333333333
2025-04-20 20:00:00,35.2,19,0,286,0.3611111111111111
2025-04-20 21:00:00,33.4,20,0,292,1.5555555555555554
2025-04-20 22:00:00,33.5,21,0,307,2.638888888888889
2025-04-20 23:00:00,32.5,23,0,313,1.777777777777778
2025-04-21 00:00:00,31.4,26,0,291,1.7222222222222223
2025-04-21 01:00:00,30.5,28,0,297,1.777777777777778
2025-04-21 02:00:00,29.3,31,0,296,1.3888888888888888
2025-04-21 03:00:00,28.5,33,0,267,0.888888888888889
2025-04-21 04:00:00,27.6,34,0,287,1.3611111111111112
2025-04-21 05:00:00,27.8,31,0,291,1.9444444444444444
2025-04-21 06:00:00,28.6,35,0,251,0.888888888888889
2025-04-21 07:00:00,31.4,26,0,256,0.6111111111111112
2025-04-21 08:00:00,34.1,21,0,315,1.1388888888888888
2025-04-21 09:00:00,36.8,17,0,341,1.8055555555555556
2025-04-21 10:00:00,38.9,14,0,351,1.972222222222222
2025-04-21 11:00:00,40.5,13,0,345,1.5555555555555554
2025-04-21 12:00:00,41.7,12,0,326,1.4444444444444444
2025-04-21 13:00:00,42.5,11,2,312,2.1666666666666665
2025-04-21 14:00:00,42.7,11,0,313,3.3611111111111107
2025-04-21 15:00:00,42.1,11,0,315,4.666666666666667
2025-04-21 16:00:00,41.3,11,0,315,4.666666666666667
2025-04-21 17:00:00,40.8,10,0,300,2.7222222222222223
2025-04-21 18:00:00,38.9,12,0,277,2.861111111111111
2025-04-21 19:00:00,37.5,14,0,284,2.7777777777777777
2025-04-21 20:00:00,34.8,16,0,292,1.5555555555555554
2025-04-21 21:00:00,33.4,19,0,332,1.3611111111111112
2025-04-21 22:00:00,32.3,21,0,312,1.4166666666666665
2025-04-21 23:00:00,31.3,24,0,334,1.3888888888888888
2025-04-22 00:00:00,30.6,25,0,327,1.5555555555555554
2025-04-22 01:00:00,29.7,26,0,301,1.2777777777777777
2025-04-22 02:00:00,28.9,26,0,341,1.5277777777777777
2025-04-22 03:00:00,29.2,23,0,344,2.388888888888889
2025-04-22 04:00:00,28.1,24,0,341,1.972222222222222
2025-04-22 05:00:00,27.5,25,0,330,1.7222222222222223
2025-04-22 06:00:00,28.5,30,0,279,0.9722222222222222
2025-04-22 07:00:00,31.2,23,0,246,0.5
2025-04-22 08:00:00,34.3,19,0,146,0.3611111111111111
2025-04-22 09:00:00,37.4,14,0,78,1.4444444444444444
2025-04-22 10:00:00,39.7,10,0,65,1.777777777777778
2025-04-22 11:00:00,41.1,9,0,63,1.2222222222222223
2025-04-22 12:00:00,42.1,9,0,56,0.3611111111111111
2025-04-22 13:00:00,42.8,9,0,348,0.7222222222222222
2025-04-22 14:00:00,43.3,9,0,343,1.4166666666666665
2025-04-22 15:00:00,43.3,9,0,330,2.4166666666666665
2025-04-22 16:00:00,42.6,9,0,323,4.0
2025-04-22 17:00:00,41.4,9,0,314,4.583333333333333
2025-04-22 18:00:00,38.3,14,0,221,1.0
2025-04-22 19:00:00,36.1,15,0,170,1.472222222222222
2025-04-22 20:00:00,34.9,18,0,212,1.4166666666666665
2025-04-22 21:00:00,33.6,20,0,292,1.3333333333333333
2025-04-22 22:00:00,33.7,17,0,336,2.0833333333333335
2025-04-22 23:00:00,32.3,19,0,300,1.7222222222222223
2025-04-23 00:00:00,30.2,23,0,289,1.3888888888888888
2025-04-23 01:00:00,29.0,25,0,300,1.2222222222222223
2025-04-23 02:00:00,28.1,27,0,328,1.3055555555555556
2025-04-23 03:00:00,27.8,28,0,300,1.1111111111111112
2025-04-23 04:00:00,27.0,30,0,240,1.3888888888888888
2025-04-23 05:00:00,26.5,33,0,27,0.5555555555555556
2025-04-23 06:00:00,28.5,30,0,242,1.6944444444444442
2025-04-23 07:00:00,31.8,23,0,246,2.0833333333333335
2025-04-23 08:00:00,35.4,16,0,270,1.611111111111111
2025-04-23 09:00:00,38.2,13,0,233,0.75
2025-04-23 10:00:00,40.2,10,0,164,0.9444444444444444
2025-04-23 11:00:00,41.6,9,0,167,1.0833333333333333
2025-04-23 12:00:00,42.6,9,0,185,1.1666666666666667
2025-04-23 13:00:00,43.4,8,0,233,1.3333333333333333
2025-04-23 14:00:00,43.6,8,0,284,3.194444444444444
2025-04-23 15:00:00,42.3,9,0,305,6.499999999999999
2025-04-23 16:00:00,41.6,9,0,309,6.138888888888889
2025-04-23 17:00:00,41.3,9,0,295,4.027777777777778
2025-04-23 18:00:00,39.8,10,0,272,2.638888888888889
2025-04-23 19:00:00,36.9,13,0,189,1.972222222222222
2025-04-23 20:00:00,35.7,14,0,290,2.0833333333333335
2025-04-23 21:00:00,33.9,17,0,354,0.9166666666666666
2025-04-23 22:00:00,33.0,17,0,330,1.7222222222222223
2025-04-23 23:00:00,32.1,16,0,291,1.7222222222222223
2025-04-24 00:00:00,30.8,18,0,282,0.7222222222222222
2025-04-24 01:00:00,29.6,20,0,295,0.8333333333333333
2025-04-24 02:00:00,28.2,23,0,309,1.027777777777778
2025-04-24 03:00:00,27.8,23,0,275,0.6111111111111112
2025-04-24 04:00:00,26.3,26,0,222,1.2777777777777777
2025-04-24 05:00:00,25.9,26,0,272,1.3055555555555556
2025-04-24 06:00:00,28.5,27,0,273,1.1111111111111112
2025-04-24 07:00:00,32.2,19,0,298,1.0833333333333333
2025-04-24 08:00:00,35.8,12,0,287,0.8333333333333333
2025-04-24 09:00:00,38.2,11,0,63,0.6666666666666666
2025-04-24 10:00:00,40.3,8,0,90,1.6388888888888888
2025-04-24 11:00:00,41.5,7,0,95,1.25
2025-04-24 12:00:00,42.4,7,0,99,0.6666666666666666
2025-04-24 13:00:00,43.4,7,0,11,0.7777777777777777
2025-04-24 14:00:00,43.7,8,1,320,3.7222222222222223
2025-04-24 15:00:00,42.7,8,0,306,6.111111111111111
2025-04-24 16:00:00,41.1,9,0,303,6.111111111111111
2025-04-24 17:00:00,41.2,8,0,276,3.9166666666666665
2025-04-24 18:00:00,38.3,12,1,227,1.027777777777778
2025-04-24 19:00:00,36.3,12,3,54,1.2777777777777777
2025-04-24 20:00:00,36.6,12,0,327,1.7222222222222223
2025-04-24 21:00:00,34.9,14,0,297,2.9166666666666665
2025-04-24 22:00:00,32.6,17,0,292,1.4444444444444444
2025-04-24 23:00:00,32.0,18,0,297,1.6388888888888888
2025-04-25 00:00:00,30.5,22,0,246,1.0833333333333333
2025-04-25 01:00:00,29.1,25,0,167,1.0833333333333333
2025-04-25 02:00:00,29.3,27,0,254,0.3611111111111111
2025-04-25 03:00:00,28.2,27,0,283,1.3333333333333333
2025-04-25 04:00:00,27.4,29,0,272,1.3888888888888888
2025-04-25 05:00:00,27.3,32,0,243,0.22222222222222224
2025-04-25 06:00:00,29.2,41,0,221,0.4722222222222222
2025-04-25 07:00:00,31.6,30,0,165,0.9722222222222222
2025-04-25 08:00:00,34.1,32,0,213,1.3611111111111112
2025-04-25 09:00:00,36.9,26,0,222,1.8055555555555556
2025-04-25 10:00:00,39.6,17,0,260,1.1111111111111112
2025-04-25 11:00:00,41.6,11,0,347,0.6666666666666666
2025-04-25 12:00:00,42.5,10,0,13,1.5833333333333333
2025-04-25 13:00:00,43.4,9,1,1,2.944444444444444
2025-04-25 14:00:00,42.5,10,2,329,3.5
2025-04-25 15:00:00,42.0,9,3,291,4.5
2025-04-25 16:00:00,41.6,10,1,283,4.805555555555555
2025-04-25 17:00:00,41.4,9,1,271,4.111111111111112
2025-04-25 18:00:00,39.0,12,1,358,1.1388888888888888
2025-04-25 19:00:00,37.1,14,0,330,1.1111111111111112
2025-04-25 20:00:00,35.1,16,1,315,1.5555555555555554
2025-04-25 21:00:00,35.1,26,0,315,0.2777777777777778
2025-04-25 22:00:00,32.9,20,0,203,0.75
2025-04-25 23:00:00,32.8,20,0,179,3.861111111111111
2025-04-26 00:00:00,33.3,24,0,194,3.8055555555555554
2025-04-26 01:00:00,32.2,26,2,205,3.9166666666666665
2025-04-26 02:00:00,32.2,28,0,206,4.388888888888889
2025-04-26 03:00:00,31.1,31,0,214,4.055555555555555
2025-04-26 04:00:00,30.3,32,0,230,3.7222222222222223
2025-04-26 05:00:00,29.8,30,0,253,2.5277777777777777
2025-04-26 06:00:00,31.1,36,0,281,2.388888888888889
2025-04-26 07:00:00,33.1,30,0,288,1.3055555555555556
2025-04-26 08:00:00,35.8,25,0,274,1.3055555555555556
2025-04-26 09:00:00,38.4,19,0,306,1.2777777777777777
2025-04-26 10:00:00,39.8,16,0,316,1.4444444444444444
2025-04-26 11:00:00,40.7,15,1,328,1.777777777777778
2025-04-26 12:00:00,41.3,15,1,310,1.8888888888888888
2025-04-26 13:00:00,41.0,15,1,310,2.5555555555555554
2025-04-26 14:00:00,41.1,15,2,308,2.7777777777777777
2025-04-26 15:00:00,39.6,16,1,317,4.277777777777778
2025-04-26 16:00:00,39.1,17,0,320,3.7222222222222223
2025-04-26 17:00:00,39.2,16,1,318,2.305555555555556
2025-04-26 18:00:00,35.7,20,2,66,1.472222222222222
2025-04-26 19:00:00,35.1,25,2,144,3.2777777777777777
2025-04-26 20:00:00,34.7,25,3,142,1.777777777777778
2025-04-26 21:00:00,34.2,29,2,225,0.3611111111111111
2025-04-26 22:00:00,33.5,28,2,333,2.5277777777777777
2025-04-26 23:00:00,32.9,32,3,270,0.25
2025-04-27 00:00:00,32.2,31,2,170,1.1111111111111112
2025-04-27 01:00:00,31.6,31,1,141,1.2777777777777777
2025-04-27 02:00:00,31.1,32,1,138,3.222222222222222
2025-04-27 03:00:00,29.9,36,2,169,3.1111111111111107
2025-04-27 04:00:00,30.1,38,1,179,4.111111111111112
2025-04-27 05:00:00,29.7,39,1,196,3.8333333333333335
2025-04-27 06:00:00,25.9,60,51,63,1.4444444444444444
2025-04-27 07:00:00,27.8,51,0,128,2.5277777777777777
2025-04-27 08:00:00,30.3,44,0,121,3.5277777777777777
2025-04-27 09:00:00,32.5,39,0,142,3.3611111111111107
2025-04-27 10:00:00,34.5,35,0,156,3.0277777777777777
2025-04-27 11:00:00,36.0,31,0,166,3.5
2025-04-27 12:00:00,37.3,27,1,177,3.194444444444444
2025-04-27 13:00:00,38.1,24,2,210,2.5277777777777777
2025-04-27 14:00:00,38.2,22,1,236,2.944444444444444
2025-04-27 15:00:00,37.7,23,3,254,4.666666666666667
2025-04-27 16:00:00,28.8,52,63,138,2.4722222222222223
2025-04-27 17:00:00,30.9,50,1,107,1.7222222222222223
2025-04-27 18:00:00,35.6,25,1,360,0.11111111111111112
2025-04-27 19:00:00,33.3,26,0,135,1.4166666666666665
2025-04-27 20:00:00,32.1,31,0,102,3.888888888888889
2025-04-27 21:00:00,31.7,32,0,134,3.5833333333333335
2025-04-27 22:00:00,31.1,32,0,160,3.5833333333333335
2025-04-27 23:00:00,30.0,36,0,169,3.0555555555555554
2025-04-28 00:00:00,29.3,40,1,202,2.305555555555556
2025-04-28 01:00:00,28.6,46,0,188,1.777777777777778
2025-04-28 02:00:00,28.2,50,0,185,2.4166666666666665
2025-04-28 03:00:00,27.9,54,0,205,2.694444444444444
2025-04-28 04:00:00,27.5,57,0,213,2.638888888888889
2025-04-28 05:00:00,27.2,60,0,228,2.5555555555555554
2025-04-28 06:00:00,28.0,60,0,215,1.8333333333333333
2025-04-28 07:00:00,29.8,57,0,206,1.7222222222222223
2025-04-28 08:00:00,32.0,50,0,215,3.5833333333333335
2025-04-28 09:00:00,34.0,43,0,217,4.611111111111112
2025-04-28 10:00:00,36.4,34,0,226,4.583333333333333
2025-04-28 11:00:00,38.5,26,1,247,3.638888888888889
2025-04-28 12:00:00,40.0,19,1,285,3.7777777777777777
2025-04-28 13:00:00,40.0,15,1,308,4.916666666666666
2025-04-28 14:00:00,40.5,13,0,321,2.5277777777777777
2025-04-28 15:00:00,40.9,12,1,315,2.111111111111111
2025-04-28 16:00:00,40.7,11,3,323,3.083333333333333
2025-04-28 17:00:00,39.2,10,0,338,5.611111111111111
2025-04-28 18:00:00,37.8,11,1,350,4.222222222222222
2025-04-28 19:00:00,36.5,12,0,354,4.333333333333333
2025-04-28 20:00:00,35.3,13,0,327,2.75
2025-04-28 21:00:00,32.7,19,0,256,0.19444444444444442
2025-04-28 22:00:00,31.8,20,0,114,2.4166666666666665
2025-04-28 23:00:00,31.2,24,0,201,0.6944444444444444
2025-04-29 00:00:00,29.7,28,0,173,2.055555555555556
2025-04-29 01:00:00,28.6,36,0,141,1.8055555555555556
2025-04-29 02:00:00,27.9,43,0,147,2.638888888888889
2025-04-29 03:00:00,27.6,47,2,154,2.055555555555556
2025-04-29 04:00:00,27.5,48,0,120,2.138888888888889
2025-04-29 05:00:00,26.6,50,0,114,1.472222222222222
2025-04-29 06:00:00,27.8,55,1,136,2.361111111111111
2025-04-29 07:00:00,29.4,54,0,160,3.138888888888889
2025-04-29 08:00:00,31.7,50,0,180,3.5
2025-04-29 09:00:00,34.1,41,0,193,4.055555555555555
2025-04-29 10:00:00,36.3,35,0,205,4.527777777777778
2025-04-29 11:00:00,38.2,28,0,218,4.5
2025-04-29 12:00:00,39.6,21,0,232,3.944444444444444
2025-04-29 13:00:00,40.6,17,1,256,3.333333333333333
2025-04-29 14:00:00,41.1,14,1,285,3.7777777777777777
2025-04-29 15:00:00,40.9,12,0,297,5.111111111111111
2025-04-29 16:00:00,40.5,12,1,287,3.861111111111111
2025-04-29 17:00:00,40.3,11,1,259,3.0
2025-04-29 18:00:00,37.3,20,0,231,0.3333333333333333
2025-04-29 19:00:00,35.8,22,0,162,0.4722222222222222
2025-04-29 20:00:00,34.0,27,0,350,1.7222222222222223
2025-04-29 21:00:00,32.5,31,0,333,0.3333333333333333
2025-04-29 22:00:00,31.8,30,1,156,2.0833333333333335
2025-04-29 23:00:00,31.5,31,2,169,3.6666666666666665
2025-04-30 00:00:00,30.9,33,0,192,3.638888888888889
2025-04-30 01:00:00,30.0,38,2,192,3.7222222222222223
2025-04-30 02:00:00,30.1,41,2,207,3.7222222222222223
2025-04-30 03:00:00,29.8,42,1,209,3.7777777777777777
2025-04-30 04:00:00,28.3,48,0,164,0.3611111111111111
2025-04-30 05:00:00,27.7,50,0,114,2.138888888888889
2025-04-30 06:00:00,26.8,56,0,137,1.9166666666666667
2025-04-30 07:00:00,28.8,52,0,137,1.8333333333333333
2025-04-30 08:00:00,31.5,47,0,189,2.0277777777777777
2025-04-30 09:00:00,34.2,40,0,202,2.2777777777777777
2025-04-30 10:00:00,36.8,31,0,215,2.361111111111111
2025-04-30 11:00:00,38.7,24,0,225,1.972222222222222
2025-04-30 12:00:00,40.5,18,1,286,1.611111111111111
2025-04-30 13:00:00,41.0,13,1,333,3.9722222222222223
2025-04-30 14:00:00,41.0,13,0,360,2.944444444444444
2025-04-30 15:00:00,41.5,12,0,41,1.0
2025-04-30 16:00:00,41.3,11,0,155,1.0555555555555556
2025-04-30 17:00:00,41.1,8,0,302,1.3055555555555556
2025-04-30 18:00:00,38.0,11,0,328,2.888888888888889
2025-04-30 19:00:00,36.5,12,0,342,3.5833333333333335
2025-04-30 20:00:00,33.7,15,0,17,1.5277777777777777
2025-04-30 21:00:00,33.3,19,0,81,3.638888888888889
2025-04-30 22:00:00,32.8,24,0,126,4.111111111111112
2025-04-30 23:00:00,31.1,28,0,108,3.333333333333333
2025-05-01 00:00:00,29.2,38,0,84,2.972222222222222
2025-05-01 01:00:00,28.4,48,1,90,3.8055555555555554
2025-05-01 02:00:00,28.0,52,0,88,3.75
2025-05-01 03:00:00,27.4,52,0,104,2.7222222222222223
2025-05-01 04:00:00,27.1,52,0,133,3.333333333333333
2025-05-01 05:00:00,26.6,59,0,142,3.611111111111111
2025-05-01 06:00:00,28.2,62,0,151,2.694444444444444
2025-05-01 07:00:00,29.6,62,0,163,3.7222222222222223
2025-05-01 08:00:00,31.6,54,0,168,3.083333333333333
2025-05-01 09:00:00,33.8,45,0,186,3.2777777777777777
2025-05-01 10:00:00,36.0,37,0,193,3.638888888888889
2025-05-01 11:00:00,37.6,32,0,202,3.3888888888888884
2025-05-01 12:00:00,38.9,26,0,207,2.361111111111111
2025-05-01 13:00:00,39.9,22,0,230,1.6944444444444442
2025-05-01 14:00:00,40.3,19,1,318,0.6111111111111112
2025-05-01 15:00:00,40.5,18,1,336,1.1944444444444444
2025-05-01 16:00:00,40.1,17,1,312,2.3333333333333335
2025-05-01 17:00:00,39.6,15,0,324,2.5833333333333335
2025-05-01 18:00:00,37.6,18,1,185,2.5
2025-05-01 19:00:00,36.1,18,1,169,2.888888888888889
2025-05-01 20:00:00,34.4,24,0,133,1.8333333333333333
2025-05-01 21:00:00,32.8,29,0,90,1.3888888888888888
2025-05-01 22:00:00,31.5,35,0,69,3.75
2025-05-01 23:00:00,29.2,47,0,72,3.416666666666667
2025-05-02 00:00:00,28.1,52,0,107,2.361111111111111
2025-05-02 01:00:00,27.7,52,0,91,2.0
2025-05-02 02:00:00,27.1,55,0,61,2.388888888888889
2025-05-02 03:00:00,26.6,57,0,65,2.111111111111111
2025-05-02 04:00:00,26.2,58,0,78,2.138888888888889
2025-05-02 05:00:00,25.9,60,0,92,1.4444444444444444
2025-05-02 06:00:00,25.7,59,0,167,1.5833333333333333
2025-05-02 07:00:00,27.7,51,0,136,1.5277777777777777
2025-05-02 08:00:00,30.1,46,0,147,2.1944444444444446
2025-05-02 09:00:00,32.2,43,0,168,2.0
2025-05-02 10:00:00,34.5,37,0,183,1.6666666666666665
2025-05-02 11:00:00,36.6,30,0,182,1.3055555555555556
2025-05-02 12:00:00,38.3,26,0,177,1.0555555555555556
2025-05-02 13:00:00,39.7,23,0,204,0.5
2025-05-02 14:00:00,41.0,18,2,298,0.9722222222222222
2025-05-02 15:00:00,39.0,21,0,306,4.277777777777778
2025-05-02 16:00:00,39.2,18,0,332,2.4444444444444446
2025-05-02 17:00:00,38.5,19,1,46,2.638888888888889
2025-05-02 18:00:00,35.7,25,0,48,1.5555555555555554
2025-05-02 19:00:00,34.4,25,0,130,1.1666666666666667
2025-05-02 20:00:00,34.0,25,0,87,2.611111111111111
2025-05-02 21:00:00,33.1,30,0,121,2.388888888888889
2025-05-02 22:00:00,31.9,33,0,117,1.5277777777777777
2025-05-02 23:00:00,31.2,36,0,141,0.3333333333333333
2025-05-03 00:00:00,30.4,37,0,158,0.2777777777777778
2025-05-03 01:00:00,29.1,41,0,45,0.5
2025-05-03 02:00:00,28.0,47,0,6,0.4444444444444445
2025-05-03 03:00:00,27.0,53,0,36,0.9166666666666666
2025-05-03 04:00:00,26.4,58,0,63,0.7777777777777777
2025-05-03 05:00:00,26.4,57,0,63,0.3333333333333333
2025-05-03 06:00:00,29.4,57,0,171,1.8611111111111112
2025-05-03 07:00:00,31.1,54,0,180,2.638888888888889
2025-05-03 08:00:00,33.0,49,0,198,3.0
2025-05-03 09:00:00,35.2,41,0,211,2.7222222222222223
2025-05-03 10:00:00,37.3,33,0,222,2.4722222222222223
2025-05-03 11:00:00,36.7,23,51,312,4.305555555555555
2025-05-03 12:00:00,39.3,14,0,277,1.3055555555555556
2025-05-03 13:00:00,41.0,14,0,293,2.3333333333333335
2025-05-03 14:00:00,41.6,14,0,299,2.055555555555556
2025-05-03 15:00:00,41.9,13,3,340,2.6666666666666665
2025-05-03 16:00:00,40.5,13,2,320,3.7777777777777777
2025-05-03 17:00:00,39.5,14,1,7,3.0277777777777777
2025-05-03 18:00:00,32.5,34,0,86,4.555555555555555
2025-05-03 19:00:00,32.1,34,0,90,3.4444444444444446
2025-05-03 20:00:00,31.3,33,0,100,2.888888888888889
2025-05-03 21:00:00,30.6,36,0,86,2.861111111111111
2025-05-03 22:00:00,29.9,41,0,103,2.25
2025-05-03 23:00:00,29.1,45,0,78,2.138888888888889
2025-05-04 00:00:00,27.9,49,0,144,1.1666666666666667
2025-05-04 01:00:00,27.3,53,0,18,0.16666666666666666
2025-05-04 02:00:00,26.8,55,0,23,1.6388888888888888
2025-05-04 03:00:00,26.2,59,0,49,0.5277777777777778
2025-05-04 04:00:00,26.5,56,3,211,2.5
2025-05-04 05:00:00,26.9,49,0,133,2.4166666666666665
2025-05-04 06:00:00,25.4,65,0,174,1.5
2025-05-04 07:00:00,27.5,55,0,185,2.5
2025-05-04 08:00:00,30.2,46,0,195,2.5833333333333335
2025-05-04 09:00:00,32.6,41,0,203,2.6666666666666665
2025-05-04 10:00:00,35.1,34,0,199,3.0277777777777777
2025-05-04 11:00:00,37.0,28,0,196,3.1111111111111107
2025-05-04 12:00:00,38.1,24,1,202,3.222222222222222
2025-05-04 13:00:00,39.0,22,2,195,2.75
2025-05-04 14:00:00,38.4,22,1,216,2.833333333333333
2025-05-04 15:00:00,38.5,20,2,190,1.777777777777778
2025-05-04 16:00:00,35.3,29,51,46,3.3611111111111107
2025-05-04 17:00:00,33.8,30,1,104,3.194444444444444
2025-05-04 18:00:00,30.0,41,0,82,2.2222222222222223
2025-05-04 19:00:00,30.5,38,1,106,1.25
2025-05-04 20:00:00,30.7,36,0,149,1.4444444444444444
2025-05-04 21:00:00,30.0,39,0,156,0.9722222222222222
2025-05-04 22:00:00,29.1,41,0,355,0.6111111111111112
2025-05-04 23:00:00,28.3,44,0,306,0.8611111111111112
2025-05-05 00:00:00,27.4,50,0,313,1.1666666666666667
2025-05-05 01:00:00,26.7,55,0,323,2.138888888888889
2025-05-05 02:00:00,26.3,55,0,340,2.611111111111111
2025-05-05 03:00:00,25.9,57,0,342,0.6388888888888888
2025-05-05 04:00:00,25.9,57,0,90,0.19444444444444442
2025-05-05 05:00:00,25.5,59,0,148,0.6388888888888888
2025-05-05 06:00:00,25.6,58,3,159,3.0555555555555554
2025-05-05 07:00:00,28.0,49,1,217,1.0833333333333333
2025-05-05 08:00:00,30.3,42,0,105,1.3888888888888888
2025-05-05 09:00:00,32.3,37,0,114,0.8611111111111112
2025-05-05 10:00:00,34.4,32,0,165,0.7777777777777777
2025-05-05 11:00:00,36.3,27,0,217,1.0833333333333333
2025-05-05 12:00:00,37.9,22,1,263,1.25
2025-05-05 13:00:00,39.0,19,1,303,1.8333333333333333
2025-05-05 14:00:00,38.9,17,2,310,3.194444444444444
2025-05-05 15:00:00,38.7,16,2,307,3.7222222222222223
2025-05-05 16:00:00,38.3,17,0,293,2.888888888888889
2025-05-05 17:00:00,38.0,16,1,242,2.361111111111111
2025-05-05 18:00:00,33.5,28,1,300,3.333333333333333
2025-05-05 19:00:00,32.7,30,3,293,2.3333333333333335
2025-05-05 20:00:00,32.1,32,3,283,2.4722222222222223
2025-05-05 21:00:00,31.4,33,0,303,3.2777777777777777
2025-05-05 22:00:00,30.8,35,0,310,3.333333333333333
2025-05-05 23:00:00,29.6,39,0,300,3.222222222222222
2025-05-06 00:00:00,28.8,41,0,316,3.0277777777777777
2025-05-06 01:00:00,27.8,45,0,345,1.5
2025-05-06 02:00:00,27.3,47,0,322,2.4166666666666665
2025-05-06 03:00:00,26.0,51,0,16,1.0833333333333333
2025-05-06 04:00:00,25.7,52,0,24,0.9722222222222222
2025-05-06 05:00:00,25.4,52,0,312,1.5555555555555554
2025-05-06 06:00:00,24.8,63,3,270,0.6111111111111112
2025-05-06 07:00:00,26.8,54,3,299,1.027777777777778
2025-05-06 08:00:00,29.5,43,0,331,1.3333333333333333
2025-05-06 09:00:00,32.0,35,0,315,0.8611111111111112
2025-05-06 10:00:00,34.0,31,0,182,1.1944444444444444
2025-05-06 11:00:00,35.8,26,0,185,2.305555555555556
2025-05-06 12:00:00,37.0,23,0,204,3.333333333333333
2025-05-06 13:00:00,37.6,20,0,220,3.944444444444444
2025-05-06 14:00:00,37.5,19,0,232,3.888888888888889
2025-05-06 15:00:00,37.3,19,0,224,3.888888888888889
2025-05-06 16:00:00,37.1,18,0,211,3.611111111111111
2025-05-06 17:00:00,36.6,19,0,209,3.638888888888889
2025-05-06 18:00:00,34.4,24,0,159,2.888888888888889
2025-05-06 19:00:00,33.0,26,1,160,2.2222222222222223
2025-05-06 20:00:00,31.5,31,1,178,1.8055555555555556
2025-05-06 21:00:00,30.5,34,1,289,3.5
2025-05-06 22:00:00,29.7,38,0,327,2.972222222222222
2025-05-06 23:00:00,28.3,44,0,332,1.5833333333333333
2025-05-07 00:00:00,27.4,49,0,345,2.2777777777777777
2025-05-07 01:00:00,26.7,53,0,354,2.7222222222222223
2025-05-07 02:00:00,26.0,56,0,330,2.388888888888889
2025-05-07 03:00:00,25.6,59,1,304,1.8055555555555556
2025-05-07 04:00:00,25.1,62,0,230,0.38888888888888884
2025-05-07 05:00:00,24.6,65,1,291,0.6944444444444444
2025-05-07 06:00:00,25.6,60,0,267,1.75
2025-05-07 07:00:00,27.3,55,0,302,1.8055555555555556
2025-05-07 08:00:00,29.1,49,0,315,1.6388888888888888
2025-05-07 09:00:00,31.1,42,0,284,1.027777777777778
2025-05-07 10:00:00,33.1,35,0,240,1.2222222222222223
2025-05-07 11:00:00,35.3,27,1,222,2.361111111111111
2025-05-07 12:00:00,36.3,22,0,220,4.472222222222222
2025-05-07 13:00:00,36.5,21,0,218,5.138888888888888
2025-05-07 14:00:00,36.6,22,0,224,4.75
2025-05-07 15:00:00,36.5,22,0,228,4.527777777777778
2025-05-07 16:00:00,36.2,21,0,225,4.361111111111111
2025-05-07 17:00:00,35.3,22,0,219,4.944444444444445
2025-05-07 18:00:00,34.0,26,0,205,3.416666666666667
2025-05-07 19:00:00,32.3,31,0,264,2.055555555555556
2025-05-07 20:00:00,30.9,36,1,282,4.555555555555555
2025-05-07 21:00:00,28.0,47,0,282,3.7222222222222223
2025-05-07 22:00:00,27.7,50,1,284,3.083333333333333
2025-05-07 23:00:00,27.1,53,2,293,2.6666666666666665
2025-05-08 00:00:00,26.8,54,3,290,2.0277777777777777
2025-05-08 01:00:00,26.4,57,0,290,1.6388888888888888
2025-05-08 02:00:00,26.0,59,0,294,1.972222222222222
2025-05-08 03:00:00,25.5,61,0,298,2.138888888888889
2025-05-08 04:00:00,24.8,66,0,243,0.4444444444444445
2025-05-08 05:00:00,24.1,70,0,152,0.8611111111111112
2025-05-08 06:00:00,26.1,63,2,233,1.0
2025-05-08 07:00:00,27.9,57,0,279,1.611111111111111
2025-05-08 08:00:00,30.1,49,1,295,1.8888888888888888
2025-05-08 09:00:00,32.3,39,2,291,1.6666666666666665
2025-05-08 10:00:00,34.2,32,2,275,1.611111111111111
2025-05-08 11:00:00,35.6,27,0,252,1.4166666666666665
2025-05-08 12:00:00,37.0,24,1,221,1.972222222222222
2025-05-08 13:00:00,37.8,22,0,209,3.2499999999999996
2025-05-08 14:00:00,37.1,23,0,211,4.25
2025-05-08 15:00:00,36.8,24,0,224,3.9166666666666665
2025-05-08 16:00:00,36.4,25,1,241,3.6666666666666665
2025-05-08 17:00:00,35.4,26,2,250,3.9722222222222223
2025-05-08 18:00:00,34.5,27,0,202,2.9166666666666665
2025-05-08 19:00:00,33.3,29,1,171,3.0277777777777777
2025-05-08 20:00:00,32.4,33,0,203,1.3055555555555556
2025-05-08 21:00:00,30.9,38,1,293,2.3333333333333335
2025-05-08 22:00:00,29.9,40,1,340,1.8611111111111112
2025-05-08 23:00:00,29.0,42,1,352,1.0555555555555556
2025-05-09 00:00:00,28.5,42,1,348,1.472222222222222
2025-05-09 01:00:00,28.1,42,2,345,1.3333333333333333
2025-05-09 02:00:00,27.6,44,1,348,0.7222222222222222
2025-05-09 03:00:00,27.4,47,3,270,0.11111111111111112
2025-05-09 04:00:00,26.6,48,2,297,0.22222222222222224
2025-05-09 05:00:00,26.3,51,3,311,1.4444444444444444
2025-05-09 06:00:00,27.4,56,0,212,0.9444444444444444
2025-05-09 07:00:00,29.2,49,0,299,1.027777777777778
2025-05-09 08:00:00,31.7,39,0,312,1.5
2025-05-09 09:00:00,33.6,33,0,310,1.5
2025-05-09 10:00:00,35.2,30,1,326,1.1388888888888888
2025-05-09 11:00:00,36.3,28,1,332,0.9722222222222222
2025-05-09 12:00:00,37.2,26,1,343,0.5277777777777778
2025-05-09 13:00:00,38.1,23,1,212,0.4722222222222222
2025-05-09 14:00:00,38.3,22,1,205,1.6666666666666665
2025-05-09 15:00:00,38.0,23,1,205,3.083333333333333
2025-05-09 16:00:00,37.0,24,1,208,3.888888888888889
2025-05-09 17:00:00,36.1,25,1,218,3.1666666666666665
2025-05-09 18:00:00,36.1,23,1,171,3.0277777777777777
2025-05-09 19:00:00,33.7,32,0,190,4.222222222222222
2025-05-09 20:00:00,32.7,35,1,181,2.611111111111111
2025-05-09 21:00:00,32.3,35,0,179,2.305555555555556
2025-05-09 22:00:00,32.2,35,0,173,1.7222222222222223
2025-05-09 23:00:00,31.1,38,0,163,1.4166666666666665
2025-05-10 00:00:00,30.0,42,0,187,1.2222222222222223
2025-05-10 01:00:00,29.2,46,0,227,1.0833333333333333
2025-05-10 02:00:00,28.7,50,0,248,0.8055555555555555
2025-05-10 03:00:00,28.4,50,0,292,0.2777777777777778
2025-05-10 04:00:00,27.6,52,0,336,1.0833333333333333
2025-05-10 05:00:00,27.1,55,0,335,1.0555555555555556
2025-05-10 06:00:00,29.9,49,0,301,1.0555555555555556
2025-05-10 07:00:00,31.8,42,0,264,0.4444444444444445
2025-05-10 08:00:00,33.8,36,0,14,0.41666666666666663
2025-05-10 09:00:00,35.7,30,0,315,0.22222222222222224
2025-05-10 10:00:00,37.1,28,0,243,0.22222222222222224
2025-05-10 11:00:00,38.6,25,0,180,0.05555555555555556
2025-05-10 12:00:00,39.7,24,1,211,0.2777777777777778
2025-05-10 13:00:00,40.2,23,3,192,0.9722222222222222
2025-05-10 14:00:00,40.3,22,3,181,2.5
2025-05-10 15:00:00,39.0,24,1,203,3.2777777777777777
2025-05-10 16:00:00,38.6,24,1,221,2.9166666666666665
2025-05-10 17:00:00,37.8,25,1,195,2.111111111111111
2025-05-10 18:00:00,28.5,57,53,208,5.222222222222222
2025-05-10 19:00:00,30.3,47,1,223,0.888888888888889
2025-05-10 20:00:00,30.2,49,3,268,1.6944444444444442
2025-05-10 21:00:00,30.1,51,1,283,1.8333333333333333
2025-05-10 22:00:00,30.0,53,1,297,0.888888888888889
2025-05-10 23:00:00,29.7,54,1,262,0.6944444444444444
2025-05-11 00:00:00,29.2,58,1,283,0.6666666666666666
2025-05-11 01:00:00,29.3,54,1,1,2.305555555555556
2025-05-11 02:00:00,29.2,51,1,323,2.5833333333333335
2025-05-11 03:00:00,28.4,54,1,301,1.2777777777777777
2025-05-11 04:00:00,28.1,56,1,322,1.1388888888888888
2025-05-11 05:00:00,28.0,57,1,332,1.5833333333333333
2025-05-11 06:00:00,28.4,60,3,322,1.972222222222222
2025-05-11 07:00:00,29.4,54,2,357,3.1666666666666665
2025-05-11 08:00:00,31.6,44,2,352,3.333333333333333
2025-05-11 09:00:00,34.0,38,1,347,2.861111111111111
2025-05-11 10:00:00,36.0,32,1,335,2.3333333333333335
2025-05-11 11:00:00,37.3,29,1,319,1.9166666666666667
2025-05-11 12:00:00,37.6,28,3,316,1.9444444444444444
2025-05-11 13:00:00,37.9,28,2,320,2.6666666666666665
2025-05-11 14:00:00,37.9,27,2,319,3.611111111111111
2025-05-11 15:00:00,37.9,27,0,323,3.611111111111111
2025-05-11 16:00:00,37.6,26,0,318,3.888888888888889
2025-05-11 17:00:00,37.1,26,0,320,3.7222222222222223
2025-05-11 18:00:00,35.8,28,0,5,2.611111111111111
2025-05-11 19:00:00,34.7,30,0,332,1.5833333333333333
2025-05-11 20:00:00,33.8,33,0,310,2.1666666666666665
2025-05-11 21:00:00,32.7,39,0,314,1.7222222222222223
2025-05-11 22:00:00,31.6,43,1,265,1.1111111111111112
2025-05-11 23:00:00,31.2,44,2,279,2.138888888888889
2025-05-12 00:00:00,31.2,43,2,290,2.611111111111111
2025-05-12 01:00:00,30.6,45,1,324,2.7777777777777777
2025-05-12 02:00:00,30.0,48,1,305,2.0833333333333335
2025-05-12 03:00:00,29.3,51,1,260,1.1666666666666667
2025-05-12 04:00:00,28.9,52,1,280,1.3611111111111112
2025-05-12 05:00:00,28.6,55,0,291,1.8333333333333333
2025-05-12 06:00:00,27.0,76,51,163,1.8888888888888888
2025-05-12 07:00:00,28.3,68,3,215,1.6388888888888888
2025-05-12 08:00:00,30.8,56,3,310,1.5
2025-05-12 09:00:00,33.3,46,3,335,1.777777777777778
2025-05-12 10:00:00,33.0,44,3,83,0.41666666666666663
2025-05-12 11:00:00,34.5,40,2,340,1.1666666666666667
2025-05-12 12:00:00,37.6,32,1,41,0.4722222222222222
2025-05-12 13:00:00,35.3,36,51,321,3.944444444444444
2025-05-12 14:00:00,34.3,39,51,260,1.472222222222222
2025-05-12 15:00:00,35.7,34,2,279,1.611111111111111
2025-05-12 16:00:00,36.2,33,1,273,1.8055555555555556
2025-05-12 17:00:00,35.6,35,0,294,2.9166666666666665
2025-05-12 18:00:00,34.0,36,2,334,2.888888888888889
2025-05-12 19:00:00,32.8,40,3,318,1.5
2025-05-12 20:00:00,32.0,44,3,295,0.9444444444444444
2025-05-12 21:00:00,31.5,47,3,291,0.8611111111111112
2025-05-12 22:00:00,31.0,50,1,240,0.41666666666666663
2025-05-12 23:00:00,30.3,52,0,249,1.5
2025-05-13 00:00:00,29.8,50,3,260,1.777777777777778
2025-05-13 01:00:00,30.1,47,3,270,1.3611111111111112
2025-05-13 02:00:00,30.5,46,3,275,1.611111111111111
2025-05-13 03:00:00,30.0,48,0,288,1.8888888888888888
2025-05-13 04:00:00,28.7,53,0,266,1.3055555555555556
2025-05-13 05:00:00,28.4,54,1,246,2.0833333333333335
2025-05-13 06:00:00,29.9,55,3,318,2.361111111111111
2025-05-13 07:00:00,30.5,54,3,328,1.2222222222222223
2025-05-13 08:00:00,31.9,47,51,343,3.138888888888889
2025-05-13 09:00:00,33.8,40,3,342,2.694444444444444
2025-05-13 10:00:00,34.3,38,1,347,2.972222222222222
2025-05-13 11:00:00,35.9,34,2,346,2.055555555555556
2025-05-13 12:00:00,36.8,31,1,319,2.055555555555556
2025-05-13 13:00:00,37.7,29,1,320,1.1666666666666667
2025-05-13 14:00:00,37.9,29,0,318,1.1944444444444444
2025-05-13 15:00:00,38.3,28,1,301,2.111111111111111
2025-05-13 16:00:00,33.1,45,3,248,5.527777777777778
2025-05-13 17:00:00,32.4,46,51,244,2.2777777777777777
2025-05-13 18:00:00,33.8,37,0,310,3.416666666666667
2025-05-13 19:00:00,32.9,39,1,326,2.5277777777777777
2025-05-13 20:00:00,32.2,41,1,306,2.111111111111111
2025-05-13 21:00:00,31.6,43,0,305,1.9444444444444444
2025-05-13 22:00:00,30.9,45,1,308,2.111111111111111
2025-05-13 23:00:00,30.5,47,0,316,2.361111111111111
2025-05-14 00:00:00,29.9,49,0,313,2.4444444444444446
2025-05-14 01:00:00,29.5,49,0,311,2.4444444444444446
2025-05-14 02:00:00,29.0,50,0,323,2.388888888888889
2025-05-14 03:00:00,28.4,51,1,321,1.8055555555555556
2025-05-14 04:00:00,28.0,53,0,317,1.6388888888888888
2025-05-14 05:00:00,27.5,55,0,315,1.9166666666666667
2025-05-14 06:00:00,28.9,52,0,296,2.6666666666666665
2025-05-14 07:00:00,30.9,45,0,263,1.611111111111111
2025-05-14 08:00:00,32.9,41,0,287,1.6666666666666665
2025-05-14 09:00:00,34.9,37,0,314,1.3888888888888888
2025-05-14 10:00:00,36.7,31,0,324,0.6666666666666666
2025-05-14 11:00:00,38.0,29,1,276,0.4444444444444445
2025-05-14 12:00:00,39.1,27,2,302,0.4722222222222222
2025-05-14 13:00:00,39.5,27,3,327,1.1944444444444444
2025-05-14 14:00:00,39.0,27,3,228,1.9444444444444444
2025-05-14 15:00:00,34.8,40,51,208,4.666666666666667
2025-05-14 16:00:00,36.5,33,3,214,0.888888888888889
2025-05-14 17:00:00,34.7,39,2,261,4.861111111111111
2025-05-14 18:00:00,35.9,30,0,248,2.4166666666666665
2025-05-14 19:00:00,34.4,34,0,272,2.4444444444444446
2025-05-14 20:00:00,33.0,40,0,236,3.083333333333333
2025-05-14 21:00:00,32.3,43,1,256,2.0
2025-05-14 22:00:00,31.3,46,0,269,2.0
2025-05-14 23:00:00,30.6,48,0,293,2.4444444444444446
2025-05-15 00:00:00,30.2,50,1,284,2.305555555555556
2025-05-15 01:00:00,29.8,53,2,294,2.4166666666666665
2025-05-15 02:00:00,29.5,55,1,284,1.9166666666666667
2025-05-15 03:00:00,29.3,56,1,292,1.8333333333333333
2025-05-15 04:00:00,28.9,57,0,299,2.1666666666666665
2025-05-15 05:00:00,28.5,59,1,306,2.2222222222222223
2025-05-15 06:00:00,30.3,54,3,224,1.5833333333333333
2025-05-15 07:00:00,31.0,53,3,248,1.8333333333333333
2025-05-15 08:00:00,30.8,55,3,292,4.25
2025-05-15 09:00:00,30.7,51,3,310,3.0555555555555554
2025-05-15 10:00:00,33.0,42,3,325,2.7222222222222223
2025-05-15 11:00:00,34.8,37,3,322,2.75
2025-05-15 12:00:00,35.8,35,2,321,2.638888888888889
2025-05-15 13:00:00,35.9,34,2,318,2.888888888888889
2025-05-15 14:00:00,36.6,33,3,278,2.611111111111111
2025-05-15 15:00:00,36.5,35,3,259,2.388888888888889
2025-05-15 16:00:00,36.6,35,2,289,1.5277777777777777
2025-05-15 17:00:00,36.3,35,1,316,1.6666666666666665
2025-05-15 18:00:00,34.9,35,1,332,2.4444444444444446
2025-05-15 19:00:00,33.8,42,2,324,0.6666666666666666
2025-05-15 20:00:00,33.1,44,1,300,0.8055555555555555
2025-05-15 21:00:00,32.4,47,3,280,1.1111111111111112
2025-05-15 22:00:00,31.7,50,0,270,0.888888888888889
2025-05-15 23:00:00,31.0,54,0,260,1.1111111111111112
2025-05-16 00:00:00,30.5,53,0,246,2.305555555555556
2025-05-16 01:00:00,30.0,54,0,263,1.75
2025-05-16 02:00:00,29.4,57,0,261,2.3333333333333335
2025-05-16 03:00:00,29.1,58,0,281,2.138888888888889
2025-05-16 04:00:00,28.7,60,0,295,1.8888888888888888
2025-05-16 05:00:00,28.3,62,0,319,1.5833333333333333
2025-05-16 06:00:00,29.7,60,3,263,1.25
2025-05-16 07:00:00,31.5,54,3,259,1.3333333333333333
2025-05-16 08:00:00,33.8,46,3,262,1.8055555555555556
2025-05-16 09:00:00,35.5,40,3,250,1.8611111111111112
2025-05-16 10:00:00,36.7,38,1,242,1.6944444444444442
2025-05-16 11:00:00,37.6,37,2,240,1.9166666666666667
2025-05-16 12:00:00,38.7,35,2,234,2.0277777777777777
2025-05-16 13:00:00,39.4,32,3,205,1.777777777777778
2025-05-16 14:00:00,31.6,62,65,212,5.249999999999999
2025-05-16 15:00:00,30.1,67,63,300,3.0555555555555554
2025-05-16 16:00:00,28.9,72,51,306,1.2777777777777777
2025-05-16 17:00:00,29.8,69,3,330,2.0277777777777777
2025-05-16 18:00:00,33.8,45,1,327,1.1944444444444444
2025-05-16 19:00:00,32.3,52,2,352,0.6944444444444444
2025-05-16 20:00:00,31.5,59,2,108,0.16666666666666666
2025-05-16 21:00:00,31.2,59,3,204,0.8611111111111112
2025-05-16 22:00:00,30.6,63,1,71,0.888888888888889
2025-05-16 23:00:00,29.0,68,1,131,1.5833333333333333
2025-05-17 00:00:00,27.6,75,51,161,2.861111111111111
2025-05-17 01:00:00,27.9,72,3,216,2.861111111111111
2025-05-17 02:00:00,27.9,71,3,224,3.4722222222222223
2025-05-17 03:00:00,27.8,72,3,221,2.388888888888889
2025-05-17 04:00:00,27.5,74,3,200,2.888888888888889
2025-05-17 05:00:00,27.3,75,3,219,2.138888888888889
2025-05-17 06:00:00,26.8,77,2,179,2.5555555555555554
2025-05-17 07:00:00,28.0,71,2,207,2.4722222222222223
2025-05-17 08:00:00,29.9,64,3,235,3.0555555555555554
2025-05-17 09:00:00,32.5,57,2,269,2.4444444444444446
2025-05-17 10:00:00,34.6,50,1,297,2.4166666666666665
2025-05-17 11:00:00,35.8,46,1,321,2.0
2025-05-17 12:00:00,36.9,41,2,342,1.3055555555555556
2025-05-17 13:00:00,37.7,36,2,25,0.7222222222222222
2025-05-17 14:00:00,38.3,33,1,73,0.8333333333333333
2025-05-17 15:00:00,38.0,32,1,152,2.138888888888889
2025-05-17 16:00:00,37.1,34,2,43,1.6944444444444442
2025-05-17 17:00:00,35.0,44,51,80,1.4166666666666665
2025-05-17 18:00:00,31.9,56,3,304,3.2499999999999996
2025-05-17 19:00:00,30.0,65,3,316,3.0
2025-05-17 20:00:00,29.6,67,3,312,1.8055555555555556
2025-05-17 21:00:00,29.7,66,3,335,1.6666666666666665
2025-05-17 22:00:00,29.8,64,3,306,1.8611111111111112
2025-05-17 23:00:00,29.6,66,3,297,1.0
2025-05-18 00:00:00,29.2,70,3,360,1.5
2025-05-18 01:00:00,28.7,76,3,153,0.11111111111111112
2025-05-18 02:00:00,28.1,79,51,105,0.9722222222222222
2025-05-18 03:00:00,27.7,78,1,106,1.8611111111111112
2025-05-18 04:00:00,26.8,85,2,86,0.6388888888888888
2025-05-18 05:00:00,26.6,85,1,101,1.3333333333333333
2025-05-18 06:00:00,28.1,78,3,18,1.1666666666666667
2025-05-18 07:00:00,30.1,66,1,17,2.4444444444444446
2025-05-18 08:00:00,31.1,61,0,41,1.8333333333333333
2025-05-18 09:00:00,32.6,54,0,58,1.8055555555555556
2025-05-18 10:00:00,34.2,48,0,60,1.5
2025-05-18 11:00:00,35.6,44,0,60,1.1111111111111112
2025-05-18 12:00:00,36.6,40,2,49,0.5277777777777778
2025-05-18 13:00:00,37.3,36,3,32,0.75
2025-05-18 14:00:00,37.6,33,3,51,0.7222222222222222
2025-05-18 15:00:00,37.8,31,3,86,0.75
2025-05-18 16:00:00,37.0,34,1,63,1.5555555555555554
2025-05-18 17:00:00,36.9,35,2,73,1.9166666666666667
2025-05-18 18:00:00,34.6,47,3,87,2.861111111111111
2025-05-18 19:00:00,32.8,54,3,115,1.9166666666666667
2025-05-18 20:00:00,32.0,56,3,173,1.972222222222222
2025-05-18 21:00:00,31.6,58,3,175,1.9166666666666667
2025-05-18 22:00:00,30.4,64,3,189,1.2777777777777777
2025-05-18 23:00:00,30.0,65,3,224,1.3888888888888888
2025-05-19 00:00:00,29.4,68,0,223,1.1666666666666667
2025-05-19 01:00:00,29.0,70,1,139,1.0
2025-05-19 02:00:00,28.5,74,3,126,1.1666666666666667
2025-05-19 03:00:00,28.3,75,3,132,1.8055555555555556
2025-05-19 04:00:00,28.2,74,3,109,1.2222222222222223
2025-05-19 05:00:00,27.7,75,3,153,1.4444444444444444
2025-05-19 06:00:00,26.4,76,51,153,1.4444444444444444
2025-05-19 07:00:00,27.6,74,51,108,0.16666666666666666
2025-05-19 08:00:00,30.5,64,3,287,0.5277777777777778
2025-05-19 09:00:00,32.4,58,3,150,0.6944444444444444
2025-05-19 10:00:00,34.4,50,3,151,0.9166666666666666
2025-05-19 11:00:00,35.9,44,3,129,0.9722222222222222
2025-05-19 12:00:00,37.0,38,3,126,1.1666666666666667
2025-05-19 13:00:00,37.4,35,1,121,1.0555555555555556
2025-05-19 14:00:00,37.8,31,3,94,0.75
2025-05-19 15:00:00,37.7,31,3,50,0.38888888888888884
2025-05-19 16:00:00,37.6,32,2,5,0.5555555555555556
2025-05-19 17:00:00,37.1,33,3,90,0.5555555555555556
2025-05-19 18:00:00,35.2,46,3,117,1.0
2025-05-19 19:00:00,34.1,45,3,148,2.611111111111111
2025-05-19 20:00:00,33.0,50,3,208,1.3611111111111112
2025-05-19 21:00:00,29.5,61,3,1,4.138888888888889
2025-05-19 22:00:00,29.1,66,3,9,1.2222222222222223
2025-05-19 23:00:00,28.8,65,1,355,2.5
2025-05-20 00:00:00,28.4,65,1,14,2.0
2025-05-20 01:00:00,28.0,68,3,360,1.3611111111111112
2025-05-20 02:00:00,27.6,71,3,41,1.0555555555555556
2025-05-20 03:00:00,27.3,74,3,27,0.888888888888889
2025-05-20 04:00:00,27.1,76,3,339,0.41666666666666663
2025-05-20 05:00:00,26.7,79,3,312,0.6111111111111112
2025-05-20 06:00:00,28.3,66,3,315,1.6388888888888888
2025-05-20 07:00:00,30.6,59,3,339,0.41666666666666663
2025-05-20 08:00:00,33.2,49,3,85,1.0555555555555556
2025-05-20 09:00:00,35.0,42,3,95,1.6944444444444442
2025-05-20 10:00:00,36.3,37,3,93,1.0555555555555556
2025-05-20 11:00:00,37.5,34,3,58,0.4722222222222222
2025-05-20 12:00:00,38.3,32,3,45,0.5
2025-05-20 13:00:00,39.2,30,3,278,0.75
2025-05-20 14:00:00,39.1,31,3,320,0.38888888888888884
2025-05-20 15:00:00,38.0,34,51,54,2.138888888888889
2025-05-20 16:00:00,36.3,37,51,117,1.5277777777777777
2025-05-20 17:00:00,36.7,36,1,162,1.0
2025-05-20 18:00:00,35.2,43,1,96,0.9166666666666666
2025-05-20 19:00:00,33.9,46,2,75,1.5
2025-05-20 20:00:00,33.2,49,3,87,1.8888888888888888
2025-05-20 21:00:00,31.3,57,51,238,1.777777777777778
2025-05-20 22:00:00,31.3,57,3,270,1.8611111111111112
2025-05-20 23:00:00,31.2,57,3,252,1.5833333333333333
2025-05-21 00:00:00,30.8,60,3,310,1.5555555555555554
2025-05-21 01:00:00,30.4,63,3,261,1.3055555555555556
2025-05-21 02:00:00,29.9,66,3,55,0.6111111111111112
2025-05-21 03:00:00,29.7,73,3,180,0.1388888888888889
2025-05-21 04:00:00,28.8,73,3,243,0.888888888888889
2025-05-21 05:00:00,28.8,73,3,189,1.0
2025-05-21 06:00:00,27.6,70,51,238,2.361111111111111
2025-05-21 07:00:00,28.5,66,3,351,0.6111111111111112
2025-05-21 08:00:00,31.3,55,3,274,0.8055555555555555
2025-05-21 09:00:00,31.4,55,3,216,0.41666666666666663
2025-05-21 10:00:00,34.1,45,3,355,0.5555555555555556
2025-05-21 11:00:00,35.3,41,3,9,1.2777777777777777
2025-05-21 12:00:00,36.8,38,3,42,0.75
2025-05-21 13:00:00,37.1,37,3,217,0.5
2025-05-21 14:00:00,37.7,35,3,230,2.0277777777777777
2025-05-21 15:00:00,37.5,34,2,219,2.055555555555556
2025-05-21 16:00:00,37.3,34,2,247,0.6388888888888888
2025-05-21 17:00:00,36.2,36,3,190,1.1666666666666667
2025-05-21 18:00:00,32.2,53,61,155,6.138888888888889
2025-05-21 19:00:00,27.9,76,53,182,3.555555555555556
2025-05-21 20:00:00,26.9,80,53,190,2.5277777777777777
2025-05-21 21:00:00,26.1,92,61,222,1.1944444444444444
2025-05-21 22:00:00,26.2,93,53,218,1.7222222222222223
2025-05-21 23:00:00,26.1,94,51,213,1.0
2025-05-22 00:00:00,25.9,95,53,233,2.138888888888889
2025-05-22 01:00:00,25.6,94,51,228,2.2222222222222223
2025-05-22 02:00:00,25.5,94,51,219,1.6666666666666665
2025-05-22 03:00:00,25.5,94,3,198,1.8888888888888888
2025-05-22 04:00:00,25.5,95,3,190,1.6666666666666665
2025-05-22 05:00:00,25.4,95,3,186,1.8055555555555556
2025-05-22 06:00:00,24.6,85,51,55,0.6111111111111112
2025-05-22 07:00:00,25.4,80,51,14,2.7222222222222223
2025-05-22 08:00:00,27.1,71,3,46,2.1666666666666665
2025-05-22 09:00:00,28.1,67,3,72,1.5833333333333333
2025-05-22 10:00:00,28.1,67,3,94,1.4444444444444444
2025-05-22 11:00:00,28.7,64,3,108,1.472222222222222
2025-05-22 12:00:00,28.7,64,3,102,1.472222222222222
2025-05-22 13:00:00,29.2,61,3,79,1.777777777777778
2025-05-22 14:00:00,29.0,61,3,67,1.8055555555555556
2025-05-22 15:00:00,28.6,62,3,98,2.111111111111111
2025-05-22 16:00:00,29.3,59,3,128,2.361111111111111
2025-05-22 17:00:00,28.9,62,3,130,1.777777777777778
2025-05-22 18:00:00,29.1,68,3,121,0.2777777777777778
2025-05-22 19:00:00,28.1,73,3,105,0.5833333333333334
2025-05-22 20:00:00,28.1,73,3,119,1.1388888888888888
2025-05-22 21:00:00,27.9,73,3,133,2.4166666666666665
2025-05-22 22:00:00,27.4,76,3,150,2.4166666666666665
2025-05-22 23:00:00,27.0,79,3,166,2.0
2025-05-23 00:00:00,26.6,82,2,174,1.8055555555555556
2025-05-23 01:00:00,26.1,85,3,183,1.8888888888888888
2025-05-23 02:00:00,25.9,85,3,189,2.2777777777777777
2025-05-23 03:00:00,25.7,84,3,186,2.361111111111111
2025-05-23 04:00:00,25.3,85,3,184,2.055555555555556
2025-05-23 05:00:00,25.0,87,3,184,1.4444444444444444
2025-05-23 06:00:00,25.2,82,2,140,1.777777777777778
2025-05-23 07:00:00,26.4,77,0,159,2.1944444444444446
2025-05-23 08:00:00,28.2,69,1,147,2.7777777777777777
2025-05-23 09:00:00,30.0,61,2,132,2.75
2025-05-23 10:00:00,31.7,53,3,123,2.861111111111111
2025-05-23 11:00:00,32.4,51,3,127,2.5
2025-05-23 12:00:00,33.1,48,3,125,2.5
2025-05-23 13:00:00,34.3,45,2,116,1.9444444444444444
2025-05-23 14:00:00,34.6,44,3,105,1.7222222222222223
2025-05-23 15:00:00,34.7,43,3,88,1.8888888888888888
2025-05-23 16:00:00,34.3,43,3,101,1.777777777777778
2025-05-23 17:00:00,33.8,44,3,87,1.6944444444444442
2025-05-23 18:00:00,31.2,59,3,138,1.5
2025-05-23 19:00:00,30.4,61,3,155,2.361111111111111
2025-05-23 20:00:00,29.9,63,3,162,2.055555555555556
2025-05-23 21:00:00,29.6,66,3,145,1.8333333333333333
2025-05-23 22:00:00,29.0,69,3,150,1.7222222222222223
2025-05-23 23:00:00,27.9,75,51,192,2.4444444444444446
2025-05-24 00:00:00,27.5,76,3,188,1.8055555555555556
2025-05-24 01:00:00,27.3,77,3,206,1.2777777777777777
2025-05-24 02:00:00,26.5,83,51,203,1.9444444444444444
2025-05-24 03:00:00,26.2,82,3,192,2.6666666666666665
2025-05-24 04:00:00,25.1,92,55,198,2.055555555555556
2025-05-24 05:00:00,24.8,95,61,176,1.3611111111111112
2025-05-24 06:00:00,26.5,84,3,201,2.361111111111111
2025-05-24 07:00:00,26.7,82,51,192,2.1944444444444446
2025-05-24 08:00:00,27.1,80,51,191,2.138888888888889
2025-05-24 09:00:00,27.5,76,51,191,1.777777777777778
2025-05-24 10:00:00,28.3,71,3,171,1.6666666666666665
2025-05-24 11:00:00,29.1,67,3,169,2.305555555555556
2025-05-24 12:00:00,30.7,60,3,153,1.4166666666666665
2025-05-24 13:00:00,32.4,53,3,66,0.6111111111111112
2025-05-24 14:00:00,33.0,51,1,29,0.9166666666666666
2025-05-24 15:00:00,33.1,50,1,24,1.5833333333333333
2025-05-24 16:00:00,32.6,52,2,43,1.3055555555555556
2025-05-24 17:00:00,32.3,53,2,52,1.7222222222222223
2025-05-24 18:00:00,29.8,65,1,84,2.25
2025-05-24 19:00:00,29.0,68,3,94,1.3055555555555556
2025-05-24 20:00:00,28.8,70,3,113,1.25
2025-05-24 21:00:00,27.7,77,3,221,2.7222222222222223
2025-05-24 22:00:00,26.2,85,51,224,2.0833333333333335
2025-05-24 23:00:00,25.5,90,3,248,1.5555555555555554
2025-05-25 00:00:00,25.4,93,51,53,0.75
2025-05-25 01:00:00,25.1,93,51,77,3.333333333333333
2025-05-25 02:00:00,24.7,90,3,82,2.1666666666666665
2025-05-25 03:00:00,24.9,92,3,24,0.8611111111111112
2025-05-25 04:00:00,24.7,93,51,18,2.111111111111111
2025-05-25 05:00:00,24.8,93,1,45,1.8333333333333333
2025-05-25 06:00:00,25.6,90,51,73,2.7222222222222223
2025-05-25 07:00:00,26.4,85,2,46,1.8055555555555556
2025-05-25 08:00:00,28.3,78,1,57,2.6666666666666665
2025-05-25 09:00:00,30.5,68,51,69,2.4166666666666665
2025-05-25 10:00:00,31.5,62,3,88,2.388888888888889
2025-05-25 11:00:00,32.5,58,3,96,2.8055555555555554
2025-05-25 12:00:00,33.3,55,3,95,2.361111111111111
2025-05-25 13:00:00,33.0,54,3,78,2.694444444444444
2025-05-25 14:00:00,32.0,62,63,60,3.1111111111111107
2025-05-25 15:00:00,32.4,59,3,87,2.0
2025-05-25 16:00:00,32.6,56,3,85,1.75
2025-05-25 17:00:00,32.1,58,3,114,1.8611111111111112
2025-05-25 18:00:00,30.6,65,3,97,2.361111111111111
2025-05-25 19:00:00,29.3,71,3,100,1.972222222222222
2025-05-25 20:00:00,28.9,73,3,84,1.9166666666666667
2025-05-25 21:00:00,28.3,76,51,28,3.4444444444444446
2025-05-25 22:00:00,26.4,86,3,44,2.5
2025-05-25 23:00:00,26.0,88,3,42,1.4166666666666665
2025-05-26 00:00:00,25.9,90,3,14,1.027777777777778
2025-05-26 01:00:00,25.8,91,3,3,1.8888888888888888
2025-05-26 02:00:00,25.7,92,3,11,1.5277777777777777
2025-05-26 03:00:00,25.6,93,3,15,1.5555555555555554
2025-05-26 04:00:00,25.3,94,2,25,1.4444444444444444
2025-05-26 05:00:00,25.2,95,2,58,1.4166666666666665
2025-05-26 06:00:00,27.2,91,3,63,1.1111111111111112
2025-05-26 07:00:00,28.9,80,3,84,1.5555555555555554
2025-05-26 08:00:00,29.8,72,51,82,1.7222222222222223
2025-05-26 09:00:00,31.0,66,51,63,1.5555555555555554
2025-05-26 10:00:00,32.3,61,3,46,1.7222222222222223
2025-05-26 11:00:00,33.5,57,3,47,1.6944444444444442
2025-05-26 12:00:00,34.6,53,3,49,1.972222222222222
2025-05-26 13:00:00,35.1,51,3,54,1.5277777777777777
2025-05-26 14:00:00,35.2,49,2,67,1.1388888888888888
2025-05-26 15:00:00,35.2,48,2,60,2.5277777777777777
2025-05-26 16:00:00,33.1,57,2,70,3.611111111111111
2025-05-26 17:00:00,32.9,57,3,105,2.388888888888889
2025-05-26 18:00:00,32.4,62,3,41,1.4444444444444444
2025-05-26 19:00:00,30.9,70,3,23,2.2222222222222223
2025-05-26 20:00:00,30.0,73,3,17,2.0833333333333335
2025-05-26 21:00:00,29.1,77,3,318,0.75
2025-05-26 22:00:00,27.1,90,63,204,1.472222222222222
2025-05-26 23:00:00,26.6,93,51,185,2.4444444444444446
2025-05-27 00:00:00,26.4,95,51,201,1.3888888888888888
2025-05-27 01:00:00,26.2,96,53,253,1.4166666666666665
2025-05-27 02:00:00,26.1,95,53,41,0.5277777777777778
2025-05-27 03:00:00,26.0,96,51,331,1.3333333333333333
2025-05-27 04:00:00,25.9,97,51,318,1.3333333333333333
2025-05-27 05:00:00,25.9,96,51,342,0.9444444444444444
2025-05-27 06:00:00,27.6,93,2,321,0.7222222222222222
2025-05-27 07:00:00,28.9,84,3,312,1.4166666666666665
2025-05-27 08:00:00,30.5,74,51,293,0.75
2025-05-27 09:00:00,31.5,66,51,287,0.8333333333333333
2025-05-27 10:00:00,32.8,60,51,239,0.2777777777777778
2025-05-27 11:00:00,34.0,55,3,165,0.5833333333333334
2025-05-27 12:00:00,35.3,51,3,252,0.3055555555555556
2025-05-27 13:00:00,35.7,49,3,351,0.9722222222222222
2025-05-27 14:00:00,35.7,47,3,335,0.7222222222222222
2025-05-27 15:00:00,36.1,45,3,88,1.3888888888888888
2025-05-27 16:00:00,32.4,61,61,103,2.972222222222222
2025-05-27 17:00:00,32.2,59,3,108,1.1666666666666667
2025-05-27 18:00:00,27.2,87,63,221,4.75
2025-05-27 19:00:00,26.7,91,55,247,2.861111111111111
2025-05-27 20:00:00,25.8,96,53,242,3.1111111111111107
2025-05-27 21:00:00,26.1,95,53,240,2.7222222222222223
2025-05-27 22:00:00,26.2,94,51,268,2.4444444444444446
2025-05-27 23:00:00,26.1,94,3,278,1.5
2025-05-28 00:00:00,26.2,93,3,279,1.0
2025-05-28 01:00:00,26.0,92,3,273,0.888888888888889
2025-05-28 02:00:00,26.1,91,3,277,1.7222222222222223
2025-05-28 03:00:00,26.2,87,3,282,1.8888888888888888
2025-05-28 04:00:00,26.3,84,3,281,1.777777777777778
2025-05-28 05:00:00,26.1,85,3,275,1.25
2025-05-28 06:00:00,25.9,89,61,324,2.861111111111111
2025-05-28 07:00:00,26.7,87,53,314,3.3611111111111107
2025-05-28 08:00:00,28.3,76,51,316,3.138888888888889
2025-05-28 09:00:00,29.3,67,3,313,3.3888888888888884
2025-05-28 10:00:00,31.6,58,2,314,2.833333333333333
2025-05-28 11:00:00,33.4,53,3,316,2.0833333333333335
2025-05-28 12:00:00,34.7,50,3,323,1.8333333333333333
2025-05-28 13:00:00,35.1,50,3,310,1.6944444444444442
2025-05-28 14:00:00,35.5,47,3,290,2.0277777777777777
2025-05-28 15:00:00,32.5,57,53,35,1.3888888888888888
2025-05-28 16:00:00,30.1,76,61,144,2.833333333333333
2025-05-28 17:00:00,30.0,69,2,163,2.8055555555555554
2025-05-28 18:00:00,31.3,64,3,234,1.972222222222222
2025-05-28 19:00:00,30.1,70,3,248,1.1944444444444444
2025-05-28 20:00:00,29.0,73,55,338,1.0833333333333333
2025-05-28 21:00:00,27.1,85,63,326,2.111111111111111
2025-05-28 22:00:00,26.9,83,3,320,2.2222222222222223
2025-05-28 23:00:00,26.5,87,51,273,1.8055555555555556
2025-05-29 00:00:00,26.3,93,53,263,1.9166666666666667
2025-05-29 01:00:00,26.8,89,51,265,2.4166666666666665
2025-05-29 02:00:00,27.1,87,3,265,2.25
2025-05-29 03:00:00,27.1,84,3,255,2.0833333333333335
2025-05-29 04:00:00,27.2,82,3,260,1.472222222222222
2025-05-29 05:00:00,27.4,79,3,297,2.5833333333333335
2025-05-29 06:00:00,27.1,80,3,302,2.638888888888889
2025-05-29 07:00:00,28.9,71,3,303,3.0277777777777777
2025-05-29 08:00:00,30.2,62,3,309,2.944444444444444
2025-05-29 09:00:00,31.5,58,3,310,2.4722222222222223
2025-05-29 10:00:00,33.4,53,3,307,2.5833333333333335
2025-05-29 11:00:00,35.3,46,3,317,2.7222222222222223
2025-05-29 12:00:00,36.2,41,3,337,2.1666666666666665
2025-05-29 13:00:00,36.5,38,3,6,1.5555555555555554
2025-05-29 14:00:00,34.1,45,3,281,2.4444444444444446
2025-05-29 15:00:00,30.1,64,51,73,3.083333333333333
2025-05-29 16:00:00,29.2,71,51,99,1.2777777777777777
2025-05-29 17:00:00,30.8,64,3,235,2.0
2025-05-29 18:00:00,30.4,71,3,223,0.8055555555555555
2025-05-29 19:00:00,29.6,73,3,232,2.0277777777777777
2025-05-29 20:00:00,29.4,72,3,223,2.611111111111111
2025-05-29 21:00:00,29.7,64,3,236,3.75
2025-05-29 22:00:00,29.1,66,3,245,4.083333333333333
2025-05-29 23:00:00,28.3,70,3,244,3.944444444444444
2025-05-30 00:00:00,27.9,73,3,250,3.3055555555555554
2025-05-30 01:00:00,27.7,73,3,241,2.75
2025-05-30 02:00:00,27.4,75,3,250,2.0277777777777777
2025-05-30 03:00:00,27.0,77,3,243,1.4166666666666665
2025-05-30 04:00:00,27.0,78,3,245,1.6666666666666665
2025-05-30 05:00:00,27.0,79,3,267,1.8611111111111112
2025-05-30 06:00:00,28.4,76,3,260,2.694444444444444
2025-05-30 07:00:00,29.9,69,3,276,2.8055555555555554
2025-05-30 08:00:00,31.5,62,3,293,3.8055555555555554
2025-05-30 09:00:00,32.8,57,3,289,3.75
2025-05-30 10:00:00,34.0,54,3,291,3.4722222222222223
2025-05-30 11:00:00,35.3,50,3,294,3.333333333333333
2025-05-30 12:00:00,36.3,47,3,292,3.194444444444444
2025-05-30 13:00:00,36.6,44,3,285,3.3055555555555554
2025-05-30 14:00:00,34.3,49,51,269,2.111111111111111
2025-05-30 15:00:00,28.8,73,63,331,3.0277777777777777
2025-05-30 16:00:00,29.6,72,51,358,1.1388888888888888
2025-05-30 17:00:00,30.4,67,3,27,1.5555555555555554
2025-05-30 18:00:00,30.0,78,3,347,0.6666666666666666
2025-05-30 19:00:00,29.2,79,3,320,0.38888888888888884
2025-05-30 20:00:00,28.9,80,3,211,0.2777777777777778
2025-05-30 21:00:00,28.1,83,3,210,1.0
2025-05-30 22:00:00,27.9,82,3,233,1.0833333333333333
2025-05-30 23:00:00,28.1,80,3,241,1.027777777777778
2025-05-31 00:00:00,28.0,78,3,265,1.1944444444444444
2025-05-31 01:00:00,28.2,74,3,270,1.3611111111111112
2025-05-31 02:00:00,28.2,68,0,279,2.4722222222222223
2025-05-31 03:00:00,28.1,66,0,283,2.611111111111111
2025-05-31 04:00:00,27.9,68,0,280,2.944444444444444
2025-05-31 05:00:00,27.7,69,0,284,3.194444444444444
2025-05-31 06:00:00,28.4,70,3,302,4.111111111111112
2025-05-31 07:00:00,29.3,64,3,300,4.166666666666667
2025-05-31 08:00:00,30.5,60,3,296,4.083333333333333
2025-05-31 09:00:00,32.0,55,3,296,3.944444444444444
2025-05-31 10:00:00,33.4,52,0,301,3.75
2025-05-31 11:00:00,34.7,48,0,298,3.5
2025-05-31 12:00:00,35.8,41,1,289,3.75
2025-05-31 13:00:00,36.5,32,2,289,3.8055555555555554
2025-05-31 14:00:00,37.0,30,2,283,4.222222222222222
2025-05-31 15:00:00,36.8,31,3,280,4.722222222222222
2025-05-31 16:00:00,36.0,33,2,276,4.888888888888889
2025-05-31 17:00:00,35.0,34,2,265,4.305555555555555
2025-05-31 18:00:00,33.2,37,3,250,3.4722222222222223
2025-05-31 19:00:00,31.6,41,3,242,3.611111111111111
2025-05-31 20:00:00,30.7,44,3,255,3.555555555555556
2025-05-31 21:00:00,29.5,48,3,267,3.0
2025-05-31 22:00:00,29.1,48,3,263,3.4722222222222223
2025-05-31 23:00:00,28.9,48,3,269,3.555555555555556
2025-06-01 00:00:00,28.5,50,3,277,3.5833333333333335
2025-06-01 01:00:00,28.6,49,3,279,4.361111111111111
2025-06-01 02:00:00,27.9,52,3,287,4.027777777777778
2025-06-01 03:00:00,27.1,57,3,287,3.861111111111111
2025-06-01 04:00:00,26.7,59,3,288,3.888888888888889
2025-06-01 05:00:00,26.3,62,3,286,3.9166666666666665
2025-06-01 06:00:00,27.7,66,3,285,4.083333333333333
2025-06-01 07:00:00,28.9,63,3,285,3.6666666666666665
2025-06-01 08:00:00,30.3,57,3,288,3.944444444444444
2025-06-01 09:00:00,31.9,50,3,287,3.7777777777777777
2025-06-01 10:00:00,33.7,42,3,282,3.6666666666666665
2025-06-01 11:00:00,35.2,35,3,277,3.8333333333333335
2025-06-01 12:00:00,36.0,30,3,270,4.055555555555555
2025-06-01 13:00:00,36.1,30,3,259,4.027777777777778
2025-06-01 14:00:00,36.7,26,3,255,4.138888888888889
2025-06-01 15:00:00,36.6,26,3,258,4.25
2025-06-01 16:00:00,35.9,29,3,257,4.25
2025-06-01 17:00:00,34.6,32,3,249,3.1111111111111107
2025-06-01 18:00:00,32.5,34,1,240,3.861111111111111
2025-06-01 19:00:00,31.2,37,0,231,3.4722222222222223
2025-06-01 20:00:00,30.1,40,0,239,3.416666666666667
2025-06-01 21:00:00,29.3,43,2,252,3.138888888888889
2025-06-01 22:00:00,28.6,46,2,261,3.0277777777777777
2025-06-01 23:00:00,27.9,48,2,259,2.611111111111111
2025-06-02 00:00:00,27.0,52,2,232,2.6666666666666665
2025-06-02 01:00:00,27.4,50,3,243,3.138888888888889
2025-06-02 02:00:00,27.8,51,0,246,3.0555555555555554
2025-06-02 03:00:00,26.9,57,2,256,2.972222222222222
2025-06-02 04:00:00,26.4,61,3,251,2.75
2025-06-02 05:00:00,26.2,65,3,242,2.694444444444444
2025-06-02 06:00:00,28.6,65,2,242,3.222222222222222
2025-06-02 07:00:00,29.8,61,2,254,3.8055555555555554
2025-06-02 08:00:00,30.7,57,1,265,3.861111111111111
2025-06-02 09:00:00,32.4,50,0,274,3.7222222222222223
2025-06-02 10:00:00,33.4,48,1,269,3.5
2025-06-02 11:00:00,34.4,44,3,258,3.1111111111111107
2025-06-02 12:00:00,34.8,41,3,238,3.222222222222222
2025-06-02 13:00:00,32.2,50,53,238,3.9166666666666665
2025-06-02 14:00:00,34.7,43,51,240,3.194444444444444
2025-06-02 15:00:00,34.7,42,1,239,3.861111111111111
2025-06-02 16:00:00,34.1,43,1,238,4.388888888888889
2025-06-02 17:00:00,33.1,44,0,243,3.861111111111111
2025-06-02 18:00:00,32.0,44,2,200,2.9166666666666665
2025-06-02 19:00:00,30.6,48,2,204,2.8055555555555554
2025-06-02 20:00:00,29.5,51,0,206,2.6666666666666665
2025-06-02 21:00:00,28.6,55,1,201,2.638888888888889
2025-06-02 22:00:00,28.3,56,1,207,3.0277777777777777
2025-06-02 23:00:00,27.5,58,2,229,2.7222222222222223
2025-06-03 00:00:00,27.0,60,3,236,2.305555555555556
2025-06-03 01:00:00,26.3,61,3,264,2.0
2025-06-03 02:00:00,25.5,64,3,270,1.5555555555555554
2025-06-03 03:00:00,25.7,62,3,301,1.8611111111111112
2025-06-03 04:00:00,25.2,64,2,291,1.7222222222222223
2025-06-03 05:00:00,24.7,69,2,278,1.5
2025-06-03 06:00:00,28.4,61,0,267,3.3611111111111107
2025-06-03 07:00:00,29.7,58,0,269,3.8055555555555554
2025-06-03 08:00:00,30.9,52,0,277,4.027777777777778
2025-06-03 09:00:00,32.4,46,0,272,3.75
2025-06-03 10:00:00,33.9,38,0,269,4.111111111111112
2025-06-03 11:00:00,34.8,34,1,268,4.555555555555555
2025-06-03 12:00:00,34.9,33,1,271,5.194444444444444
2025-06-03 13:00:00,34.7,34,3,277,5.222222222222222
2025-06-03 14:00:00,33.7,40,3,272,4.0
2025-06-03 15:00:00,34.5,39,3,286,3.222222222222222
2025-06-03 16:00:00,34.5,39,1,280,3.0555555555555554
2025-06-03 17:00:00,33.9,41,0,261,2.6666666666666665
2025-06-03 18:00:00,32.4,38,0,250,2.2222222222222223
2025-06-03 19:00:00,30.7,41,0,242,2.25
2025-06-03 20:00:00,29.3,45,1,245,2.138888888888889
2025-06-03 21:00:00,28.8,47,0,252,2.5277777777777777
2025-06-03 22:00:00,28.6,47,1,289,2.8055555555555554
2025-06-03 23:00:00,28.2,48,1,313,2.944444444444444
2025-06-04 00:00:00,27.8,52,2,308,2.7222222222222223
2025-06-04 01:00:00,27.8,54,3,309,2.8055555555555554
2025-06-04 02:00:00,26.9,59,3,285,1.5
2025-06-04 03:00:00,26.5,64,3,260,1.1111111111111112
2025-06-04 04:00:00,26.1,66,2,272,1.1388888888888888
2025-06-04 05:00:00,25.4,69,0,299,1.4444444444444444
2025-06-04 06:00:00,27.0,68,3,311,3.1111111111111107
2025-06-04 07:00:00,27.2,68,3,316,3.222222222222222
2025-06-04 08:00:00,29.0,60,1,321,2.694444444444444
2025-06-04 09:00:00,30.8,52,1,311,2.833333333333333
2025-06-04 10:00:00,32.5,46,1,304,2.4722222222222223
2025-06-04 11:00:00,34.2,42,1,298,1.9166666666666667
2025-06-04 12:00:00,35.3,38,3,284,2.2777777777777777
2025-06-04 13:00:00,35.5,35,1,274,3.1666666666666665
2025-06-04 14:00:00,35.7,33,0,293,2.833333333333333
2025-06-04 15:00:00,35.8,32,1,283,2.055555555555556
2025-06-04 16:00:00,35.7,31,0,285,1.75
2025-06-04 17:00:00,34.3,34,1,345,1.972222222222222
2025-06-04 18:00:00,28.4,57,51,9,3.4444444444444446
2025-06-04 19:00:00,28.4,61,1,19,2.4444444444444446
2025-06-04 20:00:00,27.4,65,1,24,1.1944444444444444
2025-06-04 21:00:00,27.4,65,3,18,1.1666666666666667
2025-06-04 22:00:00,27.4,66,3,345,1.1388888888888888
2025-06-04 23:00:00,27.9,62,3,340,2.0277777777777777
2025-06-05 00:00:00,27.7,63,3,353,2.1666666666666665
2025-06-05 01:00:00,27.1,68,3,360,0.6944444444444444
2025-06-05 02:00:00,26.2,75,51,254,1.25
2025-06-05 03:00:00,25.7,80,3,214,0.888888888888889
2025-06-05 04:00:00,25.6,83,3,25,0.8333333333333333
2025-06-05 05:00:00,25.7,81,3,225,0.08333333333333333
2025-06-05 06:00:00,27.2,67,3,264,2.0
2025-06-05 07:00:00,27.9,65,3,290,1.1666666666666667
2025-06-05 08:00:00,29.4,58,3,303,1.1944444444444444
2025-06-05 09:00:00,31.0,50,0,293,1.6944444444444442
2025-06-05 10:00:00,33.3,43,0,307,1.5
2025-06-05 11:00:00,34.6,37,0,334,1.3888888888888888
2025-06-05 12:00:00,35.6,33,0,342,1.472222222222222
2025-06-05 13:00:00,36.1,32,0,344,1.3055555555555556
2025-06-05 14:00:00,36.4,32,1,337,1.1388888888888888
2025-06-05 15:00:00,36.1,32,1,277,1.611111111111111
2025-06-05 16:00:00,35.5,32,0,235,2.4444444444444446
2025-06-05 17:00:00,34.5,36,1,225,2.111111111111111
2025-06-05 18:00:00,33.6,44,1,288,0.4722222222222222
2025-06-05 19:00:00,31.8,45,1,244,3.888888888888889
2025-06-05 20:00:00,30.3,49,1,268,2.75
2025-06-05 21:00:00,29.7,51,0,230,1.777777777777778
2025-06-05 22:00:00,28.7,55,1,243,1.6388888888888888
2025-06-05 23:00:00,28.2,58,0,287,0.8333333333333333
2025-06-06 00:00:00,27.3,61,0,283,1.0833333333333333
2025-06-06 01:00:00,26.7,61,0,325,1.75
2025-06-06 02:00:00,26.0,65,0,333,1.6388888888888888
2025-06-06 03:00:00,25.7,67,0,290,1.8611111111111112
2025-06-06 04:00:00,24.6,73,1,308,1.472222222222222
2025-06-06 05:00:00,24.3,75,0,304,1.5
2025-06-06 06:00:00,26.9,69,3,266,1.5
2025-06-06 07:00:00,29.2,61,3,301,1.1666666666666667
2025-06-06 08:00:00,32.2,47,0,328,1.1111111111111112
2025-06-06 09:00:00,34.4,36,0,356,0.8055555555555555
2025-06-06 10:00:00,35.7,32,0,7,0.8055555555555555
2025-06-06 11:00:00,36.7,28,0,350,1.1111111111111112
2025-06-06 12:00:00,37.4,26,0,334,1.5
2025-06-06 13:00:00,37.9,24,1,334,2.055555555555556
2025-06-06 14:00:00,38.1,22,1,326,1.611111111111111
2025-06-06 15:00:00,38.1,22,1,357,0.8611111111111112
2025-06-06 16:00:00,37.9,23,2,24,0.9722222222222222
2025-06-06 17:00:00,36.9,33,1,53,0.5
2025-06-06 18:00:00,35.1,28,0,49,1.8333333333333333
2025-06-06 19:00:00,33.7,30,3,225,0.3611111111111111
2025-06-06 20:00:00,31.9,44,3,247,1.027777777777778
2025-06-06 21:00:00,32.2,45,0,18,0.16666666666666666
2025-06-06 22:00:00,30.2,48,0,297,1.0
2025-06-06 23:00:00,29.3,50,0,314,1.5833333333333333
2025-06-07 00:00:00,28.5,51,2,332,1.472222222222222
2025-06-07 01:00:00,27.9,53,3,310,1.5
2025-06-07 02:00:00,27.9,51,0,342,2.138888888888889
2025-06-07 03:00:00,27.7,51,0,359,2.055555555555556
2025-06-07 04:00:00,26.4,57,0,314,1.3888888888888888
2025-06-07 05:00:00,26.1,59,0,307,1.5833333333333333
2025-06-07 06:00:00,29.4,50,2,325,2.25
2025-06-07 07:00:00,30.8,47,1,335,3.75
2025-06-07 08:00:00,32.0,44,3,345,4.916666666666666
2025-06-07 09:00:00,31.4,46,3,340,4.0
2025-06-07 10:00:00,32.2,44,3,343,2.7222222222222223
2025-06-07 11:00:00,33.9,40,3,325,3.1111111111111107
2025-06-07 12:00:00,35.4,34,3,317,3.0
2025-06-07 13:00:00,36.0,32,3,305,3.222222222222222
2025-06-07 14:00:00,36.0,32,3,303,3.333333333333333
2025-06-07 15:00:00,36.5,30,3,303,2.4444444444444446
2025-06-07 16:00:00,36.7,30,1,294,1.6944444444444442
2025-06-07 17:00:00,36.4,31,3,252,0.9444444444444444
2025-06-07 18:00:00,34.3,39,3,232,1.7222222222222223
2025-06-07 19:00:00,31.8,47,2,235,1.472222222222222
2025-06-07 20:00:00,31.1,50,0,231,2.055555555555556
2025-06-07 21:00:00,30.8,49,0,253,2.5555555555555554
2025-06-07 22:00:00,30.2,48,0,288,1.75
2025-06-07 23:00:00,30.0,46,1,301,1.75
2025-06-08 00:00:00,30.4,44,1,295,2.138888888888889
2025-06-08 01:00:00,30.9,42,1,294,3.0555555555555554
2025-06-08 02:00:00,30.0,45,2,303,2.5555555555555554
2025-06-08 03:00:00,29.8,47,3,316,3.416666666666667
2025-06-08 04:00:00,29.7,49,3,312,4.166666666666667
2025-06-08 05:00:00,29.2,51,0,309,4.055555555555555
2025-06-08 06:00:00,30.4,50,1,291,3.638888888888889
2025-06-08 07:00:00,31.6,48,1,295,3.9722222222222223
2025-06-08 08:00:00,33.3,43,0,300,5.027777777777778
2025-06-08 09:00:00,35.1,38,0,305,5.166666666666667
2025-06-08 10:00:00,36.8,36,0,310,5.027777777777778
2025-06-08 11:00:00,38.8,29,0,312,4.611111111111112
2025-06-08 12:00:00,39.9,25,0,320,4.111111111111112
2025-06-08 13:00:00,40.5,22,1,335,3.638888888888889
2025-06-08 14:00:00,40.1,22,3,352,4.138888888888889
2025-06-08 15:00:00,39.0,23,3,326,2.694444444444444
2025-06-08 16:00:00,39.7,21,51,266,2.694444444444444
2025-06-08 17:00:00,38.3,25,51,283,2.9166666666666665
2025-06-08 18:00:00,37.7,27,1,313,2.611111111111111
2025-06-08 19:00:00,36.5,30,0,305,2.9166666666666665
2025-06-08 20:00:00,34.9,34,0,276,3.0277777777777777
2025-06-08 21:00:00,34.1,35,0,264,3.3055555555555554
2025-06-08 22:00:00,33.3,40,0,271,4.0
2025-06-08 23:00:00,33.1,41,0,271,4.0
2025-06-09 00:00:00,33.0,39,1,282,4.638888888888888
2025-06-09 01:00:00,32.4,40,0,297,4.666666666666667
2025-06-09 02:00:00,31.6,42,0,306,4.75
2025-06-09 03:00:00,31.2,43,0,311,5.5
2025-06-09 04:00:00,30.8,45,1,315,5.611111111111111
2025-06-09 05:00:00,30.5,47,0,319,5.694444444444445
2025-06-09 06:00:00,30.8,52,1,280,2.2777777777777777
2025-06-09 07:00:00,32.3,48,0,287,2.5277777777777777
2025-06-09 08:00:00,34.2,43,0,295,3.3611111111111107
2025-06-09 09:00:00,36.0,40,0,310,2.2777777777777777
2025-06-09 10:00:00,38.0,35,0,314,2.5833333333333335
2025-06-09 11:00:00,39.8,28,1,325,3.6944444444444446
2025-06-09 12:00:00,40.5,25,2,1,3.3611111111111107
2025-06-09 13:00:00,40.6,25,0,340,2.6666666666666665
2025-06-09 14:00:00,41.8,23,1,353,4.222222222222222
2025-06-09 15:00:00,41.3,23,1,347,3.861111111111111
2025-06-09 16:00:00,40.8,22,2,356,3.9166666666666665
2025-06-09 17:00:00,39.8,23,1,4,4.111111111111112
2025-06-09 18:00:00,38.4,23,2,309,1.8055555555555556
2025-06-09 19:00:00,35.9,28,3,254,1.3055555555555556
2025-06-09 20:00:00,34.9,28,3,236,1.611111111111111
2025-06-09 21:00:00,33.9,32,1,223,1.972222222222222
2025-06-09 22:00:00,33.4,33,2,263,2.1666666666666665
2025-06-09 23:00:00,32.1,40,2,251,1.0555555555555556
2025-06-10 00:00:00,30.8,43,3,213,1.1944444444444444
2025-06-10 01:00:00,30.7,44,3,235,1.3888888888888888
2025-06-10 02:00:00,30.6,44,3,257,2.4166666666666665
2025-06-10 03:00:00,30.2,45,3,292,3.083333333333333
2025-06-10 04:00:00,30.1,48,3,298,3.6666666666666665
2025-06-10 05:00:00,29.9,49,1,305,3.8055555555555554
2025-06-10 06:00:00,30.1,59,3,278,3.7222222222222223
2025-06-10 07:00:00,31.7,54,3,286,3.9166666666666665
2025-06-10 08:00:00,33.6,47,1,299,4.555555555555555
2025-06-10 09:00:00,35.8,41,1,312,4.638888888888888
2025-06-10 10:00:00,38.1,36,2,320,4.694444444444444
2025-06-10 11:00:00,40.4,27,1,339,4.111111111111112
2025-06-10 12:00:00,39.5,25,51,350,2.75
2025-06-10 13:00:00,40.9,24,1,306,4.027777777777778
2025-06-10 14:00:00,41.6,22,2,27,3.5277777777777777
2025-06-10 15:00:00,42.0,20,1,357,4.5
2025-06-10 16:00:00,40.8,21,0,38,3.0
2025-06-10 17:00:00,39.5,23,3,359,4.888888888888889
2025-06-10 18:00:00,37.5,28,3,122,2.944444444444444
2025-06-10 19:00:00,33.9,43,3,175,3.416666666666667
2025-06-10 20:00:00,32.4,48,3,166,3.3055555555555554
2025-06-10 21:00:00,31.6,52,3,193,2.4722222222222223
2025-06-10 22:00:00,30.7,58,0,198,2.833333333333333
2025-06-10 23:00:00,30.1,61,0,178,2.361111111111111
2025-06-11 00:00:00,29.7,63,3,194,1.8055555555555556
2025-06-11 01:00:00,29.3,65,2,231,1.3611111111111112
2025-06-11 02:00:00,29.0,68,2,294,0.8611111111111112
2025-06-11 03:00:00,28.8,68,1,352,1.4166666666666665
2025-06-11 04:00:00,28.7,68,0,36,1.1666666666666667
2025-06-11 05:00:00,28.7,68,1,45,1.5555555555555554
2025-06-11 06:00:00,27.8,73,1,190,2.0833333333333335
2025-06-11 07:00:00,28.9,71,1,186,1.5555555555555554
2025-06-11 08:00:00,30.9,62,2,193,0.9166666666666666
2025-06-11 09:00:00,32.8,54,1,225,0.2777777777777778
2025-06-11 10:00:00,34.6,47,2,29,0.5277777777777778
2025-06-11 11:00:00,36.3,41,1,55,1.2222222222222223
2025-06-11 12:00:00,37.4,37,3,66,1.8611111111111112
2025-06-11 13:00:00,38.0,36,3,64,2.7777777777777777
2025-06-11 14:00:00,37.8,37,3,54,2.4722222222222223
2025-06-11 15:00:00,38.1,36,3,57,2.138888888888889
2025-06-11 16:00:00,36.2,40,3,106,3.1666666666666665
2025-06-11 17:00:00,35.7,41,3,125,2.9166666666666665
2025-06-11 18:00:00,35.8,37,3,102,3.2777777777777777
2025-06-11 19:00:00,34.3,44,3,142,2.5277777777777777
2025-06-11 20:00:00,33.3,49,3,161,2.1666666666666665
2025-06-11 21:00:00,32.3,53,3,196,1.8611111111111112
2025-06-11 22:00:00,31.6,56,3,205,1.0555555555555556
2025-06-11 23:00:00,31.0,59,3,209,1.027777777777778
2025-06-12 00:00:00,30.6,65,3,200,0.5833333333333334
2025-06-12 01:00:00,30.4,64,3,333,0.11111111111111112
2025-06-12 02:00:00,29.9,67,3,350,0.5555555555555556
2025-06-12 03:00:00,29.8,67,3,45,0.41666666666666663
2025-06-12 04:00:00,29.7,65,3,98,2.0833333333333335
2025-06-12 05:00:00,28.9,68,2,113,2.388888888888889
2025-06-12 06:00:00,29.9,66,3,257,0.6666666666666666
2025-06-12 07:00:00,31.8,58,3,96,0.4444444444444445
2025-06-12 08:00:00,33.4,51,3,54,1.3611111111111112
2025-06-12 09:00:00,33.7,50,3,63,1.6388888888888888
2025-06-12 10:00:00,35.2,45,0,57,2.138888888888889
2025-06-12 11:00:00,36.4,42,1,60,2.5277777777777777
2025-06-12 12:00:00,37.1,41,1,66,2.694444444444444
2025-06-12 13:00:00,37.4,39,1,74,3.2777777777777777
2025-06-12 14:00:00,37.4,38,1,74,3.1666666666666665
2025-06-12 15:00:00,37.5,39,1,77,3.1666666666666665
2025-06-12 16:00:00,36.8,40,51,79,3.9166666666666665
2025-06-12 17:00:00,35.9,40,51,85,2.4166666666666665
2025-06-12 18:00:00,35.8,40,51,94,3.194444444444444
2025-06-12 19:00:00,34.3,46,51,157,2.5555555555555554
2025-06-12 20:00:00,32.0,61,0,209,3.3055555555555554
2025-06-12 21:00:00,31.3,64,0,213,2.5
2025-06-12 22:00:00,30.8,68,0,213,2.305555555555556
2025-06-12 23:00:00,30.3,70,0,203,1.6388888888888888
2025-06-13 00:00:00,29.8,72,0,202,1.1944444444444444
2025-06-13 01:00:00,29.4,74,0,185,1.25
2025-06-13 02:00:00,28.9,78,0,180,0.4444444444444445
2025-06-13 03:00:00,28.8,81,1,198,0.16666666666666666
2025-06-13 04:00:00,28.5,80,1,180,0.4444444444444445
2025-06-13 05:00:00,28.2,82,0,162,0.7777777777777777
2025-06-13 06:00:00,29.1,73,0,182,1.1944444444444444
2025-06-13 07:00:00,30.3,67,0,170,1.7222222222222223
2025-06-13 08:00:00,31.2,64,51,168,2.1944444444444446
2025-06-13 09:00:00,32.4,59,51,163,1.8888888888888888
2025-06-13 10:00:00,33.8,54,0,153,1.8888888888888888
2025-06-13 11:00:00,34.8,49,51,137,1.8333333333333333
2025-06-13 12:00:00,35.6,47,1,125,1.8333333333333333
2025-06-13 13:00:00,36.3,44,1,118,1.8055555555555556
2025-06-13 14:00:00,37.0,42,1,118,1.8055555555555556
2025-06-13 15:00:00,36.9,42,0,131,1.8333333333333333
2025-06-13 16:00:00,36.6,43,2,127,2.388888888888889
2025-06-13 17:00:00,34.2,49,51,83,2.361111111111111
2025-06-13 18:00:00,34.0,49,1,149,2.5555555555555554
2025-06-13 19:00:00,33.3,52,0,186,1.8611111111111112
2025-06-13 20:00:00,32.4,58,0,214,2.4166666666666665
2025-06-13 21:00:00,32.0,59,0,215,1.75
2025-06-13 22:00:00,31.5,61,0,205,1.5555555555555554
2025-06-13 23:00:00,30.9,64,0,200,2.0277777777777777
2025-06-14 00:00:00,30.4,66,1,199,2.2777777777777777
2025-06-14 01:00:00,29.9,67,1,200,2.3333333333333335
2025-06-14 02:00:00,29.5,69,3,179,2.25
2025-06-14 03:00:00,27.2,80,51,179,4.361111111111111
2025-06-14 04:00:00,26.2,86,51,187,2.7222222222222223
2025-06-14 05:00:00,26.0,87,3,146,2.055555555555556
2025-06-14 06:00:00,29.6,70,0,191,0.7777777777777777
2025-06-14 07:00:00,30.5,66,0,157,1.25
2025-06-14 08:00:00,32.0,61,0,191,1.8333333333333333
2025-06-14 09:00:00,33.5,55,0,198,2.111111111111111
2025-06-14 10:00:00,35.0,50,0,190,2.0277777777777777
2025-06-14 11:00:00,36.0,47,1,182,2.388888888888889
2025-06-14 12:00:00,36.7,44,3,180,2.694444444444444
2025-06-14 13:00:00,37.1,42,3,178,2.5555555555555554
2025-06-14 14:00:00,37.0,41,3,193,2.7222222222222223
2025-06-14 15:00:00,36.5,43,1,182,2.361111111111111
2025-06-14 16:00:00,36.5,42,1,154,1.8333333333333333
2025-06-14 17:00:00,35.8,44,0,140,3.0555555555555554
2025-06-14 18:00:00,34.7,50,2,151,2.5833333333333335
2025-06-14 19:00:00,33.6,54,2,162,2.7222222222222223
2025-06-14 20:00:00,33.0,56,2,201,1.2222222222222223
2025-06-14 21:00:00,31.6,63,51,283,0.4722222222222222
2025-06-14 22:00:00,29.4,73,61,221,2.7222222222222223
2025-06-14 23:00:00,28.3,80,53,248,1.4444444444444444
2025-06-15 00:00:00,28.1,77,3,221,2.7777777777777777
2025-06-15 01:00:00,27.6,79,3,226,2.7222222222222223
2025-06-15 02:00:00,27.3,81,2,220,1.5555555555555554
2025-06-15 03:00:00,27.1,82,1,212,1.2222222222222223
2025-06-15 04:00:00,26.8,84,3,176,0.6944444444444444
2025-06-15 05:00:00,26.6,85,1,138,1.1944444444444444
2025-06-15 06:00:00,28.0,80,0,101,1.5833333333333333
2025-06-15 07:00:00,29.3,74,1,130,1.6944444444444442
2025-06-15 08:00:00,30.9,66,2,167,2.055555555555556
2025-06-15 09:00:00,32.5,59,3,174,1.8611111111111112
2025-06-15 10:00:00,33.8,54,1,158,1.777777777777778
2025-06-15 11:00:00,35.0,50,0,155,2.111111111111111
2025-06-15 12:00:00,35.6,48,1,156,2.305555555555556
2025-06-15 13:00:00,36.3,46,1,171,2.3333333333333335
2025-06-15 14:00:00,36.7,45,1,174,2.4722222222222223
2025-06-15 15:00:00,36.6,45,0,164,2.694444444444444
2025-06-15 16:00:00,36.1,46,0,165,2.694444444444444
2025-06-15 17:00:00,33.3,56,55,203,3.4722222222222223
2025-06-15 18:00:00,33.7,49,1,185,4.111111111111112
2025-06-15 19:00:00,32.5,55,0,191,3.611111111111111
2025-06-15 20:00:00,31.6,59,0,180,4.138888888888889
2025-06-15 21:00:00,31.0,61,0,175,3.1111111111111107
2025-06-15 22:00:00,30.5,63,0,175,2.6666666666666665
2025-06-15 23:00:00,30.1,65,2,172,3.083333333333333
2025-06-16 00:00:00,29.6,66,0,176,3.194444444444444
2025-06-16 01:00:00,29.1,68,1,180,2.888888888888889
2025-06-16 02:00:00,28.7,70,3,187,2.861111111111111
2025-06-16 03:00:00,28.4,72,3,188,2.611111111111111
2025-06-16 04:00:00,28.1,74,3,192,2.861111111111111
2025-06-16 05:00:00,27.8,75,3,196,2.694444444444444
2025-06-16 06:00:00,28.1,74,2,183,3.1666666666666665
2025-06-16 07:00:00,29.1,69,3,187,3.416666666666667
2025-06-16 08:00:00,30.2,64,2,183,3.194444444444444
2025-06-16 09:00:00,31.0,61,51,178,3.138888888888889
2025-06-16 10:00:00,32.2,58,51,174,3.1111111111111107
2025-06-16 11:00:00,33.7,53,3,160,2.5
2025-06-16 12:00:00,34.7,50,1,158,2.694444444444444
2025-06-16 13:00:00,35.0,49,0,156,2.9166666666666665
2025-06-16 14:00:00,35.7,46,3,164,3.555555555555556
2025-06-16 15:00:00,31.3,63,53,178,5.944444444444444
2025-06-16 16:00:00,31.4,63,53,185,4.111111111111112
2025-06-16 17:00:00,31.9,59,1,189,3.5833333333333335
2025-06-16 18:00:00,31.6,59,3,163,4.388888888888889
2025-06-16 19:00:00,31.0,61,3,168,3.8333333333333335
2025-06-16 20:00:00,29.8,67,3,182,4.916666666666666
2025-06-16 21:00:00,28.7,69,3,206,5.444444444444445
2025-06-16 22:00:00,26.8,81,51,198,3.2499999999999996
2025-06-16 23:00:00,25.8,90,61,177,1.75
2025-06-17 00:00:00,25.9,91,3,201,2.138888888888889
2025-06-17 01:00:00,25.7,91,3,198,2.055555555555556
2025-06-17 02:00:00,25.6,91,3,196,2.1944444444444446
2025-06-17 03:00:00,25.6,91,3,196,2.5
2025-06-17 04:00:00,25.6,91,2,202,2.305555555555556
2025-06-17 05:00:00,25.6,92,2,219,2.388888888888889
2025-06-17 06:00:00,26.2,84,0,203,2.1666666666666665
2025-06-17 07:00:00,27.9,75,2,222,2.611111111111111
2025-06-17 08:00:00,29.7,65,3,251,4.611111111111112
2025-06-17 09:00:00,30.8,59,3,260,4.472222222222222
2025-06-17 10:00:00,31.7,56,3,261,3.638888888888889
2025-06-17 11:00:00,29.8,68,53,235,4.194444444444445
2025-06-17 12:00:00,31.1,62,2,231,2.305555555555556
2025-06-17 13:00:00,33.1,54,51,233,3.75
2025-06-17 14:00:00,33.9,49,3,252,4.416666666666667
2025-06-17 15:00:00,33.9,48,3,238,4.388888888888889
2025-06-17 16:00:00,33.2,50,3,241,4.444444444444445
2025-06-17 17:00:00,32.8,52,3,234,3.0
2025-06-17 18:00:00,31.3,61,3,222,0.75
2025-06-17 19:00:00,29.9,62,3,162,1.1666666666666667
2025-06-17 20:00:00,29.6,64,3,167,1.1388888888888888
2025-06-17 21:00:00,29.6,62,3,178,1.3888888888888888
2025-06-17 22:00:00,29.3,63,3,208,2.25
2025-06-17 23:00:00,28.8,65,3,214,2.6666666666666665
2025-06-18 00:00:00,28.7,64,3,234,3.0277777777777777
2025-06-18 01:00:00,28.5,63,3,239,3.0277777777777777
2025-06-18 02:00:00,28.6,61,3,241,3.6666666666666665
2025-06-18 03:00:00,28.3,62,3,242,4.0
2025-06-18 04:00:00,28.0,63,3,246,4.055555555555555
2025-06-18 05:00:00,27.6,65,3,247,4.0
2025-06-18 06:00:00,28.1,64,3,248,4.305555555555555
2025-06-18 07:00:00,28.6,61,3,248,4.694444444444444
2025-06-18 08:00:00,29.6,58,3,245,4.638888888888888
2025-06-18 09:00:00,30.5,56,3,239,4.194444444444445
2025-06-18 10:00:00,32.6,50,1,245,4.916666666666666
2025-06-18 11:00:00,32.9,50,51,244,4.611111111111112
2025-06-18 12:00:00,33.4,49,51,242,4.75
2025-06-18 13:00:00,34.7,47,3,240,4.472222222222222
2025-06-18 14:00:00,33.2,51,53,238,5.444444444444445
2025-06-18 15:00:00,33.0,52,51,227,4.666666666666667
2025-06-18 16:00:00,33.2,52,51,238,5.138888888888888
2025-06-18 17:00:00,30.0,66,51,229,5.305555555555556
2025-06-18 18:00:00,31.4,59,3,228,4.027777777777778
2025-06-18 19:00:00,30.0,68,3,223,3.333333333333333
2025-06-18 20:00:00,29.3,71,3,226,3.3888888888888884
2025-06-18 21:00:00,28.8,74,3,227,3.138888888888889
2025-06-18 22:00:00,28.5,74,3,241,4.805555555555555
2025-06-18 23:00:00,27.3,78,3,241,3.3888888888888884
2025-06-19 00:00:00,26.9,80,3,240,3.194444444444444
2025-06-19 01:00:00,26.7,82,3,232,3.0277777777777777
2025-06-19 02:00:00,26.7,82,3,238,3.6666666666666665
2025-06-19 03:00:00,26.6,82,3,236,3.6666666666666665
2025-06-19 04:00:00,26.5,81,3,236,3.6666666666666665
2025-06-19 05:00:00,26.5,80,3,232,3.3055555555555554
2025-06-19 06:00:00,27.7,73,3,231,3.861111111111111
2025-06-19 07:00:00,27.7,73,51,232,4.694444444444444
2025-06-19 08:00:00,27.0,80,61,244,4.194444444444445
2025-06-19 09:00:00,26.8,84,63,230,3.8055555555555554
2025-06-19 10:00:00,28.8,72,51,235,3.6944444444444446
2025-06-19 11:00:00,30.1,64,3,240,4.166666666666667
2025-06-19 12:00:00,32.4,57,3,237,3.944444444444444
2025-06-19 13:00:00,33.3,53,3,233,4.083333333333333
2025-06-19 14:00:00,34.2,49,3,227,5.027777777777778
2025-06-19 15:00:00,33.7,51,3,234,4.972222222222221
2025-06-19 16:00:00,28.0,78,61,224,5.777777777777778
2025-06-19 17:00:00,29.3,76,51,226,2.638888888888889
2025-06-19 18:00:00,27.1,79,51,244,4.833333333333333
2025-06-19 19:00:00,26.6,84,51,241,4.222222222222222
2025-06-19 20:00:00,26.0,88,51,240,4.25
2025-06-19 21:00:00,25.4,89,51,240,4.638888888888888
2025-06-19 22:00:00,24.8,90,51,243,4.5
2025-06-19 23:00:00,24.5,91,51,248,4.25
2025-06-20 00:00:00,24.3,88,51,251,3.8055555555555554
2025-06-20 01:00:00,24.0,88,51,248,3.333333333333333
2025-06-20 02:00:00,24.0,92,51,230,3.4444444444444446
2025-06-20 03:00:00,24.1,94,51,222,3.4444444444444446
2025-06-20 04:00:00,24.2,96,53,223,3.333333333333333
2025-06-20 05:00:00,24.3,96,53,222,3.555555555555556
2025-06-20 06:00:00,25.3,89,51,234,3.888888888888889
2025-06-20 07:00:00,26.1,84,3,235,3.611111111111111
2025-06-20 08:00:00,27.0,78,3,235,3.9166666666666665
2025-06-20 09:00:00,27.9,72,3,243,4.305555555555555
2025-06-20 10:00:00,29.6,63,2,256,4.527777777777778
2025-06-20 11:00:00,30.8,58,3,267,5.166666666666667
2025-06-20 12:00:00,32.1,52,3,268,5.611111111111111
2025-06-20 13:00:00,32.9,47,3,263,5.833333333333333
2025-06-20 14:00:00,33.6,47,3,268,5.694444444444445
2025-06-20 15:00:00,34.1,46,3,272,5.416666666666667
2025-06-20 16:00:00,33.1,47,3,276,4.972222222222221
2025-06-20 17:00:00,32.7,51,3,262,4.027777777777778
2025-06-20 18:00:00,31.2,56,3,289,2.638888888888889
2025-06-20 19:00:00,29.3,65,3,288,1.0
2025-06-20 20:00:00,28.5,68,3,289,1.2222222222222223
2025-06-20 21:00:00,28.1,69,3,240,1.3888888888888888
2025-06-20 22:00:00,27.7,72,3,222,2.1666666666666665
2025-06-20 23:00:00,27.3,74,3,226,2.2222222222222223
2025-06-21 00:00:00,27.2,73,3,223,2.861111111111111
2025-06-21 01:00:00,27.8,66,3,254,3.8333333333333335
2025-06-21 02:00:00,27.7,67,3,261,3.75
2025-06-21 03:00:00,27.5,69,3,259,3.5
2025-06-21 04:00:00,27.0,71,3,254,3.6944444444444446
2025-06-21 05:00:00,26.6,72,3,259,4.083333333333333
2025-06-21 06:00:00,27.3,70,3,261,4.361111111111111
2025-06-21 07:00:00,28.1,66,3,262,4.5
2025-06-21 08:00:00,29.5,62,1,263,5.083333333333333
2025-06-21 09:00:00,31.0,55,1,268,5.305555555555556
2025-06-21 10:00:00,32.5,50,1,272,5.305555555555556
2025-06-21 11:00:00,33.3,46,51,267,5.305555555555556
2025-06-21 12:00:00,34.3,43,51,270,5.305555555555556
2025-06-21 13:00:00,35.1,41,51,269,5.388888888888888
2025-06-21 14:00:00,34.8,41,51,272,5.388888888888888
2025-06-21 15:00:00,34.7,41,51,269,5.388888888888888
2025-06-21 16:00:00,33.8,46,53,261,5.111111111111111
2025-06-21 17:00:00,32.7,50,51,271,4.5
2025-06-21 18:00:00,31.1,56,3,272,3.861111111111111
2025-06-21 19:00:00,30.1,61,3,294,3.5
2025-06-21 20:00:00,27.3,78,51,325,2.972222222222222
2025-06-21 21:00:00,26.3,90,63,300,1.8055555555555556
2025-06-21 22:00:00,25.5,92,63,304,2.888888888888889
2025-06-21 23:00:00,25.0,94,61,283,2.972222222222222
2025-06-22 00:00:00,25.3,92,51,245,3.083333333333333
2025-06-22 01:00:00,25.3,92,51,252,2.833333333333333
2025-06-22 02:00:00,25.2,92,51,260,3.5
2025-06-22 03:00:00,25.1,89,51,260,4.166666666666667
2025-06-22 04:00:00,24.5,93,53,255,3.9166666666666665
2025-06-22 05:00:00,24.3,93,55,258,3.944444444444444
2025-06-22 06:00:00,25.5,87,51,251,3.9722222222222223
2025-06-22 07:00:00,26.6,79,3,245,3.3888888888888884
2025-06-22 08:00:00,27.6,72,3,244,3.944444444444444
2025-06-22 09:00:00,29.5,63,3,261,5.666666666666666
2025-06-22 10:00:00,28.6,67,3,263,5.75
2025-06-22 11:00:00,29.1,66,51,263,5.583333333333334
2025-06-22 12:00:00,30.3,62,51,267,5.111111111111111
2025-06-22 13:00:00,32.3,55,3,273,4.861111111111111
2025-06-22 14:00:00,32.7,52,3,267,5.249999999999999
2025-06-22 15:00:00,29.8,69,63,261,2.5833333333333335
2025-06-22 16:00:00,30.4,63,51,258,3.1666666666666665
2025-06-22 17:00:00,29.4,69,51,231,2.055555555555556
2025-06-22 18:00:00,29.4,65,3,263,1.972222222222222
2025-06-22 19:00:00,28.6,70,3,270,1.3055555555555556
2025-06-22 20:00:00,27.9,76,3,225,0.3611111111111111
2025-06-22 21:00:00,27.7,75,3,212,1.777777777777778
2025-06-22 22:00:00,27.4,76,3,223,1.9166666666666667
2025-06-22 23:00:00,27.4,75,3,250,2.972222222222222
2025-06-23 00:00:00,26.3,82,51,248,4.055555555555555
2025-06-23 01:00:00,25.2,91,61,235,3.6666666666666665
2025-06-23 02:00:00,25.1,91,51,244,3.888888888888889
2025-06-23 03:00:00,25.3,89,51,251,4.027777777777778
2025-06-23 04:00:00,25.6,85,3,259,4.027777777777778
2025-06-23 05:00:00,25.7,82,3,252,3.6944444444444446
2025-06-23 06:00:00,26.7,76,3,259,4.583333333333333
2025-06-23 07:00:00,27.6,71,3,260,4.166666666666667
2025-06-23 08:00:00,28.8,66,3,263,4.777777777777778
2025-06-23 09:00:00,30.2,59,3,266,5.861111111111112
2025-06-23 10:00:00,31.1,55,3,265,5.666666666666666
2025-06-23 11:00:00,32.0,53,3,259,5.694444444444445
2025-06-23 12:00:00,32.3,54,51,255,5.75
2025-06-23 13:00:00,32.6,51,51,259,6.25
2025-06-23 14:00:00,31.4,61,53,252,7.25
2025-06-23 15:00:00,30.1,67,51,232,4.444444444444445
2025-06-23 16:00:00,29.1,71,53,265,6.111111111111111
2025-06-23 17:00:00,27.1,84,63,252,3.416666666666667
2025-06-23 18:00:00,28.1,78,61,248,4.111111111111112
2025-06-23 19:00:00,26.5,85,3,232,3.1111111111111107
2025-06-23 20:00:00,26.5,85,3,229,3.222222222222222
2025-06-23 21:00:00,26.0,87,53,225,4.416666666666667
2025-06-23 22:00:00,25.3,93,53,232,3.9166666666666665
2025-06-23 23:00:00,25.0,95,53,232,3.5277777777777777
2025-06-24 00:00:00,25.1,94,51,244,3.5
2025-06-24 01:00:00,25.2,93,3,243,3.638888888888889
2025-06-24 02:00:00,25.1,91,3,245,4.027777777777778
2025-06-24 03:00:00,25.1,89,3,247,4.111111111111112
2025-06-24 04:00:00,25.0,90,51,243,3.861111111111111
2025-06-24 05:00:00,24.9,90,51,249,3.8055555555555554
2025-06-24 06:00:00,26.0,80,51,252,3.6944444444444446
2025-06-24 07:00:00,26.6,77,3,245,3.3611111111111107
2025-06-24 08:00:00,28.1,70,51,257,4.888888888888889
2025-06-24 09:00:00,28.8,68,3,261,4.972222222222221
2025-06-24 10:00:00,29.4,66,51,262,4.027777777777778
2025-06-24 11:00:00,31.1,59,51,261,3.6944444444444446
2025-06-24 12:00:00,32.0,56,51,253,3.5
2025-06-24 13:00:00,31.2,62,61,248,3.7777777777777777
2025-06-24 14:00:00,30.6,66,53,255,4.805555555555555
2025-06-24 15:00:00,27.6,83,61,273,4.305555555555555
2025-06-24 16:00:00,26.9,93,63,273,4.25
2025-06-24 17:00:00,26.8,92,61,268,2.694444444444444
2025-06-24 18:00:00,27.1,86,61,242,2.3333333333333335
2025-06-24 19:00:00,27.0,83,51,264,3.0555555555555554
2025-06-24 20:00:00,26.5,83,3,294,1.8055555555555556
2025-06-24 21:00:00,26.2,85,51,259,1.5833333333333333
2025-06-24 22:00:00,25.7,88,61,223,1.6388888888888888
2025-06-24 23:00:00,25.1,93,53,237,2.1944444444444446
2025-06-25 00:00:00,24.9,92,53,256,3.5
2025-06-25 01:00:00,24.3,94,51,265,2.8055555555555554
2025-06-25 02:00:00,24.2,93,55,262,2.888888888888889
2025-06-25 03:00:00,24.0,94,53,260,2.8055555555555554
2025-06-25 04:00:00,24.1,94,51,252,3.0
2025-06-25 05:00:00,24.2,94,3,252,2.944444444444444
2025-06-25 06:00:00,24.8,93,53,266,2.694444444444444
2025-06-25 07:00:00,25.4,91,61,256,2.5277777777777777
2025-06-25 08:00:00,26.0,87,61,248,2.388888888888889
2025-06-25 09:00:00,26.5,85,51,245,2.361111111111111
2025-06-25 10:00:00,27.4,81,51,249,2.361111111111111
2025-06-25 11:00:00,28.8,74,51,259,2.388888888888889
2025-06-25 12:00:00,30.8,65,51,271,2.25
2025-06-25 13:00:00,31.5,61,3,257,2.361111111111111
2025-06-25 14:00:00,29.4,71,63,217,3.611111111111111
2025-06-25 15:00:00,28.2,78,61,194,2.7222222222222223
2025-06-25 16:00:00,27.3,85,63,272,3.1111111111111107
2025-06-25 17:00:00,26.2,90,63,250,3.7777777777777777
2025-06-25 18:00:00,28.5,76,3,242,2.694444444444444
2025-06-25 19:00:00,26.8,85,61,238,3.0555555555555554
2025-06-25 20:00:00,25.6,92,63,217,2.638888888888889
2025-06-25 21:00:00,25.2,95,63,196,1.8333333333333333
2025-06-25 22:00:00,25.3,96,51,216,1.3611111111111112
2025-06-25 23:00:00,25.4,96,51,242,2.25
2025-06-26 00:00:00,25.2,97,51,235,2.0
2025-06-26 01:00:00,25.0,95,51,222,2.305555555555556
2025-06-26 02:00:00,24.9,97,51,245,2.0277777777777777
2025-06-26 03:00:00,24.8,98,51,245,2.0
2025-06-26 04:00:00,24.7,97,51,242,2.25
2025-06-26 05:00:00,24.7,97,3,243,2.0833333333333335
2025-06-26 06:00:00,25.1,95,3,242,1.472222222222222
2025-06-26 07:00:00,25.8,91,3,283,1.75
2025-06-26 08:00:00,26.8,85,51,292,2.1666666666666665
2025-06-26 09:00:00,26.9,83,51,288,1.9444444444444444
2025-06-26 10:00:00,27.7,80,51,292,1.5555555555555554
2025-06-26 11:00:00,28.3,77,51,255,1.3888888888888888
2025-06-26 12:00:00,29.5,73,51,198,1.777777777777778
2025-06-26 13:00:00,26.3,88,63,196,3.4444444444444446
2025-06-26 14:00:00,25.9,92,61,208,2.5833333333333335
2025-06-26 15:00:00,26.2,89,55,220,3.7777777777777777
2025-06-26 16:00:00,26.9,85,51,242,3.222222222222222
2025-06-26 17:00:00,26.1,88,61,232,3.6944444444444446
2025-06-26 18:00:00,25.7,89,51,237,3.5277777777777777
2025-06-26 19:00:00,25.2,93,53,237,3.3611111111111107
2025-06-26 20:00:00,25.0,93,51,230,3.5277777777777777
2025-06-26 21:00:00,24.7,94,3,231,3.555555555555556
2025-06-26 22:00:00,24.7,93,51,231,4.055555555555555
2025-06-26 23:00:00,24.7,93,3,224,3.9722222222222223
2025-06-27 00:00:00,24.7,92,3,235,3.7222222222222223
2025-06-27 01:00:00,24.7,91,51,232,3.3888888888888884
2025-06-27 02:00:00,24.7,92,3,234,3.222222222222222
2025-06-27 03:00:00,24.7,92,3,226,3.222222222222222
2025-06-27 04:00:00,24.4,94,51,227,3.2499999999999996
2025-06-27 05:00:00,24.3,94,51,221,3.222222222222222
2025-06-27 06:00:00,25.3,87,3,239,3.611111111111111
2025-06-27 07:00:00,25.9,85,3,228,2.972222222222222
2025-06-27 08:00:00,26.9,80,3,243,4.138888888888889
2025-06-27 09:00:00,28.4,74,3,254,4.166666666666667
2025-06-27 10:00:00,28.8,70,3,261,3.944444444444444
2025-06-27 11:00:00,29.1,67,3,253,3.7222222222222223
2025-06-27 12:00:00,29.2,67,3,250,3.6666666666666665
2025-06-27 13:00:00,30.8,62,3,241,3.8333333333333335
2025-06-27 14:00:00,31.4,58,3,248,4.638888888888888
2025-06-27 15:00:00,31.9,56,3,257,4.833333333333333
2025-06-27 16:00:00,29.9,67,51,245,4.305555555555555
2025-06-27 17:00:00,29.9,66,3,248,3.6666666666666665
2025-06-27 18:00:00,28.9,70,3,246,2.611111111111111
2025-06-27 19:00:00,28.7,71,3,255,2.111111111111111
2025-06-27 20:00:00,28.2,73,3,245,1.4444444444444444
2025-06-27 21:00:00,27.5,77,51,244,1.2777777777777777
2025-06-27 22:00:00,26.5,87,55,233,1.6666666666666665
2025-06-27 23:00:00,25.7,90,53,219,2.5277777777777777
2025-06-28 00:00:00,24.9,93,61,214,4.277777777777778
2025-06-28 01:00:00,24.6,94,61,236,3.5
2025-06-28 02:00:00,24.5,94,53,243,3.75
2025-06-28 03:00:00,24.7,91,51,248,3.611111111111111
2025-06-28 04:00:00,25.0,87,3,264,3.5833333333333335
2025-06-28 05:00:00,25.4,84,3,259,3.194444444444444
2025-06-28 06:00:00,25.8,85,51,263,3.5277777777777777
2025-06-28 07:00:00,26.9,79,3,266,3.0555555555555554
2025-06-28 08:00:00,28.0,71,3,262,4.027777777777778
2025-06-28 09:00:00,28.9,67,3,265,4.777777777777778
2025-06-28 10:00:00,30.4,62,3,267,4.194444444444445
2025-06-28 11:00:00,31.1,59,3,263,3.5277777777777777
2025-06-28 12:00:00,31.3,58,3,266,3.75
2025-06-28 13:00:00,31.1,59,51,271,3.888888888888889
2025-06-28 14:00:00,31.4,56,3,273,3.8055555555555554
2025-06-28 15:00:00,31.7,55,3,270,3.5
2025-06-28 16:00:00,31.6,56,3,269,3.3611111111111107
2025-06-28 17:00:00,30.9,58,3,260,3.3055555555555554
2025-06-28 18:00:00,26.5,80,61,281,4.027777777777778
2025-06-28 19:00:00,26.2,85,53,300,2.6666666666666665
2025-06-28 20:00:00,26.2,80,3,277,3.8333333333333335
2025-06-28 21:00:00,26.5,75,3,273,4.111111111111112
2025-06-28 22:00:00,26.8,71,3,274,3.194444444444444
2025-06-28 23:00:00,26.7,69,3,278,3.083333333333333
2025-06-29 00:00:00,26.4,70,3,263,2.9166666666666665
2025-06-29 01:00:00,25.8,73,51,274,2.944444444444444
2025-06-29 02:00:00,25.2,79,3,275,2.1666666666666665
2025-06-29 03:00:00,25.5,77,51,255,3.0
2025-06-29 04:00:00,25.1,80,51,248,3.5
2025-06-29 05:00:00,24.3,85,61,243,3.6944444444444446
2025-06-29 06:00:00,23.4,93,61,238,3.555555555555556
2025-06-29 07:00:00,23.6,94,55,243,3.2777777777777777
2025-06-29 08:00:00,23.8,94,55,238,4.027777777777778
2025-06-29 09:00:00,25.1,86,51,233,4.638888888888888
2025-06-29 10:00:00,26.8,80,51,248,5.111111111111111
2025-06-29 11:00:00,26.1,83,51,247,4.333333333333333
2025-06-29 12:00:00,29.0,69,51,269,5.694444444444445
2025-06-29 13:00:00,28.7,66,3,277,6.305555555555555
2025-06-29 14:00:00,27.7,72,51,259,4.944444444444445
2025-06-29 15:00:00,26.1,83,63,252,3.9722222222222223
2025-06-29 16:00:00,25.8,87,61,250,4.25
2025-06-29 17:00:00,25.9,85,51,253,4.5
2025-06-29 18:00:00,26.6,78,3,258,3.75
2025-06-29 19:00:00,25.6,83,53,258,3.6666666666666665
2025-06-29 20:00:00,24.5,93,61,237,2.5
2025-06-29 21:00:00,24.3,95,63,241,2.972222222222222
2025-06-29 22:00:00,24.2,92,55,262,4.333333333333333
2025-06-29 23:00:00,24.0,91,51,258,4.194444444444445
2025-06-30 00:00:00,24.0,92,51,258,4.25
2025-06-30 01:00:00,24.1,92,3,258,3.416666666666667
2025-06-30 02:00:00,24.3,91,3,260,3.611111111111111
2025-06-30 03:00:00,24.4,88,3,261,4.138888888888889
2025-06-30 04:00:00,24.4,88,3,259,4.083333333333333
2025-06-30 05:00:00,24.4,87,3,261,3.638888888888889
2025-06-30 06:00:00,24.8,85,51,261,4.305555555555555
2025-06-30 07:00:00,25.4,83,51,258,4.138888888888889
2025-06-30 08:00:00,25.9,83,55,269,4.194444444444445
2025-06-30 09:00:00,27.8,71,3,281,6.0
2025-06-30 10:00:00,29.1,67,3,281,5.555555555555555
2025-06-30 11:00:00,29.7,67,61,280,5.444444444444445
2025-06-30 12:00:00,28.4,76,63,278,4.5
2025-06-30 13:00:00,28.1,76,63,295,3.9166666666666665
2025-06-30 14:00:00,27.8,83,65,279,3.6944444444444446
2025-06-30 15:00:00,26.7,83,63,275,5.166666666666667
2025-06-30 16:00:00,26.5,87,61,255,2.944444444444444
2025-06-30 17:00:00,27.6,82,3,251,3.638888888888889
2025-06-30 18:00:00,25.8,93,61,256,3.5
2025-06-30 19:00:00,25.5,95,53,250,3.138888888888889
2025-06-30 20:00:00,25.3,95,53,240,3.416666666666667
2025-06-30 21:00:00,25.3,91,51,259,3.7222222222222223
2025-06-30 22:00:00,25.1,92,51,255,3.2499999999999996
2025-06-30 23:00:00,24.8,94,53,263,2.5555555555555554
2025-07-01 00:00:00,24.5,94,55,271,3.0
2025-07-01 01:00:00,24.2,95,61,262,3.4444444444444446
2025-07-01 02:00:00,24.1,96,55,264,3.222222222222222
2025-07-01 03:00:00,24.1,96,55,266,3.1111111111111107
2025-07-01 04:00:00,24.1,95,55,267,3.2499999999999996
2025-07-01 05:00:00,24.1,95,51,275,3.222222222222222
2025-07-01 06:00:00,24.8,93,53,262,3.8333333333333335
2025-07-01 07:00:00,25.2,92,51,270,3.888888888888889
2025-07-01 08:00:00,25.8,87,53,269,3.888888888888889
2025-07-01 09:00:00,25.1,93,61,262,3.138888888888889
2025-07-01 10:00:00,25.1,94,61,261,3.3888888888888884
2025-07-01 11:00:00,26.6,86,51,261,3.6944444444444446
2025-07-01 12:00:00,26.9,83,51,271,4.055555555555555
2025-07-01 13:00:00,27.3,81,51,273,4.305555555555555
2025-07-01 14:00:00,27.8,78,51,283,4.416666666666667
2025-07-01 15:00:00,27.7,79,51,274,4.472222222222222
2025-07-01 16:00:00,27.7,78,51,268,4.5
2025-07-01 17:00:00,27.5,78,51,270,4.194444444444445
2025-07-01 18:00:00,26.3,89,53,271,4.055555555555555
2025-07-01 19:00:00,25.5,86,51,276,4.083333333333333
2025-07-01 20:00:00,24.4,89,53,274,3.6666666666666665
2025-07-01 21:00:00,24.5,90,53,264,3.416666666666667
2025-07-01 22:00:00,24.8,91,61,255,2.944444444444444
2025-07-01 23:00:00,24.5,94,53,248,3.138888888888889
2025-07-02 00:00:00,24.4,94,53,261,4.138888888888889
2025-07-02 01:00:00,24.4,93,53,264,4.527777777777778
2025-07-02 02:00:00,24.5,93,61,267,4.194444444444445
2025-07-02 03:00:00,24.5,92,3,267,4.194444444444445
2025-07-02 04:00:00,24.4,92,3,266,3.75
2025-07-02 05:00:00,24.3,92,51,259,3.8055555555555554
2025-07-02 06:00:00,25.1,87,3,267,4.111111111111112
2025-07-02 07:00:00,25.7,84,3,273,4.166666666666667
2025-07-02 08:00:00,26.4,80,3,255,2.861111111111111
2025-07-02 09:00:00,27.1,77,3,275,3.9166666666666665
2025-07-02 10:00:00,27.5,76,51,271,3.138888888888889
2025-07-02 11:00:00,27.4,80,51,274,2.361111111111111
2025-07-02 12:00:00,29.0,71,51,271,2.888888888888889
2025-07-02 13:00:00,30.6,62,3,266,3.555555555555556
2025-07-02 14:00:00,31.1,60,3,264,3.1111111111111107
2025-07-02 15:00:00,30.3,63,3,250,4.472222222222222
2025-07-02 16:00:00,29.2,70,51,251,3.4444444444444446
2025-07-02 17:00:00,28.9,73,51,250,2.8055555555555554
2025-07-02 18:00:00,27.0,88,61,216,2.361111111111111
2025-07-02 19:00:00,25.8,93,61,251,2.638888888888889
2025-07-02 20:00:00,25.4,94,51,234,2.2777777777777777
2025-07-02 21:00:00,25.1,94,51,221,3.0555555555555554
2025-07-02 22:00:00,24.9,93,3,232,3.8055555555555554
2025-07-02 23:00:00,24.9,93,3,241,3.3055555555555554
2025-07-03 00:00:00,24.9,93,3,243,3.4722222222222223
2025-07-03 01:00:00,24.8,92,3,244,3.3888888888888884
2025-07-03 02:00:00,24.7,92,51,256,3.083333333333333
2025-07-03 03:00:00,24.5,92,3,253,3.083333333333333
2025-07-03 04:00:00,24.4,92,3,249,3.1666666666666665
2025-07-03 05:00:00,24.4,92,51,252,3.222222222222222
2025-07-03 06:00:00,25.6,88,3,245,2.972222222222222
2025-07-03 07:00:00,26.7,82,3,251,3.4444444444444446
2025-07-03 08:00:00,27.7,76,3,263,4.083333333333333
2025-07-03 09:00:00,28.8,72,3,271,3.8055555555555554
2025-07-03 10:00:00,30.1,66,3,265,3.6666666666666665
2025-07-03 11:00:00,31.2,61,3,272,3.9166666666666665
2025-07-03 12:00:00,31.5,58,3,273,4.361111111111111
2025-07-03 13:00:00,31.3,59,3,266,4.0
2025-07-03 14:00:00,28.9,74,53,227,3.8333333333333335
2025-07-03 15:00:00,30.0,67,3,250,3.3888888888888884
2025-07-03 16:00:00,30.1,66,3,258,3.888888888888889
2025-07-03 17:00:00,29.0,72,3,250,3.2777777777777777
2025-07-03 18:00:00,26.5,88,61,211,1.9166666666666667
2025-07-03 19:00:00,26.1,90,3,223,2.4166666666666665
2025-07-03 20:00:00,26.1,88,51,242,4.0
2025-07-03 21:00:00,25.5,89,53,235,3.194444444444444
2025-07-03 22:00:00,24.9,96,55,220,3.0277777777777777
2025-07-03 23:00:00,24.9,96,55,229,2.9166666666666665
2025-07-04 00:00:00,24.8,96,53,233,3.222222222222222
2025-07-04 01:00:00,24.9,93,51,245,3.5833333333333335
2025-07-04 02:00:00,24.9,93,51,246,3.3888888888888884
2025-07-04 03:00:00,24.9,93,51,245,3.5277777777777777
2025-07-04 04:00:00,24.8,93,51,246,3.3888888888888884
2025-07-04 05:00:00,24.5,94,53,248,3.8055555555555554
2025-07-04 06:00:00,25.2,86,51,253,4.388888888888889
2025-07-04 07:00:00,25.1,88,53,252,4.083333333333333
2025-07-04 08:00:00,25.0,89,61,256,4.638888888888888
2025-07-04 09:00:00,25.6,89,53,256,4.5
2025-07-04 10:00:00,26.4,85,53,261,4.305555555555555
2025-07-04 11:00:00,26.1,86,53,260,3.9722222222222223
2025-07-04 12:00:00,26.1,88,55,253,4.083333333333333
2025-07-04 13:00:00,26.5,86,53,251,3.9166666666666665
2025-07-04 14:00:00,27.3,81,51,252,4.305555555555555
2025-07-04 15:00:00,27.3,81,51,249,3.8333333333333335
2025-07-04 16:00:00,27.6,79,3,254,4.055555555555555
2025-07-04 17:00:00,27.7,77,3,250,3.5
2025-07-04 18:00:00,26.6,85,3,241,3.3888888888888884
2025-07-04 19:00:00,26.5,83,3,245,3.2499999999999996
2025-07-04 20:00:00,26.5,82,3,237,3.5
2025-07-04 21:00:00,26.3,83,3,241,3.2499999999999996
2025-07-04 22:00:00,26.3,83,3,241,3.416666666666667
2025-07-04 23:00:00,26.1,82,3,243,3.2777777777777777
2025-07-05 00:00:00,25.7,84,3,245,2.8055555555555554
2025-07-05 01:00:00,25.4,86,3,233,2.9166666666666665
2025-07-05 02:00:00,25.2,88,3,231,2.8055555555555554
2025-07-05 03:00:00,25.2,88,3,235,2.861111111111111
2025-07-05 04:00:00,25.2,88,3,249,3.4444444444444446
2025-07-05 05:00:00,25.3,86,3,259,3.2499999999999996
2025-07-05 06:00:00,26.0,81,3,263,4.694444444444444
2025-07-05 07:00:00,26.4,78,3,260,3.9166666666666665
2025-07-05 08:00:00,27.5,74,3,258,4.805555555555555
2025-07-05 09:00:00,28.5,69,3,262,5.194444444444444
2025-07-05 10:00:00,29.4,64,3,269,5.138888888888888
2025-07-05 11:00:00,29.9,62,3,277,4.694444444444444
2025-07-05 12:00:00,30.4,61,3,272,4.805555555555555
2025-07-05 13:00:00,30.3,64,3,267,4.666666666666667
2025-07-05 14:00:00,30.5,60,51,271,4.75
2025-07-05 15:00:00,29.6,67,53,271,4.388888888888889
2025-07-05 16:00:00,28.6,75,53,245,4.138888888888889
2025-07-05 17:00:00,28.7,73,3,246,3.861111111111111
2025-07-05 18:00:00,28.0,75,53,262,3.8333333333333335
2025-07-05 19:00:00,26.6,83,53,252,4.111111111111112
2025-07-05 20:00:00,26.2,83,3,255,4.5
2025-07-05 21:00:00,26.1,83,3,256,4.277777777777778
2025-07-05 22:00:00,25.9,85,3,255,4.138888888888889
2025-07-05 23:00:00,25.6,86,51,254,4.111111111111112
2025-07-06 00:00:00,25.3,89,51,254,4.111111111111112
2025-07-06 01:00:00,25.0,90,51,255,4.305555555555555
2025-07-06 02:00:00,24.9,90,51,260,4.472222222222222
2025-07-06 03:00:00,24.7,90,3,255,4.333333333333333
2025-07-06 04:00:00,24.6,90,3,255,4.25
2025-07-06 05:00:00,24.5,90,51,252,4.305555555555555
2025-07-06 06:00:00,24.3,94,51,260,3.5
2025-07-06 07:00:00,24.8,92,51,257,3.638888888888889
2025-07-06 08:00:00,25.9,86,51,256,5.305555555555556
2025-07-06 09:00:00,27.6,77,51,267,5.305555555555556
2025-07-06 10:00:00,27.8,76,51,272,4.75
2025-07-06 11:00:00,28.2,73,51,274,5.166666666666667
2025-07-06 12:00:00,27.6,74,51,278,5.194444444444444
2025-07-06 13:00:00,27.0,80,51,263,4.333333333333333
2025-07-06 14:00:00,26.6,85,51,260,3.555555555555556
2025-07-06 15:00:00,27.5,80,51,269,4.694444444444444
2025-07-06 16:00:00,27.1,81,51,266,4.416666666666667
2025-07-06 17:00:00,26.6,84,51,258,4.694444444444444
2025-07-06 18:00:00,26.0,90,51,259,3.6666666666666665
2025-07-06 19:00:00,25.5,91,51,267,3.6666666666666665
2025-07-06 20:00:00,25.0,94,55,262,3.4722222222222223
2025-07-06 21:00:00,24.8,94,61,262,3.5277777777777777
2025-07-06 22:00:00,24.7,94,61,258,3.5833333333333335
2025-07-06 23:00:00,24.5,95,63,263,4.222222222222222
2025-07-07 00:00:00,24.3,95,63,263,4.777777777777778
2025-07-07 01:00:00,24.1,95,63,258,4.916666666666666
2025-07-07 02:00:00,24.0,95,63,267,5.0
2025-07-07 03:00:00,23.9,95,63,263,4.638888888888888
2025-07-07 04:00:00,23.8,96,61,267,4.305555555555555
2025-07-07 05:00:00,23.8,95,63,267,4.5
2025-07-07 06:00:00,23.8,94,55,279,4.611111111111112
2025-07-07 07:00:00,23.8,94,61,274,4.055555555555555
2025-07-07 08:00:00,24.2,94,61,272,5.305555555555556
2025-07-07 09:00:00,24.4,93,61,273,5.222222222222222
2025-07-07 10:00:00,24.3,92,61,276,4.888888888888889
2025-07-07 11:00:00,23.9,93,63,273,6.194444444444445
2025-07-07 12:00:00,23.9,93,63,265,5.833333333333333
2025-07-07 13:00:00,23.7,92,63,265,5.583333333333334
2025-07-07 14:00:00,24.4,92,63,266,5.611111111111111
2025-07-07 15:00:00,24.1,92,63,262,5.361111111111112
2025-07-07 16:00:00,24.0,93,63,266,5.472222222222222
2025-07-07 17:00:00,24.0,93,63,265,5.916666666666667
2025-07-07 18:00:00,24.3,88,53,284,5.916666666666667
2025-07-07 19:00:00,23.8,92,55,269,6.305555555555555
2025-07-07 20:00:00,23.5,93,61,264,6.194444444444445
2025-07-07 21:00:00,23.7,94,55,266,5.472222222222222
2025-07-07 22:00:00,23.7,94,61,262,5.75
2025-07-07 23:00:00,23.6,94,63,271,4.888888888888889
2025-07-08 00:00:00,23.5,94,63,261,4.361111111111111
2025-07-08 01:00:00,23.4,94,63,262,4.694444444444444
2025-07-08 02:00:00,23.2,95,63,261,4.0
2025-07-08 03:00:00,23.0,94,63,269,4.138888888888889
2025-07-08 04:00:00,22.8,93,61,291,3.8055555555555554
2025-07-08 05:00:00,22.7,94,61,276,4.472222222222222
2025-07-08 06:00:00,23.2,93,61,278,4.833333333333333
2025-07-08 07:00:00,23.2,93,55,276,4.416666666666667
2025-07-08 08:00:00,23.5,93,61,268,4.611111111111112
2025-07-08 09:00:00,23.8,92,63,264,4.666666666666667
2025-07-08 10:00:00,23.7,93,65,267,4.916666666666666
2025-07-08 11:00:00,23.6,93,65,269,5.194444444444444
2025-07-08 12:00:00,23.6,92,65,275,6.027777777777778
2025-07-08 13:00:00,23.6,92,63,265,4.555555555555555
2025-07-08 14:00:00,24.6,89,55,250,4.25
2025-07-08 15:00:00,25.1,89,53,264,4.472222222222222
2025-07-08 16:00:00,25.3,83,51,259,4.583333333333333
2025-07-08 17:00:00,25.3,84,51,268,4.805555555555555
2025-07-08 18:00:00,23.9,88,51,282,5.0
2025-07-08 19:00:00,23.3,92,61,284,5.666666666666666
2025-07-08 20:00:00,23.2,93,55,289,4.833333333333333
2025-07-08 21:00:00,23.1,94,61,295,3.9166666666666665
2025-07-08 22:00:00,23.0,94,61,253,2.4166666666666665
2025-07-08 23:00:00,23.0,95,61,268,2.5
2025-07-09 00:00:00,23.0,95,63,263,2.055555555555556
2025-07-09 01:00:00,23.0,96,63,222,1.8055555555555556
2025-07-09 02:00:00,22.9,97,63,230,2.1666666666666665
2025-07-09 03:00:00,23.0,97,63,257,2.4166666666666665
2025-07-09 04:00:00,23.1,95,63,275,2.8055555555555554
2025-07-09 05:00:00,23.0,96,63,262,2.388888888888889
2025-07-09 06:00:00,23.4,93,63,291,4.694444444444444
2025-07-09 07:00:00,23.2,94,63,279,4.611111111111112
2025-07-09 08:00:00,23.2,94,55,276,4.111111111111112
2025-07-09 09:00:00,23.8,90,61,280,4.305555555555555
2025-07-09 10:00:00,24.3,89,61,267,3.8055555555555554
2025-07-09 11:00:00,24.1,93,61,266,4.472222222222222
2025-07-09 12:00:00,25.5,88,55,264,3.611111111111111
2025-07-09 13:00:00,24.9,92,61,266,4.416666666666667
2025-07-09 14:00:00,24.9,93,61,259,4.138888888888889
2025-07-09 15:00:00,25.5,91,53,252,3.7777777777777777
2025-07-09 16:00:00,25.7,90,51,263,3.5277777777777777
2025-07-09 17:00:00,25.5,90,51,257,4.25
2025-07-09 18:00:00,25.6,84,51,284,3.8055555555555554
2025-07-09 19:00:00,25.0,85,3,282,4.194444444444445
2025-07-09 20:00:00,24.8,85,3,285,3.888888888888889
2025-07-09 21:00:00,24.0,91,53,206,2.4444444444444446
2025-07-09 22:00:00,23.7,95,53,241,2.4722222222222223
2025-07-09 23:00:00,23.7,95,51,258,2.972222222222222
2025-07-10 00:00:00,23.7,94,3,265,2.7222222222222223
2025-07-10 01:00:00,23.6,94,3,261,2.1666666666666665
2025-07-10 02:00:00,23.5,95,3,284,2.305555555555556
2025-07-10 03:00:00,23.5,96,51,287,2.25
2025-07-10 04:00:00,23.3,97,63,288,1.5833333333333333
2025-07-10 05:00:00,23.6,96,51,300,3.083333333333333
2025-07-10 06:00:00,24.7,93,3,296,3.7777777777777777
2025-07-10 07:00:00,25.9,88,3,304,4.611111111111112
2025-07-10 08:00:00,27.4,79,3,313,4.916666666666666
2025-07-10 09:00:00,28.5,73,3,315,4.555555555555555
2025-07-10 10:00:00,29.2,69,3,311,4.611111111111112
2025-07-10 11:00:00,30.1,65,3,312,4.527777777777778
2025-07-10 12:00:00,30.8,61,3,315,4.527777777777778
2025-07-10 13:00:00,30.9,62,3,306,4.333333333333333
2025-07-10 14:00:00,31.4,59,51,295,4.194444444444445
2025-07-10 15:00:00,30.3,65,51,321,3.4722222222222223
2025-07-10 16:00:00,30.2,64,3,321,2.305555555555556
2025-07-10 17:00:00,29.9,66,3,307,2.4166666666666665
2025-07-10 18:00:00,28.5,68,3,267,2.5
2025-07-10 19:00:00,27.4,72,3,257,2.7777777777777777
2025-07-10 20:00:00,26.7,76,3,266,2.75
2025-07-10 21:00:00,26.1,80,3,261,2.4722222222222223
2025-07-10 22:00:00,25.7,82,3,264,2.7222222222222223
2025-07-10 23:00:00,25.5,82,3,270,2.638888888888889
2025-07-11 00:00:00,25.3,83,3,272,2.611111111111111
2025-07-11 01:00:00,25.0,84,3,282,2.75
2025-07-11 02:00:00,24.9,84,3,288,2.888888888888889
2025-07-11 03:00:00,24.7,85,3,282,2.6666666666666665
2025-07-11 04:00:00,24.3,87,3,292,2.4166666666666665
2025-07-11 05:00:00,24.3,87,3,290,2.972222222222222
2025-07-11 06:00:00,25.8,80,3,299,3.75
2025-07-11 07:00:00,26.9,78,3,300,3.083333333333333
2025-07-11 08:00:00,28.1,74,3,300,4.055555555555555
2025-07-11 09:00:00,29.6,69,3,306,4.555555555555555
2025-07-11 10:00:00,30.5,66,3,309,4.416666666666667
2025-07-11 11:00:00,31.6,63,2,308,4.194444444444445
2025-07-11 12:00:00,32.2,59,3,298,3.9722222222222223
2025-07-11 13:00:00,32.8,56,3,291,4.25
2025-07-11 14:00:00,31.4,63,63,311,3.0555555555555554
2025-07-11 15:00:00,31.5,61,3,278,2.6666666666666665
2025-07-11 16:00:00,31.8,59,3,267,2.25
2025-07-11 17:00:00,27.4,84,63,303,2.9166666666666665
2025-07-11 18:00:00,29.0,76,3,314,1.3888888888888888
2025-07-11 19:00:00,27.3,82,51,305,0.7777777777777777
2025-07-11 20:00:00,24.5,94,65,154,3.7222222222222223
2025-07-11 21:00:00,24.2,93,63,214,3.75
2025-07-11 22:00:00,24.6,92,53,289,2.944444444444444
2025-07-11 23:00:00,24.6,93,53,235,2.5
2025-07-12 00:00:00,24.5,92,51,246,3.3888888888888884
2025-07-12 01:00:00,24.6,91,3,253,3.861111111111111
2025-07-12 02:00:00,24.7,91,3,254,3.4722222222222223
2025-07-12 03:00:00,24.7,91,3,272,2.888888888888889
2025-07-12 04:00:00,24.7,91,3,273,3.0555555555555554
2025-07-12 05:00:00,24.7,91,3,278,2.888888888888889
2025-07-12 06:00:00,26.5,80,3,284,3.3888888888888884
2025-07-12 07:00:00,27.3,79,3,286,3.555555555555556
2025-07-12 08:00:00,28.1,73,3,292,4.472222222222222
2025-07-12 09:00:00,29.1,68,3,296,4.5
2025-07-12 10:00:00,30.0,64,3,299,4.527777777777778
2025-07-12 11:00:00,30.9,62,3,299,4.222222222222222
2025-07-12 12:00:00,32.1,58,3,294,3.7222222222222223
2025-07-12 13:00:00,32.3,56,3,287,4.083333333333333
2025-07-12 14:00:00,31.8,60,51,287,3.5
2025-07-12 15:00:00,32.3,59,51,279,3.333333333333333
2025-07-12 16:00:00,29.7,71,53,275,3.5
2025-07-12 17:00:00,29.8,71,3,266,3.1111111111111107
2025-07-12 18:00:00,29.2,72,3,243,2.4166666666666665
2025-07-12 19:00:00,28.2,77,3,264,1.9166666666666667
2025-07-12 20:00:00,27.7,79,3,266,2.25
2025-07-12 21:00:00,27.2,80,3,260,2.0833333333333335
2025-07-12 22:00:00,27.0,81,3,272,2.5
2025-07-12 23:00:00,26.7,81,3,268,2.638888888888889
2025-07-13 00:00:00,26.5,82,3,276,2.7222222222222223
2025-07-13 01:00:00,26.2,83,3,276,2.5
2025-07-13 02:00:00,26.1,84,3,274,2.4166666666666665
2025-07-13 03:00:00,25.9,84,3,258,2.138888888888889
2025-07-13 04:00:00,25.7,84,3,259,2.861111111111111
2025-07-13 05:00:00,25.6,83,3,266,2.8055555555555554
2025-07-13 06:00:00,26.3,80,3,264,3.222222222222222
2025-07-13 07:00:00,27.0,79,3,263,2.972222222222222
2025-07-13 08:00:00,28.0,74,3,275,4.277777777777778
2025-07-13 09:00:00,29.2,71,3,276,3.861111111111111
2025-07-13 10:00:00,30.3,66,3,274,3.6666666666666665
2025-07-13 11:00:00,31.0,63,51,278,3.7222222222222223
2025-07-13 12:00:00,31.0,62,3,263,3.5277777777777777
2025-07-13 13:00:00,31.1,61,3,264,3.3611111111111107
2025-07-13 14:00:00,31.5,60,3,266,3.9166666666666665
2025-07-13 15:00:00,30.0,72,61,295,3.611111111111111
2025-07-13 16:00:00,29.8,72,51,251,2.2777777777777777
2025-07-13 17:00:00,28.9,77,55,235,2.75
2025-07-13 18:00:00,28.8,76,3,223,2.611111111111111
2025-07-13 19:00:00,28.1,78,3,232,2.4722222222222223
2025-07-13 20:00:00,27.4,81,3,231,2.638888888888889
2025-07-13 21:00:00,27.2,81,3,242,2.888888888888889
2025-07-13 22:00:00,27.1,80,3,245,2.972222222222222
2025-07-13 23:00:00,26.8,81,3,247,2.888888888888889
2025-07-14 00:00:00,26.4,83,3,235,2.361111111111111
2025-07-14 01:00:00,25.9,86,3,233,2.4166666666666665
2025-07-14 02:00:00,25.8,85,3,256,3.0555555555555554
2025-07-14 03:00:00,25.7,84,3,256,3.194444444444444
2025-07-14 04:00:00,25.5,85,3,253,3.138888888888889
2025-07-14 05:00:00,25.4,85,3,259,3.4722222222222223
2025-07-14 06:00:00,26.0,84,3,252,3.4722222222222223
2025-07-14 07:00:00,26.7,81,3,253,3.3888888888888884
2025-07-14 08:00:00,27.9,75,3,265,4.277777777777778
2025-07-14 09:00:00,29.1,69,51,265,3.4722222222222223
2025-07-14 10:00:00,30.2,67,51,261,3.4444444444444446
2025-07-14 11:00:00,30.9,64,3,249,3.3611111111111107
2025-07-14 12:00:00,31.8,62,3,243,3.083333333333333
2025-07-14 13:00:00,32.2,59,0,243,2.972222222222222
2025-07-14 14:00:00,32.6,57,3,235,3.555555555555556
2025-07-14 15:00:00,32.4,57,3,240,3.861111111111111
2025-07-14 16:00:00,30.1,69,55,238,4.027777777777778
2025-07-14 17:00:00,26.3,88,63,284,1.8055555555555556
2025-07-14 18:00:00,29.6,73,3,243,1.6388888888888888
2025-07-14 19:00:00,28.4,77,51,246,2.4166666666666665
2025-07-14 20:00:00,27.7,80,3,249,2.0833333333333335
2025-07-14 21:00:00,27.2,81,3,264,1.972222222222222
2025-07-14 22:00:00,26.9,80,3,259,2.3333333333333335
2025-07-14 23:00:00,26.5,82,3,250,2.0833333333333335
2025-07-15 00:00:00,26.3,82,3,238,1.8888888888888888
2025-07-15 01:00:00,26.0,84,3,233,1.8888888888888888
2025-07-15 02:00:00,25.8,85,3,238,2.2777777777777777
2025-07-15 03:00:00,25.5,87,3,250,2.305555555555556
2025-07-15 04:00:00,25.3,88,3,247,2.2777777777777777
2025-07-15 05:00:00,25.2,89,3,244,2.5555555555555554
2025-07-15 06:00:00,26.5,84,2,257,3.333333333333333
2025-07-15 07:00:00,27.4,80,3,261,2.7777777777777777
2025-07-15 08:00:00,28.5,76,2,264,3.1111111111111107
2025-07-15 09:00:00,29.7,71,2,265,2.6666666666666665
2025-07-15 10:00:00,30.7,67,1,262,2.388888888888889
2025-07-15 11:00:00,31.7,63,3,262,2.2777777777777777
2025-07-15 12:00:00,32.2,61,51,266,2.055555555555556
2025-07-15 13:00:00,32.6,60,3,258,2.0
2025-07-15 14:00:00,32.9,59,3,249,1.972222222222222
2025-07-15 15:00:00,30.9,67,63,241,2.2777777777777777
2025-07-15 16:00:00,31.3,64,51,206,1.8333333333333333
2025-07-15 17:00:00,27.7,82,63,294,3.2777777777777777
2025-07-15 18:00:00,26.6,91,51,71,1.0555555555555556
2025-07-15 19:00:00,26.4,94,3,90,0.19444444444444442
2025-07-15 20:00:00,26.4,92,51,262,0.75
2025-07-15 21:00:00,26.4,93,3,345,0.7777777777777777
2025-07-15 22:00:00,26.4,92,3,323,0.25
2025-07-15 23:00:00,26.0,94,3,192,0.7222222222222222
2025-07-16 00:00:00,25.9,96,3,225,1.0
2025-07-16 01:00:00,25.8,96,3,252,1.472222222222222
2025-07-16 02:00:00,25.6,96,3,239,1.3333333333333333
2025-07-16 03:00:00,25.6,95,3,252,1.777777777777778
2025-07-16 04:00:00,25.5,93,3,279,1.8333333333333333
2025-07-16 05:00:00,25.4,93,3,291,1.9444444444444444
2025-07-16 06:00:00,26.2,90,3,287,1.7222222222222223
2025-07-16 07:00:00,26.5,88,3,288,2.25
2025-07-16 08:00:00,27.0,85,51,300,2.5
2025-07-16 09:00:00,27.5,82,51,308,2.5277777777777777
2025-07-16 10:00:00,28.5,79,51,307,2.972222222222222
2025-07-16 11:00:00,29.5,75,51,300,2.6666666666666665
2025-07-16 12:00:00,30.5,71,51,300,2.5
2025-07-16 13:00:00,30.4,70,51,294,2.5833333333333335
2025-07-16 14:00:00,31.0,68,51,289,2.3333333333333335
2025-07-16 15:00:00,30.9,68,3,298,2.3333333333333335
2025-07-16 16:00:00,30.3,70,3,297,2.638888888888889
2025-07-16 17:00:00,29.2,77,51,305,2.1944444444444446
2025-07-16 18:00:00,27.7,84,3,255,0.9722222222222222
2025-07-16 19:00:00,27.3,85,3,225,1.8333333333333333
2025-07-16 20:00:00,27.0,87,3,246,1.472222222222222
2025-07-16 21:00:00,26.5,89,3,270,1.0
2025-07-16 22:00:00,26.1,91,3,297,0.7777777777777777
2025-07-16 23:00:00,25.8,93,3,252,0.4722222222222222
2025-07-17 00:00:00,25.4,94,3,256,1.027777777777778
2025-07-17 01:00:00,25.3,94,3,292,1.1944444444444444
2025-07-17 02:00:00,25.0,94,3,278,0.6944444444444444
2025-07-17 03:00:00,24.8,94,3,276,0.9444444444444444
2025-07-17 04:00:00,24.9,93,3,232,1.3888888888888888
2025-07-17 05:00:00,24.8,93,3,237,1.1944444444444444
2025-07-17 06:00:00,26.2,88,51,227,1.972222222222222
2025-07-17 07:00:00,27.1,88,3,231,2.388888888888889
2025-07-17 08:00:00,27.9,83,61,254,2.305555555555556
2025-07-17 09:00:00,28.9,78,51,270,2.25
2025-07-17 10:00:00,29.5,75,51,266,1.5555555555555554
2025-07-17 11:00:00,30.7,69,51,278,1.777777777777778
2025-07-17 12:00:00,31.2,66,51,294,1.8611111111111112
2025-07-17 13:00:00,30.6,66,51,292,2.861111111111111
2025-07-17 14:00:00,27.2,85,63,274,2.055555555555556
2025-07-17 15:00:00,28.0,81,51,284,0.41666666666666663
2025-07-17 16:00:00,28.9,77,3,285,1.1388888888888888
2025-07-17 17:00:00,28.3,78,53,292,1.7222222222222223
2025-07-17 18:00:00,27.7,84,3,198,0.9444444444444444
2025-07-17 19:00:00,26.7,91,3,191,0.8055555555555555
2025-07-17 20:00:00,26.4,92,3,198,1.777777777777778
2025-07-17 21:00:00,26.2,91,3,195,1.5
2025-07-17 22:00:00,26.0,91,3,195,1.5555555555555554
2025-07-17 23:00:00,25.9,91,3,194,1.4444444444444444
2025-07-18 00:00:00,25.7,92,3,215,1.2222222222222223
2025-07-18 01:00:00,25.4,94,3,216,1.7222222222222223
2025-07-18 02:00:00,25.3,94,3,221,1.9166666666666667
2025-07-18 03:00:00,25.1,95,3,232,1.8611111111111112
2025-07-18 04:00:00,25.1,95,3,235,1.5833333333333333
2025-07-18 05:00:00,25.0,95,3,239,1.1666666666666667
2025-07-18 06:00:00,25.8,95,3,248,1.1944444444444444
2025-07-18 07:00:00,27.0,90,3,212,0.6388888888888888
2025-07-18 08:00:00,28.6,81,51,219,1.1111111111111112
2025-07-18 09:00:00,29.9,74,51,216,1.2777777777777777
2025-07-18 10:00:00,30.1,71,51,215,1.3888888888888888
2025-07-18 11:00:00,31.2,65,51,227,1.9166666666666667
2025-07-18 12:00:00,30.7,65,51,195,1.9166666666666667
2025-07-18 13:00:00,31.0,67,3,174,2.0
2025-07-18 14:00:00,30.9,68,51,178,1.8888888888888888
2025-07-18 15:00:00,30.9,67,51,212,1.2222222222222223
2025-07-18 16:00:00,31.3,61,3,243,1.4444444444444444
2025-07-18 17:00:00,31.1,62,3,235,1.3888888888888888
2025-07-18 18:00:00,27.1,86,3,135,0.8611111111111112
2025-07-18 19:00:00,26.6,89,3,126,1.2777777777777777
2025-07-18 20:00:00,26.4,89,3,143,1.25
2025-07-18 21:00:00,26.1,90,2,167,1.2777777777777777
2025-07-18 22:00:00,26.0,91,1,196,1.972222222222222
2025-07-18 23:00:00,25.8,90,2,218,1.777777777777778
2025-07-19 00:00:00,25.5,91,3,229,1.4444444444444444
2025-07-19 01:00:00,25.2,92,2,237,1.5555555555555554
2025-07-19 02:00:00,24.7,94,2,243,1.2222222222222223
2025-07-19 03:00:00,24.3,96,2,241,0.9166666666666666
2025-07-19 04:00:00,24.0,96,1,270,0.75
2025-07-19 05:00:00,23.9,97,0,305,0.9722222222222222
2025-07-19 06:00:00,25.6,93,3,333,0.6666666666666666
2025-07-19 07:00:00,26.8,88,3,336,0.6111111111111112
2025-07-19 08:00:00,28.3,82,3,16,0.888888888888889
2025-07-19 09:00:00,29.8,69,51,25,0.7222222222222222
2025-07-19 10:00:00,30.3,63,51,225,0.22222222222222224
2025-07-19 11:00:00,30.5,62,3,194,0.8333333333333333
2025-07-19 12:00:00,31.3,60,3,204,0.9722222222222222
2025-07-19 13:00:00,32.1,57,1,210,1.5
2025-07-19 14:00:00,31.6,59,51,253,3.2777777777777777
2025-07-19 15:00:00,31.6,61,1,270,2.388888888888889
2025-07-19 16:00:00,31.9,59,1,271,2.4444444444444446
2025-07-19 17:00:00,31.2,62,1,281,2.0277777777777777
2025-07-19 18:00:00,29.6,74,3,227,0.9444444444444444
2025-07-19 19:00:00,28.5,79,2,201,1.5
2025-07-19 20:00:00,28.1,80,2,203,1.6388888888888888
2025-07-19 21:00:00,27.7,81,3,224,1.5833333333333333
2025-07-19 22:00:00,27.3,82,2,236,1.6944444444444442
2025-07-19 23:00:00,26.6,85,1,256,1.25
2025-07-20 00:00:00,26.2,85,3,275,1.25
2025-07-20 01:00:00,25.8,85,2,268,1.3611111111111112
2025-07-20 02:00:00,25.7,81,3,297,1.5555555555555554
2025-07-20 03:00:00,25.7,78,3,297,1.972222222222222
2025-07-20 04:00:00,25.8,78,3,299,2.055555555555556
2025-07-20 05:00:00,25.2,81,3,315,1.6388888888888888
2025-07-20 06:00:00,26.4,80,3,306,1.7222222222222223
2025-07-20 07:00:00,27.1,80,3,324,1.7222222222222223
2025-07-20 08:00:00,28.5,71,3,328,2.4166666666666665
2025-07-20 09:00:00,28.3,71,51,347,2.305555555555556
2025-07-20 10:00:00,27.7,77,51,10,1.9444444444444444
2025-07-20 11:00:00,28.0,77,51,7,1.5555555555555554
2025-07-20 12:00:00,28.6,74,3,322,1.7222222222222223
2025-07-20 13:00:00,29.4,69,3,304,1.611111111111111
2025-07-20 14:00:00,29.6,68,3,272,1.3611111111111112
2025-07-20 15:00:00,29.4,68,3,253,1.5277777777777777
2025-07-20 16:00:00,29.8,67,3,260,1.6666666666666665
2025-07-20 17:00:00,29.7,68,3,260,1.6666666666666665
2025-07-20 18:00:00,29.6,77,3,201,0.6944444444444444
2025-07-20 19:00:00,28.0,80,3,210,1.0
2025-07-20 20:00:00,27.4,83,3,211,2.0277777777777777
2025-07-20 21:00:00,26.9,86,3,224,1.5277777777777777
2025-07-20 22:00:00,26.3,90,3,225,1.0555555555555556
2025-07-20 23:00:00,26.1,91,3,242,1.0833333333333333
2025-07-21 00:00:00,26.2,91,3,282,0.9722222222222222
2025-07-21 01:00:00,26.0,93,3,357,0.8611111111111112
2025-07-21 02:00:00,25.8,94,51,54,1.1666666666666667
2025-07-21 03:00:00,25.2,95,51,83,2.7222222222222223
2025-07-21 04:00:00,24.7,96,51,92,1.1388888888888888
2025-07-21 05:00:00,24.5,96,51,73,1.4166666666666665
2025-07-21 06:00:00,25.7,92,3,350,1.1111111111111112
2025-07-21 07:00:00,26.5,87,3,352,1.1111111111111112
2025-07-21 08:00:00,27.8,81,3,342,1.4166666666666665
2025-07-21 09:00:00,29.4,72,3,339,1.7222222222222223
2025-07-21 10:00:00,30.6,64,3,325,2.0
2025-07-21 11:00:00,31.5,61,51,331,2.1666666666666665
2025-07-21 12:00:00,32.2,60,3,351,2.138888888888889
2025-07-21 13:00:00,32.5,61,3,353,2.111111111111111
2025-07-21 14:00:00,32.5,61,3,345,1.9166666666666667
2025-07-21 15:00:00,32.4,62,3,340,1.75
2025-07-21 16:00:00,30.2,74,61,35,2.4444444444444446
2025-07-21 17:00:00,29.7,77,3,47,1.1666666666666667
2025-07-21 18:00:00,29.5,77,3,229,0.4722222222222222
2025-07-21 19:00:00,28.3,84,3,319,1.9166666666666667
2025-07-21 20:00:00,27.7,87,3,16,0.7222222222222222
2025-07-21 21:00:00,27.3,87,3,307,1.0
2025-07-21 22:00:00,26.9,88,3,309,1.2777777777777777
2025-07-21 23:00:00,26.4,89,2,291,1.5555555555555554
2025-07-22 00:00:00,25.6,91,63,36,0.41666666666666663
2025-07-22 01:00:00,25.1,94,61,335,2.0277777777777777
2025-07-22 02:00:00,24.6,95,63,360,1.8611111111111112
2025-07-22 03:00:00,24.5,95,51,334,2.1666666666666665
2025-07-22 04:00:00,24.3,95,63,297,3.4722222222222223
2025-07-22 05:00:00,24.4,96,63,330,2.0833333333333335
2025-07-22 06:00:00,26.1,92,3,273,2.944444444444444
2025-07-22 07:00:00,26.8,88,2,288,2.138888888888889
2025-07-22 08:00:00,28.5,82,3,322,2.361111111111111
2025-07-22 09:00:00,29.7,75,51,324,1.777777777777778
2025-07-22 10:00:00,30.2,73,51,318,2.305555555555556
2025-07-22 11:00:00,30.4,72,51,305,2.0833333333333335
2025-07-22 12:00:00,31.1,70,51,315,2.055555555555556
2025-07-22 13:00:00,32.0,66,51,337,3.083333333333333
2025-07-22 14:00:00,27.5,85,65,328,2.055555555555556
2025-07-22 15:00:00,27.3,87,53,314,2.0277777777777777
2025-07-22 16:00:00,28.1,83,51,329,2.111111111111111
2025-07-22 17:00:00,28.2,82,3,283,2.055555555555556
2025-07-22 18:00:00,27.7,85,3,223,0.9444444444444444
2025-07-22 19:00:00,27.1,90,51,222,1.3333333333333333
2025-07-22 20:00:00,26.6,95,53,226,1.9444444444444444
2025-07-22 21:00:00,26.6,95,51,232,2.361111111111111
2025-07-22 22:00:00,26.2,96,51,242,3.2777777777777777
2025-07-22 23:00:00,26.2,95,51,251,2.5833333333333335
2025-07-23 00:00:00,26.3,95,51,265,2.5
2025-07-23 01:00:00,26.1,95,3,271,2.5555555555555554
2025-07-23 02:00:00,25.8,95,3,275,2.25
2025-07-23 03:00:00,25.7,95,3,285,2.5277777777777777
2025-07-23 04:00:00,25.7,95,3,287,2.6666666666666665
2025-07-23 05:00:00,25.6,95,3,292,2.305555555555556
2025-07-23 06:00:00,26.2,92,3,283,2.7777777777777777
2025-07-23 07:00:00,27.1,87,3,301,2.5
2025-07-23 08:00:00,28.2,81,3,302,3.888888888888889
2025-07-23 09:00:00,29.2,77,51,296,3.1666666666666665
2025-07-23 10:00:00,30.3,72,51,299,3.3888888888888884
2025-07-23 11:00:00,31.1,66,51,301,3.5277777777777777
2025-07-23 12:00:00,26.8,88,63,324,3.333333333333333
2025-07-23 13:00:00,29.3,76,51,301,3.1666666666666665
2025-07-23 14:00:00,31.1,69,51,296,3.944444444444444
2025-07-23 15:00:00,29.3,77,61,300,4.25
2025-07-23 16:00:00,28.3,77,55,301,3.138888888888889
2025-07-23 17:00:00,26.9,85,51,264,1.8055555555555556
2025-07-23 18:00:00,27.5,85,51,290,2.6666666666666665
2025-07-23 19:00:00,26.5,89,53,287,3.8055555555555554
2025-07-23 20:00:00,25.8,93,53,295,3.5277777777777777
2025-07-23 21:00:00,25.4,94,61,280,3.194444444444444
2025-07-23 22:00:00,25.2,95,63,272,3.0555555555555554
2025-07-23 23:00:00,25.1,95,63,259,2.944444444444444
2025-07-24 00:00:00,25.0,95,63,264,3.2777777777777777
2025-07-24 01:00:00,24.9,96,61,272,3.3055555555555554
2025-07-24 02:00:00,24.9,96,53,278,3.416666666666667
2025-07-24 03:00:00,24.9,94,51,281,3.611111111111111
2025-07-24 04:00:00,24.6,94,61,291,4.027777777777778
2025-07-24 05:00:00,24.5,94,61,283,3.75
2025-07-24 06:00:00,24.6,96,53,284,3.611111111111111
2025-07-24 07:00:00,25.4,92,51,287,3.9722222222222223
2025-07-24 08:00:00,25.9,89,53,284,3.555555555555556
2025-07-24 09:00:00,26.8,86,53,288,4.583333333333333
2025-07-24 10:00:00,26.8,87,55,291,4.277777777777778
2025-07-24 11:00:00,27.5,83,53,292,3.8055555555555554
2025-07-24 12:00:00,27.8,84,53,288,3.5833333333333335
2025-07-24 13:00:00,28.0,83,61,293,3.5277777777777777
2025-07-24 14:00:00,27.6,85,53,280,3.2499999999999996
2025-07-24 15:00:00,27.5,84,51,281,3.611111111111111
2025-07-24 16:00:00,27.6,83,53,269,3.4444444444444446
2025-07-24 17:00:00,26.7,87,53,272,3.3888888888888884
2025-07-24 18:00:00,25.5,92,53,282,3.1666666666666665
2025-07-24 19:00:00,25.0,93,53,280,3.6666666666666665
2025-07-24 20:00:00,24.8,94,53,270,3.1111111111111107
2025-07-24 21:00:00,24.7,94,53,263,3.138888888888889
2025-07-24 22:00:00,24.5,95,55,266,3.1666666666666665
2025-07-24 23:00:00,24.5,95,63,266,3.0
2025-07-25 00:00:00,24.3,95,55,274,2.861111111111111
2025-07-25 01:00:00,24.1,95,53,272,3.3055555555555554
2025-07-25 02:00:00,24.0,94,51,277,3.5277777777777777
2025-07-25 03:00:00,23.9,95,51,275,3.611111111111111
2025-07-25 04:00:00,23.9,95,51,281,3.2499999999999996
2025-07-25 05:00:00,23.8,95,55,276,3.416666666666667
2025-07-25 06:00:00,24.3,94,55,285,3.3611111111111107
2025-07-25 07:00:00,24.6,94,53,276,3.1111111111111107
2025-07-25 08:00:00,25.5,90,51,281,3.7777777777777777
2025-07-25 09:00:00,26.0,88,51,283,3.6944444444444446
2025-07-25 10:00:00,26.1,87,53,269,4.305555555555555
2025-07-25 11:00:00,25.9,90,63,255,3.3611111111111107
2025-07-25 12:00:00,26.1,90,61,255,3.888888888888889
2025-07-25 13:00:00,26.8,90,53,285,2.2777777777777777
2025-07-25 14:00:00,26.3,89,55,274,3.194444444444444
2025-07-25 15:00:00,27.4,87,51,266,3.555555555555556
2025-07-25 16:00:00,27.8,84,61,268,3.75
2025-07-25 17:00:00,26.2,94,63,248,2.4166666666666665
2025-07-25 18:00:00,26.6,89,51,250,3.3611111111111107
2025-07-25 19:00:00,26.0,89,51,264,3.611111111111111
2025-07-25 20:00:00,25.8,90,51,254,3.638888888888889
2025-07-25 21:00:00,25.5,92,51,259,3.4722222222222223
2025-07-25 22:00:00,25.1,92,53,259,3.194444444444444
2025-07-25 23:00:00,24.8,96,61,248,2.388888888888889
2025-07-26 00:00:00,24.8,97,61,278,2.888888888888889
2025-07-26 01:00:00,24.6,97,63,286,2.972222222222222
2025-07-26 02:00:00,24.5,96,63,267,3.3611111111111107
2025-07-26 03:00:00,24.4,96,63,267,3.3611111111111107
2025-07-26 04:00:00,24.3,96,61,269,4.138888888888889
2025-07-26 05:00:00,24.2,96,63,266,2.6666666666666665
2025-07-26 06:00:00,25.2,93,51,268,4.111111111111112
2025-07-26 07:00:00,25.1,94,61,271,3.555555555555556
2025-07-26 08:00:00,25.0,95,63,266,3.861111111111111
2025-07-26 09:00:00,25.2,95,63,266,3.861111111111111
2025-07-26 10:00:00,25.1,95,63,263,4.527777777777778
2025-07-26 11:00:00,25.3,94,61,266,5.111111111111111
2025-07-26 12:00:00,25.3,95,61,271,4.694444444444444
2025-07-26 13:00:00,25.7,95,55,271,3.611111111111111
2025-07-26 14:00:00,26.2,93,53,266,3.555555555555556
2025-07-26 15:00:00,26.0,89,61,250,4.944444444444445
2025-07-26 16:00:00,24.9,96,61,246,4.222222222222222
2025-07-26 17:00:00,25.0,95,55,249,4.916666666666666
2025-07-26 18:00:00,25.0,94,51,242,5.305555555555556
2025-07-26 19:00:00,24.8,93,51,248,5.5
2025-07-26 20:00:00,24.6,95,53,251,5.194444444444444
2025-07-26 21:00:00,24.6,94,51,249,4.75
2025-07-26 22:00:00,24.4,95,51,254,4.611111111111112
2025-07-26 23:00:00,24.4,94,51,254,4.333333333333333
2025-07-27 00:00:00,24.2,94,3,248,3.944444444444444
2025-07-27 01:00:00,24.2,94,3,243,4.583333333333333
2025-07-27 02:00:00,24.2,94,3,244,4.722222222222222
2025-07-27 03:00:00,24.4,92,3,246,4.638888888888888
2025-07-27 04:00:00,24.3,92,3,238,4.555555555555555
2025-07-27 05:00:00,24.4,91,3,238,5.027777777777778
2025-07-27 06:00:00,24.6,90,3,227,4.361111111111111
2025-07-27 07:00:00,24.8,89,3,230,4.555555555555555
2025-07-27 08:00:00,25.2,88,3,223,4.277777777777778
2025-07-27 09:00:00,25.9,84,3,234,5.333333333333333
2025-07-27 10:00:00,27.6,75,2,247,6.694444444444445
2025-07-27 11:00:00,28.9,70,51,246,6.361111111111111
2025-07-27 12:00:00,29.7,70,3,240,5.5
2025-07-27 13:00:00,30.5,63,2,245,6.305555555555555
2025-07-27 14:00:00,29.4,68,51,234,6.888888888888889
2025-07-27 15:00:00,29.3,71,3,240,6.333333333333333
2025-07-27 16:00:00,29.2,70,2,240,6.361111111111111
2025-07-27 17:00:00,28.2,74,2,238,5.638888888888889
2025-07-27 18:00:00,26.5,80,3,234,4.555555555555555
2025-07-27 19:00:00,25.9,82,3,235,4.388888888888889
2025-07-27 20:00:00,26.0,80,3,236,5.0
2025-07-27 21:00:00,26.0,80,3,239,4.666666666666667
2025-07-27 22:00:00,25.6,83,3,233,4.083333333333333
2025-07-27 23:00:00,25.2,86,3,236,4.25
2025-07-28 00:00:00,25.0,87,3,240,4.583333333333333
2025-07-28 01:00:00,24.8,87,3,239,4.527777777777778
2025-07-28 02:00:00,24.6,87,3,237,4.638888888888888
2025-07-28 03:00:00,24.5,87,3,242,4.638888888888888
2025-07-28 04:00:00,24.3,87,3,240,4.388888888888889
2025-07-28 05:00:00,24.3,86,3,238,4.055555555555555
2025-07-28 06:00:00,25.1,82,3,242,3.888888888888889
2025-07-28 07:00:00,25.4,81,3,241,3.8333333333333335
2025-07-28 08:00:00,26.1,80,51,232,3.75
2025-07-28 09:00:00,27.1,76,51,249,5.611111111111111
2025-07-28 10:00:00,27.2,74,3,253,6.027777777777778
2025-07-28 11:00:00,27.6,76,51,251,4.555555555555555
2025-07-28 12:00:00,28.7,71,53,262,6.611111111111111
2025-07-28 13:00:00,27.8,80,61,253,4.5
2025-07-28 14:00:00,28.2,74,51,260,4.722222222222222
2025-07-28 15:00:00,28.6,74,51,251,4.916666666666666
2025-07-28 16:00:00,27.9,76,3,249,4.277777777777778
2025-07-28 17:00:00,27.1,79,3,247,4.805555555555555
2025-07-28 18:00:00,26.3,82,3,239,4.444444444444445
2025-07-28 19:00:00,25.9,83,3,250,4.138888888888889
2025-07-28 20:00:00,26.1,82,3,248,4.361111111111111
2025-07-28 21:00:00,26.1,82,3,247,4.777777777777778
2025-07-28 22:00:00,26.1,81,3,251,4.666666666666667
2025-07-28 23:00:00,25.8,82,3,251,4.722222222222222
2025-07-29 00:00:00,25.4,83,3,252,4.777777777777778
2025-07-29 01:00:00,25.3,83,51,251,5.111111111111111
2025-07-29 02:00:00,25.3,82,3,247,5.277777777777778
2025-07-29 03:00:00,25.2,85,51,245,5.277777777777778
2025-07-29 04:00:00,24.6,88,61,247,5.166666666666667
2025-07-29 05:00:00,24.3,90,53,245,5.583333333333334
2025-07-29 06:00:00,24.3,90,51,250,5.333333333333333
2025-07-29 07:00:00,24.7,89,51,247,5.305555555555556
2025-07-29 08:00:00,25.7,85,51,254,5.611111111111111
2025-07-29 09:00:00,26.2,83,51,252,5.277777777777778
2025-07-29 10:00:00,26.1,87,61,253,5.027777777777778
2025-07-29 11:00:00,25.9,91,63,264,4.333333333333333
2025-07-29 12:00:00,25.5,92,63,271,4.5
2025-07-29 13:00:00,25.6,92,63,277,4.333333333333333
2025-07-29 14:00:00,25.2,93,63,284,3.9722222222222223
2025-07-29 15:00:00,25.6,89,61,274,3.9166666666666665
2025-07-29 16:00:00,25.9,88,53,269,3.6944444444444446
2025-07-29 17:00:00,25.9,86,51,265,4.027777777777778
2025-07-29 18:00:00,26.9,78,3,248,3.194444444444444
2025-07-29 19:00:00,25.9,82,3,245,3.3888888888888884
2025-07-29 20:00:00,25.6,84,3,257,3.2499999999999996
2025-07-29 21:00:00,25.3,85,3,252,3.1111111111111107
2025-07-29 22:00:00,24.9,86,3,245,3.416666666666667
2025-07-29 23:00:00,24.7,86,3,247,3.6944444444444446
2025-07-30 00:00:00,24.4,86,3,245,3.861111111111111
2025-07-30 01:00:00,24.4,86,51,247,4.0
2025-07-30 02:00:00,23.8,91,61,249,4.222222222222222
2025-07-30 03:00:00,23.8,92,61,247,4.527777777777778
2025-07-30 04:00:00,23.6,92,53,246,3.944444444444444
2025-07-30 05:00:00,23.6,93,51,242,3.7777777777777777
2025-07-30 06:00:00,24.1,92,51,248,3.7222222222222223
2025-07-30 07:00:00,25.1,88,51,251,3.611111111111111
2025-07-30 08:00:00,26.4,82,51,250,4.472222222222222
2025-07-30 09:00:00,27.6,76,3,259,4.527777777777778
2025-07-30 10:00:00,28.7,69,3,279,5.055555555555555
2025-07-30 11:00:00,28.9,69,3,282,4.694444444444444
2025-07-30 12:00:00,29.5,67,3,285,4.805555555555555
2025-07-30 13:00:00,29.5,66,3,288,4.638888888888888
2025-07-30 14:00:00,29.0,69,3,284,3.9722222222222223
2025-07-30 15:00:00,29.4,69,3,273,3.8055555555555554
2025-07-30 16:00:00,29.4,69,3,275,3.8055555555555554
2025-07-30 17:00:00,29.2,71,3,271,2.75
2025-07-30 18:00:00,27.3,78,1,245,2.2222222222222223
2025-07-30 19:00:00,26.4,82,1,234,1.972222222222222
2025-07-30 20:00:00,26.0,84,1,233,2.638888888888889
2025-07-30 21:00:00,25.6,85,1,237,2.8055555555555554
2025-07-30 22:00:00,25.4,87,0,239,2.4444444444444446
2025-07-30 23:00:00,25.0,90,1,234,2.2222222222222223
2025-07-31 00:00:00,24.6,92,0,236,2.2222222222222223
2025-07-31 01:00:00,24.5,90,0,238,2.638888888888889
2025-07-31 02:00:00,24.2,90,1,239,3.0277777777777777
2025-07-31 03:00:00,23.9,91,51,246,3.222222222222222
2025-07-31 04:00:00,23.4,89,51,258,3.3611111111111107
2025-07-31 05:00:00,23.3,90,3,259,3.3055555555555554
2025-07-31 06:00:00,24.6,88,3,254,3.222222222222222
2025-07-31 07:00:00,25.8,83,3,256,3.8333333333333335
2025-07-31 08:00:00,27.0,77,51,263,4.944444444444445
2025-07-31 09:00:00,28.2,71,51,271,4.861111111111111
2025-07-31 10:00:00,29.6,66,51,271,4.388888888888889
2025-07-31 11:00:00,30.6,65,3,270,3.944444444444444
2025-07-31 12:00:00,31.3,61,3,273,3.944444444444444
2025-07-31 13:00:00,31.3,59,3,276,4.111111111111112
2025-07-31 14:00:00,31.7,58,3,278,3.8333333333333335
2025-07-31 15:00:00,31.7,57,3,274,4.111111111111112
2025-07-31 16:00:00,31.0,59,2,268,4.111111111111112
2025-07-31 17:00:00,30.3,64,3,270,3.4444444444444446
2025-07-31 18:00:00,28.7,69,1,269,2.888888888888889
2025-07-31 19:00:00,27.5,75,1,253,2.0277777777777777
2025-07-31 20:00:00,26.7,79,1,237,1.8333333333333333
2025-07-31 21:00:00,26.3,82,1,245,2.2222222222222223
2025-07-31 22:00:00,26.0,83,0,257,2.4166666666666665
2025-07-31 23:00:00,25.5,85,1,248,2.2777777777777777
2025-08-01 00:00:00,25.2,87,3,252,2.111111111111111
2025-08-01 01:00:00,24.8,88,3,265,2.111111111111111
2025-08-01 02:00:00,24.6,89,0,273,1.8611111111111112
2025-08-01 03:00:00,24.3,91,3,283,1.75
2025-08-01 04:00:00,24.4,90,3,271,2.5
2025-08-01 05:00:00,24.3,88,3,282,2.611111111111111
2025-08-01 06:00:00,24.9,86,3,254,2.8055555555555554
2025-08-01 07:00:00,25.9,84,51,253,2.4444444444444446
2025-08-01 08:00:00,27.3,80,3,262,2.611111111111111
2025-08-01 09:00:00,28.7,72,51,279,3.333333333333333
2025-08-01 10:00:00,29.7,66,1,287,3.611111111111111
2025-08-01 11:00:00,30.3,62,3,289,3.555555555555556
2025-08-01 12:00:00,31.0,59,3,287,3.5
2025-08-01 13:00:00,31.7,56,3,287,3.4444444444444446
2025-08-01 14:00:00,31.7,55,3,281,3.555555555555556
2025-08-01 15:00:00,31.8,54,3,279,3.638888888888889
2025-08-01 16:00:00,31.3,56,3,272,3.611111111111111
2025-08-01 17:00:00,30.7,62,3,260,2.8055555555555554
2025-08-01 18:00:00,29.0,70,3,264,1.9166666666666667
2025-08-01 19:00:00,27.9,75,3,256,1.611111111111111
2025-08-01 20:00:00,27.1,78,3,247,1.6388888888888888
2025-08-01 21:00:00,26.7,79,2,251,1.8611111111111112
2025-08-01 22:00:00,26.5,80,3,265,2.2222222222222223
2025-08-01 23:00:00,26.1,81,3,274,2.111111111111111
2025-08-02 00:00:00,25.8,83,0,275,2.611111111111111
2025-08-02 01:00:00,25.6,84,1,271,2.5555555555555554
2025-08-02 02:00:00,25.4,84,3,273,2.611111111111111
2025-08-02 03:00:00,25.4,84,3,276,2.7222222222222223
2025-08-02 04:00:00,25.2,84,3,288,2.694444444444444
2025-08-02 05:00:00,25.2,84,3,283,2.6666666666666665
2025-08-02 06:00:00,25.9,82,3,281,2.5555555555555554
2025-08-02 07:00:00,26.7,80,3,288,2.7222222222222223
2025-08-02 08:00:00,27.8,75,3,288,3.1666666666666665
2025-08-02 09:00:00,29.0,70,3,286,2.9166666666666665
2025-08-02 10:00:00,29.8,64,3,294,3.611111111111111
2025-08-02 11:00:00,30.7,60,51,290,3.5
2025-08-02 12:00:00,31.3,57,51,287,3.3611111111111107
2025-08-02 13:00:00,31.8,55,51,278,3.222222222222222
2025-08-02 14:00:00,32.3,53,51,270,3.3611111111111107
2025-08-02 15:00:00,32.2,52,51,268,3.6944444444444446
2025-08-02 16:00:00,31.6,56,51,259,3.4722222222222223
2025-08-02 17:00:00,30.9,62,3,257,2.5833333333333335
2025-08-02 18:00:00,29.3,69,3,256,1.5
2025-08-02 19:00:00,28.2,73,3,230,2.0277777777777777
2025-08-02 20:00:00,27.5,74,3,264,1.972222222222222
2025-08-02 21:00:00,27.0,75,3,277,1.9166666666666667
2025-08-02 22:00:00,26.6,77,3,276,1.9166666666666667
2025-08-02 23:00:00,26.0,80,3,272,1.75
2025-08-03 00:00:00,25.6,82,3,276,2.0
2025-08-03 01:00:00,25.3,83,3,282,2.138888888888889
2025-08-03 02:00:00,25.0,83,3,275,1.75
2025-08-03 03:00:00,24.8,84,3,272,1.8055555555555556
2025-08-03 04:00:00,24.6,84,3,276,1.8055555555555556
2025-08-03 05:00:00,24.6,85,3,276,1.972222222222222
2025-08-03 06:00:00,25.6,83,3,265,2.1666666666666665
2025-08-03 07:00:00,27.1,80,3,268,1.8055555555555556
2025-08-03 08:00:00,28.6,74,3,290,2.611111111111111
2025-08-03 09:00:00,29.3,69,51,294,2.9166666666666665
2025-08-03 10:00:00,30.1,67,3,285,2.861111111111111
2025-08-03 11:00:00,30.3,65,3,274,2.6666666666666665
2025-08-03 12:00:00,30.8,64,3,272,2.4444444444444446
2025-08-03 13:00:00,31.5,60,51,267,2.6666666666666665
2025-08-03 14:00:00,31.8,60,3,260,2.75
2025-08-03 15:00:00,31.5,60,3,256,2.944444444444444
2025-08-03 16:00:00,31.5,59,3,271,3.1111111111111107
2025-08-03 17:00:00,30.9,63,3,271,2.055555555555556
2025-08-03 18:00:00,29.3,75,3,273,1.0
2025-08-03 19:00:00,28.2,77,3,266,1.3611111111111112
2025-08-03 20:00:00,27.5,78,3,259,1.5277777777777777
2025-08-03 21:00:00,26.9,79,3,276,1.5555555555555554
2025-08-03 22:00:00,26.3,79,3,276,1.5555555555555554
2025-08-03 23:00:00,25.9,80,3,284,1.611111111111111
2025-08-04 00:00:00,25.4,82,3,293,1.4166666666666665
2025-08-04 01:00:00,24.8,86,3,299,1.1388888888888888
2025-08-04 02:00:00,24.5,88,3,287,1.0555555555555556
2025-08-04 03:00:00,24.4,88,3,294,1.3611111111111112
2025-08-04 04:00:00,24.3,88,3,298,1.3611111111111112
2025-08-04 05:00:00,24.3,87,3,305,1.5833333333333333
2025-08-04 06:00:00,25.5,85,3,291,1.6666666666666665
2025-08-04 07:00:00,27.1,80,3,286,1.25
2025-08-04 08:00:00,29.1,72,3,303,1.3611111111111112
2025-08-04 09:00:00,30.3,63,3,307,1.8333333333333333
2025-08-04 10:00:00,31.1,59,3,311,2.055555555555556
2025-08-04 11:00:00,31.4,57,3,305,2.3333333333333335
2025-08-04 12:00:00,31.8,56,3,295,1.9166666666666667
2025-08-04 13:00:00,32.5,52,3,281,1.8888888888888888
2025-08-04 14:00:00,32.8,51,1,287,2.0833333333333335
2025-08-04 15:00:00,32.9,50,51,284,2.638888888888889
2025-08-04 16:00:00,32.1,54,3,281,2.638888888888889
2025-08-04 17:00:00,31.3,61,3,288,1.777777777777778
2025-08-04 18:00:00,29.6,70,3,258,1.1666666666666667
2025-08-04 19:00:00,28.3,75,3,234,1.1666666666666667
2025-08-04 20:00:00,27.7,78,3,234,1.611111111111111
2025-08-04 21:00:00,27.1,81,3,243,1.75
2025-08-04 22:00:00,26.7,82,3,255,1.5
2025-08-04 23:00:00,26.4,81,3,256,1.8611111111111112
2025-08-05 00:00:00,26.2,80,2,267,1.8888888888888888
2025-08-05 01:00:00,25.8,81,3,283,1.8333333333333333
2025-08-05 02:00:00,25.3,83,3,298,1.3611111111111112
2025-08-05 03:00:00,24.9,86,0,313,1.777777777777778
2025-08-05 04:00:00,24.5,88,0,318,1.8055555555555556
2025-08-05 05:00:00,24.3,90,3,319,1.8333333333333333
2025-08-05 06:00:00,25.7,87,3,272,1.3888888888888888
2025-08-05 07:00:00,27.2,82,3,249,0.8611111111111112
2025-08-05 08:00:00,28.7,74,51,290,0.75
2025-08-05 09:00:00,30.1,66,3,298,1.3055555555555556
2025-08-05 10:00:00,30.8,62,51,289,1.8055555555555556
2025-08-05 11:00:00,31.5,59,1,293,1.9166666666666667
2025-08-05 12:00:00,32.4,55,51,290,1.9166666666666667
2025-08-05 13:00:00,32.9,52,51,284,1.9166666666666667
2025-08-05 14:00:00,33.3,50,51,292,1.8888888888888888
2025-08-05 15:00:00,32.4,53,51,295,2.75
2025-08-05 16:00:00,32.0,58,3,299,2.4722222222222223
2025-08-05 17:00:00,31.4,61,3,281,1.777777777777778
2025-08-05 18:00:00,30.5,72,3,218,0.888888888888889
2025-08-05 19:00:00,29.6,74,3,228,0.6111111111111112
2025-08-05 20:00:00,28.5,79,3,232,1.1388888888888888
2025-08-05 21:00:00,27.8,82,3,252,1.3055555555555556
2025-08-05 22:00:00,27.2,82,1,285,1.3888888888888888
2025-08-05 23:00:00,26.8,78,0,300,1.3888888888888888
2025-08-06 00:00:00,26.2,80,2,309,1.2777777777777777
2025-08-06 01:00:00,26.0,82,2,330,1.8055555555555556
2025-08-06 02:00:00,25.8,83,3,343,1.8333333333333333
2025-08-06 03:00:00,25.5,84,3,329,1.8611111111111112
2025-08-06 04:00:00,25.1,84,3,327,1.8333333333333333
2025-08-06 05:00:00,24.7,85,2,326,1.611111111111111
2025-08-06 06:00:00,26.4,82,2,345,1.5
2025-08-06 07:00:00,27.8,79,2,341,0.888888888888889
2025-08-06 08:00:00,29.5,72,2,357,1.6666666666666665
2025-08-06 09:00:00,31.0,64,2,7,2.1666666666666665
2025-08-06 10:00:00,31.8,61,1,4,1.611111111111111
2025-08-06 11:00:00,32.2,60,2,333,1.0
2025-08-06 12:00:00,32.9,56,3,325,1.6388888888888888
2025-08-06 13:00:00,31.2,64,53,185,2.361111111111111
2025-08-06 14:00:00,30.2,74,3,189,2.75
2025-08-06 15:00:00,30.0,74,3,203,2.7222222222222223
2025-08-06 16:00:00,30.7,68,2,229,2.2777777777777777
2025-08-06 17:00:00,30.2,67,1,248,2.388888888888889
2025-08-06 18:00:00,30.9,65,2,219,1.6666666666666665
2025-08-06 19:00:00,29.4,74,3,197,2.8055555555555554
2025-08-06 20:00:00,28.6,78,3,205,2.5833333333333335
2025-08-06 21:00:00,27.9,82,3,216,2.111111111111111
2025-08-06 22:00:00,27.7,84,2,243,2.0
2025-08-06 23:00:00,27.3,85,3,261,1.5833333333333333
2025-08-07 00:00:00,26.9,85,3,277,1.611111111111111
2025-08-07 01:00:00,26.7,83,3,284,1.8055555555555556
2025-08-07 02:00:00,26.4,82,3,296,2.055555555555556
2025-08-07 03:00:00,26.2,82,3,311,1.972222222222222
2025-08-07 04:00:00,25.9,82,3,323,1.9166666666666667
2025-08-07 05:00:00,25.8,82,3,324,1.972222222222222
2025-08-07 06:00:00,26.8,81,3,318,2.5555555555555554
2025-08-07 07:00:00,27.9,78,3,322,2.0277777777777777
2025-08-07 08:00:00,29.4,70,2,332,2.361111111111111
2025-08-07 09:00:00,31.0,62,2,326,2.4166666666666665
2025-08-07 10:00:00,32.0,58,3,319,2.138888888888889
2025-08-07 11:00:00,32.6,57,2,311,2.6666666666666665
2025-08-07 12:00:00,32.9,57,3,305,2.0
2025-08-07 13:00:00,29.0,77,63,243,4.027777777777778
2025-08-07 14:00:00,27.5,82,63,122,1.6944444444444442
2025-08-07 15:00:00,27.6,80,51,182,1.6944444444444442
2025-08-07 16:00:00,27.0,81,51,182,2.5555555555555554
2025-08-07 17:00:00,26.8,86,51,208,2.25
2025-08-07 18:00:00,27.0,88,51,210,0.6944444444444444
2025-08-07 19:00:00,26.8,91,51,200,2.0833333333333335
2025-08-07 20:00:00,26.1,95,51,198,2.694444444444444
2025-08-07 21:00:00,26.0,94,3,226,2.305555555555556
2025-08-07 22:00:00,25.7,93,3,216,2.2222222222222223
2025-08-07 23:00:00,25.5,94,3,214,2.1666666666666665
2025-08-08 00:00:00,25.1,95,3,229,1.6666666666666665
2025-08-08 01:00:00,24.4,95,51,205,4.861111111111111
2025-08-08 02:00:00,23.9,94,51,233,4.333333333333333
2025-08-08 03:00:00,23.9,94,3,242,2.888888888888889
2025-08-08 04:00:00,23.6,95,3,279,2.2777777777777777
2025-08-08 05:00:00,23.6,96,3,311,2.305555555555556
2025-08-08 06:00:00,24.7,92,3,221,3.222222222222222
2025-08-08 07:00:00,25.3,89,51,260,2.638888888888889
2025-08-08 08:00:00,26.4,82,51,267,2.861111111111111
2025-08-08 09:00:00,27.0,81,3,258,2.361111111111111
2025-08-08 10:00:00,27.8,76,3,254,2.3333333333333335
2025-08-08 11:00:00,28.7,72,3,256,2.2222222222222223
2025-08-08 12:00:00,28.6,72,3,259,2.305555555555556
2025-08-08 13:00:00,29.5,67,3,243,2.1944444444444446
2025-08-08 14:00:00,29.3,67,3,249,1.9444444444444444
2025-08-08 15:00:00,29.6,67,51,245,2.0277777777777777
2025-08-08 16:00:00,29.1,68,3,220,2.5833333333333335
2025-08-08 17:00:00,28.1,73,3,215,3.194444444444444
2025-08-08 18:00:00,26.9,84,3,315,0.5555555555555556
2025-08-08 19:00:00,26.3,89,3,322,0.5833333333333334
2025-08-08 20:00:00,26.2,88,3,194,0.19444444444444442
2025-08-08 21:00:00,26.1,90,3,209,0.6388888888888888
2025-08-08 22:00:00,26.0,91,3,209,1.027777777777778
2025-08-08 23:00:00,25.8,91,3,227,1.1666666666666667
2025-08-09 00:00:00,25.4,93,51,230,1.5
2025-08-09 01:00:00,25.0,95,3,194,0.6111111111111112
2025-08-09 02:00:00,24.7,96,3,206,1.2777777777777777
2025-08-09 03:00:00,24.5,94,51,212,2.25
2025-08-09 04:00:00,24.2,95,51,229,1.3888888888888888
2025-08-09 05:00:00,23.6,94,51,238,2.833333333333333
2025-08-09 06:00:00,24.8,93,3,249,1.8333333333333333
2025-08-09 07:00:00,25.3,91,3,252,1.2777777777777777
2025-08-09 08:00:00,25.7,90,3,223,1.25
2025-08-09 09:00:00,26.9,84,3,235,1.472222222222222
2025-08-09 10:00:00,28.0,75,51,261,1.2777777777777777
2025-08-09 11:00:00,29.1,70,2,256,1.4444444444444444
2025-08-09 12:00:00,30.4,66,51,247,1.5277777777777777
2025-08-09 13:00:00,30.7,63,51,247,1.6388888888888888
2025-08-09 14:00:00,31.2,61,2,235,2.3333333333333335
2025-08-09 15:00:00,30.8,63,51,249,2.4166666666666665
2025-08-09 16:00:00,30.3,62,51,265,1.8611111111111112
2025-08-09 17:00:00,29.9,65,2,283,1.8055555555555556
2025-08-09 18:00:00,28.4,72,2,310,1.3055555555555556
2025-08-09 19:00:00,27.4,81,2,279,0.6111111111111112
2025-08-09 20:00:00,26.6,84,3,262,0.75
2025-08-09 21:00:00,26.5,84,0,237,1.1944444444444444
2025-08-09 22:00:00,26.0,86,1,241,1.3333333333333333
2025-08-09 23:00:00,25.8,86,0,252,1.8888888888888888
2025-08-10 00:00:00,25.4,87,0,263,1.6666666666666665
2025-08-10 01:00:00,25.0,89,0,257,1.5277777777777777
2025-08-10 02:00:00,24.7,90,0,264,1.5
2025-08-10 03:00:00,24.3,92,0,261,1.2222222222222223
2025-08-10 04:00:00,23.9,94,1,214,2.111111111111111
2025-08-10 05:00:00,23.6,93,0,260,1.4166666666666665
2025-08-10 06:00:00,25.0,91,0,297,1.5277777777777777
2025-08-10 07:00:00,26.2,87,1,306,1.1666666666666667
2025-08-10 08:00:00,27.8,79,0,308,1.5277777777777777
2025-08-10 09:00:00,29.1,71,51,286,1.8611111111111112
2025-08-10 10:00:00,30.0,66,51,264,2.055555555555556
2025-08-10 11:00:00,30.9,61,51,254,2.1944444444444446
2025-08-10 12:00:00,31.5,61,51,252,1.75
2025-08-10 13:00:00,31.8,60,1,251,2.111111111111111
2025-08-10 14:00:00,32.0,58,3,245,2.25
2025-08-10 15:00:00,31.7,59,3,266,1.5555555555555554
2025-08-10 16:00:00,30.4,65,51,270,3.0555555555555554
2025-08-10 17:00:00,29.5,68,51,261,2.138888888888889
2025-08-10 18:00:00,28.5,76,3,279,1.0
2025-08-10 19:00:00,28.0,80,3,302,1.4166666666666665
2025-08-10 20:00:00,27.7,83,3,306,0.8611111111111112
2025-08-10 21:00:00,27.2,85,3,360,1.0555555555555556
2025-08-10 22:00:00,26.6,89,3,346,0.6111111111111112
2025-08-10 23:00:00,26.2,91,3,284,0.41666666666666663
2025-08-11 00:00:00,25.8,94,3,262,0.75
2025-08-11 01:00:00,25.7,95,3,281,1.027777777777778
2025-08-11 02:00:00,25.4,94,3,277,1.2222222222222223
2025-08-11 03:00:00,25.1,93,3,285,1.3333333333333333
2025-08-11 04:00:00,24.9,92,3,281,1.5277777777777777
2025-08-11 05:00:00,24.6,92,3,245,1.4444444444444444
2025-08-11 06:00:00,25.9,84,51,277,2.4722222222222223
2025-08-11 07:00:00,27.0,81,51,298,2.7777777777777777
2025-08-11 08:00:00,28.2,77,3,294,2.8055555555555554
2025-08-11 09:00:00,29.4,74,51,311,3.1111111111111107
2025-08-11 10:00:00,30.4,70,51,318,3.1111111111111107
2025-08-11 11:00:00,31.0,67,51,314,2.5
2025-08-11 12:00:00,32.1,62,3,291,2.25
2025-08-11 13:00:00,32.2,61,3,281,2.138888888888889
2025-08-11 14:00:00,28.8,76,63,317,4.416666666666667
2025-08-11 15:00:00,29.0,74,51,295,1.3333333333333333
2025-08-11 16:00:00,29.6,73,3,273,1.1111111111111112
2025-08-11 17:00:00,27.6,81,61,315,2.4722222222222223
2025-08-11 18:00:00,28.6,79,3,302,1.4166666666666665
2025-08-11 19:00:00,27.9,83,3,293,1.1388888888888888
2025-08-11 20:00:00,27.4,84,3,276,1.3611111111111112
2025-08-11 21:00:00,27.2,83,3,275,1.75
2025-08-11 22:00:00,26.7,84,3,277,1.7222222222222223
2025-08-11 23:00:00,26.4,85,3,280,1.972222222222222
2025-08-12 00:00:00,26.2,85,3,291,2.361111111111111
2025-08-12 01:00:00,25.9,86,3,294,2.4166666666666665
2025-08-12 02:00:00,25.6,87,3,293,2.2777777777777777
2025-08-12 03:00:00,25.5,87,2,301,2.5555555555555554
2025-08-12 04:00:00,25.3,88,2,289,2.4722222222222223
2025-08-12 05:00:00,25.3,87,0,296,2.7222222222222223
2025-08-12 06:00:00,26.3,84,3,294,2.7222222222222223
2025-08-12 07:00:00,27.5,81,3,302,2.833333333333333
2025-08-12 08:00:00,28.6,76,51,312,4.138888888888889
2025-08-12 09:00:00,29.6,72,3,316,4.027777777777778
2025-08-12 10:00:00,30.2,69,3,308,3.861111111111111
2025-08-12 11:00:00,30.9,67,3,304,3.638888888888889
2025-08-12 12:00:00,32.1,62,51,309,3.333333333333333
2025-08-12 13:00:00,32.5,58,3,312,3.3055555555555554
2025-08-12 14:00:00,31.6,61,51,310,3.1111111111111107
2025-08-12 15:00:00,27.7,82,63,4,2.611111111111111
2025-08-12 16:00:00,27.6,83,53,276,2.7777777777777777
2025-08-12 17:00:00,26.8,87,53,45,0.22222222222222224
2025-08-12 18:00:00,28.9,76,3,326,2.305555555555556
2025-08-12 19:00:00,27.9,82,3,330,1.7222222222222223
2025-08-12 20:00:00,27.3,85,3,330,1.3888888888888888
2025-08-12 21:00:00,26.7,88,3,327,1.0
2025-08-12 22:00:00,26.6,89,3,322,1.1388888888888888
2025-08-12 23:00:00,26.4,88,3,300,1.611111111111111
2025-08-13 00:00:00,26.1,88,51,282,2.388888888888889
2025-08-13 01:00:00,26.1,86,3,303,2.5
2025-08-13 02:00:00,25.8,86,3,306,2.638888888888889
2025-08-13 03:00:00,25.7,86,3,307,2.5833333333333335
2025-08-13 04:00:00,25.4,87,51,322,2.6666666666666665
2025-08-13 05:00:00,24.7,94,63,337,1.8055555555555556
2025-08-13 06:00:00,25.0,94,63,300,2.388888888888889
2025-08-13 07:00:00,25.3,94,63,337,2.4444444444444446
2025-08-13 08:00:00,25.4,94,55,325,2.25
2025-08-13 09:00:00,26.0,90,53,331,3.2777777777777777
2025-08-13 10:00:00,26.1,88,55,324,3.5833333333333335
2025-08-13 11:00:00,26.8,88,53,320,2.861111111111111
2025-08-13 12:00:00,28.2,82,51,337,3.8055555555555554
2025-08-13 13:00:00,28.6,79,51,332,3.5833333333333335
2025-08-13 14:00:00,28.6,79,53,346,4.027777777777778
2025-08-13 15:00:00,26.8,86,53,332,2.111111111111111
2025-08-13 16:00:00,27.4,84,3,321,1.6666666666666665
2025-08-13 17:00:00,27.4,85,61,23,1.6944444444444442
2025-08-13 18:00:00,25.3,93,51,313,3.083333333333333
2025-08-13 19:00:00,25.1,93,3,328,3.4722222222222223
2025-08-13 20:00:00,25.5,93,3,338,3.0277777777777777
2025-08-13 21:00:00,25.2,95,3,8,2.388888888888889
2025-08-13 22:00:00,25.2,96,3,16,1.6666666666666665
2025-08-13 23:00:00,25.0,97,3,19,1.8055555555555556
2025-08-14 00:00:00,24.8,97,3,32,1.9444444444444444
2025-08-14 01:00:00,24.1,96,61,44,2.0277777777777777
2025-08-14 02:00:00,23.3,99,63,19,2.3333333333333335
2025-08-14 03:00:00,23.6,98,53,3,1.8888888888888888
2025-08-14 04:00:00,23.9,97,51,355,1.25
2025-08-14 05:00:00,24.1,97,3,5,1.9166666666666667
2025-08-14 06:00:00,24.4,96,2,9,1.972222222222222
2025-08-14 07:00:00,25.4,91,3,41,1.5833333333333333
2025-08-14 08:00:00,26.7,87,51,69,1.5
2025-08-14 09:00:00,28.3,79,3,90,2.111111111111111
2025-08-14 10:00:00,29.0,74,3,83,1.7222222222222223
2025-08-14 11:00:00,29.3,73,3,64,1.3888888888888888
2025-08-14 12:00:00,29.5,73,51,66,1.0833333333333333
2025-08-14 13:00:00,29.9,72,3,44,1.3888888888888888
2025-08-14 14:00:00,30.0,73,51,40,1.6944444444444442
2025-08-14 15:00:00,30.5,72,3,75,1.3888888888888888
2025-08-14 16:00:00,29.9,73,51,125,0.6111111111111112
2025-08-14 17:00:00,27.4,84,53,118,3.222222222222222
2025-08-14 18:00:00,28.5,83,3,101,0.5
2025-08-14 19:00:00,27.6,87,3,45,0.22222222222222224
2025-08-14 20:00:00,27.0,91,3,257,0.4722222222222222
2025-08-14 21:00:00,26.7,93,3,214,0.3611111111111111
2025-08-14 22:00:00,26.2,95,3,243,0.888888888888889
2025-08-14 23:00:00,25.8,95,51,331,0.6388888888888888
2025-08-15 00:00:00,25.8,96,51,358,1.1388888888888888
2025-08-15 01:00:00,25.4,97,3,325,0.6111111111111112
2025-08-15 02:00:00,24.8,99,3,248,1.611111111111111
2025-08-15 03:00:00,24.6,96,51,279,1.6666666666666665
2025-08-15 04:00:00,23.9,97,63,271,2.694444444444444
2025-08-15 05:00:00,23.9,96,61,5,2.361111111111111
2025-08-15 06:00:00,25.1,95,61,178,1.75
2025-08-15 07:00:00,25.1,93,63,344,0.888888888888889
2025-08-15 08:00:00,25.7,88,3,306,0.8611111111111112
2025-08-15 09:00:00,26.5,84,51,353,0.41666666666666663
2025-08-15 10:00:00,28.0,80,51,291,0.8611111111111112
2025-08-15 11:00:00,28.9,78,51,5,0.6111111111111112
2025-08-15 12:00:00,28.9,79,51,351,1.2222222222222223
2025-08-15 13:00:00,29.2,79,51,350,2.0277777777777777
2025-08-15 14:00:00,29.5,77,51,349,1.6388888888888888
2025-08-15 15:00:00,29.6,75,3,347,1.8055555555555556
2025-08-15 16:00:00,29.5,75,3,16,1.972222222222222
2025-08-15 17:00:00,29.3,75,51,33,2.0833333333333335
2025-08-15 18:00:00,27.0,88,3,315,1.5555555555555554
2025-08-15 19:00:00,26.4,90,3,295,1.6666666666666665
2025-08-15 20:00:00,26.0,91,3,307,1.5833333333333333
2025-08-15 21:00:00,25.9,90,3,299,1.9444444444444444
2025-08-15 22:00:00,25.8,89,3,329,1.9166666666666667
2025-08-15 23:00:00,25.8,90,3,311,1.5833333333333333
2025-08-16 00:00:00,25.3,93,51,278,1.7222222222222223
2025-08-16 01:00:00,24.1,98,63,79,1.6388888888888888
2025-08-16 02:00:00,24.1,98,53,311,1.9166666666666667
2025-08-16 03:00:00,23.7,99,63,336,0.9722222222222222
2025-08-16 04:00:00,23.8,100,53,225,0.22222222222222224
2025-08-16 05:00:00,23.6,99,63,277,2.361111111111111
2025-08-16 06:00:00,24.7,96,63,21,2.4722222222222223
2025-08-16 07:00:00,24.3,94,65,16,2.305555555555556
2025-08-16 08:00:00,25.3,90,53,5,2.861111111111111
2025-08-16 09:00:00,25.0,91,55,336,2.9166666666666665
2025-08-16 10:00:00,25.9,89,61,353,2.7222222222222223
2025-08-16 11:00:00,28.7,79,51,6,1.9166666666666667
2025-08-16 12:00:00,30.3,71,51,14,2.305555555555556
2025-08-16 13:00:00,26.0,89,63,40,2.4166666666666665
2025-08-16 14:00:00,28.2,78,51,1,2.638888888888889
2025-08-16 15:00:00,27.7,81,53,36,2.611111111111111
2025-08-16 16:00:00,27.1,87,51,64,2.055555555555556
2025-08-16 17:00:00,27.3,85,51,56,1.5
2025-08-16 18:00:00,25.7,90,1,247,1.25
2025-08-16 19:00:00,25.1,94,2,239,1.0555555555555556
2025-08-16 20:00:00,24.8,96,3,287,0.8333333333333333
2025-08-16 21:00:00,24.7,96,3,246,0.6111111111111112
2025-08-16 22:00:00,24.7,96,3,297,0.22222222222222224
2025-08-16 23:00:00,25.0,94,3,315,0.6944444444444444
2025-08-17 00:00:00,25.1,94,51,315,0.5555555555555556
2025-08-17 01:00:00,24.7,97,51,342,0.4722222222222222
2025-08-17 02:00:00,24.6,98,51,17,0.6666666666666666
2025-08-17 03:00:00,24.3,97,53,157,1.5277777777777777
2025-08-17 04:00:00,23.9,98,53,214,1.3333333333333333
2025-08-17 05:00:00,24.0,99,3,18,0.3055555555555556
2025-08-17 06:00:00,24.2,97,51,90,0.6111111111111112
2025-08-17 07:00:00,25.2,92,3,124,1.3333333333333333
2025-08-17 08:00:00,26.5,86,51,127,1.75
2025-08-17 09:00:00,27.5,83,51,115,1.777777777777778
2025-08-17 10:00:00,29.1,75,51,108,2.5277777777777777
2025-08-17 11:00:00,29.0,73,3,98,2.611111111111111
2025-08-17 12:00:00,29.6,72,51,97,2.111111111111111
2025-08-17 13:00:00,30.8,70,51,93,1.75
2025-08-17 14:00:00,30.9,68,1,83,1.6666666666666665
2025-08-17 15:00:00,30.8,70,3,123,2.0277777777777777
2025-08-17 16:00:00,28.5,79,63,81,1.9166666666666667
2025-08-17 17:00:00,28.4,80,51,85,1.6666666666666665
2025-08-17 18:00:00,28.1,85,3,85,1.0555555555555556
2025-08-17 19:00:00,27.3,87,3,56,1.611111111111111
2025-08-17 20:00:00,26.9,88,3,68,1.5555555555555554
2025-08-17 21:00:00,26.6,90,3,109,0.888888888888889
2025-08-17 22:00:00,26.3,92,3,130,0.7777777777777777
2025-08-17 23:00:00,26.0,94,3,107,1.0555555555555556
2025-08-18 00:00:00,25.8,95,3,92,1.1388888888888888
2025-08-18 01:00:00,25.4,96,3,78,0.9722222222222222
2025-08-18 02:00:00,25.3,96,3,124,0.16666666666666666
2025-08-18 03:00:00,24.7,96,61,17,0.6666666666666666
2025-08-18 04:00:00,24.1,96,63,49,0.5277777777777778
2025-08-18 05:00:00,24.2,97,61,40,0.38888888888888884
2025-08-18 06:00:00,25.0,91,61,62,2.4722222222222223
2025-08-18 07:00:00,25.2,91,53,54,2.111111111111111
2025-08-18 08:00:00,26.1,88,51,23,1.25
2025-08-18 09:00:00,27.7,83,51,52,2.361111111111111
2025-08-18 10:00:00,28.8,77,51,68,2.75
2025-08-18 11:00:00,30.0,71,51,78,2.8055555555555554
2025-08-18 12:00:00,30.4,68,51,78,2.25
2025-08-18 13:00:00,30.7,68,3,75,1.7222222222222223
2025-08-18 14:00:00,31.5,64,51,15,1.1388888888888888
2025-08-18 15:00:00,27.3,84,63,90,3.3055555555555554
2025-08-18 16:00:00,26.3,91,61,130,1.3055555555555556
2025-08-18 17:00:00,26.6,90,51,307,0.75
2025-08-18 18:00:00,26.7,88,51,325,1.027777777777778
2025-08-18 19:00:00,26.2,91,3,353,2.111111111111111
2025-08-18 20:00:00,26.0,92,3,324,1.1111111111111112
2025-08-18 21:00:00,26.0,94,3,268,1.1388888888888888
2025-08-18 22:00:00,25.7,96,3,315,2.055555555555556
2025-08-18 23:00:00,25.3,96,3,307,1.75
2025-08-19 00:00:00,25.2,95,3,288,1.75
2025-08-19 01:00:00,25.1,94,51,291,1.6666666666666665
2025-08-19 02:00:00,24.4,97,55,327,2.638888888888889
2025-08-19 03:00:00,23.9,98,63,338,1.8888888888888888
2025-08-19 04:00:00,23.9,99,61,340,2.4444444444444446
2025-08-19 05:00:00,23.5,98,61,270,2.75
2025-08-19 06:00:00,24.4,95,51,330,2.6666666666666665
2025-08-19 07:00:00,25.1,92,51,325,2.694444444444444
2025-08-19 08:00:00,26.5,85,51,356,2.0
2025-08-19 09:00:00,28.1,78,51,36,1.611111111111111
2025-08-19 10:00:00,29.4,72,51,103,2.0
2025-08-19 11:00:00,28.5,76,51,159,1.7222222222222223
2025-08-19 12:00:00,28.5,79,51,222,1.5
2025-08-19 13:00:00,30.1,73,51,253,1.3611111111111112
2025-08-19 14:00:00,30.0,70,3,245,2.2222222222222223
2025-08-19 15:00:00,29.3,73,61,218,2.9166666666666665
2025-08-19 16:00:00,24.7,97,63,211,1.4444444444444444
2025-08-19 17:00:00,25.3,95,63,176,1.3055555555555556
2025-08-19 18:00:00,25.2,93,51,237,1.472222222222222
2025-08-19 19:00:00,24.9,97,3,222,0.6666666666666666
2025-08-19 20:00:00,24.8,98,3,252,1.2777777777777777
2025-08-19 21:00:00,24.5,96,51,240,0.6944444444444444
2025-08-19 22:00:00,24.5,97,3,227,1.6944444444444442
2025-08-19 23:00:00,24.5,97,3,240,1.7222222222222223
2025-08-20 00:00:00,24.4,96,3,249,1.9444444444444444
2025-08-20 01:00:00,24.2,96,3,256,1.9166666666666667
2025-08-20 02:00:00,24.2,96,51,244,2.055555555555556
2025-08-20 03:00:00,24.3,96,51,247,1.8055555555555556
2025-08-20 04:00:00,24.2,97,51,240,2.4166666666666665
2025-08-20 05:00:00,24.1,96,51,253,3.0277777777777777
2025-08-20 06:00:00,24.4,96,51,243,3.083333333333333
2025-08-20 07:00:00,24.6,96,55,246,3.1111111111111107
2025-08-20 08:00:00,25.5,92,53,243,3.4722222222222223
2025-08-20 09:00:00,26.3,88,51,246,3.3888888888888884
2025-08-20 10:00:00,27.3,83,51,256,3.333333333333333
2025-08-20 11:00:00,28.3,78,51,250,2.6666666666666665
2025-08-20 12:00:00,29.1,73,51,237,2.75
2025-08-20 13:00:00,27.7,78,55,244,3.611111111111111
2025-08-20 14:00:00,27.2,85,61,246,2.611111111111111
2025-08-20 15:00:00,27.4,79,61,252,3.2499999999999996
2025-08-20 16:00:00,25.8,88,63,248,1.8888888888888888
2025-08-20 17:00:00,25.8,89,51,218,2.4166666666666665
2025-08-20 18:00:00,26.1,90,55,214,3.3888888888888884
2025-08-20 19:00:00,25.2,93,53,213,3.4444444444444446
2025-08-20 20:00:00,24.4,96,63,225,4.555555555555555
2025-08-20 21:00:00,24.4,95,61,231,4.194444444444445
2025-08-20 22:00:00,24.3,95,53,240,4.361111111111111
2025-08-20 23:00:00,24.0,96,63,221,3.7777777777777777
2025-08-21 00:00:00,24.1,96,63,236,3.611111111111111
2025-08-21 01:00:00,24.3,94,53,236,3.9722222222222223
2025-08-21 02:00:00,24.0,96,63,231,3.4444444444444446
2025-08-21 03:00:00,24.0,95,53,237,3.5833333333333335
2025-08-21 04:00:00,23.8,95,51,241,3.3055555555555554
2025-08-21 05:00:00,23.6,96,51,234,2.888888888888889
2025-08-21 06:00:00,24.3,93,51,236,3.861111111111111
2025-08-21 07:00:00,25.1,88,3,237,3.611111111111111
2025-08-21 08:00:00,26.2,83,3,237,3.4444444444444446
2025-08-21 09:00:00,27.5,75,51,250,5.111111111111111
2025-08-21 10:00:00,28.9,70,3,255,4.666666666666667
2025-08-21 11:00:00,29.3,68,51,258,4.194444444444445
2025-08-21 12:00:00,29.8,67,3,238,4.027777777777778
2025-08-21 13:00:00,30.2,67,3,239,4.416666666666667
2025-08-21 14:00:00,28.0,77,63,252,5.916666666666667
2025-08-21 15:00:00,27.5,82,63,263,2.7222222222222223
2025-08-21 16:00:00,27.2,83,51,258,3.4722222222222223
2025-08-21 17:00:00,26.6,86,51,244,2.5555555555555554
2025-08-21 18:00:00,26.9,85,3,220,1.5555555555555554
2025-08-21 19:00:00,26.3,86,53,223,2.8055555555555554
2025-08-21 20:00:00,25.8,90,3,223,3.083333333333333
2025-08-21 21:00:00,25.4,92,3,238,4.416666666666667
2025-08-21 22:00:00,24.5,89,51,258,4.25
2025-08-21 23:00:00,24.3,91,2,254,3.222222222222222
2025-08-22 00:00:00,24.4,91,3,247,3.2777777777777777
2025-08-22 01:00:00,24.5,91,3,246,3.555555555555556
2025-08-22 02:00:00,24.5,90,3,260,3.6666666666666665
2025-08-22 03:00:00,24.4,90,3,263,3.8333333333333335
2025-08-22 04:00:00,24.3,90,3,261,3.75
2025-08-22 05:00:00,24.1,90,3,259,3.5
2025-08-22 06:00:00,25.2,87,3,249,3.8333333333333335
2025-08-22 07:00:00,25.9,84,3,251,3.75
2025-08-22 08:00:00,26.2,82,51,253,4.916666666666666
2025-08-22 09:00:00,27.3,76,51,262,5.666666666666666
2025-08-22 10:00:00,28.3,73,51,260,4.916666666666666
2025-08-22 11:00:00,28.9,71,51,259,4.277777777777778
2025-08-22 12:00:00,28.7,69,51,266,5.611111111111111
2025-08-22 13:00:00,27.6,81,63,271,3.944444444444444
2025-08-22 14:00:00,26.6,85,53,251,2.1666666666666665
2025-08-22 15:00:00,27.0,84,3,215,1.8888888888888888
2025-08-22 16:00:00,27.6,81,51,224,3.083333333333333
2025-08-22 17:00:00,25.7,86,61,232,3.8055555555555554
2025-08-22 18:00:00,26.4,78,3,251,3.8055555555555554
2025-08-22 19:00:00,26.1,80,3,233,3.1666666666666665
2025-08-22 20:00:00,26.1,83,3,242,3.3888888888888884
2025-08-22 21:00:00,26.5,80,3,257,4.0
2025-08-22 22:00:00,26.4,79,3,260,4.111111111111112
2025-08-22 23:00:00,26.2,78,3,262,4.888888888888889
2025-08-23 00:00:00,26.0,78,3,256,4.888888888888889
2025-08-23 01:00:00,25.7,78,3,262,4.861111111111111
2025-08-23 02:00:00,25.4,78,3,261,4.361111111111111
2025-08-23 03:00:00,25.1,79,3,254,3.8333333333333335
2025-08-23 04:00:00,24.8,81,3,247,3.7777777777777777
2025-08-23 05:00:00,24.6,81,2,253,3.8333333333333335
2025-08-23 06:00:00,25.0,80,3,245,4.194444444444445
2025-08-23 07:00:00,25.1,80,3,251,4.25
2025-08-23 08:00:00,25.1,80,3,249,4.222222222222222
2025-08-23 09:00:00,24.6,84,53,241,4.694444444444444
2025-08-23 10:00:00,24.3,88,61,239,3.888888888888889
2025-08-23 11:00:00,25.6,84,51,246,3.5
2025-08-23 12:00:00,27.3,75,51,259,4.027777777777778
2025-08-23 13:00:00,27.2,73,51,254,4.888888888888889
2025-08-23 14:00:00,27.4,76,51,232,4.5
2025-08-23 15:00:00,28.2,70,3,245,4.972222222222221
2025-08-23 16:00:00,28.2,71,3,250,4.833333333333333
2025-08-23 17:00:00,26.7,80,53,238,4.722222222222222
2025-08-23 18:00:00,25.9,83,51,248,4.583333333333333
2025-08-23 19:00:00,24.4,91,55,243,4.083333333333333
2025-08-23 20:00:00,24.2,91,53,245,4.666666666666667
2025-08-23 21:00:00,24.1,91,61,255,4.611111111111112
2025-08-23 22:00:00,24.2,92,53,249,4.805555555555555
2025-08-23 23:00:00,24.2,91,51,253,5.083333333333333
2025-08-24 00:00:00,23.8,93,53,258,4.444444444444445
2025-08-24 01:00:00,23.5,93,53,255,4.805555555555555
2025-08-24 02:00:00,23.5,92,51,257,5.027777777777778
2025-08-24 03:00:00,23.4,91,51,258,4.638888888888888
2025-08-24 04:00:00,23.3,90,51,254,4.472222222222222
2025-08-24 05:00:00,23.1,90,51,253,4.611111111111112
2025-08-24 06:00:00,23.8,88,3,250,5.166666666666667
2025-08-24 07:00:00,24.5,85,3,252,4.888888888888889
2025-08-24 08:00:00,25.1,84,51,244,4.388888888888889
2025-08-24 09:00:00,25.4,82,3,252,4.888888888888889
2025-08-24 10:00:00,26.6,75,51,264,5.888888888888888
2025-08-24 11:00:00,27.2,72,51,263,5.888888888888888
2025-08-24 12:00:00,28.3,68,51,263,6.555555555555555
2025-08-24 13:00:00,28.8,68,2,261,5.888888888888888
2025-08-24 14:00:00,28.5,67,3,262,5.972222222222222
2025-08-24 15:00:00,28.8,67,3,261,5.722222222222222
2025-08-24 16:00:00,28.7,68,3,252,5.277777777777778
2025-08-24 17:00:00,27.8,71,3,248,4.611111111111112
2025-08-24 18:00:00,26.5,78,3,242,3.7222222222222223
2025-08-24 19:00:00,26.3,78,3,251,4.055555555555555
2025-08-24 20:00:00,26.4,78,3,250,4.194444444444445
2025-08-24 21:00:00,26.0,81,3,243,3.5277777777777777
2025-08-24 22:00:00,25.6,81,3,249,3.638888888888889
2025-08-24 23:00:00,25.5,81,51,256,4.333333333333333
2025-08-25 00:00:00,25.0,84,53,256,4.277777777777778
2025-08-25 01:00:00,24.3,89,53,254,4.361111111111111
2025-08-25 02:00:00,24.2,88,51,257,4.722222222222222
2025-08-25 03:00:00,23.8,89,51,257,4.305555555555555
2025-08-25 04:00:00,23.6,89,51,248,3.8055555555555554
2025-08-25 05:00:00,23.5,89,51,249,3.9166666666666665
2025-08-25 06:00:00,23.9,88,51,252,4.25
2025-08-25 07:00:00,24.4,88,51,250,3.611111111111111
2025-08-25 08:00:00,24.7,87,3,245,3.5277777777777777
2025-08-25 09:00:00,25.7,82,3,256,5.111111111111111
2025-08-25 10:00:00,26.2,79,3,261,5.111111111111111
2025-08-25 11:00:00,27.1,74,51,263,5.277777777777778
2025-08-25 12:00:00,27.8,72,51,264,5.277777777777778
2025-08-25 13:00:00,27.1,77,51,250,4.194444444444445
2025-08-25 14:00:00,28.2,73,3,243,4.111111111111112
2025-08-25 15:00:00,28.8,71,3,243,4.444444444444445
2025-08-25 16:00:00,28.8,70,3,244,4.527777777777778
2025-08-25 17:00:00,28.1,74,3,238,3.555555555555556
2025-08-25 18:00:00,26.8,83,3,228,2.0833333333333335
2025-08-25 19:00:00,26.2,85,3,237,2.0833333333333335
2025-08-25 20:00:00,25.8,86,3,241,2.2777777777777777
2025-08-25 21:00:00,25.5,88,3,236,2.694444444444444
2025-08-25 22:00:00,25.4,87,3,236,3.083333333333333
2025-08-25 23:00:00,24.9,89,3,228,2.4166666666666665
2025-08-26 00:00:00,24.5,91,3,233,2.0
2025-08-26 01:00:00,24.3,92,3,237,2.305555555555556
2025-08-26 02:00:00,24.1,92,3,250,2.5
2025-08-26 03:00:00,24.0,92,2,267,2.111111111111111
2025-08-26 04:00:00,23.8,93,2,273,2.25
2025-08-26 05:00:00,23.5,94,0,272,1.8888888888888888
2025-08-26 06:00:00,24.3,94,3,251,1.8055555555555556
2025-08-26 07:00:00,25.5,88,3,287,1.8333333333333333
2025-08-26 08:00:00,26.9,81,3,302,3.0555555555555554
2025-08-26 09:00:00,28.0,78,3,299,2.694444444444444
2025-08-26 10:00:00,29.2,73,51,296,1.9444444444444444
2025-08-26 11:00:00,29.7,71,51,305,1.8333333333333333
2025-08-26 12:00:00,29.8,70,51,304,2.305555555555556
2025-08-26 13:00:00,30.1,70,51,309,1.8055555555555556
2025-08-26 14:00:00,28.6,75,61,260,3.2499999999999996
2025-08-26 15:00:00,27.9,79,61,208,1.1944444444444444
2025-08-26 16:00:00,27.1,83,51,287,2.1944444444444446
2025-08-26 17:00:00,26.0,88,51,262,1.0555555555555556
2025-08-26 18:00:00,26.5,88,3,233,2.388888888888889
2025-08-26 19:00:00,25.9,90,3,241,1.777777777777778
2025-08-26 20:00:00,25.6,91,3,266,1.5
2025-08-26 21:00:00,25.5,92,3,263,1.3055555555555556
2025-08-26 22:00:00,25.1,93,3,222,1.5
2025-08-26 23:00:00,24.2,95,55,196,1.8611111111111112
2025-08-27 00:00:00,24.3,97,51,250,1.611111111111111
2025-08-27 01:00:00,24.3,96,1,260,1.1111111111111112
2025-08-27 02:00:00,24.4,95,1,293,1.25
2025-08-27 03:00:00,24.6,93,3,297,2.4722222222222223
2025-08-27 04:00:00,24.2,94,3,321,2.1944444444444446
2025-08-27 05:00:00,24.0,95,3,298,2.25
2025-08-27 06:00:00,24.8,96,3,342,1.9444444444444444
2025-08-27 07:00:00,25.9,90,1,337,1.9444444444444444
2025-08-27 08:00:00,27.0,86,51,356,2.0
2025-08-27 09:00:00,28.0,82,51,2,1.3888888888888888
2025-08-27 10:00:00,29.0,77,51,19,0.888888888888889
2025-08-27 11:00:00,29.9,73,51,8,0.75
2025-08-27 12:00:00,30.3,72,51,349,1.027777777777778
2025-08-27 13:00:00,30.6,69,51,33,0.8333333333333333
2025-08-27 14:00:00,29.3,75,53,7,1.972222222222222
2025-08-27 15:00:00,28.3,81,55,286,1.3055555555555556
2025-08-27 16:00:00,27.7,81,55,237,2.638888888888889
2025-08-27 17:00:00,26.2,89,51,32,2.5833333333333335
2025-08-27 18:00:00,26.8,88,61,226,2.2222222222222223
2025-08-27 19:00:00,24.9,94,65,276,2.0
2025-08-27 20:00:00,24.9,97,51,297,1.8888888888888888
2025-08-27 21:00:00,24.9,96,3,72,0.7777777777777777
2025-08-27 22:00:00,24.7,97,3,44,1.4444444444444444
2025-08-27 23:00:00,24.4,97,3,329,0.5833333333333334
2025-08-28 00:00:00,24.5,98,3,351,1.8333333333333333
2025-08-28 01:00:00,24.2,99,3,329,1.2777777777777777
2025-08-28 02:00:00,24.1,99,1,330,1.5
2025-08-28 03:00:00,23.8,99,3,325,0.9722222222222222
2025-08-28 04:00:00,23.8,98,2,322,1.972222222222222
2025-08-28 05:00:00,23.6,97,2,323,1.8333333333333333
2025-08-28 06:00:00,25.2,94,3,332,2.4722222222222223
2025-08-28 07:00:00,26.2,91,51,333,1.8611111111111112
2025-08-28 08:00:00,26.5,79,61,10,2.944444444444444
2025-08-28 09:00:00,27.0,84,51,35,0.9722222222222222
2025-08-28 10:00:00,28.5,79,51,52,1.7222222222222223
2025-08-28 11:00:00,28.7,78,51,54,1.1111111111111112
2025-08-28 12:00:00,26.9,83,63,36,3.5277777777777777
2025-08-28 13:00:00,26.2,89,61,135,0.5555555555555556
2025-08-28 14:00:00,27.9,84,51,302,0.4722222222222222
2025-08-28 15:00:00,28.9,81,51,29,0.5277777777777778
2025-08-28 16:00:00,29.2,79,51,162,0.16666666666666666
2025-08-28 17:00:00,27.8,83,63,135,0.7777777777777777
2025-08-28 18:00:00,26.4,90,3,312,0.75
2025-08-28 19:00:00,26.0,93,3,214,0.16666666666666666
2025-08-28 20:00:00,25.5,96,3,270,1.1388888888888888
2025-08-28 21:00:00,25.1,97,51,242,0.8611111111111112
2025-08-28 22:00:00,24.7,97,53,180,0.38888888888888884
2025-08-28 23:00:00,24.4,98,51,285,1.1944444444444444
2025-08-29 00:00:00,24.4,99,51,330,0.6944444444444444
2025-08-29 01:00:00,24.2,99,3,349,0.8055555555555555
2025-08-29 02:00:00,24.0,99,3,139,0.4722222222222222
2025-08-29 03:00:00,23.9,99,3,98,0.3611111111111111
2025-08-29 04:00:00,23.8,99,1,44,1.3888888888888888
2025-08-29 05:00:00,23.6,99,1,61,1.25
2025-08-29 06:00:00,24.3,97,51,85,1.6944444444444442
2025-08-29 07:00:00,24.0,98,65,112,1.5555555555555554
2025-08-29 08:00:00,25.2,89,53,357,1.6944444444444442
2025-08-29 09:00:00,26.6,82,53,33,0.8333333333333333
2025-08-29 10:00:00,28.0,79,51,169,0.25
2025-08-29 11:00:00,29.1,74,51,249,0.41666666666666663
2025-08-29 12:00:00,29.7,71,51,180,0.3611111111111111
2025-08-29 13:00:00,30.1,72,51,167,1.2777777777777777
2025-08-29 14:00:00,30.4,71,3,182,1.25
2025-08-29 15:00:00,29.8,73,55,166,2.5277777777777777
2025-08-29 16:00:00,27.0,87,61,125,1.2222222222222223
2025-08-29 17:00:00,27.3,84,51,185,0.5555555555555556
2025-08-29 18:00:00,27.3,84,3,202,0.8055555555555555
2025-08-29 19:00:00,26.7,89,3,230,0.8611111111111112
2025-08-29 20:00:00,26.4,90,3,214,1.5
2025-08-29 21:00:00,26.2,91,3,213,1.5555555555555554
2025-08-29 22:00:00,25.5,95,3,221,1.1388888888888888
2025-08-29 23:00:00,25.0,97,3,188,0.75
2025-08-30 00:00:00,24.8,97,3,252,1.0
2025-08-30 01:00:00,24.5,97,3,275,1.611111111111111
2025-08-30 02:00:00,24.4,97,3,207,0.11111111111111112
2025-08-30 03:00:00,24.0,99,1,122,0.6388888888888888
2025-08-30 04:00:00,23.9,99,1,207,0.6666666666666666
2025-08-30 05:00:00,23.7,99,3,228,0.75
2025-08-30 06:00:00,24.7,96,51,196,1.3055555555555556
2025-08-30 07:00:00,25.5,93,3,229,1.1388888888888888
2025-08-30 08:00:00,26.6,89,3,213,1.3611111111111112
2025-08-30 09:00:00,27.8,83,51,199,1.5277777777777777
2025-08-30 10:00:00,29.0,76,51,220,1.3055555555555556
2025-08-30 11:00:00,29.8,73,51,211,1.1666666666666667
2025-08-30 12:00:00,30.6,70,3,202,2.0
2025-08-30 13:00:00,30.6,69,51,201,2.4722222222222223
2025-08-30 14:00:00,30.2,71,51,208,2.6666666666666665
2025-08-30 15:00:00,29.0,77,53,235,2.8055555555555554
2025-08-30 16:00:00,29.4,76,51,236,2.111111111111111
2025-08-30 17:00:00,28.7,79,51,216,3.0277777777777777
2025-08-30 18:00:00,27.4,86,3,205,1.8888888888888888
2025-08-30 19:00:00,26.9,89,3,207,2.111111111111111
2025-08-30 20:00:00,26.5,91,3,204,1.5833333333333333
2025-08-30 21:00:00,26.1,93,3,225,1.4166666666666665
2025-08-30 22:00:00,25.7,94,3,217,1.25
2025-08-30 23:00:00,25.4,95,3,207,1.75
2025-08-31 00:00:00,25.2,95,3,210,1.9166666666666667
2025-08-31 01:00:00,24.9,96,3,228,1.8888888888888888
2025-08-31 02:00:00,24.8,96,1,238,1.9444444444444444
2025-08-31 03:00:00,24.6,96,0,255,1.9166666666666667
2025-08-31 04:00:00,24.3,97,3,263,1.1666666666666667
2025-08-31 05:00:00,24.1,97,2,261,0.9722222222222222
2025-08-31 06:00:00,25.3,94,3,221,1.4444444444444444
2025-08-31 07:00:00,26.1,90,3,236,1.3333333333333333
2025-08-31 08:00:00,27.2,84,51,253,1.6666666666666665
2025-08-31 09:00:00,28.3,78,51,247,1.25
2025-08-31 10:00:00,28.9,78,51,223,1.0833333333333333
2025-08-31 11:00:00,30.0,73,51,236,1.611111111111111
2025-08-31 12:00:00,30.0,72,51,235,2.25
2025-08-31 13:00:00,26.9,84,65,253,2.972222222222222
2025-08-31 14:00:00,28.2,81,51,292,2.972222222222222
2025-08-31 15:00:00,28.1,78,51,271,3.3888888888888884
2025-08-31 16:00:00,28.0,77,3,278,3.333333333333333
2025-08-31 17:00:00,27.8,79,3,283,2.611111111111111
2025-08-31 18:00:00,27.1,85,3,270,1.6944444444444442
2025-08-31 19:00:00,26.6,86,3,270,2.5555555555555554
2025-08-31 20:00:00,26.0,88,3,255,1.972222222222222
2025-08-31 21:00:00,25.7,89,3,262,1.5
2025-08-31 22:00:00,25.6,90,3,277,1.6666666666666665
2025-08-31 23:00:00,25.4,91,3,264,1.9166666666666667
2025-09-01 00:00:00,24.7,93,53,236,3.083333333333333
2025-09-01 01:00:00,24.5,94,53,263,1.972222222222222
2025-09-01 02:00:00,24.1,96,51,278,1.8055555555555556
2025-09-01 03:00:00,24.2,96,51,263,1.9166666666666667
2025-09-01 04:00:00,24.0,96,3,260,1.972222222222222
2025-09-01 05:00:00,24.0,97,3,264,2.25
2025-09-01 06:00:00,24.7,94,3,253,2.8055555555555554
2025-09-01 07:00:00,25.7,90,3,269,3.0
2025-09-01 08:00:00,26.0,89,51,277,2.611111111111111
2025-09-01 09:00:00,27.7,82,51,282,2.5555555555555554
2025-09-01 10:00:00,28.5,78,51,281,2.694444444444444
2025-09-01 11:00:00,29.3,73,51,288,2.7222222222222223
2025-09-01 12:00:00,29.7,71,51,288,2.944444444444444
2025-09-01 13:00:00,30.0,68,51,280,2.5
2025-09-01 14:00:00,29.2,73,53,318,2.0277777777777777
2025-09-01 15:00:00,28.0,76,61,228,1.1944444444444444
2025-09-01 16:00:00,25.5,88,61,277,2.972222222222222
2025-09-01 17:00:00,25.1,90,51,265,0.6111111111111112
2025-09-01 18:00:00,26.2,94,61,261,1.2777777777777777
2025-09-01 19:00:00,25.8,96,63,234,1.777777777777778
2025-09-01 20:00:00,25.5,94,61,264,2.7222222222222223
2025-09-01 21:00:00,25.1,96,63,271,2.5
2025-09-01 22:00:00,24.8,96,63,280,1.7222222222222223
2025-09-01 23:00:00,24.6,96,63,291,1.9444444444444444
2025-09-02 00:00:00,24.5,96,61,286,2.0277777777777777
2025-09-02 01:00:00,24.3,97,63,266,2.8055555555555554
2025-09-02 02:00:00,24.0,96,61,276,3.0277777777777777
2025-09-02 03:00:00,23.8,97,61,291,2.4166666666666665
2025-09-02 04:00:00,23.8,97,55,306,1.777777777777778
2025-09-02 05:00:00,23.6,97,51,297,1.6388888888888888
2025-09-02 06:00:00,24.4,96,3,306,2.4722222222222223
2025-09-02 07:00:00,25.2,91,3,311,3.333333333333333
2025-09-02 08:00:00,26.4,86,3,308,2.75
2025-09-02 09:00:00,27.5,82,51,312,2.972222222222222
2025-09-02 10:00:00,28.5,78,51,326,2.694444444444444
2025-09-02 11:00:00,29.0,77,51,320,2.972222222222222
2025-09-02 12:00:00,29.1,76,51,314,2.7222222222222223
2025-09-02 13:00:00,28.7,75,51,327,2.638888888888889
2025-09-02 14:00:00,28.1,77,61,319,3.194444444444444
2025-09-02 15:00:00,28.2,79,55,271,2.0
2025-09-02 16:00:00,29.0,71,51,287,2.5277777777777777
2025-09-02 17:00:00,28.0,77,3,285,2.388888888888889
2025-09-02 18:00:00,26.6,86,3,243,1.5555555555555554
2025-09-02 19:00:00,26.1,89,3,235,2.1944444444444446
2025-09-02 20:00:00,25.8,89,51,275,2.8055555555555554
2025-09-02 21:00:00,25.6,89,3,299,3.083333333333333
2025-09-02 22:00:00,25.1,91,51,308,2.6666666666666665
2025-09-02 23:00:00,24.9,90,51,302,2.888888888888889
2025-09-03 00:00:00,24.6,91,51,311,2.2777777777777777
2025-09-03 01:00:00,24.2,94,51,309,2.1944444444444446
2025-09-03 02:00:00,24.0,95,51,277,2.111111111111111
2025-09-03 03:00:00,23.5,96,61,8,1.8055555555555556
2025-09-03 04:00:00,23.6,97,61,332,2.0
2025-09-03 05:00:00,23.6,97,61,327,1.9166666666666667
2025-09-03 06:00:00,24.8,92,3,304,3.4444444444444446
2025-09-03 07:00:00,25.4,90,3,315,3.2499999999999996
2025-09-03 08:00:00,25.6,89,51,305,2.611111111111111
2025-09-03 09:00:00,26.2,84,61,329,3.1666666666666665
2025-09-03 10:00:00,25.3,92,61,302,2.833333333333333
2025-09-03 11:00:00,26.2,87,55,308,3.2499999999999996
2025-09-03 12:00:00,27.7,82,51,308,3.0555555555555554
2025-09-03 13:00:00,28.8,76,3,316,2.7222222222222223
2025-09-03 14:00:00,29.2,71,3,308,2.5
2025-09-03 15:00:00,28.6,74,3,293,3.0555555555555554
2025-09-03 16:00:00,28.1,77,53,288,3.3611111111111107
2025-09-03 17:00:00,26.0,89,61,263,1.611111111111111
2025-09-03 18:00:00,25.8,89,3,254,2.6666666666666665
2025-09-03 19:00:00,25.3,91,3,239,2.0277777777777777
2025-09-03 20:00:00,25.0,92,3,232,2.75
2025-09-03 21:00:00,24.7,92,3,244,2.833333333333333
2025-09-03 22:00:00,24.4,93,3,255,2.4444444444444446
2025-09-03 23:00:00,24.1,95,3,253,1.9166666666666667
2025-09-04 00:00:00,23.9,95,3,254,1.611111111111111
2025-09-04 01:00:00,23.6,96,3,249,1.1111111111111112
2025-09-04 02:00:00,23.4,97,3,246,1.5833333333333333
2025-09-04 03:00:00,23.6,96,3,266,1.3611111111111112
2025-09-04 04:00:00,23.8,95,3,235,1.2222222222222223
2025-09-04 05:00:00,24.0,94,3,229,1.7222222222222223
2025-09-04 06:00:00,24.3,94,3,235,2.0833333333333335
2025-09-04 07:00:00,25.1,90,3,236,2.4166666666666665
2025-09-04 08:00:00,26.1,87,51,237,2.388888888888889
2025-09-04 09:00:00,27.2,81,51,229,2.388888888888889
2025-09-04 10:00:00,27.6,77,3,224,3.083333333333333
2025-09-04 11:00:00,27.6,77,51,229,3.333333333333333
2025-09-04 12:00:00,29.0,71,51,234,3.2499999999999996
2025-09-04 13:00:00,29.2,70,51,240,3.5277777777777777
2025-09-04 14:00:00,29.3,70,51,236,3.3888888888888884
2025-09-04 15:00:00,28.2,77,53,247,3.861111111111111
2025-09-04 16:00:00,27.9,79,55,238,3.0555555555555554
2025-09-04 17:00:00,27.6,82,3,232,2.7777777777777777
2025-09-04 18:00:00,27.0,79,3,243,2.4166666666666665
2025-09-04 19:00:00,26.4,82,3,223,2.4166666666666665
2025-09-04 20:00:00,26.1,83,3,220,2.944444444444444
2025-09-04 21:00:00,25.9,82,3,232,2.7777777777777777
2025-09-04 22:00:00,25.3,85,3,223,2.5
2025-09-04 23:00:00,25.1,86,3,220,2.4722222222222223
2025-09-05 00:00:00,24.6,87,3,221,2.833333333333333
2025-09-05 01:00:00,24.2,89,3,224,2.638888888888889
2025-09-05 02:00:00,23.9,91,3,210,2.305555555555556
2025-09-05 03:00:00,23.5,94,3,190,2.0833333333333335
2025-09-05 04:00:00,23.3,95,3,192,1.9444444444444444
2025-09-05 05:00:00,23.3,96,3,196,2.2222222222222223
2025-09-05 06:00:00,24.3,92,3,219,2.5277777777777777
2025-09-05 07:00:00,25.2,86,3,205,2.3333333333333335
2025-09-05 08:00:00,26.4,79,3,211,3.083333333333333
2025-09-05 09:00:00,27.7,72,3,217,4.027777777777778
2025-09-05 10:00:00,28.3,70,3,209,4.305555555555555
2025-09-05 11:00:00,28.7,68,3,204,4.722222222222222
2025-09-05 12:00:00,29.7,64,51,200,4.944444444444445
2025-09-05 13:00:00,30.1,62,2,202,4.722222222222222
2025-09-05 14:00:00,30.1,63,51,195,4.416666666666667
2025-09-05 15:00:00,30.1,63,1,194,4.444444444444445
2025-09-05 16:00:00,29.6,65,51,197,3.9166666666666665
2025-09-05 17:00:00,28.8,70,3,215,3.194444444444444
2025-09-05 18:00:00,27.4,78,3,220,1.9444444444444444
2025-09-05 19:00:00,26.6,82,51,204,2.138888888888889
2025-09-05 20:00:00,25.8,87,51,212,2.1666666666666665
2025-09-05 21:00:00,25.5,90,51,223,2.055555555555556
2025-09-05 22:00:00,25.3,92,51,217,2.5833333333333335
2025-09-05 23:00:00,25.1,92,1,211,2.388888888888889
2025-09-06 00:00:00,24.9,92,1,209,2.388888888888889
2025-09-06 01:00:00,24.6,92,51,208,2.361111111111111
2025-09-06 02:00:00,24.3,94,51,215,2.25
2025-09-06 03:00:00,24.0,94,51,211,2.138888888888889
2025-09-06 04:00:00,23.8,96,3,216,1.5277777777777777
2025-09-06 05:00:00,23.5,97,1,191,1.2777777777777777
2025-09-06 06:00:00,24.6,92,2,187,1.9166666666666667
2025-09-06 07:00:00,25.7,88,3,200,1.75
2025-09-06 08:00:00,26.4,84,51,212,2.611111111111111
2025-09-06 09:00:00,27.2,80,51,210,2.305555555555556
2025-09-06 10:00:00,28.2,76,51,204,2.361111111111111
2025-09-06 11:00:00,28.9,73,51,201,2.7777777777777777
2025-09-06 12:00:00,27.6,78,61,207,4.333333333333333
2025-09-06 13:00:00,27.5,82,61,200,2.305555555555556
2025-09-06 14:00:00,26.5,86,51,220,3.083333333333333
2025-09-06 15:00:00,27.7,81,51,217,2.638888888888889
2025-09-06 16:00:00,27.8,80,51,226,3.083333333333333
2025-09-06 17:00:00,27.0,84,51,217,2.833333333333333
2025-09-06 18:00:00,25.9,90,3,204,1.0833333333333333
2025-09-06 19:00:00,25.5,91,3,214,1.611111111111111
2025-09-06 20:00:00,25.2,93,2,222,1.2777777777777777
2025-09-06 21:00:00,25.1,94,1,215,1.3888888888888888
2025-09-06 22:00:00,25.0,95,1,217,1.75
2025-09-06 23:00:00,24.8,95,3,230,1.6944444444444442
2025-09-07 00:00:00,24.6,96,1,236,1.611111111111111
2025-09-07 01:00:00,24.4,95,51,238,1.8055555555555556
2025-09-07 02:00:00,24.0,95,1,243,1.4166666666666665
2025-09-07 03:00:00,23.5,96,51,239,0.5833333333333334
2025-09-07 04:00:00,23.5,96,53,346,0.19444444444444442
2025-09-07 05:00:00,23.2,97,0,270,0.888888888888889
2025-09-07 06:00:00,24.8,93,51,219,1.4166666666666665
2025-09-07 07:00:00,25.5,90,3,208,0.9722222222222222
2025-09-07 08:00:00,26.8,82,3,252,1.6388888888888888
2025-09-07 09:00:00,28.0,74,3,271,2.388888888888889
2025-09-07 10:00:00,28.9,69,3,271,2.305555555555556
2025-09-07 11:00:00,29.6,66,3,263,1.75
2025-09-07 12:00:00,29.9,66,3,243,1.777777777777778
2025-09-07 13:00:00,30.1,66,3,237,2.0833333333333335
2025-09-07 14:00:00,30.2,66,51,229,1.972222222222222
2025-09-07 15:00:00,27.0,84,61,265,3.0555555555555554
2025-09-07 16:00:00,27.6,80,51,225,1.6388888888888888
2025-09-07 17:00:00,27.1,83,3,224,2.2222222222222223
2025-09-07 18:00:00,26.5,86,3,252,1.0
2025-09-07 19:00:00,26.3,88,3,274,1.5555555555555554
2025-09-07 20:00:00,25.4,92,1,281,1.0555555555555556
2025-09-07 21:00:00,25.0,94,2,243,1.0
2025-09-07 22:00:00,24.7,94,1,264,1.4166666666666665
2025-09-07 23:00:00,24.6,93,3,284,1.8611111111111112
2025-09-08 00:00:00,24.3,94,0,283,1.5833333333333333
2025-09-08 01:00:00,24.1,94,0,287,1.8333333333333333
2025-09-08 02:00:00,23.9,95,0,294,1.75
2025-09-08 03:00:00,23.8,95,0,297,2.0833333333333335
2025-09-08 04:00:00,23.8,95,2,300,2.1944444444444446
2025-09-08 05:00:00,23.6,95,0,311,1.7222222222222223
2025-09-08 06:00:00,24.9,93,3,307,1.5833333333333333
2025-09-08 07:00:00,25.8,90,3,338,1.5555555555555554
2025-09-08 08:00:00,27.0,86,3,339,1.7222222222222223
2025-09-08 09:00:00,28.4,78,51,350,1.7222222222222223
2025-09-08 10:00:00,29.5,74,51,333,0.7777777777777777
2025-09-08 11:00:00,30.3,70,51,312,0.75
2025-09-08 12:00:00,30.7,69,51,270,0.4444444444444445
2025-09-08 13:00:00,30.8,69,51,246,0.8611111111111112
2025-09-08 14:00:00,30.5,70,51,225,1.1944444444444444
2025-09-08 15:00:00,28.1,78,63,174,0.9444444444444444
2025-09-08 16:00:00,25.6,88,65,336,1.1944444444444444
2025-09-08 17:00:00,25.9,89,55,105,0.7777777777777777
2025-09-08 18:00:00,27.1,88,3,189,0.3055555555555556
2025-09-08 19:00:00,26.5,90,3,234,0.41666666666666663
2025-09-08 20:00:00,25.9,93,3,321,1.1111111111111112
2025-09-08 21:00:00,25.8,90,2,330,1.611111111111111
2025-09-08 22:00:00,25.4,88,3,320,1.6944444444444442
2025-09-08 23:00:00,25.1,89,3,314,1.8611111111111112
2025-09-09 00:00:00,24.9,90,3,322,1.777777777777778
2025-09-09 01:00:00,24.7,92,3,324,1.8611111111111112
2025-09-09 02:00:00,24.5,92,3,326,1.8055555555555556
2025-09-09 03:00:00,24.2,93,3,325,1.8333333333333333
2025-09-09 04:00:00,24.1,92,3,327,1.8333333333333333
2025-09-09 05:00:00,23.8,94,3,358,1.6944444444444442
2025-09-09 06:00:00,24.9,92,3,329,1.4444444444444444
2025-09-09 07:00:00,26.0,88,3,345,1.5
2025-09-09 08:00:00,27.6,81,3,341,1.3888888888888888
2025-09-09 09:00:00,29.1,74,2,342,1.3055555555555556
2025-09-09 10:00:00,30.1,69,51,358,1.3888888888888888
2025-09-09 11:00:00,30.7,68,51,7,1.1666666666666667
2025-09-09 12:00:00,31.3,66,51,355,0.6111111111111112
2025-09-09 13:00:00,31.4,66,51,312,0.75
2025-09-09 14:00:00,31.3,67,51,283,0.8611111111111112
2025-09-09 15:00:00,31.0,68,51,332,1.472222222222222
2025-09-09 16:00:00,27.7,78,63,317,1.9166666666666667
2025-09-09 17:00:00,26.8,85,61,360,2.111111111111111
2025-09-09 18:00:00,26.8,83,3,320,2.5833333333333335
2025-09-09 19:00:00,26.2,86,3,322,1.8611111111111112
2025-09-09 20:00:00,26.1,87,1,318,2.2222222222222223
2025-09-09 21:00:00,26.0,86,2,322,2.611111111111111
2025-09-09 22:00:00,25.9,87,0,335,2.361111111111111
2025-09-09 23:00:00,25.7,88,3,336,2.4166666666666665
2025-09-10 00:00:00,25.3,89,51,330,2.305555555555556
2025-09-10 01:00:00,24.9,91,3,334,2.4444444444444446
2025-09-10 02:00:00,24.7,91,3,324,2.4722222222222223
2025-09-10 03:00:00,24.4,93,51,9,1.5277777777777777
2025-09-10 04:00:00,24.2,93,3,337,1.9166666666666667
2025-09-10 05:00:00,24.0,92,3,330,1.972222222222222
2025-09-10 06:00:00,25.2,87,3,339,2.7777777777777777
2025-09-10 07:00:00,26.2,84,3,339,2.1944444444444446
2025-09-10 08:00:00,27.7,79,3,347,2.0
2025-09-10 09:00:00,29.2,74,3,355,2.25
2025-09-10 10:00:00,30.4,70,51,7,1.9166666666666667
2025-09-10 11:00:00,31.0,67,51,10,1.777777777777778
2025-09-10 12:00:00,31.5,66,51,342,1.3055555555555556
2025-09-10 13:00:00,31.6,66,2,337,1.1388888888888888
2025-09-10 14:00:00,29.1,76,55,15,3.555555555555556
2025-09-10 15:00:00,28.3,77,53,304,3.75
2025-09-10 16:00:00,28.5,77,3,293,2.055555555555556
2025-09-10 17:00:00,28.4,77,3,299,1.4444444444444444
2025-09-10 18:00:00,28.1,82,3,335,1.9166666666666667
2025-09-10 19:00:00,27.2,88,53,60,0.41666666666666663
2025-09-10 20:00:00,27.0,89,3,334,1.2777777777777777
2025-09-10 21:00:00,26.6,88,3,315,1.2777777777777777
2025-09-10 22:00:00,26.3,86,3,312,2.2222222222222223
2025-09-10 23:00:00,25.9,86,3,315,2.25
2025-09-11 00:00:00,25.6,87,3,313,2.111111111111111
2025-09-11 01:00:00,25.4,87,3,317,2.25
2025-09-11 02:00:00,25.1,88,3,322,2.2777777777777777
2025-09-11 03:00:00,24.9,87,3,330,2.388888888888889
2025-09-11 04:00:00,24.8,87,3,325,2.4444444444444446
2025-09-11 05:00:00,24.5,87,3,332,1.5833333333333333
2025-09-11 06:00:00,25.9,81,3,344,2.1944444444444446
2025-09-11 07:00:00,26.4,81,3,358,1.8055555555555556
2025-09-11 08:00:00,27.5,78,51,337,2.7777777777777777
2025-09-11 09:00:00,28.9,73,3,343,2.611111111111111
2025-09-11 10:00:00,29.9,70,51,333,2.1944444444444446
2025-09-11 11:00:00,30.6,69,51,348,2.6666666666666665
2025-09-11 12:00:00,31.1,68,51,342,2.611111111111111
2025-09-11 13:00:00,29.4,75,61,350,1.972222222222222
2025-09-11 14:00:00,27.8,78,63,16,1.8333333333333333
2025-09-11 15:00:00,27.4,81,53,135,0.2777777777777778
2025-09-11 16:00:00,27.4,81,55,341,1.3888888888888888
2025-09-11 17:00:00,26.7,85,51,290,1.75
2025-09-11 18:00:00,25.2,94,63,297,1.5555555555555554
2025-09-11 19:00:00,25.4,94,55,307,1.5833333333333333
2025-09-11 20:00:00,25.4,95,55,291,2.5277777777777777
2025-09-11 21:00:00,25.2,93,3,303,2.4444444444444446
2025-09-11 22:00:00,24.4,94,63,275,1.1111111111111112
2025-09-11 23:00:00,24.4,95,3,273,1.75
2025-09-12 00:00:00,24.4,96,3,290,2.305555555555556
2025-09-12 01:00:00,24.5,95,3,306,2.2777777777777777
2025-09-12 02:00:00,24.5,95,3,316,2.944444444444444
2025-09-12 03:00:00,24.5,94,3,329,3.1666666666666665
2025-09-12 04:00:00,24.4,94,3,339,2.75
2025-09-12 05:00:00,24.2,94,3,345,2.3333333333333335
2025-09-12 06:00:00,24.7,92,3,334,2.7777777777777777
2025-09-12 07:00:00,25.5,90,3,1,2.5
2025-09-12 08:00:00,26.6,86,3,8,2.388888888888889
2025-09-12 09:00:00,27.6,82,51,19,2.4722222222222223
2025-09-12 10:00:00,28.9,78,51,22,2.5833333333333335
2025-09-12 11:00:00,30.1,72,51,28,3.0
2025-09-12 12:00:00,30.8,66,51,25,3.1666666666666665
2025-09-12 13:00:00,26.9,85,63,12,4.75
2025-09-12 14:00:00,28.9,75,53,16,1.6666666666666665
2025-09-12 15:00:00,28.6,75,53,7,2.4166666666666665
2025-09-12 16:00:00,28.3,76,51,83,0.41666666666666663
2025-09-12 17:00:00,27.2,83,51,353,0.8611111111111112
2025-09-12 18:00:00,26.4,90,51,292,1.611111111111111
2025-09-12 19:00:00,25.3,95,61,329,1.8611111111111112
2025-09-12 20:00:00,24.9,95,3,324,2.611111111111111
2025-09-12 21:00:00,24.7,96,63,311,1.0
2025-09-12 22:00:00,24.6,96,51,317,0.9444444444444444
2025-09-12 23:00:00,24.5,96,3,320,1.777777777777778
2025-09-13 00:00:00,24.4,96,3,324,2.0277777777777777
2025-09-13 01:00:00,24.3,97,55,349,1.777777777777778
2025-09-13 02:00:00,24.1,96,61,335,3.194444444444444
2025-09-13 03:00:00,23.9,95,3,346,3.3888888888888884
2025-09-13 04:00:00,23.8,94,3,2,2.694444444444444
2025-09-13 05:00:00,23.8,95,3,16,2.75
2025-09-13 06:00:00,24.0,92,3,356,2.944444444444444
2025-09-13 07:00:00,25.2,90,3,1,2.388888888888889
2025-09-13 08:00:00,26.9,84,3,9,2.3333333333333335
2025-09-13 09:00:00,28.4,78,51,22,2.5833333333333335
2025-09-13 10:00:00,29.6,76,51,42,2.611111111111111
2025-09-13 11:00:00,30.1,74,51,50,2.611111111111111
2025-09-13 12:00:00,30.5,72,51,56,2.4166666666666665
2025-09-13 13:00:00,30.6,72,53,59,2.111111111111111
2025-09-13 14:00:00,30.3,74,51,65,2.25
2025-09-13 15:00:00,27.8,83,61,357,1.8611111111111112
2025-09-13 16:00:00,27.6,85,51,17,1.7222222222222223
2025-09-13 17:00:00,27.4,84,3,347,1.1388888888888888
2025-09-13 18:00:00,27.0,89,3,354,1.0
2025-09-13 19:00:00,26.7,91,3,3,0.9444444444444444
2025-09-13 20:00:00,26.3,93,3,322,1.3888888888888888
2025-09-13 21:00:00,26.1,94,3,340,1.5
2025-09-13 22:00:00,25.5,96,3,11,0.8055555555555555
2025-09-13 23:00:00,25.4,97,51,346,0.19444444444444442
2025-09-14 00:00:00,24.1,97,63,266,0.75
2025-09-14 01:00:00,23.9,98,51,273,1.8055555555555556
2025-09-14 02:00:00,23.5,99,63,328,1.6944444444444442
2025-09-14 03:00:00,23.7,98,51,21,1.7222222222222223
2025-09-14 04:00:00,23.6,98,3,2,1.5555555555555554
2025-09-14 05:00:00,23.5,98,3,81,0.6666666666666666
2025-09-14 06:00:00,24.7,96,3,134,1.8611111111111112
2025-09-14 07:00:00,25.6,92,3,86,0.8055555555555555
2025-09-14 08:00:00,27.2,84,3,72,2.0
2025-09-14 09:00:00,28.5,82,3,55,1.75
2025-09-14 10:00:00,29.2,79,51,72,1.5833333333333333
2025-09-14 11:00:00,30.0,74,51,82,1.8611111111111112
2025-09-14 12:00:00,30.6,70,51,95,1.8055555555555556
2025-09-14 13:00:00,30.5,71,3,97,1.1666666666666667
2025-09-14 14:00:00,30.6,71,51,83,1.2222222222222223
2025-09-14 15:00:00,30.0,74,51,34,0.888888888888889
2025-09-14 16:00:00,29.8,74,51,117,0.888888888888889
2025-09-14 17:00:00,28.1,83,3,145,1.75
2025-09-14 18:00:00,26.8,89,3,200,0.5833333333333334
2025-09-14 19:00:00,26.6,92,3,270,0.0
2025-09-14 20:00:00,26.3,94,3,287,0.5277777777777778
2025-09-14 21:00:00,26.2,95,3,12,0.7222222222222222
2025-09-14 22:00:00,26.4,93,3,49,1.4444444444444444
2025-09-14 23:00:00,25.8,95,3,53,1.5
2025-09-15 00:00:00,25.4,96,3,35,1.2222222222222223
2025-09-15 01:00:00,25.1,96,3,56,0.888888888888889
2025-09-15 02:00:00,24.7,96,3,43,2.5
2025-09-15 03:00:00,24.4,95,51,355,1.6944444444444442
2025-09-15 04:00:00,24.2,97,3,63,0.5555555555555556
2025-09-15 05:00:00,24.2,96,51,139,0.5277777777777778
2025-09-15 06:00:00,25.0,96,3,221,0.4722222222222222
2025-09-15 07:00:00,25.9,94,3,243,0.22222222222222224
2025-09-15 08:00:00,27.2,89,3,259,0.25
2025-09-15 09:00:00,28.5,83,3,214,0.16666666666666666
2025-09-15 10:00:00,29.5,78,51,231,0.3333333333333333
2025-09-15 11:00:00,29.9,74,51,218,0.8333333333333333
2025-09-15 12:00:00,30.4,72,51,209,0.6388888888888888
2025-09-15 13:00:00,30.6,73,51,232,1.1388888888888888
2025-09-15 14:00:00,30.7,71,3,172,0.6944444444444444
2025-09-15 15:00:00,28.6,78,55,70,1.1666666666666667
2025-09-15 16:00:00,27.6,85,51,24,0.5
2025-09-15 17:00:00,27.0,86,51,40,1.9444444444444444
2025-09-15 18:00:00,26.9,88,51,16,1.777777777777778
2025-09-15 19:00:00,26.2,95,53,46,1.5277777777777777
2025-09-15 20:00:00,26.0,96,55,41,1.0
2025-09-15 21:00:00,25.9,97,55,24,0.8611111111111112
2025-09-15 22:00:00,25.7,98,53,61,1.027777777777778
2025-09-15 23:00:00,25.5,99,51,59,0.5833333333333334
2025-09-16 00:00:00,25.4,99,51,137,1.25
2025-09-16 01:00:00,25.1,99,3,171,1.5833333333333333
2025-09-16 02:00:00,25.0,99,3,192,1.6944444444444442
2025-09-16 03:00:00,24.5,97,51,215,2.694444444444444
2025-09-16 04:00:00,24.2,98,51,209,1.4444444444444444
2025-09-16 05:00:00,24.1,98,51,178,1.3611111111111112
2025-09-16 06:00:00,23.9,97,51,244,1.2777777777777777
2025-09-16 07:00:00,25.2,95,3,231,0.7222222222222222
2025-09-16 08:00:00,26.9,88,51,284,1.027777777777778
2025-09-16 09:00:00,28.1,83,51,310,0.7777777777777777
2025-09-16 10:00:00,29.0,78,51,322,0.8333333333333333
2025-09-16 11:00:00,29.8,73,51,293,0.6388888888888888
2025-09-16 12:00:00,29.2,77,51,227,1.027777777777778
2025-09-16 13:00:00,28.9,78,63,207,2.1944444444444446
2025-09-16 14:00:00,27.6,81,63,336,1.8055555555555556
2025-09-16 15:00:00,26.6,86,51,318,1.4166666666666665
2025-09-16 16:00:00,26.2,89,3,175,0.6111111111111112
2025-09-16 17:00:00,26.3,88,51,18,0.7777777777777777
2025-09-16 18:00:00,25.8,90,51,339,0.41666666666666663
2025-09-16 19:00:00,25.8,93,53,72,0.6388888888888888
2025-09-16 20:00:00,25.8,94,53,144,0.6666666666666666
2025-09-16 21:00:00,25.6,95,53,239,0.5833333333333334
2025-09-16 22:00:00,25.5,96,51,214,0.5277777777777778
2025-09-16 23:00:00,25.0,97,3,221,1.0
2025-09-17 00:00:00,25.0,98,55,222,1.1944444444444444
2025-09-17 01:00:00,24.9,98,53,217,1.0833333333333333
2025-09-17 02:00:00,24.6,98,61,218,1.1388888888888888
2025-09-17 03:00:00,24.4,98,53,222,1.3333333333333333
2025-09-17 04:00:00,24.1,97,53,220,0.8611111111111112
2025-09-17 05:00:00,23.4,98,61,159,1.5
2025-09-17 06:00:00,24.4,99,3,253,1.0555555555555556
2025-09-17 07:00:00,25.4,94,3,262,0.75
2025-09-17 08:00:00,26.7,90,3,283,0.9166666666666666
2025-09-17 09:00:00,28.0,82,3,212,0.4722222222222222
2025-09-17 10:00:00,29.0,77,3,191,1.027777777777778
2025-09-17 11:00:00,30.0,73,51,198,1.0
2025-09-17 12:00:00,30.4,69,51,212,0.9444444444444444
2025-09-17 13:00:00,30.6,68,3,173,1.25
2025-09-17 14:00:00,30.6,69,3,229,1.3888888888888888
2025-09-17 15:00:00,28.7,75,55,265,2.2222222222222223
2025-09-17 16:00:00,28.7,75,51,25,1.3333333333333333
2025-09-17 17:00:00,27.6,81,3,80,0.5555555555555556
2025-09-17 18:00:00,27.0,86,51,131,0.5277777777777778
2025-09-17 19:00:00,26.4,91,3,337,0.6388888888888888
2025-09-17 20:00:00,26.1,93,3,12,0.9722222222222222
2025-09-17 21:00:00,25.8,94,3,360,1.1944444444444444
2025-09-17 22:00:00,25.3,95,3,352,0.75
2025-09-17 23:00:00,24.9,96,61,270,0.11111111111111112
2025-09-18 00:00:00,24.7,97,3,167,0.6666666666666666
2025-09-18 01:00:00,24.5,98,3,196,0.888888888888889
2025-09-18 02:00:00,24.5,98,53,190,1.3611111111111112
2025-09-18 03:00:00,24.3,97,3,225,0.2777777777777778
2025-09-18 04:00:00,23.7,98,53,218,2.4166666666666665
2025-09-18 05:00:00,23.7,98,51,202,0.9166666666666666
2025-09-18 06:00:00,24.6,96,3,333,0.3333333333333333
2025-09-18 07:00:00,25.5,94,3,118,0.75
2025-09-18 08:00:00,26.6,91,51,113,0.6388888888888888
2025-09-18 09:00:00,28.1,83,51,164,0.7222222222222222
2025-09-18 10:00:00,29.3,77,51,209,0.9166666666666666
2025-09-18 11:00:00,30.2,70,3,204,1.0833333333333333
2025-09-18 12:00:00,30.5,68,3,180,1.3888888888888888
2025-09-18 13:00:00,30.5,68,3,170,1.6666666666666665
2025-09-18 14:00:00,30.4,67,51,178,1.4444444444444444
2025-09-18 15:00:00,29.6,70,2,289,1.2222222222222223
2025-09-18 16:00:00,29.6,73,1,321,1.3611111111111112
2025-09-18 17:00:00,29.1,76,3,353,0.8611111111111112
2025-09-18 18:00:00,28.0,82,3,62,0.8611111111111112
2025-09-18 19:00:00,27.2,89,3,54,0.8611111111111112
2025-09-18 20:00:00,26.9,92,3,66,0.6111111111111112
2025-09-18 21:00:00,26.4,94,3,107,1.0555555555555556
2025-09-18 22:00:00,26.0,94,3,128,0.888888888888889
2025-09-18 23:00:00,25.7,95,3,126,0.41666666666666663
2025-09-19 00:00:00,25.5,96,51,207,0.11111111111111112
2025-09-19 01:00:00,25.2,97,51,279,1.0
2025-09-19 02:00:00,24.8,99,3,43,1.1666666666666667
2025-09-19 03:00:00,24.1,100,51,201,1.9444444444444444
2025-09-19 04:00:00,24.2,99,51,229,0.4722222222222222
2025-09-19 05:00:00,23.8,99,3,281,0.25
2025-09-19 06:00:00,25.5,94,3,288,0.7777777777777777
2025-09-19 07:00:00,26.8,89,3,338,0.8055555555555555
2025-09-19 08:00:00,28.3,81,2,352,0.75
2025-09-19 09:00:00,29.5,74,2,220,0.38888888888888884
2025-09-19 10:00:00,30.3,71,1,191,1.3333333333333333
2025-09-19 11:00:00,30.8,70,51,195,1.7222222222222223
2025-09-19 12:00:00,31.2,69,1,226,1.5833333333333333
2025-09-19 13:00:00,31.4,69,51,240,1.5
2025-09-19 14:00:00,31.5,68,51,218,1.472222222222222
2025-09-19 15:00:00,31.4,66,1,204,1.6944444444444442
2025-09-19 16:00:00,30.7,67,3,227,1.6944444444444442
2025-09-19 17:00:00,29.8,74,3,316,1.8055555555555556
2025-09-19 18:00:00,28.9,80,3,233,0.5
2025-09-19 19:00:00,28.1,85,3,312,0.6666666666666666
2025-09-19 20:00:00,27.4,89,3,318,0.75
2025-09-19 21:00:00,26.8,92,3,323,1.0
2025-09-19 22:00:00,26.4,92,3,324,0.6666666666666666
2025-09-19 23:00:00,26.0,93,3,289,0.888888888888889
2025-09-20 00:00:00,25.8,93,3,255,2.3333333333333335
2025-09-20 01:00:00,25.2,92,3,254,1.0833333333333333
2025-09-20 02:00:00,24.7,94,3,266,1.5
2025-09-20 03:00:00,24.3,97,3,295,1.3333333333333333
2025-09-20 04:00:00,24.1,97,3,330,1.1111111111111112
2025-09-20 05:00:00,24.0,96,3,329,1.75
2025-09-20 06:00:00,25.2,94,3,316,1.8055555555555556
2025-09-20 07:00:00,26.2,92,3,326,1.5
2025-09-20 08:00:00,27.9,84,3,323,1.3333333333333333
2025-09-20 09:00:00,29.3,77,3,321,1.1111111111111112
2025-09-20 10:00:00,30.5,69,51,304,1.25
2025-09-20 11:00:00,31.3,64,51,300,1.2222222222222223
2025-09-20 12:00:00,31.7,62,51,303,1.6666666666666665
2025-09-20 13:00:00,31.8,65,2,304,1.3333333333333333
2025-09-20 14:00:00,31.9,65,0,297,1.1111111111111112
2025-09-20 15:00:00,31.1,69,53,292,1.777777777777778
2025-09-20 16:00:00,31.1,69,3,299,1.4444444444444444
2025-09-20 17:00:00,27.7,87,63,309,1.3611111111111112
2025-09-20 18:00:00,27.3,83,3,349,1.2777777777777777
2025-09-20 19:00:00,26.9,86,3,319,1.0
2025-09-20 20:00:00,26.7,85,3,307,1.8333333333333333
2025-09-20 21:00:00,26.2,87,3,329,1.4444444444444444
2025-09-20 22:00:00,25.7,89,1,322,1.2222222222222223
2025-09-20 23:00:00,25.5,90,1,324,1.8611111111111112
2025-09-21 00:00:00,25.3,90,3,319,2.1944444444444446
2025-09-21 01:00:00,24.9,89,3,325,2.25
2025-09-21 02:00:00,24.6,88,3,324,2.2777777777777777
2025-09-21 03:00:00,24.3,88,3,317,2.111111111111111
2025-09-21 04:00:00,24.2,88,3,320,2.1666666666666665
2025-09-21 05:00:00,24.0,90,3,329,1.8611111111111112
2025-09-21 06:00:00,25.2,90,3,326,2.111111111111111
2025-09-21 07:00:00,26.4,87,2,330,1.9166666666666667
2025-09-21 08:00:00,28.2,81,2,344,2.1944444444444446
2025-09-21 09:00:00,29.7,73,51,3,2.111111111111111
2025-09-21 10:00:00,30.8,66,51,19,2.111111111111111
2025-09-21 11:00:00,31.2,64,3,19,1.8055555555555556
2025-09-21 12:00:00,31.4,64,3,11,1.5833333333333333
2025-09-21 13:00:00,31.8,65,51,6,1.5555555555555554
2025-09-21 14:00:00,29.9,72,61,1,3.2499999999999996
2025-09-21 15:00:00,28.2,81,53,292,2.055555555555556
2025-09-21 16:00:00,28.7,80,61,324,1.7222222222222223
2025-09-21 17:00:00,26.5,89,65,246,2.361111111111111
2025-09-21 18:00:00,28.2,83,3,278,0.3611111111111111
2025-09-21 19:00:00,27.9,83,3,293,1.4166666666666665
2025-09-21 20:00:00,27.5,85,3,296,2.055555555555556
2025-09-21 21:00:00,26.8,86,3,272,1.8055555555555556
2025-09-21 22:00:00,26.4,87,3,278,1.5
2025-09-21 23:00:00,26.1,87,3,294,1.8611111111111112
2025-09-22 00:00:00,26.0,88,3,305,1.5833333333333333
2025-09-22 01:00:00,25.7,88,51,315,1.472222222222222
2025-09-22 02:00:00,24.3,95,61,87,1.1111111111111112
2025-09-22 03:00:00,24.3,96,51,323,2.25
2025-09-22 04:00:00,24.1,92,51,310,2.7222222222222223
2025-09-22 05:00:00,23.6,96,61,212,3.7777777777777777
2025-09-22 06:00:00,25.0,95,3,197,1.6666666666666665
2025-09-22 07:00:00,26.0,92,3,305,0.7777777777777777
2025-09-22 08:00:00,27.9,85,3,329,1.3333333333333333
2025-09-22 09:00:00,29.6,75,3,342,1.5833333333333333
2025-09-22 10:00:00,31.1,64,2,6,2.2222222222222223
2025-09-22 11:00:00,31.8,59,1,18,2.361111111111111
2025-09-22 12:00:00,32.7,53,0,24,1.972222222222222
2025-09-22 13:00:00,33.3,48,3,21,2.25
2025-09-22 14:00:00,33.4,46,3,8,2.5833333333333335
2025-09-22 15:00:00,33.2,46,3,4,2.361111111111111
2025-09-22 16:00:00,32.6,52,3,7,1.972222222222222
2025-09-22 17:00:00,31.5,67,3,342,0.7777777777777777
2025-09-22 18:00:00,28.9,69,3,84,1.3611111111111112
2025-09-22 19:00:00,28.7,72,3,171,0.9166666666666666
2025-09-22 20:00:00,27.5,76,3,202,1.3333333333333333
2025-09-22 21:00:00,27.0,79,3,212,1.8055555555555556
2025-09-22 22:00:00,26.5,81,3,201,3.0555555555555554
2025-09-22 23:00:00,26.0,87,3,228,3.3055555555555554
2025-09-23 00:00:00,25.6,89,3,250,2.8055555555555554
2025-09-23 01:00:00,25.3,90,3,257,2.305555555555556
2025-09-23 02:00:00,25.0,90,3,279,2.138888888888889
2025-09-23 03:00:00,24.7,90,3,303,2.0833333333333335
2025-09-23 04:00:00,24.4,91,3,307,2.4166666666666665
2025-09-23 05:00:00,24.2,91,3,311,3.1666666666666665
2025-09-23 06:00:00,25.1,92,3,313,2.5
2025-09-23 07:00:00,26.7,81,3,326,3.138888888888889
2025-09-23 08:00:00,27.5,80,3,326,3.138888888888889
2025-09-23 09:00:00,29.1,77,3,327,3.1111111111111107
2025-09-23 10:00:00,30.8,68,2,333,3.0277777777777777
2025-09-23 11:00:00,31.7,60,51,336,3.1666666666666665
2025-09-23 12:00:00,31.7,59,51,348,3.1666666666666665
2025-09-23 13:00:00,32.0,54,2,354,3.1111111111111107
2025-09-23 14:00:00,32.0,53,1,348,2.861111111111111
2025-09-23 15:00:00,31.8,52,3,336,2.5833333333333335
2025-09-23 16:00:00,31.5,55,3,334,2.055555555555556
2025-09-23 17:00:00,30.3,62,3,313,1.972222222222222
2025-09-23 18:00:00,29.1,63,3,310,2.2222222222222223
2025-09-23 19:00:00,28.2,68,3,314,3.1111111111111107
2025-09-23 20:00:00,27.2,69,3,313,2.7222222222222223
2025-09-23 21:00:00,26.8,71,3,308,2.7222222222222223
2025-09-23 22:00:00,26.4,73,1,299,2.8055555555555554
2025-09-23 23:00:00,26.1,74,3,296,2.7777777777777777
2025-09-24 00:00:00,25.8,75,3,294,2.944444444444444
2025-09-24 01:00:00,25.8,72,3,299,3.416666666666667
2025-09-24 02:00:00,25.7,71,3,306,3.7222222222222223
2025-09-24 03:00:00,25.3,74,2,311,3.944444444444444
2025-09-24 04:00:00,25.2,75,3,311,4.027777777777778
2025-09-24 05:00:00,24.7,78,3,313,4.138888888888889
2025-09-24 06:00:00,25.3,81,2,312,4.472222222222222
2025-09-24 07:00:00,26.2,81,2,313,4.277777777777778
2025-09-24 08:00:00,27.6,77,0,310,4.472222222222222
2025-09-24 09:00:00,29.3,73,2,313,4.222222222222222
2025-09-24 10:00:00,30.8,67,3,314,4.5
2025-09-24 11:00:00,31.8,60,3,317,4.611111111111112
2025-09-24 12:00:00,32.0,56,3,332,4.722222222222222
2025-09-24 13:00:00,31.7,56,51,331,5.0
2025-09-24 14:00:00,31.7,55,3,325,4.583333333333333
2025-09-24 15:00:00,31.6,54,3,315,4.25
2025-09-24 16:00:00,30.7,59,3,313,3.7777777777777777
2025-09-24 17:00:00,29.2,67,3,281,4.027777777777778
2025-09-24 18:00:00,27.8,72,3,288,3.138888888888889
2025-09-24 19:00:00,27.6,71,3,283,3.3888888888888884
2025-09-24 20:00:00,27.5,71,3,290,4.0
2025-09-24 21:00:00,27.2,73,3,294,4.111111111111112
2025-09-24 22:00:00,26.8,74,3,299,4.416666666666667
2025-09-24 23:00:00,26.7,75,3,307,4.25
2025-09-25 00:00:00,26.6,76,3,313,4.222222222222222
2025-09-25 01:00:00,26.3,77,3,312,4.666666666666667
2025-09-25 02:00:00,26.2,76,3,312,4.305555555555555
2025-09-25 03:00:00,26.0,76,3,318,4.222222222222222
2025-09-25 04:00:00,25.8,77,3,317,4.361111111111111
2025-09-25 05:00:00,25.5,77,3,321,4.611111111111112
2025-09-25 06:00:00,24.9,89,61,342,3.4722222222222223
2025-09-25 07:00:00,24.6,92,61,337,3.8055555555555554
2025-09-25 08:00:00,24.9,93,55,345,2.861111111111111
2025-09-25 09:00:00,25.5,93,61,342,2.25
2025-09-25 10:00:00,27.0,86,53,326,2.5277777777777777
2025-09-25 11:00:00,28.3,75,51,332,3.6666666666666665
2025-09-25 12:00:00,29.1,70,51,335,4.416666666666667
2025-09-25 13:00:00,28.4,77,63,334,3.611111111111111
2025-09-25 14:00:00,29.6,71,51,324,3.8333333333333335
2025-09-25 15:00:00,27.7,82,61,346,3.611111111111111
2025-09-25 16:00:00,28.0,80,51,348,2.25
2025-09-25 17:00:00,27.7,81,3,315,2.4166666666666665
2025-09-25 18:00:00,26.9,83,3,313,2.3333333333333335
2025-09-25 19:00:00,26.6,84,3,324,2.388888888888889
2025-09-25 20:00:00,26.4,86,1,335,2.25
2025-09-25 21:00:00,26.2,88,2,338,2.0
2025-09-25 22:00:00,25.9,88,2,338,2.388888888888889
2025-09-25 23:00:00,25.8,86,1,341,2.8055555555555554
2025-09-26 00:00:00,25.6,84,1,342,3.0
2025-09-26 01:00:00,25.4,83,1,350,3.194444444444444
2025-09-26 02:00:00,25.1,83,55,346,2.7222222222222223
2025-09-26 03:00:00,24.3,87,61,309,3.138888888888889
2025-09-26 04:00:00,24.1,90,3,329,3.416666666666667
2025-09-26 05:00:00,24.2,91,3,336,2.4722222222222223
2025-09-26 06:00:00,25.2,90,3,347,3.2777777777777777
2025-09-26 07:00:00,26.4,87,2,355,2.5
2025-09-26 08:00:00,26.6,82,51,20,3.555555555555556
2025-09-26 09:00:00,28.0,79,51,4,2.305555555555556
2025-09-26 10:00:00,30.0,75,51,19,2.4722222222222223
2025-09-26 11:00:00,31.3,70,51,33,2.6666666666666665
2025-09-26 12:00:00,31.8,65,51,26,2.7222222222222223
2025-09-26 13:00:00,31.6,65,51,18,2.888888888888889
2025-09-26 14:00:00,31.7,64,3,21,2.25
2025-09-26 15:00:00,30.2,71,55,358,3.6666666666666665
2025-09-26 16:00:00,29.6,73,51,59,2.694444444444444
2025-09-26 17:00:00,27.1,84,63,73,0.5277777777777778
2025-09-26 18:00:00,27.7,86,53,65,0.9444444444444444
2025-09-26 19:00:00,27.4,86,51,326,1.1388888888888888
2025-09-26 20:00:00,27.3,84,3,324,2.388888888888889
2025-09-26 21:00:00,26.9,85,3,342,2.944444444444444
2025-09-26 22:00:00,26.5,84,3,345,3.0555555555555554
2025-09-26 23:00:00,26.2,84,3,352,3.0277777777777777
2025-09-27 00:00:00,26.0,84,3,8,2.888888888888889
2025-09-27 01:00:00,25.8,85,3,12,2.861111111111111
2025-09-27 02:00:00,25.8,85,3,9,2.7777777777777777
2025-09-27 03:00:00,25.3,88,51,360,2.25
2025-09-27 04:00:00,25.2,89,51,345,1.972222222222222
2025-09-27 05:00:00,24.5,93,63,24,1.472222222222222
2025-09-27 06:00:00,23.9,94,61,306,2.4722222222222223
2025-09-27 07:00:00,25.0,93,51,333,2.972222222222222
2025-09-27 08:00:00,25.8,89,53,33,2.138888888888889
2025-09-27 09:00:00,26.2,90,53,33,1.7222222222222223
2025-09-27 10:00:00,26.4,93,53,356,1.4444444444444444
2025-09-27 11:00:00,26.2,87,63,38,3.0
2025-09-27 12:00:00,26.4,88,63,180,0.1388888888888889
2025-09-27 13:00:00,25.9,93,63,326,0.5277777777777778
2025-09-27 14:00:00,25.6,90,63,328,1.3055555555555556
2025-09-27 15:00:00,26.4,88,51,289,2.1666666666666665
2025-09-27 16:00:00,26.6,86,3,300,2.388888888888889
2025-09-27 17:00:00,26.1,91,55,327,2.0833333333333335
2025-09-27 18:00:00,25.5,92,51,20,1.4444444444444444
2025-09-27 19:00:00,25.0,95,3,357,0.9444444444444444
2025-09-27 20:00:00,24.9,95,51,270,0.19444444444444442
2025-09-27 21:00:00,24.7,96,51,344,0.7222222222222222
2025-09-27 22:00:00,24.7,95,3,355,0.6111111111111112
2025-09-27 23:00:00,24.9,94,51,45,1.3333333333333333
2025-09-28 00:00:00,24.4,98,53,90,1.5
2025-09-28 01:00:00,24.3,96,63,146,2.1666666666666665
2025-09-28 02:00:00,24.2,96,53,162,3.222222222222222
2025-09-28 03:00:00,23.9,98,3,149,2.5555555555555554
2025-09-28 04:00:00,23.7,99,51,131,2.6666666666666665
2025-09-28 05:00:00,23.5,99,51,127,3.0
2025-09-28 06:00:00,24.3,97,51,136,3.2499999999999996
2025-09-28 07:00:00,24.8,95,3,133,3.083333333333333
2025-09-28 08:00:00,25.3,91,51,136,3.6666666666666665
2025-09-28 09:00:00,26.5,87,51,141,3.8333333333333335
2025-09-28 10:00:00,26.9,82,51,138,3.6944444444444446
2025-09-28 11:00:00,28.3,75,3,135,3.5277777777777777
2025-09-28 12:00:00,29.3,71,3,137,3.6666666666666665
2025-09-28 13:00:00,29.3,70,51,130,3.555555555555556
2025-09-28 14:00:00,29.0,72,51,136,3.4722222222222223
2025-09-28 15:00:00,27.8,77,61,148,4.0
2025-09-28 16:00:00,27.0,84,55,168,2.25
2025-09-28 17:00:00,26.9,85,51,115,2.2222222222222223
2025-09-28 18:00:00,26.2,84,51,141,2.888888888888889
2025-09-28 19:00:00,25.6,87,2,145,2.3333333333333335
2025-09-28 20:00:00,25.2,88,2,139,1.8333333333333333
2025-09-28 21:00:00,24.9,90,2,134,2.0833333333333335
2025-09-28 22:00:00,24.6,90,3,159,2.638888888888889
2025-09-28 23:00:00,24.1,91,3,173,2.361111111111111
2025-09-29 00:00:00,23.6,94,1,180,2.0
2025-09-29 01:00:00,23.1,96,2,173,1.3055555555555556
2025-09-29 02:00:00,22.8,97,2,137,0.9444444444444444
2025-09-29 03:00:00,22.9,97,3,137,1.027777777777778
2025-09-29 04:00:00,23.2,96,51,117,1.4444444444444444
2025-09-29 05:00:00,23.2,96,3,106,1.3055555555555556
2025-09-29 06:00:00,24.1,95,51,151,1.4444444444444444
2025-09-29 07:00:00,24.9,90,2,168,1.9444444444444444
2025-09-29 08:00:00,26.3,82,2,202,2.694444444444444
2025-09-29 09:00:00,27.7,74,2,210,2.5
2025-09-29 10:00:00,28.6,70,51,200,2.2222222222222223
2025-09-29 11:00:00,29.3,68,51,200,2.5
2025-09-29 12:00:00,29.7,69,51,209,2.1666666666666665
2025-09-29 13:00:00,29.8,69,51,226,1.9444444444444444
2025-09-29 14:00:00,29.9,68,3,225,1.6944444444444442
2025-09-29 15:00:00,29.8,69,2,221,2.138888888888889
2025-09-29 16:00:00,29.0,70,51,222,2.0833333333333335
2025-09-29 17:00:00,28.0,77,51,295,0.7222222222222222
2025-09-29 18:00:00,26.9,83,2,186,1.0
2025-09-29 19:00:00,26.5,84,3,210,1.8055555555555556
2025-09-29 20:00:00,26.0,84,3,221,1.3888888888888888
2025-09-29 21:00:00,25.3,87,3,227,1.1666666666666667
2025-09-29 22:00:00,25.3,86,1,219,2.0
2025-09-29 23:00:00,25.0,87,0,215,1.6388888888888888
2025-09-30 00:00:00,24.6,88,0,240,1.6944444444444442
2025-09-30 01:00:00,24.2,90,1,259,1.5277777777777777
2025-09-30 02:00:00,24.0,90,3,275,1.6944444444444442
2025-09-30 03:00:00,23.8,90,2,279,1.6666666666666665
2025-09-30 04:00:00,23.5,90,2,274,1.4444444444444444
2025-09-30 05:00:00,23.2,92,0,284,1.25
2025-09-30 06:00:00,24.6,88,1,291,1.7222222222222223
2025-09-30 07:00:00,25.8,85,2,312,1.8055555555555556
2025-09-30 08:00:00,27.4,80,3,326,1.8611111111111112
2025-09-30 09:00:00,28.7,72,3,335,2.0277777777777777
2025-09-30 10:00:00,29.7,67,3,330,1.8055555555555556
2025-09-30 11:00:00,30.2,65,51,286,1.3055555555555556
2025-09-30 12:00:00,30.5,64,1,260,1.7222222222222223
2025-09-30 13:00:00,30.8,63,1,264,1.972222222222222
2025-09-30 14:00:00,30.5,64,2,246,2.361111111111111
2025-09-30 15:00:00,28.5,75,61,237,3.1666666666666665
2025-09-30 16:00:00,28.1,73,3,292,2.5833333333333335
2025-09-30 17:00:00,27.8,77,3,283,0.8611111111111112
2025-09-30 18:00:00,27.0,82,3,172,0.3611111111111111
2025-09-30 19:00:00,26.8,83,3,194,0.41666666666666663
2025-09-30 20:00:00,26.6,85,3,176,0.6388888888888888
2025-09-30 21:00:00,25.4,90,63,225,0.6944444444444444
2025-09-30 22:00:00,24.4,93,63,344,2.5555555555555554
2025-09-30 23:00:00,24.3,94,1,333,2.0833333333333335
2025-10-01 00:00:00,23.9,96,1,345,1.972222222222222
2025-10-01 01:00:00,23.7,96,0,333,1.75
2025-10-01 02:00:00,23.4,96,2,317,1.6944444444444442
2025-10-01 03:00:00,23.2,96,2,300,1.2222222222222223
2025-10-01 04:00:00,23.0,97,3,291,1.1111111111111112
2025-10-01 05:00:00,24.2,88,2,285,1.972222222222222
2025-10-01 06:00:00,24.5,87,3,306,2.2222222222222223
2025-10-01 07:00:00,25.8,84,3,310,2.2777777777777777
2025-10-01 08:00:00,27.3,76,3,314,2.638888888888889
2025-10-01 09:00:00,28.6,70,3,319,3.3055555555555554
2025-10-01 10:00:00,29.7,62,3,322,3.3055555555555554
2025-10-01 11:00:00,30.4,58,3,316,3.3611111111111107
2025-10-01 12:00:00,31.2,56,1,314,2.972222222222222
2025-10-01 13:00:00,31.6,55,1,308,1.8611111111111112
2025-10-01 14:00:00,31.8,55,2,297,2.0
2025-10-01 15:00:00,31.5,56,3,290,2.8055555555555554
2025-10-01 16:00:00,31.0,57,3,298,2.138888888888889
2025-10-01 17:00:00,29.4,70,51,277,1.25
2025-10-01 18:00:00,28.4,75,51,352,0.3611111111111111
2025-10-01 19:00:00,27.2,81,51,79,1.6388888888888888
2025-10-01 20:00:00,26.2,86,3,126,1.8611111111111112
2025-10-01 21:00:00,25.3,90,3,90,0.3611111111111111
2025-10-01 22:00:00,24.9,92,3,27,0.22222222222222224
2025-10-01 23:00:00,24.7,96,3,41,0.4722222222222222
2025-10-02 00:00:00,24.5,96,3,360,0.6944444444444444
2025-10-02 01:00:00,24.3,96,3,315,0.6388888888888888
2025-10-02 02:00:00,24.1,97,3,298,0.8611111111111112
2025-10-02 03:00:00,24.1,97,2,297,1.4166666666666665
2025-10-02 04:00:00,23.9,95,0,314,1.6666666666666665
2025-10-02 05:00:00,24.1,91,1,294,1.972222222222222
2025-10-02 06:00:00,24.5,88,3,303,2.0833333333333335
2025-10-02 07:00:00,25.8,84,3,325,2.5
2025-10-02 08:00:00,27.6,76,3,332,2.5833333333333335
2025-10-02 09:00:00,29.0,70,3,348,2.8055555555555554
2025-10-02 10:00:00,30.0,64,3,352,2.611111111111111
2025-10-02 11:00:00,30.7,59,3,350,2.638888888888889
2025-10-02 12:00:00,28.8,68,51,44,4.055555555555555
2025-10-02 13:00:00,28.8,68,51,360,1.8055555555555556
2025-10-02 14:00:00,30.6,60,3,327,2.0833333333333335
2025-10-02 15:00:00,30.6,60,3,313,2.25
2025-10-02 16:00:00,30.4,61,3,295,1.777777777777778
2025-10-02 17:00:00,28.2,77,3,275,1.75
2025-10-02 18:00:00,27.3,83,3,21,1.2777777777777777
2025-10-02 19:00:00,26.7,87,3,333,1.2222222222222223
2025-10-02 20:00:00,26.7,85,3,301,1.9166666666666667
2025-10-02 21:00:00,26.5,83,3,299,2.2777777777777777
2025-10-02 22:00:00,26.1,82,3,310,2.4166666666666665
2025-10-02 23:00:00,26.3,82,3,305,2.5
2025-10-03 00:00:00,26.0,81,51,334,2.4444444444444446
2025-10-03 01:00:00,24.3,89,53,310,3.555555555555556
2025-10-03 02:00:00,23.5,90,53,294,3.611111111111111
2025-10-03 03:00:00,24.1,89,3,298,3.0555555555555554
2025-10-03 04:00:00,24.5,89,3,303,2.638888888888889
2025-10-03 05:00:00,25.0,85,3,313,3.5
2025-10-03 06:00:00,24.8,85,3,321,3.222222222222222
2025-10-03 07:00:00,25.6,85,3,325,2.3333333333333335
2025-10-03 08:00:00,26.5,82,3,319,2.5833333333333335
2025-10-03 09:00:00,27.6,79,3,319,2.8055555555555554
2025-10-03 10:00:00,29.0,72,3,323,3.138888888888889
2025-10-03 11:00:00,30.7,64,3,327,2.861111111111111
2025-10-03 12:00:00,31.5,63,3,334,2.944444444444444
2025-10-03 13:00:00,31.4,63,3,333,2.638888888888889
2025-10-03 14:00:00,28.0,74,55,320,3.0277777777777777
2025-10-03 15:00:00,27.2,80,51,228,1.8055555555555556
2025-10-03 16:00:00,28.6,76,3,259,2.3333333333333335
2025-10-03 17:00:00,27.5,84,3,251,2.944444444444444
2025-10-03 18:00:00,26.7,84,51,328,1.8055555555555556
2025-10-03 19:00:00,24.9,94,51,140,1.9444444444444444
2025-10-03 20:00:00,24.4,96,3,186,1.972222222222222
2025-10-03 21:00:00,24.6,93,3,240,2.305555555555556
2025-10-03 22:00:00,24.9,91,3,276,1.3611111111111112
2025-10-03 23:00:00,25.8,89,3,305,2.9166666666666665
2025-10-04 00:00:00,25.7,87,3,318,3.194444444444444
2025-10-04 01:00:00,25.5,85,3,320,3.5277777777777777
2025-10-04 02:00:00,25.3,85,3,316,2.7222222222222223
2025-10-04 03:00:00,25.0,87,51,313,2.3333333333333335
2025-10-04 04:00:00,24.7,89,51,308,2.0277777777777777
2025-10-04 05:00:00,25.0,85,3,312,2.611111111111111
2025-10-04 06:00:00,25.3,85,3,308,2.75
2025-10-04 07:00:00,26.0,85,3,311,2.1944444444444446
2025-10-04 08:00:00,27.6,79,3,310,2.8055555555555554
2025-10-04 09:00:00,28.6,76,3,305,2.8055555555555554
2025-10-04 10:00:00,29.9,71,3,302,3.0555555555555554
2025-10-04 11:00:00,30.5,69,2,286,2.9166666666666665
2025-10-04 12:00:00,31.3,64,51,290,3.138888888888889
2025-10-04 13:00:00,31.6,61,2,295,3.416666666666667
2025-10-04 14:00:00,28.6,72,51,308,5.138888888888888
2025-10-04 15:00:00,28.6,73,3,316,2.7222222222222223
2025-10-04 16:00:00,28.7,72,51,281,2.638888888888889
2025-10-04 17:00:00,27.1,83,51,236,1.8055555555555556
2025-10-04 18:00:00,26.4,87,3,230,1.6388888888888888
2025-10-04 19:00:00,26.3,87,3,230,2.4166666666666665
2025-10-04 20:00:00,26.0,88,3,238,2.25
2025-10-04 21:00:00,26.1,86,3,281,2.694444444444444
2025-10-04 22:00:00,25.9,85,3,292,3.222222222222222
2025-10-04 23:00:00,25.5,86,3,307,2.972222222222222
2025-10-05 00:00:00,25.3,87,3,302,2.75
2025-10-05 01:00:00,24.8,88,3,298,2.5555555555555554
2025-10-05 02:00:00,24.5,89,3,299,2.361111111111111
2025-10-05 03:00:00,24.2,91,3,301,2.2222222222222223
2025-10-05 04:00:00,24.0,92,3,290,2.2222222222222223
2025-10-05 05:00:00,24.7,90,2,290,2.2222222222222223
2025-10-05 06:00:00,25.2,88,1,295,2.3333333333333335
2025-10-05 07:00:00,26.3,85,1,288,1.5833333333333333
2025-10-05 08:00:00,27.8,78,1,305,2.361111111111111
2025-10-05 09:00:00,28.8,74,51,320,2.611111111111111
2025-10-05 10:00:00,29.7,72,51,323,2.638888888888889
2025-10-05 11:00:00,30.4,67,51,330,2.888888888888889
2025-10-05 12:00:00,31.0,62,51,323,2.5833333333333335
2025-10-05 13:00:00,31.0,61,3,311,2.8055555555555554
2025-10-05 14:00:00,28.1,77,63,247,2.6666666666666665
2025-10-05 15:00:00,28.5,75,53,18,1.8888888888888888
2025-10-05 16:00:00,26.5,79,53,333,0.4444444444444445
2025-10-05 17:00:00,27.3,80,3,316,1.5833333333333333
2025-10-05 18:00:00,26.5,83,53,264,1.0
2025-10-05 19:00:00,26.0,87,51,264,1.4166666666666665
2025-10-05 20:00:00,25.6,90,2,329,0.2777777777777778
2025-10-05 21:00:00,25.1,91,2,297,0.4444444444444445
2025-10-05 22:00:00,24.8,93,3,270,0.1388888888888889
2025-10-05 23:00:00,24.8,94,3,236,0.5277777777777778
2025-10-06 00:00:00,24.4,95,3,236,1.8611111111111112
2025-10-06 01:00:00,24.1,92,3,242,2.111111111111111
2025-10-06 02:00:00,23.6,91,3,278,2.111111111111111
2025-10-06 03:00:00,23.2,92,3,277,1.2222222222222223
2025-10-06 04:00:00,23.0,94,3,305,0.9722222222222222
2025-10-06 05:00:00,23.7,96,3,242,1.1944444444444444
2025-10-06 06:00:00,24.0,96,3,268,1.5555555555555554
2025-10-06 07:00:00,24.7,94,51,265,1.25
2025-10-06 08:00:00,25.8,87,51,264,1.8611111111111112
2025-10-06 09:00:00,27.0,81,51,272,1.75
2025-10-06 10:00:00,27.9,77,51,283,1.2777777777777777
2025-10-06 11:00:00,29.2,68,51,323,1.8888888888888888
2025-10-06 12:00:00,29.7,66,3,321,1.8055555555555556
2025-10-06 13:00:00,26.7,75,53,335,5.611111111111111
2025-10-06 14:00:00,25.5,83,53,14,2.2222222222222223
2025-10-06 15:00:00,26.9,75,3,31,1.4444444444444444
2025-10-06 16:00:00,27.1,76,3,19,1.2222222222222223
2025-10-06 17:00:00,26.6,80,3,321,0.6388888888888888
2025-10-06 18:00:00,25.9,84,3,301,0.2777777777777778
2025-10-06 19:00:00,25.5,86,1,225,0.08333333333333333
2025-10-06 20:00:00,25.0,88,2,214,0.16666666666666666
2025-10-06 21:00:00,24.5,92,3,228,0.6111111111111112
2025-10-06 22:00:00,24.0,94,3,239,0.8611111111111112
2025-10-06 23:00:00,24.2,98,2,227,1.777777777777778
2025-10-07 00:00:00,24.0,97,3,243,1.777777777777778
2025-10-07 01:00:00,24.1,94,51,246,2.138888888888889
2025-10-07 02:00:00,23.6,94,51,240,2.5
2025-10-07 03:00:00,23.1,90,51,293,3.2777777777777777
2025-10-07 04:00:00,22.8,93,51,252,0.9444444444444444
2025-10-07 05:00:00,22.4,96,2,130,0.38888888888888884
2025-10-07 06:00:00,22.5,96,3,276,0.5
2025-10-07 07:00:00,24.1,91,3,297,1.4444444444444444
2025-10-07 08:00:00,25.9,85,3,309,1.027777777777778
2025-10-07 09:00:00,27.6,74,1,324,1.5277777777777777
2025-10-07 10:00:00,28.9,65,0,324,1.8611111111111112
2025-10-07 11:00:00,30.0,57,1,308,1.972222222222222
2025-10-07 12:00:00,30.6,55,51,301,1.9166666666666667
2025-10-07 13:00:00,31.0,52,0,291,1.6666666666666665
2025-10-07 14:00:00,31.3,51,1,291,1.5
2025-10-07 15:00:00,31.2,50,0,306,2.0277777777777777
2025-10-07 16:00:00,30.3,56,1,313,2.5
2025-10-07 17:00:00,28.9,64,0,323,2.3333333333333335
2025-10-07 18:00:00,27.7,67,0,321,2.055555555555556
2025-10-07 19:00:00,26.6,72,1,297,1.6388888888888888
2025-10-07 20:00:00,25.8,76,0,268,1.611111111111111
2025-10-07 21:00:00,25.1,79,0,270,1.5555555555555554
2025-10-07 22:00:00,24.6,80,0,274,1.4166666666666665
2025-10-07 23:00:00,24.3,84,0,330,1.6944444444444442
2025-10-08 00:00:00,23.8,87,1,350,1.472222222222222
2025-10-08 01:00:00,23.4,89,2,333,1.4444444444444444
2025-10-08 02:00:00,23.2,90,0,326,1.6944444444444442
2025-10-08 03:00:00,22.9,90,0,328,1.8055555555555556
2025-10-08 04:00:00,22.6,90,1,330,1.9166666666666667
2025-10-08 05:00:00,22.6,87,2,319,2.2777777777777777
2025-10-08 06:00:00,23.1,83,0,325,2.1944444444444446
2025-10-08 07:00:00,24.5,80,0,331,1.9444444444444444
2025-10-08 08:00:00,26.5,72,0,332,2.2222222222222223
2025-10-08 09:00:00,28.3,65,0,337,2.5555555555555554
2025-10-08 10:00:00,29.5,58,0,335,1.8888888888888888
2025-10-08 11:00:00,30.2,54,0,315,1.4166666666666665
2025-10-08 12:00:00,30.7,52,0,307,1.5833333333333333
2025-10-08 13:00:00,30.9,52,51,305,1.5833333333333333
2025-10-08 14:00:00,31.0,52,51,300,1.5
2025-10-08 15:00:00,30.8,52,0,305,1.6388888888888888
2025-10-08 16:00:00,30.4,54,1,296,1.9444444444444444
2025-10-08 17:00:00,28.0,68,0,279,1.2777777777777777
2025-10-08 18:00:00,26.9,75,0,267,0.8611111111111112
2025-10-08 19:00:00,26.4,78,0,276,0.9166666666666666
2025-10-08 20:00:00,25.9,81,3,353,0.8055555555555555
2025-10-08 21:00:00,25.2,82,1,350,1.1666666666666667
2025-10-08 22:00:00,24.5,85,3,344,1.3055555555555556
2025-10-08 23:00:00,24.3,81,3,345,2.2777777777777777
2025-10-09 00:00:00,24.2,82,3,339,1.972222222222222
2025-10-09 01:00:00,23.6,86,3,333,1.972222222222222
2025-10-09 02:00:00,23.2,85,3,328,2.1666666666666665
2025-10-09 03:00:00,22.9,79,1,330,2.6666666666666665
2025-10-09 04:00:00,22.5,77,1,337,2.611111111111111
2025-10-09 05:00:00,22.5,80,0,337,2.5555555555555554
2025-10-09 06:00:00,22.9,76,0,347,2.833333333333333
2025-10-09 07:00:00,24.3,71,0,340,2.4444444444444446
2025-10-09 08:00:00,26.0,66,0,351,2.6666666666666665
2025-10-09 09:00:00,27.8,65,1,5,2.361111111111111
2025-10-09 10:00:00,29.6,58,1,23,2.3333333333333335
2025-10-09 11:00:00,30.5,51,0,9,1.972222222222222
2025-10-09 12:00:00,31.0,48,1,346,2.0
2025-10-09 13:00:00,31.2,46,0,326,2.055555555555556
2025-10-09 14:00:00,31.2,45,0,318,2.361111111111111
2025-10-09 15:00:00,30.9,45,0,318,2.5555555555555554
2025-10-09 16:00:00,30.2,48,0,326,2.1666666666666665
2025-10-09 17:00:00,28.9,60,0,312,1.3333333333333333
2025-10-09 18:00:00,27.6,59,0,318,1.2777777777777777
2025-10-09 19:00:00,26.4,65,0,291,1.5555555555555554
2025-10-09 20:00:00,26.0,67,1,308,2.5
2025-10-09 21:00:00,25.5,66,2,337,2.972222222222222
2025-10-09 22:00:00,25.0,71,1,340,2.3333333333333335
2025-10-09 23:00:00,24.5,73,0,342,2.4722222222222223
2025-10-10 00:00:00,24.2,73,0,352,2.111111111111111
2025-10-10 01:00:00,23.3,76,0,354,1.5555555555555554
2025-10-10 02:00:00,22.9,76,0,356,1.9444444444444444
2025-10-10 03:00:00,22.3,78,0,360,1.8055555555555556
2025-10-10 04:00:00,21.8,77,0,343,1.8333333333333333
2025-10-10 05:00:00,22.3,78,0,338,1.8888888888888888
2025-10-10 06:00:00,22.9,75,1,346,2.0
2025-10-10 07:00:00,24.4,70,0,342,2.055555555555556
2025-10-10 08:00:00,26.4,63,0,1,2.138888888888889
2025-10-10 09:00:00,27.9,60,0,36,2.4722222222222223
2025-10-10 10:00:00,28.6,58,51,53,2.75
2025-10-10 11:00:00,28.9,59,51,50,2.0277777777777777
2025-10-10 12:00:00,29.3,62,2,23,1.5277777777777777
2025-10-10 13:00:00,29.8,59,1,349,1.5833333333333333
2025-10-10 14:00:00,30.0,56,1,340,1.75
2025-10-10 15:00:00,29.9,55,0,331,2.1666666666666665
2025-10-10 16:00:00,29.1,55,0,337,2.611111111111111
2025-10-10 17:00:00,28.3,59,0,5,2.111111111111111
2025-10-10 18:00:00,27.1,65,0,16,1.8611111111111112
2025-10-10 19:00:00,26.3,72,0,50,2.2222222222222223
2025-10-10 20:00:00,25.6,76,0,58,2.4722222222222223
2025-10-10 21:00:00,25.0,77,0,50,2.5555555555555554
2025-10-10 22:00:00,24.3,79,1,24,2.1944444444444446
2025-10-10 23:00:00,23.9,78,2,17,2.4444444444444446
2025-10-11 00:00:00,23.5,79,0,12,2.111111111111111
2025-10-11 01:00:00,23.0,80,0,357,2.055555555555556
2025-10-11 02:00:00,22.6,81,0,349,2.0833333333333335
2025-10-11 03:00:00,22.2,81,0,356,2.0
2025-10-11 04:00:00,21.9,82,0,352,1.8611111111111112
2025-10-11 05:00:00,21.9,83,0,351,1.6666666666666665
2025-10-11 06:00:00,22.3,81,0,346,1.611111111111111
2025-10-11 07:00:00,23.9,76,0,357,1.75
2025-10-11 08:00:00,25.8,69,0,24,2.1944444444444446
2025-10-11 09:00:00,27.3,63,1,37,2.5833333333333335
2025-10-11 10:00:00,28.5,58,1,25,2.3333333333333335
2025-10-11 11:00:00,29.3,55,0,16,2.75
2025-10-11 12:00:00,29.8,52,0,7,2.4166666666666665
2025-10-11 13:00:00,30.1,50,0,351,2.3333333333333335
2025-10-11 14:00:00,30.3,49,1,342,2.4722222222222223
2025-10-11 15:00:00,30.4,48,0,343,2.0833333333333335
2025-10-11 16:00:00,30.1,47,0,335,2.25
2025-10-11 17:00:00,29.2,53,0,354,1.0
2025-10-11 18:00:00,27.9,55,1,72,1.6388888888888888
2025-10-11 19:00:00,27.3,59,0,76,2.7777777777777777
2025-10-11 20:00:00,26.5,64,0,71,2.4444444444444446
2025-10-11 21:00:00,25.5,69,0,48,1.5555555555555554
2025-10-11 22:00:00,24.8,71,0,22,1.5555555555555554
2025-10-11 23:00:00,24.2,75,0,25,1.6666666666666665
2025-10-12 00:00:00,23.4,79,0,28,1.3611111111111112
2025-10-12 01:00:00,22.7,82,0,16,1.25
2025-10-12 02:00:00,22.1,85,0,9,1.2222222222222223
2025-10-12 03:00:00,21.7,87,0,10,1.3611111111111112
2025-10-12 04:00:00,21.3,87,0,358,1.5555555555555554
2025-10-12 05:00:00,21.3,87,0,352,1.7222222222222223
2025-10-12 06:00:00,21.5,85,0,354,1.8055555555555556
2025-10-12 07:00:00,23.0,79,0,353,1.972222222222222
2025-10-12 08:00:00,25.3,69,0,9,2.3333333333333335
2025-10-12 09:00:00,27.2,59,0,24,2.611111111111111
2025-10-12 10:00:00,28.8,51,0,40,2.8055555555555554
2025-10-12 11:00:00,30.2,46,0,36,2.5833333333333335
2025-10-12 12:00:00,30.9,41,2,28,2.138888888888889
2025-10-12 13:00:00,31.3,40,1,13,2.1666666666666665
2025-10-12 14:00:00,31.2,40,0,360,2.5
2025-10-12 15:00:00,30.7,40,0,350,2.8055555555555554
2025-10-12 16:00:00,30.2,41,0,337,2.4444444444444446
2025-10-12 17:00:00,29.7,44,0,349,1.777777777777778
2025-10-12 18:00:00,27.6,56,0,329,0.8611111111111112
2025-10-12 19:00:00,26.8,61,0,350,0.5555555555555556
2025-10-12 20:00:00,26.1,64,0,16,0.3611111111111111
2025-10-12 21:00:00,25.0,70,0,7,0.8611111111111112
2025-10-12 22:00:00,24.8,75,0,18,1.3055555555555556
2025-10-12 23:00:00,24.2,81,0,5,2.111111111111111
2025-10-13 00:00:00,23.4,79,0,356,1.9444444444444444
2025-10-13 01:00:00,22.9,73,0,356,2.055555555555556
2025-10-13 02:00:00,22.3,69,0,354,2.305555555555556
2025-10-13 03:00:00,21.7,69,0,353,2.4166666666666665
2025-10-13 04:00:00,21.2,70,0,354,2.361111111111111
2025-10-13 05:00:00,21.7,73,0,347,2.4722222222222223
2025-10-13 06:00:00,21.9,72,0,351,2.3333333333333335
2025-10-13 07:00:00,23.5,68,0,353,2.111111111111111
2025-10-13 08:00:00,26.0,59,0,6,2.0
2025-10-13 09:00:00,28.2,56,0,27,2.0833333333333335
2025-10-13 10:00:00,29.5,54,0,54,1.8611111111111112
2025-10-13 11:00:00,30.6,49,0,63,1.3333333333333333
2025-10-13 12:00:00,31.3,46,1,54,1.2777777777777777
2025-10-13 13:00:00,31.7,43,1,30,1.5
2025-10-13 14:00:00,31.6,44,3,14,2.111111111111111
2025-10-13 15:00:00,31.2,45,3,14,2.4722222222222223
2025-10-13 16:00:00,30.5,46,0,19,2.111111111111111
2025-10-13 17:00:00,30.2,45,2,33,1.7222222222222223
2025-10-13 18:00:00,28.2,56,1,47,0.9444444444444444
2025-10-13 19:00:00,27.8,59,0,70,0.5833333333333334
2025-10-13 20:00:00,27.2,61,0,110,0.5833333333333334
2025-10-13 21:00:00,26.8,64,0,58,0.4722222222222222
2025-10-13 22:00:00,25.5,70,0,6,0.9166666666666666
2025-10-13 23:00:00,25.1,76,3,353,1.611111111111111
2025-10-14 00:00:00,24.0,83,3,343,1.8888888888888888
2025-10-14 01:00:00,23.4,81,1,348,2.0
2025-10-14 02:00:00,22.8,78,0,347,1.8333333333333333
2025-10-14 03:00:00,22.5,78,1,353,1.9166666666666667
2025-10-14 04:00:00,22.5,81,1,8,1.8611111111111112
2025-10-14 05:00:00,23.2,84,1,27,2.0
2025-10-14 06:00:00,23.4,82,0,25,2.0
2025-10-14 07:00:00,24.3,78,0,21,2.25
2025-10-14 08:00:00,26.0,72,0,33,2.1944444444444446
2025-10-14 09:00:00,27.9,65,0,57,2.2777777777777777
2025-10-14 10:00:00,29.6,55,1,86,3.1666666666666665
2025-10-14 11:00:00,30.9,50,1,93,3.1666666666666665
2025-10-14 12:00:00,31.2,48,51,88,3.194444444444444
2025-10-14 13:00:00,31.4,49,51,83,3.083333333333333
2025-10-14 14:00:00,31.4,50,51,81,2.972222222222222
2025-10-14 15:00:00,31.3,51,51,75,3.0
2025-10-14 16:00:00,30.3,55,51,64,2.7777777777777777
2025-10-14 17:00:00,29.9,54,0,61,2.638888888888889
2025-10-14 18:00:00,29.0,58,0,71,2.1666666666666665
2025-10-14 19:00:00,28.3,62,0,74,2.1944444444444446
2025-10-14 20:00:00,27.7,64,0,77,2.055555555555556
2025-10-14 21:00:00,27.2,65,0,69,1.972222222222222
2025-10-14 22:00:00,26.6,67,0,65,2.111111111111111
2025-10-14 23:00:00,26.2,74,0,76,2.055555555555556
2025-10-15 00:00:00,25.7,77,0,86,1.9444444444444444
2025-10-15 01:00:00,25.2,81,0,72,1.5833333333333333
2025-10-15 02:00:00,24.6,84,0,52,1.2222222222222223
2025-10-15 03:00:00,24.2,87,0,38,1.777777777777778
2025-10-15 04:00:00,23.9,89,0,45,1.3333333333333333
2025-10-15 05:00:00,24.5,85,0,52,2.0277777777777777
2025-10-15 06:00:00,24.8,84,0,61,1.8888888888888888
2025-10-15 07:00:00,26.0,79,0,61,1.6666666666666665
2025-10-15 08:00:00,27.7,70,0,80,2.388888888888889
2025-10-15 09:00:00,29.0,63,51,96,2.7777777777777777
2025-10-15 10:00:00,29.8,59,51,106,2.75
2025-10-15 11:00:00,31.7,51,51,99,2.7777777777777777
2025-10-15 12:00:00,32.0,50,1,98,2.888888888888889
2025-10-15 13:00:00,32.2,49,1,99,2.638888888888889
2025-10-15 14:00:00,32.3,48,0,93,2.1944444444444446
2025-10-15 15:00:00,32.0,48,1,86,2.305555555555556
2025-10-15 16:00:00,30.9,51,1,81,2.4722222222222223
2025-10-15 17:00:00,30.4,52,0,66,2.138888888888889
2025-10-15 18:00:00,29.7,55,0,80,2.0277777777777777
2025-10-15 19:00:00,29.2,57,0,83,1.7222222222222223
2025-10-15 20:00:00,28.3,64,0,96,1.0
2025-10-15 21:00:00,27.6,65,0,97,1.1666666666666667
2025-10-15 22:00:00,26.7,71,0,69,0.8611111111111112
2025-10-15 23:00:00,26.2,77,0,42,0.6111111111111112
2025-10-16 00:00:00,25.5,79,0,63,0.888888888888889
2025-10-16 01:00:00,25.0,81,0,41,0.9166666666666666
2025-10-16 02:00:00,24.5,84,0,353,1.1666666666666667
2025-10-16 03:00:00,24.0,88,0,5,1.25
2025-10-16 04:00:00,23.5,90,0,18,1.0
2025-10-16 05:00:00,23.9,88,0,9,1.2222222222222223
2025-10-16 06:00:00,24.4,85,0,23,1.3055555555555556
2025-10-16 07:00:00,25.9,78,0,43,1.3055555555555556
2025-10-16 08:00:00,28.0,68,0,67,1.9166666666666667
2025-10-16 09:00:00,29.7,58,0,83,2.4166666666666665
2025-10-16 10:00:00,31.0,52,0,90,2.5
2025-10-16 11:00:00,31.5,51,1,84,2.361111111111111
2025-10-16 12:00:00,31.9,48,0,84,2.0
2025-10-16 13:00:00,32.3,45,1,80,1.9444444444444444
2025-10-16 14:00:00,32.4,43,1,66,2.0833333333333335
2025-10-16 15:00:00,32.0,43,0,60,2.138888888888889
2025-10-16 16:00:00,31.4,45,0,56,2.4722222222222223
2025-10-16 17:00:00,30.5,50,1,82,1.8055555555555556
2025-10-16 18:00:00,29.7,55,0,86,1.3611111111111112
2025-10-16 19:00:00,28.9,58,0,62,1.3055555555555556
2025-10-16 20:00:00,28.1,63,0,67,1.027777777777778
2025-10-16 21:00:00,27.4,68,0,62,0.9722222222222222
2025-10-16 22:00:00,26.7,71,0,45,1.0555555555555556
2025-10-16 23:00:00,26.0,78,0,32,0.9444444444444444
2025-10-17 00:00:00,25.1,83,0,16,0.9444444444444444
2025-10-17 01:00:00,24.4,88,0,7,0.8611111111111112
2025-10-17 02:00:00,24.0,90,0,9,0.9166666666666666
2025-10-17 03:00:00,23.8,91,0,25,1.0555555555555556
2025-10-17 04:00:00,23.4,92,0,3,1.0
2025-10-17 05:00:00,24.0,83,1,315,0.3611111111111111
2025-10-17 06:00:00,24.3,86,0,258,1.2222222222222223
2025-10-17 07:00:00,25.4,80,0,194,0.8333333333333333
2025-10-17 08:00:00,27.2,70,0,15,1.5555555555555554
2025-10-17 09:00:00,29.0,60,0,63,1.972222222222222
2025-10-17 10:00:00,30.5,53,0,73,2.0833333333333335
2025-10-17 11:00:00,31.3,50,1,71,2.111111111111111
2025-10-17 12:00:00,31.7,48,1,70,2.305555555555556
2025-10-17 13:00:00,31.7,46,0,70,2.0833333333333335
2025-10-17 14:00:00,31.8,45,1,58,2.055555555555556
2025-10-17 15:00:00,31.3,46,1,52,2.361111111111111
2025-10-17 16:00:00,30.6,48,0,55,2.25
2025-10-17 17:00:00,29.6,50,0,80,1.4166666666666665
2025-10-17 18:00:00,28.5,58,0,69,0.8611111111111112
2025-10-17 19:00:00,28.1,61,0,96,0.9444444444444444
2025-10-17 20:00:00,27.7,63,0,122,1.1111111111111112
2025-10-17 21:00:00,26.8,68,0,124,1.0833333333333333
2025-10-17 22:00:00,26.6,69,0,90,0.25
2025-10-17 23:00:00,26.1,73,0,346,0.6111111111111112
2025-10-18 00:00:00,25.2,77,0,356,0.8055555555555555
2025-10-18 01:00:00,24.5,82,0,357,0.9444444444444444
2025-10-18 02:00:00,23.9,87,0,9,0.9722222222222222
2025-10-18 03:00:00,23.5,90,0,13,0.9166666666666666
2025-10-18 04:00:00,23.1,92,0,3,0.888888888888889
2025-10-18 05:00:00,23.2,91,0,360,0.888888888888889
2025-10-18 06:00:00,24.0,87,0,21,0.9722222222222222
2025-10-18 07:00:00,25.3,80,0,56,1.1388888888888888
2025-10-18 08:00:00,27.3,69,0,78,1.6944444444444442
2025-10-18 09:00:00,29.0,58,0,86,1.9444444444444444
2025-10-18 10:00:00,30.2,51,0,84,1.972222222222222
2025-10-18 11:00:00,30.9,49,0,78,1.6388888888888888
2025-10-18 12:00:00,31.6,46,1,67,1.8055555555555556
2025-10-18 13:00:00,31.3,46,51,58,2.2777777777777777
2025-10-18 14:00:00,31.2,47,51,68,2.0
2025-10-18 15:00:00,30.8,48,51,72,2.055555555555556
2025-10-18 16:00:00,30.1,52,1,60,2.388888888888889
2025-10-18 17:00:00,29.7,48,1,60,1.6944444444444442
2025-10-18 18:00:00,28.3,59,0,97,0.8055555555555555
2025-10-18 19:00:00,27.6,60,0,137,1.027777777777778
2025-10-18 20:00:00,27.3,62,0,148,0.4722222222222222
2025-10-18 21:00:00,26.9,65,0,162,0.16666666666666666
2025-10-18 22:00:00,26.4,64,0,105,0.5833333333333334
2025-10-18 23:00:00,26.2,67,0,72,0.4722222222222222
2025-10-19 00:00:00,24.6,74,0,338,0.8055555555555555
2025-10-19 01:00:00,23.5,84,0,332,0.9722222222222222
2025-10-19 02:00:00,22.7,89,0,43,0.888888888888889
2025-10-19 03:00:00,22.5,90,0,45,1.1388888888888888
2025-10-19 04:00:00,22.1,91,0,11,1.0555555555555556
2025-10-19 05:00:00,22.8,81,0,42,1.5
2025-10-19 06:00:00,23.2,76,0,35,1.5833333333333333
2025-10-19 07:00:00,24.3,71,0,32,1.5833333333333333
2025-10-19 08:00:00,26.4,61,0,49,1.9166666666666667
2025-10-19 09:00:00,28.4,52,0,74,2.138888888888889
2025-10-19 10:00:00,29.9,44,0,78,2.111111111111111
2025-10-19 11:00:00,31.1,41,0,71,2.3333333333333335
2025-10-19 12:00:00,31.4,40,0,62,2.4722222222222223
2025-10-19 13:00:00,31.6,40,0,56,2.6666666666666665
2025-10-19 14:00:00,31.4,42,0,40,2.611111111111111
2025-10-19 15:00:00,31.3,42,0,29,2.055555555555556
2025-10-19 16:00:00,30.9,42,0,54,1.3611111111111112
2025-10-19 17:00:00,30.0,44,0,83,1.25
2025-10-19 18:00:00,28.6,49,0,123,2.4444444444444446
2025-10-19 19:00:00,27.8,50,0,108,2.055555555555556
2025-10-19 20:00:00,27.3,52,0,94,1.611111111111111
2025-10-19 21:00:00,26.4,60,0,56,0.7222222222222222
2025-10-19 22:00:00,25.6,61,0,27,1.5277777777777777
2025-10-19 23:00:00,24.7,69,0,23,1.4166666666666665
2025-10-20 00:00:00,23.6,76,0,21,1.2222222222222223
2025-10-20 01:00:00,23.2,76,0,353,1.611111111111111
2025-10-20 02:00:00,22.4,78,0,353,1.3055555555555556
2025-10-20 03:00:00,22.3,76,0,357,1.6944444444444442
2025-10-20 04:00:00,21.9,76,0,2,1.6388888888888888
2025-10-20 05:00:00,22.0,75,0,1,2.055555555555556
2025-10-20 06:00:00,22.3,72,0,359,2.0
2025-10-20 07:00:00,23.7,68,0,357,1.8611111111111112
2025-10-20 08:00:00,26.3,58,0,12,1.7222222222222223
2025-10-20 09:00:00,28.6,49,0,44,1.8055555555555556
2025-10-20 10:00:00,30.1,44,0,74,3.0277777777777777
2025-10-20 11:00:00,31.4,42,0,63,3.194444444444444
2025-10-20 12:00:00,31.5,43,0,61,3.2499999999999996
2025-10-20 13:00:00,31.8,42,0,54,3.5833333333333335
2025-10-20 14:00:00,31.6,42,0,58,3.7777777777777777
2025-10-20 15:00:00,31.3,44,0,60,3.9166666666666665
2025-10-20 16:00:00,30.4,48,0,70,4.0
2025-10-20 17:00:00,29.9,52,1,76,2.944444444444444
2025-10-20 18:00:00,28.5,63,0,94,3.194444444444444
2025-10-20 19:00:00,27.7,68,0,92,2.75
2025-10-20 20:00:00,27.0,70,0,98,2.888888888888889
2025-10-20 21:00:00,26.5,71,0,86,2.361111111111111
2025-10-20 22:00:00,26.0,73,0,70,2.1944444444444446
2025-10-20 23:00:00,25.8,79,0,72,2.305555555555556
2025-10-21 00:00:00,25.6,82,0,79,2.138888888888889
2025-10-21 01:00:00,25.3,85,0,63,2.111111111111111
2025-10-21 02:00:00,24.9,87,0,44,2.1666666666666665
2025-10-21 03:00:00,24.7,88,0,40,2.2222222222222223
2025-10-21 04:00:00,24.3,89,0,47,2.055555555555556
2025-10-21 05:00:00,24.3,89,0,30,2.0277777777777777
2025-10-21 06:00:00,24.6,87,0,37,2.0
2025-10-21 07:00:00,25.9,81,0,48,2.0833333333333335
2025-10-21 08:00:00,27.7,72,0,66,3.2777777777777777
2025-10-21 09:00:00,29.2,64,0,77,3.6944444444444446
2025-10-21 10:00:00,30.4,57,0,84,3.8333333333333335
2025-10-21 11:00:00,31.1,55,1,83,3.7777777777777777
2025-10-21 12:00:00,31.7,52,0,87,3.4444444444444446
2025-10-21 13:00:00,32.0,51,1,87,3.3055555555555554
2025-10-21 14:00:00,32.0,51,2,88,3.4444444444444446
2025-10-21 15:00:00,29.2,59,53,78,3.4722222222222223
2025-10-21 16:00:00,30.0,58,1,46,2.361111111111111
2025-10-21 17:00:00,29.5,56,1,66,2.611111111111111
2025-10-21 18:00:00,28.9,59,2,77,2.0
2025-10-21 19:00:00,28.6,61,3,70,1.9166666666666667
2025-10-21 20:00:00,28.2,64,2,69,2.944444444444444
2025-10-21 21:00:00,27.4,66,0,73,3.083333333333333
2025-10-21 22:00:00,26.7,70,0,71,2.4444444444444446
2025-10-21 23:00:00,26.5,75,1,68,2.1666666666666665
2025-10-22 00:00:00,26.1,77,3,62,2.0277777777777777
2025-10-22 01:00:00,25.8,79,3,60,2.0833333333333335
2025-10-22 02:00:00,25.4,81,3,54,1.972222222222222
2025-10-22 03:00:00,25.1,83,3,50,1.9444444444444444
2025-10-22 04:00:00,24.7,84,2,46,1.8055555555555556
2025-10-22 05:00:00,24.8,84,0,50,2.4166666666666665
2025-10-22 06:00:00,24.9,83,0,50,2.2222222222222223
2025-10-22 07:00:00,26.1,77,0,55,2.3333333333333335
2025-10-22 08:00:00,28.0,68,0,71,3.1111111111111107
2025-10-22 09:00:00,29.7,60,0,82,3.3888888888888884
2025-10-22 10:00:00,31.0,53,0,90,3.3888888888888884
2025-10-22 11:00:00,32.1,49,0,91,3.194444444444444
2025-10-22 12:00:00,32.6,47,1,87,3.0555555555555554
2025-10-22 13:00:00,32.8,46,1,85,3.0555555555555554
2025-10-22 14:00:00,32.6,47,51,79,2.888888888888889
2025-10-22 15:00:00,32.6,47,0,77,2.9166666666666665
2025-10-22 16:00:00,31.6,49,51,77,3.333333333333333
2025-10-22 17:00:00,31.3,45,51,84,2.8055555555555554
2025-10-22 18:00:00,30.4,49,0,77,2.25
2025-10-22 19:00:00,29.6,54,0,77,2.25
2025-10-22 20:00:00,28.8,59,0,74,1.8611111111111112
2025-10-22 21:00:00,28.1,63,1,84,2.055555555555556
2025-10-22 22:00:00,27.5,66,0,91,2.638888888888889
2025-10-22 23:00:00,27.0,68,1,87,2.694444444444444
2025-10-23 00:00:00,26.6,69,2,85,2.305555555555556
2025-10-23 01:00:00,26.1,70,2,74,1.972222222222222
2025-10-23 02:00:00,25.7,72,1,63,1.8611111111111112
2025-10-23 03:00:00,25.3,73,0,67,2.055555555555556
2025-10-23 04:00:00,24.8,75,0,66,1.8611111111111112
2025-10-23 05:00:00,24.9,77,0,50,1.8888888888888888
2025-10-23 06:00:00,25.1,76,0,42,1.8055555555555556
2025-10-23 07:00:00,26.2,71,0,38,1.777777777777778
2025-10-23 08:00:00,28.0,63,0,56,2.2222222222222223
2025-10-23 09:00:00,29.7,56,0,77,2.5833333333333335
2025-10-23 10:00:00,31.1,51,0,91,2.75
2025-10-23 11:00:00,32.2,48,0,84,2.305555555555556
2025-10-23 12:00:00,32.8,46,0,83,2.611111111111111
2025-10-23 13:00:00,32.9,46,1,89,2.861111111111111
2025-10-23 14:00:00,32.8,46,1,81,2.944444444444444
2025-10-23 15:00:00,32.2,49,2,73,3.194444444444444
2025-10-23 16:00:00,31.5,50,2,68,3.416666666666667
2025-10-23 17:00:00,31.0,51,2,72,3.0
2025-10-23 18:00:00,30.2,55,0,80,2.5
2025-10-23 19:00:00,29.6,58,0,82,1.8055555555555556
2025-10-23 20:00:00,29.1,61,0,98,1.8055555555555556
2025-10-23 21:00:00,28.5,63,0,93,2.055555555555556
2025-10-23 22:00:00,27.9,66,0,100,2.5
2025-10-23 23:00:00,27.5,68,1,94,2.4444444444444446
2025-10-24 00:00:00,26.9,70,0,80,2.0833333333333335
2025-10-24 01:00:00,26.4,71,0,66,2.25
2025-10-24 02:00:00,25.9,71,0,67,2.2777777777777777
2025-10-24 03:00:00,25.4,73,0,71,2.2777777777777777
2025-10-24 04:00:00,24.9,74,0,73,2.1944444444444446
2025-10-24 05:00:00,24.8,77,0,72,2.111111111111111
2025-10-24 06:00:00,25.0,77,0,69,1.5555555555555554
2025-10-24 07:00:00,26.0,72,0,74,1.6666666666666665
2025-10-24 08:00:00,27.8,65,0,85,1.8611111111111112
2025-10-24 09:00:00,29.5,58,0,93,2.5555555555555554
2025-10-24 10:00:00,30.8,53,0,99,2.888888888888889
2025-10-24 11:00:00,31.3,52,1,106,3.1111111111111107
2025-10-24 12:00:00,31.6,52,51,101,2.694444444444444
2025-10-24 13:00:00,32.4,50,51,104,2.4166666666666665
2025-10-24 14:00:00,28.0,64,53,171,4.555555555555555
2025-10-24 15:00:00,26.3,74,53,104,1.8055555555555556
2025-10-24 16:00:00,27.3,68,51,109,1.972222222222222
2025-10-24 17:00:00,28.0,66,3,107,2.0277777777777777
2025-10-24 18:00:00,28.1,68,3,129,1.6666666666666665
2025-10-24 19:00:00,27.8,71,3,135,1.472222222222222
2025-10-24 20:00:00,27.4,70,3,142,2.6666666666666665
2025-10-24 21:00:00,26.6,75,3,146,2.305555555555556
2025-10-24 22:00:00,26.3,78,3,118,1.472222222222222
2025-10-24 23:00:00,26.2,79,2,105,1.3888888888888888
2025-10-25 00:00:00,25.7,83,1,117,1.5277777777777777
2025-10-25 01:00:00,25.2,87,3,129,1.611111111111111
2025-10-25 02:00:00,25.3,85,3,139,1.4444444444444444
2025-10-25 03:00:00,24.9,87,3,122,0.6388888888888888
2025-10-25 04:00:00,24.6,88,51,166,0.6111111111111112
2025-10-25 05:00:00,24.3,94,53,186,1.3611111111111112
2025-10-25 06:00:00,24.5,88,3,206,1.2777777777777777
2025-10-25 07:00:00,24.2,88,55,186,2.361111111111111
2025-10-25 08:00:00,23.9,89,63,202,1.777777777777778
2025-10-25 09:00:00,24.0,89,53,215,0.9722222222222222
2025-10-25 10:00:00,24.9,86,55,330,1.2222222222222223
2025-10-25 11:00:00,24.9,91,53,336,1.1944444444444444
2025-10-25 12:00:00,25.7,84,51,345,1.9166666666666667
2025-10-25 13:00:00,26.5,78,2,350,2.638888888888889
2025-10-25 14:00:00,27.4,73,1,359,2.388888888888889
2025-10-25 15:00:00,28.6,65,3,43,2.25
2025-10-25 16:00:00,27.2,69,3,82,3.222222222222222
2025-10-25 17:00:00,25.5,81,1,25,1.1666666666666667
2025-10-25 18:00:00,24.8,87,3,8,0.75
2025-10-25 19:00:00,24.9,88,2,20,1.0
2025-10-25 20:00:00,24.4,92,3,353,0.8611111111111112
2025-10-25 21:00:00,24.5,92,3,4,0.8055555555555555
2025-10-25 22:00:00,24.3,94,3,328,0.75
2025-10-25 23:00:00,23.7,90,51,84,1.4166666666666665
2025-10-26 00:00:00,23.6,85,51,82,2.5277777777777777
2025-10-26 01:00:00,23.1,88,53,55,2.3333333333333335
2025-10-26 02:00:00,22.7,89,51,47,2.4722222222222223
2025-10-26 03:00:00,22.4,88,3,54,2.638888888888889
2025-10-26 04:00:00,22.1,88,3,44,2.0833333333333335
2025-10-26 05:00:00,21.9,87,3,49,2.2777777777777777
2025-10-26 06:00:00,21.8,87,3,44,2.2222222222222223
2025-10-26 07:00:00,22.5,85,1,39,1.8055555555555556
2025-10-26 08:00:00,24.0,79,1,46,2.1666666666666665
2025-10-26 09:00:00,25.8,75,2,83,2.7777777777777777
2025-10-26 10:00:00,27.3,70,3,96,2.861111111111111
2025-10-26 11:00:00,27.4,69,3,102,2.5555555555555554
2025-10-26 12:00:00,28.1,69,3,92,1.8611111111111112
2025-10-26 13:00:00,28.2,68,3,81,1.5277777777777777
2025-10-26 14:00:00,28.2,68,3,76,1.8055555555555556
2025-10-26 15:00:00,26.7,75,51,81,2.6666666666666665
2025-10-26 16:00:00,26.6,77,51,65,2.3333333333333335
2025-10-26 17:00:00,25.7,88,3,6,1.5555555555555554
2025-10-26 18:00:00,25.4,87,3,40,2.4722222222222223
2025-10-26 19:00:00,24.8,89,2,37,2.138888888888889
2025-10-26 20:00:00,24.3,89,1,49,2.2777777777777777
2025-10-26 21:00:00,23.7,91,0,46,1.8611111111111112
2025-10-26 22:00:00,23.3,94,0,51,2.1944444444444446
2025-10-26 23:00:00,23.2,95,0,60,2.0833333333333335
2025-10-27 00:00:00,23.0,96,1,58,2.0
2025-10-27 01:00:00,22.8,96,0,57,2.0277777777777777
2025-10-27 02:00:00,22.6,96,0,60,1.9166666666666667
2025-10-27 03:00:00,22.4,95,0,52,1.777777777777778
2025-10-27 04:00:00,22.3,96,0,36,1.5277777777777777
2025-10-27 05:00:00,22.2,96,1,40,1.6388888888888888
2025-10-27 06:00:00,22.2,96,0,40,1.6944444444444442
2025-10-27 07:00:00,23.6,91,1,62,1.8055555555555556
2025-10-27 08:00:00,25.5,83,2,83,2.4166666666666665
2025-10-27 09:00:00,27.2,76,3,89,2.694444444444444
2025-10-27 10:00:00,28.7,70,1,107,3.194444444444444
2025-10-27 11:00:00,29.2,64,51,117,3.194444444444444
2025-10-27 12:00:00,30.5,59,3,115,2.75
2025-10-27 13:00:00,31.0,57,3,117,2.75
2025-10-27 14:00:00,30.6,56,3,113,2.888888888888889
2025-10-27 15:00:00,30.3,56,3,108,2.611111111111111
2025-10-27 16:00:00,29.8,60,3,93,3.0
2025-10-27 17:00:00,27.5,72,3,63,1.2222222222222223
2025-10-27 18:00:00,26.7,77,3,71,1.5277777777777777
2025-10-27 19:00:00,26.1,79,3,76,1.4444444444444444
2025-10-27 20:00:00,25.5,80,3,73,1.5555555555555554
2025-10-27 21:00:00,25.0,81,0,69,1.6666666666666665
2025-10-27 22:00:00,24.9,78,1,71,2.4444444444444446
2025-10-27 23:00:00,24.5,82,3,74,2.305555555555556
2025-10-28 00:00:00,24.6,82,3,69,2.25
2025-10-28 01:00:00,24.4,83,3,58,2.1666666666666665
2025-10-28 02:00:00,24.1,85,3,48,2.0277777777777777
2025-10-28 03:00:00,24.0,86,3,46,2.1666666666666665
2025-10-28 04:00:00,23.7,89,51,54,2.361111111111111
2025-10-28 05:00:00,23.7,88,3,42,2.2222222222222223
2025-10-28 06:00:00,24.0,88,51,29,2.75
2025-10-28 07:00:00,24.5,88,51,34,2.6666666666666665
2025-10-28 08:00:00,25.5,84,3,47,2.5
2025-10-28 09:00:00,26.4,80,3,56,3.0555555555555554
2025-10-28 10:00:00,27.7,74,3,62,4.194444444444445
2025-10-28 11:00:00,28.6,69,3,64,4.444444444444445
2025-10-28 12:00:00,29.5,66,2,69,4.166666666666667
2025-10-28 13:00:00,29.9,65,51,60,5.055555555555555
2025-10-28 14:00:00,30.3,58,3,60,5.722222222222222
2025-10-28 15:00:00,29.7,59,3,58,5.361111111111112
2025-10-28 16:00:00,28.6,65,3,64,4.388888888888889
2025-10-28 17:00:00,27.3,72,3,57,2.9166666666666665
2025-10-28 18:00:00,27.0,75,3,40,3.333333333333333
2025-10-28 19:00:00,26.7,75,3,33,3.8055555555555554
2025-10-28 20:00:00,26.4,75,3,35,3.6666666666666665
2025-10-28 21:00:00,26.1,77,3,46,3.7777777777777777
2025-10-28 22:00:00,26.0,76,3,53,3.9166666666666665
2025-10-28 23:00:00,26.1,77,2,54,4.0
2025-10-29 00:00:00,25.9,77,3,49,4.111111111111112
2025-10-29 01:00:00,25.5,79,3,45,4.305555555555555
2025-10-29 02:00:00,25.2,80,3,43,4.083333333333333
2025-10-29 03:00:00,24.9,81,3,42,4.25
2025-10-29 04:00:00,25.0,79,3,45,4.361111111111111
2025-10-29 05:00:00,24.9,82,3,40,4.388888888888889
2025-10-29 06:00:00,23.8,91,61,35,5.138888888888888
2025-10-29 07:00:00,23.4,96,63,32,3.638888888888889
2025-10-29 08:00:00,24.2,92,63,38,4.194444444444445
2025-10-29 09:00:00,25.6,86,51,53,3.888888888888889
2025-10-29 10:00:00,26.3,81,51,52,5.222222222222222
2025-10-29 11:00:00,27.2,74,51,59,5.833333333333333
2025-10-29 12:00:00,29.2,68,51,53,5.222222222222222
2025-10-29 13:00:00,29.5,66,51,55,5.75
2025-10-29 14:00:00,29.4,65,51,55,5.305555555555556
2025-10-29 15:00:00,29.0,66,3,45,5.055555555555555
2025-10-29 16:00:00,28.4,70,3,41,4.611111111111112
2025-10-29 17:00:00,27.5,73,3,39,4.083333333333333
2025-10-29 18:00:00,27.2,74,3,38,4.361111111111111
2025-10-29 19:00:00,26.8,78,3,34,4.611111111111112
2025-10-29 20:00:00,25.0,87,61,53,5.027777777777778
2025-10-29 21:00:00,24.4,92,53,31,4.611111111111112
2025-10-29 22:00:00,24.2,93,53,42,3.8333333333333335
2025-10-29 23:00:00,23.6,95,63,46,4.305555555555555
2025-10-30 00:00:00,23.7,95,53,49,4.527777777777778
2025-10-30 01:00:00,23.7,94,61,46,4.833333333333333
2025-10-30 02:00:00,23.6,94,51,48,4.888888888888889
2025-10-30 03:00:00,23.8,93,51,50,4.833333333333333
2025-10-30 04:00:00,23.7,91,53,48,4.805555555555555
2025-10-30 05:00:00,23.3,94,51,63,3.4722222222222223
2025-10-30 06:00:00,23.4,95,55,54,3.333333333333333
2025-10-30 07:00:00,23.5,96,61,44,3.0277777777777777
2025-10-30 08:00:00,23.7,95,61,50,3.7777777777777777
2025-10-30 09:00:00,24.2,91,53,41,3.7777777777777777
2025-10-30 10:00:00,25.1,84,51,47,3.7222222222222223
2025-10-30 11:00:00,25.7,78,51,55,1.9444444444444444
2025-10-30 12:00:00,26.4,75,51,312,1.3333333333333333
2025-10-30 13:00:00,26.6,75,3,307,1.9166666666666667
2025-10-30 14:00:00,26.4,77,3,294,2.361111111111111
2025-10-30 15:00:00,26.3,77,3,297,2.111111111111111
2025-10-30 16:00:00,26.9,75,3,295,1.777777777777778
2025-10-30 17:00:00,26.5,80,3,246,1.8055555555555556
2025-10-30 18:00:00,25.9,83,2,252,2.25
2025-10-30 19:00:00,25.4,86,3,256,1.6388888888888888
2025-10-30 20:00:00,24.8,88,1,240,2.138888888888889
2025-10-30 21:00:00,24.5,90,1,226,2.833333333333333
2025-10-30 22:00:00,24.1,93,1,233,2.75
2025-10-30 23:00:00,24.0,94,1,242,2.361111111111111
2025-10-31 00:00:00,23.8,95,51,246,2.611111111111111
2025-10-31 01:00:00,23.5,96,0,252,2.0
2025-10-31 02:00:00,23.4,96,1,253,1.9166666666666667
2025-10-31 03:00:00,23.3,96,1,249,2.138888888888889
2025-10-31 04:00:00,23.2,96,3,264,1.972222222222222
2025-10-31 05:00:00,23.5,96,1,281,1.8333333333333333
2025-10-31 06:00:00,23.5,96,1,276,1.4444444444444444
2025-10-31 07:00:00,24.6,91,1,263,1.1666666666666667
2025-10-31 08:00:00,26.1,83,1,282,1.4444444444444444
2025-10-31 09:00:00,27.2,76,51,252,1.6388888888888888
2025-10-31 10:00:00,28.0,72,51,232,2.7777777777777777
2025-10-31 11:00:00,28.4,71,51,232,3.611111111111111
2025-10-31 12:00:00,29.1,67,51,242,3.6944444444444446
2025-10-31 13:00:00,29.4,64,51,244,3.7777777777777777
2025-10-31 14:00:00,29.7,62,3,255,3.8333333333333335
2025-10-31 15:00:00,29.4,63,51,268,3.3611111111111107
2025-10-31 16:00:00,28.6,68,51,303,2.1944444444444446
2025-10-31 17:00:00,26.5,81,3,348,2.1944444444444446
2025-10-31 18:00:00,25.6,86,3,330,2.0277777777777777
2025-10-31 19:00:00,25.3,87,3,314,1.8055555555555556
2025-10-31 20:00:00,24.7,90,2,321,1.1111111111111112
2025-10-31 21:00:00,24.2,93,0,328,1.1111111111111112
2025-10-31 22:00:00,24.0,94,2,335,1.3333333333333333
2025-10-31 23:00:00,23.7,95,0,337,1.25
2025-11-01 00:00:00,23.2,97,0,338,1.1944444444444444
2025-11-01 01:00:00,23.0,97,0,342,1.2777777777777777
2025-11-01 02:00:00,22.8,98,0,351,1.3055555555555556
2025-11-01 03:00:00,22.5,98,0,352,1.1111111111111112
2025-11-01 04:00:00,22.1,98,0,338,1.0833333333333333
2025-11-01 05:00:00,22.5,99,3,348,1.6388888888888888
2025-11-01 06:00:00,22.6,98,0,354,1.5555555555555554
2025-11-01 07:00:00,23.8,93,0,6,0.9166666666666666
2025-11-01 08:00:00,25.7,86,0,27,0.5555555555555556
2025-11-01 09:00:00,27.5,77,0,148,0.4722222222222222
2025-11-01 10:00:00,28.9,69,0,198,0.9444444444444444
2025-11-01 11:00:00,29.6,61,0,225,1.4166666666666665
2025-11-01 12:00:00,30.6,55,0,233,1.0833333333333333
2025-11-01 13:00:00,31.0,53,0,270,0.8611111111111112
2025-11-01 14:00:00,31.2,52,0,298,1.0833333333333333
2025-11-01 15:00:00,31.0,52,0,322,1.1388888888888888
2025-11-01 16:00:00,30.4,57,0,358,1.1388888888888888
2025-11-01 17:00:00,28.3,71,0,159,0.9722222222222222
2025-11-01 18:00:00,27.1,76,0,183,1.1111111111111112
2025-11-01 19:00:00,26.3,78,0,239,1.1666666666666667
2025-11-01 20:00:00,25.8,81,0,259,1.5833333333333333
2025-11-01 21:00:00,25.3,83,0,303,1.5555555555555554
2025-11-01 22:00:00,25.0,85,1,9,1.8611111111111112
2025-11-01 23:00:00,25.3,84,1,57,1.7222222222222223
2025-11-02 00:00:00,25.2,84,0,71,1.5277777777777777
2025-11-02 01:00:00,24.5,88,1,52,1.1388888888888888
2025-11-02 02:00:00,24.1,90,0,57,0.8333333333333333
2025-11-02 03:00:00,23.6,91,1,8,0.6944444444444444
2025-11-02 04:00:00,23.3,93,0,351,0.9722222222222222
2025-11-02 05:00:00,23.4,97,0,354,0.9166666666666666
2025-11-02 06:00:00,23.7,96,0,288,0.4722222222222222
2025-11-02 07:00:00,24.9,90,0,311,0.4722222222222222
2025-11-02 08:00:00,26.5,83,0,360,0.19444444444444442
2025-11-02 09:00:00,28.1,75,0,162,0.16666666666666666
2025-11-02 10:00:00,29.2,70,0,225,0.3611111111111111
2025-11-02 11:00:00,29.4,68,51,280,0.8611111111111112
2025-11-02 12:00:00,30.2,62,3,324,1.1111111111111112
2025-11-02 13:00:00,29.3,65,51,277,2.3333333333333335
2025-11-02 14:00:00,28.7,68,51,336,1.6944444444444442
2025-11-02 15:00:00,29.1,67,51,353,1.25
2025-11-02 16:00:00,28.7,69,0,303,1.1944444444444444
2025-11-02 17:00:00,27.5,81,1,229,0.4722222222222222
2025-11-02 18:00:00,26.4,85,1,260,0.8611111111111112
2025-11-02 19:00:00,25.7,90,0,254,0.888888888888889
2025-11-02 20:00:00,25.4,92,1,289,1.2222222222222223
2025-11-02 21:00:00,25.0,91,0,307,1.0
2025-11-02 22:00:00,24.5,92,0,292,1.3333333333333333
2025-11-02 23:00:00,24.3,92,0,310,1.6388888888888888
2025-11-03 00:00:00,24.0,93,1,296,1.5
2025-11-03 01:00:00,23.6,95,1,302,1.5277777777777777
2025-11-03 02:00:00,23.4,96,2,322,1.8611111111111112
2025-11-03 03:00:00,23.1,95,0,325,2.0833333333333335
2025-11-03 04:00:00,22.9,94,0,324,2.2222222222222223
2025-11-03 05:00:00,23.1,95,0,322,2.111111111111111
2025-11-03 06:00:00,23.4,94,0,319,1.7222222222222223
2025-11-03 07:00:00,24.5,90,0,305,1.75
2025-11-03 08:00:00,26.4,81,0,312,2.2222222222222223
2025-11-03 09:00:00,28.1,73,0,321,2.305555555555556
2025-11-03 10:00:00,29.2,64,0,326,2.111111111111111
2025-11-03 11:00:00,29.7,61,51,313,1.9166666666666667
2025-11-03 12:00:00,30.2,58,51,320,2.3333333333333335
2025-11-03 13:00:00,30.2,58,51,322,2.9166666666666665
2025-11-03 14:00:00,30.1,58,0,320,2.5833333333333335
2025-11-03 15:00:00,30.1,59,0,310,2.2777777777777777
2025-11-03 16:00:00,29.1,65,53,302,2.2777777777777777
2025-11-03 17:00:00,27.8,69,1,285,2.1666666666666665
2025-11-03 18:00:00,27.1,71,0,282,2.361111111111111
2025-11-03 19:00:00,26.3,74,0,280,2.0277777777777777
2025-11-03 20:00:00,25.8,76,0,281,2.388888888888889
2025-11-03 21:00:00,25.4,78,0,307,2.1666666666666665
2025-11-03 22:00:00,24.9,80,0,319,2.1944444444444446
2025-11-03 23:00:00,24.3,86,0,331,1.8888888888888888
2025-11-04 00:00:00,24.0,87,0,336,1.972222222222222
2025-11-04 01:00:00,23.5,89,0,321,1.8055555555555556
2025-11-04 02:00:00,23.0,90,0,316,1.5277777777777777
2025-11-04 03:00:00,22.7,91,0,319,1.5277777777777777
2025-11-04 04:00:00,22.4,92,0,332,1.472222222222222
2025-11-04 05:00:00,22.3,88,0,318,1.9444444444444444
2025-11-04 06:00:00,22.8,86,1,328,2.055555555555556
2025-11-04 07:00:00,24.1,83,3,314,2.0277777777777777
2025-11-04 08:00:00,25.6,79,51,299,1.8333333333333333
2025-11-04 09:00:00,27.5,73,3,321,1.8055555555555556
2025-11-04 10:00:00,28.7,66,51,318,1.4166666666666665
2025-11-04 11:00:00,29.0,61,51,293,1.3055555555555556
2025-11-04 12:00:00,30.0,57,3,290,1.1666666666666667
2025-11-04 13:00:00,30.3,55,3,297,1.4444444444444444
2025-11-04 14:00:00,30.1,56,1,295,1.777777777777778
2025-11-04 15:00:00,30.2,54,0,305,1.9444444444444444
2025-11-04 16:00:00,29.7,56,0,293,1.8055555555555556
2025-11-04 17:00:00,27.3,73,1,180,1.0
2025-11-04 18:00:00,26.8,75,0,194,0.19444444444444442
2025-11-04 19:00:00,25.8,79,0,17,0.5277777777777778
2025-11-04 20:00:00,24.9,86,1,41,0.9166666666666666
2025-11-04 21:00:00,24.1,90,0,54,1.1111111111111112
2025-11-04 22:00:00,23.8,89,0,54,0.41666666666666663
2025-11-04 23:00:00,23.3,95,0,337,0.6388888888888888
2025-11-05 00:00:00,22.5,98,0,298,0.9722222222222222
2025-11-05 01:00:00,22.5,96,0,290,1.5
2025-11-05 02:00:00,22.1,93,0,305,1.75
2025-11-05 03:00:00,21.6,90,2,324,2.2222222222222223
2025-11-05 04:00:00,21.2,89,3,333,2.638888888888889
2025-11-05 05:00:00,21.3,85,1,333,3.138888888888889
2025-11-05 06:00:00,21.8,80,2,333,2.8055555555555554
2025-11-05 07:00:00,22.9,78,2,328,2.7222222222222223
2025-11-05 08:00:00,24.9,70,2,330,2.7222222222222223
2025-11-05 09:00:00,26.5,65,3,343,2.833333333333333
2025-11-05 10:00:00,27.9,60,3,348,2.5555555555555554
2025-11-05 11:00:00,29.0,51,3,332,1.9166666666666667
2025-11-05 12:00:00,29.5,47,3,315,1.777777777777778
2025-11-05 13:00:00,29.9,46,3,306,1.8611111111111112
2025-11-05 14:00:00,30.0,45,3,317,2.111111111111111
2025-11-05 15:00:00,29.9,44,3,311,2.305555555555556
2025-11-05 16:00:00,28.9,52,1,287,1.5277777777777777
2025-11-05 17:00:00,27.1,63,1,249,1.1111111111111112
2025-11-05 18:00:00,25.6,65,3,259,1.2777777777777777
2025-11-05 19:00:00,25.8,62,3,263,1.9166666666666667
2025-11-05 20:00:00,25.6,62,3,296,2.4444444444444446
2025-11-05 21:00:00,24.9,65,2,312,2.3333333333333335
2025-11-05 22:00:00,23.7,70,0,312,2.3333333333333335
2025-11-05 23:00:00,23.3,74,0,311,2.5277777777777777
2025-11-06 00:00:00,23.0,77,0,321,2.7777777777777777
2025-11-06 01:00:00,22.7,77,0,329,3.555555555555556
2025-11-06 02:00:00,22.4,77,0,331,3.888888888888889
2025-11-06 03:00:00,22.1,77,0,333,3.861111111111111
2025-11-06 04:00:00,21.9,77,0,338,3.7222222222222223
2025-11-06 05:00:00,21.4,80,1,337,2.611111111111111
2025-11-06 06:00:00,21.6,79,1,332,2.25
2025-11-06 07:00:00,22.9,77,0,311,2.5277777777777777
2025-11-06 08:00:00,25.0,70,0,342,2.361111111111111
2025-11-06 09:00:00,27.1,62,0,8,2.7222222222222223
2025-11-06 10:00:00,28.8,54,1,25,3.194444444444444
2025-11-06 11:00:00,29.4,49,3,27,2.8055555555555554
2025-11-06 12:00:00,30.3,46,1,23,2.3333333333333335
2025-11-06 13:00:00,30.6,43,1,9,1.9166666666666667
2025-11-06 14:00:00,30.5,42,1,355,1.8611111111111112
2025-11-06 15:00:00,30.3,41,1,343,1.8333333333333333
2025-11-06 16:00:00,29.3,49,0,331,1.027777777777778
2025-11-06 17:00:00,26.5,58,0,314,1.4444444444444444
2025-11-06 18:00:00,25.2,57,0,330,1.6944444444444442
2025-11-06 19:00:00,24.6,57,0,339,1.9444444444444444
2025-11-06 20:00:00,24.3,56,0,317,4.0
2025-11-06 21:00:00,23.8,52,1,339,3.6944444444444446
2025-11-06 22:00:00,22.5,57,0,353,2.9166666666666665
2025-11-06 23:00:00,21.4,63,0,341,2.5833333333333335
2025-11-07 00:00:00,20.8,65,0,331,2.694444444444444
2025-11-07 01:00:00,20.1,67,0,333,2.5833333333333335
2025-11-07 02:00:00,19.5,68,0,339,2.75
2025-11-07 03:00:00,19.0,69,0,336,2.694444444444444
2025-11-07 04:00:00,18.5,69,0,327,2.5555555555555554
2025-11-07 05:00:00,18.2,71,0,339,2.0833333333333335
2025-11-07 06:00:00,18.3,70,0,347,2.055555555555556
2025-11-07 07:00:00,19.4,70,0,351,2.4444444444444446
2025-11-07 08:00:00,21.6,63,0,353,1.75
2025-11-07 09:00:00,24.0,55,0,9,1.972222222222222
2025-11-07 10:00:00,26.2,51,0,14,1.8611111111111112
2025-11-07 11:00:00,28.1,43,0,36,1.777777777777778
2025-11-07 12:00:00,29.3,36,0,35,1.2222222222222223
2025-11-07 13:00:00,29.5,35,0,2,1.1388888888888888
2025-11-07 14:00:00,29.5,35,0,351,1.5277777777777777
2025-11-07 15:00:00,29.1,35,0,345,1.75
2025-11-07 16:00:00,27.9,44,0,344,1.0833333333333333
2025-11-07 17:00:00,26.0,52,0,319,0.5277777777777778
2025-11-07 18:00:00,24.9,52,0,285,0.5833333333333334
2025-11-07 19:00:00,24.6,50,0,207,0.3333333333333333
2025-11-07 20:00:00,23.7,49,0,143,0.25
2025-11-07 21:00:00,22.1,60,0,77,0.6666666666666666
2025-11-07 22:00:00,21.0,68,0,353,2.3333333333333335
2025-11-07 23:00:00,19.9,71,0,335,1.6666666666666665
2025-11-08 00:00:00,18.8,80,0,339,1.5
2025-11-08 01:00:00,18.8,79,0,350,1.7222222222222223
2025-11-08 02:00:00,18.7,77,0,347,2.055555555555556
2025-11-08 03:00:00,18.1,78,0,336,1.972222222222222
2025-11-08 04:00:00,17.5,81,0,329,1.8611111111111112
2025-11-08 05:00:00,17.3,83,0,335,1.777777777777778
2025-11-08 06:00:00,17.2,83,0,343,1.3611111111111112
2025-11-08 07:00:00,18.9,78,0,345,1.75
2025-11-08 08:00:00,21.5,66,0,354,1.5555555555555554
2025-11-08 09:00:00,23.8,58,0,9,1.5833333333333333
2025-11-08 10:00:00,25.8,51,0,23,1.6388888888888888
2025-11-08 11:00:00,27.3,42,0,20,1.611111111111111
2025-11-08 12:00:00,28.2,38,0,356,1.611111111111111
2025-11-08 13:00:00,28.5,36,0,351,1.611111111111111
2025-11-08 14:00:00,28.6,34,0,351,1.5833333333333333
2025-11-08 15:00:00,28.3,34,0,358,1.4444444444444444
2025-11-08 16:00:00,27.3,46,0,17,0.6666666666666666
2025-11-08 17:00:00,25.6,52,0,72,0.16666666666666666
2025-11-08 18:00:00,24.3,49,0,157,0.38888888888888884
2025-11-08 19:00:00,23.2,54,0,152,0.75
2025-11-08 20:00:00,22.1,60,0,72,1.4166666666666665
2025-11-08 21:00:00,21.0,67,0,352,1.5
2025-11-08 22:00:00,20.3,72,0,3,2.111111111111111
2025-11-08 23:00:00,19.7,73,0,6,1.972222222222222
2025-11-09 00:00:00,18.8,70,0,7,2.111111111111111
2025-11-09 01:00:00,18.0,70,0,359,2.055555555555556
2025-11-09 02:00:00,17.1,72,0,347,1.8333333333333333
2025-11-09 03:00:00,16.4,75,0,340,1.75
2025-11-09 04:00:00,15.8,76,0,340,1.8611111111111112
2025-11-09 05:00:00,15.6,78,0,340,2.0277777777777777
2025-11-09 06:00:00,15.5,78,0,343,1.8888888888888888
2025-11-09 07:00:00,16.9,76,0,339,2.1944444444444446
2025-11-09 08:00:00,19.8,67,0,355,1.611111111111111
2025-11-09 09:00:00,22.6,56,0,17,1.7222222222222223
2025-11-09 10:00:00,24.6,46,0,27,1.6666666666666665
2025-11-09 11:00:00,26.0,36,0,15,1.5555555555555554
2025-11-09 12:00:00,27.0,33,0,355,1.611111111111111
2025-11-09 13:00:00,27.3,32,0,347,1.75
2025-11-09 14:00:00,27.4,31,0,345,1.75
2025-11-09 15:00:00,27.1,31,0,346,1.5
2025-11-09 16:00:00,26.1,46,0,343,0.6666666666666666
2025-11-09 17:00:00,24.5,46,0,307,0.25
2025-11-09 18:00:00,23.2,43,0,243,0.5555555555555556
2025-11-09 19:00:00,22.3,46,0,247,0.6388888888888888
2025-11-09 20:00:00,20.3,55,0,43,1.25
2025-11-09 21:00:00,19.0,67,0,9,0.9722222222222222
2025-11-09 22:00:00,18.4,73,0,352,1.777777777777778
2025-11-09 23:00:00,18.0,75,0,358,1.25
2025-11-10 00:00:00,16.6,79,0,356,1.4444444444444444
2025-11-10 01:00:00,15.9,78,0,352,1.472222222222222
2025-11-10 02:00:00,15.3,78,0,333,1.4444444444444444
2025-11-10 03:00:00,14.8,79,0,329,1.4444444444444444
2025-11-10 04:00:00,14.2,82,0,342,1.472222222222222
2025-11-10 05:00:00,14.3,82,0,356,1.5555555555555554
2025-11-10 06:00:00,14.3,81,0,356,1.611111111111111
2025-11-10 07:00:00,16.3,73,0,357,2.0
2025-11-10 08:00:00,19.5,65,0,4,1.4444444444444444
2025-11-10 09:00:00,22.6,51,0,22,1.4444444444444444
2025-11-10 10:00:00,24.7,40,0,39,1.611111111111111
2025-11-10 11:00:00,26.2,33,0,21,1.5
2025-11-10 12:00:00,27.0,31,0,360,1.3888888888888888
2025-11-10 13:00:00,27.4,31,0,350,1.3611111111111112
2025-11-10 14:00:00,27.5,29,0,346,1.25
2025-11-10 15:00:00,27.2,30,0,337,1.3055555555555556
2025-11-10 16:00:00,26.1,37,0,331,1.027777777777778
2025-11-10 17:00:00,23.7,45,0,342,0.4722222222222222
2025-11-10 18:00:00,23.0,44,0,360,0.3055555555555556
2025-11-10 19:00:00,22.5,45,0,261,0.3055555555555556
2025-11-10 20:00:00,20.4,51,0,212,0.6388888888888888
2025-11-10 21:00:00,18.6,64,0,216,1.1111111111111112
2025-11-10 22:00:00,17.9,68,0,333,0.7777777777777777
2025-11-10 23:00:00,17.1,75,0,317,1.0833333333333333
2025-11-11 00:00:00,15.9,77,0,330,1.6944444444444442
2025-11-11 01:00:00,15.2,79,0,336,1.472222222222222
2025-11-11 02:00:00,15.0,81,0,336,1.472222222222222
2025-11-11 03:00:00,14.4,84,0,330,1.2222222222222223
2025-11-11 04:00:00,14.1,85,0,331,1.4444444444444444
2025-11-11 05:00:00,14.3,83,0,333,1.5277777777777777
2025-11-11 06:00:00,14.3,81,0,342,1.5833333333333333
2025-11-11 07:00:00,16.2,72,0,342,1.8888888888888888
2025-11-11 08:00:00,19.4,64,0,345,1.1388888888888888
2025-11-11 09:00:00,22.6,51,0,11,1.0555555555555556
2025-11-11 10:00:00,24.9,40,0,37,1.3333333333333333
2025-11-11 11:00:00,26.2,33,0,29,1.1388888888888888
2025-11-11 12:00:00,27.1,31,0,5,1.1944444444444444
2025-11-11 13:00:00,27.4,31,0,350,1.3611111111111112
2025-11-11 14:00:00,27.5,30,0,341,1.6944444444444442
2025-11-11 15:00:00,27.1,30,0,342,1.8888888888888888
2025-11-11 16:00:00,26.2,35,0,342,1.1111111111111112
2025-11-11 17:00:00,23.7,44,0,5,0.6111111111111112
2025-11-11 18:00:00,23.0,43,0,352,0.3611111111111111
2025-11-11 19:00:00,22.4,43,0,286,0.7222222222222222
2025-11-11 20:00:00,21.2,49,0,259,0.8055555555555555
2025-11-11 21:00:00,19.9,57,0,22,0.2777777777777778
2025-11-11 22:00:00,18.0,64,0,352,1.3611111111111112
2025-11-11 23:00:00,17.5,69,0,330,1.5
2025-11-12 00:00:00,16.7,72,0,325,1.472222222222222
2025-11-12 01:00:00,15.8,76,0,349,1.5277777777777777
2025-11-12 02:00:00,15.8,74,0,357,1.6666666666666665
2025-11-12 03:00:00,15.2,76,0,351,1.6666666666666665
2025-11-12 04:00:00,14.8,77,0,347,1.75
2025-11-12 05:00:00,14.6,78,0,342,1.9444444444444444
2025-11-12 06:00:00,14.6,77,0,345,1.5555555555555554
2025-11-12 07:00:00,16.5,69,0,347,1.8333333333333333
2025-11-12 08:00:00,19.7,62,0,350,1.1666666666666667
2025-11-12 09:00:00,22.9,50,0,17,1.1944444444444444
2025-11-12 10:00:00,25.3,39,0,46,1.8055555555555556
2025-11-12 11:00:00,26.8,32,0,42,2.305555555555556
2025-11-12 12:00:00,27.4,32,0,22,1.8888888888888888
2025-11-12 13:00:00,27.7,34,0,4,1.5555555555555554
2025-11-12 14:00:00,27.8,35,0,345,1.3333333333333333
2025-11-12 15:00:00,27.6,36,0,332,1.1944444444444444
2025-11-12 16:00:00,26.9,40,0,298,0.75
2025-11-12 17:00:00,24.3,51,0,257,0.8611111111111112
2025-11-12 18:00:00,22.9,56,0,225,0.6388888888888888
2025-11-12 19:00:00,22.0,58,0,146,0.5277777777777778
2025-11-12 20:00:00,21.3,58,0,121,0.8611111111111112
2025-11-12 21:00:00,21.0,57,0,135,0.6388888888888888
2025-11-12 22:00:00,19.8,60,0,345,0.5833333333333334
2025-11-12 23:00:00,18.5,70,0,328,1.5833333333333333
2025-11-13 00:00:00,16.8,80,0,334,1.7222222222222223
2025-11-13 01:00:00,16.4,77,0,341,1.972222222222222
2025-11-13 02:00:00,16.1,74,0,341,2.0
2025-11-13 03:00:00,15.6,73,0,346,1.8611111111111112
2025-11-13 04:00:00,14.9,77,0,352,1.7222222222222223
2025-11-13 05:00:00,14.8,78,0,355,1.9166666666666667
2025-11-13 06:00:00,14.8,78,0,352,1.777777777777778
2025-11-13 07:00:00,16.7,70,0,353,2.1666666666666665
2025-11-13 08:00:00,19.7,60,0,360,1.6388888888888888
2025-11-13 09:00:00,22.4,47,0,17,2.0277777777777777
2025-11-13 10:00:00,24.9,39,0,33,2.1944444444444446
2025-11-13 11:00:00,26.7,31,0,40,2.5555555555555554
2025-11-13 12:00:00,27.5,29,0,39,2.055555555555556
2025-11-13 13:00:00,28.1,27,0,47,1.8333333333333333
2025-11-13 14:00:00,28.2,27,0,48,1.8888888888888888
2025-11-13 15:00:00,27.8,28,0,50,1.8888888888888888
2025-11-13 16:00:00,27.0,32,0,56,1.1388888888888888
2025-11-13 17:00:00,24.5,38,0,101,1.0555555555555556
2025-11-13 18:00:00,22.9,41,0,112,1.0833333333333333
2025-11-13 19:00:00,22.2,43,0,107,0.6666666666666666
2025-11-13 20:00:00,21.1,46,0,43,0.8055555555555555
2025-11-13 21:00:00,19.4,55,0,14,1.5
2025-11-13 22:00:00,18.2,63,0,349,1.5833333333333333
2025-11-13 23:00:00,17.6,67,0,331,1.6666666666666665
2025-11-14 00:00:00,16.5,70,0,327,1.9166666666666667
2025-11-14 01:00:00,15.6,72,0,346,1.6388888888888888
2025-11-14 02:00:00,14.7,77,0,360,1.4444444444444444
2025-11-14 03:00:00,14.6,78,0,347,1.5277777777777777
2025-11-14 04:00:00,14.2,78,0,352,1.7222222222222223
2025-11-14 05:00:00,14.5,77,0,348,1.9444444444444444
2025-11-14 06:00:00,14.7,75,0,351,1.8333333333333333
2025-11-14 07:00:00,16.7,67,0,353,2.4166666666666665
2025-11-14 08:00:00,19.7,56,0,8,1.8611111111111112
2025-11-14 09:00:00,22.4,46,0,30,2.138888888888889
2025-11-14 10:00:00,24.6,39,0,54,2.111111111111111
2025-11-14 11:00:00,26.4,34,0,68,2.2777777777777777
2025-11-14 12:00:00,27.2,31,0,63,2.0833333333333335
2025-11-14 13:00:00,27.6,31,0,57,1.8333333333333333
2025-11-14 14:00:00,27.7,31,0,58,1.777777777777778
2025-11-14 15:00:00,27.5,31,0,60,1.7222222222222223
2025-11-14 16:00:00,26.7,34,0,78,1.472222222222222
2025-11-14 17:00:00,24.2,42,0,110,1.4444444444444444
2025-11-14 18:00:00,22.6,47,0,127,1.5
2025-11-14 19:00:00,22.2,48,0,123,0.8333333333333333
2025-11-14 20:00:00,21.6,49,0,121,0.5833333333333334
2025-11-14 21:00:00,20.6,51,0,37,0.5
2025-11-14 22:00:00,18.9,59,0,13,1.75
2025-11-14 23:00:00,18.3,65,0,357,1.6666666666666665
2025-11-15 00:00:00,16.9,72,0,346,1.8611111111111112
2025-11-15 01:00:00,15.9,76,0,358,1.611111111111111
2025-11-15 02:00:00,15.2,79,0,13,1.3333333333333333
2025-11-15 03:00:00,14.8,80,0,348,1.4444444444444444
2025-11-15 04:00:00,14.5,79,0,340,1.6388888888888888
2025-11-15 05:00:00,14.5,79,0,348,1.9444444444444444
2025-11-15 06:00:00,14.8,76,0,359,1.9444444444444444
2025-11-15 07:00:00,16.9,67,0,4,2.5555555555555554
2025-11-15 08:00:00,19.9,56,0,13,2.0
2025-11-15 09:00:00,22.3,46,0,33,2.2777777777777777
2025-11-15 10:00:00,24.5,40,0,53,2.138888888888889
2025-11-15 11:00:00,26.4,35,0,68,2.0
2025-11-15 12:00:00,27.2,32,0,65,1.777777777777778
2025-11-15 13:00:00,27.6,31,0,65,1.4444444444444444
2025-11-15 14:00:00,27.7,31,0,63,1.3333333333333333
2025-11-15 15:00:00,27.4,31,0,67,1.25
2025-11-15 16:00:00,26.7,34,0,85,1.1944444444444444
2025-11-15 17:00:00,24.4,40,0,123,1.472222222222222
2025-11-15 18:00:00,23.4,43,0,141,1.75
2025-11-15 19:00:00,22.5,47,0,146,0.7222222222222222
2025-11-15 20:00:00,22.1,48,0,113,0.38888888888888884
2025-11-15 21:00:00,21.3,50,0,45,0.41666666666666663
2025-11-15 22:00:00,19.5,57,0,20,1.8611111111111112
2025-11-15 23:00:00,18.8,62,0,6,2.0
2025-11-16 00:00:00,17.3,70,0,341,2.1666666666666665
2025-11-16 01:00:00,16.5,68,0,345,2.4444444444444446
2025-11-16 02:00:00,15.9,66,0,360,2.111111111111111
2025-11-16 03:00:00,15.2,66,0,358,1.6944444444444442
2025-11-16 04:00:00,14.7,68,0,356,1.5555555555555554
2025-11-16 05:00:00,14.7,69,0,3,1.75
2025-11-16 06:00:00,14.5,70,0,9,1.5277777777777777
2025-11-16 07:00:00,16.7,61,0,12,2.4444444444444446
2025-11-16 08:00:00,19.4,50,0,16,2.3333333333333335
2025-11-16 09:00:00,21.8,41,0,22,2.388888888888889
2025-11-16 10:00:00,24.2,36,0,32,2.4166666666666665
2025-11-16 11:00:00,26.1,30,0,35,2.4444444444444446
2025-11-16 12:00:00,26.9,27,0,23,1.9166666666666667
2025-11-16 13:00:00,27.3,26,0,11,1.8888888888888888
2025-11-16 14:00:00,27.5,25,0,6,1.8611111111111112
2025-11-16 15:00:00,27.1,25,0,359,2.0
2025-11-16 16:00:00,26.3,27,0,349,1.5833333333333333
2025-11-16 17:00:00,24.2,36,0,328,0.4722222222222222
2025-11-16 18:00:00,22.7,43,0,360,0.19444444444444442
2025-11-16 19:00:00,21.6,42,0,90,0.3611111111111111
2025-11-16 20:00:00,20.6,46,0,38,0.5833333333333334
2025-11-16 21:00:00,19.0,55,0,13,1.5833333333333333
2025-11-16 22:00:00,18.1,58,0,344,1.777777777777778
2025-11-16 23:00:00,17.6,58,0,337,2.2222222222222223
2025-11-17 00:00:00,16.5,62,0,339,2.1944444444444446
2025-11-17 01:00:00,15.9,64,0,339,2.638888888888889
2025-11-17 02:00:00,15.4,67,0,342,2.694444444444444
2025-11-17 03:00:00,15.0,70,0,350,2.5277777777777777
2025-11-17 04:00:00,14.9,71,0,352,2.2777777777777777
2025-11-17 05:00:00,15.0,70,0,360,2.111111111111111
2025-11-17 06:00:00,15.3,67,0,10,1.972222222222222
2025-11-17 07:00:00,16.8,61,0,21,2.5277777777777777
2025-11-17 08:00:00,19.1,52,0,34,2.1666666666666665
2025-11-17 09:00:00,21.6,45,0,49,2.2777777777777777
2025-11-17 10:00:00,23.7,39,0,61,2.9166666666666665
2025-11-17 11:00:00,25.4,34,0,80,2.638888888888889
2025-11-17 12:00:00,26.0,32,0,78,2.138888888888889
2025-11-17 13:00:00,26.5,31,0,69,1.8333333333333333
2025-11-17 14:00:00,26.6,30,0,57,1.6666666666666665
2025-11-17 15:00:00,26.3,30,0,44,1.7222222222222223
2025-11-17 16:00:00,25.5,33,0,44,1.7222222222222223
2025-11-17 17:00:00,23.6,41,0,32,0.75
2025-11-17 18:00:00,22.5,43,0,106,0.3611111111111111
2025-11-17 19:00:00,21.6,45,0,120,0.41666666666666663
2025-11-17 20:00:00,20.7,47,0,149,0.5833333333333334
2025-11-17 21:00:00,20.3,53,0,90,0.19444444444444442
2025-11-17 22:00:00,18.7,54,0,4,0.6388888888888888
2025-11-17 23:00:00,17.7,63,0,352,2.0833333333333335
2025-11-18 00:00:00,16.3,70,0,348,2.111111111111111
2025-11-18 01:00:00,15.6,73,0,344,2.138888888888889
2025-11-18 02:00:00,15.0,75,0,351,1.972222222222222
2025-11-18 03:00:00,14.5,78,0,3,1.9444444444444444
2025-11-18 04:00:00,14.2,79,0,358,1.8888888888888888
2025-11-18 05:00:00,14.2,77,0,360,1.8888888888888888
2025-11-18 06:00:00,14.4,76,0,360,1.8888888888888888
2025-11-18 07:00:00,16.1,69,0,6,2.25
2025-11-18 08:00:00,18.8,59,0,21,1.7222222222222223
2025-11-18 09:00:00,21.2,50,0,44,1.8611111111111112
2025-11-18 10:00:00,23.2,43,0,67,1.9166666666666667
2025-11-18 11:00:00,25.1,36,0,74,1.611111111111111
2025-11-18 12:00:00,26.0,34,0,63,1.1111111111111112
2025-11-18 13:00:00,26.6,33,0,45,0.6944444444444444
2025-11-18 14:00:00,26.8,32,0,15,0.5833333333333334
2025-11-18 15:00:00,26.7,32,0,346,0.8333333333333333
2025-11-18 16:00:00,25.9,35,0,336,1.1944444444444444
2025-11-18 17:00:00,24.0,45,0,310,0.38888888888888884
2025-11-18 18:00:00,22.4,49,0,191,0.25
2025-11-18 19:00:00,20.9,52,0,149,1.2777777777777777
2025-11-18 20:00:00,20.5,54,0,131,1.0555555555555556
2025-11-18 21:00:00,20.7,53,0,90,0.6388888888888888
2025-11-18 22:00:00,19.5,57,0,351,0.9722222222222222
2025-11-18 23:00:00,18.6,64,0,339,1.8333333333333333
2025-11-19 00:00:00,16.9,74,0,334,1.7222222222222223
2025-11-19 01:00:00,15.9,79,0,322,1.3888888888888888
2025-11-19 02:00:00,14.9,85,0,345,1.1388888888888888
2025-11-19 03:00:00,14.8,85,0,353,1.25
2025-11-19 04:00:00,14.9,83,0,350,1.4166666666666665
2025-11-19 05:00:00,14.3,85,0,356,1.3611111111111112
2025-11-19 06:00:00,14.0,85,0,352,1.3611111111111112
2025-11-19 07:00:00,16.0,75,0,355,1.8055555555555556
2025-11-19 08:00:00,19.1,62,0,15,1.3333333333333333
2025-11-19 09:00:00,21.7,51,0,36,1.7222222222222223
2025-11-19 10:00:00,23.8,45,0,43,1.6388888888888888
2025-11-19 11:00:00,25.6,39,0,39,1.4166666666666665
2025-11-19 12:00:00,26.8,34,0,34,1.3333333333333333
2025-11-19 13:00:00,27.3,33,0,21,1.2222222222222223
2025-11-19 14:00:00,27.5,33,0,10,1.3611111111111112
2025-11-19 15:00:00,27.2,33,0,2,1.5555555555555554
2025-11-19 16:00:00,26.4,34,0,352,1.7222222222222223
2025-11-19 17:00:00,24.5,43,0,346,1.027777777777778
2025-11-19 18:00:00,23.6,51,0,360,0.1388888888888889
2025-11-19 19:00:00,22.3,51,0,135,0.9166666666666666
2025-11-19 20:00:00,21.2,55,0,127,1.5
2025-11-19 21:00:00,21.3,55,0,117,0.888888888888889
2025-11-19 22:00:00,21.3,56,0,72,0.3055555555555556
2025-11-19 23:00:00,20.5,58,0,321,0.3333333333333333
2025-11-20 00:00:00,17.7,71,0,353,1.6666666666666665
2025-11-20 01:00:00,16.2,81,0,12,1.1666666666666667
2025-11-20 02:00:00,15.6,85,0,353,1.2222222222222223
2025-11-20 03:00:00,15.2,86,0,340,1.1666666666666667
2025-11-20 04:00:00,14.9,87,0,344,1.3055555555555556
2025-11-20 05:00:00,15.0,83,0,358,1.8055555555555556
2025-11-20 06:00:00,14.7,84,0,360,1.5555555555555554
2025-11-20 07:00:00,16.3,76,0,7,2.0277777777777777
2025-11-20 08:00:00,19.2,63,0,10,1.4166666666666665
2025-11-20 09:00:00,22.2,51,0,18,1.472222222222222
2025-11-20 10:00:00,24.5,44,0,37,1.25
2025-11-20 11:00:00,26.0,40,0,41,1.1388888888888888
2025-11-20 12:00:00,27.1,36,0,30,1.2222222222222223
2025-11-20 13:00:00,27.7,35,0,16,1.4444444444444444
2025-11-20 14:00:00,28.0,33,0,11,1.6388888888888888
2025-11-20 15:00:00,27.8,33,0,9,1.611111111111111
2025-11-20 16:00:00,27.1,35,0,9,1.3055555555555556
2025-11-20 17:00:00,25.5,43,0,11,0.25
2025-11-20 18:00:00,23.6,48,0,151,1.027777777777778
2025-11-20 19:00:00,22.5,51,0,149,1.4444444444444444
2025-11-20 20:00:00,21.7,54,0,139,1.3888888888888888
2025-11-20 21:00:00,21.8,53,0,164,0.7222222222222222
2025-11-20 22:00:00,21.6,58,0,315,0.1388888888888889
2025-11-20 23:00:00,20.1,61,0,21,0.9722222222222222
2025-11-21 00:00:00,18.2,72,0,10,1.472222222222222
2025-11-21 01:00:00,17.1,80,0,348,1.1666666666666667
2025-11-21 02:00:00,16.6,83,0,354,1.5
2025-11-21 03:00:00,16.3,84,0,347,1.8333333333333333
2025-11-21 04:00:00,15.8,85,0,345,1.7222222222222223
2025-11-21 05:00:00,15.6,83,0,352,2.1666666666666665
2025-11-21 06:00:00,15.4,82,0,354,2.0
2025-11-21 07:00:00,16.7,75,0,349,2.138888888888889
2025-11-21 08:00:00,19.8,63,0,13,1.1388888888888888
2025-11-21 09:00:00,22.9,52,0,42,1.2777777777777777
2025-11-21 10:00:00,25.4,44,0,63,1.4166666666666665
2025-11-21 11:00:00,26.9,40,0,79,1.3333333333333333
2025-11-21 12:00:00,28.1,37,0,112,0.9166666666666666
2025-11-21 13:00:00,28.8,35,0,135,0.6388888888888888
2025-11-21 14:00:00,29.1,35,0,101,0.25
2025-11-21 15:00:00,28.8,35,0,31,0.2777777777777778
2025-11-21 16:00:00,28.2,36,0,7,0.8611111111111112
2025-11-21 17:00:00,26.2,47,0,11,0.7777777777777777
2025-11-21 18:00:00,24.4,52,0,31,1.2777777777777777
2025-11-21 19:00:00,23.7,56,0,65,1.0555555555555556
2025-11-21 20:00:00,23.3,56,0,120,0.8055555555555555
2025-11-21 21:00:00,22.8,58,0,189,0.3055555555555556
2025-11-21 22:00:00,21.0,64,0,239,0.8611111111111112
2025-11-21 23:00:00,20.1,70,0,263,0.8611111111111112
2025-11-22 00:00:00,18.8,76,0,338,2.0
2025-11-22 01:00:00,18.2,77,0,303,1.6666666666666665
2025-11-22 02:00:00,17.1,82,0,317,1.3055555555555556
2025-11-22 03:00:00,16.6,84,0,349,1.2777777777777777
2025-11-22 04:00:00,16.6,84,0,357,1.8611111111111112
2025-11-22 05:00:00,15.8,87,0,344,1.25
2025-11-22 06:00:00,15.5,88,0,341,1.2222222222222223
2025-11-22 07:00:00,17.2,80,0,355,1.8611111111111112
2025-11-22 08:00:00,20.5,66,0,15,1.1388888888888888
2025-11-22 09:00:00,23.7,54,0,45,1.2777777777777777
2025-11-22 10:00:00,26.0,46,0,62,1.1944444444444444
2025-11-22 11:00:00,27.2,40,0,86,0.6388888888888888
2025-11-22 12:00:00,28.6,35,0,101,0.25
2025-11-22 13:00:00,29.2,32,0,270,0.19444444444444442
2025-11-22 14:00:00,29.3,32,0,311,0.4722222222222222
2025-11-22 15:00:00,29.2,32,0,340,0.75
2025-11-22 16:00:00,28.6,33,0,349,0.8055555555555555
2025-11-22 17:00:00,26.3,41,0,28,0.8611111111111112
2025-11-22 18:00:00,24.8,43,0,63,0.5555555555555556
2025-11-22 19:00:00,23.5,48,2,148,0.9444444444444444
2025-11-22 20:00:00,22.5,52,3,192,1.1666666666666667
2025-11-22 21:00:00,21.6,57,3,203,1.3055555555555556
2025-11-22 22:00:00,20.6,61,3,198,1.4166666666666665
2025-11-22 23:00:00,20.5,63,2,196,1.4444444444444444
2025-11-23 00:00:00,18.9,69,3,214,1.4444444444444444
2025-11-23 01:00:00,18.6,71,3,307,0.25
2025-11-23 02:00:00,17.4,78,2,333,1.4444444444444444
2025-11-23 03:00:00,16.8,80,0,328,1.5277777777777777
2025-11-23 04:00:00,16.6,79,3,336,1.8055555555555556
2025-11-23 05:00:00,16.3,80,2,341,1.3888888888888888
2025-11-23 06:00:00,15.8,83,3,9,0.9166666666666666
2025-11-23 07:00:00,17.5,73,3,18,1.1666666666666667
2025-11-23 08:00:00,21.0,59,3,33,0.8333333333333333
2025-11-23 09:00:00,24.2,49,3,63,1.2222222222222223
2025-11-23 10:00:00,26.3,43,3,75,1.3888888888888888
2025-11-23 11:00:00,27.8,40,3,85,1.1666666666666667
2025-11-23 12:00:00,29.1,36,3,74,0.7222222222222222
2025-11-23 13:00:00,29.7,36,0,18,0.6388888888888888
2025-11-23 14:00:00,29.8,37,0,358,1.3055555555555556
2025-11-23 15:00:00,29.5,38,0,25,1.9166666666666667
2025-11-23 16:00:00,28.9,40,0,50,2.0833333333333335
2025-11-23 17:00:00,27.2,43,0,115,1.6666666666666665
2025-11-23 18:00:00,25.9,48,0,128,1.7222222222222223
2025-11-23 19:00:00,25.0,52,0,133,1.6944444444444442
2025-11-23 20:00:00,23.7,57,0,144,1.1666666666666667
2025-11-23 21:00:00,23.4,59,0,180,0.4444444444444445
2025-11-23 22:00:00,22.8,61,0,346,0.19444444444444442
2025-11-23 23:00:00,21.9,65,0,11,0.7777777777777777
2025-11-24 00:00:00,20.9,70,2,10,0.5555555555555556
2025-11-24 01:00:00,20.7,71,2,333,0.11111111111111112
2025-11-24 02:00:00,20.1,73,0,342,0.3055555555555556
2025-11-24 03:00:00,19.0,79,0,13,1.1388888888888888
2025-11-24 04:00:00,18.6,81,0,2,1.25
2025-11-24 05:00:00,18.3,83,0,355,1.1666666666666667
2025-11-24 06:00:00,18.3,82,2,7,1.1666666666666667
2025-11-24 07:00:00,19.8,74,2,16,1.8333333333333333
2025-11-24 08:00:00,22.4,61,2,36,1.3611111111111112
2025-11-24 09:00:00,24.9,50,0,59,1.75
2025-11-24 10:00:00,26.9,43,2,70,1.9166666666666667
2025-11-24 11:00:00,28.3,40,0,82,1.8055555555555556
2025-11-24 12:00:00,29.3,38,1,77,1.5277777777777777
2025-11-24 13:00:00,29.8,37,2,56,1.4444444444444444
2025-11-24 14:00:00,30.0,38,3,31,1.5555555555555554
2025-11-24 15:00:00,29.8,39,1,24,1.5833333333333333
2025-11-24 16:00:00,29.1,41,0,50,1.6944444444444442
2025-11-24 17:00:00,27.3,45,0,94,2.611111111111111
2025-11-24 18:00:00,26.5,49,0,108,2.4166666666666665
2025-11-24 19:00:00,25.8,51,1,113,1.4166666666666665
2025-11-24 20:00:00,24.8,56,0,95,1.25
2025-11-24 21:00:00,24.0,60,1,106,1.0833333333333333
2025-11-24 22:00:00,23.4,62,0,104,1.5
2025-11-24 23:00:00,22.8,65,0,72,1.4166666666666665
2025-11-25 00:00:00,21.8,69,0,55,1.6388888888888888
2025-11-25 01:00:00,20.9,72,0,59,1.2777777777777777
2025-11-25 02:00:00,20.1,76,0,31,1.1666666666666667
2025-11-25 03:00:00,19.7,77,0,9,1.3055555555555556
2025-11-25 04:00:00,19.2,79,0,6,1.5
2025-11-25 05:00:00,19.0,82,0,29,1.1388888888888888
2025-11-25 06:00:00,19.0,82,0,41,1.0555555555555556
2025-11-25 07:00:00,20.1,76,0,28,1.472222222222222
2025-11-25 08:00:00,22.2,67,0,40,1.5555555555555554
2025-11-25 09:00:00,24.6,57,0,61,1.777777777777778
2025-11-25 10:00:00,26.6,49,0,80,1.7222222222222223
2025-11-25 11:00:00,28.0,45,0,98,1.7222222222222223
2025-11-25 12:00:00,29.0,42,0,92,1.611111111111111
2025-11-25 13:00:00,29.6,41,0,79,1.5833333333333333
2025-11-25 14:00:00,30.0,39,1,57,1.8333333333333333
2025-11-25 15:00:00,29.7,39,3,45,1.6944444444444442
2025-11-25 16:00:00,28.8,41,1,51,1.6666666666666665
2025-11-25 17:00:00,27.4,47,0,94,2.1666666666666665
2025-11-25 18:00:00,26.4,51,0,107,2.0277777777777777
2025-11-25 19:00:00,25.7,54,0,128,1.5277777777777777
2025-11-25 20:00:00,25.0,58,0,134,1.4444444444444444
2025-11-25 21:00:00,23.9,64,0,118,1.0833333333333333
2025-11-25 22:00:00,23.5,67,0,135,0.2777777777777778
2025-11-25 23:00:00,22.9,70,0,53,0.5
2025-11-26 00:00:00,21.8,73,0,27,0.6666666666666666
2025-11-26 01:00:00,21.0,76,0,14,1.027777777777778
2025-11-26 02:00:00,20.5,78,0,36,1.611111111111111
2025-11-26 03:00:00,19.7,82,0,42,1.1944444444444444
2025-11-26 04:00:00,19.5,81,0,26,1.2777777777777777
2025-11-26 05:00:00,19.5,84,0,23,1.4166666666666665
2025-11-26 06:00:00,19.3,83,0,28,1.3055555555555556
2025-11-26 07:00:00,20.1,78,0,41,1.4444444444444444
2025-11-26 08:00:00,22.3,67,0,53,1.3333333333333333
2025-11-26 09:00:00,24.7,57,0,69,1.5
2025-11-26 10:00:00,26.6,50,0,72,1.5833333333333333
2025-11-26 11:00:00,27.6,47,1,85,1.25
2025-11-26 12:00:00,28.8,44,1,75,1.3333333333333333
2025-11-26 13:00:00,29.7,41,1,48,1.5555555555555554
2025-11-26 14:00:00,29.8,40,2,35,1.8333333333333333
2025-11-26 15:00:00,29.0,42,3,45,1.9166666666666667
2025-11-26 16:00:00,28.5,44,1,73,1.8888888888888888
2025-11-26 17:00:00,27.5,47,0,110,2.305555555555556
2025-11-26 18:00:00,26.3,53,0,122,2.0
2025-11-26 19:00:00,25.5,56,0,131,1.6666666666666665
2025-11-26 20:00:00,24.6,60,0,124,1.25
2025-11-26 21:00:00,24.0,64,0,103,0.6666666666666666
2025-11-26 22:00:00,23.2,67,0,92,1.25
2025-11-26 23:00:00,22.7,70,0,72,1.0
2025-11-27 00:00:00,21.7,73,0,45,1.472222222222222
2025-11-27 01:00:00,21.3,74,0,63,1.777777777777778
2025-11-27 02:00:00,20.8,75,0,50,1.5555555555555554
2025-11-27 03:00:00,20.1,79,0,21,1.7222222222222223
2025-11-27 04:00:00,19.4,81,0,9,1.8611111111111112
2025-11-27 05:00:00,19.3,83,0,14,1.8611111111111112
2025-11-27 06:00:00,19.3,80,0,20,1.6388888888888888
2025-11-27 07:00:00,20.1,75,0,32,1.777777777777778
2025-11-27 08:00:00,22.2,65,0,52,1.777777777777778
2025-11-27 09:00:00,24.5,54,0,65,2.0277777777777777
2025-11-27 10:00:00,26.4,47,0,74,2.138888888888889
2025-11-27 11:00:00,27.4,46,0,68,2.0
2025-11-27 12:00:00,28.4,43,1,38,3.2499999999999996
2025-11-27 13:00:00,28.9,40,3,37,2.3333333333333335
2025-11-27 14:00:00,29.7,36,1,31,2.3333333333333335
2025-11-27 15:00:00,29.8,34,1,32,2.638888888888889
2025-11-27 16:00:00,29.5,34,1,30,3.194444444444444
2025-11-27 17:00:00,27.1,44,0,43,3.083333333333333
2025-11-27 18:00:00,25.4,50,0,66,1.1944444444444444
2025-11-27 19:00:00,24.2,54,0,72,1.3055555555555556
2025-11-27 20:00:00,23.8,55,0,46,1.8055555555555556
2025-11-27 21:00:00,23.2,55,0,33,2.972222222222222
2025-11-27 22:00:00,22.3,58,0,25,3.5
2025-11-27 23:00:00,21.4,63,0,23,2.972222222222222
2025-11-28 00:00:00,20.5,66,0,18,2.888888888888889
2025-11-28 01:00:00,19.6,69,0,17,2.8055555555555554
2025-11-28 02:00:00,18.9,69,1,12,2.9166666666666665
2025-11-28 03:00:00,18.2,67,1,9,2.888888888888889
2025-11-28 04:00:00,17.5,65,1,11,2.861111111111111
2025-11-28 05:00:00,17.1,64,3,21,2.75
2025-11-28 06:00:00,16.8,64,1,24,2.305555555555556
2025-11-28 07:00:00,17.5,61,0,28,2.3333333333333335
2025-11-28 08:00:00,19.5,52,0,35,2.0
2025-11-28 09:00:00,21.6,45,0,45,2.1944444444444446
2025-11-28 10:00:00,23.5,38,0,53,2.388888888888889
2025-11-28 11:00:00,25.0,32,2,48,2.305555555555556
2025-11-28 12:00:00,25.9,30,0,45,2.1944444444444446
2025-11-28 13:00:00,26.5,29,0,43,2.111111111111111
2025-11-28 14:00:00,26.6,29,0,42,1.9444444444444444
2025-11-28 15:00:00,26.4,31,0,40,1.6388888888888888
2025-11-28 16:00:00,26.0,32,0,54,1.2777777777777777
2025-11-28 17:00:00,24.3,38,0,120,2.0277777777777777
2025-11-28 18:00:00,23.1,42,0,108,1.8888888888888888
2025-11-28 19:00:00,22.1,44,0,105,1.5555555555555554
2025-11-28 20:00:00,20.9,48,0,90,1.4444444444444444
2025-11-28 21:00:00,20.3,50,2,45,1.6944444444444442
2025-11-28 22:00:00,19.2,56,0,4,2.611111111111111
2025-11-28 23:00:00,18.0,61,0,351,2.888888888888889
2025-11-29 00:00:00,16.5,67,2,6,1.5
2025-11-29 01:00:00,15.4,73,2,35,1.027777777777778
2025-11-29 02:00:00,15.2,72,1,356,1.3055555555555556
2025-11-29 03:00:00,15.0,73,0,348,1.4444444444444444
2025-11-29 04:00:00,14.9,74,0,348,1.7222222222222223
2025-11-29 05:00:00,14.9,76,1,359,2.055555555555556
2025-11-29 06:00:00,14.5,79,2,360,1.8055555555555556
2025-11-29 07:00:00,15.9,72,3,9,2.2222222222222223
2025-11-29 08:00:00,18.5,60,1,25,1.6666666666666665
2025-11-29 09:00:00,21.0,50,0,40,1.6944444444444442
2025-11-29 10:00:00,23.2,44,3,55,1.5833333333333333
2025-11-29 11:00:00,24.9,38,3,75,1.7222222222222223
2025-11-29 12:00:00,26.0,35,2,63,1.6666666666666665
2025-11-29 13:00:00,26.6,33,1,59,1.75
2025-11-29 14:00:00,26.7,33,3,54,1.777777777777778
2025-11-29 15:00:00,26.4,35,3,43,1.6944444444444442
2025-11-29 16:00:00,25.8,37,2,43,1.1666666666666667
2025-11-29 17:00:00,23.7,45,2,114,0.9722222222222222
2025-11-29 18:00:00,22.4,47,3,111,1.2777777777777777
2025-11-29 19:00:00,21.8,49,3,121,0.8611111111111112
2025-11-29 20:00:00,21.5,49,3,126,0.41666666666666663
2025-11-29 21:00:00,20.8,51,3,18,0.3055555555555556
2025-11-29 22:00:00,19.0,57,3,4,1.4444444444444444
2025-11-29 23:00:00,18.7,61,3,358,2.611111111111111
2025-11-30 00:00:00,17.1,67,3,349,2.3333333333333335
2025-11-30 01:00:00,16.5,67,3,351,2.2222222222222223
2025-11-30 02:00:00,16.1,66,3,353,1.972222222222222
2025-11-30 03:00:00,15.8,68,3,354,1.5
2025-11-30 04:00:00,15.2,71,3,356,1.611111111111111
2025-11-30 05:00:00,15.4,73,3,4,2.1944444444444446
2025-11-30 06:00:00,15.5,73,3,359,2.5555555555555554
2025-11-30 07:00:00,16.5,70,3,356,2.611111111111111
2025-11-30 08:00:00,19.1,59,3,359,2.0
2025-11-30 09:00:00,21.6,50,3,17,2.1944444444444446
2025-11-30 10:00:00,24.0,42,3,52,2.1666666666666665
2025-11-30 11:00:00,25.5,37,3,72,2.4722222222222223
2025-11-30 12:00:00,26.2,35,3,73,1.9166666666666667
2025-11-30 13:00:00,26.5,33,3,82,1.5
2025-11-30 14:00:00,26.7,32,3,73,1.5277777777777777
2025-11-30 15:00:00,26.4,33,3,55,1.3888888888888888
2025-11-30 16:00:00,25.9,35,3,54,1.4166666666666665
2025-11-30 17:00:00,24.6,39,3,93,2.055555555555556
2025-11-30 18:00:00,23.8,42,3,97,2.055555555555556
2025-11-30 19:00:00,23.0,45,3,94,1.3055555555555556
2025-11-30 20:00:00,22.0,49,3,98,0.75
2025-11-30 21:00:00,20.9,51,2,42,1.2777777777777777
2025-11-30 22:00:00,19.6,58,2,17,1.3611111111111112
2025-11-30 23:00:00,19.1,61,0,7,1.972222222222222
2025-12-01 00:00:00,17.2,67,2,343,1.4166666666666665
2025-12-01 01:00:00,16.5,70,3,339,1.5
2025-12-01 02:00:00,16.2,71,0,353,1.6666666666666665
2025-12-01 03:00:00,15.7,71,0,344,1.6666666666666665
2025-12-01 04:00:00,15.6,71,3,349,1.8333333333333333
2025-12-01 05:00:00,15.6,72,3,352,2.2222222222222223
2025-12-01 06:00:00,15.3,73,1,353,1.75
2025-12-01 07:00:00,16.4,69,0,356,2.361111111111111
2025-12-01 08:00:00,19.1,58,1,7,1.7222222222222223
2025-12-01 09:00:00,22.0,49,3,28,1.8055555555555556
2025-12-01 10:00:00,24.2,43,3,51,2.0
2025-12-01 11:00:00,26.1,38,0,66,2.1944444444444446
2025-12-01 12:00:00,27.1,35,0,65,2.0
2025-12-01 13:00:00,27.6,33,0,56,1.611111111111111
2025-12-01 14:00:00,27.8,32,0,48,1.2777777777777777
2025-12-01 15:00:00,27.6,32,0,49,0.9166666666666666
2025-12-01 16:00:00,27.0,34,0,75,0.9722222222222222
2025-12-01 17:00:00,24.7,42,1,99,1.3055555555555556
2025-12-01 18:00:00,23.9,44,3,120,1.9166666666666667
2025-12-01 19:00:00,23.1,47,3,117,1.4166666666666665
2025-12-01 20:00:00,22.9,50,3,68,0.2777777777777778
2025-12-01 21:00:00,22.5,54,1,243,0.11111111111111112
2025-12-01 22:00:00,21.6,52,0,342,0.16666666666666666
2025-12-01 23:00:00,20.1,58,0,28,1.0833333333333333
2025-12-02 00:00:00,18.0,68,0,6,1.8055555555555556
2025-12-02 01:00:00,16.8,76,0,358,1.5
2025-12-02 02:00:00,16.1,79,0,356,1.9444444444444444
2025-12-02 03:00:00,15.6,82,0,348,1.7222222222222223
2025-12-02 04:00:00,15.2,83,0,347,1.9444444444444444
2025-12-02 05:00:00,14.8,82,0,348,2.694444444444444
2025-12-02 06:00:00,14.9,80,0,359,2.4444444444444446
2025-12-02 07:00:00,15.8,76,0,4,2.611111111111111
2025-12-02 08:00:00,18.8,62,1,14,1.8055555555555556
2025-12-02 09:00:00,21.9,49,0,30,1.9166666666666667
2025-12-02 10:00:00,24.6,41,0,47,2.111111111111111
2025-12-02 11:00:00,26.3,38,0,54,2.638888888888889
2025-12-02 12:00:00,27.3,35,0,50,2.0277777777777777
2025-12-02 13:00:00,27.9,33,1,46,1.6666666666666665
2025-12-02 14:00:00,28.2,32,0,45,1.4166666666666665
2025-12-02 15:00:00,28.1,32,1,54,1.1666666666666667
2025-12-02 16:00:00,27.4,34,1,90,1.3888888888888888
2025-12-02 17:00:00,24.8,42,0,117,1.4444444444444444
2025-12-02 18:00:00,23.4,47,2,117,1.5277777777777777
2025-12-02 19:00:00,22.6,51,2,104,0.6111111111111112
2025-12-02 20:00:00,21.9,54,0,126,0.41666666666666663
2025-12-02 21:00:00,21.2,56,0,51,0.3333333333333333
2025-12-02 22:00:00,20.3,59,1,27,0.6666666666666666
2025-12-02 23:00:00,19.4,64,0,21,1.2777777777777777
2025-12-03 00:00:00,17.7,72,1,360,1.611111111111111
2025-12-03 01:00:00,16.6,77,0,353,1.7222222222222223
2025-12-03 02:00:00,15.8,79,0,357,2.055555555555556
2025-12-03 03:00:00,15.3,78,0,347,2.5833333333333335
2025-12-03 04:00:00,14.9,79,0,345,2.5277777777777777
2025-12-03 05:00:00,14.6,81,0,352,2.5833333333333335
2025-12-03 06:00:00,14.6,80,0,358,1.8055555555555556
2025-12-03 07:00:00,15.9,73,2,5,2.2222222222222223
2025-12-03 08:00:00,18.8,59,0,19,1.8055555555555556
2025-12-03 09:00:00,21.5,48,0,35,2.0833333333333335
2025-12-03 10:00:00,24.0,42,0,42,2.1666666666666665
2025-12-03 11:00:00,25.8,38,0,53,2.6666666666666665
2025-12-03 12:00:00,27.0,35,0,57,2.2777777777777777
2025-12-03 13:00:00,27.6,34,0,62,2.0
2025-12-03 14:00:00,27.7,34,0,61,1.9444444444444444
2025-12-03 15:00:00,27.4,35,0,59,2.111111111111111
2025-12-03 16:00:00,26.6,38,0,77,2.305555555555556
2025-12-03 17:00:00,24.5,45,0,107,2.8055555555555554
2025-12-03 18:00:00,23.5,48,0,104,2.4722222222222223
2025-12-03 19:00:00,22.9,49,0,102,2.138888888888889
2025-12-03 20:00:00,22.2,50,0,92,1.75
2025-12-03 21:00:00,21.0,54,0,34,1.8055555555555556
2025-12-03 22:00:00,19.6,61,0,13,1.5277777777777777
2025-12-03 23:00:00,18.8,65,0,358,1.25
2025-12-04 00:00:00,17.5,69,0,2,1.4444444444444444
2025-12-04 01:00:00,17.4,66,0,360,2.111111111111111
2025-12-04 02:00:00,17.0,66,0,355,2.25
2025-12-04 03:00:00,16.4,69,0,354,2.4722222222222223
2025-12-04 04:00:00,15.9,72,0,355,2.4444444444444446
2025-12-04 05:00:00,15.8,72,0,355,2.305555555555556
2025-12-04 06:00:00,15.4,74,0,355,1.8611111111111112
2025-12-04 07:00:00,16.3,70,0,356,2.1666666666666665
2025-12-04 08:00:00,19.0,60,0,12,1.4444444444444444
2025-12-04 09:00:00,21.8,48,0,49,1.5833333333333333
2025-12-04 10:00:00,24.2,39,0,69,2.25
2025-12-04 11:00:00,25.7,34,0,74,2.694444444444444
2025-12-04 12:00:00,26.7,31,0,76,2.5277777777777777
2025-12-04 13:00:00,27.2,29,0,67,2.2222222222222223
2025-12-04 14:00:00,27.4,28,0,55,2.0833333333333335
2025-12-04 15:00:00,27.1,29,0,52,1.8611111111111112
2025-12-04 16:00:00,26.5,31,0,62,1.6944444444444442
2025-12-04 17:00:00,24.4,38,0,62,0.75
2025-12-04 18:00:00,22.9,41,0,105,0.7777777777777777
2025-12-04 19:00:00,21.6,46,0,120,1.2222222222222223
2025-12-04 20:00:00,21.0,48,0,156,0.6111111111111112
2025-12-04 21:00:00,20.2,51,0,84,0.5
2025-12-04 22:00:00,19.0,55,0,27,1.4166666666666665
2025-12-04 23:00:00,18.8,59,0,4,2.361111111111111
2025-12-05 00:00:00,17.2,67,3,354,1.972222222222222
2025-12-05 01:00:00,16.2,73,3,14,1.6944444444444442
2025-12-05 02:00:00,15.9,74,3,5,2.25
2025-12-05 03:00:00,15.7,74,3,3,2.5
2025-12-05 04:00:00,15.6,74,3,360,2.861111111111111
2025-12-05 05:00:00,15.2,76,3,360,2.861111111111111
2025-12-05 06:00:00,15.0,77,3,9,2.1666666666666665
2025-12-05 07:00:00,16.0,73,0,12,2.4444444444444446
2025-12-05 08:00:00,18.5,62,0,27,2.0
2025-12-05 09:00:00,21.2,52,0,41,2.305555555555556
2025-12-05 10:00:00,23.6,44,0,51,2.5555555555555554
2025-12-05 11:00:00,25.2,39,0,64,2.611111111111111
2025-12-05 12:00:00,26.2,36,0,66,2.305555555555556
2025-12-05 13:00:00,26.9,34,0,61,2.1666666666666665
2025-12-05 14:00:00,27.2,34,0,58,2.0
2025-12-05 15:00:00,27.1,34,3,55,1.8333333333333333
2025-12-05 16:00:00,26.6,35,2,58,1.5277777777777777
2025-12-05 17:00:00,24.1,40,0,25,0.9444444444444444
2025-12-05 18:00:00,22.1,46,0,74,0.9444444444444444
2025-12-05 19:00:00,20.9,52,3,101,1.2777777777777777
2025-12-05 20:00:00,20.2,57,3,79,1.2777777777777777
2025-12-05 21:00:00,19.9,54,3,35,1.6388888888888888
2025-12-05 22:00:00,19.1,51,3,8,2.4722222222222223
2025-12-05 23:00:00,18.0,55,3,360,2.5555555555555554
2025-12-06 00:00:00,16.8,59,2,348,2.361111111111111
2025-12-06 01:00:00,15.8,62,3,347,2.361111111111111
2025-12-06 02:00:00,15.2,65,3,351,2.3333333333333335
2025-12-06 03:00:00,14.7,68,3,356,2.361111111111111
2025-12-06 04:00:00,14.2,71,3,358,2.305555555555556
2025-12-06 05:00:00,14.1,70,3,356,2.4166666666666665
2025-12-06 06:00:00,13.8,70,3,356,2.1666666666666665
2025-12-06 07:00:00,14.7,64,3,7,2.361111111111111
2025-12-06 08:00:00,17.2,50,3,19,1.8611111111111112
2025-12-06 09:00:00,19.7,38,3,26,2.055555555555556
2025-12-06 10:00:00,22.1,31,3,31,1.9166666666666667
2025-12-06 11:00:00,24.1,29,3,47,1.9166666666666667
2025-12-06 12:00:00,25.5,26,3,42,1.4166666666666665
2025-12-06 13:00:00,26.3,25,3,24,0.9722222222222222
2025-12-06 14:00:00,26.6,25,3,5,1.1111111111111112
2025-12-06 15:00:00,26.4,26,3,352,1.472222222222222
2025-12-06 16:00:00,25.6,28,3,341,1.6944444444444442
2025-12-06 17:00:00,23.2,36,3,321,0.7222222222222222
2025-12-06 18:00:00,21.3,41,0,281,0.25
2025-12-06 19:00:00,20.4,48,2,297,0.11111111111111112
2025-12-06 20:00:00,19.8,50,2,315,0.1388888888888889
2025-12-06 21:00:00,18.5,50,2,353,0.8611111111111112
2025-12-06 22:00:00,17.0,58,3,358,1.4444444444444444
2025-12-06 23:00:00,16.8,59,3,352,2.111111111111111
2025-12-07 00:00:00,15.5,63,3,348,2.0
2025-12-07 01:00:00,15.1,60,3,350,2.638888888888889
2025-12-07 02:00:00,14.3,59,3,356,2.055555555555556
2025-12-07 03:00:00,13.5,63,3,351,1.5833333333333333
2025-12-07 04:00:00,13.1,66,3,343,1.3611111111111112
2025-12-07 05:00:00,13.3,67,3,336,1.0833333333333333
2025-12-07 06:00:00,12.6,71,3,336,1.1944444444444444
2025-12-07 07:00:00,14.0,66,3,348,2.111111111111111
2025-12-07 08:00:00,17.1,53,3,8,1.5
2025-12-07 09:00:00,20.2,44,3,23,1.8055555555555556
2025-12-07 10:00:00,22.6,37,3,28,1.8055555555555556
2025-12-07 11:00:00,24.7,31,3,42,1.8055555555555556
2025-12-07 12:00:00,26.4,25,2,47,1.6944444444444442
2025-12-07 13:00:00,27.5,22,2,57,1.7222222222222223
2025-12-07 14:00:00,28.0,20,3,63,1.777777777777778
2025-12-07 15:00:00,27.7,21,3,64,1.611111111111111
2025-12-07 16:00:00,26.9,23,1,95,1.25
2025-12-07 17:00:00,24.8,29,3,124,1.8055555555555556
2025-12-07 18:00:00,22.7,37,3,138,1.4166666666666665
2025-12-07 19:00:00,22.2,40,3,148,0.4722222222222222
2025-12-07 20:00:00,21.8,45,3,45,0.22222222222222224
2025-12-07 21:00:00,20.4,44,3,9,0.6666666666666666
2025-12-07 22:00:00,18.7,49,3,358,1.6388888888888888
2025-12-07 23:00:00,17.8,54,2,359,2.25
2025-12-08 00:00:00,15.8,62,0,6,1.9166666666666667
2025-12-08 01:00:00,15.3,63,0,360,1.8055555555555556
2025-12-08 02:00:00,14.5,64,0,348,1.6388888888888888
2025-12-08 03:00:00,13.7,66,1,340,1.6388888888888888
2025-12-08 04:00:00,13.5,65,2,342,2.055555555555556
2025-12-08 05:00:00,13.6,63,1,351,2.833333333333333
2025-12-08 06:00:00,13.6,62,2,352,2.7222222222222223
2025-12-08 07:00:00,14.6,57,0,356,2.861111111111111
2025-12-08 08:00:00,17.7,46,0,5,1.9166666666666667
2025-12-08 09:00:00,21.0,36,0,19,1.8055555555555556
2025-12-08 10:00:00,23.6,30,0,26,1.8333333333333333
2025-12-08 11:00:00,26.0,23,0,56,1.6944444444444442
2025-12-08 12:00:00,27.8,18,0,71,1.972222222222222
2025-12-08 13:00:00,28.6,17,0,63,2.0
2025-12-08 14:00:00,28.8,18,0,55,1.6388888888888888
2025-12-08 15:00:00,28.6,20,0,45,1.1388888888888888
2025-12-08 16:00:00,27.9,22,0,76,0.41666666666666663
2025-12-08 17:00:00,24.8,29,0,141,1.027777777777778
2025-12-08 18:00:00,23.4,33,0,125,0.6111111111111112
2025-12-08 19:00:00,22.8,34,3,27,0.3333333333333333
2025-12-08 20:00:00,21.5,37,1,8,1.1111111111111112
2025-12-08 21:00:00,20.4,41,1,355,1.9166666666666667
2025-12-08 22:00:00,19.3,42,2,349,2.3333333333333335
2025-12-08 23:00:00,18.6,44,0,353,2.4166666666666665
2025-12-09 00:00:00,17.1,49,0,352,2.111111111111111
2025-12-09 01:00:00,16.2,54,0,347,2.25
2025-12-09 02:00:00,15.3,58,0,346,2.2777777777777777
2025-12-09 03:00:00,14.6,61,0,346,2.305555555555556
2025-12-09 04:00:00,14.0,64,0,349,2.0833333333333335
2025-12-09 05:00:00,13.8,66,0,351,2.4444444444444446
2025-12-09 06:00:00,13.9,64,0,352,2.0833333333333335
2025-12-09 07:00:00,15.1,59,0,359,2.4444444444444446
2025-12-09 08:00:00,18.2,49,0,12,1.7222222222222223
2025-12-09 09:00:00,21.3,39,0,28,2.138888888888889
2025-12-09 10:00:00,24.1,33,0,33,2.5
2025-12-09 11:00:00,26.3,28,0,39,2.5277777777777777
2025-12-09 12:00:00,27.9,24,0,38,2.7222222222222223
2025-12-09 13:00:00,29.2,20,0,33,2.9166666666666665
2025-12-09 14:00:00,29.6,18,0,32,2.944444444444444
2025-12-09 15:00:00,29.5,17,0,30,2.7777777777777777
2025-12-09 16:00:00,28.5,18,0,30,2.388888888888889
2025-12-09 17:00:00,25.3,26,0,23,1.4166666666666665
2025-12-09 18:00:00,23.0,31,0,38,1.5277777777777777
2025-12-09 19:00:00,22.7,32,0,47,1.9166666666666667
2025-12-09 20:00:00,22.4,32,0,32,2.7222222222222223
2025-12-09 21:00:00,20.7,36,0,9,2.75
2025-12-09 22:00:00,19.2,41,0,348,2.5555555555555554
2025-12-09 23:00:00,18.2,45,0,342,3.0
2025-12-10 00:00:00,16.9,50,0,340,2.8055555555555554
2025-12-10 01:00:00,16.2,52,0,344,2.861111111111111
2025-12-10 02:00:00,15.6,55,0,348,2.861111111111111
2025-12-10 03:00:00,14.9,58,0,357,2.5
2025-12-10 04:00:00,14.1,61,0,4,2.1944444444444446
2025-12-10 05:00:00,14.0,61,0,5,2.25
2025-12-10 06:00:00,13.5,63,0,6,1.4166666666666665
2025-12-10 07:00:00,14.8,59,0,2,1.1388888888888888
2025-12-10 08:00:00,17.6,48,0,21,0.8611111111111112
2025-12-10 09:00:00,20.6,37,0,36,1.5277777777777777
2025-12-10 10:00:00,23.3,30,0,43,1.8333333333333333
2025-12-10 11:00:00,25.8,24,0,47,2.1944444444444446
2025-12-10 12:00:00,27.1,21,0,39,1.8055555555555556
2025-12-10 13:00:00,27.8,18,0,22,1.3333333333333333
2025-12-10 14:00:00,28.1,18,0,360,1.3055555555555556
2025-12-10 15:00:00,27.9,19,0,358,1.25
2025-12-10 16:00:00,27.2,21,0,330,0.8055555555555555
2025-12-10 17:00:00,23.7,29,0,294,0.9722222222222222
2025-12-10 18:00:00,21.3,38,0,285,0.9722222222222222
2025-12-10 19:00:00,20.4,42,0,342,0.3055555555555556
2025-12-10 20:00:00,20.0,47,0,127,0.25
2025-12-10 21:00:00,19.2,43,0,13,0.4722222222222222
2025-12-10 22:00:00,17.8,46,0,359,1.9444444444444444
2025-12-10 23:00:00,16.8,50,0,348,2.611111111111111
2025-12-11 00:00:00,15.3,55,0,341,2.2777777777777777
2025-12-11 01:00:00,14.7,57,0,344,2.2222222222222223
2025-12-11 02:00:00,14.1,58,0,343,1.8888888888888888
2025-12-11 03:00:00,13.6,60,0,352,1.8611111111111112
2025-12-11 04:00:00,13.1,62,0,355,1.8055555555555556
2025-12-11 05:00:00,13.2,64,0,353,1.75
2025-12-11 06:00:00,12.2,69,0,356,1.4444444444444444
2025-12-11 07:00:00,13.8,64,0,360,1.8611111111111112
2025-12-11 08:00:00,16.8,53,0,16,1.4444444444444444
2025-12-11 09:00:00,20.0,43,0,30,1.611111111111111
2025-12-11 10:00:00,22.7,36,0,40,1.777777777777778
2025-12-11 11:00:00,25.0,31,0,56,1.8055555555555556
2025-12-11 12:00:00,26.5,25,0,79,1.027777777777778
2025-12-11 13:00:00,27.3,22,0,59,0.2777777777777778
2025-12-11 14:00:00,27.6,21,0,309,0.3333333333333333
2025-12-11 15:00:00,27.5,21,0,317,0.8055555555555555
2025-12-11 16:00:00,26.7,23,0,322,1.6388888888888888
2025-12-11 17:00:00,24.0,32,0,319,1.0555555555555556
2025-12-11 18:00:00,22.7,43,0,270,0.05555555555555556
2025-12-11 19:00:00,20.8,40,0,158,1.4444444444444444
2025-12-11 20:00:00,20.3,44,0,169,1.0555555555555556
2025-12-11 21:00:00,19.5,46,0,238,0.6388888888888888
2025-12-11 22:00:00,17.7,52,0,281,1.027777777777778
2025-12-11 23:00:00,17.1,56,0,312,1.5555555555555554
2025-12-12 00:00:00,15.5,61,0,322,1.6388888888888888
2025-12-12 01:00:00,15.0,64,0,342,1.472222222222222
2025-12-12 02:00:00,14.8,65,0,336,1.75
2025-12-12 03:00:00,14.2,69,0,340,1.8611111111111112
2025-12-12 04:00:00,13.4,74,0,342,1.5833333333333333
2025-12-12 05:00:00,13.1,76,0,344,1.777777777777778
2025-12-12 06:00:00,12.9,77,0,351,1.5277777777777777
2025-12-12 07:00:00,13.8,72,0,354,1.972222222222222
2025-12-12 08:00:00,17.0,59,0,352,1.472222222222222
2025-12-12 09:00:00,20.7,47,0,6,1.4444444444444444
2025-12-12 10:00:00,23.7,38,0,30,1.8055555555555556
2025-12-12 11:00:00,25.7,29,0,53,1.5
2025-12-12 12:00:00,27.1,24,0,43,1.027777777777778
2025-12-12 13:00:00,27.7,22,0,28,0.75
2025-12-12 14:00:00,28.0,22,0,348,0.7222222222222222
2025-12-12 15:00:00,27.7,23,0,330,1.2222222222222223
2025-12-12 16:00:00,26.9,26,0,323,1.9166666666666667
2025-12-12 17:00:00,24.6,33,0,308,1.8611111111111112
2025-12-12 18:00:00,22.3,40,0,282,0.9722222222222222
2025-12-12 19:00:00,21.6,40,0,150,0.41666666666666663
2025-12-12 20:00:00,20.8,43,0,115,1.5555555555555554
2025-12-12 21:00:00,20.6,43,0,360,0.3611111111111111
2025-12-12 22:00:00,18.9,51,0,344,1.4444444444444444
2025-12-12 23:00:00,18.3,56,0,350,1.777777777777778
2025-12-13 00:00:00,16.5,64,0,353,1.7222222222222223
2025-12-13 01:00:00,15.7,68,0,351,1.611111111111111
2025-12-13 02:00:00,15.4,68,0,352,1.8055555555555556
2025-12-13 03:00:00,14.6,71,0,358,1.4444444444444444
2025-12-13 04:00:00,13.9,74,0,344,1.3055555555555556
2025-12-13 05:00:00,14.0,71,0,349,1.777777777777778
2025-12-13 06:00:00,13.6,72,0,353,1.6666666666666665
2025-12-13 07:00:00,14.6,69,0,2,2.305555555555556
2025-12-13 08:00:00,17.6,58,0,5,1.6944444444444442
2025-12-13 09:00:00,20.8,46,0,23,1.6388888888888888
2025-12-13 10:00:00,23.6,36,0,40,1.777777777777778
2025-12-13 11:00:00,25.6,31,0,48,1.4166666666666665
2025-12-13 12:00:00,27.2,26,0,28,0.9722222222222222
2025-12-13 13:00:00,27.9,23,0,360,1.0
2025-12-13 14:00:00,28.1,22,0,348,1.2222222222222223
2025-12-13 15:00:00,27.9,22,0,338,1.5555555555555554
2025-12-13 16:00:00,27.1,24,0,328,2.055555555555556
2025-12-13 17:00:00,25.1,30,0,324,1.3611111111111112
2025-12-13 18:00:00,23.5,34,0,294,0.5
2025-12-13 19:00:00,22.4,42,0,108,0.16666666666666666
2025-12-13 20:00:00,21.2,41,0,61,0.5277777777777778
2025-12-13 21:00:00,19.6,47,0,3,1.1111111111111112
2025-12-13 22:00:00,18.9,50,0,3,1.8055555555555556
2025-12-13 23:00:00,18.3,53,0,355,2.5
2025-12-14 00:00:00,17.1,57,0,358,2.361111111111111
2025-12-14 01:00:00,16.3,59,0,354,2.055555555555556
2025-12-14 02:00:00,15.6,61,0,352,1.8611111111111112
2025-12-14 03:00:00,14.7,65,0,350,1.7222222222222223
2025-12-14 04:00:00,14.2,68,0,348,1.6944444444444442
2025-12-14 05:00:00,13.8,70,0,347,1.8055555555555556
2025-12-14 06:00:00,13.3,73,0,346,1.5
2025-12-14 07:00:00,14.5,68,0,352,2.1666666666666665
2025-12-14 08:00:00,17.6,56,0,360,1.8611111111111112
2025-12-14 09:00:00,20.8,46,0,15,1.9166666666666667
2025-12-14 10:00:00,23.4,39,0,30,2.0833333333333335
2025-12-14 11:00:00,25.4,32,0,35,1.9444444444444444
2025-12-14 12:00:00,26.8,26,0,26,1.5
2025-12-14 13:00:00,27.6,24,0,8,1.5
2025-12-14 14:00:00,27.8,23,0,3,1.6666666666666665
2025-12-14 15:00:00,27.6,24,0,2,1.6388888888888888
2025-12-14 16:00:00,26.9,26,0,353,1.75
2025-12-14 17:00:00,24.6,35,0,328,0.9444444444444444
2025-12-14 18:00:00,23.0,40,0,323,0.5
2025-12-14 19:00:00,21.2,44,0,83,1.25
2025-12-14 20:00:00,20.2,47,0,73,1.4166666666666665
2025-12-14 21:00:00,19.8,48,0,25,1.9166666666666667
2025-12-14 22:00:00,18.9,51,0,2,2.75
2025-12-14 23:00:00,17.9,55,0,351,2.75
2025-12-15 00:00:00,16.7,59,0,347,2.305555555555556
2025-12-15 01:00:00,15.9,63,0,347,2.1666666666666665
2025-12-15 02:00:00,15.3,67,0,352,2.1666666666666665
2025-12-15 03:00:00,14.6,72,0,351,1.972222222222222
2025-12-15 04:00:00,14.1,76,0,344,1.8611111111111112
2025-12-15 05:00:00,13.9,77,0,344,2.138888888888889
2025-12-15 06:00:00,13.8,79,0,350,1.6666666666666665
2025-12-15 07:00:00,14.7,75,0,355,2.25
2025-12-15 08:00:00,17.4,63,0,1,2.0
2025-12-15 09:00:00,20.1,52,0,26,1.9444444444444444
2025-12-15 10:00:00,22.6,44,0,43,1.8333333333333333
2025-12-15 11:00:00,24.4,39,0,63,1.3333333333333333
2025-12-15 12:00:00,26.1,33,0,94,0.8055555555555555
2025-12-15 13:00:00,27.0,31,0,101,0.5
2025-12-15 14:00:00,27.3,29,0,56,0.3611111111111111
2025-12-15 15:00:00,27.2,29,0,20,0.75
2025-12-15 16:00:00,26.5,31,0,16,0.9444444444444444
2025-12-15 17:00:00,23.9,40,0,353,0.8611111111111112
2025-12-15 18:00:00,22.3,44,0,350,0.5555555555555556
2025-12-15 19:00:00,21.6,47,0,53,0.25
2025-12-15 20:00:00,20.7,50,0,105,0.5833333333333334
2025-12-15 21:00:00,20.0,53,0,112,0.8055555555555555
2025-12-15 22:00:00,19.1,57,0,51,0.7222222222222222
2025-12-15 23:00:00,17.8,63,0,4,1.3055555555555556
2025-12-16 00:00:00,16.2,69,0,348,1.9444444444444444
2025-12-16 01:00:00,15.2,73,0,348,2.0
2025-12-16 02:00:00,14.5,75,0,349,2.0277777777777777
2025-12-16 03:00:00,14.0,77,0,351,1.972222222222222
2025-12-16 04:00:00,13.5,78,0,349,1.777777777777778
2025-12-16 05:00:00,13.2,77,0,352,1.7222222222222223
2025-12-16 06:00:00,12.2,81,0,351,1.2777777777777777
2025-12-16 07:00:00,13.7,74,0,357,1.8055555555555556
2025-12-16 08:00:00,16.8,61,0,17,1.5555555555555554
2025-12-16 09:00:00,19.7,52,0,38,1.7222222222222223
2025-12-16 10:00:00,22.3,44,0,55,1.5833333333333333
2025-12-16 11:00:00,24.3,38,0,75,1.5555555555555554
2025-12-16 12:00:00,25.9,34,0,100,1.1111111111111112
2025-12-16 13:00:00,26.8,32,0,125,0.7777777777777777
2025-12-16 14:00:00,27.4,30,0,106,0.3611111111111111
2025-12-16 15:00:00,27.3,30,0,9,0.3055555555555556
2025-12-16 16:00:00,26.7,31,0,337,0.75
2025-12-16 17:00:00,24.3,40,0,339,0.8611111111111112
2025-12-16 18:00:00,22.4,47,0,349,1.0555555555555556
2025-12-16 19:00:00,21.7,50,0,4,0.6388888888888888
2025-12-16 20:00:00,21.0,52,0,60,0.41666666666666663
2025-12-16 21:00:00,20.5,55,0,127,0.25
2025-12-16 22:00:00,19.4,58,0,333,0.11111111111111112
2025-12-16 23:00:00,17.8,64,0,332,0.8611111111111112
2025-12-17 00:00:00,15.5,73,0,333,1.3333333333333333
2025-12-17 01:00:00,14.7,76,0,339,1.3888888888888888
2025-12-17 02:00:00,14.3,78,0,347,1.9444444444444444
2025-12-17 03:00:00,13.6,79,0,340,2.0277777777777777
2025-12-17 04:00:00,13.0,80,0,336,1.8611111111111112
2025-12-17 05:00:00,12.7,80,0,345,2.111111111111111
2025-12-17 06:00:00,12.2,82,0,352,1.5
2025-12-17 07:00:00,12.8,80,0,357,1.9444444444444444
2025-12-17 08:00:00,15.7,65,0,7,1.1666666666666667
2025-12-17 09:00:00,19.3,49,0,27,1.1111111111111112
2025-12-17 10:00:00,22.6,36,0,33,1.1944444444444444
2025-12-17 11:00:00,24.9,28,0,29,0.9166666666666666
2025-12-17 12:00:00,27.0,21,0,360,0.6111111111111112
2025-12-17 13:00:00,28.0,19,0,337,0.6388888888888888
2025-12-17 14:00:00,28.6,18,0,332,0.8611111111111112
2025-12-17 15:00:00,28.5,18,0,322,1.1388888888888888
2025-12-17 16:00:00,27.6,19,0,307,1.5
2025-12-17 17:00:00,24.9,27,0,281,0.7777777777777777
2025-12-17 18:00:00,23.4,28,0,225,0.41666666666666663
2025-12-17 19:00:00,22.1,31,0,202,0.5277777777777778
2025-12-17 20:00:00,20.5,35,0,246,0.5
2025-12-17 21:00:00,18.6,40,0,318,1.3333333333333333
2025-12-17 22:00:00,17.8,46,0,327,1.5555555555555554
2025-12-17 23:00:00,17.4,52,0,337,2.1666666666666665
2025-12-18 00:00:00,15.8,62,0,353,1.9166666666666667
2025-12-18 01:00:00,15.1,66,0,355,2.1666666666666665
2025-12-18 02:00:00,14.4,68,0,349,2.0833333333333335
2025-12-18 03:00:00,13.8,68,0,349,2.305555555555556
2025-12-18 04:00:00,13.4,68,0,349,2.638888888888889
2025-12-18 05:00:00,13.7,69,0,353,2.7222222222222223
2025-12-18 06:00:00,13.8,71,0,358,2.611111111111111
2025-12-18 07:00:00,14.6,69,0,1,2.888888888888889
2025-12-18 08:00:00,17.5,60,0,2,2.5
2025-12-18 09:00:00,20.9,50,0,7,2.111111111111111
2025-12-18 10:00:00,23.9,39,0,18,2.25
2025-12-18 11:00:00,26.2,29,0,33,2.138888888888889
2025-12-18 12:00:00,27.7,23,0,35,1.6388888888888888
2025-12-18 13:00:00,28.5,22,0,23,1.4166666666666665
2025-12-18 14:00:00,28.7,22,0,360,1.5
2025-12-18 15:00:00,28.6,24,0,343,1.9166666666666667
2025-12-18 16:00:00,28.4,23,0,330,2.138888888888889
2025-12-18 17:00:00,25.5,30,0,283,1.3333333333333333
2025-12-18 18:00:00,22.8,39,0,304,0.888888888888889
2025-12-18 19:00:00,21.9,39,0,17,1.7222222222222223
2025-12-18 20:00:00,21.2,39,0,22,1.8888888888888888
2025-12-18 21:00:00,19.3,43,0,358,1.5
2025-12-18 22:00:00,19.0,41,0,350,1.972222222222222
2025-12-18 23:00:00,18.8,45,0,360,2.388888888888889
2025-12-19 00:00:00,17.1,53,0,351,2.4444444444444446
2025-12-19 01:00:00,16.0,59,0,349,2.694444444444444
2025-12-19 02:00:00,15.0,64,0,350,2.5
2025-12-19 03:00:00,14.1,67,0,346,2.111111111111111
2025-12-19 04:00:00,13.3,71,0,342,2.0
2025-12-19 05:00:00,13.2,69,0,342,2.111111111111111
2025-12-19 06:00:00,12.7,74,0,346,1.8055555555555556
2025-12-19 07:00:00,13.5,72,0,350,2.2222222222222223
2025-12-19 08:00:00,16.3,60,0,358,1.6388888888888888
2025-12-19 09:00:00,19.7,47,0,11,1.6388888888888888
2025-12-19 10:00:00,22.4,39,0,19,1.972222222222222
2025-12-19 11:00:00,24.7,31,0,2,1.8888888888888888
2025-12-19 12:00:00,26.1,27,0,344,1.972222222222222
2025-12-19 13:00:00,26.8,26,0,341,2.3333333333333335
2025-12-19 14:00:00,27.2,26,0,346,2.4166666666666665
2025-12-19 15:00:00,27.2,27,0,347,2.25
2025-12-19 16:00:00,26.8,29,0,333,1.8611111111111112
2025-12-19 17:00:00,24.4,35,0,306,1.3611111111111112
2025-12-19 18:00:00,22.7,41,0,358,1.5
2025-12-19 19:00:00,22.2,37,0,42,2.2222222222222223
2025-12-19 20:00:00,20.8,41,0,32,2.5277777777777777
2025-12-19 21:00:00,19.7,48,0,26,3.222222222222222
2025-12-19 22:00:00,18.5,55,0,19,2.4722222222222223
2025-12-19 23:00:00,17.6,60,0,13,2.4722222222222223
2025-12-20 00:00:00,16.2,68,0,15,2.111111111111111
2025-12-20 01:00:00,15.3,74,0,3,2.25
2025-12-20 02:00:00,14.4,80,0,356,2.305555555555556
2025-12-20 03:00:00,13.7,84,0,357,3.0
2025-12-20 04:00:00,13.2,85,0,360,3.194444444444444
2025-12-20 05:00:00,12.7,85,0,360,2.861111111111111
2025-12-20 06:00:00,12.2,86,0,354,2.25
2025-12-20 07:00:00,12.7,81,0,354,2.4166666666666665
2025-12-20 08:00:00,15.4,67,0,358,1.8055555555555556
2025-12-20 09:00:00,18.4,54,0,16,1.8611111111111112
2025-12-20 10:00:00,21.3,42,0,30,1.972222222222222
2025-12-20 11:00:00,23.7,33,0,42,1.8055555555555556
2025-12-20 12:00:00,25.6,28,0,41,1.7222222222222223
2025-12-20 13:00:00,26.8,26,0,44,1.7222222222222223
2025-12-20 14:00:00,27.4,24,0,49,1.6666666666666665
2025-12-20 15:00:00,27.6,22,0,53,1.75
2025-12-20 16:00:00,27.1,22,0,65,1.8888888888888888
2025-12-20 17:00:00,24.4,29,0,90,1.3888888888888888
2025-12-20 18:00:00,22.0,38,0,88,1.4444444444444444
2025-12-20 19:00:00,20.6,44,0,77,1.5277777777777777
2025-12-20 20:00:00,19.9,43,0,61,1.6666666666666665
2025-12-20 21:00:00,18.5,42,0,29,1.5555555555555554
2025-12-20 22:00:00,17.8,43,0,352,1.777777777777778
2025-12-20 23:00:00,16.9,47,0,344,2.305555555555556
2025-12-21 00:00:00,15.1,51,0,349,2.0833333333333335
2025-12-21 01:00:00,14.6,53,1,355,2.1666666666666665
2025-12-21 02:00:00,14.0,57,3,357,1.8611111111111112
2025-12-21 03:00:00,13.8,62,1,359,2.055555555555556
2025-12-21 04:00:00,13.4,67,0,7,2.361111111111111
2025-12-21 05:00:00,13.2,71,0,9,2.4722222222222223
2025-12-21 06:00:00,12.9,75,0,8,1.8611111111111112
2025-12-21 07:00:00,13.4,73,1,6,2.055555555555556
2025-12-21 08:00:00,16.2,61,3,10,1.6666666666666665
2025-12-21 09:00:00,19.1,49,3,20,1.8611111111111112
2025-12-21 10:00:00,21.6,41,3,32,1.8055555555555556
2025-12-21 11:00:00,23.5,37,3,43,1.6944444444444442
2025-12-21 12:00:00,25.4,30,3,52,1.3888888888888888
2025-12-21 13:00:00,26.5,26,3,53,1.25
2025-12-21 14:00:00,26.9,26,3,57,1.3611111111111112
2025-12-21 15:00:00,26.7,26,3,67,1.25
2025-12-21 16:00:00,26.1,29,2,81,1.2222222222222223
2025-12-21 17:00:00,23.7,38,1,118,1.0833333333333333
2025-12-21 18:00:00,22.3,42,1,144,1.611111111111111
2025-12-21 19:00:00,20.8,47,3,158,1.4444444444444444
2025-12-21 20:00:00,20.6,48,0,153,0.7777777777777777
2025-12-21 21:00:00,20.3,49,1,315,0.08333333333333333
2025-12-21 22:00:00,18.7,54,3,347,1.9444444444444444
2025-12-21 23:00:00,17.8,57,1,354,2.7222222222222223
2025-12-22 00:00:00,16.4,58,3,351,2.1666666666666665
2025-12-22 01:00:00,15.9,57,3,349,2.1944444444444446
2025-12-22 02:00:00,15.4,57,3,353,2.055555555555556
2025-12-22 03:00:00,14.6,62,3,352,1.8055555555555556
2025-12-22 04:00:00,13.9,66,3,353,1.611111111111111
2025-12-22 05:00:00,13.6,69,3,359,2.0
2025-12-22 06:00:00,13.5,71,3,3,1.9444444444444444
2025-12-22 07:00:00,14.2,69,3,7,2.3333333333333335
2025-12-22 08:00:00,16.8,59,3,18,2.0
2025-12-22 09:00:00,19.5,49,3,29,2.2777777777777777
2025-12-22 10:00:00,22.5,39,3,37,2.388888888888889
2025-12-22 11:00:00,25.1,31,3,38,2.4722222222222223
2025-12-22 12:00:00,26.5,27,1,38,2.111111111111111
2025-12-22 13:00:00,27.5,26,0,37,1.8888888888888888
2025-12-22 14:00:00,28.1,25,0,39,1.75
2025-12-22 15:00:00,28.1,26,0,40,1.6944444444444442
2025-12-22 16:00:00,27.6,28,0,48,1.3333333333333333
2025-12-22 17:00:00,25.3,34,0,98,0.6944444444444444
2025-12-22 18:00:00,22.8,41,0,126,1.1666666666666667
2025-12-22 19:00:00,21.5,47,0,109,1.0555555555555556
2025-12-22 20:00:00,20.3,52,0,40,1.1666666666666667
2025-12-22 21:00:00,19.8,53,0,16,1.611111111111111
2025-12-22 22:00:00,18.9,53,0,6,2.0
2025-12-22 23:00:00,18.2,56,0,5,2.611111111111111
2025-12-23 00:00:00,17.0,62,0,1,2.5
2025-12-23 01:00:00,16.2,66,0,360,2.4444444444444446
2025-12-23 02:00:00,15.6,70,0,358,2.638888888888889
2025-12-23 03:00:00,15.0,73,0,360,2.611111111111111
2025-12-23 04:00:00,14.4,76,0,355,2.4444444444444446
2025-12-23 05:00:00,13.8,77,0,358,2.388888888888889
2025-12-23 06:00:00,13.8,77,0,4,1.9444444444444444
2025-12-23 07:00:00,14.4,74,0,8,2.1666666666666665
2025-12-23 08:00:00,17.0,63,0,16,1.6666666666666665
2025-12-23 09:00:00,20.1,52,0,29,2.055555555555556
2025-12-23 10:00:00,22.8,42,0,32,2.361111111111111
2025-12-23 11:00:00,24.9,36,0,46,2.4444444444444446
2025-12-23 12:00:00,26.5,32,0,51,2.388888888888889
2025-12-23 13:00:00,27.6,29,0,51,2.1944444444444446
2025-12-23 14:00:00,28.2,28,0,55,1.8333333333333333
2025-12-23 15:00:00,28.3,27,0,63,1.6388888888888888
2025-12-23 16:00:00,28.0,27,0,74,1.611111111111111
2025-12-23 17:00:00,25.3,32,0,66,0.9722222222222222
2025-12-23 18:00:00,22.9,37,0,67,1.1388888888888888
2025-12-23 19:00:00,21.4,42,0,56,1.5
2025-12-23 20:00:00,20.5,41,1,28,1.6944444444444442
2025-12-23 21:00:00,20.5,41,1,7,2.4722222222222223
2025-12-23 22:00:00,19.3,48,0,360,2.694444444444444
2025-12-23 23:00:00,18.7,54,0,1,2.611111111111111
2025-12-24 00:00:00,17.3,61,0,355,2.4166666666666665
2025-12-24 01:00:00,16.6,66,0,353,2.5555555555555554
2025-12-24 02:00:00,15.9,70,0,352,2.6666666666666665
2025-12-24 03:00:00,15.3,74,0,351,2.6666666666666665
2025-12-24 04:00:00,14.8,77,0,354,2.5555555555555554
2025-12-24 05:00:00,14.7,77,0,2,2.4444444444444446
2025-12-24 06:00:00,14.7,76,0,4,2.055555555555556
2025-12-24 07:00:00,15.3,73,0,7,2.361111111111111
2025-12-24 08:00:00,18.0,61,0,15,1.972222222222222
2025-12-24 09:00:00,20.8,50,0,30,2.0833333333333335
2025-12-24 10:00:00,23.5,42,1,46,2.5
2025-12-24 11:00:00,25.7,33,3,55,2.8055555555555554
2025-12-24 12:00:00,26.9,27,3,63,2.361111111111111
2025-12-24 13:00:00,27.5,24,3,76,2.0
2025-12-24 14:00:00,27.6,24,3,78,1.8888888888888888
2025-12-24 15:00:00,27.4,25,3,82,1.7222222222222223
2025-12-24 16:00:00,26.8,27,3,99,1.6666666666666665
2025-12-24 17:00:00,24.6,31,3,135,1.472222222222222
2025-12-24 18:00:00,23.1,35,3,145,2.0
2025-12-24 19:00:00,21.6,40,2,149,0.8611111111111112
2025-12-24 20:00:00,20.6,43,0,165,1.1388888888888888
2025-12-24 21:00:00,20.2,44,0,159,0.41666666666666663
2025-12-24 22:00:00,18.6,48,0,7,1.25
2025-12-24 23:00:00,18.4,51,1,351,1.9166666666666667
2025-12-25 00:00:00,16.8,60,1,354,1.5
2025-12-25 01:00:00,15.9,66,0,29,1.4444444444444444
2025-12-25 02:00:00,15.5,70,2,358,1.3888888888888888
2025-12-25 03:00:00,14.9,73,1,343,1.4166666666666665
2025-12-25 04:00:00,14.6,74,0,344,1.8611111111111112
2025-12-25 05:00:00,14.2,78,0,348,2.25
2025-12-25 06:00:00,14.3,79,0,353,2.055555555555556
2025-12-25 07:00:00,15.0,78,0,2,2.4444444444444446
2025-12-25 08:00:00,17.5,67,0,11,1.777777777777778
2025-12-25 09:00:00,20.3,56,0,29,1.8888888888888888
2025-12-25 10:00:00,22.8,47,0,49,2.055555555555556
2025-12-25 11:00:00,24.9,39,0,67,2.055555555555556
2025-12-25 12:00:00,26.2,34,0,72,1.4166666666666665
2025-12-25 13:00:00,26.9,31,0,72,1.0
2025-12-25 14:00:00,27.2,30,0,63,0.6666666666666666
2025-12-25 15:00:00,27.0,30,0,27,0.3333333333333333
2025-12-25 16:00:00,26.5,31,0,315,0.1388888888888889
2025-12-25 17:00:00,24.4,39,0,151,0.5277777777777778
2025-12-25 18:00:00,22.3,42,0,144,1.4166666666666665
2025-12-25 19:00:00,21.5,44,0,144,1.5277777777777777
2025-12-25 20:00:00,20.2,48,0,167,1.3333333333333333
2025-12-25 21:00:00,19.1,53,0,196,1.0833333333333333
2025-12-25 22:00:00,18.3,57,0,225,0.8611111111111112
2025-12-25 23:00:00,18.2,59,0,330,0.41666666666666663
2025-12-26 00:00:00,16.8,65,0,343,2.4166666666666665
2025-12-26 01:00:00,16.1,68,0,343,1.9166666666666667
2025-12-26 02:00:00,15.2,73,0,347,1.8333333333333333
2025-12-26 03:00:00,14.5,77,0,2,1.8888888888888888
2025-12-26 04:00:00,14.1,79,0,10,1.7222222222222223
2025-12-26 05:00:00,13.9,81,0,357,1.6666666666666665
2025-12-26 06:00:00,13.5,83,0,358,1.25
2025-12-26 07:00:00,14.2,79,0,3,1.9444444444444444
2025-12-26 08:00:00,16.8,66,0,10,1.3611111111111112
2025-12-26 09:00:00,19.8,54,0,25,1.5555555555555554
2025-12-26 10:00:00,22.7,44,0,43,1.6944444444444442
2025-12-26 11:00:00,24.5,38,0,58,1.4166666666666665
2025-12-26 12:00:00,25.8,34,0,36,0.8611111111111112
2025-12-26 13:00:00,26.5,33,0,3,0.8611111111111112
2025-12-26 14:00:00,26.8,31,0,350,1.1111111111111112
2025-12-26 15:00:00,26.8,30,0,337,1.5277777777777777
2025-12-26 16:00:00,26.2,30,0,331,1.8888888888888888
2025-12-26 17:00:00,24.4,36,0,326,1.1388888888888888
2025-12-26 18:00:00,23.3,42,0,315,0.22222222222222224
2025-12-26 19:00:00,22.1,44,0,158,0.2777777777777778
2025-12-26 20:00:00,20.7,49,0,127,1.5833333333333333
2025-12-26 21:00:00,19.9,54,0,78,0.7222222222222222
2025-12-26 22:00:00,18.6,59,0,360,1.1944444444444444
2025-12-26 23:00:00,18.5,61,0,18,2.138888888888889
2025-12-27 00:00:00,17.0,64,0,16,1.8611111111111112
2025-12-27 01:00:00,16.0,65,0,7,1.6666666666666665
2025-12-27 02:00:00,15.4,67,0,5,1.8055555555555556
2025-12-27 03:00:00,14.7,71,0,5,1.9166666666666667
2025-12-27 04:00:00,14.0,75,0,4,1.611111111111111
2025-12-27 05:00:00,13.6,78,0,353,1.611111111111111
2025-12-27 06:00:00,13.1,80,0,356,1.4166666666666665
2025-12-27 07:00:00,13.9,77,0,357,2.138888888888889
2025-12-27 08:00:00,16.5,64,0,360,1.6388888888888888
2025-12-27 09:00:00,19.5,50,0,12,1.6388888888888888
2025-12-27 10:00:00,22.4,37,0,27,1.6666666666666665
2025-12-27 11:00:00,24.2,33,0,22,1.1944444444444444
2025-12-27 12:00:00,25.7,32,0,349,0.8055555555555555
2025-12-27 13:00:00,26.5,31,0,331,1.1388888888888888
2025-12-27 14:00:00,26.9,30,0,333,1.5555555555555554
2025-12-27 15:00:00,26.8,29,0,338,1.8333333333333333
2025-12-27 16:00:00,26.3,29,0,349,1.6388888888888888
2025-12-27 17:00:00,24.4,37,0,7,0.8611111111111112
2025-12-27 18:00:00,23.1,40,0,9,0.6111111111111112
2025-12-27 19:00:00,22.2,42,0,45,0.3611111111111111
2025-12-27 20:00:00,21.1,45,0,164,0.3611111111111111
2025-12-27 21:00:00,19.4,50,0,108,0.6388888888888888
2025-12-27 22:00:00,17.7,57,0,23,1.3055555555555556
2025-12-27 23:00:00,17.6,59,0,39,1.4166666666666665
2025-12-28 00:00:00,16.1,64,0,30,1.5
2025-12-28 01:00:00,15.6,65,0,22,1.5555555555555554
2025-12-28 02:00:00,14.9,68,0,22,1.611111111111111
2025-12-28 03:00:00,14.4,71,0,10,1.7222222222222223
2025-12-28 04:00:00,13.8,74,0,5,1.6944444444444442
2025-12-28 05:00:00,13.4,79,0,357,1.75
2025-12-28 06:00:00,12.9,80,0,360,1.4444444444444444
2025-12-28 07:00:00,13.6,77,0,360,2.138888888888889
2025-12-28 08:00:00,16.1,64,0,3,1.8611111111111112
2025-12-28 09:00:00,19.0,52,0,14,1.6388888888888888
2025-12-28 10:00:00,22.1,40,0,30,1.6944444444444442
2025-12-28 11:00:00,24.1,32,0,38,1.3888888888888888
2025-12-28 12:00:00,25.7,30,0,9,1.0
2025-12-28 13:00:00,26.6,29,0,340,1.3333333333333333
2025-12-28 14:00:00,27.0,29,0,339,1.5555555555555554
2025-12-28 15:00:00,27.0,28,0,338,1.5555555555555554
2025-12-28 16:00:00,26.4,28,0,341,1.5277777777777777
2025-12-28 17:00:00,24.4,36,0,338,0.8055555555555555
2025-12-28 18:00:00,23.1,38,0,31,0.2777777777777778
2025-12-28 19:00:00,21.7,41,0,130,0.38888888888888884
2025-12-28 20:00:00,19.6,47,0,189,1.3055555555555556
2025-12-28 21:00:00,18.5,54,0,209,1.027777777777778
2025-12-28 22:00:00,17.9,56,0,342,0.3055555555555556
2025-12-28 23:00:00,17.2,59,0,352,1.4166666666666665
2025-12-29 00:00:00,15.8,65,0,350,1.4166666666666665
2025-12-29 01:00:00,15.2,67,0,358,1.5555555555555554
2025-12-29 02:00:00,14.7,66,0,3,1.9444444444444444
2025-12-29 03:00:00,14.2,64,0,8,1.8055555555555556
2025-12-29 04:00:00,13.6,66,0,5,1.6666666666666665
2025-12-29 05:00:00,13.4,70,0,4,1.611111111111111
2025-12-29 06:00:00,12.8,74,0,356,1.611111111111111
2025-12-29 07:00:00,13.5,72,0,355,2.1666666666666665
2025-12-29 08:00:00,16.2,62,0,360,1.8055555555555556
2025-12-29 09:00:00,19.2,52,0,13,1.8055555555555556
2025-12-29 10:00:00,22.2,40,0,24,1.8055555555555556
2025-12-29 11:00:00,24.3,31,0,35,1.3888888888888888
2025-12-29 12:00:00,26.1,25,0,16,1.25
2025-12-29 13:00:00,27.0,23,0,5,1.1944444444444444
2025-12-29 14:00:00,27.4,22,0,358,1.3055555555555556
2025-12-29 15:00:00,27.3,21,0,356,1.3055555555555556
2025-12-29 16:00:00,26.8,22,0,348,1.1666666666666667
2025-12-29 17:00:00,24.6,30,0,321,0.3333333333333333
2025-12-29 18:00:00,22.7,37,0,225,0.08333333333333333
2025-12-29 19:00:00,21.1,36,0,164,0.7222222222222222
2025-12-29 20:00:00,20.1,41,0,133,0.888888888888889
2025-12-29 21:00:00,19.3,44,0,153,0.6666666666666666
2025-12-29 22:00:00,18.4,47,0,211,0.2777777777777778
2025-12-29 23:00:00,17.5,50,0,284,0.41666666666666663
2025-12-30 00:00:00,15.1,59,0,313,1.3055555555555556
2025-12-30 01:00:00,13.9,65,0,340,1.611111111111111
2025-12-30 02:00:00,13.6,65,0,348,1.6944444444444442
2025-12-30 03:00:00,12.8,67,0,346,1.5
2025-12-30 04:00:00,12.2,68,0,346,1.6944444444444442
2025-12-30 05:00:00,12.0,70,0,347,2.055555555555556
2025-12-30 06:00:00,11.7,71,0,353,1.5555555555555554
2025-12-30 07:00:00,12.2,70,0,355,1.8055555555555556
2025-12-30 08:00:00,15.0,59,0,358,1.3055555555555556
2025-12-30 09:00:00,18.7,47,0,16,0.9444444444444444
2025-12-30 10:00:00,22.2,34,0,43,1.027777777777778
2025-12-30 11:00:00,24.5,28,0,58,0.6388888888888888
2025-12-30 12:00:00,26.4,24,0,72,0.16666666666666666
2025-12-30 13:00:00,27.2,22,0,90,0.11111111111111112
2025-12-30 14:00:00,27.6,21,0,90,0.1388888888888889
2025-12-30 15:00:00,27.5,21,1,90,0.11111111111111112
2025-12-30 16:00:00,26.9,22,1,104,0.19444444444444442
2025-12-30 17:00:00,24.6,29,2,166,0.8333333333333333
2025-12-30 18:00:00,22.0,32,1,194,1.25
2025-12-30 19:00:00,20.4,40,2,221,1.0555555555555556
2025-12-30 20:00:00,19.4,44,1,191,0.8055555555555555
2025-12-30 21:00:00,18.5,48,1,196,1.0833333333333333
2025-12-30 22:00:00,17.5,52,2,207,1.3333333333333333
2025-12-30 23:00:00,17.3,53,2,213,1.5555555555555554
2025-12-31 00:00:00,16.2,56,0,238,0.9444444444444444
2025-12-31 01:00:00,15.1,60,0,343,0.6666666666666666
2025-12-31 02:00:00,14.2,65,0,356,2.25
2025-12-31 03:00:00,13.0,70,0,324,1.611111111111111
2025-12-31 04:00:00,12.6,73,0,335,1.4444444444444444
2025-12-31 05:00:00,12.8,74,0,335,1.4444444444444444
2025-12-31 06:00:00,11.8,78,0,337,1.25
2025-12-31 07:00:00,12.9,73,0,339,1.5
2025-12-31 08:00:00,16.1,60,0,354,0.9444444444444444
2025-12-31 09:00:00,20.1,46,0,22,0.8055555555555555
2025-12-31 10:00:00,23.1,36,0,61,0.6388888888888888
2025-12-31 11:00:00,24.8,31,0,156,0.8611111111111112
2025-12-31 12:00:00,26.7,26,0,177,1.1111111111111112
2025-12-31 13:00:00,27.6,24,0,200,1.1666666666666667
2025-12-31 14:00:00,27.9,24,0,209,1.25
2025-12-31 15:00:00,27.8,24,0,216,1.3611111111111112
2025-12-31 16:00:00,27.1,25,0,218,1.7222222222222223
2025-12-31 17:00:00,25.1,30,0,208,2.25
2025-12-31 18:00:00,23.0,35,0,215,1.9444444444444444
2025-12-31 19:00:00,21.3,41,0,240,1.5
2025-12-31 20:00:00,20.7,44,0,229,0.4722222222222222
2025-12-31 21:00:00,19.6,47,0,135,0.41666666666666663
2025-12-31 22:00:00,18.7,49,0,83,0.8055555555555555
2025-12-31 23:00:00,18.5,51,0,101,1.027777777777778
