latitude,longitude,elevation,utc_offset_seconds,timezone,timezone_abbreviation
21.124779,79.02439,323.0,19800,Asia/Kolkata,GMT+5:30

time,temperature_2m (°C),relative_humidity_2m (%),weather_code (wmo code),wind_speed_10m (km/h),wind_direction_10m (°)
2024-01-01T00:00,21.2,58,0,7.2,177
2024-01-01T01:00,20.2,61,0,3.7,11
2024-01-01T02:00,16.9,79,0,7.6,31
2024-01-01T03:00,15.4,89,0,6.5,360
2024-01-01T04:00,15.0,92,0,6.2,7
2024-01-01T05:00,14.5,94,0,7.3,33
2024-01-01T06:00,14.8,94,0,5.3,28
2024-01-01T07:00,15.8,91,0,6.1,40
2024-01-01T08:00,18.8,78,0,4.3,66
2024-01-01T09:00,21.8,69,0,5.8,86
2024-01-01T10:00,24.0,62,0,5.8,94
2024-01-01T11:00,25.9,55,0,5.0,111
2024-01-01T12:00,27.3,47,0,4.3,132
2024-01-01T13:00,28.0,43,0,2.5,135
2024-01-01T14:00,28.2,42,0,1.1,72
2024-01-01T15:00,28.2,40,0,2.2,9
2024-01-01T16:00,27.7,41,0,4.0,27
2024-01-01T17:00,23.8,61,0,8.2,38
2024-01-01T18:00,21.7,57,0,7.6,93
2024-01-01T19:00,20.5,56,0,10.9,98
2024-01-01T20:00,20.3,55,0,10.5,106
2024-01-01T21:00,19.5,59,0,10.1,96
2024-01-01T22:00,20.1,56,0,8.6,90
2024-01-01T23:00,22.2,45,0,7.8,112
2024-01-02T00:00,22.7,43,0,5.7,162
2024-01-02T01:00,21.7,46,0,5.1,188
2024-01-02T02:00,20.6,50,0,3.1,21
2024-01-02T03:00,16.6,70,0,6.7,74
2024-01-02T04:00,15.9,76,0,6.3,31
2024-01-02T05:00,14.5,85,0,6.5,6
2024-01-02T06:00,14.4,96,0,4.9,17
2024-01-02T07:00,15.3,93,0,6.7,36
2024-01-02T08:00,18.4,82,0,3.9,56
2024-01-02T09:00,21.6,70,0,4.5,76
2024-01-02T10:00,24.2,60,0,5.1,86
2024-01-02T11:00,26.2,52,0,5.1,94
2024-01-02T12:00,27.6,44,0,4.8,103
2024-01-02T13:00,28.3,39,0,4.7,113
2024-01-02T14:00,28.5,37,0,4.2,110
2024-01-02T15:00,28.3,37,0,4.0,95
2024-01-02T16:00,27.7,39,0,4.1,75
2024-01-02T17:00,23.9,57,0,7.5,55
2024-01-02T18:00,21.9,51,0,7.7,101
2024-01-02T19:00,20.6,54,0,9.8,114
2024-01-02T20:00,19.8,56,0,11.6,116
2024-01-02T21:00,18.9,61,0,11.0,101
2024-01-02T22:00,18.3,66,0,10.7,104
2024-01-02T23:00,18.8,64,0,9.0,151
2024-01-03T00:00,19.2,61,0,8.5,168
2024-01-03T01:00,17.1,71,0,8.8,125
2024-01-03T02:00,16.1,77,0,9.7,141
2024-01-03T03:00,18.0,68,0,6.1,152
2024-01-03T04:00,17.2,72,0,5.9,79
2024-01-03T05:00,15.4,82,0,5.9,47
2024-01-03T06:00,14.5,92,0,6.0,73
2024-01-03T07:00,15.8,86,0,6.1,50
2024-01-03T08:00,18.5,76,0,6.0,33
2024-01-03T09:00,21.4,66,0,5.4,86
2024-01-03T10:00,24.0,59,0,5.6,135
2024-01-03T11:00,25.7,56,0,7.0,159
2024-01-03T12:00,26.9,50,0,7.2,162
2024-01-03T13:00,27.8,44,0,5.0,180
2024-01-03T14:00,28.0,41,0,4.5,194
2024-01-03T15:00,27.9,40,0,4.2,200
2024-01-03T16:00,27.4,42,0,3.7,191
2024-01-03T17:00,25.7,51,0,4.3,180
2024-01-03T18:00,20.4,91,51,9.1,173
2024-01-03T19:00,20.2,85,51,14.1,142
2024-01-03T20:00,20.1,84,3,6.2,159
2024-01-03T21:00,19.8,87,1,5.0,150
2024-01-03T22:00,19.1,88,1,6.7,126
2024-01-03T23:00,18.7,89,0,3.4,328
2024-01-04T00:00,17.5,96,1,5.0,360
2024-01-04T01:00,17.5,96,3,4.5,331
2024-01-04T02:00,18.0,94,0,4.0,5
2024-01-04T03:00,16.7,97,0,5.8,86
2024-01-04T04:00,16.4,97,0,5.7,55
2024-01-04T05:00,16.6,94,0,7.6,71
2024-01-04T06:00,17.4,93,0,5.8,68
2024-01-04T07:00,17.6,93,2,5.4,53
2024-01-04T08:00,19.4,86,0,5.1,94
2024-01-04T09:00,21.5,73,0,4.0,63
2024-01-04T10:00,23.6,64,0,3.2,27
2024-01-04T11:00,25.1,60,0,2.2,360
2024-01-04T12:00,26.3,56,0,1.0,315
2024-01-04T13:00,27.0,51,0,1.8,259
2024-01-04T14:00,27.4,48,1,1.5,225
2024-01-04T15:00,27.5,46,1,1.8,259
2024-01-04T16:00,27.1,46,0,0.5,225
2024-01-04T17:00,26.4,48,0,1.8,259
2024-01-04T18:00,22.8,67,0,7.2,53
2024-01-04T19:00,21.4,74,1,7.4,23
2024-01-04T20:00,20.7,79,1,6.5,3
2024-01-04T21:00,19.8,84,2,6.3,347
2024-01-04T22:00,19.3,86,0,7.4,346
2024-01-04T23:00,18.6,89,0,5.8,356
2024-01-05T00:00,18.1,91,0,5.4,8
2024-01-05T01:00,17.8,90,0,6.4,47
2024-01-05T02:00,17.6,89,0,6.6,61
2024-01-05T03:00,17.1,91,0,6.0,73
2024-01-05T04:00,16.7,92,0,6.1,62
2024-01-05T05:00,16.5,93,0,5.8,68
2024-01-05T06:00,16.5,93,0,5.9,79
2024-01-05T07:00,17.3,87,0,7.1,105
2024-01-05T08:00,19.5,78,0,2.9,83
2024-01-05T09:00,21.7,69,0,2.9,97
2024-01-05T10:00,23.9,62,0,3.8,163
2024-01-05T11:00,25.6,57,0,5.8,176
2024-01-05T12:00,27.0,51,0,9.1,189
2024-01-05T13:00,27.6,47,1,9.4,198
2024-01-05T14:00,27.6,46,2,10.4,214
2024-01-05T15:00,27.4,46,1,9.7,228
2024-01-05T16:00,26.8,47,1,8.8,235
2024-01-05T17:00,24.5,62,0,6.2,263
2024-01-05T18:00,24.8,50,0,2.6,74
2024-01-05T19:00,21.5,64,1,5.7,288
2024-01-05T20:00,20.7,70,1,7.8,338
2024-01-05T21:00,20.2,74,3,5.6,27
2024-01-05T22:00,20.7,74,0,4.7,351
2024-01-05T23:00,19.5,77,0,11.3,323
2024-01-06T00:00,19.7,73,3,8.3,358
2024-01-06T01:00,19.4,77,3,7.3,351
2024-01-06T02:00,19.6,76,3,11.3,9
2024-01-06T03:00,19.3,77,1,9.9,19
2024-01-06T04:00,18.1,84,2,10.5,354
2024-01-06T05:00,17.7,85,2,7.0,12
2024-01-06T06:00,18.4,95,51,11.3,53
2024-01-06T07:00,18.5,94,3,7.6,95
2024-01-06T08:00,19.7,88,53,8.8,351
2024-01-06T09:00,20.6,85,2,7.5,17
2024-01-06T10:00,22.5,75,2,11.4,35
2024-01-06T11:00,24.0,67,3,7.5,35
2024-01-06T12:00,25.1,63,2,6.4,43
2024-01-06T13:00,26.1,59,0,7.5,35
2024-01-06T14:00,26.2,58,2,6.4,47
2024-01-06T15:00,25.5,57,51,6.7,54
2024-01-06T16:00,24.7,61,51,8.4,83
2024-01-06T17:00,23.6,67,3,4.9,54
2024-01-06T18:00,21.3,76,3,7.5,73
2024-01-06T19:00,20.8,80,2,6.4,43
2024-01-06T20:00,20.3,82,3,8.4,25
2024-01-06T21:00,20.0,85,51,8.5,332
2024-01-06T22:00,19.4,87,3,9.7,4
2024-01-06T23:00,18.8,88,0,8.4,7
2024-01-07T00:00,18.4,91,0,8.6,22
2024-01-07T01:00,17.9,93,0,7.0,35
2024-01-07T02:00,17.5,94,1,6.4,47
2024-01-07T03:00,17.4,94,1,7.7,37
2024-01-07T04:00,17.0,94,0,7.2,37
2024-01-07T05:00,16.5,95,0,6.5,34
2024-01-07T06:00,16.8,95,0,5.4,42
2024-01-07T07:00,17.2,92,0,6.9,28
2024-01-07T08:00,19.3,82,0,7.2,27
2024-01-07T09:00,21.7,71,0,8.7,42
2024-01-07T10:00,24.0,62,0,8.8,55
2024-01-07T11:00,25.7,57,0,7.5,73
2024-01-07T12:00,27.1,47,0,7.2,96
2024-01-07T13:00,27.9,41,0,6.9,99
2024-01-07T14:00,28.3,38,0,6.9,84
2024-01-07T15:00,28.1,37,0,7.5,73
2024-01-07T16:00,27.3,40,0,7.9,66
2024-01-07T17:00,24.4,54,0,5.9,47
2024-01-07T18:00,22.3,68,1,7.9,39
2024-01-07T19:00,21.8,68,1,7.6,31
2024-01-07T20:00,21.8,64,1,12.6,27
2024-01-07T21:00,21.2,69,0,12.6,37
2024-01-07T22:00,20.2,75,0,10.0,41
2024-01-07T23:00,19.3,80,0,7.7,37
2024-01-08T00:00,18.7,82,0,8.4,31
2024-01-08T01:00,17.9,85,0,6.6,41
2024-01-08T02:00,17.6,86,0,7.1,24
2024-01-08T03:00,17.2,87,0,6.8,18
2024-01-08T04:00,16.8,89,0,6.3,31
2024-01-08T05:00,16.5,90,0,6.4,38
2024-01-08T06:00,16.6,93,0,6.6,99
2024-01-08T07:00,17.0,90,0,4.3,360
2024-01-08T08:00,19.3,80,0,5.5,11
2024-01-08T09:00,21.5,71,0,4.9,36
2024-01-08T10:00,23.5,63,0,2.9,60
2024-01-08T11:00,25.3,57,0,1.8,101
2024-01-08T12:00,26.7,53,0,1.5,166
2024-01-08T13:00,27.6,49,0,2.3,198
2024-01-08T14:00,28.0,47,0,2.2,189
2024-01-08T15:00,28.0,47,0,1.8,127
2024-01-08T16:00,27.6,49,0,3.0,76
2024-01-08T17:00,24.5,69,0,6.6,49
2024-01-08T18:00,23.2,65,0,8.0,36
2024-01-08T19:00,22.3,65,0,8.0,36
2024-01-08T20:00,21.7,64,0,7.5,35
2024-01-08T21:00,20.7,68,0,7.4,43
2024-01-08T22:00,19.8,72,0,6.9,28
2024-01-08T23:00,19.3,74,0,7.7,28
2024-01-09T00:00,18.8,77,0,7.4,39
2024-01-09T01:00,18.3,79,0,6.9,51
2024-01-09T02:00,18.1,78,0,8.8,99
2024-01-09T03:00,16.8,84,0,9.5,81
2024-01-09T04:00,16.6,84,0,6.4,43
2024-01-09T05:00,16.4,85,0,6.7,36
2024-01-09T06:00,16.5,88,0,6.9,47
2024-01-09T07:00,17.1,85,0,6.5,71
2024-01-09T08:00,19.6,75,0,4.2,59
2024-01-09T09:00,22.2,66,0,6.2,69
2024-01-09T10:00,24.6,58,0,7.4,76
2024-01-09T11:00,26.5,51,1,7.6,85
2024-01-09T12:00,28.0,45,1,7.7,101
2024-01-09T13:00,29.0,41,0,7.6,121
2024-01-09T14:00,29.5,37,0,6.6,151
2024-01-09T15:00,29.4,36,0,5.4,160
2024-01-09T16:00,28.9,38,0,4.1,142
2024-01-09T17:00,26.1,55,0,5.4,94
2024-01-09T18:00,24.3,56,3,7.4,241
2024-01-09T19:00,23.3,59,3,7.3,250
2024-01-09T20:00,23.0,60,3,5.4,278
2024-01-09T21:00,22.4,63,3,8.7,308
2024-01-09T22:00,22.5,63,3,9.5,307
2024-01-09T23:00,22.5,63,3,9.4,313
2024-01-10T00:00,22.1,64,3,6.9,313
2024-01-10T01:00,21.3,69,3,5.1,321
2024-01-10T02:00,19.5,80,3,6.4,322
2024-01-10T03:00,20.1,78,3,2.8,230
2024-01-10T04:00,19.5,79,3,4.7,274
2024-01-10T05:00,19.2,81,3,7.9,357
2024-01-10T06:00,19.7,81,3,6.7,344
2024-01-10T07:00,19.8,82,3,5.1,4
2024-01-10T08:00,21.6,76,3,1.0,135
2024-01-10T09:00,23.0,70,2,0.8,117
2024-01-10T10:00,25.2,62,1,2.4,63
2024-01-10T11:00,27.0,55,1,3.7,61
2024-01-10T12:00,27.9,50,2,1.6,27
2024-01-10T13:00,28.0,47,3,6.2,324
2024-01-10T14:00,27.7,46,3,5.4,290
2024-01-10T15:00,27.5,46,3,7.2,252
2024-01-10T16:00,26.5,54,3,3.9,236
2024-01-10T17:00,25.4,66,2,5.8,248
2024-01-10T18:00,22.8,68,2,3.1,111
2024-01-10T19:00,23.0,68,2,5.4,307
2024-01-10T20:00,21.4,74,1,6.1,40
2024-01-10T21:00,20.7,86,1,5.8,83
2024-01-10T22:00,20.3,90,1,4.3,85
2024-01-10T23:00,19.6,94,1,4.1,38
2024-01-11T00:00,19.2,95,0,5.5,11
2024-01-11T01:00,18.9,95,1,7.2,357
2024-01-11T02:00,18.4,95,0,5.9,349
2024-01-11T03:00,18.1,96,0,5.4,352
2024-01-11T04:00,17.5,97,0,5.2,344
2024-01-11T05:00,17.1,97,0,4.3,355
2024-01-11T06:00,18.0,98,0,4.6,18
2024-01-11T07:00,18.3,97,0,6.6,22
2024-01-11T08:00,19.9,89,0,5.0,30
2024-01-11T09:00,22.2,78,0,5.1,39
2024-01-11T10:00,24.7,65,0,5.9,43
2024-01-11T11:00,26.3,59,0,6.2,36
2024-01-11T12:00,27.4,55,0,4.5,29
2024-01-11T13:00,28.1,52,1,3.3,13
2024-01-11T14:00,28.3,50,1,3.1,339
2024-01-11T15:00,28.2,50,0,4.3,318
2024-01-11T16:00,27.8,52,0,4.3,355
2024-01-11T17:00,26.0,61,0,5.4,42
2024-01-11T18:00,23.6,72,0,7.8,34
2024-01-11T19:00,23.2,72,0,6.6,49
2024-01-11T20:00,21.8,79,0,7.7,37
2024-01-11T21:00,21.8,77,0,8.5,36
2024-01-11T22:00,20.8,80,0,7.6,25
2024-01-11T23:00,20.2,83,0,7.9,16
2024-01-12T00:00,19.7,85,0,8.1,13
2024-01-12T01:00,19.1,88,0,6.4,16
2024-01-12T02:00,18.5,90,0,6.3,13
2024-01-12T03:00,18.1,91,0,6.6,13
2024-01-12T04:00,17.7,93,0,6.6,9
2024-01-12T05:00,17.3,94,0,5.9,11
2024-01-12T06:00,18.1,93,0,5.2,16
2024-01-12T07:00,18.6,90,0,8.4,25
2024-01-12T08:00,20.7,79,0,7.4,43
2024-01-12T09:00,23.0,68,0,9.4,43
2024-01-12T10:00,25.4,59,0,11.0,52
2024-01-12T11:00,27.1,54,0,10.8,60
2024-01-12T12:00,28.2,50,0,8.4,59
2024-01-12T13:00,28.9,48,0,5.4,53
2024-01-12T14:00,29.4,46,1,4.0,350
2024-01-12T15:00,29.0,47,0,7.1,330
2024-01-12T16:00,28.4,48,0,6.1,332
2024-01-12T17:00,26.8,58,0,3.5,24
2024-01-12T18:00,24.7,67,0,5.2,74
2024-01-12T19:00,24.7,65,0,4.4,99
2024-01-12T20:00,23.4,71,0,4.7,113
2024-01-12T21:00,24.2,66,0,2.2,189
2024-01-12T22:00,21.9,77,0,1.5,315
2024-01-12T23:00,21.3,80,0,12.3,7
2024-01-13T00:00,20.7,79,0,8.9,27
2024-01-13T01:00,19.9,79,0,8.7,17
2024-01-13T02:00,19.2,81,0,7.9,16
2024-01-13T03:00,18.8,82,0,7.9,16
2024-01-13T04:00,18.3,83,0,6.6,22
2024-01-13T05:00,17.8,84,0,6.4,16
2024-01-13T06:00,18.2,79,0,6.3,24
2024-01-13T07:00,18.5,78,0,7.3,20
2024-01-13T08:00,20.7,70,0,5.4,37
2024-01-13T09:00,23.2,60,0,5.7,72
2024-01-13T10:00,25.6,52,0,6.1,93
2024-01-13T11:00,27.5,47,0,5.6,117
2024-01-13T12:00,28.7,45,0,3.1,144
2024-01-13T13:00,29.4,43,0,1.5,284
2024-01-13T14:00,29.7,42,0,4.4,305
2024-01-13T15:00,29.9,42,0,4.5,346
2024-01-13T16:00,29.7,43,0,5.9,14
2024-01-13T17:00,27.0,57,0,5.5,58
2024-01-13T18:00,25.2,63,0,6.9,99
2024-01-13T19:00,24.9,63,1,5.6,153
2024-01-13T20:00,24.8,63,3,5.2,245
2024-01-13T21:00,24.2,64,3,6.1,298
2024-01-13T22:00,23.4,65,1,10.8,345
2024-01-13T23:00,22.9,68,3,6.2,10
2024-01-14T00:00,22.1,71,0,6.9,43
2024-01-14T01:00,21.0,74,1,6.9,39
2024-01-14T02:00,20.4,75,0,7.4,39
2024-01-14T03:00,19.5,78,0,6.4,43
2024-01-14T04:00,18.5,82,0,5.7,35
2024-01-14T05:00,17.7,85,0,5.1,8
2024-01-14T06:00,17.6,87,0,5.2,12
2024-01-14T07:00,18.0,86,0,7.2,360
2024-01-14T08:00,20.6,76,0,5.4,4
2024-01-14T09:00,23.3,62,0,5.1,45
2024-01-14T10:00,25.5,54,0,4.6,72
2024-01-14T11:00,27.2,50,0,3.2,90
2024-01-14T12:00,28.4,47,0,1.3,146
2024-01-14T13:00,29.1,44,0,3.1,249
2024-01-14T14:00,29.7,42,1,4.0,280
2024-01-14T15:00,30.2,38,2,5.9,317
2024-01-14T16:00,29.5,39,1,10.0,319
2024-01-14T17:00,27.1,48,0,5.9,322
2024-01-14T18:00,25.4,58,2,5.7,325
2024-01-14T19:00,24.9,58,1,7.2,323
2024-01-14T20:00,23.9,62,0,7.9,313
2024-01-14T21:00,23.3,65,0,9.7,301
2024-01-14T22:00,22.5,67,0,12.4,324
2024-01-14T23:00,21.4,70,0,11.1,335
2024-01-15T00:00,20.3,75,0,10.3,335
2024-01-15T01:00,19.5,79,0,9.2,339
2024-01-15T02:00,18.5,83,0,8.7,343
2024-01-15T03:00,17.5,88,0,8.3,342
2024-01-15T04:00,16.8,93,0,8.2,345
2024-01-15T05:00,16.5,95,0,7.5,343
2024-01-15T06:00,17.1,94,0,6.9,351
2024-01-15T07:00,17.5,89,0,7.7,349
2024-01-15T08:00,19.7,76,0,6.8,3
2024-01-15T09:00,21.9,64,0,6.9,28
2024-01-15T10:00,24.0,55,0,6.9,39
2024-01-15T11:00,25.7,50,0,6.4,52
2024-01-15T12:00,26.7,47,0,3.9,56
2024-01-15T13:00,27.4,44,0,1.6,333
2024-01-15T14:00,27.7,42,0,4.1,308
2024-01-15T15:00,27.5,42,0,4.6,321
2024-01-15T16:00,27.0,44,0,4.4,351
2024-01-15T17:00,24.6,61,0,5.5,23
2024-01-15T18:00,23.4,61,0,6.0,25
2024-01-15T19:00,22.0,67,0,6.8,58
2024-01-15T20:00,21.3,70,0,9.4,58
2024-01-15T21:00,20.4,72,0,4.6,321
2024-01-15T22:00,19.7,74,0,12.3,339
2024-01-15T23:00,19.2,72,0,8.7,17
2024-01-16T00:00,18.2,73,0,8.6,15
2024-01-16T01:00,17.3,74,0,8.3,5
2024-01-16T02:00,16.5,76,0,8.7,7
2024-01-16T03:00,15.9,79,0,8.0,8
2024-01-16T04:00,15.3,82,0,7.2,6
2024-01-16T05:00,14.8,85,0,6.5,6
2024-01-16T06:00,15.1,86,0,4.9,17
2024-01-16T07:00,15.8,83,0,6.4,27
2024-01-16T08:00,18.2,72,0,6.2,36
2024-01-16T09:00,20.6,62,0,6.9,47
2024-01-16T10:00,23.1,54,0,7.5,55
2024-01-16T11:00,25.1,48,0,6.1,62
2024-01-16T12:00,26.5,45,0,3.0,104
2024-01-16T13:00,27.5,41,0,3.4,198
2024-01-16T14:00,28.0,39,0,5.1,225
2024-01-16T15:00,28.2,37,0,5.9,223
2024-01-16T16:00,27.9,35,0,6.6,225
2024-01-16T17:00,25.0,55,0,8.2,218
2024-01-16T18:00,25.3,46,0,2.6,146
2024-01-16T19:00,23.7,52,2,1.1,342
2024-01-16T20:00,20.2,71,3,6.3,13
2024-01-16T21:00,19.4,77,2,9.0,29
2024-01-16T22:00,19.7,75,1,7.9,60
2024-01-16T23:00,18.3,81,2,5.8,353
2024-01-17T00:00,17.3,88,3,6.8,328
2024-01-17T01:00,16.9,90,3,5.8,353
2024-01-17T02:00,16.3,93,2,5.1,356
2024-01-17T03:00,16.1,93,3,6.0,17
2024-01-17T04:00,16.6,91,3,5.5,337
2024-01-17T05:00,16.6,89,3,4.3,355
2024-01-17T06:00,17.4,86,3,5.8,360
2024-01-17T07:00,17.5,86,3,7.5,17
2024-01-17T08:00,20.0,74,3,5.9,38
2024-01-17T09:00,22.3,64,3,6.6,45
2024-01-17T10:00,23.9,60,1,8.3,56
2024-01-17T11:00,25.7,57,1,5.4,70
2024-01-17T12:00,27.1,54,2,3.6,127
2024-01-17T13:00,27.7,52,51,4.8,222
2024-01-17T14:00,28.6,47,0,7.4,241
2024-01-17T15:00,29.0,44,2,8.5,242
2024-01-17T16:00,28.9,44,1,11.9,235
2024-01-17T17:00,27.0,50,0,6.4,232
2024-01-17T18:00,24.9,59,1,6.6,292
2024-01-17T19:00,22.9,68,1,5.6,15
2024-01-17T20:00,21.7,76,1,5.8,60
2024-01-17T21:00,21.4,79,1,6.4,106
2024-01-17T22:00,21.0,82,0,7.4,113
2024-01-17T23:00,20.7,84,0,7.8,146
2024-01-18T00:00,20.2,86,51,8.0,100
2024-01-18T01:00,19.7,89,0,6.2,10
2024-01-18T02:00,19.1,91,1,9.0,2
2024-01-18T03:00,18.9,89,0,11.7,9
2024-01-18T04:00,18.1,81,0,11.8,40
2024-01-18T05:00,17.5,79,0,8.2,38
2024-01-18T06:00,17.9,86,3,9.5,11
2024-01-18T07:00,18.1,82,2,8.1,21
2024-01-18T08:00,19.3,73,3,8.3,34
2024-01-18T09:00,20.8,69,1,10.0,41
2024-01-18T10:00,23.0,62,1,10.7,50
2024-01-18T11:00,24.7,58,0,9.2,51
2024-01-18T12:00,26.0,55,0,5.9,47
2024-01-18T13:00,26.8,52,51,2.1,239
2024-01-18T14:00,26.8,51,51,3.6,307
2024-01-18T15:00,26.9,50,1,4.7,337
2024-01-18T16:00,26.6,51,0,5.1,4
2024-01-18T17:00,25.1,58,0,4.3,42
2024-01-18T18:00,23.2,68,0,8.2,23
2024-01-18T19:00,22.5,70,0,8.3,34
2024-01-18T20:00,21.9,73,1,7.9,43
2024-01-18T21:00,21.4,74,2,6.7,54
2024-01-18T22:00,21.2,75,3,5.6,45
2024-01-18T23:00,21.1,71,3,13.8,28
2024-01-19T00:00,20.3,61,3,12.6,31
2024-01-19T01:00,19.3,60,2,10.0,38
2024-01-19T02:00,18.4,63,2,11.0,38
2024-01-19T03:00,18.0,63,0,11.6,30
2024-01-19T04:00,17.4,64,0,9.9,33
2024-01-19T05:00,17.1,64,0,11.0,32
2024-01-19T06:00,15.9,86,1,9.7,22
2024-01-19T07:00,16.6,80,3,10.0,26
2024-01-19T08:00,18.2,69,1,11.0,38
2024-01-19T09:00,20.3,58,0,11.0,38
2024-01-19T10:00,22.7,48,0,9.9,46
2024-01-19T11:00,24.4,45,0,10.5,63
2024-01-19T12:00,26.0,44,0,10.3,65
2024-01-19T13:00,26.9,44,0,10.0,64
2024-01-19T14:00,27.4,43,0,9.7,59
2024-01-19T15:00,27.4,42,0,9.5,61
2024-01-19T16:00,27.0,43,0,6.6,49
2024-01-19T17:00,24.8,60,0,6.0,33
2024-01-19T18:00,22.3,70,0,7.0,55
2024-01-19T19:00,21.9,71,0,6.3,77
2024-01-19T20:00,21.6,73,0,9.3,74
2024-01-19T21:00,20.9,74,0,9.3,74
2024-01-19T22:00,20.4,77,0,8.3,72
2024-01-19T23:00,19.7,81,0,8.2,52
2024-01-20T00:00,19.3,84,0,9.2,48
2024-01-20T01:00,19.0,85,0,9.7,63
2024-01-20T02:00,18.6,86,2,10.0,64
2024-01-20T03:00,18.4,85,1,10.2,58
2024-01-20T04:00,17.8,84,1,12.0,49
2024-01-20T05:00,17.5,79,3,10.2,51
2024-01-20T06:00,17.7,74,3,8.7,48
2024-01-20T07:00,18.2,69,2,6.1,40
2024-01-20T08:00,19.4,66,3,8.0,63
2024-01-20T09:00,20.6,68,2,9.8,96
2024-01-20T10:00,22.8,66,1,9.5,101
2024-01-20T11:00,25.0,62,0,8.4,115
2024-01-20T12:00,26.7,58,0,4.7,148
2024-01-20T13:00,27.6,56,51,4.7,189
2024-01-20T14:00,27.6,55,51,6.1,220
2024-01-20T15:00,27.9,52,51,9.9,237
2024-01-20T16:00,27.7,49,2,10.7,256
2024-01-20T17:00,26.4,54,3,5.4,274
2024-01-20T18:00,23.5,68,3,6.9,309
2024-01-20T19:00,22.8,72,51,11.7,9
2024-01-20T20:00,21.9,77,3,5.7,18
2024-01-20T21:00,21.1,83,3,10.4,14
2024-01-20T22:00,19.8,91,51,3.6,354
2024-01-20T23:00,19.9,93,51,9.5,9
2024-01-21T00:00,19.3,95,3,9.2,11
2024-01-21T01:00,18.7,96,3,11.7,11
2024-01-21T02:00,18.2,93,3,12.2,14
2024-01-21T03:00,17.7,90,3,10.6,10
2024-01-21T04:00,17.2,90,51,8.3,360
2024-01-21T05:00,16.8,93,53,4.3,360
2024-01-21T06:00,16.5,89,1,8.7,355
2024-01-21T07:00,16.8,86,0,9.7,4
2024-01-21T08:00,18.7,76,0,7.6,8
2024-01-21T09:00,20.8,67,0,6.2,21
2024-01-21T10:00,22.9,58,2,5.6,40
2024-01-21T11:00,24.7,53,3,5.7,35
2024-01-21T12:00,26.0,47,3,5.2,25
2024-01-21T13:00,26.8,44,3,3.6,360
2024-01-21T14:00,27.1,41,3,3.9,338
2024-01-21T15:00,27.3,40,3,4.6,321
2024-01-21T16:00,27.2,38,3,6.2,353
2024-01-21T17:00,25.3,46,3,8.1,21
2024-01-21T18:00,23.8,60,3,7.8,68
2024-01-21T19:00,22.0,68,3,6.6,68
2024-01-21T20:00,21.0,72,3,5.4,356
2024-01-21T21:00,20.6,56,3,14.9,340
2024-01-21T22:00,19.5,54,0,12.9,347
2024-01-21T23:00,18.4,60,0,10.2,10
2024-01-22T00:00,17.4,65,1,8.7,17
2024-01-22T01:00,16.8,68,0,8.5,12
2024-01-22T02:00,16.4,70,1,10.1,4
2024-01-22T03:00,15.9,71,1,8.0,8
2024-01-22T04:00,15.0,76,2,5.9,14
2024-01-22T05:00,14.6,78,3,5.5,11
2024-01-22T06:00,15.7,68,0,8.7,5
2024-01-22T07:00,16.0,67,1,10.1,2
2024-01-22T08:00,17.9,61,0,7.1,15
2024-01-22T09:00,20.3,52,2,7.4,43
2024-01-22T10:00,22.5,47,3,8.4,65
2024-01-22T11:00,24.3,48,3,7.3,70
2024-01-22T12:00,25.8,48,3,6.4,74
2024-01-22T13:00,26.8,47,2,5.4,82
2024-01-22T14:00,27.4,45,3,4.0,90
2024-01-22T15:00,27.6,45,3,1.5,135
2024-01-22T16:00,27.4,44,3,0.4,270
2024-01-22T17:00,25.9,67,3,3.1,21
2024-01-22T18:00,23.9,62,3,7.5,55
2024-01-22T19:00,22.6,68,3,5.9,76
2024-01-22T20:00,22.0,69,3,6.8,93
2024-01-22T21:00,21.6,71,3,5.8,120
2024-01-22T22:00,21.2,75,3,6.6,99
2024-01-22T23:00,21.2,72,3,7.7,118
2024-01-23T00:00,20.1,80,3,8.3,88
2024-01-23T01:00,19.9,83,51,3.6,354
2024-01-23T02:00,20.0,81,51,4.8,13
2024-01-23T03:00,19.1,85,3,6.5,6
2024-01-23T04:00,18.7,86,3,4.9,17
2024-01-23T05:00,18.1,89,1,7.5,343
2024-01-23T06:00,19.0,96,51,13.8,321
2024-01-23T07:00,19.0,90,51,10.9,6
2024-01-23T08:00,20.1,86,2,7.2,37
2024-01-23T09:00,22.1,76,2,8.2,29
2024-01-23T10:00,24.0,67,0,7.6,31
2024-01-23T11:00,25.5,59,0,8.6,15
2024-01-23T12:00,26.5,53,0,7.6,19
2024-01-23T13:00,27.6,48,1,7.1,330
2024-01-23T14:00,27.9,46,0,9.8,332
2024-01-23T15:00,27.5,45,0,9.9,341
2024-01-23T16:00,27.3,43,1,6.3,347
2024-01-23T17:00,25.7,51,1,7.7,37
2024-01-23T18:00,22.0,74,0,5.8,97
2024-01-23T19:00,21.1,76,0,6.2,100
2024-01-23T20:00,19.9,80,0,5.5,101
2024-01-23T21:00,19.4,83,0,7.6,25
2024-01-23T22:00,18.9,79,0,8.8,12
2024-01-23T23:00,18.1,70,0,8.4,10
2024-01-24T00:00,17.2,68,0,7.9,360
2024-01-24T01:00,16.5,69,0,8.6,2
2024-01-24T02:00,16.0,70,0,8.6,360
2024-01-24T03:00,15.1,74,0,5.8,4
2024-01-24T04:00,14.9,74,0,7.2,357
2024-01-24T05:00,14.6,73,0,7.9,357
2024-01-24T06:00,15.0,64,0,8.6,345
2024-01-24T07:00,15.2,62,0,8.8,341
2024-01-24T08:00,17.4,55,0,8.1,347
2024-01-24T09:00,19.6,47,0,8.8,9
2024-01-24T10:00,21.7,43,0,7.2,18
2024-01-24T11:00,23.4,40,0,8.1,21
2024-01-24T12:00,24.6,37,0,7.8,13
2024-01-24T13:00,25.4,33,0,7.5,343
2024-01-24T14:00,25.8,29,0,7.4,331
2024-01-24T15:00,25.8,26,0,7.9,330
2024-01-24T16:00,25.2,26,0,7.5,325
2024-01-24T17:00,22.3,44,0,6.6,292
2024-01-24T18:00,20.3,36,0,8.1,339
2024-01-24T19:00,19.4,37,0,10.9,6
2024-01-24T20:00,18.2,38,0,10.5,16
2024-01-24T21:00,16.4,40,0,7.2,360
2024-01-24T22:00,15.3,42,0,7.2,354
2024-01-24T23:00,15.0,41,0,8.4,353
2024-01-25T00:00,14.3,44,0,7.9,360
2024-01-25T01:00,13.8,45,0,8.3,2
2024-01-25T02:00,13.4,45,0,9.1,7
2024-01-25T03:00,13.2,45,0,9.8,8
2024-01-25T04:00,12.7,45,0,9.5,9
2024-01-25T05:00,12.2,47,0,9.0,5
2024-01-25T06:00,12.0,48,0,7.5,17
2024-01-25T07:00,12.4,50,0,7.4,14
2024-01-25T08:00,15.3,45,0,8.2,15
2024-01-25T09:00,18.1,40,0,7.9,30
2024-01-25T10:00,20.5,43,0,9.2,59
2024-01-25T11:00,22.3,48,0,10.3,78
2024-01-25T12:00,23.6,43,0,10.0,77
2024-01-25T13:00,24.4,37,0,8.2,67
2024-01-25T14:00,24.7,36,0,7.2,63
2024-01-25T15:00,24.6,35,0,6.6,61
2024-01-25T16:00,24.1,37,0,5.5,58
2024-01-25T17:00,21.8,60,2,5.9,79
2024-01-25T18:00,19.6,49,3,8.4,31
2024-01-25T19:00,18.2,53,1,10.1,55
2024-01-25T20:00,17.1,52,1,9.1,56
2024-01-25T21:00,15.8,55,0,10.5,49
2024-01-25T22:00,14.8,60,0,11.0,49
2024-01-25T23:00,14.1,63,1,8.6,22
2024-01-26T00:00,13.4,65,1,8.0,18
2024-01-26T01:00,13.0,65,0,7.1,15
2024-01-26T02:00,13.0,64,0,6.9,9
2024-01-26T03:00,12.4,66,0,6.9,9
2024-01-26T04:00,11.6,68,0,6.2,7
2024-01-26T05:00,10.8,71,0,8.0,10
2024-01-26T06:00,11.4,76,0,6.8,25
2024-01-26T07:00,12.5,69,0,7.3,20
2024-01-26T08:00,15.6,59,0,6.8,25
2024-01-26T09:00,18.7,50,0,6.6,49
2024-01-26T10:00,21.3,45,2,8.4,70
2024-01-26T11:00,23.3,41,2,9.4,90
2024-01-26T12:00,24.6,35,3,7.9,93
2024-01-26T13:00,25.4,32,2,5.8,90
2024-01-26T14:00,25.7,30,0,4.0,80
2024-01-26T15:00,25.7,30,1,3.9,56
2024-01-26T16:00,25.2,31,0,5.2,34
2024-01-26T17:00,22.0,55,1,7.0,35
2024-01-26T18:00,19.3,47,1,10.8,60
2024-01-26T19:00,18.9,47,1,9.9,80
2024-01-26T20:00,17.4,52,0,10.6,114
2024-01-26T21:00,17.0,51,1,9.9,134
2024-01-26T22:00,17.5,49,0,7.9,164
2024-01-26T23:00,15.1,59,0,7.1,330
2024-01-27T00:00,15.5,56,0,7.1,336
2024-01-27T01:00,14.3,64,3,7.6,335
2024-01-27T02:00,13.3,69,1,6.9,354
2024-01-27T03:00,12.5,73,3,6.8,360
2024-01-27T04:00,11.8,76,3,6.8,3
2024-01-27T05:00,12.4,69,3,8.0,5
2024-01-27T06:00,12.1,76,3,6.9,6
2024-01-27T07:00,13.0,72,3,9.7,4
2024-01-27T08:00,16.2,62,3,9.0,5
2024-01-27T09:00,19.5,52,3,6.1,28
2024-01-27T10:00,22.2,44,3,5.4,53
2024-01-27T11:00,24.4,36,3,7.1,75
2024-01-27T12:00,25.7,33,2,6.6,81
2024-01-27T13:00,26.4,31,2,4.7,81
2024-01-27T14:00,26.7,31,1,3.7,61
2024-01-27T15:00,26.7,30,2,3.6,53
2024-01-27T16:00,26.2,31,1,3.2,63
2024-01-27T17:00,24.0,51,0,4.5,119
2024-01-27T18:00,20.2,51,0,8.2,119
2024-01-27T19:00,18.2,58,1,10.3,144
2024-01-27T20:00,17.9,56,0,9.8,163
2024-01-27T21:00,17.9,52,3,9.5,151
2024-01-27T22:00,19.7,44,0,8.4,137
2024-01-27T23:00,20.1,42,0,5.3,208
2024-01-28T00:00,15.2,61,0,6.2,7
2024-01-28T01:00,13.7,71,0,6.3,347
2024-01-28T02:00,12.9,75,0,6.1,332
2024-01-28T03:00,12.3,78,0,7.4,337
2024-01-28T04:00,11.8,79,3,6.6,347
2024-01-28T05:00,11.2,83,3,6.5,357
2024-01-28T06:00,11.5,88,3,7.1,15
2024-01-28T07:00,12.8,82,3,5.7,18
2024-01-28T08:00,16.3,69,3,5.1,39
2024-01-28T09:00,19.9,56,3,4.8,63
2024-01-28T10:00,22.9,46,3,5.5,79
2024-01-28T11:00,25.2,38,3,5.4,98
2024-01-28T12:00,26.7,32,2,5.9,133
2024-01-28T13:00,27.7,29,3,6.5,161
2024-01-28T14:00,28.0,29,3,5.4,188
2024-01-28T15:00,27.9,29,3,4.8,207
2024-01-28T16:00,27.4,30,3,4.0,207
2024-01-28T17:00,26.2,37,3,3.3,167
2024-01-28T18:00,21.8,45,3,8.8,145
2024-01-28T19:00,20.0,50,3,10.2,148
2024-01-28T20:00,20.6,48,3,7.9,204
2024-01-28T21:00,17.7,61,3,6.3,294
2024-01-28T22:00,16.6,70,3,5.1,262
2024-01-28T23:00,16.5,70,3,5.2,258
2024-01-29T00:00,15.1,79,3,4.4,325
2024-01-29T01:00,15.0,80,3,5.5,337
2024-01-29T02:00,14.5,81,3,6.1,315
2024-01-29T03:00,14.6,77,3,6.6,319
2024-01-29T04:00,14.6,77,3,6.6,331
2024-01-29T05:00,15.9,71,3,5.1,352
2024-01-29T06:00,12.8,90,3,5.4,360
2024-01-29T07:00,13.8,85,3,6.5,3
2024-01-29T08:00,17.3,70,2,5.1,4
2024-01-29T09:00,21.3,56,2,4.0,10
2024-01-29T10:00,24.2,45,3,2.9,30
2024-01-29T11:00,26.3,38,3,1.5,104
2024-01-29T12:00,27.9,33,2,4.1,165
2024-01-29T13:00,28.9,30,2,6.2,187
2024-01-29T14:00,29.2,30,1,8.4,190
2024-01-29T15:00,29.1,31,2,10.2,188
2024-01-29T16:00,28.5,33,2,11.2,180
2024-01-29T17:00,26.1,41,3,10.4,166
2024-01-29T18:00,23.7,50,1,9.0,196
2024-01-29T19:00,21.8,57,0,8.2,221
2024-01-29T20:00,20.9,60,2,7.9,231
2024-01-29T21:00,20.6,61,2,7.7,242
2024-01-29T22:00,19.9,64,2,8.2,308
2024-01-29T23:00,19.6,64,0,9.2,321
2024-01-30T00:00,19.1,66,0,9.3,324
2024-01-30T01:00,18.2,71,0,8.4,335
2024-01-30T02:00,17.6,74,0,7.9,321
2024-01-30T03:00,17.3,75,0,8.2,322
2024-01-30T04:00,16.8,74,0,8.1,328
2024-01-30T05:00,16.0,76,1,6.5,6
2024-01-30T06:00,15.8,80,3,6.2,353
2024-01-30T07:00,16.4,79,1,8.7,355
2024-01-30T08:00,19.2,70,0,6.5,6
2024-01-30T09:00,22.2,61,0,5.4,37
2024-01-30T10:00,24.8,48,0,7.0,55
2024-01-30T11:00,26.5,41,0,6.8,72
2024-01-30T12:00,27.6,37,1,5.4,86
2024-01-30T13:00,28.2,36,1,2.5,90
2024-01-30T14:00,28.4,36,3,0.8,243
2024-01-30T15:00,28.3,35,3,3.3,96
2024-01-30T16:00,27.9,36,2,8.6,112
2024-01-30T17:00,26.1,43,3,11.1,144
2024-01-30T18:00,22.3,51,2,10.6,170
2024-01-30T19:00,21.6,50,2,10.5,174
2024-01-30T20:00,21.5,49,2,7.6,205
2024-01-30T21:00,19.8,58,3,6.6,261
2024-01-30T22:00,19.0,59,3,10.9,326
2024-01-30T23:00,18.4,59,3,7.4,313
2024-01-31T00:00,17.7,63,3,8.7,343
2024-01-31T01:00,17.3,64,3,8.8,341
2024-01-31T02:00,15.7,71,3,6.2,350
2024-01-31T03:00,16.0,68,3,7.9,357
2024-01-31T04:00,14.7,77,3,4.7,99
2024-01-31T05:00,14.1,83,3,7.2,27
2024-01-31T06:00,16.7,80,3,5.1,356
2024-01-31T07:00,17.6,77,3,8.4,7
2024-01-31T08:00,19.5,71,3,4.8,13
2024-01-31T09:00,22.1,60,3,5.4,42
2024-01-31T10:00,24.4,53,3,6.1,87
2024-01-31T11:00,26.1,50,3,5.9,128
2024-01-31T12:00,27.5,47,3,7.3,169
2024-01-31T13:00,28.4,45,3,10.9,207
2024-01-31T14:00,28.7,43,3,13.2,215
2024-01-31T15:00,28.8,42,3,14.3,231
2024-01-31T16:00,28.0,45,3,13.0,224
2024-01-31T17:00,26.4,64,3,5.6,207
2024-01-31T18:00,25.1,51,3,5.2,124
2024-01-31T19:00,26.1,45,3,1.1,108
2024-01-31T20:00,25.4,47,3,1.8,323
2024-01-31T21:00,23.6,53,3,3.4,342
2024-01-31T22:00,20.4,69,3,5.8,330
2024-01-31T23:00,19.3,72,3,7.1,315
2024-02-01T00:00,19.6,67,3,7.4,313
2024-02-01T01:00,18.7,69,3,8.7,322
2024-02-01T02:00,17.9,74,1,7.9,360
2024-02-01T03:00,16.9,82,1,5.2,12
2024-02-01T04:00,16.9,84,1,8.3,342
2024-02-01T05:00,16.9,81,1,7.2,354
2024-02-01T06:00,18.8,74,2,9.4,337
2024-02-01T07:00,18.9,74,1,7.2,354
2024-02-01T08:00,20.4,70,1,4.0,100
2024-02-01T09:00,22.8,61,0,3.4,32
2024-02-01T10:00,25.3,53,1,4.3,24
2024-02-01T11:00,27.0,47,1,3.4,32
2024-02-01T12:00,28.1,43,0,3.3,6
2024-02-01T13:00,28.9,40,1,3.8,343
2024-02-01T14:00,29.6,37,2,3.7,349
2024-02-01T15:00,30.2,34,3,2.8,220
2024-02-01T16:00,29.7,35,3,9.2,222
2024-02-01T17:00,26.7,64,1,5.0,249
2024-02-01T18:00,24.2,58,1,7.6,65
2024-02-01T19:00,24.1,59,2,4.7,86
2024-02-01T20:00,23.0,61,2,5.6,345
2024-02-01T21:00,23.4,47,2,14.5,333
2024-02-01T22:00,22.3,51,1,10.1,356
2024-02-01T23:00,20.8,58,0,6.5,19
2024-02-02T00:00,19.3,67,1,7.4,76
2024-02-02T01:00,18.3,71,0,6.6,347
2024-02-02T02:00,18.1,72,0,4.7,328
2024-02-02T03:00,17.6,73,0,5.5,337
2024-02-02T04:00,16.7,77,0,6.2,339
2024-02-02T05:00,16.7,76,0,7.2,357
2024-02-02T06:00,18.1,68,0,9.1,7
2024-02-02T07:00,18.4,69,0,7.6,31
2024-02-02T08:00,21.1,61,0,7.4,14
2024-02-02T09:00,23.5,52,0,10.0,15
2024-02-02T10:00,25.6,45,0,9.4,18
2024-02-02T11:00,27.5,40,0,10.2,18
2024-02-02T12:00,28.5,37,1,9.7,15
2024-02-02T13:00,29.3,35,3,6.8,357
2024-02-02T14:00,29.1,35,1,6.0,327
2024-02-02T15:00,29.1,34,1,8.2,308
2024-02-02T16:00,28.6,33,2,8.7,308
2024-02-02T17:00,27.6,36,2,1.4,90
2024-02-02T18:00,25.2,42,1,6.4,27
2024-02-02T19:00,24.3,45,3,10.0,52
2024-02-02T20:00,23.7,46,1,6.2,350
2024-02-02T21:00,22.3,48,0,13.1,339
2024-02-02T22:00,21.2,51,0,10.5,356
2024-02-02T23:00,20.1,54,0,8.6,360
2024-02-03T00:00,18.6,61,0,6.6,9
2024-02-03T01:00,18.1,63,0,6.0,343
2024-02-03T02:00,18.0,62,1,7.5,343
2024-02-03T03:00,17.4,64,2,7.9,3
2024-02-03T04:00,16.9,66,2,8.0,8
2024-02-03T05:00,16.3,68,1,7.0,12
2024-02-03T06:00,16.1,64,0,6.1,357
2024-02-03T07:00,16.8,64,0,6.8,360
2024-02-03T08:00,19.7,55,0,6.4,27
2024-02-03T09:00,22.1,46,0,8.4,47
2024-02-03T10:00,24.4,41,0,8.9,58
2024-02-03T11:00,26.4,35,0,10.2,67
2024-02-03T12:00,27.7,32,0,8.6,75
2024-02-03T13:00,28.4,31,0,5.1,82
2024-02-03T14:00,28.7,31,0,2.4,63
2024-02-03T15:00,28.6,31,0,2.9,353
2024-02-03T16:00,28.2,32,2,4.9,343
2024-02-03T17:00,26.0,59,1,4.9,36
2024-02-03T18:00,23.1,50,0,8.7,60
2024-02-03T19:00,21.9,53,0,7.4,104
2024-02-03T20:00,21.7,53,0,5.1,184
2024-02-03T21:00,20.3,58,0,5.8,266
2024-02-03T22:00,20.0,58,0,9.7,345
2024-02-03T23:00,19.5,58,0,9.4,353
2024-02-04T00:00,19.0,58,0,8.1,13
2024-02-04T01:00,18.2,61,0,6.9,9
2024-02-04T02:00,17.6,64,0,6.5,360
2024-02-04T03:00,16.9,68,0,6.5,360
2024-02-04T04:00,16.4,72,0,6.5,354
2024-02-04T05:00,15.7,75,0,5.6,345
2024-02-04T06:00,16.7,73,0,6.9,354
2024-02-04T07:00,17.4,72,0,7.2,354
2024-02-04T08:00,20.3,64,0,4.5,14
2024-02-04T09:00,23.4,53,0,4.2,59
2024-02-04T10:00,25.8,43,0,5.8,90
2024-02-04T11:00,27.8,36,0,6.6,112
2024-02-04T12:00,29.2,31,0,7.1,139
2024-02-04T13:00,30.0,30,0,6.5,161
2024-02-04T14:00,30.3,30,0,5.8,184
2024-02-04T15:00,30.3,30,0,5.4,200
2024-02-04T16:00,29.9,31,0,5.0,201
2024-02-04T17:00,27.4,59,0,4.8,153
2024-02-04T18:00,24.5,47,0,8.8,102
2024-02-04T19:00,24.5,44,0,8.1,122
2024-02-04T20:00,25.6,38,0,4.8,167
2024-02-04T21:00,24.7,40,0,5.0,69
2024-02-04T22:00,23.8,43,0,4.8,42
2024-02-04T23:00,23.7,42,0,5.1,94
2024-02-05T00:00,23.3,43,0,1.0,315
2024-02-05T01:00,20.6,52,0,1.6,297
2024-02-05T02:00,19.4,55,0,3.8,311
2024-02-05T03:00,17.8,66,0,5.4,318
2024-02-05T04:00,17.0,72,0,4.2,301
2024-02-05T05:00,16.9,73,0,2.6,286
2024-02-05T06:00,20.6,54,0,2.9,353
2024-02-05T07:00,18.8,75,0,1.5,14
2024-02-05T08:00,21.6,60,0,2.9,30
2024-02-05T09:00,24.7,49,0,1.9,112
2024-02-05T10:00,27.2,42,0,4.7,171
2024-02-05T11:00,29.3,39,0,8.0,198
2024-02-05T12:00,31.1,36,0,10.7,213
2024-02-05T13:00,32.4,34,0,13.2,223
2024-02-05T14:00,33.1,32,0,14.5,235
2024-02-05T15:00,33.0,31,0,14.9,255
2024-02-05T16:00,32.2,34,0,11.5,268
2024-02-05T17:00,29.3,61,0,7.2,270
2024-02-05T18:00,30.8,34,0,3.6,276
2024-02-05T19:00,24.9,51,0,9.2,281
2024-02-05T20:00,25.2,43,0,10.6,298
2024-02-05T21:00,24.7,45,0,9.9,314
2024-02-05T22:00,23.3,51,0,7.9,313
2024-02-05T23:00,21.8,58,0,7.2,333
2024-02-06T00:00,21.5,60,0,8.2,337
2024-02-06T01:00,20.8,63,0,7.9,336
2024-02-06T02:00,20.0,66,0,7.4,346
2024-02-06T03:00,19.3,68,0,6.9,351
2024-02-06T04:00,18.0,76,0,10.5,344
2024-02-06T05:00,20.1,66,0,6.3,301
2024-02-06T06:00,18.5,74,0,9.2,291
2024-02-06T07:00,20.0,69,0,5.1,266
2024-02-06T08:00,22.8,61,0,5.0,249
2024-02-06T09:00,25.6,52,0,4.6,231
2024-02-06T10:00,27.6,47,0,3.3,264
2024-02-06T11:00,29.3,43,0,3.6,270
2024-02-06T12:00,30.7,40,0,4.2,250
2024-02-06T13:00,32.2,34,0,6.9,242
2024-02-06T14:00,32.9,29,0,10.0,244
2024-02-06T15:00,33.1,26,1,12.1,260
2024-02-06T16:00,32.1,29,2,10.0,285
2024-02-06T17:00,29.4,40,2,6.4,313
2024-02-06T18:00,25.6,48,2,9.9,316
2024-02-06T19:00,26.0,44,1,9.6,290
2024-02-06T20:00,25.4,52,0,8.4,320
2024-02-06T21:00,24.2,62,0,9.2,339
2024-02-06T22:00,23.2,66,0,10.9,6
2024-02-06T23:00,22.2,71,0,9.9,10
2024-02-07T00:00,21.1,78,0,7.5,17
2024-02-07T01:00,20.6,81,0,8.7,24
2024-02-07T02:00,20.1,83,0,9.1,34
2024-02-07T03:00,19.6,84,0,9.8,24
2024-02-07T04:00,18.8,86,0,8.9,21
2024-02-07T05:00,18.0,90,0,6.3,31
2024-02-07T06:00,18.0,89,0,6.7,16
2024-02-07T07:00,18.4,87,0,8.4,20
2024-02-07T08:00,20.3,77,0,7.8,34
2024-02-07T09:00,22.6,67,0,7.1,41
2024-02-07T10:00,25.2,58,0,7.7,37
2024-02-07T11:00,27.2,50,1,7.4,29
2024-02-07T12:00,28.6,46,2,5.2,16
2024-02-07T13:00,29.5,43,1,4.2,329
2024-02-07T14:00,30.0,42,2,6.3,301
2024-02-07T15:00,30.3,41,1,5.8,300
2024-02-07T16:00,30.6,38,0,3.1,306
2024-02-07T17:00,29.1,55,0,1.8,360
2024-02-07T18:00,26.4,48,0,7.2,243
2024-02-07T19:00,26.6,45,0,5.5,247
2024-02-07T20:00,24.8,49,0,15.7,349
2024-02-07T21:00,24.2,52,0,15.1,357
2024-02-07T22:00,22.8,59,0,11.9,360
2024-02-07T23:00,21.7,63,0,9.8,8
2024-02-08T00:00,20.8,66,0,8.8,9
2024-02-08T01:00,20.0,69,0,8.3,18
2024-02-08T02:00,19.5,69,0,9.6,13
2024-02-08T03:00,19.0,68,0,11.1,13
2024-02-08T04:00,18.5,66,0,12.1,12
2024-02-08T05:00,18.1,65,1,11.8,12
2024-02-08T06:00,18.3,59,1,12.1,12
2024-02-08T07:00,18.4,57,1,12.9,13
2024-02-08T08:00,20.0,48,2,13.6,22
2024-02-08T09:00,21.8,39,2,12.4,30
2024-02-08T10:00,23.6,35,3,13.0,34
2024-02-08T11:00,25.4,31,2,12.5,33
2024-02-08T12:00,26.7,29,1,11.3,31
2024-02-08T13:00,27.6,29,1,9.3,28
2024-02-08T14:00,28.1,28,3,7.9,16
2024-02-08T15:00,28.2,28,3,7.6,3
2024-02-08T16:00,28.0,28,1,7.6,357
2024-02-08T17:00,26.0,43,0,4.7,351
2024-02-08T18:00,21.8,46,1,8.1,347
2024-02-08T19:00,20.5,52,0,8.4,20
2024-02-08T20:00,20.2,48,0,7.3,33
2024-02-08T21:00,19.5,48,0,9.4,18
2024-02-08T22:00,18.8,48,0,8.5,28
2024-02-08T23:00,17.7,51,0,7.6,31
2024-02-09T00:00,16.8,54,0,6.8,32
2024-02-09T01:00,16.1,56,0,6.6,29
2024-02-09T02:00,15.7,57,0,7.3,20
2024-02-09T03:00,15.2,59,1,7.3,20
2024-02-09T04:00,14.8,61,2,7.1,24
2024-02-09T05:00,14.6,62,1,7.6,19
2024-02-09T06:00,15.2,66,0,8.1,21
2024-02-09T07:00,15.8,63,0,10.5,16
2024-02-09T08:00,18.3,52,0,9.8,24
2024-02-09T09:00,20.9,43,0,10.2,39
2024-02-09T10:00,23.6,35,0,10.9,56
2024-02-09T11:00,25.5,32,0,10.8,69
2024-02-09T12:00,26.9,30,0,9.1,81
2024-02-09T13:00,27.7,29,0,8.4,80
2024-02-09T14:00,28.1,29,0,7.1,75
2024-02-09T15:00,28.1,30,0,6.0,73
2024-02-09T16:00,27.7,31,0,6.1,62
2024-02-09T17:00,25.8,46,0,4.7,58
2024-02-09T18:00,22.4,42,0,8.5,62
2024-02-09T19:00,20.9,47,0,10.8,75
2024-02-09T20:00,20.1,47,0,9.8,96
2024-02-09T21:00,19.8,47,0,9.4,92
2024-02-09T22:00,19.3,47,0,7.7,53
2024-02-09T23:00,18.8,47,0,8.5,36
2024-02-10T00:00,17.9,48,0,7.0,35
2024-02-10T01:00,17.2,48,0,6.9,47
2024-02-10T02:00,16.7,49,0,6.7,36
2024-02-10T03:00,16.4,47,0,6.9,51
2024-02-10T04:00,15.7,49,0,6.6,61
2024-02-10T05:00,15.5,49,0,6.4,43
2024-02-10T06:00,16.6,49,0,7.4,29
2024-02-10T07:00,17.3,50,0,8.6,33
2024-02-10T08:00,19.8,46,0,7.4,43
2024-02-10T09:00,22.5,43,0,9.0,67
2024-02-10T10:00,24.7,45,1,8.7,85
2024-02-10T11:00,26.6,48,2,8.1,122
2024-02-10T12:00,25.0,61,53,14.0,215
2024-02-10T13:00,25.2,57,0,4.2,250
2024-02-10T14:00,27.2,54,0,1.1,90
2024-02-10T15:00,27.7,54,0,1.8,349
2024-02-10T16:00,27.7,55,0,4.1,15
2024-02-10T17:00,26.9,58,0,5.0,21
2024-02-10T18:00,22.5,66,0,13.5,56
2024-02-10T19:00,21.6,72,0,16.0,67
2024-02-10T20:00,21.2,75,0,9.7,59
2024-02-10T21:00,21.0,76,0,9.2,59
2024-02-10T22:00,20.5,80,0,5.6,27
2024-02-10T23:00,19.7,85,53,6.0,115
2024-02-11T00:00,19.7,86,51,3.1,324
2024-02-11T01:00,19.0,93,0,5.4,48
2024-02-11T02:00,18.6,93,0,6.5,96
2024-02-11T03:00,18.5,93,0,13.1,82
2024-02-11T04:00,18.0,92,0,8.7,66
2024-02-11T05:00,17.4,93,0,8.1,69
2024-02-11T06:00,18.5,88,0,13.7,45
2024-02-11T07:00,19.1,84,0,9.3,74
2024-02-11T08:00,21.0,78,0,11.2,90
2024-02-11T09:00,22.8,72,1,12.6,87
2024-02-11T10:00,24.8,65,1,10.5,106
2024-02-11T11:00,26.7,63,2,9.8,156
2024-02-11T12:00,27.6,61,3,12.4,190
2024-02-11T13:00,27.5,62,51,9.0,175
2024-02-11T14:00,28.5,60,3,6.3,167
2024-02-11T15:00,28.7,57,1,2.2,99
2024-02-11T16:00,27.1,63,51,4.8,77
2024-02-11T17:00,23.8,82,53,13.3,128
2024-02-11T18:00,23.4,79,0,10.1,117
2024-02-11T19:00,21.7,87,1,16.0,23
2024-02-11T20:00,20.0,93,51,11.0,58
2024-02-11T21:00,20.3,89,0,9.7,88
2024-02-11T22:00,19.5,93,0,6.1,50
2024-02-11T23:00,18.6,97,1,5.3,62
2024-02-12T00:00,18.8,96,3,6.2,80
2024-02-12T01:00,18.5,97,2,7.2,84
2024-02-12T02:00,18.0,98,2,4.7,67
2024-02-12T03:00,18.0,98,3,5.1,51
2024-02-12T04:00,17.7,98,3,5.5,58
2024-02-12T05:00,17.7,98,3,7.0,78
2024-02-12T06:00,18.9,89,51,5.4,98
2024-02-12T07:00,18.8,92,3,11.5,94
2024-02-12T08:00,20.5,84,3,10.9,107
2024-02-12T09:00,22.7,75,3,10.1,117
2024-02-12T10:00,24.9,70,3,11.3,127
2024-02-12T11:00,27.2,61,3,12.2,161
2024-02-12T12:00,27.8,59,3,12.0,164
2024-02-12T13:00,28.7,55,3,9.9,161
2024-02-12T14:00,28.8,55,2,9.8,174
2024-02-12T15:00,29.0,53,1,9.0,175
2024-02-12T16:00,28.7,51,3,11.5,178
2024-02-12T17:00,24.9,71,55,10.7,282
2024-02-12T18:00,24.4,69,3,7.4,227
2024-02-12T19:00,23.1,72,3,5.4,53
2024-02-12T20:00,23.3,73,3,11.0,19
2024-02-12T21:00,22.7,72,3,10.2,48
2024-02-12T22:00,21.2,77,3,6.1,40
2024-02-12T23:00,20.5,82,3,5.7,18
2024-02-13T00:00,19.9,86,2,5.4,42
2024-02-13T01:00,19.2,90,3,4.4,9
2024-02-13T02:00,19.1,92,2,4.3,355
2024-02-13T03:00,18.2,94,3,4.6,51
2024-02-13T04:00,17.9,94,3,5.8,68
2024-02-13T05:00,17.5,94,3,5.1,45
2024-02-13T06:00,18.8,90,3,6.2,111
2024-02-13T07:00,20.0,82,3,4.5,104
2024-02-13T08:00,22.2,73,3,5.2,124
2024-02-13T09:00,24.4,67,3,7.4,157
2024-02-13T10:00,26.3,62,3,9.0,180
2024-02-13T11:00,27.8,57,3,10.4,182
2024-02-13T12:00,29.2,51,3,11.5,182
2024-02-13T13:00,30.2,47,3,13.0,194
2024-02-13T14:00,30.0,47,3,14.5,207
2024-02-13T15:00,30.5,45,3,13.3,213
2024-02-13T16:00,30.0,45,3,9.0,196
2024-02-13T17:00,28.0,52,3,8.4,149
2024-02-13T18:00,26.0,52,3,11.7,124
2024-02-13T19:00,24.9,50,3,8.0,144
2024-02-13T20:00,25.8,45,3,6.3,204
2024-02-13T21:00,25.3,46,3,4.6,72
2024-02-13T22:00,23.2,56,3,4.3,66
2024-02-13T23:00,22.1,63,3,7.6,109
2024-02-14T00:00,20.7,67,3,5.3,332
2024-02-14T01:00,18.7,83,3,5.7,325
2024-02-14T02:00,18.6,84,3,4.6,309
2024-02-14T03:00,18.4,88,3,4.2,301
2024-02-14T04:00,19.1,83,3,7.4,317
2024-02-14T05:00,18.7,82,2,5.9,313
2024-02-14T06:00,18.3,90,3,4.9,324
2024-02-14T07:00,19.5,85,3,4.9,306
2024-02-14T08:00,21.6,78,3,3.9,326
2024-02-14T09:00,24.3,70,3,2.3,309
2024-02-14T10:00,26.7,61,3,1.8,143
2024-02-14T11:00,28.1,54,3,3.0,194
2024-02-14T12:00,28.7,51,3,5.2,214
2024-02-14T13:00,29.5,49,3,4.9,234
2024-02-14T14:00,30.2,47,0,4.1,225
2024-02-14T15:00,30.9,41,3,4.9,216
2024-02-14T16:00,30.6,41,3,6.9,223
2024-02-14T17:00,28.1,52,2,6.2,216
2024-02-14T18:00,24.4,62,1,8.0,162
2024-02-14T19:00,23.7,54,1,7.6,239
2024-02-14T20:00,23.0,60,0,11.7,315
2024-02-14T21:00,21.8,69,3,8.1,13
2024-02-14T22:00,21.5,67,1,9.9,33
2024-02-14T23:00,21.2,67,3,9.3,16
2024-02-15T00:00,20.8,71,1,8.2,29
2024-02-15T01:00,20.3,74,1,9.5,9
2024-02-15T02:00,20.0,76,0,9.4,7
2024-02-15T03:00,19.5,79,0,10.4,20
2024-02-15T04:00,18.9,82,0,8.7,24
2024-02-15T05:00,18.5,85,0,8.1,32
2024-02-15T06:00,19.2,94,0,4.6,288
2024-02-15T07:00,20.0,90,0,7.1,75
2024-02-15T08:00,22.1,77,0,9.7,48
2024-02-15T09:00,23.5,70,0,14.7,54
2024-02-15T10:00,24.6,64,0,14.6,57
2024-02-15T11:00,26.3,58,0,14.0,64
2024-02-15T12:00,27.5,54,0,13.4,66
2024-02-15T13:00,28.2,51,0,10.2,67
2024-02-15T14:00,28.5,49,0,7.1,75
2024-02-15T15:00,28.5,49,0,5.8,83
2024-02-15T16:00,28.3,49,0,4.0,63
2024-02-15T17:00,26.9,62,2,3.4,18
2024-02-15T18:00,22.9,73,51,21.6,349
2024-02-15T19:00,22.0,71,0,10.9,6
2024-02-15T20:00,21.8,72,0,6.1,357
2024-02-15T21:00,21.0,78,0,11.9,3
2024-02-15T22:00,20.2,83,0,8.2,345
2024-02-15T23:00,19.8,85,0,7.3,351
2024-02-16T00:00,18.9,89,0,5.8,356
2024-02-16T01:00,18.8,88,0,8.0,18
2024-02-16T02:00,18.4,86,0,5.9,52
2024-02-16T03:00,17.9,86,0,6.7,54
2024-02-16T04:00,18.0,83,0,6.4,52
2024-02-16T05:00,17.8,83,0,6.6,41
2024-02-16T06:00,18.6,81,0,5.4,4
2024-02-16T07:00,19.6,78,0,10.2,39
2024-02-16T08:00,22.2,69,0,11.2,42
2024-02-16T09:00,24.4,63,0,11.9,61
2024-02-16T10:00,26.4,59,0,10.2,82
2024-02-16T11:00,28.2,54,0,9.0,90
2024-02-16T12:00,29.4,50,0,7.6,93
2024-02-16T13:00,30.1,45,0,5.5,101
2024-02-16T14:00,30.4,42,0,1.8,101
2024-02-16T15:00,30.4,40,1,3.3,257
2024-02-16T16:00,29.9,40,1,5.0,270
2024-02-16T17:00,27.7,53,51,5.4,340
2024-02-16T18:00,25.2,53,0,7.5,35
2024-02-16T19:00,24.4,54,0,7.9,30
2024-02-16T20:00,24.3,52,0,6.0,343
2024-02-16T21:00,21.8,60,0,5.4,318
2024-02-16T22:00,21.6,58,0,8.0,342
2024-02-16T23:00,20.2,63,0,7.3,351
2024-02-17T00:00,19.4,67,0,6.3,347
2024-02-17T01:00,18.9,71,0,6.3,336
2024-02-17T02:00,18.7,72,0,6.8,3
2024-02-17T03:00,18.7,71,0,8.4,31
2024-02-17T04:00,18.4,73,0,7.0,21
2024-02-17T05:00,18.2,74,0,7.1,15
2024-02-17T06:00,19.3,80,0,5.8,22
2024-02-17T07:00,20.0,78,0,8.7,7
2024-02-17T08:00,22.6,72,0,6.5,357
2024-02-17T09:00,25.1,63,0,5.2,12
2024-02-17T10:00,27.3,56,0,3.1,54
2024-02-17T11:00,29.1,50,0,2.3,141
2024-02-17T12:00,30.5,43,0,6.3,204
2024-02-17T13:00,30.9,36,1,7.9,267
2024-02-17T14:00,31.1,34,1,3.6,270
2024-02-17T15:00,31.4,32,1,0.8,117
2024-02-17T16:00,31.2,38,2,1.5,104
2024-02-17T17:00,29.0,53,2,3.3,96
2024-02-17T18:00,26.4,49,1,8.0,216
2024-02-17T19:00,24.7,48,0,7.9,227
2024-02-17T20:00,23.9,50,1,7.1,240
2024-02-17T21:00,23.1,53,0,6.5,273
2024-02-17T22:00,21.9,58,0,8.8,351
2024-02-17T23:00,22.0,53,0,9.4,356
2024-02-18T00:00,20.7,61,0,7.7,323
2024-02-18T01:00,19.6,67,0,6.4,322
2024-02-18T02:00,18.8,72,0,6.5,6
2024-02-18T03:00,17.9,79,0,8.8,351
2024-02-18T04:00,17.4,83,0,7.2,342
2024-02-18T05:00,18.0,79,0,9.2,191
2024-02-18T06:00,18.9,79,2,6.3,347
2024-02-18T07:00,20.3,76,0,6.0,33
2024-02-18T08:00,23.4,66,0,5.9,76
2024-02-18T09:00,26.2,57,3,3.9,56
2024-02-18T10:00,28.1,51,0,2.9,173
2024-02-18T11:00,29.9,39,1,5.0,201
2024-02-18T12:00,31.0,34,2,7.4,219
2024-02-18T13:00,31.1,32,2,9.2,231
2024-02-18T14:00,31.4,29,3,10.7,230
2024-02-18T15:00,30.9,31,1,11.5,219
2024-02-18T16:00,30.1,41,2,4.5,166
2024-02-18T17:00,28.3,46,1,6.2,100
2024-02-18T18:00,26.3,33,0,9.8,174
2024-02-18T19:00,27.8,26,0,5.4,132
2024-02-18T20:00,24.7,40,0,8.0,355
2024-02-18T21:00,21.6,52,0,7.2,84
2024-02-18T22:00,24.3,39,1,4.0,185
2024-02-18T23:00,20.3,57,1,5.2,282
2024-02-19T00:00,20.7,55,0,9.4,337
2024-02-19T01:00,22.8,46,0,3.8,287
2024-02-19T02:00,21.0,52,1,9.1,56
2024-02-19T03:00,21.4,51,1,7.1,49
2024-02-19T04:00,17.9,67,1,10.3,78
2024-02-19T05:00,17.0,75,2,8.9,63
2024-02-19T06:00,20.8,49,3,9.4,220
2024-02-19T07:00,20.9,58,3,6.1,225
2024-02-19T08:00,23.1,52,3,2.9,360
2024-02-19T09:00,25.8,46,1,3.3,186
2024-02-19T10:00,27.2,42,0,4.7,184
2024-02-19T11:00,29.1,36,0,7.0,201
2024-02-19T12:00,31.1,33,0,10.6,204
2024-02-19T13:00,32.4,30,0,11.3,207
2024-02-19T14:00,33.0,28,3,11.2,220
2024-02-19T15:00,32.9,27,2,10.9,224
2024-02-19T16:00,32.1,32,2,7.9,196
2024-02-19T17:00,29.5,39,2,7.3,171
2024-02-19T18:00,26.9,32,1,8.7,142
2024-02-19T19:00,26.1,33,3,11.2,130
2024-02-19T20:00,24.5,39,2,10.7,147
2024-02-19T21:00,24.0,38,0,7.0,282
2024-02-19T22:00,22.8,46,0,10.5,286
2024-02-19T23:00,22.8,46,0,10.6,298
2024-02-20T00:00,22.7,47,1,11.8,329
2024-02-20T01:00,22.9,45,3,8.0,333
2024-02-20T02:00,19.8,58,3,10.1,333
2024-02-20T03:00,20.5,56,3,5.0,249
2024-02-20T04:00,18.7,64,3,7.0,235
2024-02-20T05:00,19.3,59,2,8.8,279
2024-02-20T06:00,21.6,50,2,10.2,288
2024-02-20T07:00,21.2,55,0,10.7,310
2024-02-20T08:00,23.9,53,0,9.7,315
2024-02-20T09:00,27.0,47,0,7.4,317
2024-02-20T10:00,29.4,37,0,9.8,324
2024-02-20T11:00,30.9,31,0,10.5,322
2024-02-20T12:00,32.1,27,0,9.4,313
2024-02-20T13:00,32.9,25,2,5.3,332
2024-02-20T14:00,33.2,23,3,4.3,312
2024-02-20T15:00,32.9,25,3,8.9,238
2024-02-20T16:00,32.3,31,3,7.1,240
2024-02-20T17:00,28.9,48,2,5.8,292
2024-02-20T18:00,29.8,31,2,6.3,204
2024-02-20T19:00,28.5,35,2,3.3,13
2024-02-20T20:00,23.7,53,2,7.3,303
2024-02-20T21:00,23.8,48,0,8.1,291
2024-02-20T22:00,21.2,56,0,10.7,312
2024-02-20T23:00,20.6,57,0,7.4,346
2024-02-21T00:00,19.8,57,0,6.3,301
2024-02-21T01:00,19.3,60,0,6.3,294
2024-02-21T02:00,18.9,62,0,6.5,304
2024-02-21T03:00,18.3,64,0,6.7,306
2024-02-21T04:00,17.9,65,0,6.6,315
2024-02-21T05:00,17.1,70,0,6.4,297
2024-02-21T06:00,18.8,60,0,6.8,288
2024-02-21T07:00,19.9,59,1,9.0,265
2024-02-21T08:00,23.4,51,2,7.9,300
2024-02-21T09:00,25.6,42,3,4.5,284
2024-02-21T10:00,27.4,40,3,5.4,270
2024-02-21T11:00,29.2,37,3,6.4,243
2024-02-21T12:00,30.5,35,2,6.9,227
2024-02-21T13:00,32.1,28,1,8.1,225
2024-02-21T14:00,32.8,22,2,14.9,250
2024-02-21T15:00,32.5,21,1,15.9,264
2024-02-21T16:00,31.5,26,2,13.0,268
2024-02-21T17:00,28.1,45,0,6.5,273
2024-02-21T18:00,24.4,45,2,10.0,285
2024-02-21T19:00,23.8,38,3,9.5,279
2024-02-21T20:00,23.5,36,3,11.2,285
2024-02-21T21:00,23.0,41,3,10.6,288
2024-02-21T22:00,23.2,48,2,15.1,308
2024-02-21T23:00,23.3,51,3,14.5,314
2024-02-22T00:00,22.3,55,3,10.4,304
2024-02-22T01:00,21.9,55,2,10.2,302
2024-02-22T02:00,21.5,57,2,10.9,297
2024-02-22T03:00,21.1,59,0,11.9,299
2024-02-22T04:00,20.7,61,2,14.3,309
2024-02-22T05:00,20.3,64,3,12.3,310
2024-02-22T06:00,20.3,59,2,10.2,315
2024-02-22T07:00,20.6,63,2,9.4,317
2024-02-22T08:00,22.7,60,1,5.4,318
2024-02-22T09:00,24.8,53,0,6.6,319
2024-02-22T10:00,26.4,46,0,9.3,306
2024-02-22T11:00,27.7,41,3,10.9,297
2024-02-22T12:00,28.8,35,2,11.3,292
2024-02-22T13:00,29.7,31,1,12.9,288
2024-02-22T14:00,30.0,30,0,13.8,290
2024-02-22T15:00,29.6,32,1,14.5,297
2024-02-22T16:00,29.1,32,0,14.1,310
2024-02-22T17:00,27.4,36,0,13.5,335
2024-02-22T18:00,24.2,41,0,7.4,299
2024-02-22T19:00,23.5,40,0,10.0,291
2024-02-22T20:00,22.2,41,0,8.7,322
2024-02-22T21:00,21.8,42,0,11.0,328
2024-02-22T22:00,21.4,43,0,11.3,323
2024-02-22T23:00,20.8,45,0,11.0,328
2024-02-23T00:00,19.7,49,0,9.0,344
2024-02-23T01:00,19.0,52,0,9.2,349
2024-02-23T02:00,17.9,58,0,6.6,13
2024-02-23T03:00,16.4,69,0,9.0,5
2024-02-23T04:00,16.4,67,0,6.8,357
2024-02-23T05:00,16.2,69,0,6.1,3
2024-02-23T06:00,16.9,70,0,5.7,342
2024-02-23T07:00,18.3,65,0,8.0,355
2024-02-23T08:00,21.1,58,0,5.4,4
2024-02-23T09:00,23.5,53,1,7.8,34
2024-02-23T10:00,25.6,46,0,9.2,51
2024-02-23T11:00,27.2,39,0,7.7,62
2024-02-23T12:00,28.2,36,0,4.6,72
2024-02-23T13:00,28.8,34,0,0.4,90
2024-02-23T14:00,29.0,33,0,4.7,266
2024-02-23T15:00,29.0,32,1,4.3,265
2024-02-23T16:00,28.8,32,1,1.4,180
2024-02-23T17:00,27.5,38,0,6.5,124
2024-02-23T18:00,24.6,49,2,6.5,109
2024-02-23T19:00,25.3,45,0,2.5,45
2024-02-23T20:00,21.8,58,0,6.5,341
2024-02-23T21:00,23.1,50,0,5.8,30
2024-02-23T22:00,20.6,57,0,6.5,3
2024-02-23T23:00,20.6,51,0,9.8,332
2024-02-24T00:00,19.9,51,0,10.8,356
2024-02-24T01:00,19.0,51,0,8.7,353
2024-02-24T02:00,18.3,52,0,8.6,345
2024-02-24T03:00,17.6,53,0,8.3,360
2024-02-24T04:00,16.8,56,0,7.2,6
2024-02-24T05:00,16.5,58,0,7.6,5
2024-02-24T06:00,17.7,55,0,8.7,353
2024-02-24T07:00,18.5,56,0,10.2,10
2024-02-24T08:00,21.2,51,0,9.4,4
2024-02-24T09:00,24.0,44,0,9.1,18
2024-02-24T10:00,26.4,39,0,7.9,51
2024-02-24T11:00,28.2,36,0,6.6,68
2024-02-24T12:00,29.5,32,0,4.6,51
2024-02-24T13:00,30.3,30,0,3.3,347
2024-02-24T14:00,30.4,29,0,4.7,279
2024-02-24T15:00,30.3,29,1,5.7,288
2024-02-24T16:00,30.1,28,0,0.4,90
2024-02-24T17:00,28.6,37,0,6.1,118
2024-02-24T18:00,27.1,32,0,11.0,221
2024-02-24T19:00,24.3,39,0,7.1,240
2024-02-24T20:00,22.7,44,0,9.0,307
2024-02-24T21:00,23.8,33,0,16.8,312
2024-02-24T22:00,23.4,34,0,14.8,319
2024-02-24T23:00,21.8,40,0,11.3,343
2024-02-25T00:00,20.6,44,0,11.8,348
2024-02-25T01:00,19.2,50,0,6.7,344
2024-02-25T02:00,18.0,59,0,8.6,358
2024-02-25T03:00,18.2,58,0,6.4,74
2024-02-25T04:00,17.2,63,0,6.8,360
2024-02-25T05:00,16.8,60,0,6.7,16
2024-02-25T06:00,18.4,51,0,10.1,356
2024-02-25T07:00,19.1,53,0,11.2,6
2024-02-25T08:00,21.6,51,0,8.6,15
2024-02-25T09:00,24.5,46,0,8.9,50
2024-02-25T10:00,26.9,43,0,10.3,54
2024-02-25T11:00,28.9,40,0,11.0,52
2024-02-25T12:00,30.1,35,0,10.9,56
2024-02-25T13:00,30.9,33,0,9.7,48
2024-02-25T14:00,31.2,32,0,7.1,45
2024-02-25T15:00,31.2,31,0,4.8,48
2024-02-25T16:00,30.9,31,0,4.3,24
2024-02-25T17:00,29.1,52,0,3.4,32
2024-02-25T18:00,26.6,39,0,10.6,72
2024-02-25T19:00,26.2,39,0,13.8,84
2024-02-25T20:00,25.0,42,0,10.7,104
2024-02-25T21:00,24.0,46,0,9.7,117
2024-02-25T22:00,22.2,55,0,10.3,126
2024-02-25T23:00,21.8,54,0,4.6,342
2024-02-26T00:00,20.5,63,0,7.0,348
2024-02-26T01:00,20.6,59,0,9.2,51
2024-02-26T02:00,20.8,57,0,9.7,48
2024-02-26T03:00,20.5,65,0,8.8,55
2024-02-26T04:00,20.2,72,1,8.5,54
2024-02-26T05:00,20.0,76,1,8.0,63
2024-02-26T06:00,20.9,88,61,7.9,357
2024-02-26T07:00,21.4,84,51,10.3,65
2024-02-26T08:00,22.9,78,2,11.6,83
2024-02-26T09:00,22.9,80,61,9.5,99
2024-02-26T10:00,24.7,72,51,13.7,93
2024-02-26T11:00,25.9,68,3,13.0,104
2024-02-26T12:00,26.9,65,3,13.3,123
2024-02-26T13:00,27.5,63,3,11.9,119
2024-02-26T14:00,27.4,65,3,12.3,128
2024-02-26T15:00,27.0,67,51,10.1,207
2024-02-26T16:00,25.9,72,3,8.7,218
2024-02-26T17:00,25.6,73,3,4.7,266
2024-02-26T18:00,26.0,69,3,4.7,32
2024-02-26T19:00,25.1,72,0,10.6,10
2024-02-26T20:00,23.4,77,1,9.2,26
2024-02-26T21:00,22.6,79,1,9.7,59
2024-02-26T22:00,21.9,84,0,6.9,43
2024-02-26T23:00,21.4,89,0,9.0,67
2024-02-27T00:00,20.5,93,61,12.0,106
2024-02-27T01:00,20.4,93,53,3.4,122
2024-02-27T02:00,20.4,95,61,3.6,6
2024-02-27T03:00,20.1,97,51,5.1,129
2024-02-27T04:00,20.0,97,2,5.4,42
2024-02-27T05:00,19.8,97,63,5.2,65
2024-02-27T06:00,22.5,93,51,1.5,315
2024-02-27T07:00,22.7,90,1,8.2,23
2024-02-27T08:00,23.0,85,2,12.1,60
2024-02-27T09:00,24.2,77,2,8.1,103
2024-02-27T10:00,25.6,72,51,5.7,198
2024-02-27T11:00,26.2,70,51,6.5,186
2024-02-27T12:00,29.0,58,3,10.1,215
2024-02-27T13:00,30.2,47,51,10.9,224
2024-02-27T14:00,31.3,41,2,14.2,243
2024-02-27T15:00,31.2,40,1,12.6,243
2024-02-27T16:00,31.1,35,1,11.6,244
2024-02-27T17:00,29.9,38,0,6.9,227
2024-02-27T18:00,26.5,50,0,8.4,280
2024-02-27T19:00,25.8,51,0,7.4,317
2024-02-27T20:00,25.2,63,2,13.7,346
2024-02-27T21:00,24.8,61,1,15.8,360
2024-02-27T22:00,23.3,65,0,10.4,360
2024-02-27T23:00,22.3,68,0,9.4,353
2024-02-28T00:00,21.7,72,1,6.6,351
2024-02-28T01:00,20.6,78,2,5.1,352
2024-02-28T02:00,19.9,84,2,5.7,18
2024-02-28T03:00,19.6,85,1,4.3,114
2024-02-28T04:00,19.4,87,1,5.6,135
2024-02-28T05:00,19.2,87,0,4.2,31
2024-02-28T06:00,19.3,88,0,2.7,337
2024-02-28T07:00,20.8,80,0,7.6,25
2024-02-28T08:00,23.2,72,0,6.6,49
2024-02-28T09:00,25.3,65,0,6.9,47
2024-02-28T10:00,27.1,59,0,5.9,47
2024-02-28T11:00,28.6,54,0,4.0,63
2024-02-28T12:00,29.6,50,0,2.2,81
2024-02-28T13:00,30.3,46,0,1.1,270
2024-02-28T14:00,30.7,43,0,4.0,297
2024-02-28T15:00,30.5,41,1,5.6,310
2024-02-28T16:00,30.3,41,1,5.2,326
2024-02-28T17:00,29.0,48,0,4.2,340
2024-02-28T18:00,27.1,45,1,7.2,93
2024-02-28T19:00,25.6,50,2,6.2,7
2024-02-28T20:00,24.8,51,1,6.2,7
2024-02-28T21:00,24.5,48,0,7.0,12
2024-02-28T22:00,22.5,60,0,8.8,351
2024-02-28T23:00,22.5,58,0,7.6,360
2024-02-29T00:00,21.9,63,0,6.8,357
2024-02-29T01:00,20.9,70,0,6.2,353
2024-02-29T02:00,19.7,79,0,6.9,351
2024-02-29T03:00,19.2,82,0,8.0,5
2024-02-29T04:00,18.4,85,0,6.2,10
2024-02-29T05:00,17.7,90,0,6.6,9
2024-02-29T06:00,19.2,75,0,8.6,358
2024-02-29T07:00,20.1,72,0,6.8,18
2024-02-29T08:00,22.9,64,0,5.4,20
2024-02-29T09:00,25.9,54,0,6.1,40
2024-02-29T10:00,28.6,45,0,7.0,78
2024-02-29T11:00,31.0,36,0,11.0,109
2024-02-29T12:00,32.5,29,0,8.2,119
2024-02-29T13:00,33.0,26,1,2.9,150
2024-02-29T14:00,33.1,25,0,4.0,243
2024-02-29T15:00,32.8,24,0,8.6,272
2024-02-29T16:00,32.3,25,0,7.5,305
2024-02-29T17:00,29.9,49,0,4.5,346
2024-02-29T18:00,27.0,37,0,8.4,227
2024-02-29T19:00,25.8,39,3,7.9,231
2024-02-29T20:00,26.3,37,3,6.4,232
2024-02-29T21:00,25.7,39,3,7.3,261
2024-02-29T22:00,24.7,43,0,11.5,316
2024-02-29T23:00,23.9,44,0,12.0,321
2024-03-01T00:00,23.2,46,0,10.0,334
2024-03-01T01:00,21.7,52,0,7.6,360
2024-03-01T02:00,21.7,53,0,7.6,3
2024-03-01T03:00,20.5,59,0,7.2,18
2024-03-01T04:00,19.0,68,0,8.8,9
2024-03-01T05:00,19.1,68,1,7.6,109
2024-03-01T06:00,19.9,70,0,7.2,360
2024-03-01T07:00,21.3,65,0,9.7,360
2024-03-01T08:00,24.3,58,0,6.0,17
2024-03-01T09:00,27.8,46,0,7.7,62
2024-03-01T10:00,30.5,40,0,8.2,67
2024-03-01T11:00,32.7,32,0,8.0,82
2024-03-01T12:00,34.0,27,1,3.5,66
2024-03-01T13:00,34.4,21,1,4.3,336
2024-03-01T14:00,34.3,21,1,4.1,308
2024-03-01T15:00,34.2,21,0,3.6,270
2024-03-01T16:00,33.7,22,0,4.3,270
2024-03-01T17:00,31.4,50,0,4.4,261
2024-03-01T18:00,27.4,37,0,10.2,42
2024-03-01T19:00,25.4,40,0,10.9,46
2024-03-01T20:00,25.7,36,1,8.2,61
2024-03-01T21:00,24.0,40,3,7.5,17
2024-03-01T22:00,25.0,36,0,10.5,308
2024-03-01T23:00,23.4,41,3,6.4,313
2024-03-02T00:00,23.6,43,0,5.9,322
2024-03-02T01:00,22.9,48,2,7.4,346
2024-03-02T02:00,22.0,53,2,4.5,256
2024-03-02T03:00,22.9,44,1,15.3,336
2024-03-02T04:00,23.4,42,1,16.3,332
2024-03-02T05:00,23.2,46,3,17.8,342
2024-03-02T06:00,23.2,55,2,5.2,34
2024-03-02T07:00,23.9,55,3,2.9,90
2024-03-02T08:00,25.0,54,2,10.9,352
2024-03-02T09:00,27.2,50,2,13.1,16
2024-03-02T10:00,28.0,49,2,9.1,353
2024-03-02T11:00,28.9,46,2,8.3,355
2024-03-02T12:00,29.6,44,1,10.2,51
2024-03-02T13:00,31.0,40,0,9.4,94
2024-03-02T14:00,32.1,37,0,8.0,153
2024-03-02T15:00,31.9,36,1,7.2,243
2024-03-02T16:00,31.6,36,2,9.0,275
2024-03-02T17:00,27.9,51,0,8.6,338
2024-03-02T18:00,27.0,48,0,7.2,96
2024-03-02T19:00,25.1,53,0,17.8,21
2024-03-02T20:00,25.2,51,0,8.3,56
2024-03-02T21:00,22.9,63,0,7.4,14
2024-03-02T22:00,23.0,63,0,6.0,57
2024-03-02T23:00,22.3,67,2,6.2,36
2024-03-03T00:00,22.0,73,2,6.6,351
2024-03-03T01:00,22.9,65,3,3.6,186
2024-03-03T02:00,22.5,70,1,3.6,354
2024-03-03T03:00,21.9,68,1,10.5,311
2024-03-03T04:00,21.5,68,0,7.8,326
2024-03-03T05:00,21.1,72,0,13.1,323
2024-03-03T06:00,21.4,77,1,12.4,330
2024-03-03T07:00,22.6,71,1,10.4,358
2024-03-03T08:00,25.0,66,0,5.0,21
2024-03-03T09:00,27.5,56,0,4.7,4
2024-03-03T10:00,29.3,47,1,4.2,340
2024-03-03T11:00,30.8,41,0,7.4,309
2024-03-03T12:00,32.1,33,1,10.4,284
2024-03-03T13:00,32.9,28,1,11.7,281
2024-03-03T14:00,33.3,25,1,15.9,264
2024-03-03T15:00,32.7,26,1,17.4,252
2024-03-03T16:00,31.8,28,1,16.2,233
2024-03-03T17:00,30.5,34,0,15.1,242
2024-03-03T18:00,29.1,37,3,15.5,248
2024-03-03T19:00,27.9,45,0,17.5,278
2024-03-03T20:00,25.8,51,0,11.4,281
2024-03-03T21:00,25.0,55,0,11.4,288
2024-03-03T22:00,24.3,58,0,13.2,317
2024-03-03T23:00,23.7,61,1,12.4,330
2024-03-04T00:00,23.1,64,1,11.2,339
2024-03-04T01:00,22.4,68,1,6.6,338
2024-03-04T02:00,21.6,72,1,6.4,322
2024-03-04T03:00,21.5,71,1,11.7,326
2024-03-04T04:00,21.3,71,1,13.8,332
2024-03-04T05:00,20.9,69,0,10.5,338
2024-03-04T06:00,22.2,58,1,14.0,331
2024-03-04T07:00,22.3,55,1,8.6,327
2024-03-04T08:00,23.6,48,1,10.0,334
2024-03-04T09:00,25.5,44,0,8.8,351
2024-03-04T10:00,27.4,39,1,7.6,355
2024-03-04T11:00,28.8,34,0,9.2,339
2024-03-04T12:00,30.1,31,0,10.6,325
2024-03-04T13:00,31.0,28,0,10.2,312
2024-03-04T14:00,31.5,24,0,10.9,304
2024-03-04T15:00,31.5,22,0,10.5,308
2024-03-04T16:00,31.1,21,0,10.0,311
2024-03-04T17:00,29.4,25,0,7.6,329
2024-03-04T18:00,27.5,35,0,8.0,275
2024-03-04T19:00,25.6,40,0,9.7,312
2024-03-04T20:00,24.7,39,0,12.0,311
2024-03-04T21:00,23.4,38,0,14.3,332
2024-03-04T22:00,22.2,38,0,13.4,329
2024-03-04T23:00,21.2,42,0,12.8,344
2024-03-05T00:00,20.3,46,0,12.3,357
2024-03-05T01:00,19.4,48,0,12.6,360
2024-03-05T02:00,18.7,47,0,9.0,2
2024-03-05T03:00,18.0,47,0,7.2,6
2024-03-05T04:00,17.9,46,0,7.8,22
2024-03-05T05:00,17.8,48,0,8.6,22
2024-03-05T06:00,18.6,48,0,8.9,21
2024-03-05T07:00,19.5,52,0,11.4,13
2024-03-05T08:00,22.0,50,0,11.9,14
2024-03-05T09:00,24.9,45,0,10.7,14
2024-03-05T10:00,27.9,39,0,9.4,32
2024-03-05T11:00,30.3,32,0,7.7,49
2024-03-05T12:00,32.0,27,0,4.7,58
2024-03-05T13:00,32.9,25,0,1.5,45
2024-03-05T14:00,33.4,26,0,3.1,249
2024-03-05T15:00,33.5,25,0,7.4,256
2024-03-05T16:00,33.1,24,0,6.4,254
2024-03-05T17:00,31.9,27,0,1.9,158
2024-03-05T18:00,27.0,42,0,9.6,34
2024-03-05T19:00,26.1,38,0,7.2,6
2024-03-05T20:00,25.0,39,3,7.2,333
2024-03-05T21:00,25.0,36,2,14.5,346
2024-03-05T22:00,23.7,42,2,12.5,12
2024-03-05T23:00,22.4,48,3,13.1,351
2024-03-06T00:00,21.4,51,3,10.8,360
2024-03-06T01:00,20.4,53,3,7.6,8
2024-03-06T02:00,19.7,56,3,5.8,4
2024-03-06T03:00,20.5,55,3,5.0,111
2024-03-06T04:00,20.0,57,3,5.8,97
2024-03-06T05:00,19.9,55,1,7.1,45
2024-03-06T06:00,20.2,53,3,9.6,13
2024-03-06T07:00,21.5,52,3,11.3,9
2024-03-06T08:00,23.6,46,2,8.0,18
2024-03-06T09:00,26.9,39,2,5.9,43
2024-03-06T10:00,29.8,33,3,6.1,62
2024-03-06T11:00,31.8,31,2,4.3,95
2024-03-06T12:00,33.2,31,1,3.3,174
2024-03-06T13:00,33.7,31,3,8.0,278
2024-03-06T14:00,33.7,29,1,8.9,313
2024-03-06T15:00,34.1,25,1,7.6,270
2024-03-06T16:00,34.1,22,1,8.6,268
2024-03-06T17:00,33.0,27,1,5.2,304
2024-03-06T18:00,31.3,21,3,10.8,268
2024-03-06T19:00,31.2,21,1,15.1,303
2024-03-06T20:00,27.6,30,1,11.3,343
2024-03-06T21:00,25.9,36,0,10.5,333
2024-03-06T22:00,25.0,39,0,12.1,333
2024-03-06T23:00,24.4,40,0,13.6,343
2024-03-07T00:00,23.7,42,0,14.5,353
2024-03-07T01:00,21.7,49,0,6.4,16
2024-03-07T02:00,21.4,50,1,6.5,357
2024-03-07T03:00,20.6,53,0,7.3,340
2024-03-07T04:00,19.3,57,0,6.2,353
2024-03-07T05:00,18.8,59,0,6.8,3
2024-03-07T06:00,19.9,54,0,9.7,360
2024-03-07T07:00,20.8,52,0,11.9,357
2024-03-07T08:00,23.6,44,0,8.3,360
2024-03-07T09:00,26.9,37,0,7.2,18
2024-03-07T10:00,30.1,30,0,7.2,37
2024-03-07T11:00,32.2,24,0,8.2,41
2024-03-07T12:00,33.3,20,0,5.1,8
2024-03-07T13:00,34.0,19,0,4.6,315
2024-03-07T14:00,34.1,18,0,5.9,284
2024-03-07T15:00,34.0,17,0,8.1,283
2024-03-07T16:00,33.9,17,0,7.6,301
2024-03-07T17:00,32.3,24,0,4.5,346
2024-03-07T18:00,28.0,32,0,6.2,190
2024-03-07T19:00,26.6,33,0,6.3,246
2024-03-07T20:00,26.1,33,0,15.6,322
2024-03-07T21:00,26.4,30,0,16.6,359
2024-03-07T22:00,24.9,35,0,11.9,358
2024-03-07T23:00,23.6,39,0,10.3,348
2024-03-08T00:00,22.6,42,0,10.0,339
2024-03-08T01:00,21.9,43,0,9.8,343
2024-03-08T02:00,20.8,46,0,7.6,8
2024-03-08T03:00,20.0,49,0,7.8,13
2024-03-08T04:00,19.7,50,0,8.6,2
2024-03-08T05:00,18.4,55,0,6.6,45
2024-03-08T06:00,20.1,48,0,7.0,35
2024-03-08T07:00,21.5,47,0,9.5,11
2024-03-08T08:00,24.4,40,0,9.1,18
2024-03-08T09:00,27.3,34,0,9.8,36
2024-03-08T10:00,29.8,29,0,8.4,59
2024-03-08T11:00,31.7,25,0,6.9,84
2024-03-08T12:00,32.9,22,0,3.7,101
2024-03-08T13:00,33.6,20,0,2.3,288
2024-03-08T14:00,33.9,20,1,7.9,300
2024-03-08T15:00,34.0,19,1,5.6,320
2024-03-08T16:00,34.2,17,0,3.4,302
2024-03-08T17:00,32.3,19,0,10.5,301
2024-03-08T18:00,29.3,16,0,15.0,312
2024-03-08T19:00,27.8,19,0,15.5,316
2024-03-08T20:00,26.4,23,0,15.5,335
2024-03-08T21:00,25.0,32,0,9.5,11
2024-03-08T22:00,23.5,39,0,8.3,358
2024-03-08T23:00,22.6,42,0,8.6,345
2024-03-09T00:00,21.9,44,0,8.9,346
2024-03-09T01:00,21.1,47,0,7.8,347
2024-03-09T02:00,20.4,49,0,9.0,360
2024-03-09T03:00,20.1,49,0,9.4,23
2024-03-09T04:00,19.7,50,0,9.4,32
2024-03-09T05:00,19.4,50,0,9.0,23
2024-03-09T06:00,20.0,45,0,9.0,355
2024-03-09T07:00,21.4,43,0,10.8,15
2024-03-09T08:00,24.4,37,0,8.4,50
2024-03-09T09:00,27.4,31,0,9.5,65
2024-03-09T10:00,30.1,24,0,10.8,75
2024-03-09T11:00,32.1,20,0,10.5,94
2024-03-09T12:00,33.6,19,0,8.4,110
2024-03-09T13:00,34.3,17,0,2.6,106
2024-03-09T14:00,34.6,17,0,4.9,306
2024-03-09T15:00,34.2,17,0,7.9,313
2024-03-09T16:00,33.8,18,0,5.4,323
2024-03-09T17:00,32.2,46,0,2.2,90
2024-03-09T18:00,31.1,20,2,12.9,330
2024-03-09T19:00,31.1,19,0,17.1,300
2024-03-09T20:00,29.1,22,0,13.1,291
2024-03-09T21:00,26.7,28,0,14.0,318
2024-03-09T22:00,25.7,32,0,11.0,337
2024-03-09T23:00,24.1,36,0,8.0,355
2024-03-10T00:00,22.5,41,0,7.3,11
2024-03-10T01:00,22.6,40,0,8.6,2
2024-03-10T02:00,22.4,41,0,10.1,6
2024-03-10T03:00,20.4,48,0,8.4,20
2024-03-10T04:00,20.5,46,0,7.6,65
2024-03-10T05:00,20.3,45,0,7.7,62
2024-03-10T06:00,21.0,59,0,6.5,19
2024-03-10T07:00,22.8,54,0,10.0,60
2024-03-10T08:00,26.0,44,0,8.6,75
2024-03-10T09:00,28.9,36,0,7.9,90
2024-03-10T10:00,31.5,31,0,8.6,112
2024-03-10T11:00,33.6,26,0,9.4,133
2024-03-10T12:00,35.1,20,0,8.1,193
2024-03-10T13:00,35.7,18,0,12.2,225
2024-03-10T14:00,36.1,16,0,13.3,232
2024-03-10T15:00,36.2,15,0,13.9,239
2024-03-10T16:00,35.4,16,0,14.5,247
2024-03-10T17:00,33.7,20,0,8.7,265
2024-03-10T18:00,30.2,32,0,8.3,182
2024-03-10T19:00,28.7,35,0,6.4,286
2024-03-10T20:00,27.5,35,0,8.6,338
2024-03-10T21:00,26.0,36,0,8.2,337
2024-03-10T22:00,26.8,33,2,5.5,32
2024-03-10T23:00,25.2,39,0,6.9,51
2024-03-11T00:00,24.8,39,0,4.8,333
2024-03-11T01:00,23.6,43,0,10.0,64
2024-03-11T02:00,23.1,47,0,9.5,65
2024-03-11T03:00,22.9,46,0,4.0,333
2024-03-11T04:00,22.5,45,0,9.3,332
2024-03-11T05:00,21.8,45,0,6.6,351
2024-03-11T06:00,22.3,57,0,5.3,28
2024-03-11T07:00,23.6,54,0,4.0,63
2024-03-11T08:00,26.5,43,0,2.3,72
2024-03-11T09:00,29.3,37,0,2.4,117
2024-03-11T10:00,31.9,30,0,1.4,360
2024-03-11T11:00,33.8,25,0,2.6,286
2024-03-11T12:00,35.1,23,0,4.7,261
2024-03-11T13:00,36.0,21,0,5.4,250
2024-03-11T14:00,36.7,20,0,3.2,243
2024-03-11T15:00,37.3,16,0,7.3,290
2024-03-11T16:00,36.0,15,0,19.6,296
2024-03-11T17:00,34.1,19,0,17.3,301
2024-03-11T18:00,33.0,19,0,21.3,296
2024-03-11T19:00,31.7,22,0,17.9,304
2024-03-11T20:00,29.9,25,0,14.0,318
2024-03-11T21:00,27.9,30,0,8.5,332
2024-03-11T22:00,25.5,39,0,8.8,19
2024-03-11T23:00,24.5,41,0,9.1,9
2024-03-12T00:00,24.1,42,0,7.2,342
2024-03-12T01:00,24.2,42,0,10.5,329
2024-03-12T02:00,23.3,46,0,8.9,333
2024-03-12T03:00,24.0,44,1,4.3,312
2024-03-12T04:00,22.2,51,1,3.6,174
2024-03-12T05:00,21.2,58,0,5.9,223
2024-03-12T06:00,22.4,50,0,6.6,338
2024-03-12T07:00,24.4,47,0,6.2,353
2024-03-12T08:00,28.5,38,0,5.8,7
2024-03-12T09:00,31.6,32,0,6.1,40
2024-03-12T10:00,33.9,27,0,6.3,59
2024-03-12T11:00,35.1,23,0,3.6,45
2024-03-12T12:00,35.9,22,0,2.4,297
2024-03-12T13:00,36.8,20,3,8.6,272
2024-03-12T14:00,36.8,19,3,8.0,278
2024-03-12T15:00,36.8,18,3,12.7,285
2024-03-12T16:00,35.8,20,0,17.8,284
2024-03-12T17:00,34.7,20,0,11.6,263
2024-03-12T18:00,33.8,18,3,3.8,107
2024-03-12T19:00,31.5,22,1,10.9,264
2024-03-12T20:00,30.7,25,0,15.8,300
2024-03-12T21:00,29.0,28,0,13.7,325
2024-03-12T22:00,27.4,32,0,10.2,337
2024-03-12T23:00,26.0,36,0,7.4,346
2024-03-13T00:00,25.0,38,0,7.2,360
2024-03-13T01:00,23.5,44,0,8.8,9
2024-03-13T02:00,25.4,37,0,4.8,42
2024-03-13T03:00,24.9,38,0,1.3,214
2024-03-13T04:00,22.5,47,0,5.0,210
2024-03-13T05:00,21.7,50,0,6.3,239
2024-03-13T06:00,22.9,45,0,6.7,254
2024-03-13T07:00,25.3,40,0,10.4,290
2024-03-13T08:00,28.4,35,0,6.3,301
2024-03-13T09:00,31.1,28,0,8.7,318
2024-03-13T10:00,33.2,25,0,11.9,325
2024-03-13T11:00,34.7,22,0,12.7,313
2024-03-13T12:00,35.6,21,0,12.3,291
2024-03-13T13:00,36.2,20,0,12.6,283
2024-03-13T14:00,36.8,18,0,14.6,280
2024-03-13T15:00,36.4,16,0,19.2,278
2024-03-13T16:00,35.4,18,0,16.3,292
2024-03-13T17:00,34.1,20,0,11.3,333
2024-03-13T18:00,31.5,16,0,10.3,331
2024-03-13T19:00,30.2,17,0,17.2,303
2024-03-13T20:00,29.1,18,0,15.3,313
2024-03-13T21:00,27.5,19,0,13.8,311
2024-03-13T22:00,26.5,20,0,13.6,310
2024-03-13T23:00,25.7,22,0,14.3,321
2024-03-14T00:00,25.0,24,0,15.2,329
2024-03-14T01:00,24.6,25,0,15.6,331
2024-03-14T02:00,24.2,25,0,13.7,330
2024-03-14T03:00,23.4,26,0,11.9,331
2024-03-14T04:00,22.1,29,0,7.2,3
2024-03-14T05:00,19.9,38,0,6.2,80
2024-03-14T06:00,22.1,30,0,10.8,323
2024-03-14T07:00,24.0,29,0,13.0,332
2024-03-14T08:00,27.0,26,0,10.2,342
2024-03-14T09:00,29.9,23,0,8.6,360
2024-03-14T10:00,32.1,20,0,8.6,360
2024-03-14T11:00,33.9,16,0,6.5,341
2024-03-14T12:00,34.9,15,0,5.5,293
2024-03-14T13:00,35.6,14,0,8.0,275
2024-03-14T14:00,35.9,14,0,8.9,291
2024-03-14T15:00,36.0,13,0,11.2,318
2024-03-14T16:00,35.1,13,0,16.1,312
2024-03-14T17:00,33.1,17,0,15.0,300
2024-03-14T18:00,29.6,23,0,9.1,288
2024-03-14T19:00,27.9,24,0,7.9,309
2024-03-14T20:00,28.0,20,0,11.7,281
2024-03-14T21:00,26.9,23,0,10.7,284
2024-03-14T22:00,25.5,27,0,10.8,323
2024-03-14T23:00,24.5,31,0,9.4,342
2024-03-15T00:00,23.5,33,0,9.4,356
2024-03-15T01:00,22.9,36,0,9.2,349
2024-03-15T02:00,22.4,37,0,10.8,330
2024-03-15T03:00,22.1,37,0,12.0,327
2024-03-15T04:00,20.1,44,0,5.1,135
2024-03-15T05:00,21.5,41,0,3.1,201
2024-03-15T06:00,21.8,39,0,2.9,97
2024-03-15T07:00,22.6,42,0,1.3,236
2024-03-15T08:00,26.1,32,0,2.7,203
2024-03-15T09:00,29.1,28,0,1.9,68
2024-03-15T10:00,31.7,25,0,3.8,49
2024-03-15T11:00,33.5,20,0,4.3,48
2024-03-15T12:00,34.7,18,0,1.3,34
2024-03-15T13:00,35.5,17,0,1.9,248
2024-03-15T14:00,35.8,17,0,4.8,243
2024-03-15T15:00,35.6,17,0,4.5,241
2024-03-15T16:00,35.6,17,0,4.7,189
2024-03-15T17:00,34.4,19,0,10.6,204
2024-03-15T18:00,31.2,22,0,6.4,243
2024-03-15T19:00,28.7,29,0,8.4,290
2024-03-15T20:00,27.3,30,0,6.3,336
2024-03-15T21:00,26.6,31,0,9.0,331
2024-03-15T22:00,27.1,28,0,12.7,325
2024-03-15T23:00,26.7,28,1,12.5,342
2024-03-16T00:00,25.4,30,2,7.6,352
2024-03-16T01:00,25.4,31,2,6.9,28
2024-03-16T02:00,23.8,35,1,6.1,62
2024-03-16T03:00,22.9,37,3,6.9,9
2024-03-16T04:00,24.7,32,1,8.7,7
2024-03-16T05:00,23.5,35,0,7.3,9
2024-03-16T06:00,23.4,44,0,5.7,55
2024-03-16T07:00,25.3,38,0,8.0,18
2024-03-16T08:00,28.1,33,0,8.9,43
2024-03-16T09:00,30.7,31,0,9.4,58
2024-03-16T10:00,32.6,36,0,9.0,88
2024-03-16T11:00,34.4,34,0,7.3,101
2024-03-16T12:00,35.7,31,1,7.3,147
2024-03-16T13:00,36.1,29,0,7.7,191
2024-03-16T14:00,33.6,37,53,17.1,173
2024-03-16T15:00,31.2,37,1,14.7,197
2024-03-16T16:00,28.9,51,51,8.4,110
2024-03-16T17:00,30.6,40,0,7.9,16
2024-03-16T18:00,29.7,46,0,4.0,153
2024-03-16T19:00,27.3,54,0,6.6,99
2024-03-16T20:00,27.0,55,0,7.6,93
2024-03-16T21:00,25.8,61,0,6.1,45
2024-03-16T22:00,25.0,65,0,9.4,356
2024-03-16T23:00,25.1,63,2,13.5,124
2024-03-17T00:00,26.4,51,1,15.9,118
2024-03-17T01:00,25.9,53,0,7.9,120
2024-03-17T02:00,24.1,61,0,11.0,148
2024-03-17T03:00,23.3,68,51,1.9,248
2024-03-17T04:00,22.3,76,51,6.3,59
2024-03-17T05:00,21.4,82,0,4.8,63
2024-03-17T06:00,22.3,76,0,4.4,55
2024-03-17T07:00,23.9,68,0,1.9,158
2024-03-17T08:00,26.4,58,0,5.6,63
2024-03-17T09:00,29.1,51,0,6.5,93
2024-03-17T10:00,31.4,48,0,7.5,107
2024-03-17T11:00,33.1,43,0,12.2,146
2024-03-17T12:00,30.5,53,53,11.3,173
2024-03-17T13:00,30.7,50,51,12.6,156
2024-03-17T14:00,31.7,47,2,0.8,297
2024-03-17T15:00,32.5,42,51,3.9,292
2024-03-17T16:00,30.9,44,51,8.3,342
2024-03-17T17:00,30.1,45,0,6.9,208
2024-03-17T18:00,26.6,60,0,12.2,341
2024-03-17T19:00,26.3,58,0,10.0,345
2024-03-17T20:00,25.3,66,1,7.9,336
2024-03-17T21:00,25.3,64,1,5.4,143
2024-03-17T22:00,25.5,62,1,3.3,6
2024-03-17T23:00,24.4,66,0,5.5,58
2024-03-18T00:00,24.1,67,0,6.6,77
2024-03-18T01:00,24.1,65,0,6.8,87
2024-03-18T02:00,24.1,63,0,11.2,138
2024-03-18T03:00,24.0,60,0,10.8,92
2024-03-18T04:00,23.3,62,0,7.6,87
2024-03-18T05:00,22.1,69,0,6.7,54
2024-03-18T06:00,22.3,85,1,6.6,9
2024-03-18T07:00,23.5,79,0,4.6,39
2024-03-18T08:00,25.7,70,0,6.0,73
2024-03-18T09:00,28.0,62,0,9.8,118
2024-03-18T10:00,30.3,55,1,11.6,154
2024-03-18T11:00,31.4,50,0,9.2,159
2024-03-18T12:00,32.3,49,0,9.2,169
2024-03-18T13:00,32.8,46,0,9.0,180
2024-03-18T14:00,33.6,41,0,9.0,203
2024-03-18T15:00,33.0,40,3,6.5,251
2024-03-18T16:00,23.2,78,61,25.2,269
2024-03-18T17:00,24.6,73,51,4.3,318
2024-03-18T18:00,27.2,59,0,5.8,356
2024-03-18T19:00,26.0,63,0,9.0,61
2024-03-18T20:00,25.9,60,1,12.2,90
2024-03-18T21:00,25.1,62,0,7.2,87
2024-03-18T22:00,24.1,66,1,6.2,83
2024-03-18T23:00,23.5,70,51,11.5,360
2024-03-19T00:00,22.8,75,0,8.7,66
2024-03-19T01:00,21.9,79,0,8.1,58
2024-03-19T02:00,21.5,81,0,7.3,57
2024-03-19T03:00,20.9,84,0,7.6,19
2024-03-19T04:00,20.5,87,0,6.8,58
2024-03-19T05:00,20.5,86,0,10.0,60
2024-03-19T06:00,21.3,86,51,8.8,99
2024-03-19T07:00,22.3,79,1,7.1,45
2024-03-19T08:00,24.3,71,2,8.4,47
2024-03-19T09:00,26.2,64,3,10.5,63
2024-03-19T10:00,26.3,64,1,12.6,59
2024-03-19T11:00,26.1,67,63,10.0,21
2024-03-19T12:00,27.7,61,51,2.9,83
2024-03-19T13:00,28.7,57,0,0.8,153
2024-03-19T14:00,28.8,56,2,3.1,306
2024-03-19T15:00,29.2,52,2,5.6,285
2024-03-19T16:00,27.6,55,53,7.4,337
2024-03-19T17:00,26.4,57,1,12.8,10
2024-03-19T18:00,26.4,64,3,6.4,153
2024-03-19T19:00,24.9,71,0,7.2,53
2024-03-19T20:00,23.7,73,0,7.4,76
2024-03-19T21:00,22.0,81,0,7.1,105
2024-03-19T22:00,21.4,83,0,5.2,34
2024-03-19T23:00,20.3,88,0,6.7,54
2024-03-20T00:00,20.2,87,0,4.3,24
2024-03-20T01:00,19.7,88,0,5.2,34
2024-03-20T02:00,19.3,87,0,5.8,30
2024-03-20T03:00,18.9,88,0,5.5,32
2024-03-20T04:00,18.3,93,0,4.9,36
2024-03-20T05:00,17.8,96,0,4.0,10
2024-03-20T06:00,17.9,100,0,5.1,45
2024-03-20T07:00,19.8,94,1,5.4,98
2024-03-20T08:00,22.1,84,0,3.4,108
2024-03-20T09:00,24.6,72,0,2.6,146
2024-03-20T10:00,26.8,61,0,2.9,173
2024-03-20T11:00,28.8,51,1,4.3,180
2024-03-20T12:00,29.5,43,3,8.7,265
2024-03-20T13:00,26.3,45,53,6.2,80
2024-03-20T14:00,28.4,38,0,10.1,163
2024-03-20T15:00,29.2,33,1,5.2,155
2024-03-20T16:00,29.2,29,1,2.6,146
2024-03-20T17:00,27.8,56,0,1.8,143
2024-03-20T18:00,25.9,36,1,9.5,151
2024-03-20T19:00,23.7,43,0,7.2,96
2024-03-20T20:00,22.5,48,0,8.9,69
2024-03-20T21:00,21.8,52,0,9.4,90
2024-03-20T22:00,22.5,49,0,6.2,126
2024-03-20T23:00,19.7,59,0,9.8,144
2024-03-21T00:00,19.8,56,0,7.8,158
2024-03-21T01:00,19.4,57,0,8.0,188
2024-03-21T02:00,18.2,61,0,7.6,177
2024-03-21T03:00,17.2,67,0,6.1,50
2024-03-21T04:00,16.5,72,0,5.0,21
2024-03-21T05:00,16.0,74,0,5.2,34
2024-03-21T06:00,18.0,79,0,6.6,68
2024-03-21T07:00,19.8,71,0,5.2,78
2024-03-21T08:00,22.6,60,0,5.0,111
2024-03-21T09:00,25.1,53,0,5.7,125
2024-03-21T10:00,27.2,50,0,4.0,153
2024-03-21T11:00,29.1,46,0,4.9,197
2024-03-21T12:00,30.7,40,0,6.5,214
2024-03-21T13:00,31.9,33,0,6.6,225
2024-03-21T14:00,32.6,28,0,5.4,228
2024-03-21T15:00,32.8,26,0,4.5,194
2024-03-21T16:00,32.9,26,2,4.7,180
2024-03-21T17:00,31.4,35,1,2.6,214
2024-03-21T18:00,27.0,42,2,10.0,240
2024-03-21T19:00,25.3,48,1,8.9,238
2024-03-21T20:00,23.7,51,3,10.7,256
2024-03-21T21:00,24.5,44,2,8.5,306
2024-03-21T22:00,24.4,39,1,15.7,344
2024-03-21T23:00,24.2,34,1,8.9,339
2024-03-22T00:00,21.4,47,0,10.7,346
2024-03-22T01:00,20.5,51,0,9.1,9
2024-03-22T02:00,19.7,54,1,9.0,29
2024-03-22T03:00,19.9,52,1,8.8,351
2024-03-22T04:00,19.3,51,0,7.2,6
2024-03-22T05:00,18.9,52,0,7.9,360
2024-03-22T06:00,19.7,54,3,9.8,336
2024-03-22T07:00,22.1,48,2,9.4,356
2024-03-22T08:00,24.4,48,0,4.4,55
2024-03-22T09:00,26.8,44,0,8.0,95
2024-03-22T10:00,29.3,38,0,4.7,113
2024-03-22T11:00,31.4,33,0,4.6,129
2024-03-22T12:00,33.1,28,0,0.8,153
2024-03-22T13:00,34.2,24,0,5.7,305
2024-03-22T14:00,34.7,22,0,4.9,324
2024-03-22T15:00,35.3,20,3,5.4,356
2024-03-22T16:00,34.4,22,2,7.7,28
2024-03-22T17:00,31.8,32,0,7.5,107
2024-03-22T18:00,31.1,25,1,7.8,103
2024-03-22T19:00,30.3,24,0,7.4,346
2024-03-22T20:00,26.0,33,0,8.1,347
2024-03-22T21:00,24.4,33,0,8.7,336
2024-03-22T22:00,24.7,30,0,9.4,337
2024-03-22T23:00,23.5,32,0,8.0,350
2024-03-23T00:00,22.1,38,0,7.2,342
2024-03-23T01:00,20.2,50,0,10.4,2
2024-03-23T02:00,21.1,46,0,6.1,357
2024-03-23T03:00,19.1,53,0,8.9,27
2024-03-23T04:00,19.2,53,0,7.8,13
2024-03-23T05:00,18.6,57,0,7.6,25
2024-03-23T06:00,19.8,57,0,7.2,18
2024-03-23T07:00,22.1,53,0,9.4,342
2024-03-23T08:00,25.9,47,0,3.4,32
2024-03-23T09:00,29.2,38,0,5.4,94
2024-03-23T10:00,31.5,34,0,3.6,127
2024-03-23T11:00,33.5,31,0,3.3,167
2024-03-23T12:00,35.2,25,0,3.9,202
2024-03-23T13:00,36.3,18,0,3.8,253
2024-03-23T14:00,36.6,17,0,5.8,292
2024-03-23T15:00,36.7,16,0,4.9,324
2024-03-23T16:00,36.3,16,0,7.0,325
2024-03-23T17:00,33.1,49,0,6.1,242
2024-03-23T18:00,29.5,27,0,10.5,207
2024-03-23T19:00,27.4,27,0,11.0,218
2024-03-23T20:00,26.1,31,0,8.6,270
2024-03-23T21:00,25.0,35,0,8.4,277
2024-03-23T22:00,23.3,40,2,8.0,297
2024-03-23T23:00,23.5,39,0,6.5,304
2024-03-24T00:00,22.3,42,0,9.4,328
2024-03-24T01:00,22.1,40,0,8.2,331
2024-03-24T02:00,21.7,40,0,9.4,337
2024-03-24T03:00,21.3,39,3,9.0,337
2024-03-24T04:00,21.5,38,3,9.2,329
2024-03-24T05:00,20.0,46,2,6.4,243
2024-03-24T06:00,20.3,63,3,8.9,302
2024-03-24T07:00,23.9,49,3,8.3,275
2024-03-24T08:00,27.5,42,3,4.4,35
2024-03-24T09:00,30.5,33,3,8.4,110
2024-03-24T10:00,33.7,22,1,2.7,113
2024-03-24T11:00,35.7,19,0,4.9,163
2024-03-24T12:00,36.8,16,0,6.1,183
2024-03-24T13:00,37.3,15,1,5.4,200
2024-03-24T14:00,37.4,15,0,3.0,166
2024-03-24T15:00,37.3,15,2,6.1,135
2024-03-24T16:00,36.3,16,2,8.4,140
2024-03-24T17:00,33.9,27,1,5.5,148
2024-03-24T18:00,30.6,29,1,11.3,263
2024-03-24T19:00,30.2,29,0,7.3,290
2024-03-24T20:00,28.7,34,0,5.9,47
2024-03-24T21:00,26.3,39,1,9.3,106
2024-03-24T22:00,28.9,31,1,7.6,121
2024-03-24T23:00,25.8,41,0,8.3,326
2024-03-25T00:00,23.8,47,0,9.8,332
2024-03-25T01:00,24.0,43,0,7.6,341
2024-03-25T02:00,23.4,44,0,7.4,317
2024-03-25T03:00,22.5,48,0,4.9,287
2024-03-25T04:00,21.4,56,0,6.0,335
2024-03-25T05:00,21.3,58,0,4.2,31
2024-03-25T06:00,26.1,46,0,12.7,235
2024-03-25T07:00,27.3,48,0,9.6,304
2024-03-25T08:00,30.1,43,0,3.8,229
2024-03-25T09:00,33.3,36,0,5.6,230
2024-03-25T10:00,35.3,29,0,5.1,262
2024-03-25T11:00,36.6,25,0,5.8,270
2024-03-25T12:00,37.4,21,0,7.7,259
2024-03-25T13:00,37.8,19,2,9.4,277
2024-03-25T14:00,37.7,18,2,10.5,286
2024-03-25T15:00,37.7,18,1,12.9,297
2024-03-25T16:00,36.9,18,1,13.7,297
2024-03-25T17:00,34.7,24,0,7.8,257
2024-03-25T18:00,31.7,27,0,9.1,198
2024-03-25T19:00,30.1,29,2,8.4,211
2024-03-25T20:00,28.7,34,2,7.6,265
2024-03-25T21:00,28.0,37,0,7.9,270
2024-03-25T22:00,26.3,42,2,7.6,315
2024-03-25T23:00,27.3,37,3,7.8,326
2024-03-26T00:00,26.5,37,3,9.7,321
2024-03-26T01:00,25.3,38,1,9.2,329
2024-03-26T02:00,25.4,37,0,11.8,337
2024-03-26T03:00,24.4,40,0,10.2,337
2024-03-26T04:00,24.0,41,1,8.8,348
2024-03-26T05:00,23.5,43,0,6.5,6
2024-03-26T06:00,22.8,53,0,4.1,345
2024-03-26T07:00,24.8,48,0,10.6,288
2024-03-26T08:00,28.9,39,0,8.0,342
2024-03-26T09:00,32.3,32,0,7.1,15
2024-03-26T10:00,34.7,27,0,6.4,16
2024-03-26T11:00,36.3,23,0,4.7,32
2024-03-26T12:00,37.3,21,0,4.8,48
2024-03-26T13:00,37.7,19,0,3.4,18
2024-03-26T14:00,38.0,18,0,7.0,339
2024-03-26T15:00,37.6,18,0,10.0,339
2024-03-26T16:00,37.1,18,0,10.8,323
2024-03-26T17:00,35.3,21,0,9.1,304
2024-03-26T18:00,32.8,38,2,7.4,104
2024-03-26T19:00,31.1,39,3,7.2,207
2024-03-26T20:00,31.1,36,2,5.0,291
2024-03-26T21:00,29.0,42,3,5.2,12
2024-03-26T22:00,28.1,41,3,7.6,355
2024-03-26T23:00,28.9,33,0,10.1,17
2024-03-27T00:00,26.3,40,0,9.5,53
2024-03-27T01:00,25.4,41,0,7.3,20
2024-03-27T02:00,24.4,42,0,8.8,9
2024-03-27T03:00,24.2,43,0,6.5,96
2024-03-27T04:00,24.5,43,0,8.6,57
2024-03-27T05:00,23.1,50,0,9.5,79
2024-03-27T06:00,24.1,53,0,3.8,17
2024-03-27T07:00,26.1,49,0,4.4,35
2024-03-27T08:00,29.4,40,0,1.6,117
2024-03-27T09:00,32.0,36,0,6.2,170
2024-03-27T10:00,33.8,35,0,9.1,187
2024-03-27T11:00,35.3,32,0,10.6,204
2024-03-27T12:00,36.6,28,0,10.8,210
2024-03-27T13:00,37.7,24,0,8.7,232
2024-03-27T14:00,38.0,21,0,7.1,246
2024-03-27T15:00,38.0,21,0,6.7,254
2024-03-27T16:00,37.6,22,1,5.1,262
2024-03-27T17:00,36.7,23,0,1.8,233
2024-03-27T18:00,33.6,24,0,9.8,174
2024-03-27T19:00,31.7,28,0,9.0,164
2024-03-27T20:00,29.9,32,0,7.8,193
2024-03-27T21:00,28.6,38,0,5.6,285
2024-03-27T22:00,26.6,44,0,4.8,333
2024-03-27T23:00,25.3,49,0,8.1,21
2024-03-28T00:00,25.5,46,0,7.9,114
2024-03-28T01:00,24.9,48,0,9.0,151
2024-03-28T02:00,24.5,48,0,9.4,187
2024-03-28T03:00,24.0,50,0,9.9,224
2024-03-28T04:00,25.2,46,1,6.3,246
2024-03-28T05:00,25.5,44,3,5.0,150
2024-03-28T06:00,24.5,55,2,1.6,297
2024-03-28T07:00,26.1,56,1,1.6,297
2024-03-28T08:00,30.1,39,0,4.2,211
2024-03-28T09:00,33.3,32,0,10.7,200
2024-03-28T10:00,35.5,29,1,13.3,213
2024-03-28T11:00,37.2,27,2,13.0,219
2024-03-28T12:00,38.5,24,2,12.2,225
2024-03-28T13:00,39.1,21,2,10.8,233
2024-03-28T14:00,39.6,19,1,8.7,246
2024-03-28T15:00,39.6,18,0,7.3,250
2024-03-28T16:00,39.1,19,0,5.4,228
2024-03-28T17:00,37.3,26,1,4.7,180
2024-03-28T18:00,35.0,20,0,9.0,178
2024-03-28T19:00,32.1,26,1,8.3,236
2024-03-28T20:00,30.9,28,2,7.2,270
2024-03-28T21:00,30.4,31,3,8.3,326
2024-03-28T22:00,29.1,36,0,6.8,295
2024-03-28T23:00,28.0,38,0,5.9,284
2024-03-29T00:00,26.3,41,0,9.5,299
2024-03-29T01:00,27.3,35,0,9.8,294
2024-03-29T02:00,27.2,35,0,9.7,321
2024-03-29T03:00,25.5,41,1,10.8,339
2024-03-29T04:00,25.7,41,1,6.5,19
2024-03-29T05:00,24.1,45,0,7.5,305
2024-03-29T06:00,28.3,35,2,12.0,316
2024-03-29T07:00,30.3,33,3,13.5,299
2024-03-29T08:00,32.4,33,3,7.2,297
2024-03-29T09:00,33.7,30,3,7.6,270
2024-03-29T10:00,35.6,27,0,4.0,260
2024-03-29T11:00,38.2,23,1,1.1,180
2024-03-29T12:00,39.5,20,1,2.4,333
2024-03-29T13:00,39.4,19,0,3.6,6
2024-03-29T14:00,39.8,18,1,0.7,180
2024-03-29T15:00,39.7,17,0,5.1,188
2024-03-29T16:00,39.3,17,2,2.9,240
2024-03-29T17:00,37.8,23,2,5.1,315
2024-03-29T18:00,35.2,26,2,15.1,12
2024-03-29T19:00,32.4,29,2,7.4,331
2024-03-29T20:00,32.0,31,1,12.1,350
2024-03-29T21:00,31.7,31,0,8.5,348
2024-03-29T22:00,30.5,35,0,14.3,332
2024-03-29T23:00,28.0,45,0,9.3,344
2024-03-30T00:00,28.3,42,0,5.2,282
2024-03-30T01:00,27.4,45,0,3.3,229
2024-03-30T02:00,26.1,48,0,6.0,287
2024-03-30T03:00,25.7,50,0,6.9,313
2024-03-30T04:00,26.2,47,0,12.0,321
2024-03-30T05:00,26.4,44,0,12.8,344
2024-03-30T06:00,25.9,55,3,2.2,279
2024-03-30T07:00,27.8,49,0,2.3,288
2024-03-30T08:00,31.1,40,0,6.9,118
2024-03-30T09:00,34.2,33,0,9.6,103
2024-03-30T10:00,36.5,28,0,6.4,63
2024-03-30T11:00,37.9,24,0,4.9,36
2024-03-30T12:00,38.6,23,1,5.3,298
2024-03-30T13:00,38.7,23,0,6.9,279
2024-03-30T14:00,38.2,24,2,15.8,235
2024-03-30T15:00,37.8,24,2,14.3,236
2024-03-30T16:00,37.5,24,2,4.8,193
2024-03-30T17:00,36.7,26,1,4.6,225
2024-03-30T18:00,33.2,33,1,8.3,272
2024-03-30T19:00,32.8,29,0,11.2,339
2024-03-30T20:00,30.4,34,0,6.8,328
2024-03-30T21:00,31.2,32,1,2.6,124
2024-03-30T22:00,29.6,36,2,7.2,153
2024-03-30T23:00,28.9,44,1,7.4,309
2024-03-31T00:00,28.3,41,1,4.7,157
2024-03-31T01:00,27.4,45,1,7.9,133
2024-03-31T02:00,27.1,46,0,8.2,209
2024-03-31T03:00,26.4,50,2,11.8,211
2024-03-31T04:00,26.0,54,2,3.6,307
2024-03-31T05:00,25.0,57,0,5.5,293
2024-03-31T06:00,25.2,66,2,6.7,286
2024-03-31T07:00,27.2,60,1,6.6,257
2024-03-31T08:00,30.2,50,2,5.6,230
2024-03-31T09:00,33.0,42,1,3.3,257
2024-03-31T10:00,35.6,33,1,7.9,254
2024-03-31T11:00,37.4,26,1,10.1,243
2024-03-31T12:00,38.3,25,1,9.7,255
2024-03-31T13:00,38.3,24,1,10.9,278
2024-03-31T14:00,38.3,24,0,10.7,282
2024-03-31T15:00,37.8,25,1,11.4,288
2024-03-31T16:00,37.2,25,1,11.6,292
2024-03-31T17:00,36.4,25,0,8.8,279
2024-03-31T18:00,28.5,59,1,12.4,68
2024-03-31T19:00,28.0,62,1,12.1,150
2024-03-31T20:00,27.7,59,1,6.6,131
2024-03-31T21:00,27.1,61,1,1.5,315
2024-03-31T22:00,27.0,60,1,5.1,274
2024-03-31T23:00,26.2,65,0,5.4,290
2024-04-01T00:00,25.5,68,0,7.0,339
2024-04-01T01:00,25.2,68,0,6.9,317
2024-04-01T02:00,24.9,69,0,7.6,301
2024-04-01T03:00,24.4,70,0,6.4,297
2024-04-01T04:00,24.1,70,0,7.7,319
2024-04-01T05:00,23.8,69,0,6.4,313
2024-04-01T06:00,25.8,42,2,6.3,301
2024-04-01T07:00,28.1,38,3,6.8,252
2024-04-01T08:00,31.3,30,1,3.9,248
2024-04-01T09:00,33.9,26,3,4.7,279
2024-04-01T10:00,36.0,22,3,5.9,284
2024-04-01T11:00,37.6,19,3,7.9,273
2024-04-01T12:00,38.8,18,3,10.2,260
2024-04-01T13:00,39.7,18,3,11.6,254
2024-04-01T14:00,40.0,17,3,14.9,255
2024-04-01T15:00,39.5,17,3,18.0,258
2024-04-01T16:00,39.0,17,0,13.6,238
2024-04-01T17:00,38.1,18,0,14.5,240
2024-04-01T18:00,32.6,25,1,11.4,252
2024-04-01T19:00,32.1,22,0,8.6,272
2024-04-01T20:00,33.0,19,1,15.3,289
2024-04-01T21:00,30.9,24,0,12.0,327
2024-04-01T22:00,29.7,26,0,12.4,324
2024-04-01T23:00,29.1,26,0,13.3,319
2024-04-02T00:00,28.9,25,0,14.8,319
2024-04-02T01:00,28.3,25,0,14.3,319
2024-04-02T02:00,27.5,25,1,12.5,316
2024-04-02T03:00,26.7,26,1,11.7,313
2024-04-02T04:00,26.1,27,1,13.3,322
2024-04-02T05:00,24.5,34,0,10.3,295
2024-04-02T06:00,25.9,46,0,4.4,171
2024-04-02T07:00,28.4,42,0,3.6,315
2024-04-02T08:00,31.0,31,0,1.9,292
2024-04-02T09:00,33.4,28,0,4.7,247
2024-04-02T10:00,35.7,23,2,3.1,306
2024-04-02T11:00,37.5,19,2,3.7,281
2024-04-02T12:00,38.6,17,3,7.0,258
2024-04-02T13:00,39.3,17,3,8.5,258
2024-04-02T14:00,39.9,16,3,8.8,261
2024-04-02T15:00,40.3,15,3,11.9,265
2024-04-02T16:00,39.1,17,2,16.7,276
2024-04-02T17:00,37.7,20,2,8.9,313
2024-04-02T18:00,33.0,23,1,9.8,298
2024-04-02T19:00,32.9,21,3,14.3,319
2024-04-02T20:00,32.7,20,2,15.2,324
2024-04-02T21:00,31.8,21,0,14.9,328
2024-04-02T22:00,30.2,23,2,11.3,329
2024-04-02T23:00,28.8,26,2,9.5,335
2024-04-03T00:00,27.1,30,2,7.0,348
2024-04-03T01:00,25.9,34,2,9.5,349
2024-04-03T02:00,25.5,34,2,9.5,351
2024-04-03T03:00,25.5,34,0,9.0,16
2024-04-03T04:00,25.1,35,1,7.1,336
2024-04-03T05:00,24.9,36,1,3.6,276
2024-04-03T06:00,24.9,38,1,5.7,325
2024-04-03T07:00,27.7,35,1,4.3,312
2024-04-03T08:00,31.1,28,1,0.8,243
2024-04-03T09:00,33.8,24,1,1.1,180
2024-04-03T10:00,36.3,21,1,2.2,180
2024-04-03T11:00,38.0,17,0,2.2,189
2024-04-03T12:00,39.2,15,0,4.0,243
2024-04-03T13:00,39.8,15,0,6.8,238
2024-04-03T14:00,39.8,15,1,6.9,231
2024-04-03T15:00,40.0,14,2,3.3,167
2024-04-03T16:00,39.9,13,3,5.7,215
2024-04-03T17:00,37.9,17,1,9.6,250
2024-04-03T18:00,35.0,21,3,8.4,295
2024-04-03T19:00,34.2,20,1,7.2,342
2024-04-03T20:00,31.9,25,0,7.4,284
2024-04-03T21:00,30.1,31,1,7.7,298
2024-04-03T22:00,28.4,36,0,9.6,326
2024-04-03T23:00,27.4,38,0,9.6,347
2024-04-04T00:00,27.1,38,0,9.2,334
2024-04-04T01:00,26.5,38,0,6.7,286
2024-04-04T02:00,26.2,38,0,6.1,310
2024-04-04T03:00,26.7,36,0,8.9,320
2024-04-04T04:00,26.0,36,0,8.2,319
2024-04-04T05:00,26.7,35,0,6.9,313
2024-04-04T06:00,25.6,41,0,4.6,252
2024-04-04T07:00,28.7,33,2,5.7,288
2024-04-04T08:00,32.6,25,0,6.8,342
2024-04-04T09:00,35.0,22,1,9.4,360
2024-04-04T10:00,37.2,20,1,9.4,4
2024-04-04T11:00,39.1,18,1,8.3,342
2024-04-04T12:00,40.3,16,1,6.6,299
2024-04-04T13:00,40.8,15,2,8.8,261
2024-04-04T14:00,40.9,16,2,12.7,262
2024-04-04T15:00,40.3,17,2,15.5,266
2024-04-04T16:00,40.3,15,3,11.2,255
2024-04-04T17:00,39.0,17,3,8.4,245
2024-04-04T18:00,34.6,25,1,9.8,294
2024-04-04T19:00,34.4,21,1,9.8,324
2024-04-04T20:00,34.4,21,0,15.1,327
2024-04-04T21:00,32.5,24,3,11.8,320
2024-04-04T22:00,31.0,26,3,10.6,325
2024-04-04T23:00,30.3,27,3,9.3,324
2024-04-05T00:00,29.3,29,3,8.0,333
2024-04-05T01:00,28.4,31,3,7.7,332
2024-04-05T02:00,28.1,31,3,8.4,317
2024-04-05T03:00,27.4,33,1,7.4,313
2024-04-05T04:00,25.7,39,1,7.4,23
2024-04-05T05:00,24.8,42,0,5.5,157
2024-04-05T06:00,26.8,33,0,7.9,330
2024-04-05T07:00,28.8,31,0,1.9,68
2024-04-05T08:00,31.7,26,1,5.8,4
2024-04-05T09:00,34.2,24,0,9.2,349
2024-04-05T10:00,36.7,21,0,10.9,352
2024-04-05T11:00,38.5,17,0,12.6,340
2024-04-05T12:00,39.4,16,0,14.4,323
2024-04-05T13:00,39.7,15,0,12.8,310
2024-04-05T14:00,39.9,15,0,10.3,295
2024-04-05T15:00,39.9,15,2,11.6,292
2024-04-05T16:00,39.5,15,2,14.0,299
2024-04-05T17:00,38.3,16,3,14.1,289
2024-04-05T18:00,35.2,17,2,12.2,313
2024-04-05T19:00,33.1,19,0,11.2,312
2024-04-05T20:00,33.2,19,0,16.2,307
2024-04-05T21:00,32.4,21,1,13.3,322
2024-04-05T22:00,31.1,23,3,13.1,323
2024-04-05T23:00,30.6,24,3,13.6,328
2024-04-06T00:00,30.3,25,0,16.9,326
2024-04-06T01:00,30.2,26,0,16.1,326
2024-04-06T02:00,29.5,28,2,12.9,337
2024-04-06T03:00,28.2,31,1,6.8,360
2024-04-06T04:00,27.2,34,2,5.5,11
2024-04-06T05:00,27.4,34,1,6.5,357
2024-04-06T06:00,28.2,34,1,9.8,352
2024-04-06T07:00,30.0,32,0,8.6,338
2024-04-06T08:00,32.4,28,1,8.4,340
2024-04-06T09:00,34.3,24,0,8.0,352
2024-04-06T10:00,36.2,21,1,8.6,358
2024-04-06T11:00,37.6,19,0,8.9,346
2024-04-06T12:00,38.6,18,0,8.2,337
2024-04-06T13:00,39.5,16,0,8.2,311
2024-04-06T14:00,39.9,15,0,11.3,287
2024-04-06T15:00,39.5,16,0,12.2,272
2024-04-06T16:00,39.6,15,3,9.4,268
2024-04-06T17:00,38.1,17,0,17.6,285
2024-04-06T18:00,33.8,19,3,8.2,299
2024-04-06T19:00,34.1,18,1,10.1,272
2024-04-06T20:00,32.1,22,1,8.0,306
2024-04-06T21:00,31.9,21,1,12.9,342
2024-04-06T22:00,31.7,22,0,10.9,343
2024-04-06T23:00,29.9,25,0,11.3,333
2024-04-07T00:00,28.8,27,1,8.6,345
2024-04-07T01:00,27.9,31,2,6.2,7
2024-04-07T02:00,28.2,30,2,8.7,353
2024-04-07T03:00,27.9,31,2,8.8,12
2024-04-07T04:00,26.8,34,1,7.0,12
2024-04-07T05:00,26.5,34,2,8.7,17
2024-04-07T06:00,29.9,27,2,17.7,20
2024-04-07T07:00,31.4,26,2,15.1,359
2024-04-07T08:00,32.5,27,3,20.5,28
2024-04-07T09:00,32.3,28,3,7.3,349
2024-04-07T10:00,33.2,25,2,19.0,350
2024-04-07T11:00,32.8,28,1,18.4,6
2024-04-07T12:00,35.0,25,1,11.7,342
2024-04-07T13:00,36.2,21,3,13.0,316
2024-04-07T14:00,35.5,21,0,11.3,323
2024-04-07T15:00,35.5,22,1,14.7,329
2024-04-07T16:00,34.8,23,1,4.8,347
2024-04-07T17:00,34.5,23,1,3.9,326
2024-04-07T18:00,29.8,40,1,8.7,73
2024-04-07T19:00,28.1,45,1,6.5,3
2024-04-07T20:00,27.6,48,2,6.6,99
2024-04-07T21:00,26.6,52,1,11.2,42
2024-04-07T22:00,25.3,59,53,15.5,95
2024-04-07T23:00,24.8,61,1,15.8,117
2024-04-08T00:00,25.2,55,2,19.6,122
2024-04-08T01:00,25.0,55,2,17.9,124
2024-04-08T02:00,23.9,63,51,9.1,146
2024-04-08T03:00,23.5,66,2,8.7,85
2024-04-08T04:00,23.3,65,1,6.9,81
2024-04-08T05:00,23.5,59,0,9.4,83
2024-04-08T06:00,22.1,73,1,9.6,20
2024-04-08T07:00,24.3,62,1,10.3,25
2024-04-08T08:00,26.9,52,1,12.8,38
2024-04-08T09:00,29.4,46,1,11.2,94
2024-04-08T10:00,31.9,40,0,8.6,90
2024-04-08T11:00,33.8,35,0,9.6,110
2024-04-08T12:00,35.5,30,0,13.0,134
2024-04-08T13:00,35.0,30,1,10.4,124
2024-04-08T14:00,34.4,29,51,19.5,16
2024-04-08T15:00,33.2,33,1,18.2,34
2024-04-08T16:00,33.5,30,1,11.5,39
2024-04-08T17:00,32.7,31,2,13.4,59
2024-04-08T18:00,32.2,30,2,13.3,87
2024-04-08T19:00,30.0,40,1,17.3,43
2024-04-08T20:00,27.7,47,0,22.7,41
2024-04-08T21:00,26.0,56,0,19.5,65
2024-04-08T22:00,25.2,63,0,17.9,80
2024-04-08T23:00,24.1,69,0,15.9,86
2024-04-09T00:00,24.0,68,0,13.0,87
2024-04-09T01:00,24.0,67,0,11.7,79
2024-04-09T02:00,23.6,68,0,11.0,79
2024-04-09T03:00,23.4,68,0,12.6,110
2024-04-09T04:00,23.2,68,0,10.3,115
2024-04-09T05:00,23.1,69,1,9.3,103
2024-04-09T06:00,23.5,67,0,6.7,74
2024-04-09T07:00,25.1,60,0,7.7,79
2024-04-09T08:00,27.5,53,0,11.6,97
2024-04-09T09:00,29.7,50,0,14.0,116
2024-04-09T10:00,31.4,48,0,14.0,125
2024-04-09T11:00,33.1,43,0,13.9,143
2024-04-09T12:00,34.7,38,0,13.2,151
2024-04-09T13:00,34.3,38,53,15.1,183
2024-04-09T14:00,34.3,38,2,10.1,186
2024-04-09T15:00,33.3,39,51,14.8,166
2024-04-09T16:00,33.4,38,2,4.1,105
2024-04-09T17:00,31.7,42,51,5.2,258
2024-04-09T18:00,30.3,48,2,5.8,60
2024-04-09T19:00,23.4,80,63,27.8,267
2024-04-09T20:00,23.1,89,63,11.9,55
2024-04-09T21:00,23.3,92,51,8.1,302
2024-04-09T22:00,23.8,84,2,7.4,346
2024-04-09T23:00,23.8,86,1,6.8,32
2024-04-10T00:00,23.2,86,0,16.3,55
2024-04-10T01:00,22.6,82,1,11.2,86
2024-04-10T02:00,22.1,83,0,13.2,73
2024-04-10T03:00,21.8,84,0,7.4,76
2024-04-10T04:00,21.7,85,0,6.9,43
2024-04-10T05:00,21.6,85,0,7.9,30
2024-04-10T06:00,22.5,82,0,7.2,360
2024-04-10T07:00,24.5,73,0,5.5,23
2024-04-10T08:00,27.2,63,0,3.7,79
2024-04-10T09:00,29.9,52,0,3.9,112
2024-04-10T10:00,32.3,44,0,5.1,176
2024-04-10T11:00,34.1,41,0,7.7,191
2024-04-10T12:00,35.4,37,1,9.9,190
2024-04-10T13:00,36.2,34,2,11.1,193
2024-04-10T14:00,34.2,38,1,16.4,206
2024-04-10T15:00,35.1,34,1,9.9,224
2024-04-10T16:00,34.3,37,2,4.4,279
2024-04-10T17:00,33.5,38,3,8.2,322
2024-04-10T18:00,31.3,47,51,10.7,348
2024-04-10T19:00,29.7,49,3,15.5,25
2024-04-10T20:00,28.7,52,3,16.6,1
2024-04-10T21:00,26.1,65,3,17.3,31
2024-04-10T22:00,25.5,66,3,14.6,10
2024-04-10T23:00,25.1,68,3,12.5,46
2024-04-11T00:00,24.7,72,2,13.3,19
2024-04-11T01:00,24.1,74,2,14.1,38
2024-04-11T02:00,23.6,74,51,10.9,56
2024-04-11T03:00,23.6,74,1,13.0,87
2024-04-11T04:00,23.1,75,51,15.0,132
2024-04-11T05:00,23.2,73,1,5.6,117
2024-04-11T06:00,20.4,93,53,11.5,122
2024-04-11T07:00,21.5,86,3,5.2,34
2024-04-11T08:00,23.2,78,2,3.2,153
2024-04-11T09:00,25.9,66,3,10.0,165
2024-04-11T10:00,28.1,57,2,11.5,176
2024-04-11T11:00,30.2,49,2,13.0,175
2024-04-11T12:00,31.1,47,0,14.8,177
2024-04-11T13:00,32.2,42,0,15.1,177
2024-04-11T14:00,32.4,39,1,15.5,177
2024-04-11T15:00,32.6,36,1,14.0,181
2024-04-11T16:00,31.6,39,1,10.4,178
2024-04-11T17:00,30.9,41,1,7.6,155
2024-04-11T18:00,27.6,51,1,5.5,113
2024-04-11T19:00,26.7,57,1,10.2,98
2024-04-11T20:00,25.7,64,2,8.7,83
2024-04-11T21:00,24.8,70,2,5.8,86
2024-04-11T22:00,24.7,72,3,6.0,155
2024-04-11T23:00,24.7,71,3,7.1,240
2024-04-12T00:00,23.7,85,61,5.5,212
2024-04-12T01:00,23.3,89,51,3.0,284
2024-04-12T02:00,23.0,93,51,3.1,126
2024-04-12T03:00,22.6,93,2,4.5,166
2024-04-12T04:00,22.2,93,3,4.1,128
2024-04-12T05:00,22.4,88,3,9.2,135
2024-04-12T06:00,22.9,91,53,3.6,96
2024-04-12T07:00,23.9,83,0,7.2,117
2024-04-12T08:00,26.1,68,0,9.5,101
2024-04-12T09:00,28.5,53,0,12.4,100
2024-04-12T10:00,30.1,49,1,10.3,115
2024-04-12T11:00,31.0,49,2,11.3,149
2024-04-12T12:00,31.8,48,2,11.5,176
2024-04-12T13:00,29.5,55,51,9.1,214
2024-04-12T14:00,30.5,51,51,10.3,192
2024-04-12T15:00,30.7,51,2,9.1,187
2024-04-12T16:00,30.7,50,1,5.4,184
2024-04-12T17:00,30.3,51,2,3.7,191
2024-04-12T18:00,28.2,46,0,6.5,84
2024-04-12T19:00,26.3,52,0,7.6,82
2024-04-12T20:00,26.4,52,0,8.0,82
2024-04-12T21:00,25.3,59,0,6.9,84
2024-04-12T22:00,24.7,65,0,6.1,87
2024-04-12T23:00,23.9,70,0,6.8,90
2024-04-13T00:00,23.6,71,1,5.8,60
2024-04-13T01:00,23.7,71,51,7.0,78
2024-04-13T02:00,23.4,74,1,7.4,129
2024-04-13T03:00,23.3,74,1,7.3,110
2024-04-13T04:00,23.2,73,1,5.0,69
2024-04-13T05:00,22.6,76,1,6.8,252
2024-04-13T06:00,21.7,85,65,16.8,351
2024-04-13T07:00,22.3,85,53,9.4,140
2024-04-13T08:00,24.0,78,2,11.5,136
2024-04-13T09:00,26.0,71,51,9.2,159
2024-04-13T10:00,28.6,61,0,12.1,168
2024-04-13T11:00,30.4,52,0,14.1,177
2024-04-13T12:00,31.0,50,3,16.6,182
2024-04-13T13:00,30.8,52,0,15.0,190
2024-04-13T14:00,32.0,50,0,14.7,208
2024-04-13T15:00,31.8,49,0,13.4,211
2024-04-13T16:00,31.6,49,0,10.8,201
2024-04-13T17:00,30.5,51,0,9.9,190
2024-04-13T18:00,28.1,63,1,6.3,193
2024-04-13T19:00,28.6,57,0,3.7,191
2024-04-13T20:00,26.9,66,1,2.5,270
2024-04-13T21:00,25.5,75,0,4.0,297
2024-04-13T22:00,25.1,78,0,2.8,310
2024-04-13T23:00,25.7,74,1,3.3,49
2024-04-14T00:00,24.2,79,3,7.3,110
2024-04-14T01:00,24.2,76,0,6.1,118
2024-04-14T02:00,23.6,80,0,5.6,117
2024-04-14T03:00,23.1,85,0,6.5,146
2024-04-14T04:00,23.0,85,0,1.8,281
2024-04-14T05:00,22.7,87,0,2.3,342
2024-04-14T06:00,23.1,92,0,4.4,351
2024-04-14T07:00,25.3,82,0,0.7,90
2024-04-14T08:00,27.9,69,0,2.1,121
2024-04-14T09:00,30.4,57,0,3.6,135
2024-04-14T10:00,32.5,47,0,5.4,172
2024-04-14T11:00,34.0,42,0,7.9,204
2024-04-14T12:00,34.9,38,1,8.4,239
2024-04-14T13:00,35.2,37,0,7.7,259
2024-04-14T14:00,35.5,37,0,6.2,249
2024-04-14T15:00,35.7,36,0,6.4,254
2024-04-14T16:00,35.2,37,0,7.0,258
2024-04-14T17:00,34.4,40,0,5.2,245
2024-04-14T18:00,32.2,41,1,6.2,159
2024-04-14T19:00,30.3,46,1,5.4,323
2024-04-14T20:00,29.3,49,0,9.7,358
2024-04-14T21:00,28.0,55,0,7.3,349
2024-04-14T22:00,27.0,61,0,7.2,342
2024-04-14T23:00,26.3,65,0,7.2,357
2024-04-15T00:00,25.8,69,0,6.3,336
2024-04-15T01:00,24.8,76,0,4.8,312
2024-04-15T02:00,24.9,75,0,6.2,324
2024-04-15T03:00,24.5,78,0,5.0,330
2024-04-15T04:00,24.3,79,0,5.4,356
2024-04-15T05:00,24.1,79,0,7.7,11
2024-04-15T06:00,25.5,86,1,4.7,58
2024-04-15T07:00,27.7,76,0,4.3,42
2024-04-15T08:00,30.6,64,0,4.1,38
2024-04-15T09:00,33.3,50,0,6.6,139
2024-04-15T10:00,35.4,41,1,6.9,171
2024-04-15T11:00,36.7,36,0,7.9,204
2024-04-15T12:00,37.4,33,1,8.7,228
2024-04-15T13:00,37.7,32,3,9.8,262
2024-04-15T14:00,35.0,39,51,12.7,299
2024-04-15T15:00,34.7,41,51,13.8,317
2024-04-15T16:00,34.7,39,1,10.5,344
2024-04-15T17:00,33.9,41,0,9.2,339
2024-04-15T18:00,29.3,62,0,5.4,20
2024-04-15T19:00,28.3,68,0,6.3,329
2024-04-15T20:00,28.4,69,0,9.1,342
2024-04-15T21:00,28.4,67,0,9.1,353
2024-04-15T22:00,27.8,68,0,6.5,357
2024-04-15T23:00,26.8,73,0,5.1,4
2024-04-16T00:00,26.4,75,0,5.5,349
2024-04-16T01:00,25.9,76,0,5.5,328
2024-04-16T02:00,25.6,77,0,8.0,333
2024-04-16T03:00,25.4,75,0,8.4,340
2024-04-16T04:00,24.9,77,0,5.5,337
2024-04-16T05:00,24.3,80,2,5.4,356
2024-04-16T06:00,24.8,74,1,2.4,297
2024-04-16T07:00,26.8,65,2,1.9,22
2024-04-16T08:00,29.8,55,0,1.5,346
2024-04-16T09:00,33.0,43,0,1.1,360
2024-04-16T10:00,35.3,35,0,1.6,27
2024-04-16T11:00,36.9,31,0,1.1,72
2024-04-16T12:00,38.0,28,1,2.8,320
2024-04-16T13:00,38.2,26,0,4.6,315
2024-04-16T14:00,38.4,25,0,5.4,312
2024-04-16T15:00,38.4,24,0,5.6,297
2024-04-16T16:00,38.1,24,0,5.2,258
2024-04-16T17:00,37.1,29,0,5.2,245
2024-04-16T18:00,30.2,50,0,21.4,324
2024-04-16T19:00,30.1,51,1,6.2,324
2024-04-16T20:00,29.3,54,0,3.3,257
2024-04-16T21:00,28.6,57,0,7.0,258
2024-04-16T22:00,27.6,60,0,6.5,251
2024-04-16T23:00,27.7,59,0,6.2,277
2024-04-17T00:00,27.0,62,0,7.9,330
2024-04-17T01:00,26.1,64,0,8.7,318
2024-04-17T02:00,25.6,66,0,6.9,317
2024-04-17T03:00,25.1,69,0,7.7,323
2024-04-17T04:00,24.8,69,0,7.2,323
2024-04-17T05:00,24.3,71,0,6.2,324
2024-04-17T06:00,25.5,66,0,6.6,311
2024-04-17T07:00,28.5,56,0,6.0,335
2024-04-17T08:00,32.2,48,0,5.6,345
2024-04-17T09:00,35.7,37,0,6.8,335
2024-04-17T10:00,38.0,27,0,6.5,326
2024-04-17T11:00,39.1,22,0,7.4,317
2024-04-17T12:00,39.6,21,0,8.7,312
2024-04-17T13:00,39.9,20,1,9.9,314
2024-04-17T14:00,39.9,19,3,11.2,310
2024-04-17T15:00,39.7,18,1,9.4,293
2024-04-17T16:00,39.9,18,1,7.2,267
2024-04-17T17:00,38.0,43,0,2.1,239
2024-04-17T18:00,34.6,26,1,8.4,277
2024-04-17T19:00,33.9,26,1,10.5,292
2024-04-17T20:00,33.0,30,1,14.1,285
2024-04-17T21:00,31.8,35,0,10.9,297
2024-04-17T22:00,30.0,38,0,8.2,319
2024-04-17T23:00,28.8,42,0,7.1,319
2024-04-18T00:00,27.6,48,0,6.7,306
2024-04-18T01:00,26.0,57,0,8.9,313
2024-04-18T02:00,25.3,61,0,6.9,321
2024-04-18T03:00,25.3,59,0,7.9,309
2024-04-18T04:00,25.0,57,0,8.1,347
2024-04-18T05:00,24.5,56,0,6.8,302
2024-04-18T06:00,26.7,52,2,10.5,322
2024-04-18T07:00,29.1,46,2,8.3,355
2024-04-18T08:00,32.6,34,2,7.4,14
2024-04-18T09:00,35.5,27,3,8.9,40
2024-04-18T10:00,37.5,23,3,10.0,60
2024-04-18T11:00,39.0,20,3,8.6,68
2024-04-18T12:00,40.0,18,2,5.6,63
2024-04-18T13:00,40.5,17,1,3.6,37
2024-04-18T14:00,40.6,17,0,4.8,347
2024-04-18T15:00,40.5,17,0,7.1,319
2024-04-18T16:00,39.9,17,1,8.8,289
2024-04-18T17:00,38.5,20,1,12.9,257
2024-04-18T18:00,34.0,28,2,8.8,282
2024-04-18T19:00,32.5,30,1,7.6,289
2024-04-18T20:00,31.8,32,1,9.4,293
2024-04-18T21:00,29.9,37,1,8.4,295
2024-04-18T22:00,28.8,41,0,6.6,331
2024-04-18T23:00,28.2,44,0,8.3,288
2024-04-19T00:00,28.1,44,2,7.7,298
2024-04-19T01:00,26.2,51,2,8.4,317
2024-04-19T02:00,26.3,51,0,8.3,326
2024-04-19T03:00,25.4,52,0,6.8,342
2024-04-19T04:00,24.4,58,1,6.4,333
2024-04-19T05:00,24.6,57,1,11.6,334
2024-04-19T06:00,27.3,44,3,15.3,336
2024-04-19T07:00,31.0,35,2,10.1,325
2024-04-19T08:00,33.9,30,2,5.7,342
2024-04-19T09:00,36.4,24,1,5.2,16
2024-04-19T10:00,38.8,21,2,6.2,36
2024-04-19T11:00,40.4,17,2,7.5,35
2024-04-19T12:00,41.1,17,3,3.1,36
2024-04-19T13:00,41.6,17,3,1.5,284
2024-04-19T14:00,41.7,16,3,5.5,281
2024-04-19T15:00,41.3,15,3,9.3,283
2024-04-19T16:00,40.5,16,0,9.7,285
2024-04-19T17:00,39.2,20,1,4.2,290
2024-04-19T18:00,35.7,24,1,8.2,241
2024-04-19T19:00,34.4,25,1,8.3,275
2024-04-19T20:00,32.5,30,1,9.3,286
2024-04-19T21:00,31.1,31,1,7.6,301
2024-04-19T22:00,31.5,30,0,10.2,293
2024-04-19T23:00,29.4,35,0,8.0,278
2024-04-20T00:00,29.7,34,0,7.6,315
2024-04-20T01:00,28.4,36,0,7.1,315
2024-04-20T02:00,29.1,34,0,12.5,316
2024-04-20T03:00,28.9,35,0,13.7,325
2024-04-20T04:00,28.2,37,0,11.9,325
2024-04-20T05:00,27.6,38,0,11.2,320
2024-04-20T06:00,30.4,36,1,14.7,324
2024-04-20T07:00,32.3,34,0,9.1,7
2024-04-20T08:00,34.6,30,0,1.3,146
2024-04-20T09:00,36.5,27,0,3.7,299
2024-04-20T10:00,38.8,23,0,7.7,332
2024-04-20T11:00,40.2,21,0,10.0,330
2024-04-20T12:00,40.4,20,0,12.1,300
2024-04-20T13:00,40.8,19,0,13.7,288
2024-04-20T14:00,40.7,20,1,13.0,273
2024-04-20T15:00,40.4,20,1,12.7,263
2024-04-20T16:00,39.6,21,0,11.3,253
2024-04-20T17:00,38.8,22,0,8.1,225
2024-04-20T18:00,37.2,19,1,13.5,295
2024-04-20T19:00,35.0,23,0,8.0,262
2024-04-20T20:00,34.0,26,1,11.0,281
2024-04-20T21:00,33.7,28,1,11.7,315
2024-04-20T22:00,32.5,32,1,9.7,329
2024-04-20T23:00,30.9,37,0,11.4,252
2024-04-21T00:00,30.5,38,0,8.7,275
2024-04-21T01:00,29.7,40,0,9.8,276
2024-04-21T02:00,29.4,41,0,10.2,288
2024-04-21T03:00,28.9,43,0,10.4,304
2024-04-21T04:00,28.5,44,0,11.8,308
2024-04-21T05:00,28.3,39,0,12.2,317
2024-04-21T06:00,29.3,38,0,13.0,326
2024-04-21T07:00,31.3,34,0,9.7,333
2024-04-21T08:00,33.6,28,1,10.8,330
2024-04-21T09:00,35.7,23,0,8.1,339
2024-04-21T10:00,37.4,21,0,8.9,346
2024-04-21T11:00,38.7,20,0,9.8,336
2024-04-21T12:00,39.8,18,3,7.5,325
2024-04-21T13:00,40.0,18,2,6.5,304
2024-04-21T14:00,40.2,18,0,7.4,284
2024-04-21T15:00,40.0,19,0,10.5,278
2024-04-21T16:00,39.5,20,0,10.3,299
2024-04-21T17:00,38.7,21,2,10.9,326
2024-04-21T18:00,34.8,26,1,6.9,332
2024-04-21T19:00,33.0,32,1,7.1,311
2024-04-21T20:00,31.9,37,3,7.6,275
2024-04-21T21:00,31.7,36,1,5.9,218
2024-04-21T22:00,30.2,41,3,5.4,222
2024-04-21T23:00,29.8,46,2,2.5,262
2024-04-22T00:00,29.5,44,1,8.4,329
2024-04-22T01:00,30.0,38,0,15.1,335
2024-04-22T02:00,28.3,45,2,19.2,334
2024-04-22T03:00,25.7,61,1,15.9,347
2024-04-22T04:00,25.3,64,1,19.9,355
2024-04-22T05:00,25.0,64,3,19.1,344
2024-04-22T06:00,27.7,51,3,14.0,316
2024-04-22T07:00,27.8,53,1,7.2,18
2024-04-22T08:00,29.9,47,3,11.9,360
2024-04-22T09:00,32.1,40,2,6.5,360
2024-04-22T10:00,33.8,32,1,7.2,37
2024-04-22T11:00,36.5,26,2,3.8,131
2024-04-22T12:00,37.3,25,1,4.3,180
2024-04-22T13:00,38.5,23,2,9.7,274
2024-04-22T14:00,36.1,27,2,8.5,282
2024-04-22T15:00,36.7,27,1,8.5,258
2024-04-22T16:00,36.3,28,2,10.8,291
2024-04-22T17:00,35.8,29,3,7.1,294
2024-04-22T18:00,31.3,45,1,8.4,335
2024-04-22T19:00,30.1,50,1,6.6,319
2024-04-22T20:00,28.9,56,0,4.5,331
2024-04-22T21:00,28.4,60,0,4.4,305
2024-04-22T22:00,27.5,64,1,3.9,202
2024-04-22T23:00,28.0,62,0,2.1,239
2024-04-23T00:00,26.8,69,1,2.2,279
2024-04-23T01:00,27.0,68,0,0.7,360
2024-04-23T02:00,25.8,76,1,5.8,184
2024-04-23T03:00,25.8,73,1,5.2,196
2024-04-23T04:00,25.6,72,0,5.9,223
2024-04-23T05:00,25.3,72,0,7.4,223
2024-04-23T06:00,24.9,78,0,5.9,43
2024-04-23T07:00,26.9,67,0,5.4,48
2024-04-23T08:00,29.3,56,1,6.3,156
2024-04-23T09:00,31.2,48,0,6.9,174
2024-04-23T10:00,33.5,41,0,4.8,193
2024-04-23T11:00,35.8,35,0,6.9,208
2024-04-23T12:00,35.1,38,0,6.6,221
2024-04-23T13:00,36.7,32,0,4.7,293
2024-04-23T14:00,34.2,38,51,11.3,243
2024-04-23T15:00,34.9,35,0,6.0,253
2024-04-23T16:00,35.1,34,1,6.9,219
2024-04-23T17:00,34.5,35,0,6.1,208
2024-04-23T18:00,30.7,46,51,11.4,347
2024-04-23T19:00,29.2,52,2,13.5,44
2024-04-23T20:00,28.8,49,0,11.0,32
2024-04-23T21:00,27.7,53,0,5.8,7
2024-04-23T22:00,27.1,58,0,11.3,353
2024-04-23T23:00,26.0,66,0,6.1,28
2024-04-24T00:00,25.5,70,0,4.7,337
2024-04-24T01:00,25.6,66,2,14.4,177
2024-04-24T02:00,25.4,67,1,6.5,183
2024-04-24T03:00,26.2,58,1,14.1,183
2024-04-24T04:00,25.4,61,0,4.1,315
2024-04-24T05:00,24.4,69,0,3.7,29
2024-04-24T06:00,25.7,78,0,7.1,255
2024-04-24T07:00,28.2,66,0,5.2,236
2024-04-24T08:00,31.0,54,0,2.9,300
2024-04-24T09:00,33.8,43,0,2.9,277
2024-04-24T10:00,36.5,33,0,6.4,223
2024-04-24T11:00,37.9,27,0,8.8,215
2024-04-24T12:00,38.9,24,0,9.5,205
2024-04-24T13:00,38.0,27,2,12.3,140
2024-04-24T14:00,37.4,28,2,9.5,151
2024-04-24T15:00,35.4,30,51,18.1,275
2024-04-24T16:00,31.4,45,1,12.6,2
2024-04-24T17:00,33.2,37,0,6.2,324
2024-04-24T18:00,33.2,32,1,6.9,9
2024-04-24T19:00,31.0,36,0,6.2,97
2024-04-24T20:00,30.3,37,0,8.1,58
2024-04-24T21:00,29.4,40,0,6.8,360
2024-04-24T22:00,28.7,43,0,6.1,360
2024-04-24T23:00,27.8,46,0,7.2,333
2024-04-25T00:00,27.0,47,1,6.1,310
2024-04-25T01:00,26.2,53,1,6.3,283
2024-04-25T02:00,26.2,54,2,5.6,285
2024-04-25T03:00,27.2,48,1,7.9,317
2024-04-25T04:00,25.4,55,2,6.9,129
2024-04-25T05:00,25.5,53,1,9.0,270
2024-04-25T06:00,27.5,53,2,12.0,249
2024-04-25T07:00,30.6,47,2,10.0,257
2024-04-25T08:00,34.3,39,0,9.6,290
2024-04-25T09:00,36.7,29,1,12.2,268
2024-04-25T10:00,38.0,25,1,13.7,265
2024-04-25T11:00,38.5,24,0,2.6,304
2024-04-25T12:00,36.7,31,51,14.8,334
2024-04-25T13:00,38.2,26,1,7.2,270
2024-04-25T14:00,38.4,25,1,14.0,224
2024-04-25T15:00,36.2,29,51,11.6,248
2024-04-25T16:00,37.0,25,1,8.5,242
2024-04-25T17:00,36.2,27,0,5.4,274
2024-04-25T18:00,33.2,35,0,20.6,354
2024-04-25T19:00,30.6,42,0,12.3,15
2024-04-25T20:00,30.9,40,0,5.5,11
2024-04-25T21:00,29.5,46,0,1.5,256
2024-04-25T22:00,28.6,49,0,2.2,270
2024-04-25T23:00,28.0,50,0,3.9,292
2024-04-26T00:00,27.7,52,0,9.5,331
2024-04-26T01:00,27.2,52,0,9.5,331
2024-04-26T02:00,26.2,58,0,8.7,330
2024-04-26T03:00,25.7,61,0,8.2,319
2024-04-26T04:00,25.4,61,0,8.1,328
2024-04-26T05:00,24.6,64,0,4.7,180
2024-04-26T06:00,28.7,45,1,16.1,16
2024-04-26T07:00,32.0,37,0,10.4,346
2024-04-26T08:00,34.8,31,1,9.3,324
2024-04-26T09:00,37.5,23,0,8.3,355
2024-04-26T10:00,39.1,20,1,9.8,354
2024-04-26T11:00,40.2,18,1,6.8,335
2024-04-26T12:00,40.8,18,0,6.7,306
2024-04-26T13:00,41.3,17,1,7.2,288
2024-04-26T14:00,41.3,18,1,8.2,299
2024-04-26T15:00,41.1,18,3,18.2,300
2024-04-26T16:00,35.6,28,1,19.6,347
2024-04-26T17:00,36.7,26,2,12.4,350
2024-04-26T18:00,33.2,34,2,18.2,321
2024-04-26T19:00,31.9,40,1,12.3,357
2024-04-26T20:00,30.5,44,1,11.3,27
2024-04-26T21:00,29.7,46,0,13.0,14
2024-04-26T22:00,28.9,48,0,9.3,16
2024-04-26T23:00,28.3,51,0,8.7,353
2024-04-27T00:00,27.0,55,0,5.4,352
2024-04-27T01:00,26.9,56,0,7.3,349
2024-04-27T02:00,26.7,57,0,9.5,349
2024-04-27T03:00,26.7,57,2,10.8,345
2024-04-27T04:00,26.8,55,1,5.0,360
2024-04-27T05:00,26.0,58,2,6.4,344
2024-04-27T06:00,27.7,48,2,8.6,327
2024-04-27T07:00,29.1,45,1,5.8,330
2024-04-27T08:00,32.3,38,1,9.6,347
2024-04-27T09:00,35.7,32,0,9.3,16
2024-04-27T10:00,38.8,24,1,5.0,360
2024-04-27T11:00,38.0,24,0,9.4,313
2024-04-27T12:00,39.2,22,0,5.6,297
2024-04-27T13:00,40.5,20,0,7.3,250
2024-04-27T14:00,41.1,19,0,12.9,243
2024-04-27T15:00,40.8,19,1,14.8,241
2024-04-27T16:00,39.9,20,0,13.9,249
2024-04-27T17:00,38.1,24,1,15.0,325
2024-04-27T18:00,33.3,35,3,16.5,16
2024-04-27T19:00,33.5,33,0,11.5,346
2024-04-27T20:00,32.5,36,0,11.2,21
2024-04-27T21:00,31.4,41,0,7.2,360
2024-04-27T22:00,30.4,44,0,6.2,21
2024-04-27T23:00,30.5,43,0,8.7,7
2024-04-28T00:00,29.7,45,0,8.0,352
2024-04-28T01:00,28.2,50,2,6.1,332
2024-04-28T02:00,28.6,49,1,7.9,360
2024-04-28T03:00,28.3,49,2,12.1,337
2024-04-28T04:00,28.1,48,0,11.9,360
2024-04-28T05:00,27.2,51,2,11.2,356
2024-04-28T06:00,28.1,57,3,15.8,12
2024-04-28T07:00,29.6,55,2,16.3,313
2024-04-28T08:00,31.9,45,51,5.9,38
2024-04-28T09:00,34.2,36,3,4.6,309
2024-04-28T10:00,35.7,32,3,9.8,66
2024-04-28T11:00,38.0,27,2,7.4,61
2024-04-28T12:00,39.6,24,2,6.4,43
2024-04-28T13:00,40.1,23,2,4.0,350
2024-04-28T14:00,39.9,23,2,3.4,302
2024-04-28T15:00,40.1,23,1,7.1,319
2024-04-28T16:00,38.2,25,1,17.9,326
2024-04-28T17:00,36.3,29,2,11.4,336
2024-04-28T18:00,35.1,33,0,7.1,66
2024-04-28T19:00,32.9,38,0,6.1,130
2024-04-28T20:00,32.2,41,0,6.3,149
2024-04-28T21:00,32.7,38,0,3.1,159
2024-04-28T22:00,29.9,46,0,6.4,128
2024-04-28T23:00,30.4,45,0,6.1,118
2024-04-29T00:00,30.6,43,0,4.7,176
2024-04-29T01:00,30.4,44,0,5.2,155
2024-04-29T02:00,28.3,53,0,6.8,93
2024-04-29T03:00,27.6,57,0,6.3,77
2024-04-29T04:00,28.4,53,0,1.8,349
2024-04-29T05:00,27.1,59,0,0.8,333
2024-04-29T06:00,28.4,57,1,10.1,182
2024-04-29T07:00,30.5,53,2,6.4,142
2024-04-29T08:00,32.7,47,0,11.9,185
2024-04-29T09:00,35.1,40,0,7.7,169
2024-04-29T10:00,37.8,32,1,10.4,194
2024-04-29T11:00,37.9,31,1,13.4,211
2024-04-29T12:00,38.0,29,0,8.6,268
2024-04-29T13:00,38.0,30,3,18.5,241
2024-04-29T14:00,36.8,32,51,5.8,263
2024-04-29T15:00,37.7,30,0,6.5,273
2024-04-29T16:00,37.5,30,0,9.4,268
2024-04-29T17:00,36.7,31,0,9.7,272
2024-04-29T18:00,34.2,39,0,12.1,350
2024-04-29T19:00,31.9,45,0,6.8,357
2024-04-29T20:00,30.7,51,0,6.9,321
2024-04-29T21:00,29.9,57,0,6.1,320
2024-04-29T22:00,30.3,53,0,2.6,124
2024-04-29T23:00,29.0,61,0,4.8,27
2024-04-30T00:00,27.8,67,0,4.7,351
2024-04-30T01:00,27.5,69,0,3.7,349
2024-04-30T02:00,27.1,70,0,4.7,337
2024-04-30T03:00,27.5,63,0,7.1,300
2024-04-30T04:00,27.3,62,0,7.0,291
2024-04-30T05:00,27.4,59,1,8.2,285
2024-04-30T06:00,28.6,64,1,8.3,326
2024-04-30T07:00,31.2,56,0,7.1,336
2024-04-30T08:00,34.5,41,0,10.5,333
2024-04-30T09:00,37.2,27,0,12.6,336
2024-04-30T10:00,38.8,21,0,12.4,334
2024-04-30T11:00,40.0,20,0,10.0,322
2024-04-30T12:00,41.0,18,0,9.3,298
2024-04-30T13:00,41.8,17,0,11.8,282
2024-04-30T14:00,42.0,16,0,14.4,283
2024-04-30T15:00,42.0,15,0,16.7,276
2024-04-30T16:00,40.6,16,0,20.9,270
2024-04-30T17:00,39.1,19,0,16.6,272
2024-04-30T18:00,36.1,22,0,8.2,285
2024-04-30T19:00,35.3,23,0,12.2,256
2024-04-30T20:00,34.4,25,0,10.6,298
2024-04-30T21:00,32.6,28,0,10.3,331
2024-04-30T22:00,31.7,28,0,10.5,319
2024-04-30T23:00,31.5,27,0,13.0,316
2024-05-01T00:00,30.8,27,0,10.4,316
2024-05-01T01:00,29.8,28,0,10.2,328
2024-05-01T02:00,29.1,29,0,10.5,322
2024-05-01T03:00,29.2,28,0,11.7,313
2024-05-01T04:00,29.5,26,0,14.8,309
2024-05-01T05:00,29.1,26,0,13.2,305
2024-05-01T06:00,30.3,29,0,13.3,319
2024-05-01T07:00,31.9,27,0,8.3,326
2024-05-01T08:00,34.1,23,0,11.2,320
2024-05-01T09:00,36.6,19,0,14.5,318
2024-05-01T10:00,38.4,16,0,14.8,315
2024-05-01T11:00,39.6,15,0,12.9,306
2024-05-01T12:00,40.5,14,0,14.2,297
2024-05-01T13:00,41.1,12,0,15.7,290
2024-05-01T14:00,41.4,11,0,19.0,285
2024-05-01T15:00,40.8,12,0,20.5,281
2024-05-01T16:00,39.9,13,0,20.2,281
2024-05-01T17:00,38.7,14,0,15.7,290
2024-05-01T18:00,37.6,15,0,19.4,271
2024-05-01T19:00,36.3,15,0,18.4,305
2024-05-01T20:00,33.7,18,0,12.7,317
2024-05-01T21:00,32.0,20,0,12.2,317
2024-05-01T22:00,31.1,21,0,11.7,315
2024-05-01T23:00,29.9,22,0,10.0,322
2024-05-02T00:00,28.8,23,0,10.0,319
2024-05-02T01:00,28.9,21,0,13.8,319
2024-05-02T02:00,28.5,20,0,13.3,319
2024-05-02T03:00,27.6,19,0,11.8,322
2024-05-02T04:00,26.5,21,0,10.4,326
2024-05-02T05:00,25.4,24,0,9.5,323
2024-05-02T06:00,26.3,26,0,11.3,333
2024-05-02T07:00,28.9,24,0,8.8,348
2024-05-02T08:00,32.1,17,0,8.7,7
2024-05-02T09:00,34.5,14,0,7.9,24
2024-05-02T10:00,36.7,12,0,7.9,30
2024-05-02T11:00,38.1,10,0,8.3,5
2024-05-02T12:00,39.0,10,0,6.2,339
2024-05-02T13:00,39.5,9,0,5.5,302
2024-05-02T14:00,39.7,9,1,6.0,295
2024-05-02T15:00,39.6,9,1,5.2,295
2024-05-02T16:00,39.3,9,2,3.4,288
2024-05-02T17:00,38.6,11,1,2.9,240
2024-05-02T18:00,36.0,10,0,17.3,287
2024-05-02T19:00,34.2,12,1,15.9,303
2024-05-02T20:00,32.2,15,2,13.0,321
2024-05-02T21:00,30.1,18,0,9.5,307
2024-05-02T22:00,28.6,20,0,9.4,320
2024-05-02T23:00,27.7,22,0,10.3,324
2024-05-03T00:00,26.9,23,0,10.3,324
2024-05-03T01:00,26.0,25,0,9.8,324
2024-05-03T02:00,25.4,26,0,10.9,326
2024-05-03T03:00,25.1,26,0,12.1,333
2024-05-03T04:00,24.4,28,0,9.5,335
2024-05-03T05:00,23.5,30,0,8.5,332
2024-05-03T06:00,24.4,33,0,9.4,18
2024-05-03T07:00,27.6,29,0,6.0,17
2024-05-03T08:00,31.3,23,0,5.1,45
2024-05-03T09:00,34.8,18,0,6.4,38
2024-05-03T10:00,37.6,13,0,8.9,40
2024-05-03T11:00,39.2,10,0,8.7,38
2024-05-03T12:00,40.1,10,0,6.4,16
2024-05-03T13:00,40.5,10,0,7.2,342
2024-05-03T14:00,40.6,10,0,7.4,331
2024-05-03T15:00,40.6,10,0,5.4,318
2024-05-03T16:00,40.3,10,0,3.6,323
2024-05-03T17:00,39.3,12,0,3.6,37
2024-05-03T18:00,34.5,14,0,7.9,74
2024-05-03T19:00,32.1,16,0,11.2,57
2024-05-03T20:00,32.1,15,0,5.1,231
2024-05-03T21:00,30.2,17,0,9.1,353
2024-05-03T22:00,29.1,18,0,8.0,352
2024-05-03T23:00,28.3,21,0,9.1,342
2024-05-04T00:00,27.3,25,0,7.8,347
2024-05-04T01:00,26.3,27,0,8.0,333
2024-05-04T02:00,26.1,26,0,9.3,344
2024-05-04T03:00,25.6,26,0,9.8,343
2024-05-04T04:00,24.8,27,0,7.7,332
2024-05-04T05:00,23.8,30,0,7.2,323
2024-05-04T06:00,25.0,33,0,5.3,332
2024-05-04T07:00,28.5,27,0,2.5,315
2024-05-04T08:00,32.2,20,0,2.3,18
2024-05-04T09:00,35.3,16,1,2.1,59
2024-05-04T10:00,38.1,12,1,3.5,66
2024-05-04T11:00,39.9,9,3,2.7,67
2024-05-04T12:00,41.1,8,3,2.8,40
2024-05-04T13:00,41.6,8,3,5.2,348
2024-05-04T14:00,41.9,8,3,9.5,335
2024-05-04T15:00,41.5,8,3,10.6,332
2024-05-04T16:00,40.9,9,0,7.9,321
2024-05-04T17:00,39.9,12,0,2.5,262
2024-05-04T18:00,35.2,11,2,8.9,130
2024-05-04T19:00,32.8,14,3,12.1,190
2024-05-04T20:00,33.0,15,3,7.4,241
2024-05-04T21:00,32.5,19,2,14.2,324
2024-05-04T22:00,31.8,20,2,15.1,322
2024-05-04T23:00,30.9,21,3,12.5,314
2024-05-05T00:00,30.3,22,3,12.2,313
2024-05-05T01:00,30.0,23,2,12.0,314
2024-05-05T02:00,29.4,24,3,13.3,311
2024-05-05T03:00,28.9,25,3,11.5,314
2024-05-05T04:00,28.8,26,1,14.0,314
2024-05-05T05:00,28.5,28,1,13.6,320
2024-05-05T06:00,26.5,29,2,9.0,323
2024-05-05T07:00,29.2,27,1,7.1,315
2024-05-05T08:00,32.8,25,1,11.2,320
2024-05-05T09:00,35.9,24,0,14.2,324
2024-05-05T10:00,38.4,22,0,15.0,333
2024-05-05T11:00,40.4,17,0,15.5,335
2024-05-05T12:00,41.8,14,0,13.7,337
2024-05-05T13:00,42.5,12,0,12.4,330
2024-05-05T14:00,42.7,12,2,12.2,326
2024-05-05T15:00,42.6,12,1,12.1,323
2024-05-05T16:00,42.2,13,1,11.2,315
2024-05-05T17:00,41.1,15,0,14.0,299
2024-05-05T18:00,39.4,16,0,17.6,296
2024-05-05T19:00,37.7,20,0,15.8,300
2024-05-05T20:00,36.4,24,0,16.3,298
2024-05-05T21:00,35.4,23,0,15.0,297
2024-05-05T22:00,34.1,24,0,11.6,296
2024-05-05T23:00,33.2,25,1,15.8,305
2024-05-06T00:00,32.9,25,2,16.7,303
2024-05-06T01:00,32.2,26,3,15.6,299
2024-05-06T02:00,31.7,28,3,15.0,305
2024-05-06T03:00,31.5,28,3,14.0,312
2024-05-06T04:00,31.2,30,2,15.3,313
2024-05-06T05:00,30.6,32,3,12.3,322
2024-05-06T06:00,32.3,33,0,23.9,339
2024-05-06T07:00,33.6,31,3,11.6,353
2024-05-06T08:00,33.5,33,2,2.9,120
2024-05-06T09:00,35.2,31,1,2.5,8
2024-05-06T10:00,37.9,27,1,8.8,348
2024-05-06T11:00,39.2,25,0,12.6,333
2024-05-06T12:00,39.9,23,0,11.7,326
2024-05-06T13:00,41.0,20,1,12.9,297
2024-05-06T14:00,41.0,18,1,14.3,282
2024-05-06T15:00,41.9,16,3,15.5,282
2024-05-06T16:00,39.6,17,0,26.3,273
2024-05-06T17:00,39.5,16,0,20.6,276
2024-05-06T18:00,38.0,17,1,12.0,314
2024-05-06T19:00,34.7,23,1,7.3,340
2024-05-06T20:00,33.5,25,0,7.6,315
2024-05-06T21:00,32.8,26,1,9.5,331
2024-05-06T22:00,31.9,27,1,9.7,329
2024-05-06T23:00,31.0,30,2,6.0,327
2024-05-07T00:00,30.8,33,2,7.0,325
2024-05-07T01:00,30.0,32,1,4.6,162
2024-05-07T02:00,30.3,31,1,7.4,137
2024-05-07T03:00,29.0,36,0,6.2,216
2024-05-07T04:00,28.3,36,1,5.9,232
2024-05-07T05:00,29.0,35,2,8.5,208
2024-05-07T06:00,29.0,25,0,12.9,162
2024-05-07T07:00,31.4,22,1,4.8,167
2024-05-07T08:00,32.6,49,0,21.6,182
2024-05-07T09:00,35.2,38,2,21.5,194
2024-05-07T10:00,37.3,30,0,20.0,198
2024-05-07T11:00,36.6,28,1,25.8,192
2024-05-07T12:00,39.1,24,0,15.5,184
2024-05-07T13:00,39.7,23,0,14.8,184
2024-05-07T14:00,39.6,22,1,14.8,244
2024-05-07T15:00,39.8,20,0,12.2,272
2024-05-07T16:00,40.0,20,0,7.0,235
2024-05-07T17:00,37.7,25,1,19.4,169
2024-05-07T18:00,30.2,62,0,17.9,155
2024-05-07T19:00,27.4,67,1,18.3,135
2024-05-07T20:00,26.9,71,0,10.0,139
2024-05-07T21:00,24.9,82,0,26.0,184
2024-05-07T22:00,26.4,72,0,14.0,192
2024-05-07T23:00,26.3,70,0,19.1,196
2024-05-08T00:00,26.5,66,0,20.7,203
2024-05-08T01:00,26.3,61,0,7.6,161
2024-05-08T02:00,25.4,67,0,5.8,68
2024-05-08T03:00,25.2,72,0,10.2,72
2024-05-08T04:00,24.9,75,0,6.4,63
2024-05-08T05:00,24.6,77,0,3.1,69
2024-05-08T06:00,26.6,65,1,5.2,124
2024-05-08T07:00,28.0,64,1,8.4,130
2024-05-08T08:00,30.0,55,1,12.4,154
2024-05-08T09:00,31.8,48,0,14.8,181
2024-05-08T10:00,33.9,43,0,12.8,202
2024-05-08T11:00,36.0,37,0,10.2,219
2024-05-08T12:00,37.4,33,0,8.6,237
2024-05-08T13:00,38.3,30,1,6.8,252
2024-05-08T14:00,38.8,28,1,8.0,252
2024-05-08T15:00,38.6,27,1,7.7,311
2024-05-08T16:00,38.1,28,1,9.4,288
2024-05-08T17:00,36.9,31,0,11.5,272
2024-05-08T18:00,36.9,22,0,7.6,239
2024-05-08T19:00,37.0,20,0,1.0,45
2024-05-08T20:00,33.1,26,0,6.8,65
2024-05-08T21:00,33.6,24,0,6.2,97
2024-05-08T22:00,30.4,31,0,8.3,178
2024-05-08T23:00,30.5,29,0,7.3,171
2024-05-09T00:00,29.6,33,0,8.1,135
2024-05-09T01:00,28.3,38,1,5.8,60
2024-05-09T02:00,27.9,40,0,6.1,28
2024-05-09T03:00,27.6,42,0,9.0,106
2024-05-09T04:00,27.8,42,0,13.4,104
2024-05-09T05:00,27.6,44,0,14.6,128
2024-05-09T06:00,27.1,56,0,14.8,129
2024-05-09T07:00,28.6,56,3,12.0,99
2024-05-09T08:00,29.6,54,0,17.4,112
2024-05-09T09:00,32.8,42,1,17.1,150
2024-05-09T10:00,34.5,40,1,19.2,172
2024-05-09T11:00,35.2,40,0,20.2,179
2024-05-09T12:00,37.1,35,0,16.6,193
2024-05-09T13:00,35.9,36,51,15.5,267
2024-05-09T14:00,36.7,33,2,10.7,284
2024-05-09T15:00,37.0,33,0,7.9,3
2024-05-09T16:00,37.3,32,0,3.8,17
2024-05-09T17:00,36.7,33,0,3.8,107
2024-05-09T18:00,34.6,41,0,13.1,188
2024-05-09T19:00,33.1,47,0,11.3,173
2024-05-09T20:00,32.3,49,0,14.8,184
2024-05-09T21:00,31.6,52,0,14.1,193
2024-05-09T22:00,30.6,55,1,12.5,192
2024-05-09T23:00,30.0,55,0,17.5,189
2024-05-10T00:00,29.1,57,0,17.5,189
2024-05-10T01:00,28.6,61,0,14.5,187
2024-05-10T02:00,27.4,68,0,3.2,90
2024-05-10T03:00,26.9,73,0,5.1,176
2024-05-10T04:00,26.8,72,0,5.6,195
2024-05-10T05:00,26.6,73,0,4.9,197
2024-05-10T06:00,27.6,59,2,6.4,106
2024-05-10T07:00,29.1,53,0,2.6,74
2024-05-10T08:00,31.8,50,0,7.2,217
2024-05-10T09:00,34.7,46,0,8.5,216
2024-05-10T10:00,36.9,39,0,14.0,222
2024-05-10T11:00,38.2,35,0,14.8,231
2024-05-10T12:00,39.1,33,0,14.5,240
2024-05-10T13:00,39.7,32,1,13.2,244
2024-05-10T14:00,39.9,30,1,11.4,246
2024-05-10T15:00,40.4,26,1,13.7,252
2024-05-10T16:00,31.1,60,63,12.3,52
2024-05-10T17:00,29.6,64,55,8.0,190
2024-05-10T18:00,35.3,29,0,5.0,150
2024-05-10T19:00,33.3,33,0,6.6,209
2024-05-10T20:00,31.4,40,0,7.6,225
2024-05-10T21:00,30.7,42,0,7.4,256
2024-05-10T22:00,30.6,42,0,7.4,247
2024-05-10T23:00,31.0,38,0,12.2,227
2024-05-11T00:00,31.6,36,0,14.4,233
2024-05-11T01:00,31.5,37,1,14.0,222
2024-05-11T02:00,29.8,43,0,9.1,198
2024-05-11T03:00,28.8,46,0,17.7,39
2024-05-11T04:00,28.2,50,1,8.4,140
2024-05-11T05:00,27.6,52,0,11.5,180
2024-05-11T06:00,29.4,54,0,7.2,180
2024-05-11T07:00,31.5,48,3,6.1,183
2024-05-11T08:00,33.7,42,3,9.7,202
2024-05-11T09:00,35.6,38,1,14.0,209
2024-05-11T10:00,37.9,32,1,12.8,220
2024-05-11T11:00,39.1,28,0,9.9,226
2024-05-11T12:00,40.3,24,0,6.9,231
2024-05-11T13:00,41.4,22,1,7.6,239
2024-05-11T14:00,40.7,23,0,8.2,247
2024-05-11T15:00,40.8,23,2,3.1,324
2024-05-11T16:00,38.2,27,51,14.0,299
2024-05-11T17:00,37.7,26,2,16.2,291
2024-05-11T18:00,37.9,20,1,7.9,330
2024-05-11T19:00,36.0,23,1,6.9,321
2024-05-11T20:00,34.2,29,1,5.5,281
2024-05-11T21:00,33.3,33,1,12.1,190
2024-05-11T22:00,33.1,35,0,10.2,225
2024-05-11T23:00,31.9,39,1,9.5,209
2024-05-12T00:00,30.9,43,0,7.7,229
2024-05-12T01:00,29.2,50,0,5.1,4
2024-05-12T02:00,29.1,49,0,7.2,37
2024-05-12T03:00,28.4,51,0,4.0,260
2024-05-12T04:00,28.0,52,0,5.6,243
2024-05-12T05:00,27.9,53,1,6.5,183
2024-05-12T06:00,29.1,64,0,6.0,155
2024-05-12T07:00,31.4,57,0,4.1,142
2024-05-12T08:00,33.6,49,0,4.5,76
2024-05-12T09:00,35.9,42,0,5.9,169
2024-05-12T10:00,37.9,35,1,8.8,192
2024-05-12T11:00,39.4,29,1,10.5,184
2024-05-12T12:00,40.3,27,2,9.9,170
2024-05-12T13:00,35.2,37,55,15.1,179
2024-05-12T14:00,35.5,37,51,14.4,356
2024-05-12T15:00,36.3,34,2,1.5,284
2024-05-12T16:00,36.7,31,0,2.6,74
2024-05-12T17:00,36.4,31,2,8.7,120
2024-05-12T18:00,36.7,23,3,6.6,241
2024-05-12T19:00,35.3,25,3,9.4,227
2024-05-12T20:00,34.2,29,3,5.6,230
2024-05-12T21:00,33.3,31,3,5.4,8
2024-05-12T22:00,32.1,35,3,7.1,75
2024-05-12T23:00,31.5,38,3,7.7,139
2024-05-13T00:00,30.8,41,3,5.2,196
2024-05-13T01:00,29.8,44,3,4.1,285
2024-05-13T02:00,29.2,47,3,4.4,305
2024-05-13T03:00,28.8,49,2,2.3,252
2024-05-13T04:00,28.0,54,2,4.3,222
2024-05-13T05:00,27.7,53,3,5.2,214
2024-05-13T06:00,26.7,74,3,13.1,278
2024-05-13T07:00,28.6,63,2,9.7,292
2024-05-13T08:00,32.1,45,2,12.3,263
2024-05-13T09:00,34.7,35,1,6.8,273
2024-05-13T10:00,36.5,30,3,7.5,287
2024-05-13T11:00,35.6,33,51,11.5,49
2024-05-13T12:00,35.8,32,3,8.0,262
2024-05-13T13:00,36.1,30,3,3.9,292
2024-05-13T14:00,37.6,26,3,5.5,293
2024-05-13T15:00,36.9,28,2,7.0,325
2024-05-13T16:00,36.5,30,2,10.7,327
2024-05-13T17:00,34.2,35,2,9.5,351
2024-05-13T18:00,35.2,15,0,10.3,119
2024-05-13T19:00,32.8,19,0,8.6,147
2024-05-13T20:00,31.3,30,0,11.3,197
2024-05-13T21:00,29.9,37,1,8.6,272
2024-05-13T22:00,28.8,37,0,10.1,253
2024-05-13T23:00,29.0,36,0,6.8,267
2024-05-14T00:00,28.2,39,0,6.8,270
2024-05-14T01:00,27.3,44,0,7.8,202
2024-05-14T02:00,27.3,45,0,12.4,10
2024-05-14T03:00,26.9,47,0,7.6,289
2024-05-14T04:00,27.6,46,0,7.4,321
2024-05-14T05:00,27.1,47,0,7.7,323
2024-05-14T06:00,28.2,60,2,9.7,338
2024-05-14T07:00,30.6,50,0,6.0,65
2024-05-14T08:00,34.2,40,0,4.3,24
2024-05-14T09:00,36.9,32,0,7.6,65
2024-05-14T10:00,37.9,29,0,5.1,141
2024-05-14T11:00,39.4,24,0,6.1,87
2024-05-14T12:00,39.9,22,3,12.6,87
2024-05-14T13:00,34.8,34,61,13.2,197
2024-05-14T14:00,37.9,25,1,6.0,237
2024-05-14T15:00,39.2,21,0,4.9,253
2024-05-14T16:00,39.3,21,1,0.0,270
2024-05-14T17:00,38.3,22,1,6.4,106
2024-05-14T18:00,35.3,22,0,15.5,13
2024-05-14T19:00,32.8,28,0,8.6,33
2024-05-14T20:00,31.4,35,2,8.0,8
2024-05-14T21:00,31.1,40,3,9.7,360
2024-05-14T22:00,30.4,43,1,7.2,53
2024-05-14T23:00,29.4,46,0,8.0,36
2024-05-15T00:00,29.1,46,0,12.0,16
2024-05-15T01:00,28.8,47,0,6.3,66
2024-05-15T02:00,28.7,48,0,2.2,171
2024-05-15T03:00,26.6,56,0,6.2,10
2024-05-15T04:00,26.5,56,0,4.6,342
2024-05-15T05:00,26.2,57,0,5.8,338
2024-05-15T06:00,27.2,66,3,2.6,286
2024-05-15T07:00,29.2,59,3,3.1,216
2024-05-15T08:00,31.7,49,3,2.9,277
2024-05-15T09:00,34.2,38,2,4.2,301
2024-05-15T10:00,36.4,31,2,4.2,301
2024-05-15T11:00,38.0,27,3,5.9,313
2024-05-15T12:00,37.6,27,3,8.7,318
2024-05-15T13:00,38.6,25,3,6.4,308
2024-05-15T14:00,37.7,27,2,6.0,253
2024-05-15T15:00,36.6,31,3,10.9,236
2024-05-15T16:00,36.4,30,2,6.7,234
2024-05-15T17:00,36.2,29,3,6.6,202
2024-05-15T18:00,36.0,24,1,9.0,2
2024-05-15T19:00,33.9,29,1,6.8,25
2024-05-15T20:00,33.0,32,3,13.8,57
2024-05-15T21:00,32.0,38,2,11.6,74
2024-05-15T22:00,30.9,43,0,7.1,41
2024-05-15T23:00,29.7,47,1,7.2,3
2024-05-16T00:00,29.0,50,0,7.2,360
2024-05-16T01:00,28.4,52,0,6.6,13
2024-05-16T02:00,27.6,55,0,5.0,360
2024-05-16T03:00,27.7,54,1,7.9,360
2024-05-16T04:00,27.1,56,0,7.1,114
2024-05-16T05:00,26.6,58,1,4.3,5
2024-05-16T06:00,28.9,60,0,3.8,41
2024-05-16T07:00,30.7,52,1,3.9,68
2024-05-16T08:00,32.9,47,1,12.6,92
2024-05-16T09:00,35.0,43,1,9.5,127
2024-05-16T10:00,32.7,52,61,6.0,197
2024-05-16T11:00,36.4,40,1,11.2,42
2024-05-16T12:00,33.6,48,61,8.7,42
2024-05-16T13:00,34.9,42,2,9.4,88
2024-05-16T14:00,30.6,63,55,12.2,156
2024-05-16T15:00,31.1,62,53,8.1,58
2024-05-16T16:00,31.7,58,51,7.8,13
2024-05-16T17:00,32.0,56,0,10.0,30
2024-05-16T18:00,29.4,59,61,5.4,160
2024-05-16T19:00,30.1,59,51,6.3,294
2024-05-16T20:00,30.2,56,1,2.5,360
2024-05-16T21:00,28.9,61,2,4.8,48
2024-05-16T22:00,28.4,62,2,4.2,340
2024-05-16T23:00,28.3,62,1,3.8,287
2024-05-17T00:00,27.6,64,3,2.6,236
2024-05-17T01:00,27.6,65,3,4.1,225
2024-05-17T02:00,28.3,60,3,8.3,180
2024-05-17T03:00,28.2,57,3,10.9,186
2024-05-17T04:00,27.4,59,3,11.3,187
2024-05-17T05:00,27.1,61,3,12.4,190
2024-05-17T06:00,26.2,87,65,4.1,315
2024-05-17T07:00,26.5,81,53,13.5,226
2024-05-17T08:00,26.1,82,51,10.1,287
2024-05-17T09:00,28.1,70,3,8.7,294
2024-05-17T10:00,30.5,57,3,7.6,278
2024-05-17T11:00,31.8,53,3,6.6,279
2024-05-17T12:00,33.4,47,3,5.5,259
2024-05-17T13:00,34.4,44,3,4.1,255
2024-05-17T14:00,33.8,44,3,4.4,261
2024-05-17T15:00,34.1,44,3,2.9,277
2024-05-17T16:00,34.2,44,2,3.4,328
2024-05-17T17:00,34.2,43,2,4.8,27
2024-05-17T18:00,34.4,29,0,13.0,132
2024-05-17T19:00,32.3,36,0,14.5,134
2024-05-17T20:00,31.3,39,0,13.8,137
2024-05-17T21:00,30.8,42,0,10.3,126
2024-05-17T22:00,30.1,46,0,6.1,135
2024-05-17T23:00,29.5,49,1,5.6,153
2024-05-18T00:00,29.3,51,1,9.7,176
2024-05-18T01:00,28.4,60,0,10.8,184
2024-05-18T02:00,27.6,68,0,10.9,189
2024-05-18T03:00,27.0,73,1,10.9,188
2024-05-18T04:00,26.6,77,0,7.9,196
2024-05-18T05:00,26.1,81,0,4.2,211
2024-05-18T06:00,27.6,79,3,6.2,170
2024-05-18T07:00,29.1,72,0,6.3,167
2024-05-18T08:00,31.6,59,0,4.7,180
2024-05-18T09:00,33.8,49,0,2.2,189
2024-05-18T10:00,35.8,42,0,3.1,159
2024-05-18T11:00,37.3,36,0,4.4,145
2024-05-18T12:00,38.6,32,0,5.1,141
2024-05-18T13:00,39.7,28,0,5.0,111
2024-05-18T14:00,40.0,25,1,5.8,68
2024-05-18T15:00,40.0,22,1,11.5,44
2024-05-18T16:00,39.1,22,1,14.3,45
2024-05-18T17:00,38.4,24,0,13.6,50
2024-05-18T18:00,36.2,32,1,11.0,131
2024-05-18T19:00,34.5,38,1,10.3,151
2024-05-18T20:00,33.2,42,1,10.0,159
2024-05-18T21:00,32.6,45,1,9.1,171
2024-05-18T22:00,31.9,47,1,14.0,162
2024-05-18T23:00,31.2,53,1,17.3,175
2024-05-19T00:00,29.5,64,0,18.4,181
2024-05-19T01:00,28.2,73,0,16.7,186
2024-05-19T02:00,27.7,75,0,12.3,183
2024-05-19T03:00,27.3,77,0,7.6,188
2024-05-19T04:00,26.9,79,0,9.5,189
2024-05-19T05:00,26.5,82,0,4.1,218
2024-05-19T06:00,29.6,74,0,3.7,169
2024-05-19T07:00,31.1,67,0,8.4,200
2024-05-19T08:00,33.0,57,0,10.5,202
2024-05-19T09:00,35.0,49,0,11.5,212
2024-05-19T10:00,36.5,43,0,11.3,211
2024-05-19T11:00,37.6,38,0,10.0,195
2024-05-19T12:00,39.0,32,0,6.4,196
2024-05-19T13:00,39.9,29,1,5.3,208
2024-05-19T14:00,40.1,28,2,3.9,236
2024-05-19T15:00,37.1,35,53,11.9,3
2024-05-19T16:00,30.0,67,63,8.5,28
2024-05-19T17:00,29.7,70,51,5.1,356
2024-05-19T18:00,36.5,26,0,14.3,348
2024-05-19T19:00,33.4,31,0,6.6,13
2024-05-19T20:00,33.7,30,0,6.9,39
2024-05-19T21:00,32.1,35,0,3.1,234
2024-05-19T22:00,31.1,40,0,3.6,264
2024-05-19T23:00,29.6,46,0,7.6,225
2024-05-20T00:00,30.6,39,0,14.4,176
2024-05-20T01:00,30.5,43,0,14.0,181
2024-05-20T02:00,30.0,51,0,15.5,198
2024-05-20T03:00,29.5,54,0,12.4,206
2024-05-20T04:00,28.7,57,0,7.6,205
2024-05-20T05:00,27.4,64,0,6.5,174
2024-05-20T06:00,30.8,61,0,4.3,204
2024-05-20T07:00,32.8,55,0,6.7,216
2024-05-20T08:00,34.7,50,0,10.3,205
2024-05-20T09:00,36.6,43,0,10.2,212
2024-05-20T10:00,38.0,39,0,9.7,202
2024-05-20T11:00,39.3,36,1,10.9,189
2024-05-20T12:00,40.0,34,1,10.1,197
2024-05-20T13:00,41.1,31,1,10.2,222
2024-05-20T14:00,29.5,70,65,25.7,354
2024-05-20T15:00,30.3,65,55,1.1,72
2024-05-20T16:00,31.9,59,51,4.2,160
2024-05-20T17:00,31.4,64,2,13.1,148
2024-05-20T18:00,37.5,23,1,12.5,321
2024-05-20T19:00,34.8,31,0,12.3,3
2024-05-20T20:00,32.9,35,0,4.3,156
2024-05-20T21:00,32.1,37,0,6.6,171
2024-05-20T22:00,32.8,35,1,1.3,304
2024-05-20T23:00,31.3,42,3,7.3,279
2024-05-21T00:00,30.7,45,3,4.7,171
2024-05-21T01:00,31.0,44,3,4.2,59
2024-05-21T02:00,30.6,42,1,6.5,109
2024-05-21T03:00,29.8,45,0,9.7,176
2024-05-21T04:00,30.2,52,0,13.1,201
2024-05-21T05:00,29.8,54,1,11.0,199
2024-05-21T06:00,31.4,47,0,8.4,211
2024-05-21T07:00,33.7,42,0,4.5,241
2024-05-21T08:00,35.8,38,0,11.2,40
2024-05-21T09:00,36.9,36,0,5.0,111
2024-05-21T10:00,38.8,31,0,6.5,183
2024-05-21T11:00,40.3,28,0,7.0,201
2024-05-21T12:00,41.4,25,0,5.7,198
2024-05-21T13:00,42.2,23,1,5.6,207
2024-05-21T14:00,37.7,36,53,22.1,196
2024-05-21T15:00,38.0,30,3,6.6,189
2024-05-21T16:00,38.6,28,3,13.0,182
2024-05-21T17:00,37.3,31,3,9.7,184
2024-05-21T18:00,36.6,30,1,7.3,340
2024-05-21T19:00,35.8,28,0,13.9,335
2024-05-21T20:00,34.2,30,1,6.2,10
2024-05-21T21:00,34.8,29,0,3.0,346
2024-05-21T22:00,31.5,37,3,5.8,356
2024-05-21T23:00,34.0,31,2,3.7,191
2024-05-22T00:00,32.3,33,1,5.4,172
2024-05-22T01:00,31.1,36,0,9.6,160
2024-05-22T02:00,32.2,34,0,3.0,284
2024-05-22T03:00,29.0,44,0,8.5,208
2024-05-22T04:00,28.5,48,0,7.4,203
2024-05-22T05:00,28.0,51,0,3.7,331
2024-05-22T06:00,26.9,80,51,13.0,161
2024-05-22T07:00,28.2,73,3,10.8,53
2024-05-22T08:00,29.6,62,3,11.8,31
2024-05-22T09:00,32.4,51,3,12.4,197
2024-05-22T10:00,33.4,50,3,6.3,257
2024-05-22T11:00,36.9,38,2,11.8,232
2024-05-22T12:00,39.4,30,3,12.7,241
2024-05-22T13:00,41.2,25,1,8.4,263
2024-05-22T14:00,41.5,22,1,3.3,311
2024-05-22T15:00,41.7,21,1,4.3,336
2024-05-22T16:00,41.5,20,3,4.2,329
2024-05-22T17:00,40.7,20,1,9.3,298
2024-05-22T18:00,30.5,67,51,2.5,352
2024-05-22T19:00,31.2,59,2,12.7,145
2024-05-22T20:00,32.9,46,1,7.2,143
2024-05-22T21:00,31.5,53,0,6.2,173
2024-05-22T22:00,30.7,56,1,7.6,180
2024-05-22T23:00,31.0,50,0,7.1,195
2024-05-23T00:00,30.7,50,1,8.4,211
2024-05-23T01:00,30.9,47,0,6.9,223
2024-05-23T02:00,29.6,50,1,3.6,6
2024-05-23T03:00,28.7,57,2,6.0,17
2024-05-23T04:00,28.7,57,3,3.6,307
2024-05-23T05:00,28.6,58,2,3.3,283
2024-05-23T06:00,29.2,57,1,9.3,283
2024-05-23T07:00,31.4,47,0,16.5,190
2024-05-23T08:00,33.7,42,0,6.1,310
2024-05-23T09:00,35.6,37,0,3.4,198
2024-05-23T10:00,37.6,32,0,3.7,209
2024-05-23T11:00,39.5,28,0,7.3,237
2024-05-23T12:00,41.1,26,0,8.1,238
2024-05-23T13:00,41.9,24,0,8.1,257
2024-05-23T14:00,40.4,26,3,18.0,357
2024-05-23T15:00,37.0,30,51,5.4,160
2024-05-23T16:00,39.3,26,0,4.8,318
2024-05-23T17:00,39.4,24,0,5.5,11
2024-05-23T18:00,32.2,50,53,11.3,112
2024-05-23T19:00,33.0,44,51,14.0,138
2024-05-23T20:00,33.6,37,2,10.9,124
2024-05-23T21:00,33.7,36,0,8.1,135
2024-05-23T22:00,33.1,36,0,8.4,140
2024-05-23T23:00,31.6,40,0,6.4,74
2024-05-24T00:00,30.3,46,0,5.7,18
2024-05-24T01:00,28.9,52,0,3.7,349
2024-05-24T02:00,28.2,58,1,1.3,304
2024-05-24T03:00,27.9,61,2,3.8,287
2024-05-24T04:00,28.0,62,1,3.2,27
2024-05-24T05:00,27.6,64,0,4.1,45
2024-05-24T06:00,30.3,51,1,4.1,105
2024-05-24T07:00,33.0,40,1,1.6,207
2024-05-24T08:00,36.0,35,2,9.6,214
2024-05-24T09:00,38.2,31,2,14.5,222
2024-05-24T10:00,40.4,25,0,14.7,234
2024-05-24T11:00,41.7,23,1,11.1,257
2024-05-24T12:00,42.2,21,0,9.7,285
2024-05-24T13:00,43.4,18,1,10.2,321
2024-05-24T14:00,43.6,16,3,13.4,352
2024-05-24T15:00,43.2,17,1,13.3,13
2024-05-24T16:00,42.7,18,0,8.9,21
2024-05-24T17:00,42.6,17,0,8.0,350
2024-05-24T18:00,38.7,28,3,1.4,180
2024-05-24T19:00,36.9,31,3,11.0,169
2024-05-24T20:00,36.4,31,0,10.9,124
2024-05-24T21:00,34.6,35,0,4.2,301
2024-05-24T22:00,33.5,39,0,6.6,29
2024-05-24T23:00,32.4,41,0,3.5,294
2024-05-25T00:00,32.1,42,2,9.5,335
2024-05-25T01:00,31.2,43,3,5.9,14
2024-05-25T02:00,30.6,43,2,6.3,31
2024-05-25T03:00,29.9,45,0,6.2,36
2024-05-25T04:00,29.1,49,3,5.2,25
2024-05-25T05:00,28.2,53,3,4.7,9
2024-05-25T06:00,31.2,54,0,3.7,11
2024-05-25T07:00,33.6,46,1,3.3,77
2024-05-25T08:00,35.4,45,0,4.7,81
2024-05-25T09:00,37.5,40,1,7.2,37
2024-05-25T10:00,39.5,34,3,8.7,45
2024-05-25T11:00,41.0,27,3,12.4,30
2024-05-25T12:00,41.2,24,3,16.8,28
2024-05-25T13:00,41.8,23,1,15.2,31
2024-05-25T14:00,41.5,24,1,18.7,67
2024-05-25T15:00,39.5,33,3,17.6,91
2024-05-25T16:00,38.3,40,3,16.2,107
2024-05-25T17:00,37.5,41,3,14.5,117
2024-05-25T18:00,40.9,20,3,4.9,73
2024-05-25T19:00,36.9,36,3,11.5,160
2024-05-25T20:00,35.1,47,3,11.8,157
2024-05-25T21:00,34.4,49,3,8.4,137
2024-05-25T22:00,33.4,52,3,5.6,165
2024-05-25T23:00,32.3,56,3,5.8,180
2024-05-26T00:00,32.3,57,3,7.0,192
2024-05-26T01:00,31.7,60,3,6.4,137
2024-05-26T02:00,30.8,62,3,4.8,103
2024-05-26T03:00,30.1,66,3,2.7,293
2024-05-26T04:00,29.8,69,3,3.1,324
2024-05-26T05:00,29.2,71,3,2.9,187
2024-05-26T06:00,31.5,58,3,13.8,165
2024-05-26T07:00,31.9,60,3,10.9,197
2024-05-26T08:00,35.9,46,3,9.7,231
2024-05-26T09:00,39.0,37,3,10.4,270
2024-05-26T10:00,40.9,25,2,18.0,344
2024-05-26T11:00,41.7,21,2,17.1,353
2024-05-26T12:00,43.9,15,2,22.6,9
2024-05-26T13:00,44.0,14,1,23.2,12
2024-05-26T14:00,45.8,11,2,20.5,39
2024-05-26T15:00,44.0,14,3,26.9,35
2024-05-26T16:00,44.2,11,3,19.4,31
2024-05-26T17:00,43.6,13,3,21.3,24
2024-05-26T18:00,41.6,17,3,7.4,317
2024-05-26T19:00,38.8,21,3,5.6,297
2024-05-26T20:00,38.6,22,3,6.5,264
2024-05-26T21:00,37.0,24,3,11.2,276
2024-05-26T22:00,35.3,28,3,9.2,296
2024-05-26T23:00,35.0,30,3,16.9,294
2024-05-27T00:00,34.6,31,2,18.2,308
2024-05-27T01:00,33.8,33,3,18.8,313
2024-05-27T02:00,33.3,36,3,18.6,313
2024-05-27T03:00,32.8,37,3,17.3,318
2024-05-27T04:00,32.5,38,2,17.9,320
2024-05-27T05:00,32.1,40,3,17.3,315
2024-05-27T06:00,33.4,40,3,20.4,312
2024-05-27T07:00,35.6,37,3,19.9,311
2024-05-27T08:00,37.7,34,3,23.0,305
2024-05-27T09:00,40.4,30,1,25.2,312
2024-05-27T10:00,42.5,26,3,26.5,314
2024-05-27T11:00,43.8,22,2,23.2,312
2024-05-27T12:00,44.1,18,2,18.6,324
2024-05-27T13:00,45.0,15,1,15.8,333
2024-05-27T14:00,45.5,14,1,19.6,346
2024-05-27T15:00,45.3,11,3,20.6,348
2024-05-27T16:00,43.0,16,3,28.5,328
2024-05-27T17:00,41.5,20,3,20.9,324
2024-05-27T18:00,42.1,14,3,13.5,351
2024-05-27T19:00,37.1,23,3,9.4,310
2024-05-27T20:00,36.5,25,3,6.8,238
2024-05-27T21:00,36.8,26,3,11.2,272
2024-05-27T22:00,34.7,29,3,3.1,69
2024-05-27T23:00,33.9,32,3,6.6,158
2024-05-28T00:00,33.4,33,3,8.2,218
2024-05-28T01:00,32.8,32,1,8.2,247
2024-05-28T02:00,32.4,33,0,10.5,262
2024-05-28T03:00,32.4,37,3,13.9,280
2024-05-28T04:00,32.1,43,3,14.9,278
2024-05-28T05:00,31.5,47,3,13.7,267
2024-05-28T06:00,33.1,47,0,16.2,287
2024-05-28T07:00,34.6,44,1,18.9,294
2024-05-28T08:00,36.1,41,3,19.4,292
2024-05-28T09:00,38.0,37,2,19.7,288
2024-05-28T10:00,39.6,34,3,20.5,288
2024-05-28T11:00,41.2,31,3,20.7,290
2024-05-28T12:00,42.6,27,3,20.1,291
2024-05-28T13:00,43.8,23,3,18.9,294
2024-05-28T14:00,44.1,20,3,16.9,299
2024-05-28T15:00,44.2,15,3,15.9,298
2024-05-28T16:00,44.0,14,3,18.0,273
2024-05-28T17:00,42.9,16,3,20.6,265
2024-05-28T18:00,42.1,12,3,16.7,284
2024-05-28T19:00,39.7,15,3,15.8,282
2024-05-28T20:00,38.3,18,3,16.3,284
2024-05-28T21:00,36.5,21,3,10.8,274
2024-05-28T22:00,34.7,26,2,9.4,293
2024-05-28T23:00,33.9,28,3,8.8,282
2024-05-29T00:00,32.6,32,3,7.0,258
2024-05-29T01:00,32.4,34,3,8.3,272
2024-05-29T02:00,31.4,39,3,7.0,282
2024-05-29T03:00,31.2,43,3,11.9,284
2024-05-29T04:00,30.9,47,3,12.9,283
2024-05-29T05:00,30.3,49,0,11.8,297
2024-05-29T06:00,32.1,45,2,20.1,314
2024-05-29T07:00,33.6,45,3,19.2,304
2024-05-29T08:00,35.7,42,3,16.2,283
2024-05-29T09:00,37.7,37,3,14.8,271
2024-05-29T10:00,39.4,33,3,14.9,278
2024-05-29T11:00,40.9,30,3,15.4,281
2024-05-29T12:00,42.2,27,3,14.9,277
2024-05-29T13:00,43.1,24,3,15.5,274
2024-05-29T14:00,43.6,21,3,15.9,274
2024-05-29T15:00,43.3,19,1,15.9,275
2024-05-29T16:00,43.1,16,3,14.5,277
2024-05-29T17:00,42.4,15,2,12.4,287
2024-05-29T18:00,40.3,16,1,8.4,280
2024-05-29T19:00,37.7,19,1,9.6,250
2024-05-29T20:00,36.5,23,2,13.9,249
2024-05-29T21:00,35.7,27,1,16.4,289
2024-05-29T22:00,34.9,30,1,12.8,292
2024-05-29T23:00,33.6,33,3,10.9,287
2024-05-30T00:00,32.9,37,3,11.3,307
2024-05-30T01:00,32.5,39,3,14.0,318
2024-05-30T02:00,32.2,40,2,15.3,317
2024-05-30T03:00,31.5,44,1,13.7,305
2024-05-30T04:00,31.0,48,0,13.3,303
2024-05-30T05:00,30.4,51,0,12.0,309
2024-05-30T06:00,32.7,51,0,15.8,313
2024-05-30T07:00,33.9,49,0,16.8,312
2024-05-30T08:00,35.8,44,0,13.7,305
2024-05-30T09:00,37.9,38,0,14.0,305
2024-05-30T10:00,39.9,32,0,13.6,302
2024-05-30T11:00,41.7,27,0,10.1,287
2024-05-30T12:00,42.8,22,1,9.4,270
2024-05-30T13:00,43.3,19,1,10.5,262
2024-05-30T14:00,43.7,17,1,12.4,260
2024-05-30T15:00,43.6,16,1,12.9,252
2024-05-30T16:00,42.7,17,0,12.9,240
2024-05-30T17:00,42.0,18,0,15.8,243
2024-05-30T18:00,41.0,12,2,10.0,308
2024-05-30T19:00,39.0,16,2,17.6,269
2024-05-30T20:00,38.1,22,0,19.1,266
2024-05-30T21:00,36.8,23,0,18.0,270
2024-05-30T22:00,35.8,24,0,15.5,288
2024-05-30T23:00,34.8,27,0,12.2,304
2024-05-31T00:00,33.8,29,3,10.5,333
2024-05-31T01:00,32.9,32,3,10.8,323
2024-05-31T02:00,32.2,36,3,11.9,305
2024-05-31T03:00,32.1,38,1,15.6,304
2024-05-31T04:00,31.8,42,2,16.8,305
2024-05-31T05:00,31.3,46,2,16.9,308
2024-05-31T06:00,33.4,51,2,16.8,312
2024-05-31T07:00,34.8,45,0,21.2,312
2024-05-31T08:00,36.5,40,1,21.4,314
2024-05-31T09:00,38.6,34,0,20.4,319
2024-05-31T10:00,40.7,29,0,17.9,320
2024-05-31T11:00,42.6,23,0,14.1,310
2024-05-31T12:00,43.7,16,1,11.1,283
2024-05-31T13:00,44.2,14,3,13.0,265
2024-05-31T14:00,44.0,14,1,14.6,261
2024-05-31T15:00,44.1,14,1,13.3,268
2024-05-31T16:00,43.8,14,1,14.2,254
2024-05-31T17:00,42.1,15,2,21.6,242
2024-05-31T18:00,40.8,15,0,16.4,308
2024-05-31T19:00,38.4,16,0,13.7,288
2024-05-31T20:00,36.5,17,0,11.9,273
2024-05-31T21:00,34.8,20,0,10.3,282
2024-05-31T22:00,34.1,24,0,11.9,305
2024-05-31T23:00,33.5,27,1,10.7,310
2024-06-01T00:00,32.9,31,3,10.5,308
2024-06-01T01:00,32.7,33,2,13.0,312
2024-06-01T02:00,32.9,32,3,10.9,326
2024-06-01T03:00,32.2,32,3,9.9,327
2024-06-01T04:00,32.0,34,3,15.0,330
2024-06-01T05:00,31.9,36,3,14.2,324
2024-06-01T06:00,33.6,34,3,15.9,327
2024-06-01T07:00,35.6,32,3,16.6,326
2024-06-01T08:00,37.9,29,3,17.7,327
2024-06-01T09:00,40.5,24,3,17.3,329
2024-06-01T10:00,41.9,20,3,7.8,304
2024-06-01T11:00,42.2,18,2,7.0,282
2024-06-01T12:00,43.7,16,1,12.0,277
2024-06-01T13:00,43.7,16,2,15.3,279
2024-06-01T14:00,43.2,17,2,15.0,280
2024-06-01T15:00,43.4,17,2,12.8,292
2024-06-01T16:00,43.1,16,2,11.8,297
2024-06-01T17:00,42.1,17,0,15.6,296
2024-06-01T18:00,37.3,28,2,21.5,128
2024-06-01T19:00,37.7,25,3,6.9,152
2024-06-01T20:00,36.4,29,0,6.1,220
2024-06-01T21:00,34.7,34,1,8.9,212
2024-06-01T22:00,33.7,35,3,8.2,319
2024-06-01T23:00,34.7,29,3,11.1,306
2024-06-02T00:00,33.5,32,3,7.6,245
2024-06-02T01:00,32.6,37,3,11.2,201
2024-06-02T02:00,32.4,40,3,8.2,232
2024-06-02T03:00,31.9,43,3,8.1,212
2024-06-02T04:00,31.5,44,3,8.9,220
2024-06-02T05:00,31.1,46,3,8.1,238
2024-06-02T06:00,34.0,33,3,19.0,303
2024-06-02T07:00,35.2,32,2,19.7,336
2024-06-02T08:00,36.2,31,3,21.3,336
2024-06-02T09:00,37.9,28,3,21.4,331
2024-06-02T10:00,39.1,26,3,19.2,337
2024-06-02T11:00,40.2,23,2,15.6,345
2024-06-02T12:00,42.6,20,3,9.3,347
2024-06-02T13:00,43.1,20,3,6.9,309
2024-06-02T14:00,37.6,34,53,23.5,234
2024-06-02T15:00,38.6,28,3,4.0,117
2024-06-02T16:00,39.2,27,3,13.3,303
2024-06-02T17:00,38.2,30,3,13.8,311
2024-06-02T18:00,30.2,73,61,8.6,165
2024-06-02T19:00,30.2,72,51,9.2,141
2024-06-02T20:00,30.2,62,3,4.3,114
2024-06-02T21:00,30.2,55,3,4.2,149
2024-06-02T22:00,29.6,56,3,6.3,167
2024-06-02T23:00,30.2,52,3,9.8,174
2024-06-03T00:00,30.0,54,0,13.4,194
2024-06-03T01:00,29.9,55,3,12.4,210
2024-06-03T02:00,29.8,58,3,12.2,225
2024-06-03T03:00,29.7,61,3,8.7,246
2024-06-03T04:00,29.4,61,3,7.9,219
2024-06-03T05:00,29.0,61,2,11.2,195
2024-06-03T06:00,27.0,74,3,8.7,300
2024-06-03T07:00,29.0,64,3,9.9,170
2024-06-03T08:00,31.4,54,3,15.0,159
2024-06-03T09:00,33.1,50,3,18.4,181
2024-06-03T10:00,36.7,38,2,18.0,206
2024-06-03T11:00,38.5,33,2,17.6,229
2024-06-03T12:00,38.6,33,2,19.6,257
2024-06-03T13:00,38.8,32,51,12.3,302
2024-06-03T14:00,39.0,30,3,11.3,287
2024-06-03T15:00,39.6,29,1,9.2,296
2024-06-03T16:00,39.5,30,1,11.3,301
2024-06-03T17:00,38.0,31,0,14.5,305
2024-06-03T18:00,36.2,32,3,18.0,348
2024-06-03T19:00,28.1,75,53,18.9,166
2024-06-03T20:00,29.8,61,2,11.0,142
2024-06-03T21:00,30.8,56,3,7.9,156
2024-06-03T22:00,31.2,55,3,11.5,219
2024-06-03T23:00,31.1,53,3,11.2,237
2024-06-04T00:00,31.3,49,3,12.0,229
2024-06-04T01:00,31.0,49,1,10.8,233
2024-06-04T02:00,30.4,51,1,11.5,231
2024-06-04T03:00,30.3,51,0,14.3,221
2024-06-04T04:00,30.1,53,3,14.8,227
2024-06-04T05:00,29.8,54,2,11.0,238
2024-06-04T06:00,27.4,68,3,22.8,354
2024-06-04T07:00,28.1,72,51,14.1,357
2024-06-04T08:00,28.8,69,3,17.1,325
2024-06-04T09:00,30.8,62,51,17.9,326
2024-06-04T10:00,30.0,68,51,18.9,339
2024-06-04T11:00,35.6,44,1,20.5,342
2024-06-04T12:00,39.2,32,0,13.0,341
2024-06-04T13:00,40.2,28,2,9.5,331
2024-06-04T14:00,40.5,26,1,6.3,329
2024-06-04T15:00,41.1,23,1,6.8,267
2024-06-04T16:00,40.3,24,1,13.3,270
2024-06-04T17:00,35.8,38,1,27.6,216
2024-06-04T18:00,38.0,28,0,6.2,280
2024-06-04T19:00,35.6,34,1,6.8,238
2024-06-04T20:00,35.0,36,2,16.1,220
2024-06-04T21:00,31.0,58,3,8.9,194
2024-06-04T22:00,31.1,60,2,14.7,248
2024-06-04T23:00,31.3,57,1,13.2,215
2024-06-05T00:00,29.7,66,3,16.1,230
2024-06-05T01:00,28.4,68,1,18.8,206
2024-06-05T02:00,28.0,68,0,21.7,207
2024-06-05T03:00,26.3,75,1,16.9,250
2024-06-05T04:00,26.7,73,1,1.1,108
2024-06-05T05:00,27.0,73,1,1.8,101
2024-06-05T06:00,26.9,83,53,8.2,38
2024-06-05T07:00,28.7,72,0,10.7,284
2024-06-05T08:00,31.5,58,0,11.8,308
2024-06-05T09:00,34.2,46,0,12.3,322
2024-06-05T10:00,36.5,39,0,11.3,329
2024-06-05T11:00,38.3,34,0,9.2,334
2024-06-05T12:00,39.5,31,2,4.3,318
2024-06-05T13:00,40.3,30,2,3.1,249
2024-06-05T14:00,41.0,28,3,5.8,210
2024-06-05T15:00,33.8,51,61,15.5,115
2024-06-05T16:00,37.3,37,3,4.3,95
2024-06-05T17:00,36.4,39,51,2.9,187
2024-06-05T18:00,34.9,40,2,17.1,97
2024-06-05T19:00,33.5,44,2,10.1,182
2024-06-05T20:00,32.9,48,1,10.2,190
2024-06-05T21:00,31.6,54,1,12.6,183
2024-06-05T22:00,30.7,58,3,8.7,218
2024-06-05T23:00,30.3,58,3,12.3,212
2024-06-06T00:00,30.4,58,3,10.9,214
2024-06-06T01:00,29.8,60,3,11.5,221
2024-06-06T02:00,29.3,62,3,9.5,205
2024-06-06T03:00,29.0,64,2,8.4,220
2024-06-06T04:00,28.6,66,0,4.4,171
2024-06-06T05:00,28.2,68,1,5.9,166
2024-06-06T06:00,31.3,59,0,7.3,261
2024-06-06T07:00,33.1,51,0,10.3,299
2024-06-06T08:00,35.2,45,1,14.3,317
2024-06-06T09:00,37.2,38,0,14.7,332
2024-06-06T10:00,38.8,32,0,11.8,333
2024-06-06T11:00,40.1,29,0,8.2,345
2024-06-06T12:00,41.0,27,1,4.7,23
2024-06-06T13:00,41.3,26,1,4.8,48
2024-06-06T14:00,41.5,25,1,6.1,62
2024-06-06T15:00,39.9,27,3,16.1,340
2024-06-06T16:00,37.7,35,51,3.6,307
2024-06-06T17:00,37.7,34,1,12.2,182
2024-06-06T18:00,34.2,47,2,4.3,175
2024-06-06T19:00,32.5,53,0,7.1,204
2024-06-06T20:00,31.8,56,1,6.6,221
2024-06-06T21:00,31.4,56,0,8.4,205
2024-06-06T22:00,31.3,55,0,6.5,214
2024-06-06T23:00,30.9,57,1,7.1,204
2024-06-07T00:00,30.6,60,2,11.6,196
2024-06-07T01:00,30.0,64,1,14.4,212
2024-06-07T02:00,27.1,75,3,25.8,247
2024-06-07T03:00,27.5,72,0,11.6,277
2024-06-07T04:00,27.1,74,0,10.0,285
2024-06-07T05:00,27.0,75,0,6.9,309
2024-06-07T06:00,26.8,81,51,12.7,278
2024-06-07T07:00,27.9,72,51,13.7,273
2024-06-07T08:00,31.1,57,3,10.0,283
2024-06-07T09:00,33.4,49,3,4.3,228
2024-06-07T10:00,34.7,46,3,3.4,212
2024-06-07T11:00,36.5,42,3,5.9,194
2024-06-07T12:00,37.6,39,2,8.4,190
2024-06-07T13:00,38.4,37,3,9.4,180
2024-06-07T14:00,38.8,36,2,9.7,180
2024-06-07T15:00,38.8,35,0,10.1,176
2024-06-07T16:00,38.7,34,0,8.3,178
2024-06-07T17:00,37.5,34,1,10.1,184
2024-06-07T18:00,35.0,36,0,20.5,208
2024-06-07T19:00,33.3,41,0,7.1,210
2024-06-07T20:00,32.4,45,0,6.8,205
2024-06-07T21:00,31.8,48,0,7.6,205
2024-06-07T22:00,31.0,52,2,5.0,210
2024-06-07T23:00,31.1,51,0,8.7,185
2024-06-08T00:00,30.7,54,0,13.0,183
2024-06-08T01:00,30.1,61,1,14.7,191
2024-06-08T02:00,29.7,65,1,14.2,187
2024-06-08T03:00,29.4,68,3,14.1,199
2024-06-08T04:00,29.0,69,3,12.0,196
2024-06-08T05:00,28.7,71,1,9.1,214
2024-06-08T06:00,28.8,71,2,10.6,242
2024-06-08T07:00,30.3,64,3,9.0,247
2024-06-08T08:00,32.3,56,0,7.6,245
2024-06-08T09:00,34.3,50,2,6.1,242
2024-06-08T10:00,36.1,43,3,5.8,240
2024-06-08T11:00,37.7,38,3,4.5,241
2024-06-08T12:00,39.0,35,2,4.9,197
2024-06-08T13:00,39.7,33,2,8.0,188
2024-06-08T14:00,39.7,33,1,9.7,182
2024-06-08T15:00,36.4,41,53,6.9,309
2024-06-08T16:00,36.8,40,0,9.7,345
2024-06-08T17:00,33.5,46,2,19.5,321
2024-06-08T18:00,34.7,42,51,8.0,275
2024-06-08T19:00,30.1,59,51,23.3,328
2024-06-08T20:00,27.1,82,53,17.7,119
2024-06-08T21:00,26.9,83,61,5.2,168
2024-06-08T22:00,27.0,84,55,3.2,243
2024-06-08T23:00,26.7,92,53,7.2,186
2024-06-09T00:00,26.9,87,3,4.9,163
2024-06-09T01:00,26.8,90,3,4.0,117
2024-06-09T02:00,26.4,94,3,4.0,170
2024-06-09T03:00,26.6,90,3,3.5,246
2024-06-09T04:00,26.4,90,3,4.5,284
2024-06-09T05:00,26.3,93,3,2.5,360
2024-06-09T06:00,28.3,77,1,10.0,322
2024-06-09T07:00,29.7,69,3,5.6,310
2024-06-09T08:00,31.5,61,2,4.2,239
2024-06-09T09:00,33.4,55,0,2.9,277
2024-06-09T10:00,35.0,49,0,2.5,278
2024-06-09T11:00,36.3,46,1,1.1,270
2024-06-09T12:00,37.3,43,1,2.5,188
2024-06-09T13:00,38.1,40,1,3.7,169
2024-06-09T14:00,38.9,38,3,4.3,156
2024-06-09T15:00,35.9,45,53,5.8,22
2024-06-09T16:00,33.2,54,51,15.9,183
2024-06-09T17:00,32.3,61,51,8.8,215
2024-06-09T18:00,36.5,37,1,8.9,130
2024-06-09T19:00,35.4,39,1,10.2,138
2024-06-09T20:00,34.4,43,1,8.7,156
2024-06-09T21:00,33.3,46,0,8.5,168
2024-06-09T22:00,32.9,48,1,16.6,193
2024-06-09T23:00,32.2,55,0,13.0,214
2024-06-10T00:00,31.1,59,1,15.4,259
2024-06-10T01:00,29.2,65,51,16.2,302
2024-06-10T02:00,28.5,67,0,7.6,315
2024-06-10T03:00,27.9,72,61,6.4,47
2024-06-10T04:00,27.5,76,53,1.8,360
2024-06-10T05:00,27.0,80,2,3.4,72
2024-06-10T06:00,28.0,70,0,5.9,349
2024-06-10T07:00,29.2,67,0,5.0,330
2024-06-10T08:00,31.4,59,0,4.6,315
2024-06-10T09:00,33.4,51,0,6.5,326
2024-06-10T10:00,35.2,45,0,5.4,323
2024-06-10T11:00,36.8,40,0,6.4,333
2024-06-10T12:00,37.9,37,0,7.6,341
2024-06-10T13:00,38.8,36,0,8.3,5
2024-06-10T14:00,39.2,35,0,9.0,29
2024-06-10T15:00,39.1,34,1,9.7,39
2024-06-10T16:00,38.6,33,0,8.0,54
2024-06-10T17:00,37.8,33,1,7.9,66
2024-06-10T18:00,33.0,49,3,21.6,334
2024-06-10T19:00,31.9,58,1,11.1,347
2024-06-10T20:00,31.2,62,0,9.7,329
2024-06-10T21:00,30.6,62,1,12.0,327
2024-06-10T22:00,30.2,64,1,17.0,339
2024-06-10T23:00,29.4,68,1,11.0,341
2024-06-11T00:00,29.0,71,3,11.2,228
2024-06-11T01:00,28.4,74,0,7.2,264
2024-06-11T02:00,27.9,77,1,7.4,256
2024-06-11T03:00,27.5,79,0,7.7,281
2024-06-11T04:00,27.2,80,0,7.2,270
2024-06-11T05:00,27.0,81,0,9.4,310
2024-06-11T06:00,27.6,72,0,12.4,330
2024-06-11T07:00,29.8,62,0,12.9,324
2024-06-11T08:00,32.7,51,0,12.7,325
2024-06-11T09:00,35.1,42,0,11.8,340
2024-06-11T10:00,37.0,37,0,10.1,343
2024-06-11T11:00,38.7,32,1,9.3,347
2024-06-11T12:00,39.7,29,1,8.4,353
2024-06-11T13:00,40.3,27,1,7.6,360
2024-06-11T14:00,40.5,27,1,7.6,3
2024-06-11T15:00,40.1,27,1,10.9,6
2024-06-11T16:00,38.1,31,0,11.4,349
2024-06-11T17:00,38.7,29,1,6.8,335
2024-06-11T18:00,32.0,52,0,14.9,340
2024-06-11T19:00,31.1,55,0,13.1,302
2024-06-11T20:00,27.7,75,61,17.7,287
2024-06-11T21:00,28.4,73,1,9.8,287
2024-06-11T22:00,26.2,85,63,16.1,222
2024-06-11T23:00,26.1,85,55,10.5,297
2024-06-12T00:00,25.8,89,53,9.1,304
2024-06-12T01:00,25.9,89,0,10.1,325
2024-06-12T02:00,26.0,85,1,12.6,307
2024-06-12T03:00,26.2,80,1,12.1,287
2024-06-12T04:00,26.2,80,0,14.0,305
2024-06-12T05:00,26.4,78,0,11.5,314
2024-06-12T06:00,25.6,85,53,11.8,282
2024-06-12T07:00,26.4,82,51,6.0,303
2024-06-12T08:00,27.7,76,51,12.1,287
2024-06-12T09:00,29.2,68,3,9.4,293
2024-06-12T10:00,30.8,62,3,9.5,279
2024-06-12T11:00,33.3,52,3,10.4,284
2024-06-12T12:00,34.9,44,3,11.1,295
2024-06-12T13:00,34.7,43,0,11.6,296
2024-06-12T14:00,36.3,38,0,10.4,304
2024-06-12T15:00,36.7,36,1,9.3,298
2024-06-12T16:00,36.0,39,2,6.2,291
2024-06-12T17:00,35.6,40,2,5.8,277
2024-06-12T18:00,30.0,65,3,12.6,27
2024-06-12T19:00,29.6,67,3,5.7,18
2024-06-12T20:00,29.6,68,3,4.1,322
2024-06-12T21:00,29.5,68,3,6.2,280
2024-06-12T22:00,29.3,68,3,7.4,247
2024-06-12T23:00,29.8,66,3,8.7,246
2024-06-13T00:00,28.4,70,3,18.8,274
2024-06-13T01:00,28.3,72,3,10.9,279
2024-06-13T02:00,28.4,72,3,9.9,303
2024-06-13T03:00,28.4,70,1,11.4,294
2024-06-13T04:00,28.1,70,1,7.8,292
2024-06-13T05:00,27.9,71,0,6.6,261
2024-06-13T06:00,29.2,68,3,8.6,292
2024-06-13T07:00,29.8,65,3,6.5,276
2024-06-13T08:00,31.2,59,3,8.4,280
2024-06-13T09:00,31.9,57,3,9.2,291
2024-06-13T10:00,33.3,52,2,8.2,299
2024-06-13T11:00,35.6,45,0,8.7,318
2024-06-13T12:00,37.7,38,0,7.1,315
2024-06-13T13:00,38.9,34,1,5.4,312
2024-06-13T14:00,39.4,33,1,5.8,292
2024-06-13T15:00,33.8,52,61,18.6,261
2024-06-13T16:00,34.2,48,51,4.0,355
2024-06-13T17:00,34.2,47,2,4.0,360
2024-06-13T18:00,35.4,42,1,6.8,295
2024-06-13T19:00,33.8,47,1,5.1,278
2024-06-13T20:00,33.3,50,1,9.0,268
2024-06-13T21:00,32.6,52,1,8.4,245
2024-06-13T22:00,32.1,54,0,10.8,255
2024-06-13T23:00,31.8,54,3,12.8,281
2024-06-14T00:00,30.1,62,3,19.9,229
2024-06-14T01:00,28.1,74,2,16.2,233
2024-06-14T02:00,27.7,78,3,10.5,232
2024-06-14T03:00,27.7,78,2,10.2,262
2024-06-14T04:00,28.0,76,0,11.6,277
2024-06-14T05:00,27.8,77,0,6.5,264
2024-06-14T06:00,28.8,72,0,9.7,272
2024-06-14T07:00,30.7,63,2,10.9,287
2024-06-14T08:00,32.1,56,1,12.9,297
2024-06-14T09:00,34.4,49,1,13.0,309
2024-06-14T10:00,36.1,44,2,12.5,319
2024-06-14T11:00,37.5,39,3,10.2,321
2024-06-14T12:00,38.4,37,1,7.8,292
2024-06-14T13:00,38.9,35,2,9.0,275
2024-06-14T14:00,37.8,38,51,17.0,287
2024-06-14T15:00,36.7,41,51,11.6,277
2024-06-14T16:00,35.0,47,61,10.1,297
2024-06-14T17:00,34.6,48,3,12.3,277
2024-06-14T18:00,34.5,45,3,8.0,265
2024-06-14T19:00,32.9,52,3,14.8,225
2024-06-14T20:00,29.8,68,3,16.0,216
2024-06-14T21:00,28.9,74,1,15.5,205
2024-06-14T22:00,28.3,78,3,15.8,223
2024-06-14T23:00,28.2,79,3,14.6,230
2024-06-15T00:00,28.0,80,3,12.9,240
2024-06-15T01:00,27.6,78,3,12.5,258
2024-06-15T02:00,27.3,76,0,13.0,265
2024-06-15T03:00,27.2,76,2,10.1,272
2024-06-15T04:00,27.1,76,3,8.3,270
2024-06-15T05:00,26.9,77,3,7.6,265
2024-06-15T06:00,28.1,74,2,8.4,301
2024-06-15T07:00,29.8,68,1,10.7,318
2024-06-15T08:00,31.9,59,0,13.0,314
2024-06-15T09:00,34.1,52,0,12.1,323
2024-06-15T10:00,35.7,46,0,11.5,314
2024-06-15T11:00,36.9,41,1,8.9,302
2024-06-15T12:00,38.0,37,1,6.9,279
2024-06-15T13:00,38.8,35,1,7.6,267
2024-06-15T14:00,39.0,34,1,9.4,268
2024-06-15T15:00,38.7,34,3,10.1,274
2024-06-15T16:00,39.1,31,3,8.0,252
2024-06-15T17:00,33.9,50,51,13.9,249
2024-06-15T18:00,34.8,43,3,11.1,241
2024-06-15T19:00,33.8,46,3,9.5,245
2024-06-15T20:00,32.4,51,3,10.8,268
2024-06-15T21:00,31.8,54,3,9.2,259
2024-06-15T22:00,31.4,56,3,12.3,230
2024-06-15T23:00,30.9,59,3,14.5,251
2024-06-16T00:00,28.5,71,61,8.9,63
2024-06-16T01:00,27.5,81,55,11.3,253
2024-06-16T02:00,27.2,87,53,3.1,339
2024-06-16T03:00,27.0,90,51,2.5,45
2024-06-16T04:00,26.9,92,3,1.6,207
2024-06-16T05:00,27.0,92,3,7.1,294
2024-06-16T06:00,28.0,86,3,6.4,344
2024-06-16T07:00,29.5,72,2,7.8,326
2024-06-16T08:00,31.0,63,1,4.7,302
2024-06-16T09:00,32.7,56,1,4.8,297
2024-06-16T10:00,34.7,49,1,4.6,288
2024-06-16T11:00,36.2,44,0,4.3,270
2024-06-16T12:00,37.0,42,1,4.1,255
2024-06-16T13:00,37.3,42,3,4.6,219
2024-06-16T14:00,37.6,42,1,7.0,201
2024-06-16T15:00,37.1,43,2,8.3,178
2024-06-16T16:00,36.5,44,3,5.8,150
2024-06-16T17:00,34.1,54,55,10.4,270
2024-06-16T18:00,33.8,48,3,8.7,330
2024-06-16T19:00,31.4,61,3,13.1,323
2024-06-16T20:00,30.6,65,3,10.1,333
2024-06-16T21:00,30.4,68,51,7.2,264
2024-06-16T22:00,30.0,69,3,10.0,240
2024-06-16T23:00,29.5,70,3,6.4,243
2024-06-17T00:00,29.2,71,3,9.0,217
2024-06-17T01:00,28.8,72,3,10.9,214
2024-06-17T02:00,28.3,73,3,10.9,224
2024-06-17T03:00,28.1,75,3,10.7,222
2024-06-17T04:00,27.6,78,3,14.6,232
2024-06-17T05:00,27.2,81,2,15.1,245
2024-06-17T06:00,27.8,77,3,13.5,279
2024-06-17T07:00,28.7,73,3,12.4,287
2024-06-17T08:00,30.9,65,2,13.7,305
2024-06-17T09:00,33.1,55,0,13.7,300
2024-06-17T10:00,34.3,51,2,15.1,308
2024-06-17T11:00,35.7,47,3,10.9,314
2024-06-17T12:00,36.5,45,3,7.9,317
2024-06-17T13:00,37.1,43,3,5.6,315
2024-06-17T14:00,37.3,42,3,4.9,306
2024-06-17T15:00,37.5,41,3,4.9,287
2024-06-17T16:00,36.6,42,3,5.9,322
2024-06-17T17:00,36.0,43,3,1.8,360
2024-06-17T18:00,33.7,53,3,8.4,320
2024-06-17T19:00,33.1,56,3,7.0,291
2024-06-17T20:00,32.5,59,3,6.1,267
2024-06-17T21:00,32.0,62,3,13.3,221
2024-06-17T22:00,27.0,85,51,12.0,254
2024-06-17T23:00,27.3,86,3,12.9,243
2024-06-18T00:00,27.3,86,3,12.3,249
2024-06-18T01:00,27.5,82,3,14.8,264
2024-06-18T02:00,27.5,81,51,12.7,262
2024-06-18T03:00,27.3,81,3,12.3,263
2024-06-18T04:00,27.0,82,51,10.1,264
2024-06-18T05:00,26.9,83,3,9.8,262
2024-06-18T06:00,28.6,77,3,7.3,279
2024-06-18T07:00,30.1,69,3,10.0,296
2024-06-18T08:00,31.7,62,3,10.6,294
2024-06-18T09:00,33.7,54,1,12.1,287
2024-06-18T10:00,35.5,48,1,12.7,278
2024-06-18T11:00,36.4,45,1,12.6,275
2024-06-18T12:00,37.5,43,3,13.0,267
2024-06-18T13:00,36.4,46,3,15.1,282
2024-06-18T14:00,31.5,68,63,9.3,257
2024-06-18T15:00,32.4,64,3,10.3,216
2024-06-18T16:00,32.5,62,3,15.8,210
2024-06-18T17:00,32.2,62,3,16.1,231
2024-06-18T18:00,34.0,49,3,4.8,318
2024-06-18T19:00,32.5,59,51,5.9,284
2024-06-18T20:00,32.0,59,3,9.7,292
2024-06-18T21:00,31.3,62,3,7.3,281
2024-06-18T22:00,30.9,65,3,6.3,294
2024-06-18T23:00,30.8,65,3,6.7,286
2024-06-19T00:00,30.3,67,3,8.1,249
2024-06-19T01:00,30.1,67,3,8.1,249
2024-06-19T02:00,29.8,68,3,6.0,237
2024-06-19T03:00,28.7,72,3,14.4,202
2024-06-19T04:00,26.1,85,53,18.1,265
2024-06-19T05:00,26.0,90,53,11.0,247
2024-06-19T06:00,27.5,84,51,7.6,275
2024-06-19T07:00,28.2,79,3,9.4,270
2024-06-19T08:00,29.3,73,3,12.6,283
2024-06-19T09:00,31.9,62,3,12.6,290
2024-06-19T10:00,33.3,57,3,11.5,290
2024-06-19T11:00,34.9,51,3,10.5,278
2024-06-19T12:00,36.1,47,3,9.7,266
2024-06-19T13:00,36.9,43,3,11.9,265
2024-06-19T14:00,35.4,45,51,19.0,251
2024-06-19T15:00,32.6,61,55,10.5,274
2024-06-19T16:00,32.5,59,55,6.7,254
2024-06-19T17:00,32.8,55,3,7.4,284
2024-06-19T18:00,28.3,85,51,5.6,50
2024-06-19T19:00,27.9,85,3,3.7,79
2024-06-19T20:00,27.9,85,3,7.4,141
2024-06-19T21:00,27.9,86,51,6.6,151
2024-06-19T22:00,27.9,88,51,6.8,155
2024-06-19T23:00,27.7,88,51,7.4,194
2024-06-20T00:00,27.7,83,3,9.6,200
2024-06-20T01:00,27.0,83,3,11.9,183
2024-06-20T02:00,25.8,87,3,7.6,180
2024-06-20T03:00,26.0,88,51,10.0,232
2024-06-20T04:00,26.2,83,51,11.1,257
2024-06-20T05:00,26.1,84,51,7.7,259
2024-06-20T06:00,28.4,75,3,10.3,245
2024-06-20T07:00,29.5,68,3,14.3,260
2024-06-20T08:00,30.9,63,3,14.1,266
2024-06-20T09:00,32.6,57,3,11.2,255
2024-06-20T10:00,33.7,53,3,10.8,249
2024-06-20T11:00,34.8,48,3,12.6,257
2024-06-20T12:00,35.3,46,2,10.1,264
2024-06-20T13:00,36.5,43,3,11.3,253
2024-06-20T14:00,36.5,41,3,13.0,246
2024-06-20T15:00,35.5,42,3,18.6,261
2024-06-20T16:00,27.9,79,65,8.6,33
2024-06-20T17:00,27.5,82,53,6.2,97
2024-06-20T18:00,32.0,57,51,11.4,72
2024-06-20T19:00,30.1,64,3,14.1,87
2024-06-20T20:00,29.3,67,3,12.1,107
2024-06-20T21:00,29.8,65,3,8.5,152
2024-06-20T22:00,29.8,63,3,7.2,183
2024-06-20T23:00,29.5,63,3,8.0,198
2024-06-21T00:00,29.2,65,3,10.4,194
2024-06-21T01:00,28.3,70,3,12.4,206
2024-06-21T02:00,27.3,76,3,12.7,205
2024-06-21T03:00,26.8,79,3,14.1,230
2024-06-21T04:00,26.6,80,3,11.8,247
2024-06-21T05:00,26.7,78,2,8.4,277
2024-06-21T06:00,25.6,89,55,14.8,309
2024-06-21T07:00,26.2,85,51,10.0,291
2024-06-21T08:00,27.0,82,63,3.1,111
2024-06-21T09:00,26.8,88,53,3.5,294
2024-06-21T10:00,27.8,83,53,8.4,301
2024-06-21T11:00,29.2,75,51,10.6,294
2024-06-21T12:00,31.1,65,51,11.0,281
2024-06-21T13:00,31.9,59,51,12.3,267
2024-06-21T14:00,32.8,56,51,11.6,254
2024-06-21T15:00,34.0,52,3,9.4,247
2024-06-21T16:00,34.2,51,3,6.5,214
2024-06-21T17:00,28.1,81,61,21.5,325
2024-06-21T18:00,26.5,93,53,6.0,33
2024-06-21T19:00,26.7,94,53,5.4,48
2024-06-21T20:00,26.9,92,51,2.2,90
2024-06-21T21:00,26.8,93,3,2.3,162
2024-06-21T22:00,26.5,93,53,8.3,178
2024-06-21T23:00,25.4,94,63,10.6,215
2024-06-22T00:00,25.5,92,61,6.3,246
2024-06-22T01:00,25.4,94,55,7.0,258
2024-06-22T02:00,25.4,93,61,2.7,203
2024-06-22T03:00,25.2,96,53,6.1,220
2024-06-22T04:00,25.2,96,53,6.4,218
2024-06-22T05:00,25.4,96,51,7.3,259
2024-06-22T06:00,25.2,93,53,9.7,272
2024-06-22T07:00,26.2,87,51,8.8,305
2024-06-22T08:00,27.6,79,51,11.0,308
2024-06-22T09:00,28.5,73,51,9.2,321
2024-06-22T10:00,28.7,71,3,5.8,4
2024-06-22T11:00,28.5,72,3,3.3,354
2024-06-22T12:00,28.5,74,51,2.9,353
2024-06-22T13:00,28.0,79,55,1.4,180
2024-06-22T14:00,30.3,70,51,3.4,212
2024-06-22T15:00,30.7,68,3,3.6,233
2024-06-22T16:00,31.0,66,3,5.4,222
2024-06-22T17:00,31.3,63,3,5.7,235
2024-06-22T18:00,28.8,73,2,6.6,77
2024-06-22T19:00,27.9,79,1,4.4,145
2024-06-22T20:00,27.3,85,0,3.7,151
2024-06-22T21:00,27.0,85,1,5.0,180
2024-06-22T22:00,26.9,85,1,4.5,241
2024-06-22T23:00,25.7,94,63,5.7,325
2024-06-23T00:00,25.5,96,51,5.8,97
2024-06-23T01:00,24.6,99,55,6.6,68
2024-06-23T02:00,24.5,99,53,5.0,120
2024-06-23T03:00,24.4,98,55,3.5,66
2024-06-23T04:00,24.4,98,53,2.2,9
2024-06-23T05:00,24.5,97,51,2.4,297
2024-06-23T06:00,24.7,92,3,4.5,331
2024-06-23T07:00,26.0,85,3,4.1,308
2024-06-23T08:00,28.0,76,2,4.7,9
2024-06-23T09:00,29.0,74,3,4.6,45
2024-06-23T10:00,30.3,71,3,6.7,36
2024-06-23T11:00,31.2,68,51,6.7,74
2024-06-23T12:00,31.3,66,3,7.6,109
2024-06-23T13:00,31.6,66,51,7.1,105
2024-06-23T14:00,31.7,64,1,5.1,94
2024-06-23T15:00,31.6,65,51,4.8,153
2024-06-23T16:00,30.8,67,2,6.2,201
2024-06-23T17:00,28.9,78,61,5.9,218
2024-06-23T18:00,27.0,84,53,5.7,198
2024-06-23T19:00,25.8,95,63,8.0,162
2024-06-23T20:00,26.0,94,51,7.8,202
2024-06-23T21:00,25.6,95,61,7.8,193
2024-06-23T22:00,25.3,96,53,8.2,209
2024-06-23T23:00,24.7,97,63,6.4,223
2024-06-24T00:00,25.0,94,51,7.2,198
2024-06-24T01:00,24.8,96,51,7.1,225
2024-06-24T02:00,25.1,94,3,5.0,210
2024-06-24T03:00,24.9,93,51,7.1,221
2024-06-24T04:00,24.8,94,53,8.9,212
2024-06-24T05:00,24.6,95,3,8.9,201
2024-06-24T06:00,25.4,92,2,7.7,217
2024-06-24T07:00,26.1,89,51,8.2,203
2024-06-24T08:00,27.6,81,51,10.4,224
2024-06-24T09:00,28.4,76,51,10.0,221
2024-06-24T10:00,29.6,71,51,9.2,222
2024-06-24T11:00,30.5,70,51,10.3,209
2024-06-24T12:00,31.6,66,51,8.7,225
2024-06-24T13:00,32.5,64,51,7.9,210
2024-06-24T14:00,32.6,61,51,9.9,190
2024-06-24T15:00,30.8,69,61,7.2,207
2024-06-24T16:00,29.1,76,63,5.1,262
2024-06-24T17:00,29.4,74,3,2.9,180
2024-06-24T18:00,29.3,75,2,5.1,231
2024-06-24T19:00,27.9,87,53,3.6,217
2024-06-24T20:00,27.7,87,51,4.7,184
2024-06-24T21:00,27.4,87,3,8.3,198
2024-06-24T22:00,27.2,87,3,7.6,245
2024-06-24T23:00,26.2,93,3,4.1,322
2024-06-25T00:00,25.9,94,3,2.9,353
2024-06-25T01:00,25.7,96,51,3.2,360
2024-06-25T02:00,25.5,98,3,2.4,27
2024-06-25T03:00,25.0,99,3,3.4,18
2024-06-25T04:00,25.1,99,2,2.5,45
2024-06-25T05:00,25.1,100,3,0.8,297
2024-06-25T06:00,27.4,91,0,1.0,315
2024-06-25T07:00,28.6,83,3,0.8,207
2024-06-25T08:00,29.9,75,2,2.3,231
2024-06-25T09:00,31.0,69,1,2.6,196
2024-06-25T10:00,31.9,66,51,4.3,204
2024-06-25T11:00,32.8,62,3,5.8,180
2024-06-25T12:00,33.3,60,3,7.6,172
2024-06-25T13:00,33.8,59,3,7.2,177
2024-06-25T14:00,34.3,57,3,7.4,194
2024-06-25T15:00,34.1,56,51,6.5,177
2024-06-25T16:00,31.0,69,51,10.2,188
2024-06-25T17:00,31.7,66,2,9.5,189
2024-06-25T18:00,31.8,61,2,7.9,180
2024-06-25T19:00,30.7,63,3,8.8,168
2024-06-25T20:00,30.2,64,3,8.0,162
2024-06-25T21:00,29.8,66,3,8.2,165
2024-06-25T22:00,28.9,72,3,6.2,173
2024-06-25T23:00,28.5,76,3,8.3,180
2024-06-26T00:00,28.3,76,3,8.0,172
2024-06-26T01:00,27.9,78,3,8.3,180
2024-06-26T02:00,27.6,80,3,9.1,189
2024-06-26T03:00,27.5,80,3,8.6,202
2024-06-26T04:00,27.0,83,3,4.0,207
2024-06-26T05:00,26.8,85,1,4.6,162
2024-06-26T06:00,28.6,78,3,5.9,218
2024-06-26T07:00,29.8,71,1,7.7,229
2024-06-26T08:00,31.0,66,2,7.2,233
2024-06-26T09:00,32.1,63,2,5.0,249
2024-06-26T10:00,33.2,57,3,4.3,175
2024-06-26T11:00,33.9,55,3,8.6,158
2024-06-26T12:00,34.3,54,3,10.0,165
2024-06-26T13:00,34.8,52,3,10.1,178
2024-06-26T14:00,35.3,51,3,10.1,178
2024-06-26T15:00,34.8,52,3,11.2,176
2024-06-26T16:00,34.2,52,3,13.0,166
2024-06-26T17:00,32.9,59,51,11.9,177
2024-06-26T18:00,32.7,60,3,6.1,180
2024-06-26T19:00,31.6,63,3,5.8,180
2024-06-26T20:00,30.0,72,53,7.9,120
2024-06-26T21:00,29.7,74,3,10.2,132
2024-06-26T22:00,27.8,82,61,7.3,169
2024-06-26T23:00,26.0,89,61,12.3,183
2024-06-27T00:00,25.3,90,63,16.5,196
2024-06-27T01:00,25.4,94,61,7.1,221
2024-06-27T02:00,25.5,94,51,4.5,209
2024-06-27T03:00,25.5,94,51,1.9,292
2024-06-27T04:00,25.5,94,51,5.1,176
2024-06-27T05:00,25.3,94,51,3.9,146
2024-06-27T06:00,26.6,85,3,5.4,228
2024-06-27T07:00,27.5,82,3,2.5,188
2024-06-27T08:00,28.8,75,3,5.1,219
2024-06-27T09:00,29.8,72,51,7.6,199
2024-06-27T10:00,30.6,68,3,7.0,192
2024-06-27T11:00,31.6,64,51,4.8,167
2024-06-27T12:00,32.5,61,51,5.4,188
2024-06-27T13:00,33.1,60,51,6.3,211
2024-06-27T14:00,33.5,56,3,7.6,211
2024-06-27T15:00,31.0,72,55,12.1,190
2024-06-27T16:00,27.8,84,61,11.5,212
2024-06-27T17:00,28.3,83,51,7.4,203
2024-06-27T18:00,29.8,72,51,2.3,72
2024-06-27T19:00,27.6,90,63,6.5,124
2024-06-27T20:00,26.8,90,63,6.4,142
2024-06-27T21:00,26.4,93,63,9.4,148
2024-06-27T22:00,26.0,95,51,8.4,173
2024-06-27T23:00,25.2,97,63,11.2,186
2024-06-28T00:00,25.2,99,65,5.9,191
2024-06-28T01:00,25.2,99,63,4.9,216
2024-06-28T02:00,25.3,98,53,3.1,216
2024-06-28T03:00,25.0,96,53,4.1,232
2024-06-28T04:00,25.1,97,53,3.2,207
2024-06-28T05:00,25.1,96,61,3.7,241
2024-06-28T06:00,26.1,89,51,9.0,272
2024-06-28T07:00,26.6,88,51,9.4,288
2024-06-28T08:00,27.2,84,53,11.5,266
2024-06-28T09:00,28.3,81,51,10.5,262
2024-06-28T10:00,28.7,79,51,11.9,268
2024-06-28T11:00,30.2,72,51,12.6,268
2024-06-28T12:00,31.0,67,3,11.2,268
2024-06-28T13:00,31.7,64,51,14.3,260
2024-06-28T14:00,30.4,68,51,11.6,254
2024-06-28T15:00,30.5,69,53,13.5,241
2024-06-28T16:00,30.3,68,3,10.6,260
2024-06-28T17:00,30.6,67,3,9.0,268
2024-06-28T18:00,29.1,71,3,10.2,212
2024-06-28T19:00,28.7,71,3,11.6,234
2024-06-28T20:00,28.2,73,3,10.6,246
2024-06-28T21:00,27.9,76,3,9.0,241
2024-06-28T22:00,27.7,78,3,12.3,249
2024-06-28T23:00,26.4,84,51,18.2,262
2024-06-29T00:00,25.8,87,3,11.3,253
2024-06-29T01:00,25.6,89,51,11.0,238
2024-06-29T02:00,25.3,92,51,11.5,229
2024-06-29T03:00,25.3,92,3,10.9,243
2024-06-29T04:00,25.6,91,3,10.1,253
2024-06-29T05:00,25.6,90,51,10.0,244
2024-06-29T06:00,26.1,87,3,11.2,264
2024-06-29T07:00,27.2,81,3,10.1,268
2024-06-29T08:00,28.5,75,3,12.2,268
2024-06-29T09:00,29.3,71,3,14.4,271
2024-06-29T10:00,30.3,67,51,14.8,271
2024-06-29T11:00,31.2,64,51,11.9,272
2024-06-29T12:00,30.2,66,3,12.2,251
2024-06-29T13:00,30.3,71,55,15.5,226
2024-06-29T14:00,30.0,69,51,12.4,253
2024-06-29T15:00,29.3,73,3,13.1,254
2024-06-29T16:00,29.3,75,3,12.4,253
2024-06-29T17:00,29.3,75,3,11.4,235
2024-06-29T18:00,28.0,84,3,5.0,201
2024-06-29T19:00,27.4,88,3,9.5,205
2024-06-29T20:00,27.2,88,3,9.2,206
2024-06-29T21:00,27.2,87,3,10.0,206
2024-06-29T22:00,27.0,85,3,9.4,198
2024-06-29T23:00,26.7,86,3,10.1,207
2024-06-30T00:00,26.5,87,3,11.5,231
2024-06-30T01:00,26.1,87,51,11.5,229
2024-06-30T02:00,25.8,87,3,9.5,245
2024-06-30T03:00,25.8,87,3,8.4,250
2024-06-30T04:00,25.8,88,3,9.4,247
2024-06-30T05:00,26.0,87,3,9.4,252
2024-06-30T06:00,25.8,94,63,5.5,212
2024-06-30T07:00,26.0,94,61,6.4,196
2024-06-30T08:00,26.8,89,53,8.7,210
2024-06-30T09:00,28.8,78,51,11.5,231
2024-06-30T10:00,30.2,71,51,12.6,243
2024-06-30T11:00,30.1,70,51,13.8,242
2024-06-30T12:00,30.0,70,3,11.8,239
2024-06-30T13:00,30.6,68,3,12.2,223
2024-06-30T14:00,31.0,66,3,13.6,217
2024-06-30T15:00,31.6,62,3,15.0,215
2024-06-30T16:00,28.7,73,51,25.2,223
2024-06-30T17:00,28.0,79,51,13.6,230
2024-06-30T18:00,29.5,70,3,11.3,211
2024-06-30T19:00,28.6,73,3,12.2,225
2024-06-30T20:00,27.9,76,3,12.1,233
2024-06-30T21:00,27.2,80,3,13.8,213
2024-06-30T22:00,26.6,84,3,14.3,221
2024-06-30T23:00,26.1,87,3,15.6,220
2024-07-01T00:00,25.7,88,3,14.8,225
2024-07-01T01:00,25.3,90,51,16.1,231
2024-07-01T02:00,24.7,95,63,12.7,223
2024-07-01T03:00,24.8,96,53,12.7,223
2024-07-01T04:00,24.7,96,51,11.7,225
2024-07-01T05:00,24.8,94,51,11.5,231
2024-07-01T06:00,25.4,92,3,13.0,231
2024-07-01T07:00,26.5,85,3,15.5,234
2024-07-01T08:00,27.1,82,51,17.9,236
2024-07-01T09:00,28.0,77,51,18.8,238
2024-07-01T10:00,29.8,70,51,17.6,239
2024-07-01T11:00,29.0,72,53,21.4,243
2024-07-01T12:00,29.6,69,53,20.2,239
2024-07-01T13:00,28.9,71,3,17.4,243
2024-07-01T14:00,29.3,69,3,19.4,239
2024-07-01T15:00,29.8,66,51,18.3,234
2024-07-01T16:00,29.9,66,3,18.8,223
2024-07-01T17:00,29.3,67,3,18.3,227
2024-07-01T18:00,28.5,72,3,14.9,217
2024-07-01T19:00,28.4,71,3,14.7,216
2024-07-01T20:00,27.7,75,51,10.2,231
2024-07-01T21:00,27.0,79,51,15.1,220
2024-07-01T22:00,26.2,86,51,14.0,224
2024-07-01T23:00,25.6,91,51,12.7,227
2024-07-02T00:00,25.4,92,53,14.3,225
2024-07-02T01:00,25.2,93,53,14.6,220
2024-07-02T02:00,25.3,91,51,12.3,220
2024-07-02T03:00,25.2,91,3,11.2,220
2024-07-02T04:00,25.1,90,3,12.0,224
2024-07-02T05:00,25.2,87,3,13.8,227
2024-07-02T06:00,25.0,90,53,11.8,220
2024-07-02T07:00,25.5,88,3,13.4,216
2024-07-02T08:00,25.9,85,53,16.4,220
2024-07-02T09:00,26.2,86,63,16.1,219
2024-07-02T10:00,26.3,86,51,15.5,228
2024-07-02T11:00,26.4,88,53,17.6,229
2024-07-02T12:00,28.9,72,53,22.8,239
2024-07-02T13:00,30.0,65,51,22.4,244
2024-07-02T14:00,30.3,64,3,18.4,239
2024-07-02T15:00,30.8,62,3,17.7,253
2024-07-02T16:00,31.2,60,2,16.9,254
2024-07-02T17:00,30.3,65,3,13.4,246
2024-07-02T18:00,27.0,86,63,8.9,243
2024-07-02T19:00,26.5,89,61,9.9,237
2024-07-02T20:00,25.7,92,63,14.4,233
2024-07-02T21:00,25.7,92,63,13.5,226
2024-07-02T22:00,25.3,94,51,13.8,219
2024-07-02T23:00,25.1,94,53,14.1,220
2024-07-03T00:00,25.0,94,51,13.0,222
2024-07-03T01:00,25.0,94,3,13.0,228
2024-07-03T02:00,25.0,94,3,13.0,228
2024-07-03T03:00,25.0,94,3,12.7,225
2024-07-03T04:00,25.0,93,3,14.5,226
2024-07-03T05:00,25.0,92,3,13.5,228
2024-07-03T06:00,25.5,87,3,13.0,226
2024-07-03T07:00,26.1,84,3,13.0,231
2024-07-03T08:00,26.9,78,3,15.0,228
2024-07-03T09:00,27.8,73,3,17.6,247
2024-07-03T10:00,28.7,69,3,18.9,252
2024-07-03T11:00,29.3,68,3,18.2,256
2024-07-03T12:00,29.6,68,3,14.5,240
2024-07-03T13:00,29.9,67,3,15.1,245
2024-07-03T14:00,30.4,65,2,17.2,241
2024-07-03T15:00,31.1,62,3,16.5,238
2024-07-03T16:00,31.0,62,3,16.1,241
2024-07-03T17:00,30.6,63,3,14.9,233
2024-07-03T18:00,30.0,69,3,4.7,247
2024-07-03T19:00,28.8,71,3,6.6,202
2024-07-03T20:00,28.7,69,3,7.4,209
2024-07-03T21:00,28.7,70,3,8.7,218
2024-07-03T22:00,28.7,70,3,11.5,238
2024-07-03T23:00,28.5,69,3,14.2,240
2024-07-04T00:00,27.8,72,3,12.9,247
2024-07-04T01:00,26.9,79,61,11.8,258
2024-07-04T02:00,26.4,81,53,8.4,263
2024-07-04T03:00,25.6,88,53,7.2,252
2024-07-04T04:00,25.5,90,51,7.3,237
2024-07-04T05:00,25.7,88,51,10.1,243
2024-07-04T06:00,24.9,92,61,13.4,264
2024-07-04T07:00,25.3,92,61,11.8,247
2024-07-04T08:00,27.9,79,51,16.2,258
2024-07-04T09:00,29.1,73,3,16.6,265
2024-07-04T10:00,30.3,67,3,15.2,265
2024-07-04T11:00,30.9,64,3,15.8,258
2024-07-04T12:00,30.1,68,3,14.5,247
2024-07-04T13:00,31.9,62,3,16.5,238
2024-07-04T14:00,29.7,68,3,19.8,245
2024-07-04T15:00,29.0,75,61,10.9,279
2024-07-04T16:00,29.6,71,51,9.2,249
2024-07-04T17:00,29.6,70,3,9.5,245
2024-07-04T18:00,29.4,69,3,8.2,229
2024-07-04T19:00,28.5,70,51,9.2,239
2024-07-04T20:00,26.9,89,61,2.5,82
2024-07-04T21:00,27.2,81,3,8.6,202
2024-07-04T22:00,27.2,79,3,12.8,218
2024-07-04T23:00,26.7,81,3,15.0,222
2024-07-05T00:00,25.4,91,53,12.5,213
2024-07-05T01:00,25.2,92,53,12.5,229
2024-07-05T02:00,24.9,94,53,13.5,222
2024-07-05T03:00,24.7,93,51,13.0,222
2024-07-05T04:00,24.7,93,3,14.1,218
2024-07-05T05:00,24.7,92,3,14.3,227
2024-07-05T06:00,25.0,96,51,9.7,222
2024-07-05T07:00,25.3,94,51,10.4,226
2024-07-05T08:00,26.7,86,51,15.6,232
2024-07-05T09:00,28.3,81,51,13.5,228
2024-07-05T10:00,29.9,70,51,16.9,241
2024-07-05T11:00,30.2,67,3,15.5,234
2024-07-05T12:00,31.1,63,3,17.6,235
2024-07-05T13:00,31.2,65,51,17.2,233
2024-07-05T14:00,31.3,62,51,21.3,231
2024-07-05T15:00,31.1,64,51,18.4,239
2024-07-05T16:00,31.4,63,3,15.8,235
2024-07-05T17:00,30.5,68,51,12.8,232
2024-07-05T18:00,27.9,80,51,4.0,153
2024-07-05T19:00,27.7,82,3,11.2,213
2024-07-05T20:00,26.9,82,3,12.3,232
2024-07-05T21:00,26.4,84,3,14.0,222
2024-07-05T22:00,25.4,89,53,12.0,229
2024-07-05T23:00,25.1,93,63,8.4,190
2024-07-06T00:00,25.0,94,3,10.9,214
2024-07-06T01:00,24.9,94,3,10.5,211
2024-07-06T02:00,24.8,95,3,11.5,212
2024-07-06T03:00,24.9,94,3,10.0,221
2024-07-06T04:00,24.9,93,3,10.9,224
2024-07-06T05:00,24.8,93,3,12.2,214
2024-07-06T06:00,25.7,88,3,12.2,223
2024-07-06T07:00,26.9,81,3,14.8,225
2024-07-06T08:00,28.1,75,51,19.9,235
2024-07-06T09:00,28.9,71,3,19.7,239
2024-07-06T10:00,30.1,65,3,19.2,242
2024-07-06T11:00,31.2,60,3,19.1,248
2024-07-06T12:00,32.2,56,51,18.2,245
2024-07-06T13:00,32.8,54,51,17.2,241
2024-07-06T14:00,32.9,56,3,18.6,234
2024-07-06T15:00,32.0,57,51,19.7,232
2024-07-06T16:00,31.1,64,51,17.8,238
2024-07-06T17:00,29.1,73,51,15.8,229
2024-07-06T18:00,26.8,90,55,6.2,190
2024-07-06T19:00,26.1,94,61,9.0,209
2024-07-06T20:00,25.7,94,61,8.7,197
2024-07-06T21:00,25.4,94,55,10.0,218
2024-07-06T22:00,25.2,95,53,12.3,212
2024-07-06T23:00,24.9,95,51,12.0,229
2024-07-07T00:00,24.9,94,51,12.0,221
2024-07-07T01:00,25.0,94,51,13.0,224
2024-07-07T02:00,25.0,94,3,11.9,235
2024-07-07T03:00,24.8,94,51,9.8,242
2024-07-07T04:00,24.9,94,51,9.5,245
2024-07-07T05:00,24.7,96,51,8.1,249
2024-07-07T06:00,25.0,94,61,11.5,221
2024-07-07T07:00,25.3,93,61,10.6,235
2024-07-07T08:00,25.4,94,63,10.0,229
2024-07-07T09:00,25.7,93,63,10.0,232
2024-07-07T10:00,27.1,82,53,12.7,235
2024-07-07T11:00,27.1,84,51,13.4,243
2024-07-07T12:00,27.9,81,53,12.6,250
2024-07-07T13:00,28.8,75,51,13.4,256
2024-07-07T14:00,29.3,74,51,13.2,259
2024-07-07T15:00,30.0,71,51,10.9,261
2024-07-07T16:00,30.1,71,51,8.8,251
2024-07-07T17:00,29.6,72,51,7.1,240
2024-07-07T18:00,28.6,80,3,0.8,27
2024-07-07T19:00,27.8,78,3,3.2,180
2024-07-07T20:00,26.7,84,3,10.8,201
2024-07-07T21:00,26.1,88,3,10.7,213
2024-07-07T22:00,25.9,90,3,8.8,215
2024-07-07T23:00,25.7,90,3,8.8,215
2024-07-08T00:00,25.6,91,3,7.6,245
2024-07-08T01:00,25.4,91,51,5.1,266
2024-07-08T02:00,25.1,96,3,2.9,300
2024-07-08T03:00,25.0,95,3,1.0,135
2024-07-08T04:00,24.8,94,3,2.4,207
2024-07-08T05:00,24.9,94,51,3.9,248
2024-07-08T06:00,25.5,91,55,2.9,240
2024-07-08T07:00,26.0,89,51,1.8,307
2024-07-08T08:00,27.4,81,51,3.3,276
2024-07-08T09:00,28.7,76,51,4.0,280
2024-07-08T10:00,28.2,78,53,1.0,225
2024-07-08T11:00,28.9,76,53,6.8,198
2024-07-08T12:00,29.7,73,51,6.8,205
2024-07-08T13:00,30.9,69,51,4.1,232
2024-07-08T14:00,31.2,67,51,6.5,199
2024-07-08T15:00,31.7,64,2,4.4,171
2024-07-08T16:00,30.6,67,51,6.6,193
2024-07-08T17:00,29.9,72,51,7.2,162
2024-07-08T18:00,29.8,74,3,3.5,156
2024-07-08T19:00,26.0,93,63,7.8,167
2024-07-08T20:00,26.1,93,51,5.8,83
2024-07-08T21:00,25.6,95,51,6.5,146
2024-07-08T22:00,25.4,92,63,4.7,122
2024-07-08T23:00,25.3,93,53,9.9,136
2024-07-09T00:00,25.0,96,51,8.5,144
2024-07-09T01:00,24.9,96,51,4.2,149
2024-07-09T02:00,24.7,97,51,8.6,158
2024-07-09T03:00,24.5,99,51,4.1,142
2024-07-09T04:00,24.4,99,3,5.2,168
2024-07-09T05:00,24.5,97,51,6.2,190
2024-07-09T06:00,25.4,92,51,4.7,180
2024-07-09T07:00,26.2,87,3,5.4,200
2024-07-09T08:00,27.4,83,3,4.0,180
2024-07-09T09:00,28.5,79,51,5.8,150
2024-07-09T10:00,29.7,75,51,7.0,159
2024-07-09T11:00,30.8,72,3,5.6,140
2024-07-09T12:00,31.4,69,51,6.4,128
2024-07-09T13:00,32.0,67,51,6.4,133
2024-07-09T14:00,31.7,64,51,6.2,159
2024-07-09T15:00,27.7,85,65,9.6,167
2024-07-09T16:00,28.6,81,51,4.3,185
2024-07-09T17:00,28.9,78,3,6.5,180
2024-07-09T18:00,28.8,79,3,7.6,161
2024-07-09T19:00,27.8,83,3,9.8,156
2024-07-09T20:00,26.6,87,55,2.8,140
2024-07-09T21:00,25.7,93,55,11.1,151
2024-07-09T22:00,25.4,95,51,8.7,185
2024-07-09T23:00,25.3,94,3,12.7,187
2024-07-10T00:00,24.9,95,3,10.6,204
2024-07-10T01:00,24.5,96,2,10.0,210
2024-07-10T02:00,24.3,96,51,5.2,214
2024-07-10T03:00,24.2,96,1,5.2,196
2024-07-10T04:00,23.9,97,3,3.3,193
2024-07-10T05:00,24.3,96,3,4.6,198
2024-07-10T06:00,25.4,92,51,10.5,196
2024-07-10T07:00,26.3,88,51,10.8,201
2024-07-10T08:00,27.2,85,51,9.4,203
2024-07-10T09:00,26.7,85,63,9.7,184
2024-07-10T10:00,27.9,85,51,7.7,191
2024-07-10T11:00,30.0,73,51,6.8,238
2024-07-10T12:00,30.4,71,51,7.2,270
2024-07-10T13:00,30.8,69,51,6.7,254
2024-07-10T14:00,27.3,84,63,15.2,211
2024-07-10T15:00,28.8,79,51,7.1,229
2024-07-10T16:00,28.3,78,53,13.0,228
2024-07-10T17:00,27.5,84,53,9.8,242
2024-07-10T18:00,26.8,87,51,9.0,217
2024-07-10T19:00,26.0,92,3,8.2,229
2024-07-10T20:00,25.7,94,3,8.2,221
2024-07-10T21:00,25.5,95,3,8.9,223
2024-07-10T22:00,25.5,96,3,7.9,231
2024-07-10T23:00,25.4,96,3,8.3,236
2024-07-11T00:00,25.3,96,3,7.0,235
2024-07-11T01:00,25.2,96,51,9.2,222
2024-07-11T02:00,25.3,96,51,8.2,218
2024-07-11T03:00,25.0,95,51,9.2,219
2024-07-11T04:00,25.0,96,51,7.9,227
2024-07-11T05:00,24.9,96,3,6.9,231
2024-07-11T06:00,25.8,90,3,10.3,241
2024-07-11T07:00,26.6,86,3,11.7,252
2024-07-11T08:00,27.7,82,51,10.5,266
2024-07-11T09:00,28.5,78,51,10.1,268
2024-07-11T10:00,30.0,69,51,12.0,263
2024-07-11T11:00,31.2,63,3,10.9,264
2024-07-11T12:00,29.9,70,53,10.9,253
2024-07-11T13:00,30.2,70,53,16.4,244
2024-07-11T14:00,31.3,67,51,11.6,263
2024-07-11T15:00,30.7,68,51,9.7,270
2024-07-11T16:00,30.1,69,51,12.1,240
2024-07-11T17:00,30.1,70,3,8.7,253
2024-07-11T18:00,29.0,87,51,2.2,279
2024-07-11T19:00,28.7,80,3,0.8,243
2024-07-11T20:00,27.3,89,3,3.7,169
2024-07-11T21:00,26.9,89,3,5.8,184
2024-07-11T22:00,26.6,87,3,8.0,216
2024-07-11T23:00,26.6,86,3,11.0,221
2024-07-12T00:00,26.2,87,3,10.6,235
2024-07-12T01:00,25.8,87,51,13.2,248
2024-07-12T02:00,24.8,94,63,8.8,235
2024-07-12T03:00,25.1,93,51,11.2,225
2024-07-12T04:00,25.0,93,3,10.4,236
2024-07-12T05:00,25.0,93,3,11.4,235
2024-07-12T06:00,26.6,83,3,13.3,267
2024-07-12T07:00,27.3,79,3,13.7,273
2024-07-12T08:00,28.4,74,3,16.0,278
2024-07-12T09:00,29.6,68,3,14.0,270
2024-07-12T10:00,30.5,65,51,11.5,270
2024-07-12T11:00,31.2,65,3,10.8,272
2024-07-12T12:00,31.7,62,3,10.1,268
2024-07-12T13:00,31.5,63,3,9.8,253
2024-07-12T14:00,28.9,74,51,15.6,236
2024-07-12T15:00,30.0,70,51,12.0,263
2024-07-12T16:00,29.9,70,51,13.8,250
2024-07-12T17:00,29.1,76,3,10.7,237
2024-07-12T18:00,27.9,83,3,3.4,198
2024-07-12T19:00,27.4,87,3,5.9,191
2024-07-12T20:00,27.3,86,3,9.4,220
2024-07-12T21:00,26.9,85,3,12.8,230
2024-07-12T22:00,25.9,91,63,11.0,238
2024-07-12T23:00,25.5,94,61,8.4,223
2024-07-13T00:00,25.4,94,63,9.4,238
2024-07-13T01:00,25.3,94,55,10.8,244
2024-07-13T02:00,25.1,95,55,12.0,229
2024-07-13T03:00,25.1,95,61,9.5,241
2024-07-13T04:00,25.2,94,53,10.7,250
2024-07-13T05:00,25.1,93,53,11.9,256
2024-07-13T06:00,26.1,86,3,10.7,258
2024-07-13T07:00,27.0,81,3,13.0,275
2024-07-13T08:00,28.1,77,3,14.1,283
2024-07-13T09:00,29.2,72,51,15.6,296
2024-07-13T10:00,29.7,71,3,14.5,293
2024-07-13T11:00,30.3,69,3,14.1,285
2024-07-13T12:00,32.1,60,3,13.1,279
2024-07-13T13:00,27.9,82,61,11.8,243
2024-07-13T14:00,29.8,74,51,10.9,287
2024-07-13T15:00,30.1,72,51,13.3,303
2024-07-13T16:00,30.1,71,51,12.1,297
2024-07-13T17:00,28.7,76,61,10.0,285
2024-07-13T18:00,27.7,82,3,9.5,241
2024-07-13T19:00,26.8,84,3,7.7,242
2024-07-13T20:00,26.2,87,63,6.9,261
2024-07-13T21:00,25.9,92,53,5.2,245
2024-07-13T22:00,26.0,93,51,7.6,245
2024-07-13T23:00,25.8,94,51,8.6,248
2024-07-14T00:00,25.6,94,51,9.2,259
2024-07-14T01:00,25.4,94,51,9.4,263
2024-07-14T02:00,25.2,94,51,9.7,266
2024-07-14T03:00,25.1,95,53,3.3,311
2024-07-14T04:00,24.8,95,61,5.6,297
2024-07-14T05:00,24.8,96,53,5.5,293
2024-07-14T06:00,25.3,94,53,8.8,282
2024-07-14T07:00,26.1,88,51,9.3,286
2024-07-14T08:00,27.5,83,51,13.9,301
2024-07-14T09:00,28.9,76,3,11.5,311
2024-07-14T10:00,30.3,72,51,8.4,317
2024-07-14T11:00,31.3,66,51,6.8,328
2024-07-14T12:00,31.6,64,3,4.3,355
2024-07-14T13:00,28.4,82,63,13.4,284
2024-07-14T14:00,29.0,79,61,5.1,225
2024-07-14T15:00,28.3,82,61,6.0,197
2024-07-14T16:00,27.6,84,61,4.2,329
2024-07-14T17:00,27.7,84,51,5.0,249
2024-07-14T18:00,27.1,92,51,5.9,322
2024-07-14T19:00,26.5,94,51,4.0,270
2024-07-14T20:00,26.1,95,51,5.6,285
2024-07-14T21:00,25.8,94,51,7.9,321
2024-07-14T22:00,25.3,96,3,2.0,225
2024-07-14T23:00,25.2,96,3,2.9,263
2024-07-15T00:00,25.3,96,51,3.4,302
2024-07-15T01:00,25.1,97,51,1.8,270
2024-07-15T02:00,24.9,98,3,2.7,293
2024-07-15T03:00,24.7,99,3,3.3,311
2024-07-15T04:00,24.9,98,3,2.9,300
2024-07-15T05:00,24.6,99,3,3.3,311
2024-07-15T06:00,25.5,95,3,5.9,346
2024-07-15T07:00,26.6,89,3,8.3,358
2024-07-15T08:00,27.7,82,3,11.9,35
2024-07-15T09:00,29.0,78,51,11.0,41
2024-07-15T10:00,29.9,74,51,11.5,58
2024-07-15T11:00,29.0,80,63,9.5,53
2024-07-15T12:00,31.0,72,51,7.0,69
2024-07-15T13:00,31.0,72,51,4.7,58
2024-07-15T14:00,29.1,81,61,10.9,34
2024-07-15T15:00,30.1,77,51,4.7,293
2024-07-15T16:00,28.1,83,63,8.2,49
2024-07-15T17:00,27.5,87,51,6.5,93
2024-07-15T18:00,26.3,93,53,2.1,149
2024-07-15T19:00,26.1,95,51,1.8,90
2024-07-15T20:00,26.1,95,3,2.3,198
2024-07-15T21:00,26.0,96,51,4.1,142
2024-07-15T22:00,25.9,96,3,1.5,256
2024-07-15T23:00,25.1,98,61,4.3,114
2024-07-16T00:00,25.1,96,51,2.2,171
2024-07-16T01:00,24.6,98,3,2.3,162
2024-07-16T02:00,24.7,99,3,1.8,307
2024-07-16T03:00,24.7,99,3,1.8,233
2024-07-16T04:00,24.8,98,55,1.9,338
2024-07-16T05:00,24.9,97,51,1.9,292
2024-07-16T06:00,25.5,94,51,3.6,90
2024-07-16T07:00,26.1,91,51,4.6,45
2024-07-16T08:00,26.9,89,51,5.1,45
2024-07-16T09:00,27.3,88,53,7.5,55
2024-07-16T10:00,28.8,82,51,10.1,86
2024-07-16T11:00,30.1,78,51,6.9,96
2024-07-16T12:00,30.8,73,51,8.6,90
2024-07-16T13:00,30.0,78,63,10.5,106
2024-07-16T14:00,29.4,79,65,9.0,180
2024-07-16T15:00,29.1,80,63,11.4,204
2024-07-16T16:00,28.6,83,55,7.6,135
2024-07-16T17:00,27.9,85,55,6.0,123
2024-07-16T18:00,27.1,90,3,4.1,75
2024-07-16T19:00,26.5,95,51,3.7,61
2024-07-16T20:00,26.1,98,3,3.2,63
2024-07-16T21:00,25.8,99,3,3.4,72
2024-07-16T22:00,25.5,99,3,4.6,108
2024-07-16T23:00,25.4,92,61,3.8,139
2024-07-17T00:00,25.6,94,51,6.0,155
2024-07-17T01:00,25.4,97,3,2.3,141
2024-07-17T02:00,25.3,97,51,3.7,151
2024-07-17T03:00,25.1,96,61,4.1,195
2024-07-17T04:00,25.0,95,55,4.0,175
2024-07-17T05:00,24.9,96,3,2.4,207
2024-07-17T06:00,25.7,94,3,6.4,38
2024-07-17T07:00,26.3,91,51,4.9,54
2024-07-17T08:00,26.8,91,51,2.7,67
2024-07-17T09:00,28.5,84,51,2.1,59
2024-07-17T10:00,28.4,83,51,2.9,30
2024-07-17T11:00,28.9,83,53,1.9,68
2024-07-17T12:00,29.7,80,51,0.4,180
2024-07-17T13:00,30.5,76,51,1.1,18
2024-07-17T14:00,30.6,76,51,5.1,278
2024-07-17T15:00,27.0,89,65,15.1,303
2024-07-17T16:00,27.6,87,63,2.3,309
2024-07-17T17:00,27.0,93,53,4.3,185
2024-07-17T18:00,26.5,92,51,5.6,285
2024-07-17T19:00,26.2,94,51,2.3,231
2024-07-17T20:00,26.0,94,51,7.6,315
2024-07-17T21:00,25.7,93,51,6.0,303
2024-07-17T22:00,25.2,95,3,4.3,270
2024-07-17T23:00,25.1,96,51,4.4,261
2024-07-18T00:00,25.4,95,51,9.0,272
2024-07-18T01:00,25.2,95,3,10.6,280
2024-07-18T02:00,25.0,95,3,11.5,290
2024-07-18T03:00,25.0,94,3,13.2,299
2024-07-18T04:00,24.8,93,3,11.5,319
2024-07-18T05:00,24.6,94,3,10.3,295
2024-07-18T06:00,25.5,92,3,14.7,287
2024-07-18T07:00,26.6,87,3,13.1,302
2024-07-18T08:00,27.9,80,3,16.1,320
2024-07-18T09:00,29.1,75,51,14.1,328
2024-07-18T10:00,30.1,71,51,12.6,329
2024-07-18T11:00,30.7,71,51,11.2,320
2024-07-18T12:00,31.2,70,51,2.0,45
2024-07-18T13:00,30.4,75,51,2.7,293
2024-07-18T14:00,29.0,79,53,6.2,263
2024-07-18T15:00,29.6,76,51,5.3,332
2024-07-18T16:00,29.1,79,51,8.7,315
2024-07-18T17:00,29.3,78,51,7.3,290
2024-07-18T18:00,28.4,82,3,4.5,284
2024-07-18T19:00,27.3,87,3,4.3,265
2024-07-18T20:00,27.0,89,3,5.0,291
2024-07-18T21:00,26.7,89,3,8.4,280
2024-07-18T22:00,26.5,88,3,8.4,280
2024-07-18T23:00,26.1,88,2,11.8,293
2024-07-19T00:00,25.7,90,3,7.8,292
2024-07-19T01:00,25.4,91,3,8.9,284
2024-07-19T02:00,25.0,93,63,10.3,258
2024-07-19T03:00,24.9,94,63,6.9,317
2024-07-19T04:00,24.7,95,51,7.0,291
2024-07-19T05:00,25.2,94,51,8.4,310
2024-07-19T06:00,25.9,93,2,10.6,280
2024-07-19T07:00,27.0,85,3,13.9,301
2024-07-19T08:00,28.3,79,3,17.6,319
2024-07-19T09:00,29.6,74,51,13.8,327
2024-07-19T10:00,30.4,71,51,11.1,331
2024-07-19T11:00,31.6,68,51,9.8,324
2024-07-19T12:00,32.2,65,51,8.3,326
2024-07-19T13:00,30.5,71,61,8.3,358
2024-07-19T14:00,27.7,85,61,9.7,31
2024-07-19T15:00,29.0,80,51,7.4,247
2024-07-19T16:00,29.1,78,3,10.5,264
2024-07-19T17:00,29.5,75,3,9.4,272
2024-07-19T18:00,29.0,79,3,6.8,288
2024-07-19T19:00,28.2,81,3,9.8,276
2024-07-19T20:00,27.9,80,3,10.5,278
2024-07-19T21:00,27.8,79,3,14.8,284
2024-07-19T22:00,26.5,88,63,10.6,280
2024-07-19T23:00,26.1,92,63,8.0,288
2024-07-20T00:00,26.0,93,51,6.2,324
2024-07-20T01:00,25.7,95,61,6.5,304
2024-07-20T02:00,25.7,95,53,9.2,318
2024-07-20T03:00,25.6,95,53,8.9,297
2024-07-20T04:00,25.3,96,61,10.9,304
2024-07-20T05:00,25.4,94,61,15.8,313
2024-07-20T06:00,25.2,94,61,13.1,323
2024-07-20T07:00,25.9,93,51,13.4,324
2024-07-20T08:00,26.7,90,53,15.2,324
2024-07-20T09:00,27.4,87,61,16.5,324
2024-07-20T10:00,29.2,80,51,16.0,316
2024-07-20T11:00,30.4,74,51,16.4,308
2024-07-20T12:00,29.7,82,61,14.2,306
2024-07-20T13:00,28.0,88,65,10.1,4
2024-07-20T14:00,27.6,88,63,3.5,24
2024-07-20T15:00,27.7,89,61,2.5,45
2024-07-20T16:00,27.6,87,61,7.4,346
2024-07-20T17:00,26.1,93,53,9.7,309
2024-07-20T18:00,26.2,93,63,8.1,291
2024-07-20T19:00,26.2,93,61,8.2,319
2024-07-20T20:00,25.7,95,63,7.8,326
2024-07-20T21:00,25.8,95,63,5.8,300
2024-07-20T22:00,25.7,94,61,10.6,325
2024-07-20T23:00,25.0,96,61,10.5,322
2024-07-21T00:00,25.0,95,63,11.1,283
2024-07-21T01:00,25.2,94,65,16.9,326
2024-07-21T02:00,25.2,93,65,20.2,325
2024-07-21T03:00,25.2,92,63,18.1,329
2024-07-21T04:00,25.2,92,65,15.7,323
2024-07-21T05:00,25.1,93,53,16.1,320
2024-07-21T06:00,25.1,93,63,13.7,297
2024-07-21T07:00,25.3,93,61,14.0,296
2024-07-21T08:00,26.5,87,55,14.4,302
2024-07-21T09:00,26.9,86,51,12.7,305
2024-07-21T10:00,28.0,82,3,12.6,294
2024-07-21T11:00,29.0,79,3,11.4,283
2024-07-21T12:00,30.9,73,3,11.4,281
2024-07-21T13:00,30.9,71,51,10.9,276
2024-07-21T14:00,29.7,75,63,12.7,285
2024-07-21T15:00,27.6,89,65,13.3,283
2024-07-21T16:00,27.8,87,53,14.2,277
2024-07-21T17:00,26.9,91,55,12.7,277
2024-07-21T18:00,26.7,88,51,16.5,286
2024-07-21T19:00,25.7,93,63,16.0,284
2024-07-21T20:00,25.8,92,63,13.9,280
2024-07-21T21:00,25.7,93,61,11.2,274
2024-07-21T22:00,25.7,93,51,11.5,274
2024-07-21T23:00,25.3,94,63,10.1,270
2024-07-22T00:00,25.1,94,63,12.4,280
2024-07-22T01:00,25.1,94,63,13.5,286
2024-07-22T02:00,25.1,94,63,12.8,286
2024-07-22T03:00,25.0,95,63,12.1,297
2024-07-22T04:00,25.2,94,51,10.8,291
2024-07-22T05:00,25.2,94,53,9.8,278
2024-07-22T06:00,25.0,94,51,13.7,267
2024-07-22T07:00,25.1,94,55,12.2,268
2024-07-22T08:00,25.9,90,51,13.7,270
2024-07-22T09:00,26.4,87,53,17.4,277
2024-07-22T10:00,26.7,86,51,18.8,274
2024-07-22T11:00,26.5,91,61,13.1,279
2024-07-22T12:00,27.0,91,55,10.3,258
2024-07-22T13:00,27.8,84,53,14.5,263
2024-07-22T14:00,27.0,89,63,19.9,265
2024-07-22T15:00,26.1,91,63,19.8,254
2024-07-22T16:00,25.5,92,63,19.5,236
2024-07-22T17:00,25.4,92,65,19.8,258
2024-07-22T18:00,25.8,89,51,16.5,254
2024-07-22T19:00,25.3,92,63,15.0,249
2024-07-22T20:00,25.3,92,53,16.8,261
2024-07-22T21:00,25.3,91,61,17.3,258
2024-07-22T22:00,25.2,92,61,17.7,257
2024-07-22T23:00,25.0,91,63,20.0,263
2024-07-23T00:00,24.8,91,63,22.0,267
2024-07-23T01:00,24.6,91,63,19.1,258
2024-07-23T02:00,24.4,92,63,21.7,263
2024-07-23T03:00,24.3,91,63,22.1,258
2024-07-23T04:00,24.2,92,63,19.3,246
2024-07-23T05:00,24.2,92,63,20.7,253
2024-07-23T06:00,24.8,89,3,17.1,255
2024-07-23T07:00,25.7,86,3,16.8,255
2024-07-23T08:00,26.8,82,3,20.2,265
2024-07-23T09:00,27.7,77,51,20.6,266
2024-07-23T10:00,28.5,73,3,19.8,267
2024-07-23T11:00,28.5,73,51,20.3,264
2024-07-23T12:00,28.0,80,61,16.9,258
2024-07-23T13:00,27.7,80,53,18.8,265
2024-07-23T14:00,27.9,79,51,17.2,260
2024-07-23T15:00,28.3,79,51,19.6,257
2024-07-23T16:00,28.4,76,51,19.6,256
2024-07-23T17:00,27.7,81,51,19.8,254
2024-07-23T18:00,26.6,85,51,15.0,253
2024-07-23T19:00,26.0,86,51,15.3,255
2024-07-23T20:00,25.6,87,3,15.5,248
2024-07-23T21:00,25.5,87,3,17.8,256
2024-07-23T22:00,25.5,85,3,17.5,261
2024-07-23T23:00,25.6,84,3,18.2,262
2024-07-24T00:00,25.5,85,3,18.1,264
2024-07-24T01:00,25.3,87,51,19.0,260
2024-07-24T02:00,25.0,87,53,20.0,256
2024-07-24T03:00,24.4,91,61,18.0,254
2024-07-24T04:00,24.3,92,61,17.0,253
2024-07-24T05:00,24.2,92,63,17.7,253
2024-07-24T06:00,24.6,94,53,12.1,247
2024-07-24T07:00,24.6,94,53,13.4,243
2024-07-24T08:00,25.6,89,51,17.0,249
2024-07-24T09:00,26.3,86,51,16.1,250
2024-07-24T10:00,26.5,88,51,16.4,241
2024-07-24T11:00,27.0,85,51,18.3,248
2024-07-24T12:00,28.4,79,51,18.3,255
2024-07-24T13:00,27.7,79,63,22.8,258
2024-07-24T14:00,27.0,84,53,19.1,250
2024-07-24T15:00,26.9,83,51,22.1,258
2024-07-24T16:00,26.1,87,53,22.3,256
2024-07-24T17:00,26.0,87,51,22.7,247
2024-07-24T18:00,24.9,91,53,17.5,251
2024-07-24T19:00,24.9,89,3,19.4,248
2024-07-24T20:00,24.9,89,3,18.7,251
2024-07-24T21:00,24.8,89,3,15.9,257
2024-07-24T22:00,24.7,89,3,16.9,250
2024-07-24T23:00,24.6,90,3,17.4,252
2024-07-25T00:00,24.5,90,3,17.3,253
2024-07-25T01:00,24.6,90,3,17.0,253
2024-07-25T02:00,24.7,89,3,15.5,257
2024-07-25T03:00,24.7,89,3,14.9,255
2024-07-25T04:00,24.5,89,3,15.4,254
2024-07-25T05:00,24.4,89,3,14.9,250
2024-07-25T06:00,25.0,89,3,12.9,252
2024-07-25T07:00,26.1,85,3,13.7,256
2024-07-25T08:00,26.9,81,51,16.9,270
2024-07-25T09:00,28.4,74,51,17.0,276
2024-07-25T10:00,29.7,70,51,15.0,280
2024-07-25T11:00,30.5,67,3,16.9,281
2024-07-25T12:00,31.3,64,3,15.9,275
2024-07-25T13:00,29.7,71,61,20.0,252
2024-07-25T14:00,28.8,79,55,13.2,235
2024-07-25T15:00,30.0,71,51,19.6,257
2024-07-25T16:00,29.9,73,51,16.9,254
2024-07-25T17:00,29.7,70,51,15.6,255
2024-07-25T18:00,25.9,91,63,10.0,240
2024-07-25T19:00,26.0,89,51,13.2,244
2024-07-25T20:00,25.9,87,3,15.3,251
2024-07-25T21:00,25.6,86,3,15.3,262
2024-07-25T22:00,25.4,87,3,14.3,258
2024-07-25T23:00,25.3,87,3,14.1,264
2024-07-26T00:00,25.1,85,3,14.6,261
2024-07-26T01:00,24.9,84,3,14.4,267
2024-07-26T02:00,24.8,83,3,15.5,267
2024-07-26T03:00,24.8,84,3,15.1,267
2024-07-26T04:00,24.7,84,3,14.1,266
2024-07-26T05:00,24.6,85,3,13.3,267
2024-07-26T06:00,25.3,90,51,11.0,259
2024-07-26T07:00,26.1,87,51,14.4,271
2024-07-26T08:00,26.9,83,51,13.4,275
2024-07-26T09:00,26.5,88,55,12.8,280
2024-07-26T10:00,27.9,81,51,15.7,281
2024-07-26T11:00,27.5,83,61,14.8,284
2024-07-26T12:00,27.1,83,63,16.6,274
2024-07-26T13:00,27.5,85,53,15.5,266
2024-07-26T14:00,28.5,81,51,16.4,261
2024-07-26T15:00,28.7,76,53,19.0,251
2024-07-26T16:00,28.5,79,51,18.7,251
2024-07-26T17:00,28.3,80,51,15.7,254
2024-07-26T18:00,26.3,87,3,15.2,263
2024-07-26T19:00,25.9,85,51,17.3,268
2024-07-26T20:00,25.2,90,55,14.8,269
2024-07-26T21:00,25.0,90,51,14.0,270
2024-07-26T22:00,25.0,90,3,14.4,270
2024-07-26T23:00,24.8,90,3,13.7,272
2024-07-27T00:00,24.9,89,3,14.4,270
2024-07-27T01:00,24.8,89,3,13.3,268
2024-07-27T02:00,24.7,90,51,14.4,269
2024-07-27T03:00,24.4,93,53,12.6,268
2024-07-27T04:00,24.4,93,61,14.4,267
2024-07-27T05:00,24.5,93,55,15.6,277
2024-07-27T06:00,24.7,94,63,13.3,272
2024-07-27T07:00,25.0,93,55,13.5,261
2024-07-27T08:00,25.8,92,53,17.3,271
2024-07-27T09:00,27.7,80,51,23.1,288
2024-07-27T10:00,28.0,82,51,16.3,276
2024-07-27T11:00,28.0,78,53,19.7,288
2024-07-27T12:00,27.3,84,55,17.8,277
2024-07-27T13:00,26.6,90,61,16.1,290
2024-07-27T14:00,26.6,90,61,17.2,286
2024-07-27T15:00,27.5,86,53,19.0,280
2024-07-27T16:00,28.0,83,51,16.7,277
2024-07-27T17:00,27.5,83,51,17.3,282
2024-07-27T18:00,25.3,90,61,16.5,281
2024-07-27T19:00,25.0,90,53,16.2,287
2024-07-27T20:00,24.9,88,53,15.9,283
2024-07-27T21:00,24.8,88,3,14.9,278
2024-07-27T22:00,24.5,91,61,14.8,271
2024-07-27T23:00,24.5,91,53,15.1,271
2024-07-28T00:00,24.4,90,51,14.8,269
2024-07-28T01:00,24.3,91,51,15.3,278
2024-07-28T02:00,24.5,90,61,16.0,278
2024-07-28T03:00,24.2,92,61,14.1,267
2024-07-28T04:00,24.2,92,63,15.5,269
2024-07-28T05:00,24.1,93,63,15.3,262
2024-07-28T06:00,24.5,93,61,10.8,274
2024-07-28T07:00,24.8,92,53,10.6,280
2024-07-28T08:00,25.8,88,51,13.3,283
2024-07-28T09:00,26.8,84,51,16.6,283
2024-07-28T10:00,26.3,90,55,13.4,265
2024-07-28T11:00,27.1,84,55,17.5,278
2024-07-28T12:00,28.4,78,51,18.2,284
2024-07-28T13:00,28.1,81,51,18.1,283
2024-07-28T14:00,28.8,76,51,18.9,279
2024-07-28T15:00,28.2,80,51,15.1,267
2024-07-28T16:00,27.4,86,51,14.7,245
2024-07-28T17:00,27.2,88,51,15.6,241
2024-07-28T18:00,26.7,85,3,13.5,241
2024-07-28T19:00,25.8,90,3,12.3,230
2024-07-28T20:00,25.5,90,51,15.0,228
2024-07-28T21:00,25.3,91,51,15.6,230
2024-07-28T22:00,24.8,92,53,14.9,233
2024-07-28T23:00,24.0,94,51,15.3,229
2024-07-29T00:00,23.5,93,53,17.7,237
2024-07-29T01:00,23.4,92,61,18.2,236
2024-07-29T02:00,23.6,93,61,17.3,234
2024-07-29T03:00,23.7,94,61,15.8,235
2024-07-29T04:00,23.7,94,63,14.3,223
2024-07-29T05:00,23.7,95,63,14.1,218
2024-07-29T06:00,24.3,94,53,13.8,231
2024-07-29T07:00,24.8,93,53,14.0,228
2024-07-29T08:00,25.8,88,53,16.2,238
2024-07-29T09:00,27.0,82,51,20.3,243
2024-07-29T10:00,28.1,77,51,20.8,247
2024-07-29T11:00,28.5,74,51,20.1,249
2024-07-29T12:00,29.8,69,3,17.5,251
2024-07-29T13:00,30.5,66,3,15.6,251
2024-07-29T14:00,30.4,68,51,13.8,242
2024-07-29T15:00,29.5,73,51,9.2,225
2024-07-29T16:00,30.3,69,2,9.9,213
2024-07-29T17:00,29.8,71,53,10.2,222
2024-07-29T18:00,27.4,81,3,3.7,281
2024-07-29T19:00,26.4,83,3,4.7,212
2024-07-29T20:00,26.0,85,3,8.0,216
2024-07-29T21:00,25.8,86,3,9.9,226
2024-07-29T22:00,25.6,87,3,8.4,223
2024-07-29T23:00,25.4,89,3,7.7,229
2024-07-30T00:00,25.1,91,3,8.4,227
2024-07-30T01:00,24.8,94,3,8.9,223
2024-07-30T02:00,24.7,94,3,8.3,236
2024-07-30T03:00,24.6,95,3,7.4,231
2024-07-30T04:00,24.6,95,3,8.7,225
2024-07-30T05:00,24.4,96,51,6.2,216
2024-07-30T06:00,25.4,92,3,8.0,234
2024-07-30T07:00,26.1,89,2,9.2,228
2024-07-30T08:00,26.7,86,3,9.0,217
2024-07-30T09:00,27.4,84,3,9.2,222
2024-07-30T10:00,27.7,82,51,11.3,233
2024-07-30T11:00,29.5,76,51,13.9,233
2024-07-30T12:00,30.2,73,51,12.6,243
2024-07-30T13:00,30.9,71,51,11.2,237
2024-07-30T14:00,29.0,75,65,18.6,223
2024-07-30T15:00,27.5,85,63,8.3,236
2024-07-30T16:00,28.1,81,51,14.4,257
2024-07-30T17:00,27.6,82,51,7.3,261
2024-07-30T18:00,27.6,86,51,3.2,243
2024-07-30T19:00,26.5,92,3,4.2,239
2024-07-30T20:00,26.4,92,3,6.4,218
2024-07-30T21:00,26.4,90,3,8.9,238
2024-07-30T22:00,26.1,90,3,9.0,233
2024-07-30T23:00,25.6,91,3,7.8,236
2024-07-31T00:00,25.3,91,3,10.7,237
2024-07-31T01:00,25.1,91,3,9.2,231
2024-07-31T02:00,25.0,92,3,9.2,244
2024-07-31T03:00,25.1,92,3,9.8,246
2024-07-31T04:00,25.1,91,3,10.2,252
2024-07-31T05:00,25.1,91,51,9.6,257
2024-07-31T06:00,26.0,89,3,10.5,266
2024-07-31T07:00,26.8,86,3,11.2,272
2024-07-31T08:00,27.8,82,3,11.5,274
2024-07-31T09:00,28.5,78,3,11.4,288
2024-07-31T10:00,28.7,75,3,10.9,297
2024-07-31T11:00,29.7,71,3,10.3,299
2024-07-31T12:00,30.4,69,51,9.3,286
2024-07-31T13:00,30.7,68,51,9.1,279
2024-07-31T14:00,29.9,72,53,14.1,232
2024-07-31T15:00,29.1,78,51,12.2,236
2024-07-31T16:00,29.4,74,51,12.8,254
2024-07-31T17:00,28.7,79,51,7.8,283
2024-07-31T18:00,26.9,87,51,3.4,238
2024-07-31T19:00,26.2,91,3,6.0,213
2024-07-31T20:00,25.9,93,53,7.7,221
2024-07-31T21:00,25.5,95,61,7.2,217
2024-07-31T22:00,25.4,94,61,6.9,227
2024-07-31T23:00,25.3,96,63,8.7,210
2024-08-01T00:00,25.2,94,53,10.5,248
2024-08-01T01:00,24.8,95,53,10.0,249
2024-08-01T02:00,24.7,95,61,10.2,260
2024-08-01T03:00,24.6,95,61,10.6,280
2024-08-01T04:00,24.6,94,61,11.2,274
2024-08-01T05:00,24.5,94,55,11.9,268
2024-08-01T06:00,24.9,94,63,9.4,252
2024-08-01T07:00,24.9,93,65,11.0,247
2024-08-01T08:00,24.8,92,65,11.5,256
2024-08-01T09:00,25.0,93,61,11.8,247
2024-08-01T10:00,25.6,90,55,14.0,252
2024-08-01T11:00,26.7,86,53,13.0,256
2024-08-01T12:00,27.6,82,51,15.1,258
2024-08-01T13:00,28.1,77,51,16.9,268
2024-08-01T14:00,27.6,79,53,16.2,266
2024-08-01T15:00,26.2,91,61,12.6,267
2024-08-01T16:00,26.3,90,55,11.4,259
2024-08-01T17:00,26.2,91,61,9.3,257
2024-08-01T18:00,25.5,93,53,9.5,233
2024-08-01T19:00,25.2,94,53,10.7,228
2024-08-01T20:00,25.0,94,53,11.1,245
2024-08-01T21:00,25.0,94,53,11.3,248
2024-08-01T22:00,25.0,94,51,10.9,243
2024-08-01T23:00,24.8,95,53,12.4,253
2024-08-02T00:00,24.7,95,53,12.8,254
2024-08-02T01:00,24.6,95,51,10.9,253
2024-08-02T02:00,24.6,93,51,11.4,252
2024-08-02T03:00,24.5,94,51,13.4,256
2024-08-02T04:00,24.4,93,53,14.8,256
2024-08-02T05:00,24.3,93,53,14.9,250
2024-08-02T06:00,24.1,93,51,15.0,243
2024-08-02T07:00,24.4,91,51,14.9,250
2024-08-02T08:00,24.6,92,51,14.8,256
2024-08-02T09:00,25.4,88,51,17.8,256
2024-08-02T10:00,25.9,87,51,18.4,258
2024-08-02T11:00,26.0,84,53,18.4,258
2024-08-02T12:00,25.3,91,55,15.4,254
2024-08-02T13:00,25.6,91,61,14.2,254
2024-08-02T14:00,26.0,88,61,13.9,260
2024-08-02T15:00,25.9,90,55,12.5,258
2024-08-02T16:00,25.8,91,55,14.3,252
2024-08-02T17:00,25.4,92,55,13.4,243
2024-08-02T18:00,25.7,89,51,16.1,246
2024-08-02T19:00,25.3,91,51,14.3,236
2024-08-02T20:00,25.0,93,61,13.1,238
2024-08-02T21:00,24.9,94,63,13.9,245
2024-08-02T22:00,24.9,93,61,15.8,249
2024-08-02T23:00,24.8,93,53,17.7,246
2024-08-03T00:00,24.7,93,53,15.6,244
2024-08-03T01:00,24.4,94,53,13.9,233
2024-08-03T02:00,24.3,95,51,13.5,236
2024-08-03T03:00,24.2,95,51,13.2,235
2024-08-03T04:00,24.2,94,51,13.6,233
2024-08-03T05:00,24.1,93,51,14.8,236
2024-08-03T06:00,24.1,93,53,15.8,240
2024-08-03T07:00,24.3,93,61,15.6,236
2024-08-03T08:00,24.5,93,53,14.5,235
2024-08-03T09:00,25.5,87,53,17.1,242
2024-08-03T10:00,25.6,88,53,16.3,252
2024-08-03T11:00,25.7,89,53,16.8,247
2024-08-03T12:00,25.9,88,53,17.4,248
2024-08-03T13:00,26.7,84,51,16.4,241
2024-08-03T14:00,27.6,79,3,18.5,241
2024-08-03T15:00,27.7,75,53,20.4,253
2024-08-03T16:00,26.9,82,51,18.4,244
2024-08-03T17:00,26.0,86,55,18.5,249
2024-08-03T18:00,24.9,91,53,17.3,247
2024-08-03T19:00,24.6,92,51,15.3,243
2024-08-03T20:00,24.7,91,51,15.6,247
2024-08-03T21:00,24.6,92,51,13.5,245
2024-08-03T22:00,24.4,93,53,13.7,235
2024-08-03T23:00,24.3,94,53,16.6,228
2024-08-04T00:00,24.4,94,51,16.6,228
2024-08-04T01:00,24.3,94,51,16.1,230
2024-08-04T02:00,24.2,94,51,16.5,226
2024-08-04T03:00,24.1,94,51,17.1,226
2024-08-04T04:00,23.9,93,51,17.9,232
2024-08-04T05:00,23.8,93,51,16.8,227
2024-08-04T06:00,24.1,95,63,16.1,219
2024-08-04T07:00,24.1,94,65,17.7,219
2024-08-04T08:00,24.2,94,65,18.2,219
2024-08-04T09:00,24.5,94,65,19.2,220
2024-08-04T10:00,24.9,93,63,19.6,221
2024-08-04T11:00,26.1,85,51,23.9,233
2024-08-04T12:00,26.5,84,53,20.8,233
2024-08-04T13:00,25.5,92,55,17.6,229
2024-08-04T14:00,26.5,86,51,20.3,237
2024-08-04T15:00,27.2,81,51,20.0,244
2024-08-04T16:00,27.3,80,53,17.6,242
2024-08-04T17:00,26.5,84,3,12.3,232
2024-08-04T18:00,25.4,88,51,16.6,222
2024-08-04T19:00,25.0,91,51,13.8,221
2024-08-04T20:00,24.9,91,51,13.8,221
2024-08-04T21:00,24.7,92,53,13.0,222
2024-08-04T22:00,24.6,93,51,13.3,221
2024-08-04T23:00,24.3,94,51,13.2,215
2024-08-05T00:00,24.2,93,51,12.8,218
2024-08-05T01:00,23.8,95,53,12.5,219
2024-08-05T02:00,23.8,94,61,13.6,212
2024-08-05T03:00,23.6,95,53,13.9,217
2024-08-05T04:00,23.7,94,51,14.6,220
2024-08-05T05:00,23.5,95,51,12.5,221
2024-08-05T06:00,24.6,91,3,11.0,221
2024-08-05T07:00,25.8,85,3,13.7,235
2024-08-05T08:00,26.6,82,3,14.9,238
2024-08-05T09:00,27.5,77,3,15.9,245
2024-08-05T10:00,28.5,73,51,16.6,252
2024-08-05T11:00,29.3,72,51,14.3,242
2024-08-05T12:00,29.1,73,51,13.8,237
2024-08-05T13:00,30.3,69,3,15.1,237
2024-08-05T14:00,30.5,68,51,14.5,235
2024-08-05T15:00,28.4,78,61,16.1,280
2024-08-05T16:00,28.3,79,51,11.7,236
2024-08-05T17:00,27.9,81,3,9.4,212
2024-08-05T18:00,27.6,82,3,11.3,211
2024-08-05T19:00,26.8,85,3,11.2,228
2024-08-05T20:00,26.2,87,3,7.7,233
2024-08-05T21:00,25.6,91,3,7.9,219
2024-08-05T22:00,25.4,91,3,8.5,234
2024-08-05T23:00,25.2,92,3,9.2,231
2024-08-06T00:00,25.0,93,3,11.3,239
2024-08-06T01:00,24.9,92,3,10.8,240
2024-08-06T02:00,24.7,91,3,10.5,248
2024-08-06T03:00,24.7,90,3,9.9,251
2024-08-06T04:00,24.5,90,3,8.6,255
2024-08-06T05:00,24.4,90,3,8.0,265
2024-08-06T06:00,25.2,88,3,10.1,268
2024-08-06T07:00,26.0,86,3,9.4,247
2024-08-06T08:00,26.9,81,3,14.2,261
2024-08-06T09:00,28.0,76,3,13.7,265
2024-08-06T10:00,29.1,71,51,14.4,274
2024-08-06T11:00,30.5,67,51,13.6,281
2024-08-06T12:00,31.0,64,51,12.7,278
2024-08-06T13:00,31.4,62,3,13.8,277
2024-08-06T14:00,31.3,62,3,14.1,276
2024-08-06T15:00,30.9,64,51,9.7,266
2024-08-06T16:00,28.6,75,61,14.1,274
2024-08-06T17:00,27.7,78,51,5.8,266
2024-08-06T18:00,25.9,87,51,7.9,246
2024-08-06T19:00,25.4,91,51,6.9,242
2024-08-06T20:00,25.4,93,51,5.6,230
2024-08-06T21:00,25.3,94,51,8.1,238
2024-08-06T22:00,25.2,93,3,9.6,250
2024-08-06T23:00,25.1,92,51,8.7,253
2024-08-07T00:00,24.9,93,51,8.8,251
2024-08-07T01:00,24.8,94,51,8.9,256
2024-08-07T02:00,24.7,93,3,9.0,265
2024-08-07T03:00,24.5,93,51,7.9,246
2024-08-07T04:00,24.0,95,51,11.3,233
2024-08-07T05:00,23.7,94,51,10.4,272
2024-08-07T06:00,24.2,92,51,6.9,279
2024-08-07T07:00,25.3,88,3,9.4,263
2024-08-07T08:00,26.6,82,3,13.6,281
2024-08-07T09:00,27.3,78,51,13.9,291
2024-08-07T10:00,28.1,75,51,11.4,298
2024-08-07T11:00,27.5,79,53,9.9,280
2024-08-07T12:00,28.3,76,51,10.9,304
2024-08-07T13:00,28.0,75,53,9.2,318
2024-08-07T14:00,28.0,78,53,5.4,250
2024-08-07T15:00,27.7,80,51,5.7,235
2024-08-07T16:00,26.5,87,61,7.1,225
2024-08-07T17:00,26.1,91,63,6.6,225
2024-08-07T18:00,25.4,93,55,5.6,255
2024-08-07T19:00,25.0,95,55,8.7,225
2024-08-07T20:00,24.7,94,53,10.5,232
2024-08-07T21:00,24.5,94,51,11.6,244
2024-08-07T22:00,24.6,94,51,11.4,252
2024-08-07T23:00,24.6,95,51,10.2,247
2024-08-08T00:00,24.5,95,53,9.7,248
2024-08-08T01:00,24.4,95,51,9.0,254
2024-08-08T02:00,24.3,95,51,9.5,259
2024-08-08T03:00,24.2,95,53,9.4,270
2024-08-08T04:00,24.1,94,51,9.4,268
2024-08-08T05:00,24.1,94,51,9.0,268
2024-08-08T06:00,24.5,92,3,10.2,278
2024-08-08T07:00,25.6,87,51,11.7,279
2024-08-08T08:00,26.3,85,51,9.8,276
2024-08-08T09:00,27.3,82,51,10.7,284
2024-08-08T10:00,27.8,77,53,13.0,298
2024-08-08T11:00,26.6,82,63,14.6,286
2024-08-08T12:00,26.1,86,63,11.1,283
2024-08-08T13:00,28.3,81,53,12.3,275
2024-08-08T14:00,27.1,82,61,13.3,303
2024-08-08T15:00,26.7,85,61,14.2,294
2024-08-08T16:00,25.9,90,55,12.4,278
2024-08-08T17:00,26.2,87,51,12.8,286
2024-08-08T18:00,26.0,86,3,8.3,275
2024-08-08T19:00,25.5,87,3,7.1,285
2024-08-08T20:00,24.8,87,3,7.2,288
2024-08-08T21:00,24.4,89,3,8.4,260
2024-08-08T22:00,24.1,92,3,8.3,252
2024-08-08T23:00,23.9,94,3,8.2,255
2024-08-09T00:00,23.8,93,3,7.9,267
2024-08-09T01:00,23.8,92,3,9.0,275
2024-08-09T02:00,23.3,94,3,6.6,279
2024-08-09T03:00,22.9,96,3,6.9,279
2024-08-09T04:00,22.8,96,3,7.3,279
2024-08-09T05:00,22.7,96,3,6.5,273
2024-08-09T06:00,23.6,92,3,7.8,283
2024-08-09T07:00,24.9,85,3,9.3,283
2024-08-09T08:00,26.1,79,3,12.9,293
2024-08-09T09:00,27.6,73,51,10.9,297
2024-08-09T10:00,28.7,68,51,10.2,293
2024-08-09T11:00,29.2,68,51,9.4,270
2024-08-09T12:00,29.2,68,51,11.2,266
2024-08-09T13:00,29.5,65,51,9.0,272
2024-08-09T14:00,28.9,68,51,11.5,256
2024-08-09T15:00,28.3,74,51,8.8,258
2024-08-09T16:00,28.5,73,3,12.4,253
2024-08-09T17:00,27.2,80,3,10.8,268
2024-08-09T18:00,26.8,84,3,9.1,252
2024-08-09T19:00,26.0,86,3,8.7,246
2024-08-09T20:00,25.7,86,3,8.1,249
2024-08-09T21:00,25.4,86,3,8.9,249
2024-08-09T22:00,25.0,87,3,9.7,248
2024-08-09T23:00,24.6,87,3,10.6,260
2024-08-10T00:00,24.3,89,3,9.0,265
2024-08-10T01:00,24.0,91,3,8.3,272
2024-08-10T02:00,23.8,92,3,6.9,276
2024-08-10T03:00,23.5,94,3,5.9,256
2024-08-10T04:00,23.6,94,51,6.8,245
2024-08-10T05:00,23.4,95,3,6.7,234
2024-08-10T06:00,24.3,91,3,6.9,231
2024-08-10T07:00,24.6,89,51,8.7,240
2024-08-10T08:00,25.2,87,51,9.8,262
2024-08-10T09:00,26.4,83,53,8.6,255
2024-08-10T10:00,26.4,86,61,6.4,254
2024-08-10T11:00,27.5,78,51,6.6,261
2024-08-10T12:00,29.0,72,51,7.9,246
2024-08-10T13:00,29.8,71,51,9.5,217
2024-08-10T14:00,29.8,72,51,11.3,277
2024-08-10T15:00,27.8,76,63,13.1,262
2024-08-10T16:00,27.6,81,53,6.6,248
2024-08-10T17:00,27.9,82,3,9.4,247
2024-08-10T18:00,26.2,83,2,10.9,243
2024-08-10T19:00,25.5,85,2,9.4,247
2024-08-10T20:00,25.2,86,3,9.9,251
2024-08-10T21:00,24.8,87,3,10.4,250
2024-08-10T22:00,24.6,89,3,10.0,249
2024-08-10T23:00,24.6,90,3,8.7,263
2024-08-11T00:00,24.6,90,3,8.5,258
2024-08-11T01:00,24.5,91,3,8.6,248
2024-08-11T02:00,24.0,94,3,7.6,251
2024-08-11T03:00,24.0,94,3,7.8,248
2024-08-11T04:00,23.9,94,3,7.6,239
2024-08-11T05:00,23.8,95,3,6.4,227
2024-08-11T06:00,24.0,95,61,9.2,219
2024-08-11T07:00,24.3,94,61,12.4,244
2024-08-11T08:00,24.8,91,53,12.1,243
2024-08-11T09:00,26.7,85,51,11.5,238
2024-08-11T10:00,27.8,78,51,13.0,251
2024-08-11T11:00,29.3,73,51,13.5,254
2024-08-11T12:00,29.9,69,51,12.9,257
2024-08-11T13:00,28.1,75,65,15.4,237
2024-08-11T14:00,27.3,81,63,11.9,256
2024-08-11T15:00,28.9,71,51,15.6,262
2024-08-11T16:00,28.6,74,51,14.4,273
2024-08-11T17:00,28.3,77,51,12.3,273
2024-08-11T18:00,27.1,79,3,9.7,292
2024-08-11T19:00,26.3,81,3,6.8,273
2024-08-11T20:00,25.7,85,3,5.5,247
2024-08-11T21:00,25.3,88,3,6.6,225
2024-08-11T22:00,24.9,91,3,7.1,225
2024-08-11T23:00,24.6,93,3,7.2,233
2024-08-12T00:00,24.4,94,3,8.0,234
2024-08-12T01:00,24.3,94,3,8.2,241
2024-08-12T02:00,24.2,94,3,8.0,243
2024-08-12T03:00,23.9,94,3,7.5,253
2024-08-12T04:00,23.8,94,3,6.2,260
2024-08-12T05:00,23.8,94,3,6.0,253
2024-08-12T06:00,24.5,92,3,7.6,267
2024-08-12T07:00,25.6,87,3,7.2,264
2024-08-12T08:00,26.7,84,3,6.3,257
2024-08-12T09:00,28.0,79,3,6.9,264
2024-08-12T10:00,29.4,72,51,8.6,270
2024-08-12T11:00,29.6,70,3,8.8,258
2024-08-12T12:00,30.1,68,51,10.3,245
2024-08-12T13:00,30.1,68,51,11.6,248
2024-08-12T14:00,29.9,68,53,11.6,244
2024-08-12T15:00,30.5,65,51,12.0,261
2024-08-12T16:00,30.6,64,2,11.5,268
2024-08-12T17:00,30.2,68,3,7.9,267
2024-08-12T18:00,28.3,83,3,5.1,266
2024-08-12T19:00,26.9,86,3,6.1,273
2024-08-12T20:00,26.4,85,3,4.5,241
2024-08-12T21:00,26.1,84,3,6.0,245
2024-08-12T22:00,25.9,84,3,6.9,261
2024-08-12T23:00,25.5,86,3,7.2,267
2024-08-13T00:00,25.3,87,3,7.6,270
2024-08-13T01:00,25.1,88,3,8.0,265
2024-08-13T02:00,24.9,88,3,7.2,288
2024-08-13T03:00,24.7,89,3,6.5,304
2024-08-13T04:00,24.4,91,3,5.3,298
2024-08-13T05:00,24.2,93,3,4.8,297
2024-08-13T06:00,25.2,90,3,7.2,307
2024-08-13T07:00,26.3,85,3,5.3,298
2024-08-13T08:00,27.3,81,3,7.9,294
2024-08-13T09:00,28.3,76,3,7.6,295
2024-08-13T10:00,29.8,72,3,5.9,281
2024-08-13T11:00,30.4,69,3,4.7,261
2024-08-13T12:00,30.7,68,3,6.3,239
2024-08-13T13:00,28.4,79,61,13.6,233
2024-08-13T14:00,29.8,72,51,11.1,241
2024-08-13T15:00,30.5,69,3,11.3,248
2024-08-13T16:00,30.5,68,51,12.3,255
2024-08-13T17:00,29.8,72,51,9.7,266
2024-08-13T18:00,28.5,83,3,4.4,305
2024-08-13T19:00,27.6,85,3,4.5,299
2024-08-13T20:00,27.3,87,3,4.5,241
2024-08-13T21:00,26.7,89,3,4.7,238
2024-08-13T22:00,26.5,89,3,4.3,265
2024-08-13T23:00,26.2,89,3,5.4,270
2024-08-14T00:00,26.0,90,3,5.0,270
2024-08-14T01:00,25.7,90,3,5.1,274
2024-08-14T02:00,25.6,90,3,5.8,277
2024-08-14T03:00,25.5,91,3,5.2,286
2024-08-14T04:00,25.6,91,3,4.0,260
2024-08-14T05:00,25.2,91,61,6.6,202
2024-08-14T06:00,26.2,90,3,6.0,303
2024-08-14T07:00,27.1,87,3,4.1,322
2024-08-14T08:00,28.5,81,3,4.6,309
2024-08-14T09:00,29.2,78,51,6.0,295
2024-08-14T10:00,30.2,74,51,7.3,290
2024-08-14T11:00,31.2,67,51,5.2,258
2024-08-14T12:00,27.1,86,63,16.4,230
2024-08-14T13:00,27.4,83,63,5.2,282
2024-08-14T14:00,26.8,90,53,7.4,321
2024-08-14T15:00,27.2,90,53,8.7,287
2024-08-14T16:00,27.6,86,51,7.0,282
2024-08-14T17:00,27.4,86,51,4.2,239
2024-08-14T18:00,26.3,92,51,3.3,193
2024-08-14T19:00,25.7,95,3,3.7,209
2024-08-14T20:00,26.3,90,3,3.1,225
2024-08-14T21:00,25.8,94,51,4.1,165
2024-08-14T22:00,25.7,96,53,6.3,204
2024-08-14T23:00,25.6,97,61,5.2,205
2024-08-15T00:00,25.5,98,53,4.9,197
2024-08-15T01:00,25.3,99,51,6.3,204
2024-08-15T02:00,25.2,98,51,7.1,229
2024-08-15T03:00,25.1,98,3,7.1,221
2024-08-15T04:00,25.0,98,3,8.3,236
2024-08-15T05:00,25.1,96,51,6.6,241
2024-08-15T06:00,26.0,95,3,5.4,278
2024-08-15T07:00,26.8,92,51,2.7,247
2024-08-15T08:00,27.7,88,51,4.4,261
2024-08-15T09:00,28.4,87,55,4.7,266
2024-08-15T10:00,29.3,77,51,8.2,293
2024-08-15T11:00,29.6,74,51,8.5,258
2024-08-15T12:00,27.2,84,65,12.2,194
2024-08-15T13:00,26.5,94,61,9.8,174
2024-08-15T14:00,27.9,91,53,8.7,187
2024-08-15T15:00,28.4,89,61,7.8,202
2024-08-15T16:00,26.6,88,63,10.0,244
2024-08-15T17:00,26.2,93,61,5.4,200
2024-08-15T18:00,26.3,94,61,5.1,219
2024-08-15T19:00,26.1,95,55,4.5,241
2024-08-15T20:00,25.9,95,61,3.9,236
2024-08-15T21:00,25.8,95,61,3.8,221
2024-08-15T22:00,25.6,95,61,4.9,216
2024-08-15T23:00,25.5,96,61,5.6,220
2024-08-16T00:00,25.3,96,55,6.7,216
2024-08-16T01:00,25.2,96,53,4.6,225
2024-08-16T02:00,25.0,97,51,5.6,225
2024-08-16T03:00,24.8,98,51,6.1,230
2024-08-16T04:00,24.6,98,3,7.7,229
2024-08-16T05:00,24.6,99,3,6.5,236
2024-08-16T06:00,25.0,98,3,6.6,225
2024-08-16T07:00,26.3,92,3,6.4,227
2024-08-16T08:00,27.2,90,3,5.8,210
2024-08-16T09:00,28.2,84,3,6.4,232
2024-08-16T10:00,29.2,75,3,3.6,264
2024-08-16T11:00,28.8,75,51,7.0,235
2024-08-16T12:00,26.5,87,61,10.0,229
2024-08-16T13:00,26.8,85,51,10.9,226
2024-08-16T14:00,27.2,81,51,10.2,231
2024-08-16T15:00,27.6,81,51,11.0,247
2024-08-16T16:00,28.5,77,3,9.0,265
2024-08-16T17:00,28.3,77,3,8.6,255
2024-08-16T18:00,26.6,87,3,6.1,220
2024-08-16T19:00,26.0,90,51,3.8,197
2024-08-16T20:00,25.5,93,51,3.7,209
2024-08-16T21:00,25.5,94,53,5.4,217
2024-08-16T22:00,25.4,95,53,5.9,218
2024-08-16T23:00,25.3,96,51,4.2,211
2024-08-17T00:00,25.2,97,51,5.1,231
2024-08-17T01:00,25.1,97,51,5.4,228
2024-08-17T02:00,25.0,98,3,5.6,220
2024-08-17T03:00,24.9,98,3,5.9,232
2024-08-17T04:00,25.0,97,51,5.5,238
2024-08-17T05:00,24.9,96,3,4.7,261
2024-08-17T06:00,25.3,96,3,3.5,204
2024-08-17T07:00,25.9,92,3,7.1,225
2024-08-17T08:00,26.9,87,3,6.4,223
2024-08-17T09:00,27.3,85,3,7.1,229
2024-08-17T10:00,29.1,78,51,8.7,225
2024-08-17T11:00,29.9,71,51,6.4,223
2024-08-17T12:00,29.0,74,55,11.6,234
2024-08-17T13:00,29.2,76,55,7.6,251
2024-08-17T14:00,29.8,74,51,10.7,250
2024-08-17T15:00,30.0,71,51,11.3,253
2024-08-17T16:00,30.2,68,3,9.1,252
2024-08-17T17:00,29.9,71,3,5.2,245
2024-08-17T18:00,28.4,87,3,4.1,255
2024-08-17T19:00,27.2,87,3,4.9,216
2024-08-17T20:00,26.9,86,3,5.8,210
2024-08-17T21:00,26.8,86,3,7.4,209
2024-08-17T22:00,26.7,85,3,8.3,214
2024-08-17T23:00,26.5,86,3,8.4,223
2024-08-18T00:00,26.2,87,3,6.9,231
2024-08-18T01:00,26.0,89,3,6.3,246
2024-08-18T02:00,25.7,90,3,5.5,247
2024-08-18T03:00,25.6,90,3,6.2,263
2024-08-18T04:00,25.3,91,2,7.6,301
2024-08-18T05:00,25.1,91,3,8.1,315
2024-08-18T06:00,25.8,90,3,4.1,285
2024-08-18T07:00,26.8,87,3,3.7,281
2024-08-18T08:00,28.2,82,51,3.3,221
2024-08-18T09:00,28.1,83,51,4.1,218
2024-08-18T10:00,28.9,80,51,2.2,180
2024-08-18T11:00,29.8,78,51,1.6,117
2024-08-18T12:00,30.2,76,51,2.2,189
2024-08-18T13:00,28.5,79,63,9.2,249
2024-08-18T14:00,27.9,84,61,2.8,320
2024-08-18T15:00,27.9,83,3,4.9,324
2024-08-18T16:00,28.0,82,51,6.5,326
2024-08-18T17:00,28.3,80,3,6.7,344
2024-08-18T18:00,27.9,82,3,4.6,315
2024-08-18T19:00,26.9,88,3,4.4,325
2024-08-18T20:00,26.7,89,3,5.6,27
2024-08-18T21:00,26.2,91,3,3.9,56
2024-08-18T22:00,26.0,92,3,2.5,360
2024-08-18T23:00,25.4,94,3,3.4,18
2024-08-19T00:00,24.9,96,3,2.9,7
2024-08-19T01:00,24.6,97,3,2.6,326
2024-08-19T02:00,24.6,97,3,3.5,336
2024-08-19T03:00,24.2,98,3,3.3,347
2024-08-19T04:00,24.3,98,3,3.6,6
2024-08-19T05:00,24.3,96,51,7.2,6
2024-08-19T06:00,25.3,96,3,3.7,259
2024-08-19T07:00,26.5,91,3,2.9,300
2024-08-19T08:00,27.9,83,51,5.4,290
2024-08-19T09:00,28.8,77,51,7.2,307
2024-08-19T10:00,29.7,74,51,6.6,311
2024-08-19T11:00,30.8,70,51,6.5,326
2024-08-19T12:00,31.2,68,51,5.9,317
2024-08-19T13:00,31.5,65,51,2.5,315
2024-08-19T14:00,32.1,62,3,0.8,297
2024-08-19T15:00,27.6,87,61,7.4,47
2024-08-19T16:00,27.7,86,51,3.1,315
2024-08-19T17:00,27.7,85,51,4.3,318
2024-08-19T18:00,26.8,85,51,7.0,111
2024-08-19T19:00,25.9,89,51,7.9,177
2024-08-19T20:00,24.9,93,63,10.2,212
2024-08-19T21:00,24.9,94,51,8.0,216
2024-08-19T22:00,24.8,95,51,8.7,225
2024-08-19T23:00,24.7,96,3,6.6,248
2024-08-20T00:00,24.3,98,3,3.8,229
2024-08-20T01:00,24.5,98,3,5.7,198
2024-08-20T02:00,24.4,98,3,4.8,243
2024-08-20T03:00,24.3,98,3,4.7,302
2024-08-20T04:00,24.1,98,3,3.9,304
2024-08-20T05:00,24.0,98,3,4.2,301
2024-08-20T06:00,24.8,93,3,4.2,301
2024-08-20T07:00,26.0,87,3,7.2,323
2024-08-20T08:00,27.4,82,3,3.4,342
2024-08-20T09:00,28.2,79,3,0.5,225
2024-08-20T10:00,29.3,77,51,3.0,194
2024-08-20T11:00,29.5,75,51,5.8,184
2024-08-20T12:00,30.5,70,51,7.1,195
2024-08-20T13:00,26.9,84,63,7.2,198
2024-08-20T14:00,28.2,81,53,10.7,222
2024-08-20T15:00,28.7,78,51,6.2,249
2024-08-20T16:00,29.3,76,3,6.0,253
2024-08-20T17:00,29.0,76,3,6.9,261
2024-08-20T18:00,28.5,84,3,3.2,360
2024-08-20T19:00,27.4,88,3,3.7,29
2024-08-20T20:00,27.4,88,3,3.3,77
2024-08-20T21:00,26.8,91,53,2.9,210
2024-08-20T22:00,26.7,90,51,1.1,360
2024-08-20T23:00,26.4,92,3,1.8,259
2024-08-21T00:00,25.3,96,61,5.6,333
2024-08-21T01:00,25.1,97,53,3.3,347
2024-08-21T02:00,24.9,97,51,3.2,153
2024-08-21T03:00,24.8,98,51,2.5,188
2024-08-21T04:00,24.6,98,55,4.3,204
2024-08-21T05:00,24.7,97,51,5.1,219
2024-08-21T06:00,25.3,96,3,4.4,171
2024-08-21T07:00,26.4,90,3,7.4,203
2024-08-21T08:00,27.5,87,3,7.9,196
2024-08-21T09:00,28.6,80,3,8.1,201
2024-08-21T10:00,29.3,76,3,6.8,212
2024-08-21T11:00,30.0,73,3,7.7,229
2024-08-21T12:00,30.7,71,51,7.7,221
2024-08-21T13:00,30.8,69,51,7.7,208
2024-08-21T14:00,30.9,68,3,8.1,212
2024-08-21T15:00,29.0,79,61,5.5,169
2024-08-21T16:00,28.7,81,3,6.6,189
2024-08-21T17:00,28.6,81,3,4.9,197
2024-08-21T18:00,28.6,83,3,5.1,129
2024-08-21T19:00,27.5,91,3,1.8,281
2024-08-21T20:00,27.1,92,3,3.1,315
2024-08-21T21:00,26.6,95,3,2.7,337
2024-08-21T22:00,26.5,95,3,1.5,45
2024-08-21T23:00,25.9,98,3,2.8,40
2024-08-22T00:00,25.8,99,3,2.1,31
2024-08-22T01:00,25.8,99,3,1.8,270
2024-08-22T02:00,25.5,99,3,7.0,282
2024-08-22T03:00,25.2,97,51,3.6,225
2024-08-22T04:00,25.0,97,51,2.7,293
2024-08-22T05:00,25.2,96,3,3.6,270
2024-08-22T06:00,25.7,96,3,4.0,5
2024-08-22T07:00,26.1,93,3,1.6,27
2024-08-22T08:00,26.9,90,3,4.0,117
2024-08-22T09:00,28.9,80,51,4.0,185
2024-08-22T10:00,29.3,78,51,4.1,165
2024-08-22T11:00,29.4,76,51,4.5,209
2024-08-22T12:00,29.3,77,3,4.4,189
2024-08-22T13:00,30.0,74,51,6.3,204
2024-08-22T14:00,30.4,74,51,4.4,215
2024-08-22T15:00,30.6,74,51,6.8,198
2024-08-22T16:00,29.9,74,61,12.3,212
2024-08-22T17:00,28.0,84,53,9.0,196
2024-08-22T18:00,26.1,92,53,6.5,183
2024-08-22T19:00,25.8,93,61,6.0,213
2024-08-22T20:00,25.2,96,63,3.8,41
2024-08-22T21:00,25.3,96,61,1.0,135
2024-08-22T22:00,25.3,96,61,5.0,111
2024-08-22T23:00,25.1,96,61,3.9,112
2024-08-23T00:00,25.0,97,61,5.4,188
2024-08-23T01:00,24.8,97,55,8.0,198
2024-08-23T02:00,24.6,98,55,10.0,206
2024-08-23T03:00,24.4,97,53,8.2,209
2024-08-23T04:00,24.3,97,53,8.7,218
2024-08-23T05:00,24.2,98,51,5.4,188
2024-08-23T06:00,24.3,96,53,1.5,135
2024-08-23T07:00,25.1,91,51,7.1,221
2024-08-23T08:00,26.6,85,3,9.4,238
2024-08-23T09:00,27.0,82,51,8.7,240
2024-08-23T10:00,27.3,80,51,10.9,243
2024-08-23T11:00,28.1,77,3,10.4,236
2024-08-23T12:00,29.1,74,2,11.5,226
2024-08-23T13:00,29.9,73,51,11.7,225
2024-08-23T14:00,30.2,70,0,13.1,217
2024-08-23T15:00,29.0,74,51,14.7,234
2024-08-23T16:00,29.4,73,51,8.9,220
2024-08-23T17:00,29.3,73,51,8.9,230
2024-08-23T18:00,27.7,84,3,2.5,262
2024-08-23T19:00,26.4,90,51,3.4,288
2024-08-23T20:00,25.8,91,61,11.0,203
2024-08-23T21:00,25.0,92,53,11.4,215
2024-08-23T22:00,24.3,94,51,14.5,215
2024-08-23T23:00,24.2,96,51,9.4,252
2024-08-24T00:00,24.2,96,53,7.7,221
2024-08-24T01:00,23.9,97,51,6.5,214
2024-08-24T02:00,23.8,97,51,7.7,208
2024-08-24T03:00,24.0,96,3,8.2,209
2024-08-24T04:00,24.0,96,3,8.9,212
2024-08-24T05:00,24.0,97,51,10.7,225
2024-08-24T06:00,24.3,95,51,10.6,235
2024-08-24T07:00,24.7,92,51,12.7,241
2024-08-24T08:00,25.4,89,51,13.7,240
2024-08-24T09:00,26.0,86,53,15.8,235
2024-08-24T10:00,25.9,90,61,13.7,235
2024-08-24T11:00,26.6,87,51,13.3,229
2024-08-24T12:00,27.3,84,51,13.8,227
2024-08-24T13:00,27.3,82,51,16.8,239
2024-08-24T14:00,27.3,80,51,16.5,238
2024-08-24T15:00,27.8,79,51,14.0,224
2024-08-24T16:00,27.3,82,51,13.8,221
2024-08-24T17:00,26.5,87,61,13.3,213
2024-08-24T18:00,25.2,91,51,13.2,209
2024-08-24T19:00,24.9,92,63,14.0,215
2024-08-24T20:00,24.5,92,63,15.3,221
2024-08-24T21:00,24.5,93,55,16.3,221
2024-08-24T22:00,24.2,95,53,14.8,223
2024-08-24T23:00,24.2,94,55,16.3,227
2024-08-25T00:00,24.1,94,53,16.1,220
2024-08-25T01:00,23.9,95,61,17.0,216
2024-08-25T02:00,23.9,94,55,18.7,218
2024-08-25T03:00,23.9,94,55,18.5,217
2024-08-25T04:00,23.8,94,55,18.9,222
2024-08-25T05:00,23.7,93,63,20.6,223
2024-08-25T06:00,23.4,93,61,19.1,234
2024-08-25T07:00,23.5,93,61,18.5,233
2024-08-25T08:00,23.8,92,61,19.5,232
2024-08-25T09:00,24.4,90,55,17.9,230
2024-08-25T10:00,24.5,91,53,16.9,230
2024-08-25T11:00,25.0,89,61,18.8,234
2024-08-25T12:00,25.7,85,53,21.0,235
2024-08-25T13:00,25.4,85,53,23.2,229
2024-08-25T14:00,24.7,91,63,22.5,230
2024-08-25T15:00,24.7,91,61,21.1,227
2024-08-25T16:00,24.6,92,61,18.9,220
2024-08-25T17:00,24.7,92,53,16.6,219
2024-08-25T18:00,24.5,91,51,14.8,219
2024-08-25T19:00,24.5,92,51,13.5,214
2024-08-25T20:00,24.4,93,3,11.5,200
2024-08-25T21:00,24.4,93,3,11.7,198
2024-08-25T22:00,24.5,91,3,14.2,207
2024-08-25T23:00,24.2,92,3,14.5,203
2024-08-26T00:00,24.0,92,3,14.5,210
2024-08-26T01:00,24.0,91,3,13.7,215
2024-08-26T02:00,23.7,91,3,13.2,215
2024-08-26T03:00,23.6,91,2,13.8,213
2024-08-26T04:00,23.5,91,2,14.2,210
2024-08-26T05:00,23.4,91,2,13.6,212
2024-08-26T06:00,23.6,92,3,12.2,214
2024-08-26T07:00,24.9,85,3,17.3,225
2024-08-26T08:00,25.4,84,51,16.8,222
2024-08-26T09:00,26.3,79,51,21.5,239
2024-08-26T10:00,27.3,74,51,21.3,242
2024-08-26T11:00,27.3,74,3,19.8,243
2024-08-26T12:00,28.4,69,3,18.7,245
2024-08-26T13:00,28.6,69,2,17.1,248
2024-08-26T14:00,29.3,65,1,18.9,246
2024-08-26T15:00,29.7,64,1,18.1,239
2024-08-26T16:00,29.3,64,1,19.2,240
2024-08-26T17:00,28.6,67,2,15.5,242
2024-08-26T18:00,27.1,75,1,8.2,218
2024-08-26T19:00,26.3,79,3,8.8,215
2024-08-26T20:00,26.0,81,3,7.4,209
2024-08-26T21:00,25.8,82,3,7.2,217
2024-08-26T22:00,25.6,84,3,7.7,221
2024-08-26T23:00,25.5,86,3,7.2,233
2024-08-27T00:00,25.4,87,3,7.4,227
2024-08-27T01:00,25.2,87,2,7.9,231
2024-08-27T02:00,24.7,89,1,7.9,223
2024-08-27T03:00,24.1,91,0,8.1,225
2024-08-27T04:00,23.9,92,1,8.5,234
2024-08-27T05:00,23.6,92,0,8.2,229
2024-08-27T06:00,24.6,90,3,7.0,201
2024-08-27T07:00,25.3,86,3,9.7,207
2024-08-27T08:00,26.7,79,3,14.9,238
2024-08-27T09:00,27.7,74,3,15.8,243
2024-08-27T10:00,28.5,70,51,15.8,243
2024-08-27T11:00,29.7,65,51,15.5,245
2024-08-27T12:00,30.4,62,51,14.2,249
2024-08-27T13:00,31.0,60,51,13.0,242
2024-08-27T14:00,31.0,60,51,13.2,241
2024-08-27T15:00,30.9,62,1,12.5,231
2024-08-27T16:00,30.6,64,51,12.0,231
2024-08-27T17:00,29.9,70,3,8.2,209
2024-08-27T18:00,28.1,75,3,8.5,208
2024-08-27T19:00,27.5,77,3,10.2,219
2024-08-27T20:00,27.1,79,3,10.8,217
2024-08-27T21:00,26.4,82,3,8.9,220
2024-08-27T22:00,25.6,85,3,10.3,205
2024-08-27T23:00,25.5,85,3,11.0,212
2024-08-28T00:00,25.3,86,3,9.7,219
2024-08-28T01:00,24.9,88,3,9.4,220
2024-08-28T02:00,24.7,90,3,8.9,220
2024-08-28T03:00,24.3,92,3,8.2,229
2024-08-28T04:00,24.0,93,3,7.5,235
2024-08-28T05:00,23.8,93,3,8.0,243
2024-08-28T06:00,24.6,88,3,8.4,250
2024-08-28T07:00,25.7,84,3,6.1,242
2024-08-28T08:00,27.1,78,3,10.5,248
2024-08-28T09:00,28.4,72,3,11.7,252
2024-08-28T10:00,28.9,70,51,12.9,247
2024-08-28T11:00,30.1,65,51,12.6,246
2024-08-28T12:00,30.8,62,51,12.6,239
2024-08-28T13:00,31.4,59,2,11.4,235
2024-08-28T14:00,31.5,58,3,12.0,237
2024-08-28T15:00,31.6,57,51,12.7,235
2024-08-28T16:00,31.0,60,3,13.2,227
2024-08-28T17:00,29.9,68,3,9.8,208
2024-08-28T18:00,28.3,72,3,8.1,212
2024-08-28T19:00,27.6,73,3,9.2,222
2024-08-28T20:00,27.1,74,3,9.8,242
2024-08-28T21:00,26.5,78,3,8.6,255
2024-08-28T22:00,26.2,81,3,8.0,252
2024-08-28T23:00,25.9,83,3,8.6,255
2024-08-29T00:00,25.6,83,51,12.2,284
2024-08-29T01:00,24.7,89,53,11.2,270
2024-08-29T02:00,24.2,91,51,8.7,287
2024-08-29T03:00,24.0,92,3,4.7,302
2024-08-29T04:00,24.1,93,51,4.1,315
2024-08-29T05:00,24.0,93,51,3.3,319
2024-08-29T06:00,24.4,94,3,6.1,320
2024-08-29T07:00,25.4,89,3,7.6,329
2024-08-29T08:00,26.5,85,3,6.6,319
2024-08-29T09:00,27.8,78,3,7.2,323
2024-08-29T10:00,29.1,74,51,6.0,335
2024-08-29T11:00,29.7,72,51,4.7,337
2024-08-29T12:00,29.9,71,51,4.3,318
2024-08-29T13:00,29.9,69,51,3.7,299
2024-08-29T14:00,30.1,68,51,3.7,259
2024-08-29T15:00,28.2,74,63,8.3,5
2024-08-29T16:00,25.6,89,61,3.2,243
2024-08-29T17:00,25.7,89,51,2.4,27
2024-08-29T18:00,25.5,90,51,0.5,225
2024-08-29T19:00,24.9,96,3,2.3,108
2024-08-29T20:00,25.4,92,51,0.8,207
2024-08-29T21:00,25.3,95,53,2.5,315
2024-08-29T22:00,25.2,94,51,2.8,320
2024-08-29T23:00,24.9,97,3,3.2,333
2024-08-30T00:00,24.7,98,3,3.6,354
2024-08-30T01:00,24.7,97,3,5.6,320
2024-08-30T02:00,24.5,97,3,4.8,318
2024-08-30T03:00,24.4,96,3,6.9,317
2024-08-30T04:00,24.1,96,51,8.0,333
2024-08-30T05:00,23.8,94,51,9.5,323
2024-08-30T06:00,24.1,95,63,3.8,253
2024-08-30T07:00,24.8,92,51,4.1,308
2024-08-30T08:00,26.3,89,51,5.0,330
2024-08-30T09:00,27.9,83,51,4.4,351
2024-08-30T10:00,29.0,78,51,5.1,4
2024-08-30T11:00,29.6,74,51,6.2,10
2024-08-30T12:00,29.7,73,51,6.9,9
2024-08-30T13:00,29.5,73,51,7.2,63
2024-08-30T14:00,25.5,94,63,5.2,12
2024-08-30T15:00,25.9,90,61,3.5,294
2024-08-30T16:00,26.6,89,51,7.1,246
2024-08-30T17:00,26.9,85,3,7.9,309
2024-08-30T18:00,25.7,92,51,6.5,289
2024-08-30T19:00,25.4,94,3,5.9,317
2024-08-30T20:00,25.1,93,3,5.4,318
2024-08-30T21:00,24.9,93,3,7.2,342
2024-08-30T22:00,24.8,94,3,7.4,346
2024-08-30T23:00,24.6,94,3,8.0,350
2024-08-31T00:00,24.4,96,3,8.7,330
2024-08-31T01:00,24.3,96,3,9.8,332
2024-08-31T02:00,24.2,96,3,9.3,332
2024-08-31T03:00,24.2,95,3,9.0,344
2024-08-31T04:00,24.2,94,2,10.5,319
2024-08-31T05:00,24.1,94,1,10.5,329
2024-08-31T06:00,24.6,91,1,11.8,340
2024-08-31T07:00,25.9,84,3,14.3,350
2024-08-31T08:00,27.2,79,51,16.3,355
2024-08-31T09:00,28.2,76,3,13.0,3
2024-08-31T10:00,28.9,75,51,12.1,10
2024-08-31T11:00,29.4,73,51,11.6,22
2024-08-31T12:00,30.3,71,51,8.8,12
2024-08-31T13:00,28.2,80,63,14.1,3
2024-08-31T14:00,29.7,74,3,7.7,319
2024-08-31T15:00,29.0,78,61,9.3,286
2024-08-31T16:00,29.0,78,61,8.1,328
2024-08-31T17:00,27.7,83,61,7.6,3
2024-08-31T18:00,26.2,90,61,10.1,358
2024-08-31T19:00,25.6,93,55,7.2,307
2024-08-31T20:00,24.9,93,63,6.0,57
2024-08-31T21:00,24.7,94,51,5.7,55
2024-08-31T22:00,24.0,97,63,6.6,229
2024-08-31T23:00,23.7,98,63,0.5,135
2024-09-01T00:00,23.5,99,63,1.8,191
2024-09-01T01:00,23.5,97,63,2.6,344
2024-09-01T02:00,23.5,96,53,2.6,304
2024-09-01T03:00,23.5,97,63,7.4,346
2024-09-01T04:00,24.1,95,51,12.6,357
2024-09-01T05:00,24.0,95,61,9.4,18
2024-09-01T06:00,25.1,90,3,14.0,360
2024-09-01T07:00,26.3,84,3,17.1,8
2024-09-01T08:00,27.8,80,3,18.2,18
2024-09-01T09:00,28.9,76,51,16.9,40
2024-09-01T10:00,28.4,81,63,11.6,30
2024-09-01T11:00,30.1,74,51,10.0,30
2024-09-01T12:00,30.9,69,51,14.0,35
2024-09-01T13:00,31.7,67,3,16.0,44
2024-09-01T14:00,30.6,72,53,12.6,24
2024-09-01T15:00,31.1,69,53,13.7,18
2024-09-01T16:00,30.9,68,51,14.8,18
2024-09-01T17:00,30.1,75,51,8.4,25
2024-09-01T18:00,28.1,83,3,8.9,14
2024-09-01T19:00,26.0,89,53,11.6,338
2024-09-01T20:00,25.5,92,51,18.6,350
2024-09-01T21:00,24.8,94,63,10.7,20
2024-09-01T22:00,25.1,93,53,11.1,25
2024-09-01T23:00,24.9,94,51,9.9,19
2024-09-02T00:00,24.9,94,51,7.0,21
2024-09-02T01:00,24.9,94,51,10.9,17
2024-09-02T02:00,24.9,93,51,10.5,22
2024-09-02T03:00,25.0,93,51,11.8,40
2024-09-02T04:00,25.0,93,3,12.5,41
2024-09-02T05:00,25.0,93,3,11.0,52
2024-09-02T06:00,25.3,92,3,11.8,40
2024-09-02T07:00,25.7,90,3,12.2,47
2024-09-02T08:00,26.2,88,51,15.5,59
2024-09-02T09:00,26.3,86,51,14.8,64
2024-09-02T10:00,26.3,86,53,13.4,63
2024-09-02T11:00,26.9,86,3,11.3,53
2024-09-02T12:00,28.5,79,51,12.3,52
2024-09-02T13:00,29.1,77,51,13.9,69
2024-09-02T14:00,27.0,87,63,13.4,110
2024-09-02T15:00,27.7,85,53,7.7,79
2024-09-02T16:00,29.0,77,1,8.6,92
2024-09-02T17:00,27.3,82,63,13.9,127
2024-09-02T18:00,27.2,83,51,12.8,74
2024-09-02T19:00,25.7,89,2,9.6,77
2024-09-02T20:00,25.4,89,3,8.9,76
2024-09-02T21:00,25.1,91,51,5.9,76
2024-09-02T22:00,25.2,92,3,7.2,96
2024-09-02T23:00,25.2,93,53,7.6,93
2024-09-03T00:00,24.9,96,53,6.6,103
2024-09-03T01:00,25.0,95,51,8.2,119
2024-09-03T02:00,24.7,96,51,7.9,93
2024-09-03T03:00,24.4,98,51,6.1,62
2024-09-03T04:00,24.3,98,51,8.1,111
2024-09-03T05:00,24.3,98,51,6.4,128
2024-09-03T06:00,24.5,97,51,10.2,108
2024-09-03T07:00,25.0,94,3,12.1,113
2024-09-03T08:00,25.8,88,51,13.0,118
2024-09-03T09:00,27.2,80,51,12.6,121
2024-09-03T10:00,28.2,75,51,10.3,119
2024-09-03T11:00,29.5,70,3,10.3,115
2024-09-03T12:00,30.1,67,51,12.8,112
2024-09-03T13:00,30.1,68,51,12.1,107
2024-09-03T14:00,30.6,67,51,13.7,120
2024-09-03T15:00,30.8,65,51,13.1,127
2024-09-03T16:00,29.8,69,1,10.9,146
2024-09-03T17:00,29.3,73,0,6.0,163
2024-09-03T18:00,27.3,85,0,6.3,121
2024-09-03T19:00,26.6,87,2,6.2,126
2024-09-03T20:00,27.5,79,3,4.1,105
2024-09-03T21:00,27.4,79,3,1.6,243
2024-09-03T22:00,26.0,88,2,6.0,213
2024-09-03T23:00,25.3,92,3,8.9,238
2024-09-04T00:00,24.8,94,3,6.6,257
2024-09-04T01:00,24.5,96,3,5.8,248
2024-09-04T02:00,24.4,96,1,4.9,306
2024-09-04T03:00,23.9,98,1,4.0,243
2024-09-04T04:00,24.1,97,51,4.2,250
2024-09-04T05:00,24.0,96,51,5.6,297
2024-09-04T06:00,24.8,94,3,7.1,319
2024-09-04T07:00,26.1,89,3,4.3,270
2024-09-04T08:00,27.5,83,51,6.4,344
2024-09-04T09:00,28.6,77,51,6.6,347
2024-09-04T10:00,29.5,75,3,0.5,225
2024-09-04T11:00,30.0,73,51,5.9,284
2024-09-04T12:00,30.6,70,51,2.7,293
2024-09-04T13:00,30.3,70,51,2.6,214
2024-09-04T14:00,26.4,87,63,12.9,252
2024-09-04T15:00,28.3,79,3,5.2,286
2024-09-04T16:00,27.8,77,51,10.8,270
2024-09-04T17:00,27.6,81,51,4.1,285
2024-09-04T18:00,27.0,88,3,5.7,288
2024-09-04T19:00,27.1,83,3,8.3,288
2024-09-04T20:00,26.6,84,3,8.3,288
2024-09-04T21:00,26.1,87,3,6.2,280
2024-09-04T22:00,26.0,87,3,6.1,298
2024-09-04T23:00,25.7,89,3,6.6,311
2024-09-05T00:00,25.4,90,3,6.8,295
2024-09-05T01:00,25.3,90,3,6.8,295
2024-09-05T02:00,24.5,93,63,0.5,135
2024-09-05T03:00,24.3,95,53,4.0,355
2024-09-05T04:00,24.0,98,51,2.9,263
2024-09-05T05:00,24.4,94,3,4.0,260
2024-09-05T06:00,25.2,91,3,10.0,296
2024-09-05T07:00,26.4,86,2,13.8,303
2024-09-05T08:00,27.5,80,3,13.4,306
2024-09-05T09:00,28.4,77,51,10.3,306
2024-09-05T10:00,29.0,74,51,10.1,305
2024-09-05T11:00,29.1,72,51,11.6,300
2024-09-05T12:00,29.8,70,51,11.4,283
2024-09-05T13:00,30.3,67,51,10.1,287
2024-09-05T14:00,29.0,72,61,9.8,352
2024-09-05T15:00,27.2,85,51,5.4,48
2024-09-05T16:00,26.9,87,51,2.5,360
2024-09-05T17:00,26.8,89,51,4.9,17
2024-09-05T18:00,28.1,80,3,3.3,257
2024-09-05T19:00,26.8,87,3,4.3,265
2024-09-05T20:00,26.0,90,3,5.2,254
2024-09-05T21:00,25.7,89,3,5.8,248
2024-09-05T22:00,25.2,92,3,4.8,257
2024-09-05T23:00,25.0,93,3,4.8,257
2024-09-06T00:00,24.9,93,3,4.8,283
2024-09-06T01:00,24.6,94,3,4.8,297
2024-09-06T02:00,24.5,94,3,4.9,287
2024-09-06T03:00,24.4,94,3,5.6,285
2024-09-06T04:00,24.3,93,1,7.1,285
2024-09-06T05:00,24.1,95,1,6.2,291
2024-09-06T06:00,25.0,91,0,8.2,293
2024-09-06T07:00,26.2,87,1,6.6,292
2024-09-06T08:00,27.6,82,1,6.3,301
2024-09-06T09:00,28.9,77,3,6.9,317
2024-09-06T10:00,29.6,72,51,7.7,323
2024-09-06T11:00,30.5,69,3,5.6,297
2024-09-06T12:00,30.9,66,51,4.3,275
2024-09-06T13:00,30.9,67,3,6.1,273
2024-09-06T14:00,30.9,67,3,4.9,253
2024-09-06T15:00,31.1,67,2,4.1,195
2024-09-06T16:00,29.6,73,61,6.1,225
2024-09-06T17:00,28.5,79,51,5.6,220
2024-09-06T18:00,27.8,84,3,7.4,241
2024-09-06T19:00,26.8,89,3,6.8,342
2024-09-06T20:00,26.3,90,51,5.6,320
2024-09-06T21:00,25.9,90,3,7.4,293
2024-09-06T22:00,25.7,92,3,3.9,292
2024-09-06T23:00,25.6,92,3,2.3,288
2024-09-07T00:00,25.1,95,0,4.2,290
2024-09-07T01:00,24.7,96,1,5.2,304
2024-09-07T02:00,24.4,96,3,6.0,287
2024-09-07T03:00,24.1,96,3,4.1,285
2024-09-07T04:00,24.2,95,3,5.7,288
2024-09-07T05:00,24.2,95,3,6.0,303
2024-09-07T06:00,24.9,91,2,9.0,293
2024-09-07T07:00,26.2,85,3,10.7,310
2024-09-07T08:00,27.4,79,51,12.4,330
2024-09-07T09:00,28.5,77,51,10.0,347
2024-09-07T10:00,29.6,73,2,7.6,357
2024-09-07T11:00,30.2,72,51,5.0,360
2024-09-07T12:00,30.3,73,51,4.0,10
2024-09-07T13:00,31.1,69,51,4.7,4
2024-09-07T14:00,30.1,72,55,9.7,222
2024-09-07T15:00,27.9,82,51,15.3,251
2024-09-07T16:00,28.1,80,3,10.4,270
2024-09-07T17:00,28.2,81,3,7.3,261
2024-09-07T18:00,27.3,87,3,3.3,229
2024-09-07T19:00,26.4,91,61,1.1,108
2024-09-07T20:00,26.1,93,51,5.2,245
2024-09-07T21:00,25.8,92,51,7.7,281
2024-09-07T22:00,25.4,91,3,8.9,291
2024-09-07T23:00,25.0,92,3,8.1,291
2024-09-08T00:00,24.8,94,3,6.6,279
2024-09-08T01:00,24.7,94,3,7.2,288
2024-09-08T02:00,24.8,94,3,8.5,298
2024-09-08T03:00,24.7,92,3,12.5,303
2024-09-08T04:00,24.6,91,3,12.1,307
2024-09-08T05:00,24.4,92,3,10.5,301
2024-09-08T06:00,25.0,91,3,12.3,302
2024-09-08T07:00,26.2,85,2,15.8,313
2024-09-08T08:00,27.6,79,3,17.5,323
2024-09-08T09:00,28.4,78,51,13.1,323
2024-09-08T10:00,29.7,73,51,11.2,327
2024-09-08T11:00,30.5,69,51,9.7,333
2024-09-08T12:00,30.6,67,51,8.7,330
2024-09-08T13:00,27.1,84,63,12.2,294
2024-09-08T14:00,28.1,82,51,6.8,273
2024-09-08T15:00,27.2,80,63,12.7,313
2024-09-08T16:00,26.1,88,51,7.4,309
2024-09-08T17:00,26.8,88,51,5.4,266
2024-09-08T18:00,27.3,82,3,9.0,307
2024-09-08T19:00,26.9,83,3,10.6,294
2024-09-08T20:00,26.6,84,3,10.3,295
2024-09-08T21:00,26.5,83,3,10.9,297
2024-09-08T22:00,26.3,83,3,9.9,303
2024-09-08T23:00,26.1,83,3,10.6,305
2024-09-09T00:00,25.8,85,3,11.2,303
2024-09-09T01:00,25.6,86,3,11.4,298
2024-09-09T02:00,25.6,86,3,12.7,305
2024-09-09T03:00,25.3,87,51,8.0,324
2024-09-09T04:00,24.6,93,63,7.4,284
2024-09-09T05:00,24.5,93,51,9.3,298
2024-09-09T06:00,25.7,86,51,13.2,315
2024-09-09T07:00,26.1,86,53,10.2,318
2024-09-09T08:00,27.0,83,51,12.5,342
2024-09-09T09:00,27.4,83,53,9.8,343
2024-09-09T10:00,29.2,77,51,7.4,321
2024-09-09T11:00,30.5,72,51,7.5,305
2024-09-09T12:00,31.6,67,51,6.6,315
2024-09-09T13:00,27.8,83,63,14.1,302
2024-09-09T14:00,28.2,80,3,10.3,282
2024-09-09T15:00,28.4,79,51,12.0,303
2024-09-09T16:00,28.6,79,51,10.3,299
2024-09-09T17:00,28.7,80,51,7.6,262
2024-09-09T18:00,27.2,83,3,8.7,277
2024-09-09T19:00,27.0,84,3,10.8,266
2024-09-09T20:00,27.0,84,3,13.0,272
2024-09-09T21:00,27.0,83,3,16.1,286
2024-09-09T22:00,26.7,84,3,11.8,293
2024-09-09T23:00,25.9,88,63,9.6,326
2024-09-10T00:00,25.6,92,53,9.6,290
2024-09-10T01:00,25.2,93,63,9.0,268
2024-09-10T02:00,25.0,93,61,10.2,288
2024-09-10T03:00,25.0,93,53,11.4,294
2024-09-10T04:00,24.7,94,53,14.8,284
2024-09-10T05:00,24.7,94,53,11.2,310
2024-09-10T06:00,25.1,93,53,15.1,295
2024-09-10T07:00,25.2,93,61,14.2,294
2024-09-10T08:00,25.2,93,63,14.0,296
2024-09-10T09:00,25.3,92,63,16.5,290
2024-09-10T10:00,25.3,92,63,15.6,289
2024-09-10T11:00,25.3,92,61,15.4,286
2024-09-10T12:00,25.7,92,61,16.7,284
2024-09-10T13:00,26.1,91,61,17.4,283
2024-09-10T14:00,26.2,91,61,15.1,270
2024-09-10T15:00,26.0,92,61,15.7,259
2024-09-10T16:00,25.9,91,61,15.0,260
2024-09-10T17:00,25.7,91,61,16.1,260
2024-09-10T18:00,25.8,91,55,16.3,262
2024-09-10T19:00,25.8,92,61,16.3,264
2024-09-10T20:00,25.8,92,61,15.3,262
2024-09-10T21:00,25.6,92,61,15.5,265
2024-09-10T22:00,25.4,93,61,15.9,257
2024-09-10T23:00,25.2,93,55,16.6,252
2024-09-11T00:00,25.1,93,53,18.4,259
2024-09-11T01:00,25.0,93,51,18.4,259
2024-09-11T02:00,25.0,92,51,19.0,255
2024-09-11T03:00,24.9,93,3,18.3,254
2024-09-11T04:00,24.9,92,3,17.9,251
2024-09-11T05:00,24.8,92,51,17.9,245
2024-09-11T06:00,24.7,92,3,18.3,238
2024-09-11T07:00,25.3,87,3,23.0,243
2024-09-11T08:00,25.9,84,3,23.5,245
2024-09-11T09:00,27.1,79,3,22.8,252
2024-09-11T10:00,28.2,76,3,23.3,253
2024-09-11T11:00,29.8,71,51,23.2,257
2024-09-11T12:00,30.5,66,3,21.6,255
2024-09-11T13:00,30.7,67,3,20.3,247
2024-09-11T14:00,30.2,68,3,21.3,244
2024-09-11T15:00,29.7,71,51,20.7,247
2024-09-11T16:00,28.7,74,53,19.1,250
2024-09-11T17:00,28.3,78,51,13.6,238
2024-09-11T18:00,26.6,82,3,16.0,226
2024-09-11T19:00,26.3,82,3,14.6,230
2024-09-11T20:00,25.9,85,3,12.0,226
2024-09-11T21:00,25.9,86,3,13.2,227
2024-09-11T22:00,25.8,85,3,14.2,234
2024-09-11T23:00,25.6,85,3,13.8,237
2024-09-12T00:00,25.4,86,3,14.1,238
2024-09-12T01:00,25.2,87,3,13.0,236
2024-09-12T02:00,25.0,88,3,13.6,233
2024-09-12T03:00,24.9,88,3,14.2,240
2024-09-12T04:00,24.8,88,3,14.0,247
2024-09-12T05:00,24.6,89,3,13.0,251
2024-09-12T06:00,24.9,88,3,12.6,250
2024-09-12T07:00,25.9,83,3,13.4,250
2024-09-12T08:00,27.0,78,3,19.5,258
2024-09-12T09:00,28.2,73,51,18.9,262
2024-09-12T10:00,29.0,68,3,17.9,260
2024-09-12T11:00,30.0,64,51,17.5,256
2024-09-12T12:00,30.3,64,51,18.6,252
2024-09-12T13:00,30.8,62,51,17.3,249
2024-09-12T14:00,30.8,62,51,17.2,241
2024-09-12T15:00,30.7,62,51,15.7,238
2024-09-12T16:00,30.0,65,51,16.6,240
2024-09-12T17:00,28.7,74,51,11.8,247
2024-09-12T18:00,26.1,87,51,7.8,292
2024-09-12T19:00,25.7,89,51,5.5,259
2024-09-12T20:00,25.3,89,3,7.1,255
2024-09-12T21:00,25.0,90,3,7.1,246
2024-09-12T22:00,24.8,91,3,6.8,252
2024-09-12T23:00,24.7,91,3,8.7,253
2024-09-13T00:00,24.6,91,3,10.0,257
2024-09-13T01:00,24.5,92,3,9.4,266
2024-09-13T02:00,24.4,92,3,8.3,268
2024-09-13T03:00,24.2,93,3,8.3,265
2024-09-13T04:00,24.0,94,3,8.0,260
2024-09-13T05:00,23.9,94,3,7.7,259
2024-09-13T06:00,24.5,90,3,8.4,280
2024-09-13T07:00,25.5,86,3,8.0,275
2024-09-13T08:00,26.8,79,3,12.0,291
2024-09-13T09:00,27.7,73,51,12.6,290
2024-09-13T10:00,28.8,70,51,12.3,291
2024-09-13T11:00,29.4,66,51,11.7,281
2024-09-13T12:00,29.8,65,51,12.6,273
2024-09-13T13:00,30.2,64,51,12.8,259
2024-09-13T14:00,30.6,62,1,13.8,255
2024-09-13T15:00,30.4,63,3,14.8,267
2024-09-13T16:00,28.4,74,61,8.8,279
2024-09-13T17:00,28.2,77,51,6.5,236
2024-09-13T18:00,25.2,90,61,9.6,257
2024-09-13T19:00,25.7,86,61,10.4,250
2024-09-13T20:00,25.5,87,51,7.2,252
2024-09-13T21:00,25.3,90,51,5.4,200
2024-09-13T22:00,25.3,91,51,6.0,245
2024-09-13T23:00,25.3,91,3,6.2,263
2024-09-14T00:00,25.1,89,3,8.1,283
2024-09-14T01:00,24.4,86,3,9.8,287
2024-09-14T02:00,23.9,87,3,9.7,285
2024-09-14T03:00,23.6,87,3,9.4,288
2024-09-14T04:00,23.4,86,3,9.4,288
2024-09-14T05:00,23.3,86,1,10.0,291
2024-09-14T06:00,24.2,83,3,11.8,290
2024-09-14T07:00,25.0,81,3,11.2,291
2024-09-14T08:00,26.0,77,3,12.7,295
2024-09-14T09:00,27.3,72,3,13.5,299
2024-09-14T10:00,28.4,69,3,12.9,300
2024-09-14T11:00,29.3,63,3,11.4,305
2024-09-14T12:00,30.1,61,2,10.8,296
2024-09-14T13:00,30.5,58,3,13.3,289
2024-09-14T14:00,30.5,55,3,13.9,287
2024-09-14T15:00,30.5,55,3,13.9,291
2024-09-14T16:00,30.0,59,3,11.2,291
2024-09-14T17:00,28.6,66,3,6.9,279
2024-09-14T18:00,26.8,71,3,6.3,246
2024-09-14T19:00,26.1,73,3,8.4,239
2024-09-14T20:00,25.7,72,3,10.5,264
2024-09-14T21:00,25.2,74,3,9.1,279
2024-09-14T22:00,24.7,77,3,9.2,291
2024-09-14T23:00,24.1,81,1,9.2,296
2024-09-15T00:00,23.7,83,3,9.2,301
2024-09-15T01:00,23.4,83,3,10.0,300
2024-09-15T02:00,23.1,84,3,10.0,300
2024-09-15T03:00,23.0,84,3,10.0,300
2024-09-15T04:00,22.8,84,0,9.2,301
2024-09-15T05:00,22.6,86,0,8.8,305
2024-09-15T06:00,23.5,83,2,10.0,300
2024-09-15T07:00,24.8,81,2,9.5,295
2024-09-15T08:00,26.0,78,2,10.7,290
2024-09-15T09:00,27.5,73,2,11.6,296
2024-09-15T10:00,28.5,69,3,11.3,301
2024-09-15T11:00,29.1,67,3,10.8,300
2024-09-15T12:00,29.6,64,3,11.1,295
2024-09-15T13:00,30.1,62,3,10.2,293
2024-09-15T14:00,30.3,62,3,8.8,282
2024-09-15T15:00,28.9,67,51,12.9,330
2024-09-15T16:00,28.2,69,51,9.8,287
2024-09-15T17:00,27.8,73,3,9.4,274
2024-09-15T18:00,26.8,76,3,8.2,255
2024-09-15T19:00,26.1,77,3,9.4,268
2024-09-15T20:00,25.7,77,3,10.9,278
2024-09-15T21:00,25.5,76,3,12.6,294
2024-09-15T22:00,25.2,76,3,13.6,302
2024-09-15T23:00,24.9,78,3,12.9,306
2024-09-16T00:00,24.4,80,3,12.7,305
2024-09-16T01:00,24.0,83,3,11.9,305
2024-09-16T02:00,23.5,85,3,11.4,305
2024-09-16T03:00,23.2,87,3,11.6,300
2024-09-16T04:00,23.1,89,2,11.7,304
2024-09-16T05:00,23.0,89,0,12.6,307
2024-09-16T06:00,23.8,85,3,13.8,313
2024-09-16T07:00,24.9,81,1,15.9,321
2024-09-16T08:00,26.4,75,1,17.8,328
2024-09-16T09:00,28.1,67,2,17.4,336
2024-09-16T10:00,28.8,66,51,16.1,331
2024-09-16T11:00,29.6,63,51,14.7,335
2024-09-16T12:00,30.3,63,51,13.7,333
2024-09-16T13:00,30.5,62,3,12.8,328
2024-09-16T14:00,30.6,61,3,12.5,327
2024-09-16T15:00,30.0,64,51,10.9,354
2024-09-16T16:00,28.7,68,51,11.9,295
2024-09-16T17:00,27.9,73,3,9.0,275
2024-09-16T18:00,27.4,71,3,9.9,289
2024-09-16T19:00,27.7,67,3,12.5,303
2024-09-16T20:00,27.1,68,3,13.0,309
2024-09-16T21:00,26.3,71,3,10.7,315
2024-09-16T22:00,25.6,75,3,11.5,309
2024-09-16T23:00,25.7,75,3,9.4,310
2024-09-17T00:00,25.6,76,3,11.6,300
2024-09-17T01:00,25.7,75,3,13.6,302
2024-09-17T02:00,25.6,75,3,14.3,315
2024-09-17T03:00,25.1,78,51,14.4,307
2024-09-17T04:00,25.1,77,3,14.8,304
2024-09-17T05:00,25.2,77,3,14.4,302
2024-09-17T06:00,25.2,78,3,16.1,304
2024-09-17T07:00,25.6,78,3,16.4,310
2024-09-17T08:00,26.5,76,3,15.5,314
2024-09-17T09:00,27.8,72,3,16.5,306
2024-09-17T10:00,29.3,65,3,19.7,322
2024-09-17T11:00,29.7,64,3,18.9,318
2024-09-17T12:00,30.0,62,3,19.6,314
2024-09-17T13:00,30.5,61,2,19.2,310
2024-09-17T14:00,30.8,58,2,19.7,305
2024-09-17T15:00,30.7,59,1,18.0,303
2024-09-17T16:00,30.4,60,3,15.8,300
2024-09-17T17:00,29.0,64,3,15.0,305
2024-09-17T18:00,27.7,68,3,11.6,300
2024-09-17T19:00,27.4,69,3,11.4,283
2024-09-17T20:00,27.3,70,3,13.5,286
2024-09-17T21:00,26.7,71,3,13.6,287
2024-09-17T22:00,26.0,74,3,13.5,286
2024-09-17T23:00,25.8,75,3,13.6,281
2024-09-18T00:00,25.4,76,3,11.3,277
2024-09-18T01:00,25.2,77,3,10.4,272
2024-09-18T02:00,25.0,78,3,10.8,268
2024-09-18T03:00,24.7,79,3,9.7,270
2024-09-18T04:00,24.3,81,1,9.0,270
2024-09-18T05:00,24.1,82,1,8.7,265
2024-09-18T06:00,24.2,82,1,9.8,276
2024-09-18T07:00,25.5,80,0,10.5,264
2024-09-18T08:00,26.8,74,1,13.5,279
2024-09-18T09:00,27.9,69,0,15.3,285
2024-09-18T10:00,29.1,63,0,12.9,283
2024-09-18T11:00,29.8,59,1,14.4,292
2024-09-18T12:00,30.4,57,0,13.3,289
2024-09-18T13:00,31.2,54,1,14.8,299
2024-09-18T14:00,31.3,52,51,15.6,299
2024-09-18T15:00,31.1,53,2,14.4,307
2024-09-18T16:00,30.4,58,1,9.9,327
2024-09-18T17:00,29.1,68,1,4.7,23
2024-09-18T18:00,25.9,80,0,6.0,287
2024-09-18T19:00,25.3,84,1,5.6,333
2024-09-18T20:00,25.1,87,0,4.9,306
2024-09-18T21:00,24.6,91,1,4.3,294
2024-09-18T22:00,24.3,93,0,4.3,275
2024-09-18T23:00,24.0,95,0,4.7,266
2024-09-19T00:00,23.7,96,1,4.1,255
2024-09-19T01:00,23.3,97,0,5.8,248
2024-09-19T02:00,23.3,97,0,4.7,266
2024-09-19T03:00,22.8,98,0,5.3,298
2024-09-19T04:00,22.7,99,0,4.1,345
2024-09-19T05:00,23.1,98,0,2.6,344
2024-09-19T06:00,23.5,96,0,5.4,307
2024-09-19T07:00,24.9,91,0,4.1,308
2024-09-19T08:00,26.6,83,0,3.4,302
2024-09-19T09:00,28.3,76,0,2.7,293
2024-09-19T10:00,29.6,70,0,2.7,293
2024-09-19T11:00,30.5,65,0,2.5,278
2024-09-19T12:00,31.0,65,2,2.5,262
2024-09-19T13:00,31.2,64,3,3.8,253
2024-09-19T14:00,31.5,62,51,4.3,246
2024-09-19T15:00,30.2,66,51,10.6,242
2024-09-19T16:00,28.8,74,51,7.0,258
2024-09-19T17:00,28.2,78,2,8.0,260
2024-09-19T18:00,27.3,84,0,5.2,335
2024-09-19T19:00,26.5,83,51,9.7,358
2024-09-19T20:00,25.8,81,51,0.8,207
2024-09-19T21:00,25.2,91,3,2.5,270
2024-09-19T22:00,24.8,92,3,3.8,287
2024-09-19T23:00,24.8,92,3,3.4,328
2024-09-20T00:00,24.5,92,3,4.7,302
2024-09-20T01:00,24.2,94,3,4.4,305
2024-09-20T02:00,24.1,94,3,5.0,300
2024-09-20T03:00,23.9,95,3,4.9,306
2024-09-20T04:00,23.8,95,3,5.6,315
2024-09-20T05:00,23.6,95,3,5.9,322
2024-09-20T06:00,24.7,90,3,9.7,329
2024-09-20T07:00,26.1,85,3,8.5,332
2024-09-20T08:00,27.9,77,0,9.4,337
2024-09-20T09:00,29.3,70,0,10.2,342
2024-09-20T10:00,30.6,64,0,10.0,347
2024-09-20T11:00,31.6,61,0,8.4,350
2024-09-20T12:00,32.3,59,0,8.3,342
2024-09-20T13:00,32.4,58,1,7.6,341
2024-09-20T14:00,32.3,58,1,8.2,345
2024-09-20T15:00,32.0,58,2,8.9,333
2024-09-20T16:00,29.7,67,51,2.3,129
2024-09-20T17:00,28.1,79,3,8.0,153
2024-09-20T18:00,28.1,80,2,3.3,264
2024-09-20T19:00,27.2,83,1,5.4,270
2024-09-20T20:00,26.2,90,0,4.9,306
2024-09-20T21:00,25.9,90,0,3.9,338
2024-09-20T22:00,25.8,90,0,5.0,330
2024-09-20T23:00,25.4,91,0,4.3,318
2024-09-21T00:00,25.3,91,0,5.4,323
2024-09-21T01:00,25.0,92,0,5.4,323
2024-09-21T02:00,24.8,94,0,5.5,328
2024-09-21T03:00,24.6,95,0,6.2,339
2024-09-21T04:00,24.5,95,0,7.1,336
2024-09-21T05:00,24.4,95,0,6.9,332
2024-09-21T06:00,25.1,89,0,8.9,328
2024-09-21T07:00,26.5,84,0,7.0,339
2024-09-21T08:00,28.4,79,0,6.6,347
2024-09-21T09:00,30.2,70,0,8.0,8
2024-09-21T10:00,31.2,67,0,8.2,38
2024-09-21T11:00,31.9,64,51,7.0,35
2024-09-21T12:00,31.9,63,51,7.2,27
2024-09-21T13:00,29.1,76,61,9.1,34
2024-09-21T14:00,30.3,70,51,10.0,21
2024-09-21T15:00,30.1,71,3,12.6,2
2024-09-21T16:00,29.8,72,3,10.1,356
2024-09-21T17:00,29.0,74,3,7.2,354
2024-09-21T18:00,28.6,78,3,5.4,20
2024-09-21T19:00,28.4,79,3,7.3,9
2024-09-21T20:00,27.7,83,3,5.9,346
2024-09-21T21:00,26.8,89,3,4.4,305
2024-09-21T22:00,25.2,90,3,12.5,221
2024-09-21T23:00,25.3,86,2,10.0,283
2024-09-22T00:00,25.1,88,3,9.8,287
2024-09-22T01:00,24.9,89,3,7.4,313
2024-09-22T02:00,24.8,89,3,9.6,326
2024-09-22T03:00,24.5,91,3,8.2,322
2024-09-22T04:00,24.4,91,3,6.0,335
2024-09-22T05:00,24.1,93,3,3.7,29
2024-09-22T06:00,23.7,93,3,9.9,303
2024-09-22T07:00,24.7,89,51,9.1,326
2024-09-22T08:00,26.2,85,3,11.6,324
2024-09-22T09:00,27.6,81,3,10.5,333
2024-09-22T10:00,29.3,73,3,10.2,18
2024-09-22T11:00,30.2,72,51,7.8,34
2024-09-22T12:00,31.4,69,51,8.2,38
2024-09-22T13:00,31.3,66,51,7.1,60
2024-09-22T14:00,29.6,71,55,14.7,17
2024-09-22T15:00,29.4,73,51,8.6,15
2024-09-22T16:00,29.6,72,3,4.0,27
2024-09-22T17:00,29.2,75,3,2.8,40
2024-09-22T18:00,26.4,91,63,6.6,299
2024-09-22T19:00,26.1,93,53,8.7,308
2024-09-22T20:00,25.8,92,3,7.7,319
2024-09-22T21:00,25.5,92,51,7.4,313
2024-09-22T22:00,25.3,94,3,7.5,325
2024-09-22T23:00,25.1,94,3,6.8,335
2024-09-23T00:00,24.9,95,3,6.3,329
2024-09-23T01:00,24.8,96,3,6.6,331
2024-09-23T02:00,24.6,96,3,6.5,326
2024-09-23T03:00,24.6,96,3,7.4,337
2024-09-23T04:00,24.6,96,3,7.2,342
2024-09-23T05:00,24.4,96,3,5.0,339
2024-09-23T06:00,24.8,95,3,8.0,342
2024-09-23T07:00,25.6,90,3,11.4,342
2024-09-23T08:00,26.7,86,3,10.5,344
2024-09-23T09:00,27.3,84,3,7.8,13
2024-09-23T10:00,29.7,75,51,8.0,27
2024-09-23T11:00,30.9,72,51,7.6,31
2024-09-23T12:00,31.6,69,51,7.7,49
2024-09-23T13:00,31.5,66,51,7.7,41
2024-09-23T14:00,29.2,78,63,8.6,92
2024-09-23T15:00,29.0,77,55,4.1,308
2024-09-23T16:00,26.8,88,63,7.6,8
2024-09-23T17:00,26.8,89,3,7.6,355
2024-09-23T18:00,27.4,87,51,9.4,2
2024-09-23T19:00,26.8,90,3,8.6,327
2024-09-23T20:00,26.4,92,3,4.7,328
2024-09-23T21:00,26.0,93,3,5.4,318
2024-09-23T22:00,25.6,95,3,4.4,325
2024-09-23T23:00,25.4,95,3,5.3,332
2024-09-24T00:00,25.2,96,3,3.9,338
2024-09-24T01:00,25.1,96,3,4.8,333
2024-09-24T02:00,24.9,97,3,4.9,324
2024-09-24T03:00,24.8,96,3,6.7,324
2024-09-24T04:00,24.7,96,3,5.4,323
2024-09-24T05:00,24.5,96,3,5.9,317
2024-09-24T06:00,25.2,96,3,6.7,344
2024-09-24T07:00,26.7,90,3,5.7,342
2024-09-24T08:00,27.8,85,51,8.2,331
2024-09-24T09:00,28.7,81,51,9.7,4
2024-09-24T10:00,29.8,75,61,10.5,6
2024-09-24T11:00,29.2,78,63,9.2,349
2024-09-24T12:00,26.4,89,65,12.6,63
2024-09-24T13:00,26.3,91,63,7.6,45
2024-09-24T14:00,26.4,91,55,6.6,68
2024-09-24T15:00,27.4,85,51,6.1,3
2024-09-24T16:00,27.8,82,3,5.9,52
2024-09-24T17:00,27.7,83,3,2.9,97
2024-09-24T18:00,26.1,91,3,3.8,311
2024-09-24T19:00,26.0,92,51,3.0,284
2024-09-24T20:00,25.7,94,51,3.8,253
2024-09-24T21:00,25.4,96,3,3.1,201
2024-09-24T22:00,24.9,98,55,2.7,337
2024-09-24T23:00,24.9,97,53,2.5,270
2024-09-25T00:00,24.4,99,3,2.9,263
2024-09-25T01:00,24.4,99,3,2.7,337
2024-09-25T02:00,24.4,96,61,6.5,3
2024-09-25T03:00,24.0,97,63,8.6,2
2024-09-25T04:00,23.6,99,51,2.9,263
2024-09-25T05:00,23.8,98,53,2.5,262
2024-09-25T06:00,24.3,97,51,4.5,14
2024-09-25T07:00,24.9,93,53,6.1,2
2024-09-25T08:00,26.2,87,51,7.0,12
2024-09-25T09:00,27.5,82,51,4.7,47
2024-09-25T10:00,28.4,79,51,3.5,51
2024-09-25T11:00,28.9,77,51,1.6,6
2024-09-25T12:00,29.8,73,51,2.7,28
2024-09-25T13:00,28.6,78,63,6.2,83
2024-09-25T14:00,26.2,90,65,6.7,95
2024-09-25T15:00,26.6,88,53,4.8,31
2024-09-25T16:00,27.0,88,51,5.4,26
2024-09-25T17:00,26.6,89,51,2.6,106
2024-09-25T18:00,25.2,95,63,5.4,88
2024-09-25T19:00,25.2,96,55,4.0,148
2024-09-25T20:00,25.2,96,53,3.0,57
2024-09-25T21:00,24.9,96,51,5.2,63
2024-09-25T22:00,24.4,98,55,5.6,2
2024-09-25T23:00,24.0,97,63,5.6,25
2024-09-26T00:00,23.9,96,55,1.6,117
2024-09-26T01:00,23.8,97,61,2.1,70
2024-09-26T02:00,23.8,97,53,1.5,60
2024-09-26T03:00,23.9,96,51,3.1,31
2024-09-26T04:00,23.8,97,51,4.1,38
2024-09-26T05:00,23.8,96,3,4.0,51
2024-09-26T06:00,24.2,96,3,1.9,326
2024-09-26T07:00,25.0,91,3,2.7,337
2024-09-26T08:00,26.2,84,3,3.8,41
2024-09-26T09:00,27.6,82,3,3.9,74
2024-09-26T10:00,28.4,80,3,2.1,121
2024-09-26T11:00,28.9,76,51,5.5,157
2024-09-26T12:00,28.5,79,61,7.7,191
2024-09-26T13:00,28.6,78,63,10.1,197
2024-09-26T14:00,28.9,78,63,4.5,230
2024-09-26T15:00,27.0,81,65,12.7,231
2024-09-26T16:00,26.2,89,63,2.2,166
2024-09-26T17:00,26.1,92,53,3.1,204
2024-09-26T18:00,25.3,96,61,6.0,171
2024-09-26T19:00,24.9,94,65,6.7,189
2024-09-26T20:00,24.6,96,63,4.8,225
2024-09-26T21:00,24.7,96,61,5.1,207
2024-09-26T22:00,24.7,97,63,6.7,186
2024-09-26T23:00,24.4,97,63,4.6,222
2024-09-27T00:00,24.3,97,63,5.0,235
2024-09-27T01:00,24.4,97,55,8.2,203
2024-09-27T02:00,24.4,97,53,8.8,182
2024-09-27T03:00,24.3,97,53,9.9,179
2024-09-27T04:00,24.2,98,53,11.7,183
2024-09-27T05:00,24.2,98,61,11.4,186
2024-09-27T06:00,24.3,98,53,8.8,178
2024-09-27T07:00,24.5,97,55,9.5,189
2024-09-27T08:00,24.8,96,55,9.7,191
2024-09-27T09:00,25.0,95,53,11.4,198
2024-09-27T10:00,26.2,88,51,13.6,209
2024-09-27T11:00,27.9,82,51,13.6,212
2024-09-27T12:00,27.2,88,63,11.9,209
2024-09-27T13:00,27.9,85,53,12.0,221
2024-09-27T14:00,28.2,81,51,13.2,226
2024-09-27T15:00,27.4,83,51,14.7,216
2024-09-27T16:00,27.7,80,3,13.9,207
2024-09-27T17:00,27.1,83,3,8.6,192
2024-09-27T18:00,26.8,84,51,10.7,194
2024-09-27T19:00,26.7,81,3,14.4,208
2024-09-27T20:00,26.3,82,3,12.1,195
2024-09-27T21:00,25.9,85,3,10.6,204
2024-09-27T22:00,25.5,87,3,8.7,212
2024-09-27T23:00,25.2,89,3,7.7,204
2024-09-28T00:00,25.0,89,3,8.6,196
2024-09-28T01:00,24.8,91,3,8.0,190
2024-09-28T02:00,24.5,92,3,7.3,197
2024-09-28T03:00,24.4,92,3,10.1,190
2024-09-28T04:00,24.2,91,3,11.3,190
2024-09-28T05:00,24.0,90,3,10.5,188
2024-09-28T06:00,24.4,87,3,12.8,185
2024-09-28T07:00,25.4,83,3,14.4,198
2024-09-28T08:00,26.5,79,3,14.7,203
2024-09-28T09:00,27.7,74,3,16.8,208
2024-09-28T10:00,28.1,74,51,16.0,205
2024-09-28T11:00,28.3,73,51,18.1,210
2024-09-28T12:00,29.2,70,51,16.2,212
2024-09-28T13:00,29.5,69,51,14.7,202
2024-09-28T14:00,29.8,68,51,14.4,198
2024-09-28T15:00,30.2,66,3,15.6,201
2024-09-28T16:00,29.4,70,51,15.4,206
2024-09-28T17:00,28.5,75,3,10.5,221
2024-09-28T18:00,27.1,80,3,6.1,177
2024-09-28T19:00,26.7,82,2,7.6,181
2024-09-28T20:00,26.3,85,0,6.3,195
2024-09-28T21:00,25.8,88,0,5.2,214
2024-09-28T22:00,25.3,91,3,5.2,226
2024-09-28T23:00,25.3,91,3,6.8,233
2024-09-29T00:00,25.2,91,1,4.2,200
2024-09-29T01:00,24.5,94,61,1.1,72
2024-09-29T02:00,24.6,93,51,3.9,167
2024-09-29T03:00,24.4,94,3,6.4,191
2024-09-29T04:00,24.1,94,3,5.9,207
2024-09-29T05:00,23.9,95,3,5.5,212
2024-09-29T06:00,24.9,94,3,5.6,209
2024-09-29T07:00,25.9,92,3,5.1,197
2024-09-29T08:00,27.3,85,3,7.6,218
2024-09-29T09:00,28.4,79,51,9.2,220
2024-09-29T10:00,29.1,75,51,10.2,214
2024-09-29T11:00,29.9,73,51,10.0,221
2024-09-29T12:00,30.7,67,51,10.5,232
2024-09-29T13:00,31.4,64,1,11.5,231
2024-09-29T14:00,31.6,63,1,12.5,231
2024-09-29T15:00,31.2,64,1,13.2,227
2024-09-29T16:00,30.7,67,3,11.3,217
2024-09-29T17:00,29.4,73,3,7.4,202
2024-09-29T18:00,27.6,82,2,5.2,158
2024-09-29T19:00,26.9,85,2,5.1,170
2024-09-29T20:00,26.6,87,3,5.9,180
2024-09-29T21:00,26.2,89,3,5.3,204
2024-09-29T22:00,25.7,92,0,5.4,222
2024-09-29T23:00,25.4,93,1,6.2,213
2024-09-30T00:00,25.1,94,2,6.0,213
2024-09-30T01:00,24.7,96,2,5.1,216
2024-09-30T02:00,24.5,96,1,5.0,226
2024-09-30T03:00,24.1,97,0,4.5,241
2024-09-30T04:00,23.6,98,0,4.5,310
2024-09-30T05:00,23.7,98,1,4.1,347
2024-09-30T06:00,25.4,95,0,5.5,247
2024-09-30T07:00,26.6,90,0,4.0,240
2024-09-30T08:00,28.1,84,1,4.6,239
2024-09-30T09:00,29.6,76,0,6.3,239
2024-09-30T10:00,30.5,72,51,9.0,235
2024-09-30T11:00,31.3,66,0,11.3,233
2024-09-30T12:00,31.8,63,0,12.5,233
2024-09-30T13:00,32.0,62,0,12.4,236
2024-09-30T14:00,32.3,60,0,11.8,246
2024-09-30T15:00,31.9,61,1,11.8,244
2024-09-30T16:00,31.1,66,51,9.4,259
2024-09-30T17:00,30.0,78,2,2.8,281
2024-09-30T18:00,29.0,82,3,2.3,141
2024-09-30T19:00,28.4,83,3,3.1,187
2024-09-30T20:00,27.4,90,3,4.8,225
2024-09-30T21:00,26.7,91,3,4.4,238
2024-09-30T22:00,26.3,90,3,5.2,258
2024-09-30T23:00,26.0,90,3,5.4,268
2024-10-01T00:00,25.8,90,2,6.0,280
2024-10-01T01:00,25.5,91,0,5.4,284
2024-10-01T02:00,25.0,92,0,4.6,283
2024-10-01T03:00,24.7,93,0,4.8,290
2024-10-01T04:00,24.6,93,0,5.3,298
2024-10-01T05:00,24.3,94,0,4.6,312
2024-10-01T06:00,25.2,92,1,5.3,325
2024-10-01T07:00,26.5,89,0,2.2,312
2024-10-01T08:00,28.1,83,0,3.4,313
2024-10-01T09:00,29.6,74,51,5.5,306
2024-10-01T10:00,30.8,67,1,6.3,290
2024-10-01T11:00,31.7,63,1,6.7,278
2024-10-01T12:00,32.3,60,1,6.9,264
2024-10-01T13:00,32.7,58,1,5.8,256
2024-10-01T14:00,32.9,57,0,5.7,261
2024-10-01T15:00,32.4,58,1,7.4,292
2024-10-01T16:00,31.7,61,1,8.0,297
2024-10-01T17:00,30.1,69,2,6.5,294
2024-10-01T18:00,28.6,79,0,6.3,211
2024-10-01T19:00,28.2,77,1,6.2,201
2024-10-01T20:00,27.6,79,1,6.9,219
2024-10-01T21:00,27.2,79,1,7.7,239
2024-10-01T22:00,26.9,80,1,8.1,245
2024-10-01T23:00,26.5,82,0,8.1,253
2024-10-02T00:00,26.2,83,0,7.9,269
2024-10-02T01:00,25.9,83,0,8.5,282
2024-10-02T02:00,25.7,85,1,8.1,291
2024-10-02T03:00,25.2,88,0,6.7,294
2024-10-02T04:00,24.9,89,1,6.9,300
2024-10-02T05:00,24.6,90,2,6.7,308
2024-10-02T06:00,25.6,87,3,6.6,311
2024-10-02T07:00,26.8,85,1,5.3,325
2024-10-02T08:00,28.5,79,1,6.3,342
2024-10-02T09:00,30.2,72,2,10.0,342
2024-10-02T10:00,31.7,64,3,11.6,348
2024-10-02T11:00,32.7,57,0,9.0,348
2024-10-02T12:00,33.3,54,1,7.7,349
2024-10-02T13:00,33.8,50,1,8.1,356
2024-10-02T14:00,33.9,48,0,7.4,360
2024-10-02T15:00,34.0,48,0,6.2,345
2024-10-02T16:00,33.4,54,2,5.1,315
2024-10-02T17:00,31.2,70,3,5.2,272
2024-10-02T18:00,29.5,70,3,5.8,236
2024-10-02T19:00,28.4,75,3,6.4,234
2024-10-02T20:00,27.6,78,3,8.4,254
2024-10-02T21:00,27.4,79,1,8.6,250
2024-10-02T22:00,27.0,82,1,7.5,262
2024-10-02T23:00,26.4,83,3,7.8,289
2024-10-03T00:00,26.2,82,2,8.4,298
2024-10-03T01:00,25.8,85,2,7.7,306
2024-10-03T02:00,25.4,87,0,6.5,309
2024-10-03T03:00,25.1,89,2,6.3,321
2024-10-03T04:00,24.8,90,3,6.7,322
2024-10-03T05:00,24.8,89,3,7.9,319
2024-10-03T06:00,26.0,82,2,11.2,311
2024-10-03T07:00,27.1,80,2,11.2,316
2024-10-03T08:00,28.6,75,2,12.7,320
2024-10-03T09:00,30.2,70,2,12.8,318
2024-10-03T10:00,31.8,62,3,12.3,321
2024-10-03T11:00,33.0,54,2,10.9,327
2024-10-03T12:00,33.8,48,0,9.3,332
2024-10-03T13:00,34.4,44,0,7.8,334
2024-10-03T14:00,34.7,41,3,5.8,338
2024-10-03T15:00,34.7,41,3,5.8,360
2024-10-03T16:00,33.3,53,3,5.8,20
2024-10-03T17:00,30.8,66,3,5.5,41
2024-10-03T18:00,28.7,75,3,7.9,35
2024-10-03T19:00,28.0,74,0,4.3,294
2024-10-03T20:00,27.3,75,0,6.7,279
2024-10-03T21:00,27.0,74,0,7.1,294
2024-10-03T22:00,26.7,73,0,7.5,316
2024-10-03T23:00,26.3,76,2,8.3,321
2024-10-04T00:00,25.6,80,3,7.8,323
2024-10-04T01:00,25.1,83,3,7.9,325
2024-10-04T02:00,24.7,85,3,8.4,325
2024-10-04T03:00,24.5,87,3,9.2,320
2024-10-04T04:00,24.4,86,3,9.3,317
2024-10-04T05:00,24.5,86,1,10.3,322
2024-10-04T06:00,24.7,85,2,9.9,314
2024-10-04T07:00,26.2,82,3,9.7,315
2024-10-04T08:00,28.0,76,3,10.9,316
2024-10-04T09:00,29.6,70,3,10.8,317
2024-10-04T10:00,31.2,61,2,10.3,319
2024-10-04T11:00,32.5,53,1,8.8,321
2024-10-04T12:00,33.2,47,3,7.8,318
2024-10-04T13:00,33.4,44,2,7.0,312
2024-10-04T14:00,33.4,42,3,6.8,312
2024-10-04T15:00,33.3,42,3,5.4,296
2024-10-04T16:00,32.4,51,3,4.5,275
2024-10-04T17:00,30.2,64,2,5.3,252
2024-10-04T18:00,28.7,69,1,6.5,270
2024-10-04T19:00,29.2,63,1,2.0,175
2024-10-04T20:00,26.9,82,0,5.2,115
2024-10-04T21:00,27.8,74,0,2.6,155
2024-10-04T22:00,26.1,82,0,4.8,255
2024-10-04T23:00,25.4,83,0,6.0,303
2024-10-05T00:00,24.7,85,0,5.6,333
2024-10-05T01:00,24.1,88,0,5.1,333
2024-10-05T02:00,23.9,88,0,6.6,327
2024-10-05T03:00,23.7,85,0,7.2,332
2024-10-05T04:00,23.2,86,0,6.5,336
2024-10-05T05:00,22.8,88,0,7.8,334
2024-10-05T06:00,23.8,77,1,9.8,325
2024-10-05T07:00,25.0,77,0,8.7,330
2024-10-05T08:00,27.0,71,0,8.0,337
2024-10-05T09:00,29.1,65,0,8.4,350
2024-10-05T10:00,30.8,57,0,8.1,6
2024-10-05T11:00,31.9,51,0,7.0,26
2024-10-05T12:00,32.5,49,0,6.4,38
2024-10-05T13:00,33.0,44,0,6.0,37
2024-10-05T14:00,33.2,41,0,6.9,33
2024-10-05T15:00,32.9,41,0,6.9,28
2024-10-05T16:00,32.2,51,0,3.1,360
2024-10-05T17:00,31.2,53,0,2.4,253
2024-10-05T18:00,23.4,96,65,9.7,12
2024-10-05T19:00,24.0,94,65,6.9,346
2024-10-05T20:00,24.3,91,61,9.2,332
2024-10-05T21:00,24.6,89,3,9.4,290
2024-10-05T22:00,24.6,89,3,7.5,287
2024-10-05T23:00,24.1,85,51,17.0,5
2024-10-06T00:00,23.3,88,55,14.6,26
2024-10-06T01:00,23.7,86,53,11.7,343
2024-10-06T02:00,23.5,86,51,11.0,302
2024-10-06T03:00,23.7,86,3,7.1,336
2024-10-06T04:00,23.5,88,3,9.0,358
2024-10-06T05:00,23.2,88,1,10.1,355
2024-10-06T06:00,24.2,86,1,11.9,342
2024-10-06T07:00,25.2,85,2,9.4,348
2024-10-06T08:00,27.2,79,0,8.4,353
2024-10-06T09:00,29.6,69,1,9.4,7
2024-10-06T10:00,31.1,61,1,9.9,27
2024-10-06T11:00,32.0,54,2,11.5,41
2024-10-06T12:00,32.5,51,2,11.7,52
2024-10-06T13:00,32.6,46,2,11.3,59
2024-10-06T14:00,32.8,44,2,9.7,63
2024-10-06T15:00,31.6,48,2,13.3,41
2024-10-06T16:00,30.8,56,3,8.3,27
2024-10-06T17:00,29.2,69,1,4.4,351
2024-10-06T18:00,28.1,68,1,2.8,320
2024-10-06T19:00,26.6,76,0,5.3,308
2024-10-06T20:00,26.0,79,1,5.1,321
2024-10-06T21:00,25.3,80,0,5.0,334
2024-10-06T22:00,24.4,82,0,5.0,314
2024-10-06T23:00,24.0,84,0,8.7,338
2024-10-07T00:00,24.0,82,0,9.2,2
2024-10-07T01:00,24.0,79,0,8.3,14
2024-10-07T02:00,23.6,80,0,7.9,11
2024-10-07T03:00,23.1,82,0,7.2,359
2024-10-07T04:00,22.9,82,1,8.4,353
2024-10-07T05:00,22.6,82,2,8.7,356
2024-10-07T06:00,23.4,80,0,8.0,354
2024-10-07T07:00,24.9,78,0,6.9,355
2024-10-07T08:00,26.9,73,0,6.4,18
2024-10-07T09:00,28.8,67,0,7.3,42
2024-10-07T10:00,30.3,61,0,8.8,51
2024-10-07T11:00,31.5,54,1,8.7,48
2024-10-07T12:00,32.0,49,1,7.5,42
2024-10-07T13:00,32.1,48,1,6.6,45
2024-10-07T14:00,32.0,49,1,6.7,44
2024-10-07T15:00,31.7,49,1,5.5,49
2024-10-07T16:00,31.3,51,1,3.8,49
2024-10-07T17:00,30.0,70,0,1.7,72
2024-10-07T18:00,27.6,71,1,7.4,26
2024-10-07T19:00,27.1,71,3,6.8,78
2024-10-07T20:00,26.8,71,3,6.0,115
2024-10-07T21:00,25.7,81,3,8.3,134
2024-10-07T22:00,27.0,70,3,3.1,59
2024-10-07T23:00,25.4,79,3,2.9,349
2024-10-08T00:00,24.9,83,3,7.0,12
2024-10-08T01:00,24.3,88,3,5.6,68
2024-10-08T02:00,24.1,89,3,6.2,123
2024-10-08T03:00,24.3,87,3,4.7,108
2024-10-08T04:00,23.9,88,3,3.6,354
2024-10-08T05:00,23.5,89,3,6.4,352
2024-10-08T06:00,24.5,85,3,6.0,3
2024-10-08T07:00,25.9,80,1,4.1,15
2024-10-08T08:00,27.5,74,0,4.5,40
2024-10-08T09:00,29.0,71,1,5.6,50
2024-10-08T10:00,30.0,67,51,5.2,65
2024-10-08T11:00,30.7,65,51,4.6,77
2024-10-08T12:00,31.4,60,51,3.9,62
2024-10-08T13:00,31.9,56,1,3.8,41
2024-10-08T14:00,31.7,57,2,5.4,15
2024-10-08T15:00,31.1,57,51,3.1,13
2024-10-08T16:00,30.9,57,3,1.5,330
2024-10-08T17:00,29.1,80,3,1.5,120
2024-10-08T18:00,27.0,83,3,4.2,95
2024-10-08T19:00,26.3,89,3,5.0,103
2024-10-08T20:00,25.7,91,3,4.3,85
2024-10-08T21:00,25.2,93,0,5.4,76
2024-10-08T22:00,24.8,94,0,5.2,102
2024-10-08T23:00,24.5,96,0,6.5,98
2024-10-09T00:00,24.3,96,0,4.2,36
2024-10-09T01:00,23.7,98,0,4.9,51
2024-10-09T02:00,23.6,99,0,4.7,47
2024-10-09T03:00,23.2,100,0,4.1,13
2024-10-09T04:00,23.3,100,3,2.9,356
2024-10-09T05:00,23.1,100,3,3.5,15
2024-10-09T06:00,24.1,97,0,3.1,7
2024-10-09T07:00,25.5,91,0,2.8,45
2024-10-09T08:00,27.1,83,0,2.0,85
2024-10-09T09:00,28.4,77,51,1.7,148
2024-10-09T10:00,29.5,73,51,2.3,176
2024-10-09T11:00,30.3,66,51,2.2,166
2024-10-09T12:00,30.8,61,51,1.5,194
2024-10-09T13:00,27.3,79,63,8.9,201
2024-10-09T14:00,28.3,72,61,1.9,73
2024-10-09T15:00,28.3,70,53,2.0,80
2024-10-09T16:00,28.1,72,3,4.5,353
2024-10-09T17:00,27.1,79,3,6.7,2
2024-10-09T18:00,25.8,85,3,16.1,344
2024-10-09T19:00,24.9,87,3,10.7,354
2024-10-09T20:00,24.7,87,3,8.9,347
2024-10-09T21:00,24.5,89,3,6.8,333
2024-10-09T22:00,24.3,90,3,6.8,338
2024-10-09T23:00,23.6,94,3,3.8,349
2024-10-10T00:00,23.3,96,0,4.0,21
2024-10-10T01:00,23.0,97,2,4.4,60
2024-10-10T02:00,22.7,99,0,3.6,150
2024-10-10T03:00,23.0,98,0,3.4,186
2024-10-10T04:00,22.4,100,0,2.1,340
2024-10-10T05:00,22.5,100,3,4.2,7
2024-10-10T06:00,23.3,97,3,5.3,8
2024-10-10T07:00,24.7,90,3,4.6,42
2024-10-10T08:00,26.4,83,3,3.8,41
2024-10-10T09:00,28.1,74,3,3.2,87
2024-10-10T10:00,29.3,68,51,4.5,113
2024-10-10T11:00,30.3,66,51,5.4,124
2024-10-10T12:00,31.1,63,1,5.5,131
2024-10-10T13:00,31.5,61,1,5.6,135
2024-10-10T14:00,31.6,59,3,4.6,132
2024-10-10T15:00,30.9,61,2,6.0,99
2024-10-10T16:00,30.8,60,1,5.2,90
2024-10-10T17:00,29.4,69,0,4.5,53
2024-10-10T18:00,25.9,85,2,8.7,355
2024-10-10T19:00,25.7,87,3,8.5,353
2024-10-10T20:00,25.4,87,3,9.1,350
2024-10-10T21:00,25.0,87,3,7.3,353
2024-10-10T22:00,24.9,88,3,7.6,353
2024-10-10T23:00,24.9,89,51,6.9,351
2024-10-11T00:00,24.6,91,1,6.3,342
2024-10-11T01:00,24.3,92,1,5.1,337
2024-10-11T02:00,24.0,93,0,5.2,14
2024-10-11T03:00,24.1,92,1,2.3,119
2024-10-11T04:00,23.5,94,2,6.7,156
2024-10-11T05:00,23.5,94,51,3.4,90
2024-10-11T06:00,23.7,97,1,4.5,43
2024-10-11T07:00,25.0,90,1,5.8,51
2024-10-11T08:00,26.7,82,1,5.7,53
2024-10-11T09:00,28.0,76,51,7.7,106
2024-10-11T10:00,28.8,72,51,8.0,126
2024-10-11T11:00,29.9,70,51,8.9,117
2024-10-11T12:00,30.9,65,51,9.0,119
2024-10-11T13:00,30.9,63,3,8.6,127
2024-10-11T14:00,31.1,61,3,6.7,109
2024-10-11T15:00,27.1,81,61,11.5,31
2024-10-11T16:00,26.6,83,3,12.1,349
2024-10-11T17:00,26.3,83,3,7.1,354
2024-10-11T18:00,26.2,87,3,5.6,338
2024-10-11T19:00,26.0,88,3,7.2,359
2024-10-11T20:00,25.5,91,2,7.0,356
2024-10-11T21:00,24.9,94,1,5.2,344
2024-10-11T22:00,24.5,96,0,4.7,337
2024-10-11T23:00,24.3,97,0,5.7,342
2024-10-12T00:00,24.1,96,0,5.8,351
2024-10-12T01:00,23.9,96,1,6.0,357
2024-10-12T02:00,23.2,96,63,12.0,163
2024-10-12T03:00,23.2,96,61,5.5,122
2024-10-12T04:00,22.7,99,1,3.3,131
2024-10-12T05:00,22.4,99,1,3.2,38
2024-10-12T06:00,22.9,96,51,2.5,210
2024-10-12T07:00,23.2,97,51,5.7,44
2024-10-12T08:00,23.7,94,53,8.3,30
2024-10-12T09:00,25.3,84,51,8.2,52
2024-10-12T10:00,26.3,81,3,8.1,66
2024-10-12T11:00,27.8,75,3,8.3,91
2024-10-12T12:00,28.9,71,2,9.5,111
2024-10-12T13:00,29.6,67,3,10.3,113
2024-10-12T14:00,29.5,66,3,10.1,110
2024-10-12T15:00,29.3,67,2,9.7,102
2024-10-12T16:00,28.9,69,2,9.6,107
2024-10-12T17:00,27.6,77,2,5.9,113
2024-10-12T18:00,27.0,84,3,3.9,22
2024-10-12T19:00,26.4,88,3,6.0,3
2024-10-12T20:00,25.6,93,3,7.2,359
2024-10-12T21:00,25.3,93,3,6.3,358
2024-10-12T22:00,24.9,94,0,7.4,1
2024-10-12T23:00,24.6,93,0,7.0,18
2024-10-13T00:00,24.5,92,0,6.7,36
2024-10-13T01:00,24.0,94,1,4.1,29
2024-10-13T02:00,24.1,93,51,5.5,52
2024-10-13T03:00,23.1,98,63,5.1,203
2024-10-13T04:00,23.3,97,51,2.2,325
2024-10-13T05:00,23.2,98,53,1.5,263
2024-10-13T06:00,24.1,96,3,3.1,54
2024-10-13T07:00,25.2,92,2,4.7,58
2024-10-13T08:00,26.6,87,1,2.6,74
2024-10-13T09:00,28.3,78,1,3.8,109
2024-10-13T10:00,29.5,71,51,5.4,127
2024-10-13T11:00,30.1,70,51,5.2,124
2024-10-13T12:00,30.9,68,51,3.7,113
2024-10-13T13:00,31.0,67,51,3.0,104
2024-10-13T14:00,30.8,67,51,5.6,123
2024-10-13T15:00,26.7,83,63,5.9,192
2024-10-13T16:00,27.2,80,51,2.2,351
2024-10-13T17:00,26.3,86,3,8.1,12
2024-10-13T18:00,26.0,89,3,6.2,350
2024-10-13T19:00,25.9,90,3,8.4,345
2024-10-13T20:00,25.7,91,3,8.1,359
2024-10-13T21:00,25.3,93,1,6.8,11
2024-10-13T22:00,24.8,95,1,5.9,12
2024-10-13T23:00,24.6,94,3,6.3,3
2024-10-14T00:00,24.1,95,3,5.2,360
2024-10-14T01:00,23.9,94,1,5.9,360
2024-10-14T02:00,23.7,94,0,6.3,358
2024-10-14T03:00,23.5,94,0,5.6,2
2024-10-14T04:00,23.3,94,3,5.4,8
2024-10-14T05:00,23.0,95,2,4.4,27
2024-10-14T06:00,23.9,91,3,6.2,10
2024-10-14T07:00,25.3,86,3,5.7,24
2024-10-14T08:00,27.0,80,2,6.0,53
2024-10-14T09:00,28.6,75,2,8.2,81
2024-10-14T10:00,29.9,68,51,10.0,99
2024-10-14T11:00,30.6,63,2,8.6,106
2024-10-14T12:00,31.2,59,3,7.3,97
2024-10-14T13:00,31.6,58,1,6.0,85
2024-10-14T14:00,31.7,57,1,6.0,83
2024-10-14T15:00,31.5,58,1,6.0,69
2024-10-14T16:00,30.8,61,1,6.5,60
2024-10-14T17:00,29.3,71,2,5.2,31
2024-10-14T18:00,27.5,78,0,5.9,67
2024-10-14T19:00,26.8,81,0,6.4,82
2024-10-14T20:00,26.2,82,0,6.7,85
2024-10-14T21:00,25.8,83,0,6.1,47
2024-10-14T22:00,25.2,88,0,4.7,351
2024-10-14T23:00,24.6,93,0,4.9,343
2024-10-15T00:00,24.2,95,0,4.9,360
2024-10-15T01:00,24.1,94,0,5.9,18
2024-10-15T02:00,23.8,95,1,5.1,4
2024-10-15T03:00,23.6,96,3,5.4,6
2024-10-15T04:00,23.4,96,3,6.2,7
2024-10-15T05:00,23.2,96,3,6.0,10
2024-10-15T06:00,23.9,92,2,6.8,12
2024-10-15T07:00,25.4,87,3,5.6,22
2024-10-15T08:00,27.2,81,3,7.1,54
2024-10-15T09:00,28.9,73,51,8.7,85
2024-10-15T10:00,29.9,66,51,8.6,100
2024-10-15T11:00,30.7,61,3,8.0,108
2024-10-15T12:00,31.2,61,3,6.1,104
2024-10-15T13:00,31.7,60,3,5.0,111
2024-10-15T14:00,31.9,59,2,3.3,84
2024-10-15T15:00,31.6,58,3,4.5,34
2024-10-15T16:00,31.0,61,3,5.3,33
2024-10-15T17:00,29.3,75,3,3.9,24
2024-10-15T18:00,27.6,78,3,6.1,32
2024-10-15T19:00,27.3,79,3,6.3,88
2024-10-15T20:00,26.6,81,3,7.0,86
2024-10-15T21:00,26.2,82,3,5.1,27
2024-10-15T22:00,25.7,84,3,7.2,14
2024-10-15T23:00,25.2,85,2,5.9,27
2024-10-16T00:00,24.4,90,3,5.6,27
2024-10-16T01:00,24.1,91,3,4.3,5
2024-10-16T02:00,24.0,91,3,4.2,5
2024-10-16T03:00,23.9,91,3,6.3,2
2024-10-16T04:00,23.7,92,3,7.0,359
2024-10-16T05:00,23.6,92,3,7.9,359
2024-10-16T06:00,24.1,92,3,5.5,349
2024-10-16T07:00,25.6,87,3,2.2,351
2024-10-16T08:00,27.7,79,2,3.5,51
2024-10-16T09:00,29.2,72,0,5.7,66
2024-10-16T10:00,29.8,68,51,7.4,89
2024-10-16T11:00,30.5,65,51,7.6,85
2024-10-16T12:00,30.8,66,0,7.5,80
2024-10-16T13:00,31.2,63,0,7.5,79
2024-10-16T14:00,31.2,62,0,6.3,77
2024-10-16T15:00,31.1,61,0,5.8,51
2024-10-16T16:00,30.6,63,1,6.1,40
2024-10-16T17:00,29.2,73,1,3.6,37
2024-10-16T18:00,28.1,75,1,8.0,5
2024-10-16T19:00,27.4,78,0,7.8,8
2024-10-16T20:00,26.8,80,0,6.7,5
2024-10-16T21:00,26.3,82,3,6.6,13
2024-10-16T22:00,25.9,85,3,6.0,27
2024-10-16T23:00,25.5,87,3,5.7,28
2024-10-17T00:00,25.3,88,3,7.5,8
2024-10-17T01:00,25.0,90,3,8.1,6
2024-10-17T02:00,24.6,92,3,6.3,15
2024-10-17T03:00,24.3,93,3,5.2,27
2024-10-17T04:00,24.0,94,0,4.8,34
2024-10-17T05:00,23.8,94,2,4.6,48
2024-10-17T06:00,24.6,91,0,6.5,23
2024-10-17T07:00,26.0,86,3,6.5,32
2024-10-17T08:00,27.7,79,1,8.1,55
2024-10-17T09:00,29.3,71,51,10.6,76
2024-10-17T10:00,30.5,65,51,9.9,86
2024-10-17T11:00,31.3,61,1,8.8,95
2024-10-17T12:00,32.0,60,3,7.4,93
2024-10-17T13:00,32.5,58,1,5.7,79
2024-10-17T14:00,32.3,57,0,6.7,59
2024-10-17T15:00,31.9,59,1,7.8,50
2024-10-17T16:00,31.3,60,51,8.2,52
2024-10-17T17:00,29.8,68,3,5.7,72
2024-10-17T18:00,27.2,78,53,11.2,16
2024-10-17T19:00,27.0,79,2,9.6,16
2024-10-17T20:00,26.5,82,3,9.0,6
2024-10-17T21:00,26.2,84,3,8.2,10
2024-10-17T22:00,25.5,85,3,7.3,9
2024-10-17T23:00,25.1,86,3,7.1,6
2024-10-18T00:00,24.8,86,3,6.1,19
2024-10-18T01:00,24.5,88,3,5.1,27
2024-10-18T02:00,24.5,87,3,5.0,38
2024-10-18T03:00,24.6,86,3,6.8,29
2024-10-18T04:00,24.4,87,3,5.9,31
2024-10-18T05:00,24.1,89,3,5.7,44
2024-10-18T06:00,24.6,89,2,6.0,37
2024-10-18T07:00,25.9,85,1,5.3,57
2024-10-18T08:00,27.7,79,1,6.7,74
2024-10-18T09:00,29.3,72,1,7.0,87
2024-10-18T10:00,30.6,65,51,8.1,103
2024-10-18T11:00,31.5,60,0,7.1,105
2024-10-18T12:00,32.1,57,0,6.2,102
2024-10-18T13:00,32.4,57,1,6.4,101
2024-10-18T14:00,32.3,56,0,6.4,100
2024-10-18T15:00,31.6,58,1,5.2,92
2024-10-18T16:00,31.0,60,2,8.0,46
2024-10-18T17:00,27.5,77,61,6.3,198
2024-10-18T18:00,28.5,69,2,10.2,37
2024-10-18T19:00,27.3,76,0,5.7,32
2024-10-18T20:00,26.4,81,3,4.5,16
2024-10-18T21:00,25.6,88,3,4.6,11
2024-10-18T22:00,25.4,89,3,3.5,348
2024-10-18T23:00,25.0,91,3,4.7,351
2024-10-19T00:00,24.6,92,3,3.8,349
2024-10-19T01:00,24.4,93,3,4.8,345
2024-10-19T02:00,24.3,92,3,5.1,328
2024-10-19T03:00,23.8,92,61,7.2,257
2024-10-19T04:00,23.1,96,63,6.3,85
2024-10-19T05:00,23.2,98,51,4.4,348
2024-10-19T06:00,24.0,94,51,7.8,22
2024-10-19T07:00,24.8,91,3,9.1,15
2024-10-19T08:00,26.2,83,1,10.5,31
2024-10-19T09:00,27.6,77,1,9.9,25
2024-10-19T10:00,29.1,71,0,7.2,35
2024-10-19T11:00,30.3,66,0,6.6,49
2024-10-19T12:00,31.3,63,0,6.8,50
2024-10-19T13:00,31.9,61,0,6.1,56
2024-10-19T14:00,31.8,62,0,6.1,43
2024-10-19T15:00,30.9,64,53,9.2,55
2024-10-19T16:00,29.8,69,53,5.2,92
2024-10-19T17:00,27.3,81,63,8.0,40
2024-10-19T18:00,27.2,76,3,5.4,290
2024-10-19T19:00,25.9,82,3,9.2,303
2024-10-19T20:00,25.2,82,3,7.7,286
2024-10-19T21:00,24.7,85,3,4.9,303
2024-10-19T22:00,24.4,87,3,5.1,328
2024-10-19T23:00,24.4,88,3,4.7,332
2024-10-20T00:00,24.2,90,3,4.2,340
2024-10-20T01:00,23.9,92,3,3.4,354
2024-10-20T02:00,23.9,95,3,3.4,335
2024-10-20T03:00,24.0,92,1,0.6,304
2024-10-20T04:00,23.7,95,0,0.8,243
2024-10-20T05:00,22.8,98,2,4.0,342
2024-10-20T06:00,23.8,95,3,2.2,336
2024-10-20T07:00,24.2,93,3,2.2,132
2024-10-20T08:00,25.4,89,3,1.8,101
2024-10-20T09:00,27.1,79,3,4.3,73
2024-10-20T10:00,28.0,71,3,5.4,69
2024-10-20T11:00,29.5,60,3,7.7,72
2024-10-20T12:00,30.1,55,1,8.6,59
2024-10-20T13:00,30.7,54,0,8.0,50
2024-10-20T14:00,30.9,54,0,7.6,59
2024-10-20T15:00,30.5,53,1,10.2,67
2024-10-20T16:00,29.5,56,51,8.8,102
2024-10-20T17:00,26.9,76,51,9.5,181
2024-10-20T18:00,23.0,85,51,8.5,62
2024-10-20T19:00,22.9,86,2,5.4,69
2024-10-20T20:00,23.6,82,3,5.0,41
2024-10-20T21:00,23.2,86,3,1.5,300
2024-10-20T22:00,23.3,87,3,6.4,328
2024-10-20T23:00,23.3,87,3,6.6,347
2024-10-21T00:00,23.0,88,1,6.2,338
2024-10-21T01:00,22.2,90,0,6.4,335
2024-10-21T02:00,22.1,90,0,6.0,327
2024-10-21T03:00,21.8,91,0,6.5,330
2024-10-21T04:00,21.6,92,0,7.0,342
2024-10-21T05:00,21.3,93,0,6.4,335
2024-10-21T06:00,22.8,96,0,5.8,7
2024-10-21T07:00,24.4,91,0,5.2,12
2024-10-21T08:00,26.5,79,0,6.5,48
2024-10-21T09:00,28.2,69,0,8.0,67
2024-10-21T10:00,29.5,61,0,6.9,75
2024-10-21T11:00,30.4,56,0,5.9,79
2024-10-21T12:00,31.1,55,0,5.2,74
2024-10-21T13:00,31.3,54,1,5.2,56
2024-10-21T14:00,31.3,52,1,5.8,36
2024-10-21T15:00,30.7,52,0,8.3,30
2024-10-21T16:00,30.0,54,2,7.4,39
2024-10-21T17:00,28.4,65,2,4.9,36
2024-10-21T18:00,26.7,72,3,6.1,71
2024-10-21T19:00,25.9,77,1,4.9,39
2024-10-21T20:00,24.9,85,1,5.6,29
2024-10-21T21:00,24.4,87,0,5.9,70
2024-10-21T22:00,24.1,88,0,5.5,77
2024-10-21T23:00,23.7,89,0,5.4,60
2024-10-22T00:00,23.2,91,1,5.5,46
2024-10-22T01:00,23.0,91,2,5.0,30
2024-10-22T02:00,22.6,93,2,4.9,17
2024-10-22T03:00,22.4,94,0,5.1,8
2024-10-22T04:00,22.3,93,0,6.3,360
2024-10-22T05:00,22.0,93,0,5.2,12
2024-10-22T06:00,23.2,92,1,4.6,54
2024-10-22T07:00,24.6,85,3,4.7,67
2024-10-22T08:00,25.8,80,3,4.5,67
2024-10-22T09:00,27.1,75,1,4.0,60
2024-10-22T10:00,28.9,65,0,5.6,96
2024-10-22T11:00,30.0,59,0,5.2,90
2024-10-22T12:00,30.6,57,0,5.1,80
2024-10-22T13:00,30.8,55,1,5.6,61
2024-10-22T14:00,30.8,54,0,7.0,55
2024-10-22T15:00,30.8,51,0,7.7,51
2024-10-22T16:00,29.9,53,1,8.6,37
2024-10-22T17:00,28.1,64,3,5.0,358
2024-10-22T18:00,26.6,75,2,6.4,52
2024-10-22T19:00,27.0,71,2,5.2,59
2024-10-22T20:00,27.4,66,0,3.6,150
2024-10-22T21:00,26.1,73,0,2.6,245
2024-10-22T22:00,24.3,83,2,3.8,281
2024-10-22T23:00,23.8,86,2,3.8,295
2024-10-23T00:00,23.1,89,2,3.3,324
2024-10-23T01:00,22.9,89,2,6.9,345
2024-10-23T02:00,22.7,90,2,6.9,340
2024-10-23T03:00,22.6,90,2,8.4,337
2024-10-23T04:00,22.2,91,0,8.5,339
2024-10-23T05:00,21.8,89,0,8.9,335
2024-10-23T06:00,22.0,85,0,9.2,339
2024-10-23T07:00,23.4,80,0,10.2,336
2024-10-23T08:00,25.9,71,0,8.5,342
2024-10-23T09:00,28.7,56,0,9.9,356
2024-10-23T10:00,30.5,46,0,10.3,11
2024-10-23T11:00,31.4,42,0,10.7,12
2024-10-23T12:00,32.2,38,0,11.1,16
2024-10-23T13:00,32.7,35,0,12.2,20
2024-10-23T14:00,32.6,35,0,13.0,14
2024-10-23T15:00,32.3,35,0,12.7,7
2024-10-23T16:00,31.0,42,0,9.5,351
2024-10-23T17:00,28.5,48,0,9.4,336
2024-10-23T18:00,26.6,57,0,7.2,321
2024-10-23T19:00,25.5,62,1,6.4,344
2024-10-23T20:00,24.1,74,2,8.2,351
2024-10-23T21:00,24.0,72,2,6.1,357
2024-10-23T22:00,23.6,74,3,7.4,347
2024-10-23T23:00,22.7,77,3,5.9,333
2024-10-24T00:00,22.3,77,3,7.3,337
2024-10-24T01:00,21.7,78,3,7.3,340
2024-10-24T02:00,21.5,76,3,8.9,341
2024-10-24T03:00,21.5,72,3,10.0,342
2024-10-24T04:00,21.5,69,3,11.1,337
2024-10-24T05:00,21.4,69,3,12.6,331
2024-10-24T06:00,21.6,72,3,12.8,334
2024-10-24T07:00,23.0,72,3,13.9,337
2024-10-24T08:00,25.2,67,3,10.7,347
2024-10-24T09:00,27.3,61,3,9.7,360
2024-10-24T10:00,28.8,55,3,10.7,5
2024-10-24T11:00,30.0,49,3,13.2,2
2024-10-24T12:00,30.9,44,3,12.3,355
2024-10-24T13:00,31.5,40,3,14.2,351
2024-10-24T14:00,31.3,40,3,16.3,354
2024-10-24T15:00,30.8,41,3,16.7,1
2024-10-24T16:00,29.7,46,3,13.6,20
2024-10-24T17:00,28.0,49,3,11.6,28
2024-10-24T18:00,26.3,56,3,8.8,1
2024-10-24T19:00,25.5,59,3,8.1,3
2024-10-24T20:00,24.3,66,3,6.2,338
2024-10-24T21:00,23.6,72,3,5.5,322
2024-10-24T22:00,22.9,76,3,6.6,319
2024-10-24T23:00,22.7,75,3,9.2,325
2024-10-25T00:00,22.4,75,3,10.3,331
2024-10-25T01:00,22.1,74,3,10.6,339
2024-10-25T02:00,21.7,74,2,10.2,347
2024-10-25T03:00,21.4,76,0,9.1,343
2024-10-25T04:00,21.0,79,0,8.2,345
2024-10-25T05:00,20.7,82,1,8.0,337
2024-10-25T06:00,21.2,83,0,8.5,328
2024-10-25T07:00,23.0,78,1,9.4,324
2024-10-25T08:00,25.3,70,2,10.3,345
2024-10-25T09:00,27.0,66,2,10.9,354
2024-10-25T10:00,28.5,63,2,11.5,351
2024-10-25T11:00,30.1,56,2,14.8,360
2024-10-25T12:00,30.9,52,1,14.4,359
2024-10-25T13:00,31.8,47,1,13.5,358
2024-10-25T14:00,32.1,45,1,14.7,6
2024-10-25T15:00,31.7,46,0,15.7,6
2024-10-25T16:00,30.7,50,0,14.3,355
2024-10-25T17:00,29.0,55,0,12.2,335
2024-10-25T18:00,26.9,66,0,6.1,5
2024-10-25T19:00,26.1,69,0,6.7,14
2024-10-25T20:00,25.6,70,3,7.9,359
2024-10-25T21:00,25.1,71,1,9.0,1
2024-10-25T22:00,24.8,72,3,9.4,11
2024-10-25T23:00,24.2,74,3,8.7,5
2024-10-26T00:00,23.5,77,3,8.3,358
2024-10-26T01:00,23.0,79,3,9.2,354
2024-10-26T02:00,22.7,81,3,9.1,350
2024-10-26T03:00,22.2,83,3,8.9,342
2024-10-26T04:00,21.8,86,3,10.0,342
2024-10-26T05:00,21.6,87,1,10.8,345
2024-10-26T06:00,22.1,87,3,10.8,345
2024-10-26T07:00,23.6,82,3,10.6,350
2024-10-26T08:00,26.0,73,3,11.2,359
2024-10-26T09:00,28.1,65,1,11.2,11
2024-10-26T10:00,29.6,56,0,11.7,18
2024-10-26T11:00,30.4,51,1,10.4,18
2024-10-26T12:00,30.9,49,0,10.4,9
2024-10-26T13:00,31.4,47,3,10.5,355
2024-10-26T14:00,31.9,44,3,11.2,345
2024-10-26T15:00,32.2,36,2,12.5,349
2024-10-26T16:00,30.9,40,2,13.1,353
2024-10-26T17:00,28.7,46,2,12.0,346
2024-10-26T18:00,26.8,55,2,7.5,33
2024-10-26T19:00,25.7,58,3,6.9,30
2024-10-26T20:00,24.3,67,3,8.5,13
2024-10-26T21:00,24.0,68,2,6.1,341
2024-10-26T22:00,23.3,74,2,7.7,332
2024-10-26T23:00,22.9,76,2,8.3,338
2024-10-27T00:00,22.5,77,3,9.5,338
2024-10-27T01:00,22.0,77,3,8.9,339
2024-10-27T02:00,21.5,77,2,7.9,339
2024-10-27T03:00,21.0,78,0,7.5,339
2024-10-27T04:00,20.7,79,0,8.3,338
2024-10-27T05:00,20.4,80,0,8.9,339
2024-10-27T06:00,20.4,81,0,8.0,335
2024-10-27T07:00,21.8,78,0,6.8,349
2024-10-27T08:00,24.5,69,0,6.5,354
2024-10-27T09:00,27.0,62,0,6.7,9
2024-10-27T10:00,28.7,58,0,6.1,14
2024-10-27T11:00,29.8,52,0,7.6,356
2024-10-27T12:00,30.5,49,2,7.4,357
2024-10-27T13:00,31.0,48,2,6.8,3
2024-10-27T14:00,31.3,45,1,7.1,7
2024-10-27T15:00,31.2,44,2,5.6,7
2024-10-27T16:00,30.8,46,1,2.7,352
2024-10-27T17:00,28.7,61,3,4.7,252
2024-10-27T18:00,27.7,58,0,4.7,242
2024-10-27T19:00,25.9,68,3,5.2,224
2024-10-27T20:00,26.2,70,2,3.5,204
2024-10-27T21:00,24.9,75,1,5.0,339
2024-10-27T22:00,24.0,77,0,5.3,336
2024-10-27T23:00,23.7,78,0,6.9,345
2024-10-28T00:00,23.3,79,0,6.1,358
2024-10-28T01:00,22.7,83,0,5.4,8
2024-10-28T02:00,22.3,84,0,5.4,14
2024-10-28T03:00,22.0,87,0,4.9,4
2024-10-28T04:00,21.7,88,0,4.6,351
2024-10-28T05:00,21.7,88,1,5.2,344
2024-10-28T06:00,22.1,87,1,6.0,344
2024-10-28T07:00,24.0,80,0,7.1,345
2024-10-28T08:00,26.1,73,1,7.6,3
2024-10-28T09:00,28.0,67,0,7.0,21
2024-10-28T10:00,29.5,59,0,5.0,30
2024-10-28T11:00,30.4,53,0,3.3,22
2024-10-28T12:00,31.2,49,1,3.3,9
2024-10-28T13:00,31.6,47,0,3.3,351
2024-10-28T14:00,31.7,46,51,4.2,10
2024-10-28T15:00,31.5,46,0,6.3,13
2024-10-28T16:00,30.9,48,2,7.6,25
2024-10-28T17:00,28.8,57,1,6.2,54
2024-10-28T18:00,27.7,64,0,8.2,82
2024-10-28T19:00,26.6,68,0,6.5,88
2024-10-28T20:00,26.5,70,0,7.0,87
2024-10-28T21:00,25.3,77,0,8.8,92
2024-10-28T22:00,25.0,79,1,5.2,102
2024-10-28T23:00,24.8,82,0,3.8,175
2024-10-29T00:00,23.4,90,1,3.4,16
2024-10-29T01:00,23.2,92,0,3.7,35
2024-10-29T02:00,22.8,94,1,3.8,360
2024-10-29T03:00,22.8,94,1,3.3,338
2024-10-29T04:00,22.7,94,1,4.0,3
2024-10-29T05:00,22.7,94,51,5.1,10
2024-10-29T06:00,23.5,89,1,4.6,315
2024-10-29T07:00,24.9,83,1,4.4,32
2024-10-29T08:00,27.3,72,0,4.7,47
2024-10-29T09:00,28.5,67,51,7.9,51
2024-10-29T10:00,29.5,64,0,6.4,47
2024-10-29T11:00,31.0,57,0,6.3,39
2024-10-29T12:00,31.8,54,0,5.4,50
2024-10-29T13:00,32.2,52,3,5.2,44
2024-10-29T14:00,32.3,50,3,3.4,25
2024-10-29T15:00,32.4,49,3,3.1,360
2024-10-29T16:00,31.5,51,1,1.3,315
2024-10-29T17:00,29.5,66,1,4.2,258
2024-10-29T18:00,26.3,77,51,7.1,189
2024-10-29T19:00,26.0,81,51,3.5,255
2024-10-29T20:00,25.7,86,3,2.6,236
2024-10-29T21:00,25.6,87,3,3.7,215
2024-10-29T22:00,25.7,87,3,2.2,246
2024-10-29T23:00,25.3,89,3,2.4,27
2024-10-30T00:00,24.6,94,1,4.6,347
2024-10-30T01:00,23.7,98,0,4.7,332
2024-10-30T02:00,23.3,98,0,4.5,331
2024-10-30T03:00,23.4,97,0,5.5,347
2024-10-30T04:00,23.1,96,0,5.4,346
2024-10-30T05:00,22.6,97,0,4.3,345
2024-10-30T06:00,23.2,91,0,6.2,339
2024-10-30T07:00,24.8,83,0,6.9,343
2024-10-30T08:00,27.1,74,0,6.9,7
2024-10-30T09:00,29.3,67,0,6.2,30
2024-10-30T10:00,31.1,55,0,6.5,46
2024-10-30T11:00,32.2,49,0,7.3,36
2024-10-30T12:00,32.8,47,0,7.0,26
2024-10-30T13:00,33.2,44,1,7.4,14
2024-10-30T14:00,33.1,42,0,8.3,2
2024-10-30T15:00,32.7,42,0,7.8,351
2024-10-30T16:00,32.1,43,0,7.7,335
2024-10-30T17:00,30.0,51,0,5.4,312
2024-10-30T18:00,28.7,58,0,5.7,9
2024-10-30T19:00,28.3,61,0,5.6,339
2024-10-30T20:00,28.9,56,0,2.7,298
2024-10-30T21:00,28.7,56,0,3.0,322
2024-10-30T22:00,26.4,66,0,7.3,349
2024-10-30T23:00,25.5,70,0,7.7,336
2024-10-31T00:00,24.8,73,1,6.1,357
2024-10-31T01:00,24.1,77,0,4.5,53
2024-10-31T02:00,23.5,81,0,4.5,43
2024-10-31T03:00,23.0,84,0,3.7,14
2024-10-31T04:00,22.8,84,0,4.9,8
2024-10-31T05:00,22.3,87,0,4.8,25
2024-10-31T06:00,23.8,75,0,6.9,25
2024-10-31T07:00,25.2,71,0,6.7,14
2024-10-31T08:00,27.2,65,0,7.4,41
2024-10-31T09:00,28.9,63,0,6.5,60
2024-10-31T10:00,30.5,58,1,7.5,66
2024-10-31T11:00,31.6,53,1,10.2,64
2024-10-31T12:00,32.3,48,1,10.5,63
2024-10-31T13:00,32.6,46,1,8.7,60
2024-10-31T14:00,32.8,43,1,6.1,58
2024-10-31T15:00,32.8,42,0,4.6,59
2024-10-31T16:00,32.4,43,0,4.0,63
2024-10-31T17:00,31.1,50,0,3.5,171
2024-10-31T18:00,27.9,59,0,6.8,333
2024-10-31T19:00,27.5,49,0,9.5,349
2024-10-31T20:00,25.2,57,0,8.8,12
2024-10-31T21:00,26.6,49,0,2.3,162
2024-10-31T22:00,24.3,61,0,2.8,281
2024-10-31T23:00,22.7,69,0,5.6,310
2024-11-01T00:00,22.3,72,0,4.8,257
2024-11-01T01:00,21.8,73,0,4.6,291
2024-11-01T02:00,20.9,78,0,6.1,246
2024-11-01T03:00,20.7,78,0,5.6,228
2024-11-01T04:00,20.2,80,0,5.4,285
2024-11-01T05:00,20.0,79,0,4.6,306
2024-11-01T06:00,20.3,84,0,4.0,324
2024-11-01T07:00,22.7,74,0,3.4,328
2024-11-01T08:00,26.3,63,0,2.5,4
2024-11-01T09:00,29.1,55,0,2.6,51
2024-11-01T10:00,31.0,51,0,3.2,133
2024-11-01T11:00,32.6,38,0,6.1,93
2024-11-01T12:00,33.3,35,0,6.7,71
2024-11-01T13:00,33.6,34,0,6.0,57
2024-11-01T14:00,33.5,33,0,7.4,32
2024-11-01T15:00,33.0,33,0,9.7,27
2024-11-01T16:00,32.0,38,0,6.1,19
2024-11-01T17:00,30.9,39,0,3.0,14
2024-11-01T18:00,27.7,54,0,6.7,156
2024-11-01T19:00,26.1,58,1,9.6,146
2024-11-01T20:00,25.8,59,0,9.2,174
2024-11-01T21:00,24.9,63,1,8.4,199
2024-11-01T22:00,24.4,65,1,3.9,332
2024-11-01T23:00,24.4,63,0,8.2,327
2024-11-02T00:00,23.4,67,0,6.1,300
2024-11-02T01:00,22.4,72,0,5.5,324
2024-11-02T02:00,22.2,72,0,8.6,350
2024-11-02T03:00,21.4,74,0,5.3,350
2024-11-02T04:00,20.9,76,0,4.8,315
2024-11-02T05:00,20.8,77,0,6.0,319
2024-11-02T06:00,20.9,82,0,5.9,337
2024-11-02T07:00,22.7,75,0,7.6,352
2024-11-02T08:00,26.1,63,0,6.0,343
2024-11-02T09:00,29.0,51,0,5.2,356
2024-11-02T10:00,30.9,43,0,4.6,18
2024-11-02T11:00,32.1,38,0,5.9,50
2024-11-02T12:00,32.9,35,0,7.3,54
2024-11-02T13:00,33.3,33,1,8.1,45
2024-11-02T14:00,33.1,33,1,8.4,35
2024-11-02T15:00,32.7,33,0,8.6,36
2024-11-02T16:00,31.6,38,0,6.4,58
2024-11-02T17:00,30.0,40,1,6.5,88
2024-11-02T18:00,27.4,56,0,6.3,156
2024-11-02T19:00,26.9,54,1,6.3,182
2024-11-02T20:00,25.7,58,1,9.0,192
2024-11-02T21:00,25.4,58,0,8.5,187
2024-11-02T22:00,24.2,61,1,7.2,238
2024-11-02T23:00,24.2,60,1,6.1,300
2024-11-03T00:00,23.7,62,1,6.9,319
2024-11-03T01:00,22.8,69,1,5.4,345
2024-11-03T02:00,23.0,69,0,5.3,35
2024-11-03T03:00,22.9,70,0,4.8,323
2024-11-03T04:00,22.8,71,0,6.1,330
2024-11-03T05:00,23.1,70,0,5.8,353
2024-11-03T06:00,23.1,76,0,6.2,348
2024-11-03T07:00,24.4,74,3,3.8,355
2024-11-03T08:00,26.8,65,3,2.8,35
2024-11-03T09:00,28.5,57,2,3.1,59
2024-11-03T10:00,30.1,48,1,1.9,68
2024-11-03T11:00,31.4,42,2,0.9,53
2024-11-03T12:00,31.8,40,1,2.8,18
2024-11-03T13:00,31.9,40,1,4.2,5
2024-11-03T14:00,31.9,38,1,5.1,6
2024-11-03T15:00,31.3,39,1,6.9,23
2024-11-03T16:00,30.8,38,1,7.7,30
2024-11-03T17:00,28.0,50,0,7.8,52
2024-11-03T18:00,26.5,63,1,7.5,53
2024-11-03T19:00,27.6,56,0,2.7,118
2024-11-03T20:00,24.8,68,0,4.3,246
2024-11-03T21:00,23.8,73,0,5.4,250
2024-11-03T22:00,23.1,76,0,5.3,305
2024-11-03T23:00,22.8,74,0,7.9,359
2024-11-04T00:00,22.5,73,0,6.3,353
2024-11-04T01:00,22.1,74,0,6.5,358
2024-11-04T02:00,21.5,76,1,6.6,9
2024-11-04T03:00,21.0,77,1,6.4,8
2024-11-04T04:00,21.1,75,0,7.2,359
2024-11-04T05:00,20.4,77,0,7.2,359
2024-11-04T06:00,19.8,90,0,3.4,335
2024-11-04T07:00,21.7,81,0,2.7,323
2024-11-04T08:00,25.4,65,0,1.8,360
2024-11-04T09:00,27.9,55,0,1.7,49
2024-11-04T10:00,29.7,47,0,1.5,120
2024-11-04T11:00,30.9,39,0,0.6,108
2024-11-04T12:00,31.8,36,1,4.7,4
2024-11-04T13:00,31.8,35,3,7.1,9
2024-11-04T14:00,31.4,35,1,7.2,12
2024-11-04T15:00,31.3,36,0,6.7,14
2024-11-04T16:00,30.3,40,0,6.2,17
2024-11-04T17:00,26.9,55,0,7.7,59
2024-11-04T18:00,26.2,62,0,5.7,131
2024-11-04T19:00,25.1,64,0,5.3,218
2024-11-04T20:00,23.8,70,0,8.7,233
2024-11-04T21:00,23.4,70,1,7.0,249
2024-11-04T22:00,22.6,75,3,6.2,303
2024-11-04T23:00,23.3,69,2,8.8,358
2024-11-05T00:00,23.3,68,2,4.8,318
2024-11-05T01:00,22.3,73,1,5.1,297
2024-11-05T02:00,21.7,76,0,5.5,324
2024-11-05T03:00,21.2,77,0,5.5,337
2024-11-05T04:00,20.7,78,1,6.0,344
2024-11-05T05:00,20.2,80,0,5.6,360
2024-11-05T06:00,20.4,83,0,5.1,352
2024-11-05T07:00,22.1,77,0,4.1,360
2024-11-05T08:00,24.6,67,0,2.8,27
2024-11-05T09:00,27.0,59,0,3.4,47
2024-11-05T10:00,28.7,54,0,2.7,32
2024-11-05T11:00,29.8,50,0,1.4,360
2024-11-05T12:00,30.8,44,0,2.3,356
2024-11-05T13:00,31.4,41,1,5.3,12
2024-11-05T14:00,31.3,40,0,7.7,18
2024-11-05T15:00,30.8,39,0,8.9,24
2024-11-05T16:00,30.0,44,0,4.6,48
2024-11-05T17:00,27.2,56,0,6.0,136
2024-11-05T18:00,26.3,59,0,5.6,119
2024-11-05T19:00,25.3,61,0,7.0,145
2024-11-05T20:00,23.7,70,2,9.2,149
2024-11-05T21:00,24.3,66,3,5.9,90
2024-11-05T22:00,24.1,66,2,4.1,15
2024-11-05T23:00,23.4,70,0,6.5,346
2024-11-06T00:00,22.2,76,0,5.3,342
2024-11-06T01:00,21.5,79,0,5.8,30
2024-11-06T02:00,20.5,83,0,4.9,57
2024-11-06T03:00,20.1,80,0,5.5,343
2024-11-06T04:00,19.9,77,0,6.8,343
2024-11-06T05:00,19.3,80,0,5.5,351
2024-11-06T06:00,19.7,81,0,5.3,348
2024-11-06T07:00,21.6,76,0,6.8,335
2024-11-06T08:00,24.4,67,0,6.6,347
2024-11-06T09:00,26.8,58,0,6.7,360
2024-11-06T10:00,28.6,50,0,6.3,5
2024-11-06T11:00,29.9,43,0,6.5,14
2024-11-06T12:00,30.7,40,0,8.1,21
2024-11-06T13:00,30.9,39,0,9.3,24
2024-11-06T14:00,30.9,40,0,8.4,25
2024-11-06T15:00,31.0,39,1,7.2,13
2024-11-06T16:00,30.2,44,0,5.9,349
2024-11-06T17:00,26.8,60,0,8.4,325
2024-11-06T18:00,25.4,66,1,5.6,207
2024-11-06T19:00,24.8,70,0,7.4,180
2024-11-06T20:00,24.2,71,0,8.4,149
2024-11-06T21:00,24.5,66,1,6.8,180
2024-11-06T22:00,23.0,75,3,4.2,348
2024-11-06T23:00,22.5,78,3,5.4,354
2024-11-07T00:00,22.9,77,3,5.7,9
2024-11-07T01:00,22.9,75,1,6.9,31
2024-11-07T02:00,22.4,76,2,5.5,17
2024-11-07T03:00,21.2,82,2,5.8,2
2024-11-07T04:00,20.6,85,0,5.4,360
2024-11-07T05:00,20.2,87,0,5.3,350
2024-11-07T06:00,20.1,91,0,4.8,347
2024-11-07T07:00,22.1,82,0,7.4,346
2024-11-07T08:00,24.4,71,0,6.8,358
2024-11-07T09:00,26.3,63,0,4.8,11
2024-11-07T10:00,28.0,55,0,3.3,54
2024-11-07T11:00,29.3,49,0,4.6,77
2024-11-07T12:00,30.0,46,0,4.3,73
2024-11-07T13:00,30.4,44,0,4.3,62
2024-11-07T14:00,30.5,43,0,5.4,50
2024-11-07T15:00,30.2,43,0,7.3,42
2024-11-07T16:00,29.3,45,0,7.5,33
2024-11-07T17:00,26.5,56,0,6.3,3
2024-11-07T18:00,24.6,69,0,7.4,77
2024-11-07T19:00,23.7,73,0,7.3,113
2024-11-07T20:00,23.2,74,0,6.2,136
2024-11-07T21:00,22.4,77,0,9.2,145
2024-11-07T22:00,22.9,71,0,7.3,152
2024-11-07T23:00,23.7,66,0,4.2,43
2024-11-08T00:00,21.3,81,0,4.9,360
2024-11-08T01:00,20.6,85,0,5.2,348
2024-11-08T02:00,20.2,86,0,5.0,347
2024-11-08T03:00,19.7,89,0,5.8,353
2024-11-08T04:00,19.3,90,0,6.5,360
2024-11-08T05:00,19.4,90,0,5.1,350
2024-11-08T06:00,19.6,93,0,4.8,347
2024-11-08T07:00,21.7,83,0,5.9,348
2024-11-08T08:00,24.4,72,0,4.4,12
2024-11-08T09:00,26.4,63,0,4.7,28
2024-11-08T10:00,28.1,55,0,4.1,45
2024-11-08T11:00,29.3,49,0,5.6,57
2024-11-08T12:00,29.9,46,0,7.1,49
2024-11-08T13:00,30.3,44,0,7.2,37
2024-11-08T14:00,30.2,43,0,7.1,27
2024-11-08T15:00,29.9,43,0,6.5,24
2024-11-08T16:00,29.4,45,0,4.6,31
2024-11-08T17:00,28.2,49,0,4.4,69
2024-11-08T18:00,25.4,62,0,7.2,143
2024-11-08T19:00,24.2,66,0,7.4,154
2024-11-08T20:00,23.5,71,0,8.6,151
2024-11-08T21:00,22.8,74,0,8.0,160
2024-11-08T22:00,22.3,75,0,7.7,183
2024-11-08T23:00,22.2,74,1,6.3,243
2024-11-09T00:00,21.8,74,0,5.4,268
2024-11-09T01:00,21.2,77,0,7.0,266
2024-11-09T02:00,20.7,80,0,6.5,314
2024-11-09T03:00,20.1,84,0,6.6,339
2024-11-09T04:00,20.1,84,0,5.8,346
2024-11-09T05:00,19.9,85,0,6.0,7
2024-11-09T06:00,19.0,96,0,6.0,3
2024-11-09T07:00,21.7,84,0,4.5,360
2024-11-09T08:00,24.6,70,0,4.0,27
2024-11-09T09:00,26.6,61,0,5.4,56
2024-11-09T10:00,28.1,54,0,5.2,59
2024-11-09T11:00,29.4,48,1,5.6,63
2024-11-09T12:00,29.9,45,1,5.7,58
2024-11-09T13:00,30.2,43,1,5.5,49
2024-11-09T14:00,30.2,42,1,5.4,37
2024-11-09T15:00,29.8,41,1,5.6,25
2024-11-09T16:00,29.1,45,1,4.9,33
2024-11-09T17:00,26.6,59,3,6.7,66
2024-11-09T18:00,24.8,64,1,7.8,103
2024-11-09T19:00,24.5,66,0,7.3,110
2024-11-09T20:00,24.6,64,0,6.0,97
2024-11-09T21:00,24.7,62,0,2.7,23
2024-11-09T22:00,24.4,63,0,1.3,315
2024-11-09T23:00,22.8,71,0,2.9,330
2024-11-10T00:00,21.3,78,0,4.8,335
2024-11-10T01:00,20.9,80,0,5.4,339
2024-11-10T02:00,20.5,83,1,5.5,341
2024-11-10T03:00,20.1,86,0,5.8,344
2024-11-10T04:00,19.8,87,0,6.7,333
2024-11-10T05:00,19.6,87,0,7.3,337
2024-11-10T06:00,20.9,86,1,7.4,347
2024-11-10T07:00,22.3,81,1,7.6,338
2024-11-10T08:00,24.8,70,0,6.7,354
2024-11-10T09:00,26.9,61,0,6.4,16
2024-11-10T10:00,28.7,48,1,7.7,37
2024-11-10T11:00,29.9,39,1,9.9,38
2024-11-10T12:00,30.4,37,1,10.6,35
2024-11-10T13:00,30.4,36,1,10.2,36
2024-11-10T14:00,30.7,34,3,8.0,25
2024-11-10T15:00,30.5,34,3,8.0,28
2024-11-10T16:00,29.7,41,0,4.7,58
2024-11-10T17:00,26.6,55,1,8.3,94
2024-11-10T18:00,25.8,55,3,6.5,82
2024-11-10T19:00,25.8,55,3,4.7,106
2024-11-10T20:00,25.1,62,1,4.3,175
2024-11-10T21:00,24.2,70,1,5.4,222
2024-11-10T22:00,22.1,76,1,4.5,323
2024-11-10T23:00,22.0,76,3,3.8,311
2024-11-11T00:00,22.7,72,3,4.4,333
2024-11-11T01:00,22.4,73,1,5.2,2
2024-11-11T02:00,21.8,72,0,7.5,352
2024-11-11T03:00,20.8,72,0,7.8,345
2024-11-11T04:00,20.4,71,0,8.0,351
2024-11-11T05:00,19.7,74,0,6.6,351
2024-11-11T06:00,19.3,79,0,6.3,345
2024-11-11T07:00,21.1,72,0,7.9,356
2024-11-11T08:00,23.8,62,0,6.0,10
2024-11-11T09:00,26.1,56,0,6.2,30
2024-11-11T10:00,27.8,53,0,6.4,54
2024-11-11T11:00,29.0,46,0,7.3,54
2024-11-11T12:00,29.8,42,0,9.0,47
2024-11-11T13:00,30.0,40,0,9.8,49
2024-11-11T14:00,30.1,39,1,10.6,60
2024-11-11T15:00,29.7,39,1,10.3,67
2024-11-11T16:00,28.8,42,0,8.1,89
2024-11-11T17:00,26.5,46,0,8.6,101
2024-11-11T18:00,25.1,56,0,6.5,84
2024-11-11T19:00,24.1,60,0,9.0,44
2024-11-11T20:00,23.5,62,0,6.0,353
2024-11-11T21:00,22.4,69,0,6.6,347
2024-11-11T22:00,21.7,68,0,7.8,8
2024-11-11T23:00,21.8,64,0,7.5,11
2024-11-12T00:00,19.8,76,0,7.7,31
2024-11-12T01:00,19.9,75,0,5.5,349
2024-11-12T02:00,19.6,76,0,6.1,357
2024-11-12T03:00,19.4,76,0,6.1,5
2024-11-12T04:00,18.8,79,0,5.5,9
2024-11-12T05:00,18.7,80,0,6.8,348
2024-11-12T06:00,19.2,79,0,6.6,351
2024-11-12T07:00,20.8,74,0,8.1,357
2024-11-12T08:00,23.6,65,0,6.6,11
2024-11-12T09:00,26.2,57,0,7.1,27
2024-11-12T10:00,28.0,51,0,7.5,46
2024-11-12T11:00,29.2,42,0,9.0,57
2024-11-12T12:00,29.9,39,0,8.9,48
2024-11-12T13:00,30.3,37,0,8.7,43
2024-11-12T14:00,30.3,37,0,8.3,49
2024-11-12T15:00,30.0,37,0,6.9,60
2024-11-12T16:00,29.1,43,0,4.3,75
2024-11-12T17:00,26.3,53,0,6.8,107
2024-11-12T18:00,26.1,55,0,0.6,304
2024-11-12T19:00,25.3,59,0,0.4,270
2024-11-12T20:00,24.9,62,0,0.7,90
2024-11-12T21:00,23.8,62,0,2.3,356
2024-11-12T22:00,23.0,67,0,1.8,354
2024-11-12T23:00,21.8,74,0,7.5,340
2024-11-13T00:00,20.7,77,0,7.4,334
2024-11-13T01:00,20.4,74,0,8.0,333
2024-11-13T02:00,19.9,74,0,5.0,360
2024-11-13T03:00,19.4,76,0,4.7,18
2024-11-13T04:00,19.1,77,0,5.4,346
2024-11-13T05:00,19.0,76,0,6.3,355
2024-11-13T06:00,18.6,79,0,5.9,349
2024-11-13T07:00,20.0,75,0,5.8,358
2024-11-13T08:00,22.7,64,0,3.8,11
2024-11-13T09:00,25.4,55,0,4.4,30
2024-11-13T10:00,27.6,48,0,4.7,50
2024-11-13T11:00,29.1,40,0,7.2,63
2024-11-13T12:00,29.7,37,0,7.6,65
2024-11-13T13:00,30.0,37,0,6.8,68
2024-11-13T14:00,30.0,37,0,6.8,68
2024-11-13T15:00,29.7,37,0,7.3,62
2024-11-13T16:00,28.9,38,0,7.5,66
2024-11-13T17:00,26.5,47,0,4.2,70
2024-11-13T18:00,26.2,54,0,1.0,59
2024-11-13T19:00,25.3,53,0,3.3,96
2024-11-13T20:00,24.6,53,0,3.1,93
2024-11-13T21:00,24.0,53,0,2.4,99
2024-11-13T22:00,22.9,56,0,2.2,5
2024-11-13T23:00,21.2,67,0,3.4,317
2024-11-14T00:00,20.5,74,0,6.0,353
2024-11-14T01:00,19.9,77,0,6.3,7
2024-11-14T02:00,19.3,78,0,6.8,360
2024-11-14T03:00,18.5,81,0,4.5,355
2024-11-14T04:00,18.2,80,0,4.7,356
2024-11-14T05:00,17.9,79,0,4.9,358
2024-11-14T06:00,18.3,78,0,5.3,352
2024-11-14T07:00,19.9,70,0,7.4,356
2024-11-14T08:00,22.7,61,0,4.9,6
2024-11-14T09:00,25.3,53,0,6.0,37
2024-11-14T10:00,27.2,48,0,7.0,55
2024-11-14T11:00,28.6,42,0,7.4,64
2024-11-14T12:00,29.4,38,0,7.6,52
2024-11-14T13:00,29.7,37,1,8.0,40
2024-11-14T14:00,29.7,36,0,8.9,38
2024-11-14T15:00,29.2,37,0,8.9,36
2024-11-14T16:00,28.5,40,1,7.4,41
2024-11-14T17:00,26.5,50,0,3.2,52
2024-11-14T18:00,25.8,52,1,3.8,87
2024-11-14T19:00,24.9,52,2,5.4,116
2024-11-14T20:00,24.0,53,3,5.6,140
2024-11-14T21:00,23.6,54,3,2.8,130
2024-11-14T22:00,22.0,60,0,4.0,342
2024-11-14T23:00,21.0,69,0,7.7,348
2024-11-15T00:00,20.2,75,0,7.5,343
2024-11-15T01:00,19.4,76,2,7.7,344
2024-11-15T02:00,18.8,75,3,6.5,354
2024-11-15T03:00,18.3,74,3,6.3,345
2024-11-15T04:00,18.0,73,3,6.6,347
2024-11-15T05:00,17.6,74,1,7.4,347
2024-11-15T06:00,17.7,75,0,6.7,351
2024-11-15T07:00,18.9,72,0,6.9,353
2024-11-15T08:00,21.6,62,1,4.7,7
2024-11-15T09:00,24.6,53,1,4.5,40
2024-11-15T10:00,26.8,48,1,4.8,75
2024-11-15T11:00,28.3,40,1,4.7,81
2024-11-15T12:00,29.1,36,1,4.5,40
2024-11-15T13:00,29.4,35,3,5.7,13
2024-11-15T14:00,29.4,35,3,7.0,356
2024-11-15T15:00,29.0,34,3,9.6,344
2024-11-15T16:00,27.9,37,3,9.7,344
2024-11-15T17:00,26.2,45,0,5.6,358
2024-11-15T18:00,25.4,49,0,4.6,45
2024-11-15T19:00,25.4,51,1,1.8,66
2024-11-15T20:00,24.5,53,3,3.2,106
2024-11-15T21:00,23.1,60,0,2.9,86
2024-11-15T22:00,22.1,64,0,6.3,329
2024-11-15T23:00,20.8,72,0,5.2,326
2024-11-16T00:00,19.8,77,0,6.9,337
2024-11-16T01:00,19.2,79,0,5.8,340
2024-11-16T02:00,18.9,78,0,5.9,340
2024-11-16T03:00,18.5,77,0,6.4,331
2024-11-16T04:00,17.7,79,0,5.8,351
2024-11-16T05:00,17.0,81,1,5.4,352
2024-11-16T06:00,17.1,80,1,4.6,351
2024-11-16T07:00,18.6,74,2,5.9,358
2024-11-16T08:00,21.4,62,0,3.8,8
2024-11-16T09:00,24.5,49,0,4.7,32
2024-11-16T10:00,26.8,40,0,6.3,51
2024-11-16T11:00,28.3,34,0,7.2,55
2024-11-16T12:00,28.9,31,0,7.2,39
2024-11-16T13:00,29.2,30,0,6.8,25
2024-11-16T14:00,29.2,31,3,6.5,8
2024-11-16T15:00,28.8,32,2,6.8,358
2024-11-16T16:00,27.9,35,2,6.2,348
2024-11-16T17:00,25.6,45,2,5.4,320
2024-11-16T18:00,24.8,52,2,2.4,306
2024-11-16T19:00,24.4,52,0,1.2,39
2024-11-16T20:00,23.4,55,0,2.3,94
2024-11-16T21:00,23.0,56,0,1.5,120
2024-11-16T22:00,22.3,58,0,2.1,75
2024-11-16T23:00,20.9,64,0,5.3,332
2024-11-17T00:00,19.8,70,0,7.7,332
2024-11-17T01:00,19.1,73,0,8.7,333
2024-11-17T02:00,18.6,75,0,6.1,337
2024-11-17T03:00,17.8,79,0,4.7,28
2024-11-17T04:00,17.3,81,0,5.3,10
2024-11-17T05:00,16.9,82,0,5.8,353
2024-11-17T06:00,17.2,84,0,4.6,349
2024-11-17T07:00,18.7,77,0,6.7,354
2024-11-17T08:00,21.5,63,0,5.2,12
2024-11-17T09:00,24.2,51,0,5.8,39
2024-11-17T10:00,26.4,44,0,5.1,58
2024-11-17T11:00,28.0,36,0,6.2,68
2024-11-17T12:00,28.7,33,0,7.3,60
2024-11-17T13:00,28.9,34,0,6.7,56
2024-11-17T14:00,28.9,34,0,6.8,50
2024-11-17T15:00,28.5,35,0,7.7,49
2024-11-17T16:00,27.7,37,0,6.9,47
2024-11-17T17:00,25.7,47,0,1.1,18
2024-11-17T18:00,25.0,49,0,1.9,146
2024-11-17T19:00,24.0,52,0,1.4,157
2024-11-17T20:00,23.1,55,0,0.9,233
2024-11-17T21:00,22.2,59,0,0.8,297
2024-11-17T22:00,20.7,68,0,4.0,309
2024-11-17T23:00,19.5,75,0,3.7,293
2024-11-18T00:00,18.8,78,0,5.6,327
2024-11-18T01:00,18.6,78,0,5.5,347
2024-11-18T02:00,17.9,81,0,4.7,18
2024-11-18T03:00,17.4,83,0,6.0,335
2024-11-18T04:00,16.9,83,0,7.8,338
2024-11-18T05:00,16.5,82,0,6.0,351
2024-11-18T06:00,16.5,85,0,5.5,349
2024-11-18T07:00,18.0,77,0,7.3,351
2024-11-18T08:00,21.0,65,0,5.2,356
2024-11-18T09:00,24.0,54,0,5.2,16
2024-11-18T10:00,26.3,45,0,3.8,41
2024-11-18T11:00,27.9,37,0,6.3,70
2024-11-18T12:00,28.5,34,0,8.7,66
2024-11-18T13:00,28.7,34,0,8.9,63
2024-11-18T14:00,28.6,35,0,8.7,60
2024-11-18T15:00,28.1,36,0,8.9,62
2024-11-18T16:00,27.4,38,0,7.2,68
2024-11-18T17:00,25.4,46,0,4.2,102
2024-11-18T18:00,24.8,46,0,5.4,120
2024-11-18T19:00,24.0,50,0,2.9,112
2024-11-18T20:00,23.7,54,0,0.9,90
2024-11-18T21:00,22.6,53,0,1.7,319
2024-11-18T22:00,20.6,63,0,4.2,310
2024-11-18T23:00,19.4,72,0,5.2,340
2024-11-19T00:00,18.8,77,0,5.1,6
2024-11-19T01:00,18.4,80,0,5.2,4
2024-11-19T02:00,17.9,79,0,5.2,346
2024-11-19T03:00,16.9,82,0,4.7,356
2024-11-19T04:00,16.5,82,0,5.1,352
2024-11-19T05:00,16.2,81,0,5.4,352
2024-11-19T06:00,15.9,82,0,6.3,345
2024-11-19T07:00,17.4,75,0,7.2,347
2024-11-19T08:00,20.6,63,0,4.6,351
2024-11-19T09:00,23.6,52,0,4.0,18
2024-11-19T10:00,25.9,44,0,3.6,60
2024-11-19T11:00,27.3,37,0,4.2,100
2024-11-19T12:00,28.1,34,0,4.4,99
2024-11-19T13:00,28.4,33,0,3.8,85
2024-11-19T14:00,28.4,33,0,3.8,65
2024-11-19T15:00,28.1,34,0,4.4,35
2024-11-19T16:00,27.1,37,0,6.6,13
2024-11-19T17:00,24.6,48,0,4.0,355
2024-11-19T18:00,23.6,55,0,1.2,297
2024-11-19T19:00,22.8,58,0,1.4,230
2024-11-19T20:00,22.2,61,0,3.1,190
2024-11-19T21:00,22.5,60,0,0.8,207
2024-11-19T22:00,21.8,60,0,1.5,14
2024-11-19T23:00,20.4,65,0,8.8,327
2024-11-20T00:00,19.2,66,0,8.5,324
2024-11-20T01:00,18.9,69,0,9.9,331
2024-11-20T02:00,17.7,78,0,4.6,339
2024-11-20T03:00,17.0,84,0,3.3,61
2024-11-20T04:00,16.7,86,0,2.9,7
2024-11-20T05:00,16.6,87,0,4.6,315
2024-11-20T06:00,16.6,87,0,5.2,360
2024-11-20T07:00,18.2,79,0,7.0,347
2024-11-20T08:00,20.9,63,0,5.9,14
2024-11-20T09:00,23.3,52,0,6.5,48
2024-11-20T10:00,25.2,46,0,6.2,83
2024-11-20T11:00,26.6,41,0,5.6,111
2024-11-20T12:00,27.4,39,0,4.8,124
2024-11-20T13:00,27.8,38,0,3.5,118
2024-11-20T14:00,27.9,37,0,2.1,105
2024-11-20T15:00,27.7,38,0,2.1,31
2024-11-20T16:00,27.0,39,1,5.2,360
2024-11-20T17:00,24.9,46,0,6.7,351
2024-11-20T18:00,23.6,53,0,4.4,19
2024-11-20T19:00,23.2,56,0,1.3,74
2024-11-20T20:00,22.8,56,0,1.7,148
2024-11-20T21:00,21.6,58,0,4.5,175
2024-11-20T22:00,21.0,63,0,2.6,196
2024-11-20T23:00,20.1,68,0,1.7,319
2024-11-21T00:00,19.3,69,0,7.8,328
2024-11-21T01:00,18.7,70,0,6.4,315
2024-11-21T02:00,18.1,72,0,5.5,319
2024-11-21T03:00,17.6,76,0,4.8,349
2024-11-21T04:00,16.9,82,0,4.1,23
2024-11-21T05:00,16.4,86,0,5.1,350
2024-11-21T06:00,16.6,85,0,4.9,343
2024-11-21T07:00,17.6,82,0,7.0,350
2024-11-21T08:00,20.4,70,0,4.1,360
2024-11-21T09:00,23.4,56,0,5.1,36
2024-11-21T10:00,25.5,46,0,5.4,53
2024-11-21T11:00,26.8,41,0,3.7,47
2024-11-21T12:00,27.5,39,0,3.3,13
2024-11-21T13:00,27.9,39,0,4.7,344
2024-11-21T14:00,27.9,38,0,6.7,336
2024-11-21T15:00,27.5,38,0,8.6,334
2024-11-21T16:00,26.5,40,0,10.2,339
2024-11-21T17:00,25.1,46,0,8.2,351
2024-11-21T18:00,24.1,48,0,4.7,23
2024-11-21T19:00,23.0,53,0,3.7,79
2024-11-21T20:00,21.8,60,0,4.5,164
2024-11-21T21:00,21.4,61,0,6.9,223
2024-11-21T22:00,20.4,68,0,4.2,211
2024-11-21T23:00,19.4,71,0,4.1,2
2024-11-22T00:00,19.1,72,0,4.6,301
2024-11-22T01:00,18.5,76,0,4.1,337
2024-11-22T02:00,18.2,79,0,5.8,360
2024-11-22T03:00,17.4,84,0,6.2,348
2024-11-22T04:00,16.9,86,0,5.5,9
2024-11-22T05:00,16.5,84,0,4.7,356
2024-11-22T06:00,16.3,87,0,4.6,18
2024-11-22T07:00,17.7,77,0,7.1,24
2024-11-22T08:00,20.1,63,0,5.8,26
2024-11-22T09:00,22.7,50,0,6.0,37
2024-11-22T10:00,24.8,41,0,5.7,46
2024-11-22T11:00,26.2,39,0,4.6,39
2024-11-22T12:00,27.0,39,0,4.5,5
2024-11-22T13:00,27.4,40,0,6.0,343
2024-11-22T14:00,27.3,40,1,7.8,337
2024-11-22T15:00,26.8,41,1,8.9,341
2024-11-22T16:00,26.0,43,0,8.1,347
2024-11-22T17:00,24.2,51,0,4.2,10
2024-11-22T18:00,24.0,53,0,1.7,32
2024-11-22T19:00,23.5,54,0,2.1,285
2024-11-22T20:00,23.0,57,0,0.6,252
2024-11-22T21:00,21.5,61,0,5.5,117
2024-11-22T22:00,20.7,65,0,3.5,81
2024-11-22T23:00,19.2,73,0,3.1,339
2024-11-23T00:00,18.4,79,0,5.6,345
2024-11-23T01:00,17.6,82,0,3.7,337
2024-11-23T02:00,16.7,87,0,2.3,328
2024-11-23T03:00,16.2,89,0,3.2,344
2024-11-23T04:00,15.9,86,0,4.2,348
2024-11-23T05:00,15.8,81,0,5.8,353
2024-11-23T06:00,15.6,76,0,7.2,348
2024-11-23T07:00,16.7,73,0,8.4,353
2024-11-23T08:00,19.4,61,0,6.7,351
2024-11-23T09:00,22.6,49,0,6.3,5
2024-11-23T10:00,25.0,41,0,5.5,19
2024-11-23T11:00,26.4,38,0,4.9,10
2024-11-23T12:00,27.1,37,0,4.3,2
2024-11-23T13:00,27.5,35,2,5.1,354
2024-11-23T14:00,27.6,35,1,6.8,349
2024-11-23T15:00,27.2,35,0,8.3,355
2024-11-23T16:00,26.4,35,0,8.3,355
2024-11-23T17:00,24.6,41,0,5.2,340
2024-11-23T18:00,22.9,52,0,3.8,273
2024-11-23T19:00,21.8,59,0,2.3,219
2024-11-23T20:00,21.2,62,0,1.7,148
2024-11-23T21:00,21.0,61,0,1.4,90
2024-11-23T22:00,20.1,64,0,0.7,360
2024-11-23T23:00,18.4,74,0,5.2,314
2024-11-24T00:00,17.6,78,0,5.0,339
2024-11-24T01:00,16.9,82,0,4.5,320
2024-11-24T02:00,16.4,85,1,5.4,346
2024-11-24T03:00,16.1,83,0,7.4,347
2024-11-24T04:00,15.5,80,0,7.4,337
2024-11-24T05:00,15.2,78,0,7.6,341
2024-11-24T06:00,14.7,79,0,7.9,340
2024-11-24T07:00,15.9,74,0,8.1,342
2024-11-24T08:00,18.7,63,0,4.0,350
2024-11-24T09:00,21.9,52,0,4.5,14
2024-11-24T10:00,24.3,44,1,5.4,20
2024-11-24T11:00,26.1,38,2,4.6,13
2024-11-24T12:00,27.2,32,3,4.6,18
2024-11-24T13:00,27.7,30,1,5.7,11
2024-11-24T14:00,27.7,29,2,7.6,8
2024-11-24T15:00,27.2,31,3,8.6,10
2024-11-24T16:00,26.4,36,1,7.0,1
2024-11-24T17:00,23.9,47,3,4.0,321
2024-11-24T18:00,23.1,53,0,0.9,259
2024-11-24T19:00,22.3,57,0,0.5,225
2024-11-24T20:00,22.0,57,0,1.0,135
2024-11-24T21:00,21.3,56,0,0.9,360
2024-11-24T22:00,20.1,62,1,1.3,326
2024-11-24T23:00,18.4,73,1,5.8,358
2024-11-25T00:00,17.5,76,2,4.7,344
2024-11-25T01:00,17.0,76,3,7.3,343
2024-11-25T02:00,16.4,73,3,7.8,351
2024-11-25T03:00,16.2,70,1,7.7,349
2024-11-25T04:00,15.8,71,3,7.5,350
2024-11-25T05:00,15.5,73,3,7.6,357
2024-11-25T06:00,15.4,75,3,8.0,354
2024-11-25T07:00,16.6,71,3,9.2,360
2024-11-25T08:00,19.3,61,3,6.2,15
2024-11-25T09:00,22.1,52,3,6.0,37
2024-11-25T10:00,24.4,45,3,6.4,54
2024-11-25T11:00,26.0,39,3,6.8,58
2024-11-25T12:00,27.0,35,3,6.9,53
2024-11-25T13:00,27.6,33,3,6.5,48
2024-11-25T14:00,27.8,32,3,6.4,43
2024-11-25T15:00,27.6,31,2,6.0,37
2024-11-25T16:00,27.0,33,3,4.4,35
2024-11-25T17:00,24.9,43,2,0.8,63
2024-11-25T18:00,23.1,41,0,5.4,127
2024-11-25T19:00,22.4,44,2,3.2,128
2024-11-25T20:00,21.8,45,3,1.6,153
2024-11-25T21:00,20.9,48,3,2.7,180
2024-11-25T22:00,20.7,54,3,0.7,166
2024-11-25T23:00,19.0,56,3,6.7,354
2024-11-26T00:00,18.0,63,2,6.2,345
2024-11-26T01:00,17.0,69,1,8.3,340
2024-11-26T02:00,16.1,73,1,9.1,343
2024-11-26T03:00,15.7,74,0,8.5,343
2024-11-26T04:00,15.3,75,0,6.6,344
2024-11-26T05:00,14.8,77,1,6.8,358
2024-11-26T06:00,14.7,81,1,4.6,349
2024-11-26T07:00,16.1,74,0,6.7,357
2024-11-26T08:00,19.0,63,0,5.6,4
2024-11-26T09:00,22.2,51,1,5.2,22
2024-11-26T10:00,24.7,43,3,4.5,43
2024-11-26T11:00,26.4,36,1,5.6,50
2024-11-26T12:00,27.3,34,2,7.4,49
2024-11-26T13:00,27.6,34,3,7.3,40
2024-11-26T14:00,27.8,34,3,6.4,32
2024-11-26T15:00,27.7,33,1,5.3,33
2024-11-26T16:00,27.1,35,1,3.9,24
2024-11-26T17:00,24.9,44,1,0.5,315
2024-11-26T18:00,23.4,43,0,5.1,113
2024-11-26T19:00,23.0,45,0,2.4,77
2024-11-26T20:00,22.6,49,0,1.0,45
2024-11-26T21:00,22.3,47,0,1.1,162
2024-11-26T22:00,20.7,51,0,8.0,355
2024-11-26T23:00,18.9,61,0,6.5,5
2024-11-27T00:00,17.9,65,1,5.4,14
2024-11-27T01:00,17.2,67,3,5.4,360
2024-11-27T02:00,17.1,65,3,7.7,357
2024-11-27T03:00,16.6,66,3,7.4,3
2024-11-27T04:00,16.2,66,1,8.3,6
2024-11-27T05:00,15.9,66,1,9.4,360
2024-11-27T06:00,16.0,65,0,8.1,4
2024-11-27T07:00,17.1,61,2,8.6,10
2024-11-27T08:00,19.7,53,0,6.5,13
2024-11-27T09:00,22.4,45,0,6.3,27
2024-11-27T10:00,24.8,38,0,5.9,45
2024-11-27T11:00,26.5,32,0,8.6,49
2024-11-27T12:00,27.4,29,0,9.5,53
2024-11-27T13:00,27.8,27,3,9.1,49
2024-11-27T14:00,27.9,26,3,9.4,38
2024-11-27T15:00,27.6,25,0,9.4,32
2024-11-27T16:00,26.8,24,0,9.2,23
2024-11-27T17:00,24.2,32,0,6.7,6
2024-11-27T18:00,23.0,34,0,6.4,25
2024-11-27T19:00,21.7,38,1,5.7,32
2024-11-27T20:00,20.9,41,0,6.5,19
2024-11-27T21:00,20.2,45,0,8.0,8
2024-11-27T22:00,19.3,47,0,8.9,353
2024-11-27T23:00,18.4,50,0,9.2,348
2024-11-28T00:00,17.9,52,0,11.5,358
2024-11-28T01:00,17.4,54,0,9.1,15
2024-11-28T02:00,17.4,53,0,9.6,23
2024-11-28T03:00,17.2,52,0,10.4,23
2024-11-28T04:00,16.6,54,1,9.6,23
2024-11-28T05:00,16.2,56,3,8.8,17
2024-11-28T06:00,15.7,59,3,8.6,16
2024-11-28T07:00,16.6,57,3,9.8,18
2024-11-28T08:00,19.0,50,3,8.5,24
2024-11-28T09:00,21.7,43,1,9.9,27
2024-11-28T10:00,24.3,33,0,11.9,42
2024-11-28T11:00,25.6,25,0,13.7,58
2024-11-28T12:00,26.3,25,0,12.0,58
2024-11-28T13:00,26.7,25,1,11.1,50
2024-11-28T14:00,26.9,24,1,10.7,35
2024-11-28T15:00,26.6,25,1,10.9,29
2024-11-28T16:00,25.8,26,0,9.1,25
2024-11-28T17:00,23.0,34,0,5.8,7
2024-11-28T18:00,21.8,40,0,5.7,24
2024-11-28T19:00,20.7,43,0,5.2,41
2024-11-28T20:00,20.0,46,0,5.3,35
2024-11-28T21:00,19.8,47,0,8.8,5
2024-11-28T22:00,18.5,52,0,9.1,9
2024-11-28T23:00,17.7,54,0,9.2,360
2024-11-29T00:00,17.1,56,0,7.9,357
2024-11-29T01:00,16.5,58,0,6.3,355
2024-11-29T02:00,16.0,60,0,6.7,354
2024-11-29T03:00,15.5,63,0,6.4,352
2024-11-29T04:00,15.2,64,1,8.0,354
2024-11-29T05:00,15.1,64,0,9.5,358
2024-11-29T06:00,14.8,65,0,9.4,360
2024-11-29T07:00,15.8,62,0,10.3,4
2024-11-29T08:00,18.4,54,3,9.0,12
2024-11-29T09:00,21.2,47,1,9.4,26
2024-11-29T10:00,23.8,43,0,10.7,46
2024-11-29T11:00,25.5,38,0,12.1,60
2024-11-29T12:00,26.5,34,0,11.2,62
2024-11-29T13:00,27.1,33,0,10.5,63
2024-11-29T14:00,27.3,32,0,10.1,59
2024-11-29T15:00,27.1,33,0,10.6,43
2024-11-29T16:00,26.4,34,0,9.5,39
2024-11-29T17:00,23.7,41,0,5.0,41
2024-11-29T18:00,23.2,48,0,7.4,3
2024-11-29T19:00,22.3,48,0,7.4,14
2024-11-29T20:00,21.4,48,0,6.5,14
2024-11-29T21:00,20.8,50,0,7.6,5
2024-11-29T22:00,19.6,54,0,9.4,4
2024-11-29T23:00,18.5,58,1,9.2,3
2024-11-30T00:00,17.9,59,3,9.7,357
2024-11-30T01:00,17.4,61,0,10.2,352
2024-11-30T02:00,17.0,61,3,10.2,350
2024-11-30T03:00,16.7,62,3,9.3,351
2024-11-30T04:00,16.5,63,3,9.6,352
2024-11-30T05:00,16.1,65,3,9.4,356
2024-11-30T06:00,16.2,66,3,9.0,360
2024-11-30T07:00,17.1,65,3,9.2,6
2024-11-30T08:00,19.5,57,3,8.7,8
2024-11-30T09:00,22.2,50,0,9.6,16
2024-11-30T10:00,24.8,45,0,9.8,40
2024-11-30T11:00,26.6,42,2,10.5,53
2024-11-30T12:00,27.8,43,3,10.4,58
2024-11-30T13:00,28.4,43,3,10.2,56
2024-11-30T14:00,28.6,43,3,9.9,55
2024-11-30T15:00,28.4,43,3,9.2,50
2024-11-30T16:00,27.8,44,3,9.5,39
2024-11-30T17:00,25.9,51,3,5.0,26
2024-11-30T18:00,25.0,57,3,6.8,358
2024-11-30T19:00,23.9,61,3,7.0,357
2024-11-30T20:00,23.2,61,3,8.3,358
2024-11-30T21:00,22.2,61,3,9.4,4
2024-11-30T22:00,21.2,60,3,8.8,19
2024-11-30T23:00,20.5,59,3,8.4,25
2024-12-01T00:00,20.0,60,3,7.3,25
2024-12-01T01:00,19.6,60,3,8.2,22
2024-12-01T02:00,19.2,60,3,9.4,13
2024-12-01T03:00,19.0,59,3,10.7,9
2024-12-01T04:00,18.7,59,3,9.5,10
2024-12-01T05:00,18.5,61,3,10.3,7
2024-12-01T06:00,18.2,65,3,9.7,4
2024-12-01T07:00,18.8,65,3,9.2,2
2024-12-01T08:00,20.8,61,3,8.4,19
2024-12-01T09:00,23.1,57,3,10.2,26
2024-12-01T10:00,25.0,55,3,10.6,48
2024-12-01T11:00,26.6,52,3,10.7,45
2024-12-01T12:00,27.8,49,3,10.1,47
2024-12-01T13:00,28.4,48,3,9.7,50
2024-12-01T14:00,28.6,47,3,10.3,44
2024-12-01T15:00,28.4,48,3,10.7,45
2024-12-01T16:00,28.1,48,3,10.4,51
2024-12-01T17:00,27.2,49,3,7.5,40
2024-12-01T18:00,25.9,57,3,5.4,60
2024-12-01T19:00,25.0,62,3,4.9,66
2024-12-01T20:00,24.1,67,3,4.5,76
2024-12-01T21:00,23.9,71,3,6.1,58
2024-12-01T22:00,23.2,76,0,7.9,63
2024-12-01T23:00,22.4,79,0,9.2,42
2024-12-02T00:00,21.7,80,0,8.4,53
2024-12-02T01:00,21.3,80,0,8.1,45
2024-12-02T02:00,20.9,81,0,8.0,46
2024-12-02T03:00,20.4,81,1,7.8,38
2024-12-02T04:00,20.0,77,1,8.7,21
2024-12-02T05:00,19.6,71,3,8.9,18
2024-12-02T06:00,19.6,67,3,7.8,15
2024-12-02T07:00,20.2,65,2,7.7,12
2024-12-02T08:00,22.0,61,3,8.4,25
2024-12-02T09:00,24.1,62,3,10.1,31
2024-12-02T10:00,26.0,60,1,10.7,37
2024-12-02T11:00,27.6,57,2,10.1,46
2024-12-02T12:00,30.0,49,3,10.4,60
2024-12-02T13:00,29.8,49,3,9.9,57
2024-12-02T14:00,29.5,50,3,10.0,56
2024-12-02T15:00,29.5,50,3,10.5,61
2024-12-02T16:00,28.7,52,3,12.3,79
2024-12-02T17:00,27.5,59,3,11.3,91
2024-12-02T18:00,26.8,62,1,8.5,92
2024-12-02T19:00,26.2,65,1,7.7,79
2024-12-02T20:00,25.6,68,3,10.6,79
2024-12-02T21:00,25.1,70,3,12.0,76
2024-12-02T22:00,25.0,71,3,12.3,78
2024-12-02T23:00,24.4,73,3,10.6,71
2024-12-03T00:00,23.6,76,1,10.2,69
2024-12-03T01:00,23.1,78,0,9.6,73
2024-12-03T02:00,22.7,80,1,7.9,77
2024-12-03T03:00,22.3,82,3,7.2,68
2024-12-03T04:00,22.1,83,1,7.7,59
2024-12-03T05:00,21.7,85,1,7.5,57
2024-12-03T06:00,22.2,82,3,7.9,63
2024-12-03T07:00,22.6,81,2,9.0,60
2024-12-03T08:00,23.8,75,0,10.7,74
2024-12-03T09:00,25.3,69,0,9.6,77
2024-12-03T10:00,27.4,61,1,10.1,86
2024-12-03T11:00,28.8,56,3,10.8,89
2024-12-03T12:00,28.8,56,3,10.2,99
2024-12-03T13:00,28.8,56,3,9.1,98
2024-12-03T14:00,29.0,56,1,7.9,91
2024-12-03T15:00,29.3,55,1,7.8,83
2024-12-03T16:00,28.7,57,1,7.7,81
2024-12-03T17:00,27.7,60,0,7.1,71
2024-12-03T18:00,27.0,66,1,4.8,77
2024-12-03T19:00,26.2,70,1,4.6,79
2024-12-03T20:00,25.7,72,1,4.9,82
2024-12-03T21:00,25.4,73,0,4.1,88
2024-12-03T22:00,25.1,75,0,7.7,41
2024-12-03T23:00,24.1,80,3,8.7,37
2024-12-04T00:00,23.6,80,1,8.9,42
2024-12-04T01:00,23.3,81,3,6.1,60
2024-12-04T02:00,22.9,82,1,5.5,52
2024-12-04T03:00,22.4,84,3,6.0,39
2024-12-04T04:00,21.9,87,3,6.2,22
2024-12-04T05:00,21.6,89,3,6.9,9
2024-12-04T06:00,21.9,87,3,7.3,11
2024-12-04T07:00,22.4,83,1,6.2,17
2024-12-04T08:00,24.3,73,0,5.6,40
2024-12-04T09:00,26.3,65,0,6.9,65
2024-12-04T10:00,28.1,59,2,7.7,89
2024-12-04T11:00,29.2,56,3,7.6,109
2024-12-04T12:00,29.9,52,51,5.8,116
2024-12-04T13:00,30.0,52,51,5.0,134
2024-12-04T14:00,30.2,51,51,3.7,137
2024-12-04T15:00,30.1,51,51,2.7,86
2024-12-04T16:00,29.9,51,2,3.2,43
2024-12-04T17:00,28.4,57,2,3.2,43
2024-12-04T18:00,26.9,67,0,1.9,338
2024-12-04T19:00,26.1,73,0,4.8,323
2024-12-04T20:00,25.4,75,0,6.0,343
2024-12-04T21:00,24.6,77,51,3.8,343
2024-12-04T22:00,24.1,78,51,4.0,352
2024-12-04T23:00,23.8,79,0,5.2,346
2024-12-05T00:00,23.3,82,1,4.6,342
2024-12-05T01:00,22.8,85,1,6.7,352
2024-12-05T02:00,22.2,87,0,8.5,2
2024-12-05T03:00,21.7,86,0,6.3,347
2024-12-05T04:00,21.4,81,0,6.2,7
2024-12-05T05:00,21.0,77,0,5.7,11
2024-12-05T06:00,21.5,64,0,7.5,10
2024-12-05T07:00,22.0,60,0,7.8,13
2024-12-05T08:00,23.7,51,0,5.9,27
2024-12-05T09:00,26.0,42,0,6.2,36
2024-12-05T10:00,28.1,38,0,6.8,42
2024-12-05T11:00,29.5,40,0,5.5,58
2024-12-05T12:00,30.4,42,0,3.9,77
2024-12-05T13:00,31.3,41,2,3.7,349
2024-12-05T14:00,31.5,40,3,7.3,329
2024-12-05T15:00,30.8,44,3,12.2,332
2024-12-05T16:00,29.5,47,2,13.3,342
2024-12-05T17:00,28.6,49,2,6.3,357
2024-12-05T18:00,27.5,58,1,3.1,36
2024-12-05T19:00,26.9,59,0,1.1,162
2024-12-05T20:00,26.0,61,0,4.1,195
2024-12-05T21:00,25.3,65,0,2.2,215
2024-12-05T22:00,24.7,68,0,1.2,231
2024-12-05T23:00,23.5,72,0,3.0,303
2024-12-06T00:00,23.1,75,0,4.2,324
2024-12-06T01:00,22.4,79,0,3.8,295
2024-12-06T02:00,22.0,80,1,4.7,320
2024-12-06T03:00,21.8,79,3,6.4,333
2024-12-06T04:00,22.0,78,3,6.6,347
2024-12-06T05:00,21.3,78,1,4.9,356
2024-12-06T06:00,21.2,86,0,4.4,333
2024-12-06T07:00,21.9,80,0,6.6,327
2024-12-06T08:00,23.9,66,1,5.4,326
2024-12-06T09:00,25.5,60,1,5.6,7
2024-12-06T10:00,27.0,58,3,4.9,354
2024-12-06T11:00,28.0,56,3,1.4,360
2024-12-06T12:00,28.8,54,51,3.9,286
2024-12-06T13:00,29.5,51,51,5.6,274
2024-12-06T14:00,29.7,49,51,6.5,294
2024-12-06T15:00,29.4,51,51,6.5,312
2024-12-06T16:00,28.7,53,51,6.3,340
2024-12-06T17:00,27.7,57,2,3.0,343
2024-12-06T18:00,26.9,65,3,3.3,234
2024-12-06T19:00,26.3,68,3,10.3,229
2024-12-06T20:00,24.9,74,1,8.8,223
2024-12-06T21:00,24.5,76,1,5.3,235
2024-12-06T22:00,23.6,81,1,3.6,233
2024-12-06T23:00,23.2,84,2,0.8,333
2024-12-07T00:00,22.9,86,3,0.3,315
2024-12-07T01:00,22.3,88,3,2.3,302
2024-12-07T02:00,21.9,91,3,4.0,355
2024-12-07T03:00,21.5,93,3,3.1,332
2024-12-07T04:00,21.0,95,3,4.0,306
2024-12-07T05:00,20.6,94,3,3.3,315
2024-12-07T06:00,21.5,89,0,2.5,352
2024-12-07T07:00,22.3,77,0,4.2,353
2024-12-07T08:00,24.0,62,0,3.1,31
2024-12-07T09:00,25.8,56,0,4.2,59
2024-12-07T10:00,26.9,57,1,4.7,86
2024-12-07T11:00,27.9,56,1,3.9,143
2024-12-07T12:00,28.7,52,51,2.8,198
2024-12-07T13:00,29.3,49,51,3.9,236
2024-12-07T14:00,29.6,48,51,5.6,243
2024-12-07T15:00,29.4,48,51,6.6,249
2024-12-07T16:00,28.8,51,0,5.6,222
2024-12-07T17:00,27.7,57,0,5.9,203
2024-12-07T18:00,26.5,65,1,4.2,137
2024-12-07T19:00,25.6,72,1,5.3,128
2024-12-07T20:00,25.2,75,3,5.7,114
2024-12-07T21:00,24.3,81,3,8.4,133
2024-12-07T22:00,23.9,83,3,8.0,132
2024-12-07T23:00,23.3,87,51,5.8,154
2024-12-08T00:00,22.9,90,3,6.5,157
2024-12-08T01:00,22.3,93,51,5.8,164
2024-12-08T02:00,21.7,95,2,2.7,132
2024-12-08T03:00,21.4,96,3,3.6,37
2024-12-08T04:00,21.0,98,3,3.7,61
2024-12-08T05:00,20.8,98,3,3.5,66
2024-12-08T06:00,20.4,98,3,3.0,33
2024-12-08T07:00,21.4,95,3,4.4,58
2024-12-08T08:00,23.0,87,3,4.0,98
2024-12-08T09:00,24.8,77,3,5.1,153
2024-12-08T10:00,25.8,71,51,5.0,199
2024-12-08T11:00,27.1,64,51,6.2,201
2024-12-08T12:00,28.5,56,1,8.1,204
2024-12-08T13:00,29.4,51,1,9.6,217
2024-12-08T14:00,30.0,45,0,11.7,232
2024-12-08T15:00,29.9,44,0,11.2,240
2024-12-08T16:00,29.4,45,0,10.1,243
2024-12-08T17:00,27.6,52,0,6.9,210
2024-12-08T18:00,25.9,67,1,3.6,150
2024-12-08T19:00,25.1,73,3,9.7,165
2024-12-08T20:00,24.3,79,3,6.7,196
2024-12-08T21:00,23.0,86,3,4.3,237
2024-12-08T22:00,22.2,90,3,4.2,252
2024-12-08T23:00,21.9,92,3,5.1,253
2024-12-09T00:00,21.3,94,3,4.7,288
2024-12-09T01:00,20.6,95,3,4.6,318
2024-12-09T02:00,19.9,87,3,5.8,334
2024-12-09T03:00,19.3,72,3,6.0,333
2024-12-09T04:00,18.7,68,3,7.3,335
2024-12-09T05:00,18.2,68,3,8.1,335
2024-12-09T06:00,18.6,68,3,10.4,334
2024-12-09T07:00,19.0,65,3,10.9,333
2024-12-09T08:00,21.0,57,3,9.7,335
2024-12-09T09:00,23.5,50,0,9.4,343
2024-12-09T10:00,25.6,43,0,9.9,351
2024-12-09T11:00,26.9,37,0,9.7,349
2024-12-09T12:00,27.8,33,0,8.6,338
2024-12-09T13:00,28.3,32,0,8.3,326
2024-12-09T14:00,28.3,33,0,8.9,322
2024-12-09T15:00,28.2,33,0,8.4,323
2024-12-09T16:00,27.6,32,0,8.5,324
2024-12-09T17:00,25.3,38,0,5.3,327
2024-12-09T18:00,24.9,44,0,6.5,5
2024-12-09T19:00,23.3,48,0,10.8,330
2024-12-09T20:00,21.7,40,0,14.3,332
2024-12-09T21:00,20.7,41,0,13.9,346
2024-12-09T22:00,19.6,46,0,11.9,350
2024-12-09T23:00,18.7,47,0,11.3,347
2024-12-10T00:00,18.0,44,0,11.2,345
2024-12-10T01:00,17.5,42,1,12.0,352
2024-12-10T02:00,17.0,40,3,11.8,354
2024-12-10T03:00,16.3,40,3,10.8,358
2024-12-10T04:00,15.8,42,3,9.9,1
2024-12-10T05:00,15.3,44,3,9.6,5
2024-12-10T06:00,15.1,49,2,9.1,15
2024-12-10T07:00,15.6,48,3,10.2,14
2024-12-10T08:00,17.5,40,3,10.5,19
2024-12-10T09:00,19.5,36,3,9.5,25
2024-12-10T10:00,21.8,32,3,9.8,30
2024-12-10T11:00,23.7,29,3,9.4,35
2024-12-10T12:00,25.2,26,3,7.6,31
2024-12-10T13:00,26.0,25,3,5.9,18
2024-12-10T14:00,26.2,26,3,6.1,360
2024-12-10T15:00,25.8,27,3,7.2,346
2024-12-10T16:00,24.8,28,1,8.9,346
2024-12-10T17:00,22.9,33,3,6.5,360
2024-12-10T18:00,21.9,38,3,5.4,20
2024-12-10T19:00,20.5,43,3,5.0,21
2024-12-10T20:00,19.5,47,2,5.5,23
2024-12-10T21:00,19.4,45,2,9.3,18
2024-12-10T22:00,17.8,48,3,8.8,11
2024-12-10T23:00,16.6,51,2,7.7,1
2024-12-11T00:00,15.8,52,1,7.2,356
2024-12-11T01:00,15.2,54,0,7.1,353
2024-12-11T02:00,14.8,57,0,7.9,357
2024-12-11T03:00,14.1,59,0,7.4,359
2024-12-11T04:00,13.7,61,0,7.4,357
2024-12-11T05:00,13.2,63,1,8.3,359
2024-12-11T06:00,12.9,68,3,7.1,7
2024-12-11T07:00,13.6,66,1,8.3,13
2024-12-11T08:00,16.1,55,1,6.8,18
2024-12-11T09:00,19.0,44,3,7.3,33
2024-12-11T10:00,21.6,36,3,7.8,48
2024-12-11T11:00,23.5,34,3,6.9,59
2024-12-11T12:00,24.8,30,2,5.6,59
2024-12-11T13:00,25.5,29,1,5.1,48
2024-12-11T14:00,25.7,29,2,5.9,31
2024-12-11T15:00,25.4,29,2,5.8,30
2024-12-11T16:00,24.7,31,1,5.2,34
2024-12-11T17:00,22.0,41,0,3.4,18
2024-12-11T18:00,21.0,46,0,4.9,336
2024-12-11T19:00,20.1,50,0,5.0,330
2024-12-11T20:00,20.0,50,0,1.3,8
2024-12-11T21:00,18.8,55,0,2.3,45
2024-12-11T22:00,17.9,60,0,1.5,14
2024-12-11T23:00,16.5,70,0,6.9,354
2024-12-12T00:00,15.5,73,0,6.1,348
2024-12-12T01:00,14.7,73,0,5.8,344
2024-12-12T02:00,14.1,73,2,5.4,8
2024-12-12T03:00,13.6,73,2,5.1,4
2024-12-12T04:00,12.9,76,1,4.8,347
2024-12-12T05:00,12.5,75,0,5.2,338
2024-12-12T06:00,12.2,78,0,6.7,336
2024-12-12T07:00,13.0,71,1,7.7,336
2024-12-12T08:00,15.9,58,3,4.6,351
2024-12-12T09:00,19.4,45,2,4.7,18
2024-12-12T10:00,22.1,37,2,4.8,45
2024-12-12T11:00,24.1,32,3,4.1,61
2024-12-12T12:00,25.3,29,2,3.1,36
2024-12-12T13:00,26.0,28,1,4.0,3
2024-12-12T14:00,26.3,28,2,6.2,339
2024-12-12T15:00,26.0,28,3,7.0,334
2024-12-12T16:00,25.1,30,3,7.0,339
2024-12-12T17:00,22.8,38,0,2.9,4
2024-12-12T18:00,22.2,41,1,3.6,20
2024-12-12T19:00,21.7,41,0,3.1,40
2024-12-12T20:00,21.1,42,0,2.7,67
2024-12-12T21:00,20.2,44,1,1.7,342
2024-12-12T22:00,18.4,53,1,7.0,347
2024-12-12T23:00,17.2,63,3,7.4,14
2024-12-13T00:00,16.6,65,3,7.9,12
2024-12-13T01:00,16.1,63,3,6.4,10
2024-12-13T02:00,15.7,63,3,7.7,1
2024-12-13T03:00,15.2,63,3,8.5,360
2024-12-13T04:00,14.8,63,3,8.5,358
2024-12-13T05:00,14.4,62,3,9.6,354
2024-12-13T06:00,14.2,64,3,9.8,353
2024-12-13T07:00,14.7,60,3,11.1,353
2024-12-13T08:00,17.0,50,3,9.2,1
2024-12-13T09:00,19.4,42,3,9.8,14
2024-12-13T10:00,21.7,37,3,9.5,21
2024-12-13T11:00,23.8,32,3,10.9,24
2024-12-13T12:00,25.2,28,3,10.7,23
2024-12-13T13:00,25.9,27,3,9.7,19
2024-12-13T14:00,26.1,27,3,8.4,19
2024-12-13T15:00,25.9,28,3,7.5,17
2024-12-13T16:00,25.2,29,2,7.3,11
2024-12-13T17:00,22.9,35,3,5.6,358
2024-12-13T18:00,22.0,39,3,6.5,3
2024-12-13T19:00,21.4,38,3,7.8,22
2024-12-13T20:00,20.3,37,3,11.1,29
2024-12-13T21:00,18.7,38,0,10.5,13
2024-12-13T22:00,17.2,42,1,10.1,358
2024-12-13T23:00,16.1,45,0,10.9,352
2024-12-14T00:00,15.3,47,0,10.9,351
2024-12-14T01:00,14.6,49,0,11.1,353
2024-12-14T02:00,14.0,51,0,10.6,358
2024-12-14T03:00,13.5,52,0,9.9,1
2024-12-14T04:00,13.2,53,0,9.9,1
2024-12-14T05:00,12.8,55,0,9.7,4
2024-12-14T06:00,12.9,55,0,10.4,14
2024-12-14T07:00,13.4,54,0,11.2,15
2024-12-14T08:00,15.6,46,0,10.0,21
2024-12-14T09:00,17.9,39,0,10.4,26
2024-12-14T10:00,20.4,33,0,9.3,32
2024-12-14T11:00,22.6,27,0,9.1,39
2024-12-14T12:00,24.3,21,0,7.5,46
2024-12-14T13:00,25.3,19,0,6.1,45
2024-12-14T14:00,25.8,18,0,4.9,36
2024-12-14T15:00,25.7,18,0,4.1,29
2024-12-14T16:00,24.9,20,0,3.9,24
2024-12-14T17:00,21.9,29,0,2.3,4
2024-12-14T18:00,20.7,37,0,2.9,338
2024-12-14T19:00,20.0,40,0,1.0,315
2024-12-14T20:00,19.1,43,0,1.1,351
2024-12-14T21:00,17.1,50,0,4.9,17
2024-12-14T22:00,16.5,56,0,7.0,10
2024-12-14T23:00,15.3,58,0,6.9,354
2024-12-15T00:00,14.3,55,0,6.2,352
2024-12-15T01:00,14.0,51,0,6.9,355
2024-12-15T02:00,13.5,52,0,7.7,359
2024-12-15T03:00,12.9,55,0,7.9,357
2024-12-15T04:00,12.4,56,0,8.5,355
2024-12-15T05:00,12.0,57,2,9.2,353
2024-12-15T06:00,11.4,61,0,9.4,356
2024-12-15T07:00,12.0,59,1,10.3,359
2024-12-15T08:00,14.7,50,1,8.3,4
2024-12-15T09:00,17.7,39,1,8.8,17
2024-12-15T10:00,20.7,29,0,6.9,33
2024-12-15T11:00,23.1,22,0,6.0,69
2024-12-15T12:00,24.6,19,0,5.8,88
2024-12-15T13:00,25.5,18,0,5.1,96
2024-12-15T14:00,25.8,19,0,4.2,100
2024-12-15T15:00,25.6,20,0,3.4,90
2024-12-15T16:00,25.0,22,0,3.2,74
2024-12-15T17:00,22.3,30,0,1.5,104
2024-12-15T18:00,21.4,36,0,1.9,158
2024-12-15T19:00,20.0,42,0,2.0,185
2024-12-15T20:00,19.3,44,0,0.9,349
2024-12-15T21:00,17.9,47,0,6.0,353
2024-12-15T22:00,16.8,52,0,5.4,354
2024-12-15T23:00,15.4,55,0,5.1,343
2024-12-16T00:00,14.8,54,0,5.5,341
2024-12-16T01:00,14.3,54,0,7.0,342
2024-12-16T02:00,13.6,54,0,8.6,344
2024-12-16T03:00,12.9,55,0,8.6,345
2024-12-16T04:00,12.3,57,0,7.8,347
2024-12-16T05:00,11.8,59,0,7.7,349
2024-12-16T06:00,11.7,63,0,6.9,354
2024-12-16T07:00,12.6,59,0,9.2,356
2024-12-16T08:00,15.7,49,0,7.7,360
2024-12-16T09:00,19.0,39,0,6.5,19
2024-12-16T10:00,21.8,33,0,6.2,41
2024-12-16T11:00,23.9,29,0,6.0,57
2024-12-16T12:00,25.3,27,0,4.7,72
2024-12-16T13:00,26.4,24,0,3.8,85
2024-12-16T14:00,26.9,23,0,3.2,63
2024-12-16T15:00,26.8,23,0,3.4,32
2024-12-16T16:00,26.0,25,0,3.2,19
2024-12-16T17:00,23.0,35,0,1.7,342
2024-12-16T18:00,22.0,42,0,0.6,304
2024-12-16T19:00,20.7,47,0,0.6,252
2024-12-16T20:00,19.7,50,0,1.7,198
2024-12-16T21:00,18.9,54,0,0.6,18
2024-12-16T22:00,17.6,59,0,2.3,360
2024-12-16T23:00,16.0,68,0,5.2,6
2024-12-17T00:00,15.4,70,0,5.5,13
2024-12-17T01:00,14.6,69,0,6.2,17
2024-12-17T02:00,14.0,64,0,6.9,5
2024-12-17T03:00,13.1,64,0,6.0,344
2024-12-17T04:00,12.5,65,0,6.7,336
2024-12-17T05:00,11.9,66,0,7.6,338
2024-12-17T06:00,10.9,74,0,6.2,350
2024-12-17T07:00,11.5,72,0,8.3,356
2024-12-17T08:00,14.8,60,0,6.7,355
2024-12-17T09:00,18.7,46,0,4.4,21
2024-12-17T10:00,21.8,36,0,5.3,33
2024-12-17T11:00,24.2,30,1,5.3,24
2024-12-17T12:00,25.7,26,1,4.7,16
2024-12-17T13:00,26.7,24,2,4.1,15
2024-12-17T14:00,27.3,23,1,3.1,28
2024-12-17T15:00,27.2,23,1,2.4,42
2024-12-17T16:00,26.4,24,3,1.9,61
2024-12-17T17:00,23.2,33,3,1.5,120
2024-12-17T18:00,21.6,43,3,5.1,135
2024-12-17T19:00,20.7,48,3,3.9,152
2024-12-17T20:00,19.9,50,1,2.7,188
2024-12-17T21:00,18.8,55,3,2.3,198
2024-12-17T22:00,18.4,56,3,0.2,270
2024-12-17T23:00,17.1,61,3,2.9,356
2024-12-18T00:00,15.8,66,1,6.2,343
2024-12-18T01:00,14.7,71,0,5.9,340
2024-12-18T02:00,14.1,74,0,6.4,350
2024-12-18T03:00,13.6,74,0,7.6,342
2024-12-18T04:00,12.9,74,0,6.5,346
2024-12-18T05:00,12.3,74,0,6.3,345
2024-12-18T06:00,11.9,74,0,5.9,346
2024-12-18T07:00,12.7,68,0,7.3,344
2024-12-18T08:00,15.9,54,0,4.9,350
2024-12-18T09:00,19.7,41,0,3.7,14
2024-12-18T10:00,22.8,29,0,5.7,37
2024-12-18T11:00,24.9,25,0,5.9,45
2024-12-18T12:00,26.4,22,0,5.4,53
2024-12-18T13:00,27.3,20,0,4.9,54
2024-12-18T14:00,27.7,20,0,5.5,46
2024-12-18T15:00,27.4,21,1,5.5,44
2024-12-18T16:00,26.6,23,0,5.5,49
2024-12-18T17:00,23.7,31,0,2.1,52
2024-12-18T18:00,22.7,34,0,2.4,77
2024-12-18T19:00,21.6,37,0,2.6,124
2024-12-18T20:00,20.5,43,0,3.3,139
2024-12-18T21:00,19.7,48,0,2.9,137
2024-12-18T22:00,19.4,50,0,2.1,70
2024-12-18T23:00,17.3,56,2,5.2,20
2024-12-19T00:00,16.2,61,2,5.6,22
2024-12-19T01:00,15.4,65,3,5.6,17
2024-12-19T02:00,14.6,70,1,5.4,21
2024-12-19T03:00,14.0,73,1,5.4,20
2024-12-19T04:00,13.9,73,1,6.5,13
2024-12-19T05:00,13.1,76,0,5.9,18
2024-12-19T06:00,12.3,79,0,6.1,19
2024-12-19T07:00,13.5,72,1,7.1,24
2024-12-19T08:00,16.7,58,0,6.8,35
2024-12-19T09:00,20.0,46,0,7.1,52
2024-12-19T10:00,22.9,39,1,8.6,64
2024-12-19T11:00,25.1,34,2,8.0,70
2024-12-19T12:00,26.7,32,2,8.1,86
2024-12-19T13:00,27.6,32,0,6.9,96
2024-12-19T14:00,28.0,34,0,6.4,106
2024-12-19T15:00,27.8,37,0,5.6,112
2024-12-19T16:00,27.1,40,0,6.6,119
2024-12-19T17:00,24.9,48,0,5.0,125
2024-12-19T18:00,24.2,57,1,4.2,83
2024-12-19T19:00,23.4,60,3,3.4,25
2024-12-19T20:00,22.7,59,3,4.9,6
2024-12-19T21:00,22.2,58,3,5.9,12
2024-12-19T22:00,21.1,61,3,5.4,6
2024-12-19T23:00,20.3,64,3,5.9,11
2024-12-20T00:00,19.7,65,3,5.2,354
2024-12-20T01:00,19.2,67,3,5.1,10
2024-12-20T02:00,19.3,67,3,5.7,24
2024-12-20T03:00,18.9,70,2,5.6,21
2024-12-20T04:00,18.6,72,1,6.2,17
2024-12-20T05:00,18.2,74,1,6.9,9
2024-12-20T06:00,18.1,77,3,6.5,360
2024-12-20T07:00,18.4,76,3,6.8,3
2024-12-20T08:00,20.7,68,3,5.0,15
2024-12-20T09:00,23.2,64,3,5.0,35
2024-12-20T10:00,25.4,59,1,4.5,53
2024-12-20T11:00,27.1,56,2,3.8,73
2024-12-20T12:00,28.4,52,0,2.8,63
2024-12-20T13:00,29.2,47,0,2.8,11
2024-12-20T14:00,29.6,43,0,5.1,343
2024-12-20T15:00,29.4,40,0,8.3,338
2024-12-20T16:00,28.5,39,0,9.5,341
2024-12-20T17:00,27.1,45,0,6.3,342
2024-12-20T18:00,26.2,52,1,4.0,360
2024-12-20T19:00,25.4,56,1,3.2,56
2024-12-20T20:00,24.7,59,0,1.1,72
2024-12-20T21:00,23.7,63,0,1.3,16
2024-12-20T22:00,22.6,66,3,6.7,346
2024-12-20T23:00,21.4,65,3,9.3,328
2024-12-21T00:00,20.3,69,2,7.9,349
2024-12-21T01:00,19.9,71,3,8.5,355
2024-12-21T02:00,19.4,66,0,8.9,6
2024-12-21T03:00,19.0,62,1,8.6,15
2024-12-21T04:00,18.5,60,0,8.9,9
2024-12-21T05:00,18.0,59,1,8.5,2
2024-12-21T06:00,18.0,63,2,8.0,354
2024-12-21T07:00,18.4,62,0,8.3,1
2024-12-21T08:00,20.6,56,0,7.0,13
2024-12-21T09:00,22.8,51,0,8.2,22
2024-12-21T10:00,25.2,45,0,8.5,38
2024-12-21T11:00,27.0,41,0,8.9,48
2024-12-21T12:00,28.3,38,0,7.8,38
2024-12-21T13:00,29.3,31,0,6.9,20
2024-12-21T14:00,29.4,29,0,8.1,355
2024-12-21T15:00,29.1,29,0,9.9,348
2024-12-21T16:00,28.2,28,0,10.8,355
2024-12-21T17:00,26.3,31,0,7.0,1
2024-12-21T18:00,25.0,37,0,8.4,23
2024-12-21T19:00,24.4,38,0,9.3,37
2024-12-21T20:00,23.3,40,0,11.3,20
2024-12-21T21:00,21.8,45,0,11.2,15
2024-12-21T22:00,20.5,47,0,10.1,357
2024-12-21T23:00,19.5,50,0,10.2,353
2024-12-22T00:00,18.8,52,0,9.6,357
2024-12-22T01:00,18.1,54,0,8.8,360
2024-12-22T02:00,17.6,56,0,10.2,7
2024-12-22T03:00,16.7,60,0,6.8,35
2024-12-22T04:00,16.0,63,0,5.5,17
2024-12-22T05:00,15.6,66,0,5.2,16
2024-12-22T06:00,16.0,66,0,6.7,19
2024-12-22T07:00,16.4,66,1,8.2,23
2024-12-22T08:00,18.5,59,0,7.7,30
2024-12-22T09:00,21.0,54,2,8.4,40
2024-12-22T10:00,23.4,53,3,7.8,53
2024-12-22T11:00,25.5,49,3,7.4,56
2024-12-22T12:00,27.1,40,3,6.8,48
2024-12-22T13:00,27.9,35,3,6.5,34
2024-12-22T14:00,28.3,32,3,5.6,21
2024-12-22T15:00,28.2,31,3,5.4,14
2024-12-22T16:00,27.5,32,3,7.9,3
2024-12-22T17:00,25.8,38,3,9.5,2
2024-12-22T18:00,24.7,40,0,6.0,25
2024-12-22T19:00,23.1,46,0,4.7,58
2024-12-22T20:00,22.2,51,0,5.2,90
2024-12-22T21:00,21.7,54,0,5.6,112
2024-12-22T22:00,21.0,57,0,5.0,90
2024-12-22T23:00,19.8,61,0,4.5,23
2024-12-23T00:00,18.8,66,0,3.9,24
2024-12-23T01:00,18.1,68,0,4.4,32
2024-12-23T02:00,18.2,67,0,9.0,47
2024-12-23T03:00,17.9,69,0,7.4,67
2024-12-23T04:00,17.3,73,0,5.5,71
2024-12-23T05:00,17.0,78,0,5.6,84
2024-12-23T06:00,17.2,90,0,6.5,76
2024-12-23T07:00,17.6,88,0,9.2,73
2024-12-23T08:00,19.8,77,0,8.2,67
2024-12-23T09:00,22.5,63,0,8.5,69
2024-12-23T10:00,24.8,53,0,3.8,82
2024-12-23T11:00,26.7,41,0,7.3,99
2024-12-23T12:00,28.0,35,0,9.4,102
2024-12-23T13:00,28.7,32,0,9.9,102
2024-12-23T14:00,28.9,31,0,10.4,107
2024-12-23T15:00,28.7,32,0,10.2,114
2024-12-23T16:00,28.0,33,0,9.4,119
2024-12-23T17:00,26.5,36,0,7.4,124
2024-12-23T18:00,25.4,42,0,6.3,129
2024-12-23T19:00,24.7,43,0,7.6,126
2024-12-23T20:00,24.1,46,0,8.9,114
2024-12-23T21:00,23.7,47,2,11.8,102
2024-12-23T22:00,23.6,48,2,9.8,113
2024-12-23T23:00,22.3,54,2,9.1,131
2024-12-24T00:00,21.6,56,1,6.8,112
2024-12-24T01:00,21.6,56,3,4.4,60
2024-12-24T02:00,21.3,57,3,5.9,40
2024-12-24T03:00,20.4,62,3,3.1,28
2024-12-24T04:00,20.1,64,3,3.3,9
2024-12-24T05:00,20.6,62,3,4.4,32
2024-12-24T06:00,18.6,72,0,4.4,9
2024-12-24T07:00,18.7,72,0,6.9,33
2024-12-24T08:00,20.6,63,0,6.0,39
2024-12-24T09:00,22.8,54,0,7.1,60
2024-12-24T10:00,25.0,47,0,8.0,84
2024-12-24T11:00,26.8,41,0,7.8,99
2024-12-24T12:00,27.9,37,2,8.0,108
2024-12-24T13:00,28.3,36,1,7.8,119
2024-12-24T14:00,28.9,34,0,7.5,127
2024-12-24T15:00,28.8,35,0,7.1,128
2024-12-24T16:00,28.2,37,0,6.2,120
2024-12-24T17:00,26.5,42,0,3.7,104
2024-12-24T18:00,25.5,46,1,4.7,86
2024-12-24T19:00,25.4,47,3,5.4,88
2024-12-24T20:00,25.9,45,3,7.6,94
2024-12-24T21:00,25.5,46,3,9.4,86
2024-12-24T22:00,25.0,47,3,10.8,100
2024-12-24T23:00,24.5,49,3,8.8,94
2024-12-25T00:00,23.6,53,3,10.5,115
2024-12-25T01:00,22.6,59,0,13.0,100
2024-12-25T02:00,21.5,65,0,9.0,95
2024-12-25T03:00,20.8,69,0,8.8,88
2024-12-25T04:00,20.3,72,0,7.0,72
2024-12-25T05:00,19.8,75,0,6.4,58
2024-12-25T06:00,19.2,80,0,8.5,63
2024-12-25T07:00,19.5,79,0,9.5,76
2024-12-25T08:00,21.2,73,0,9.0,85
2024-12-25T09:00,23.2,65,0,9.5,92
2024-12-25T10:00,25.4,57,0,8.9,108
2024-12-25T11:00,27.1,49,0,9.5,122
2024-12-25T12:00,28.3,44,0,9.8,126
2024-12-25T13:00,28.9,41,0,10.1,129
2024-12-25T14:00,29.1,39,0,10.2,131
2024-12-25T15:00,28.7,38,1,9.6,128
2024-12-25T16:00,27.9,38,0,9.8,120
2024-12-25T17:00,26.4,41,1,8.3,112
2024-12-25T18:00,25.3,54,0,6.1,95
2024-12-25T19:00,24.7,57,0,7.2,89
2024-12-25T20:00,24.0,61,0,5.4,96
2024-12-25T21:00,23.8,62,1,8.0,100
2024-12-25T22:00,22.9,69,3,10.5,103
2024-12-25T23:00,22.3,72,3,9.5,101
2024-12-26T00:00,21.9,74,2,8.8,92
2024-12-26T01:00,21.4,75,1,7.7,81
2024-12-26T02:00,20.5,79,1,7.2,63
2024-12-26T03:00,19.8,83,0,8.2,54
2024-12-26T04:00,19.1,88,0,7.6,45
2024-12-26T05:00,18.7,90,0,7.5,40
2024-12-26T06:00,18.9,90,0,6.5,48
2024-12-26T07:00,19.1,88,0,6.8,50
2024-12-26T08:00,20.9,76,0,7.4,67
2024-12-26T09:00,22.9,63,0,9.1,81
2024-12-26T10:00,24.9,52,0,10.1,87
2024-12-26T11:00,26.6,45,0,9.7,89
2024-12-26T12:00,27.7,42,0,9.0,89
2024-12-26T13:00,28.5,40,0,8.3,90
2024-12-26T14:00,28.8,39,0,8.1,94
2024-12-26T15:00,28.6,39,0,7.9,86
2024-12-26T16:00,27.9,42,0,8.5,92
2024-12-26T17:00,26.6,48,0,6.8,102
2024-12-26T18:00,25.8,58,0,7.1,109
2024-12-26T19:00,25.3,60,0,6.1,109
2024-12-26T20:00,24.7,62,0,5.8,110
2024-12-26T21:00,24.1,66,0,7.5,101
2024-12-26T22:00,23.3,70,0,7.6,102
2024-12-26T23:00,22.5,74,0,7.1,100
2024-12-27T00:00,21.9,76,0,6.1,88
2024-12-27T01:00,21.3,78,0,5.8,76
2024-12-27T02:00,20.8,80,0,5.8,68
2024-12-27T03:00,20.4,81,0,6.9,62
2024-12-27T04:00,20.0,81,0,6.7,70
2024-12-27T05:00,19.7,81,0,6.7,82
2024-12-27T06:00,20.4,80,3,7.1,80
2024-12-27T07:00,21.1,77,3,6.0,61
2024-12-27T08:00,21.9,75,3,7.4,72
2024-12-27T09:00,23.1,71,1,7.6,93
2024-12-27T10:00,25.4,63,0,9.5,105
2024-12-27T11:00,27.3,56,1,11.1,115
2024-12-27T12:00,28.5,52,0,11.3,121
2024-12-27T13:00,28.9,49,51,10.7,138
2024-12-27T14:00,29.0,48,51,11.2,143
2024-12-27T15:00,28.7,49,51,10.7,145
2024-12-27T16:00,28.1,51,51,11.9,149
2024-12-27T17:00,26.8,59,51,9.4,162
2024-12-27T18:00,25.8,67,1,4.0,129
2024-12-27T19:00,25.2,72,0,6.3,165
2024-12-27T20:00,24.2,77,1,6.6,201
2024-12-27T21:00,23.3,80,0,4.6,216
2024-12-27T22:00,22.4,84,0,3.5,192
2024-12-27T23:00,22.0,84,0,4.5,209
2024-12-28T00:00,21.5,86,53,6.7,278
2024-12-28T01:00,19.6,95,55,10.3,22
2024-12-28T02:00,19.4,97,1,2.8,345
2024-12-28T03:00,19.5,97,51,1.5,30
2024-12-28T04:00,19.6,98,51,0.9,281
2024-12-28T05:00,20.0,98,51,3.4,115
2024-12-28T06:00,20.1,95,0,5.9,135
2024-12-28T07:00,20.4,93,0,5.9,153
2024-12-28T08:00,22.4,84,0,3.8,163
2024-12-28T09:00,24.6,75,0,5.1,198
2024-12-28T10:00,26.4,65,0,8.0,218
2024-12-28T11:00,28.0,54,0,9.8,220
2024-12-28T12:00,29.1,45,1,13.4,223
2024-12-28T13:00,29.5,41,0,13.1,218
2024-12-28T14:00,29.6,40,1,12.4,221
2024-12-28T15:00,28.9,44,51,11.4,229
2024-12-28T16:00,28.3,47,0,9.6,236
2024-12-28T17:00,27.2,51,0,4.3,237
2024-12-28T18:00,26.2,55,0,0.7,90
2024-12-28T19:00,25.5,58,0,0.8,63
2024-12-28T20:00,23.9,64,0,8.6,22
2024-12-28T21:00,22.9,69,0,6.8,17
2024-12-28T22:00,22.0,74,0,7.6,25
2024-12-28T23:00,21.3,77,0,7.0,42
2024-12-29T00:00,20.5,80,0,6.2,54
2024-12-29T01:00,20.0,84,0,6.9,45
2024-12-29T02:00,19.4,88,0,8.4,48
2024-12-29T03:00,19.1,90,0,8.6,26
2024-12-29T04:00,18.7,92,0,8.0,25
2024-12-29T05:00,18.4,93,1,7.2,22
2024-12-29T06:00,19.2,88,1,7.5,8
2024-12-29T07:00,19.4,87,1,6.4,16
2024-12-29T08:00,20.9,79,1,6.6,41
2024-12-29T09:00,22.8,70,1,6.4,54
2024-12-29T10:00,24.6,62,1,7.0,78
2024-12-29T11:00,26.3,55,1,5.4,98
2024-12-29T12:00,27.4,52,0,3.6,117
2024-12-29T13:00,28.1,50,3,2.0,185
2024-12-29T14:00,27.9,51,51,3.5,165
2024-12-29T15:00,26.7,55,51,7.8,265
2024-12-29T16:00,26.5,55,0,4.6,301
2024-12-29T17:00,25.8,57,0,4.2,317
2024-12-29T18:00,23.3,75,1,5.8,346
2024-12-29T19:00,22.9,75,1,7.2,359
2024-12-29T20:00,22.5,75,1,7.3,344
2024-12-29T21:00,22.2,78,0,7.6,348
2024-12-29T22:00,21.8,81,1,6.7,355
2024-12-29T23:00,21.3,83,0,6.7,8
2024-12-30T00:00,20.9,82,0,7.6,7
2024-12-30T01:00,20.3,82,0,9.5,19
2024-12-30T02:00,19.7,84,0,7.6,18
2024-12-30T03:00,19.2,86,0,5.7,9
2024-12-30T04:00,18.6,90,0,4.0,360
2024-12-30T05:00,18.4,90,0,5.0,13
2024-12-30T06:00,18.8,89,0,4.7,32
2024-12-30T07:00,19.1,87,0,5.3,24
2024-12-30T08:00,20.6,77,0,5.4,37
2024-12-30T09:00,22.9,65,0,6.1,43
2024-12-30T10:00,25.0,57,0,5.9,43
2024-12-30T11:00,26.5,52,0,4.0,39
2024-12-30T12:00,27.9,48,1,2.8,325
2024-12-30T13:00,28.9,44,2,7.9,311
2024-12-30T14:00,28.9,43,3,9.5,321
2024-12-30T15:00,28.7,45,1,9.0,329
2024-12-30T16:00,28.3,46,0,9.2,339
2024-12-30T17:00,27.3,48,0,7.6,357
2024-12-30T18:00,26.0,57,0,7.2,28
2024-12-30T19:00,24.9,63,1,2.7,53
2024-12-30T20:00,23.9,67,1,2.9,180
2024-12-30T21:00,23.2,70,1,4.5,187
2024-12-30T22:00,22.9,71,1,4.8,20
2024-12-30T23:00,22.6,71,0,9.4,45
2024-12-31T00:00,21.6,73,0,9.6,50
2024-12-31T01:00,20.3,78,0,9.6,41
2024-12-31T02:00,19.4,81,0,8.7,34
2024-12-31T03:00,18.8,84,0,7.3,28
2024-12-31T04:00,18.3,85,0,7.2,25
2024-12-31T05:00,17.8,88,0,7.0,26
2024-12-31T06:00,17.6,87,0,6.5,19
2024-12-31T07:00,17.7,86,0,7.1,16
2024-12-31T08:00,19.5,76,0,6.0,21
2024-12-31T09:00,22.3,62,0,6.4,32
2024-12-31T10:00,24.7,52,0,6.5,42
2024-12-31T11:00,26.5,48,0,4.5,47
2024-12-31T12:00,27.8,45,0,1.5,69
2024-12-31T13:00,28.6,44,0,2.8,310
2024-12-31T14:00,29.1,41,1,9.4,313
2024-12-31T15:00,28.7,42,1,10.8,324
2024-12-31T16:00,28.1,43,0,10.5,340
2024-12-31T17:00,27.0,44,0,4.7,360
2024-12-31T18:00,25.1,53,0,3.6,49
2024-12-31T19:00,24.6,55,0,0.4,153
2024-12-31T20:00,23.4,60,3,3.2,218
2024-12-31T21:00,22.7,65,1,3.1,310
2024-12-31T22:00,22.1,68,0,8.9,50
2024-12-31T23:00,21.5,67,0,11.3,48
2025-01-01T00:00,20.4,70,0,9.8,52
2025-01-01T01:00,19.4,74,0,9.3,58
2025-01-01T02:00,18.5,77,0,9.4,42
2025-01-01T03:00,17.8,80,0,8.8,49
2025-01-01T04:00,17.1,83,0,8.1,43
2025-01-01T05:00,16.6,85,0,7.5,50
2025-01-01T06:00,16.3,85,0,8.0,50
2025-01-01T07:00,16.3,81,0,8.4,42
2025-01-01T08:00,17.8,71,0,8.0,40
2025-01-01T09:00,20.0,60,0,8.2,41
2025-01-01T10:00,22.4,52,0,8.0,36
2025-01-01T11:00,24.3,47,0,7.1,27
2025-01-01T12:00,25.8,42,2,4.4,21
2025-01-01T13:00,26.8,37,2,3.8,8
2025-01-01T14:00,27.2,36,3,4.9,6
2025-01-01T15:00,27.1,37,0,5.2,4
2025-01-01T16:00,26.6,39,1,5.0,360
2025-01-01T17:00,24.8,48,2,2.7,352
2025-01-01T18:00,22.7,51,0,4.2,97
2025-01-01T19:00,21.7,53,0,4.9,118
2025-01-01T20:00,20.4,58,0,4.3,75
2025-01-01T21:00,19.9,60,0,6.8,42
2025-01-01T22:00,18.8,58,0,7.0,26
2025-01-01T23:00,17.5,54,0,8.0,8
2025-01-02T00:00,16.1,58,0,6.5,3
2025-01-02T01:00,14.7,66,0,5.1,356
2025-01-02T02:00,13.8,71,0,4.9,350
2025-01-02T03:00,13.3,73,0,5.2,344
2025-01-02T04:00,12.7,76,0,5.4,340
2025-01-02T05:00,12.1,80,1,5.3,342
2025-01-02T06:00,12.9,70,0,6.7,352
2025-01-02T07:00,13.1,70,0,8.3,354
2025-01-02T08:00,15.5,59,1,7.2,360
2025-01-02T09:00,18.7,47,2,6.6,11
2025-01-02T10:00,22.2,35,1,6.4,25
2025-01-02T11:00,25.2,22,1,7.7,30
2025-01-02T12:00,27.2,15,2,7.6,28
2025-01-02T13:00,28.3,13,3,6.3,35
2025-01-02T14:00,28.6,14,3,5.3,38
2025-01-02T15:00,28.5,16,2,4.1,41
2025-01-02T16:00,27.8,19,0,3.9,34
2025-01-02T17:00,25.3,30,0,1.0,31
2025-01-02T18:00,23.4,34,0,2.9,112
2025-01-02T19:00,22.7,38,0,1.2,117
2025-01-02T20:00,21.2,43,0,4.8,27
2025-01-02T21:00,20.4,44,0,9.0,16
2025-01-02T22:00,18.8,44,2,9.9,4
2025-01-02T23:00,17.7,48,1,9.9,12
2025-01-03T00:00,16.9,53,1,8.6,12
2025-01-03T01:00,16.1,59,0,6.8,11
2025-01-03T02:00,15.6,62,0,7.6,5
2025-01-03T03:00,15.1,64,0,8.3,4
2025-01-03T04:00,14.6,66,0,7.9,360
2025-01-03T05:00,14.1,67,0,8.5,355
2025-01-03T06:00,13.9,70,0,7.6,356
2025-01-03T07:00,14.1,69,0,7.6,360
2025-01-03T08:00,16.8,58,0,5.9,2
2025-01-03T09:00,20.1,44,2,5.1,17
2025-01-03T10:00,23.4,32,3,5.8,34
2025-01-03T11:00,26.0,22,3,6.0,41
2025-01-03T12:00,27.8,19,2,5.9,43
2025-01-03T13:00,28.9,18,3,5.7,41
2025-01-03T14:00,29.4,18,3,5.5,38
2025-01-03T15:00,29.3,19,3,5.4,34
2025-01-03T16:00,28.7,20,2,4.9,24
2025-01-03T17:00,26.1,28,3,1.3,8
2025-01-03T18:00,24.6,31,2,0.8,45
2025-01-03T19:00,23.4,32,0,1.1,18
2025-01-03T20:00,22.4,36,1,3.0,38
2025-01-03T21:00,21.1,42,1,6.5,30
2025-01-03T22:00,19.8,45,1,8.1,357
2025-01-03T23:00,18.3,48,0,9.2,354
2025-01-04T00:00,17.4,49,3,8.8,356
2025-01-04T01:00,16.5,50,3,7.6,359
2025-01-04T02:00,15.8,53,3,7.9,360
2025-01-04T03:00,15.2,55,2,7.9,357
2025-01-04T04:00,14.7,57,1,7.8,355
2025-01-04T05:00,14.3,58,0,7.9,360
2025-01-04T06:00,14.5,61,0,6.7,8
2025-01-04T07:00,14.9,60,0,7.2,13
2025-01-04T08:00,17.5,50,0,6.8,29
2025-01-04T09:00,20.2,41,0,7.2,37
2025-01-04T10:00,23.1,34,0,7.5,40
2025-01-04T11:00,25.6,26,0,8.0,48
2025-01-04T12:00,27.4,21,0,7.4,56
2025-01-04T13:00,28.4,19,0,6.2,60
2025-01-04T14:00,28.9,18,0,5.0,60
2025-01-04T15:00,28.9,18,0,4.1,52
2025-01-04T16:00,28.3,20,0,3.6,57
2025-01-04T17:00,25.8,28,0,1.5,76
2025-01-04T18:00,24.4,31,0,0.6,214
2025-01-04T19:00,23.2,33,0,0.5,225
2025-01-04T20:00,22.4,34,0,0.4,297
2025-01-04T21:00,21.1,38,0,2.6,16
2025-01-04T22:00,19.5,46,0,6.0,3
2025-01-04T23:00,18.2,53,0,6.7,355
2025-01-05T00:00,16.6,58,0,5.8,346
2025-01-05T01:00,15.6,61,0,6.0,344
2025-01-05T02:00,14.7,61,0,5.9,342
2025-01-05T03:00,13.7,63,0,4.8,340
2025-01-05T04:00,13.0,66,0,4.3,345
2025-01-05T05:00,12.6,68,0,4.4,348
2025-01-05T06:00,12.8,70,0,4.1,345
2025-01-05T07:00,13.7,67,0,5.6,358
2025-01-05T08:00,16.7,54,0,5.2,14
2025-01-05T09:00,20.0,43,0,5.6,40
2025-01-05T10:00,22.9,36,0,6.2,60
2025-01-05T11:00,25.2,32,0,5.4,82
2025-01-05T12:00,26.8,29,0,5.1,107
2025-01-05T13:00,27.7,28,0,5.0,125
2025-01-05T14:00,28.2,27,0,3.9,137
2025-01-05T15:00,28.1,28,0,3.6,139
2025-01-05T16:00,27.5,29,0,5.1,148
2025-01-05T17:00,25.3,36,0,4.9,156
2025-01-05T18:00,23.3,44,0,4.2,126
2025-01-05T19:00,22.2,47,0,5.0,109
2025-01-05T20:00,21.1,49,0,5.2,110
2025-01-05T21:00,20.5,51,0,4.8,112
2025-01-05T22:00,19.8,53,0,5.5,103
2025-01-05T23:00,19.3,54,0,4.2,97
2025-01-06T00:00,18.9,56,0,2.7,90
2025-01-06T01:00,17.9,60,0,2.7,70
2025-01-06T02:00,17.1,65,0,2.4,73
2025-01-06T03:00,16.4,70,0,2.5,60
2025-01-06T04:00,15.1,77,0,4.3,42
2025-01-06T05:00,14.4,81,0,4.0,21
2025-01-06T06:00,13.9,79,0,5.0,360
2025-01-06T07:00,14.5,76,1,5.1,23
2025-01-06T08:00,17.5,64,2,3.9,28
2025-01-06T09:00,20.2,55,2,3.6,3
2025-01-06T10:00,22.2,50,3,3.1,66
2025-01-06T11:00,23.6,45,2,2.7,110
2025-01-06T12:00,26.0,37,0,3.4,148
2025-01-06T13:00,27.2,33,0,2.9,191
2025-01-06T14:00,27.8,31,0,2.1,239
2025-01-06T15:00,27.9,31,0,2.6,304
2025-01-06T16:00,27.4,31,0,3.8,335
2025-01-06T17:00,25.7,39,0,1.6,27
2025-01-06T18:00,23.8,41,0,3.2,56
2025-01-06T19:00,22.5,45,0,4.6,111
2025-01-06T20:00,21.5,52,0,5.0,150
2025-01-06T21:00,20.7,56,0,5.6,165
2025-01-06T22:00,19.8,61,0,5.0,161
2025-01-06T23:00,19.7,62,0,1.8,143
2025-01-07T00:00,18.8,65,0,2.6,16
2025-01-07T01:00,17.7,70,0,4.1,337
2025-01-07T02:00,17.2,71,0,6.3,333
2025-01-07T03:00,16.6,74,0,7.0,320
2025-01-07T04:00,16.0,77,0,6.1,328
2025-01-07T05:00,15.7,78,0,8.4,332
2025-01-07T06:00,15.3,80,0,8.7,347
2025-01-07T07:00,15.4,78,0,9.2,359
2025-01-07T08:00,17.3,69,0,8.2,8
2025-01-07T09:00,20.0,60,0,8.3,16
2025-01-07T10:00,22.9,49,0,8.8,15
2025-01-07T11:00,25.2,41,0,9.2,21
2025-01-07T12:00,26.6,37,0,8.0,9
2025-01-07T13:00,27.6,34,0,8.7,352
2025-01-07T14:00,27.9,32,0,10.6,337
2025-01-07T15:00,27.6,33,0,10.7,335
2025-01-07T16:00,27.0,34,0,9.4,342
2025-01-07T17:00,25.9,31,0,7.8,353
2025-01-07T18:00,24.1,31,0,10.6,356
2025-01-07T19:00,22.4,33,0,10.9,347
2025-01-07T20:00,20.6,36,0,10.5,356
2025-01-07T21:00,18.9,44,0,9.4,355
2025-01-07T22:00,17.6,48,0,9.7,359
2025-01-07T23:00,16.6,54,0,10.7,6
2025-01-08T00:00,15.8,60,0,9.5,15
2025-01-08T01:00,15.2,65,0,9.2,20
2025-01-08T02:00,14.7,71,0,10.0,21
2025-01-08T03:00,14.0,76,0,9.2,21
2025-01-08T04:00,13.4,81,0,8.8,15
2025-01-08T05:00,12.8,85,0,8.6,15
2025-01-08T06:00,12.6,85,0,8.9,14
2025-01-08T07:00,12.7,86,0,9.0,16
2025-01-08T08:00,14.6,76,0,9.0,23
2025-01-08T09:00,17.0,63,0,8.5,32
2025-01-08T10:00,19.6,48,0,7.2,37
2025-01-08T11:00,21.9,37,0,4.5,43
2025-01-08T12:00,23.6,31,0,2.0,10
2025-01-08T13:00,24.6,29,0,3.2,317
2025-01-08T14:00,25.2,27,0,5.4,320
2025-01-08T15:00,25.2,26,0,6.8,331
2025-01-08T16:00,24.8,24,0,7.6,335
2025-01-08T17:00,23.4,27,0,5.6,338
2025-01-08T18:00,21.5,33,0,5.4,15
2025-01-08T19:00,20.2,38,0,4.3,62
2025-01-08T20:00,18.7,45,0,4.2,115
2025-01-08T21:00,17.7,53,0,4.9,163
2025-01-08T22:00,17.3,57,0,1.4,140
2025-01-08T23:00,16.1,59,0,4.9,10
2025-01-09T00:00,15.1,59,0,4.3,17
2025-01-09T01:00,14.6,60,0,5.2,22
2025-01-09T02:00,13.9,62,0,5.2,20
2025-01-09T03:00,13.0,67,0,5.1,10
2025-01-09T04:00,12.3,73,0,5.2,2
2025-01-09T05:00,11.9,76,0,6.5,360
2025-01-09T06:00,11.5,76,0,6.3,360
2025-01-09T07:00,11.8,75,0,8.1,1
2025-01-09T08:00,14.5,63,0,5.8,4
2025-01-09T09:00,18.0,50,0,4.1,29
2025-01-09T10:00,21.3,35,0,5.8,51
2025-01-09T11:00,23.7,25,0,6.8,63
2025-01-09T12:00,25.2,21,0,6.0,80
2025-01-09T13:00,26.2,18,0,5.0,103
2025-01-09T14:00,26.6,18,0,4.5,106
2025-01-09T15:00,26.6,17,0,4.3,92
2025-01-09T16:00,26.0,18,1,4.7,83
2025-01-09T17:00,23.3,27,0,4.0,100
2025-01-09T18:00,21.2,31,0,5.5,122
2025-01-09T19:00,19.8,35,0,5.5,144
2025-01-09T20:00,19.3,37,0,5.0,145
2025-01-09T21:00,19.1,37,0,3.3,144
2025-01-09T22:00,18.9,39,0,1.3,56
2025-01-09T23:00,16.6,46,0,4.9,6
2025-01-10T00:00,15.5,53,0,5.4,4
2025-01-10T01:00,15.0,57,0,8.0,9
2025-01-10T02:00,14.1,60,0,6.5,5
2025-01-10T03:00,13.3,63,0,5.1,6
2025-01-10T04:00,13.1,64,0,5.4,2
2025-01-10T05:00,12.6,68,0,5.2,12
2025-01-10T06:00,12.0,71,2,4.7,16
2025-01-10T07:00,13.2,67,2,5.2,16
2025-01-10T08:00,16.1,55,3,5.5,19
2025-01-10T09:00,19.4,43,1,5.5,38
2025-01-10T10:00,22.3,35,1,6.4,61
2025-01-10T11:00,24.6,30,0,6.6,81
2025-01-10T12:00,26.1,27,0,5.8,94
2025-01-10T13:00,26.9,27,0,5.0,111
2025-01-10T14:00,27.2,27,0,4.3,112
2025-01-10T15:00,27.1,27,1,4.7,108
2025-01-10T16:00,26.4,28,3,6.0,107
2025-01-10T17:00,24.7,32,0,7.9,123
2025-01-10T18:00,22.5,39,3,5.2,104
2025-01-10T19:00,21.8,42,2,4.3,107
2025-01-10T20:00,21.4,44,2,2.1,105
2025-01-10T21:00,20.8,45,3,2.1,121
2025-01-10T22:00,20.4,46,2,2.2,114
2025-01-10T23:00,19.5,49,2,3.5,118
2025-01-11T00:00,18.0,56,2,5.5,109
2025-01-11T01:00,17.2,61,2,4.0,82
2025-01-11T02:00,16.9,63,2,2.3,51
2025-01-11T03:00,16.1,67,3,3.1,40
2025-01-11T04:00,15.2,72,2,4.5,37
2025-01-11T05:00,14.5,75,1,4.7,32
2025-01-11T06:00,14.0,75,1,4.2,18
2025-01-11T07:00,14.9,71,3,4.4,21
2025-01-11T08:00,17.5,58,3,4.5,43
2025-01-11T09:00,20.6,44,3,4.8,77
2025-01-11T10:00,22.6,38,3,6.5,120
2025-01-11T11:00,24.5,34,2,5.8,120
2025-01-11T12:00,26.1,33,1,6.0,141
2025-01-11T13:00,27.0,35,1,6.1,156
2025-01-11T14:00,27.4,36,0,5.5,157
2025-01-11T15:00,27.4,37,0,4.8,165
2025-01-11T16:00,27.0,38,0,4.3,182
2025-01-11T17:00,26.0,41,1,4.5,209
2025-01-11T18:00,24.5,45,0,8.6,89
2025-01-11T19:00,23.6,48,0,8.1,78
2025-01-11T20:00,23.0,51,1,7.8,83
2025-01-11T21:00,22.4,52,2,7.7,101
2025-01-11T22:00,22.2,53,1,6.5,113
2025-01-11T23:00,21.4,55,1,5.1,122
2025-01-12T00:00,21.6,53,2,6.2,126
2025-01-12T01:00,20.7,57,3,6.3,125
2025-01-12T02:00,19.8,60,3,5.5,117
2025-01-12T03:00,19.3,63,3,4.5,97
2025-01-12T04:00,18.6,66,3,2.6,12
2025-01-12T05:00,19.3,63,2,5.9,12
2025-01-12T06:00,17.1,74,3,3.8,73
2025-01-12T07:00,17.6,73,3,3.0,65
2025-01-12T08:00,19.4,64,3,4.5,104
2025-01-12T09:00,21.7,56,0,4.2,133
2025-01-12T10:00,23.9,55,0,5.5,171
2025-01-12T11:00,25.7,52,1,6.0,197
2025-01-12T12:00,26.9,48,1,6.4,220
2025-01-12T13:00,28.0,43,2,7.8,232
2025-01-12T14:00,28.5,41,2,9.4,238
2025-01-12T15:00,28.2,41,0,8.7,225
2025-01-12T16:00,27.7,42,1,7.6,218
2025-01-12T17:00,26.8,45,1,5.8,206
2025-01-12T18:00,24.3,51,0,3.4,18
2025-01-12T19:00,23.8,55,1,6.7,38
2025-01-12T20:00,22.8,60,1,3.0,343
2025-01-12T21:00,22.4,62,1,7.1,311
2025-01-12T22:00,21.5,67,1,9.4,355
2025-01-12T23:00,20.5,72,0,8.5,7
2025-01-13T00:00,19.9,74,0,8.1,6
2025-01-13T01:00,19.4,76,1,7.5,15
2025-01-13T02:00,18.8,79,1,6.6,11
2025-01-13T03:00,18.3,81,0,7.6,15
2025-01-13T04:00,17.7,83,0,6.7,14
2025-01-13T05:00,17.4,85,1,4.7,356
2025-01-13T06:00,17.7,87,1,6.9,6
2025-01-13T07:00,17.6,87,0,6.8,11
2025-01-13T08:00,18.9,80,0,7.5,27
2025-01-13T09:00,20.9,69,0,8.0,38
2025-01-13T10:00,23.0,59,1,7.8,52
2025-01-13T11:00,24.8,52,0,6.4,54
2025-01-13T12:00,25.9,49,0,4.9,51
2025-01-13T13:00,27.0,45,3,4.0,321
2025-01-13T14:00,26.6,46,2,4.7,317
2025-01-13T15:00,26.9,45,1,5.5,297
2025-01-13T16:00,26.5,46,1,5.8,300
2025-01-13T17:00,25.8,47,0,5.4,307
2025-01-13T18:00,24.0,57,0,3.1,3
2025-01-13T19:00,23.1,60,0,1.8,96
2025-01-13T20:00,22.5,62,1,5.1,132
2025-01-13T21:00,21.9,65,1,4.4,83
2025-01-13T22:00,21.1,69,1,11.1,27
2025-01-13T23:00,19.8,66,0,9.4,36
2025-01-14T00:00,18.6,66,0,8.9,18
2025-01-14T01:00,17.7,68,0,7.8,15
2025-01-14T02:00,17.0,71,0,8.0,16
2025-01-14T03:00,16.5,74,0,7.0,10
2025-01-14T04:00,16.1,76,0,6.9,17
2025-01-14T05:00,15.7,77,0,6.3,20
2025-01-14T06:00,15.2,82,0,6.0,10
2025-01-14T07:00,15.4,81,0,7.1,27
2025-01-14T08:00,17.5,70,0,7.2,53
2025-01-14T09:00,20.3,57,0,8.0,59
2025-01-14T10:00,23.0,48,0,8.1,65
2025-01-14T11:00,24.9,44,0,8.1,77
2025-01-14T12:00,26.3,44,0,8.5,89
2025-01-14T13:00,27.2,43,0,7.6,102
2025-01-14T14:00,27.6,43,0,7.4,112
2025-01-14T15:00,27.8,41,1,4.3,118
2025-01-14T16:00,27.4,41,1,4.8,110
2025-01-14T17:00,26.4,43,1,5.9,102
2025-01-14T18:00,24.4,52,0,4.9,100
2025-01-14T19:00,24.2,53,0,6.7,96
2025-01-14T20:00,23.5,55,0,5.8,99
2025-01-14T21:00,22.4,59,0,5.5,117
2025-01-14T22:00,21.7,62,0,5.2,110
2025-01-14T23:00,20.9,65,0,5.6,61
2025-01-15T00:00,20.1,68,1,6.5,56
2025-01-15T01:00,18.6,73,1,4.4,60
2025-01-15T02:00,18.2,75,0,5.5,27
2025-01-15T03:00,17.8,75,0,6.5,58
2025-01-15T04:00,17.9,74,3,7.9,60
2025-01-15T05:00,17.5,74,3,7.1,71
2025-01-15T06:00,17.2,78,3,6.3,70
2025-01-15T07:00,17.3,76,3,8.4,55
2025-01-15T08:00,19.1,68,3,6.8,58
2025-01-15T09:00,21.6,58,3,7.7,81
2025-01-15T10:00,24.1,51,3,8.7,96
2025-01-15T11:00,26.1,44,3,10.9,106
2025-01-15T12:00,27.4,39,3,11.6,114
2025-01-15T13:00,28.0,36,3,10.6,113
2025-01-15T14:00,28.1,35,3,9.7,109
2025-01-15T15:00,27.9,36,3,8.8,107
2025-01-15T16:00,27.2,37,3,8.6,102
2025-01-15T17:00,26.1,39,3,9.0,95
2025-01-15T18:00,25.1,43,3,8.0,80
2025-01-15T19:00,24.4,45,3,4.8,77
2025-01-15T20:00,23.5,48,3,4.3,95
2025-01-15T21:00,23.2,48,3,4.1,142
2025-01-15T22:00,22.3,51,3,4.6,154
2025-01-15T23:00,21.6,55,3,6.3,110
2025-01-16T00:00,19.9,63,3,4.5,74
2025-01-16T01:00,19.7,63,3,5.9,76
2025-01-16T02:00,19.7,63,3,7.0,80
2025-01-16T03:00,18.9,65,3,6.0,74
2025-01-16T04:00,18.1,69,3,4.5,74
2025-01-16T05:00,17.7,71,1,4.9,66
2025-01-16T06:00,17.9,72,3,3.6,45
2025-01-16T07:00,17.9,73,2,3.7,29
2025-01-16T08:00,20.0,64,2,4.0,54
2025-01-16T09:00,22.4,53,2,5.0,77
2025-01-16T10:00,24.3,46,3,4.9,92
2025-01-16T11:00,25.5,41,3,6.2,107
2025-01-16T12:00,25.7,40,3,6.4,117
2025-01-16T13:00,25.6,40,3,5.5,109
2025-01-16T14:00,25.6,40,3,5.4,104
2025-01-16T15:00,25.9,39,3,5.9,92
2025-01-16T16:00,25.7,39,3,5.9,76
2025-01-16T17:00,24.8,42,3,5.2,86
2025-01-16T18:00,24.2,47,3,2.7,42
2025-01-16T19:00,23.8,49,3,2.8,40
2025-01-16T20:00,23.6,49,3,1.6,84
2025-01-16T21:00,23.5,49,3,3.3,84
2025-01-16T22:00,22.7,51,3,7.4,7
2025-01-16T23:00,21.3,60,3,11.2,358
2025-01-17T00:00,20.7,65,2,11.6,4
2025-01-17T01:00,20.1,69,1,10.0,14
2025-01-17T02:00,19.3,72,2,8.9,7
2025-01-17T03:00,18.8,74,3,9.4,4
2025-01-17T04:00,18.9,71,3,9.4,17
2025-01-17T05:00,18.8,68,3,9.1,27
2025-01-17T06:00,19.1,68,3,7.6,25
2025-01-17T07:00,19.1,65,3,8.6,23
2025-01-17T08:00,20.0,57,3,9.1,21
2025-01-17T09:00,21.7,47,1,10.0,33
2025-01-17T10:00,24.2,38,0,10.3,43
2025-01-17T11:00,26.2,33,1,10.7,60
2025-01-17T12:00,27.5,31,1,10.9,70
2025-01-17T13:00,28.1,31,2,11.9,76
2025-01-17T14:00,27.7,32,2,11.9,79
2025-01-17T15:00,27.4,33,0,12.1,78
2025-01-17T16:00,27.1,34,0,12.0,78
2025-01-17T17:00,25.9,37,0,9.6,82
2025-01-17T18:00,24.9,41,0,8.3,72
2025-01-17T19:00,23.7,45,0,9.0,67
2025-01-17T20:00,22.7,48,0,9.0,59
2025-01-17T21:00,22.1,49,0,8.6,54
2025-01-17T22:00,21.2,52,0,9.8,52
2025-01-17T23:00,20.0,57,0,8.8,43
2025-01-18T00:00,19.1,61,0,8.3,27
2025-01-18T01:00,18.3,65,0,8.2,23
2025-01-18T02:00,17.5,70,0,6.6,29
2025-01-18T03:00,16.9,72,0,6.7,16
2025-01-18T04:00,16.4,74,0,7.9,11
2025-01-18T05:00,15.8,76,0,7.5,10
2025-01-18T06:00,15.9,78,0,5.9,11
2025-01-18T07:00,16.2,76,0,6.8,11
2025-01-18T08:00,18.4,64,0,5.4,21
2025-01-18T09:00,21.2,52,0,6.2,41
2025-01-18T10:00,23.7,43,0,7.6,62
2025-01-18T11:00,25.7,37,0,8.4,79
2025-01-18T12:00,26.9,34,0,9.6,85
2025-01-18T13:00,27.6,32,1,9.0,85
2025-01-18T14:00,27.9,31,2,8.5,88
2025-01-18T15:00,27.9,31,1,8.2,81
2025-01-18T16:00,27.4,31,2,8.2,75
2025-01-18T17:00,26.2,34,0,7.1,96
2025-01-18T18:00,24.1,40,0,5.3,128
2025-01-18T19:00,23.2,43,0,4.9,123
2025-01-18T20:00,22.4,45,0,4.4,55
2025-01-18T21:00,21.4,48,0,3.4,43
2025-01-18T22:00,20.4,52,0,5.6,22
2025-01-18T23:00,19.2,57,0,6.0,355
2025-01-19T00:00,18.2,62,0,7.3,343
2025-01-19T01:00,16.4,71,0,3.7,23
2025-01-19T02:00,15.8,73,0,4.6,11
2025-01-19T03:00,15.4,74,0,5.0,2
2025-01-19T04:00,14.9,77,0,5.4,354
2025-01-19T05:00,14.5,79,0,6.2,353
2025-01-19T06:00,14.6,80,0,7.4,356
2025-01-19T07:00,14.9,79,0,7.0,357
2025-01-19T08:00,17.4,66,0,5.3,8
2025-01-19T09:00,20.5,51,0,5.2,27
2025-01-19T10:00,23.7,37,0,5.9,43
2025-01-19T11:00,26.2,27,0,5.7,66
2025-01-19T12:00,27.6,21,0,4.7,58
2025-01-19T13:00,28.5,19,0,4.4,30
2025-01-19T14:00,29.0,18,0,4.9,4
2025-01-19T15:00,29.0,19,0,6.4,352
2025-01-19T16:00,28.4,20,0,7.0,342
2025-01-19T17:00,26.6,27,0,4.7,313
2025-01-19T18:00,23.8,37,0,4.5,299
2025-01-19T19:00,22.9,42,0,1.6,354
2025-01-19T20:00,21.8,44,0,3.3,77
2025-01-19T21:00,20.7,46,0,4.9,36
2025-01-19T22:00,20.2,49,0,6.0,355
2025-01-19T23:00,19.0,56,0,5.8,340
2025-01-20T00:00,17.9,63,0,5.9,337
2025-01-20T01:00,17.0,66,0,5.9,348
2025-01-20T02:00,16.5,68,0,6.4,352
2025-01-20T03:00,16.0,71,0,6.5,355
2025-01-20T04:00,15.5,74,0,6.7,352
2025-01-20T05:00,15.0,76,0,6.1,355
2025-01-20T06:00,15.0,78,0,6.1,2
2025-01-20T07:00,15.5,76,0,7.6,357
2025-01-20T08:00,18.2,63,0,6.8,11
2025-01-20T09:00,21.2,52,0,7.7,24
2025-01-20T10:00,24.0,42,0,7.1,34
2025-01-20T11:00,26.5,31,0,6.5,39
2025-01-20T12:00,28.1,28,0,6.0,27
2025-01-20T13:00,29.0,26,0,5.3,10
2025-01-20T14:00,29.5,24,0,4.7,358
2025-01-20T15:00,29.5,24,0,4.3,345
2025-01-20T16:00,29.0,25,0,3.9,336
2025-01-20T17:00,26.7,35,0,3.0,295
2025-01-20T18:00,24.0,44,0,3.2,289
2025-01-20T19:00,23.1,47,0,0.5,225
2025-01-20T20:00,22.2,47,0,1.7,162
2025-01-20T21:00,21.7,50,0,0.6,252
2025-01-20T22:00,20.4,52,0,1.2,321
2025-01-20T23:00,19.1,61,0,7.9,343
2025-01-21T00:00,18.0,65,0,5.4,339
2025-01-21T01:00,17.0,68,0,5.0,339
2025-01-21T02:00,16.4,70,0,5.1,343
2025-01-21T03:00,16.0,72,0,5.8,353
2025-01-21T04:00,15.5,75,0,5.9,349
2025-01-21T05:00,15.1,79,0,6.4,344
2025-01-21T06:00,14.8,83,0,5.2,348
2025-01-21T07:00,15.4,81,0,7.9,348
2025-01-21T08:00,18.3,68,0,6.4,350
2025-01-21T09:00,21.6,56,0,5.6,7
2025-01-21T10:00,24.8,45,0,5.4,20
2025-01-21T11:00,27.2,35,0,4.9,39
2025-01-21T12:00,28.8,28,0,3.0,38
2025-01-21T13:00,29.7,26,0,1.6,360
2025-01-21T14:00,30.2,24,0,2.8,325
2025-01-21T15:00,30.2,23,0,4.6,318
2025-01-21T16:00,29.6,24,0,5.9,315
2025-01-21T17:00,27.6,27,0,4.6,309
2025-01-21T18:00,24.9,31,0,1.2,297
2025-01-21T19:00,23.8,34,0,0.9,169
2025-01-21T20:00,23.1,36,0,1.8,225
2025-01-21T21:00,22.0,37,0,3.0,237
2025-01-21T22:00,21.1,39,0,1.1,252
2025-01-21T23:00,19.8,42,0,1.5,324
2025-01-22T00:00,18.2,49,0,5.4,334
2025-01-22T01:00,17.0,59,0,7.6,329
2025-01-22T02:00,16.6,61,0,7.4,328
2025-01-22T03:00,15.8,65,0,6.4,338
2025-01-22T04:00,15.0,69,0,5.6,353
2025-01-22T05:00,14.4,73,0,5.4,340
2025-01-22T06:00,14.4,78,0,3.9,347
2025-01-22T07:00,15.2,76,0,4.8,349
2025-01-22T08:00,18.4,62,0,3.1,3
2025-01-22T09:00,22.5,48,0,2.5,45
2025-01-22T10:00,25.7,39,0,3.5,78
2025-01-22T11:00,28.0,32,0,3.1,121
2025-01-22T12:00,29.5,28,0,3.9,167
2025-01-22T13:00,30.3,26,0,5.7,191
2025-01-22T14:00,30.8,25,0,6.1,203
2025-01-22T15:00,30.8,25,0,5.8,210
2025-01-22T16:00,30.3,26,0,6.2,213
2025-01-22T17:00,28.7,30,0,7.3,205
2025-01-22T18:00,26.3,36,0,5.7,193
2025-01-22T19:00,24.6,42,0,2.3,176
2025-01-22T20:00,23.5,47,0,1.1,81
2025-01-22T21:00,22.7,55,0,1.1,171
2025-01-22T22:00,22.4,53,0,1.2,153
2025-01-22T23:00,21.9,58,1,0.7,104
2025-01-23T00:00,20.6,57,2,2.7,352
2025-01-23T01:00,19.4,61,0,6.0,343
2025-01-23T02:00,18.7,64,0,7.6,346
2025-01-23T03:00,17.6,70,0,5.4,330
2025-01-23T04:00,16.3,77,0,3.6,330
2025-01-23T05:00,15.9,81,3,2.7,360
2025-01-23T06:00,16.0,83,2,2.8,40
2025-01-23T07:00,16.9,78,1,3.6,18
2025-01-23T08:00,19.6,64,0,3.7,23
2025-01-23T09:00,22.9,50,2,2.2,55
2025-01-23T10:00,25.8,39,1,3.7,133
2025-01-23T11:00,27.9,35,0,5.6,165
2025-01-23T12:00,29.3,35,0,7.9,184
2025-01-23T13:00,30.3,32,0,8.9,193
2025-01-23T14:00,30.8,29,0,9.2,201
2025-01-23T15:00,30.6,29,0,8.5,208
2025-01-23T16:00,30.0,30,0,7.3,211
2025-01-23T17:00,28.6,34,0,4.8,222
2025-01-23T18:00,26.0,43,0,4.1,218
2025-01-23T19:00,24.9,47,0,3.5,195
2025-01-23T20:00,24.0,49,0,3.4,177
2025-01-23T21:00,23.4,48,0,3.6,147
2025-01-23T22:00,22.8,50,0,3.7,113
2025-01-23T23:00,22.3,54,0,3.1,93
2025-01-24T00:00,21.7,60,0,1.7,49
2025-01-24T01:00,20.6,64,0,0.9,349
2025-01-24T02:00,19.5,68,0,0.6,326
2025-01-24T03:00,18.3,73,0,4.3,327
2025-01-24T04:00,17.5,76,0,6.3,336
2025-01-24T05:00,17.3,77,0,5.9,349
2025-01-24T06:00,16.4,85,0,3.2,3
2025-01-24T07:00,17.2,81,0,5.4,4
2025-01-24T08:00,19.9,67,0,4.0,27
2025-01-24T09:00,23.5,55,1,3.8,65
2025-01-24T10:00,26.3,44,1,4.3,88
2025-01-24T11:00,28.1,38,0,3.9,114
2025-01-24T12:00,29.4,35,0,4.0,144
2025-01-24T13:00,30.3,33,2,4.2,162
2025-01-24T14:00,30.8,32,0,3.6,171
2025-01-24T15:00,30.9,31,0,2.6,192
2025-01-24T16:00,30.5,31,0,2.2,204
2025-01-24T17:00,28.9,39,0,2.7,208
2025-01-24T18:00,26.7,39,0,4.9,186
2025-01-24T19:00,25.4,46,0,3.8,139
2025-01-24T20:00,24.2,54,0,4.7,113
2025-01-24T21:00,23.8,60,0,1.2,153
2025-01-24T22:00,23.3,59,0,0.5,315
2025-01-24T23:00,22.3,60,0,12.8,4
2025-01-25T00:00,21.5,64,0,7.8,22
2025-01-25T01:00,20.3,70,0,5.8,7
2025-01-25T02:00,19.6,74,0,6.2,8
2025-01-25T03:00,19.1,76,0,7.4,7
2025-01-25T04:00,18.8,77,0,8.3,13
2025-01-25T05:00,18.2,79,0,7.7,12
2025-01-25T06:00,17.6,82,0,6.3,13
2025-01-25T07:00,17.7,81,0,7.4,359
2025-01-25T08:00,19.8,71,0,5.4,4
2025-01-25T09:00,22.7,59,0,4.9,28
2025-01-25T10:00,25.6,47,0,5.5,52
2025-01-25T11:00,27.8,41,0,5.0,77
2025-01-25T12:00,29.2,37,0,3.9,114
2025-01-25T13:00,30.1,35,0,3.7,145
2025-01-25T14:00,30.5,33,0,2.7,172
2025-01-25T15:00,30.6,32,0,1.7,229
2025-01-25T16:00,30.2,32,0,1.7,288
2025-01-25T17:00,29.0,47,0,1.5,277
2025-01-25T18:00,27.2,42,0,4.3,185
2025-01-25T19:00,26.0,47,0,3.6,217
2025-01-25T20:00,24.9,50,1,2.8,230
2025-01-25T21:00,24.1,53,0,1.3,146
2025-01-25T22:00,23.4,54,0,5.1,18
2025-01-25T23:00,22.9,57,0,7.8,341
2025-01-26T00:00,21.8,62,0,8.5,360
2025-01-26T01:00,20.7,64,0,10.1,16
2025-01-26T02:00,19.8,66,0,9.2,20
2025-01-26T03:00,19.0,69,0,6.9,9
2025-01-26T04:00,18.5,70,0,6.7,5
2025-01-26T05:00,18.1,71,0,6.7,14
2025-01-26T06:00,17.6,76,0,5.7,13
2025-01-26T07:00,18.0,73,0,7.4,14
2025-01-26T08:00,20.2,62,0,6.6,17
2025-01-26T09:00,23.1,50,0,6.3,31
2025-01-26T10:00,26.0,39,0,7.0,48
2025-01-26T11:00,28.1,35,0,6.1,67
2025-01-26T12:00,29.5,32,0,3.2,71
2025-01-26T13:00,30.3,29,0,2.5,339
2025-01-26T14:00,30.9,27,0,6.1,315
2025-01-26T15:00,30.7,27,0,9.8,317
2025-01-26T16:00,29.9,29,0,12.4,327
2025-01-26T17:00,28.5,33,1,11.1,335
2025-01-26T18:00,26.1,41,0,3.9,347
2025-01-26T19:00,25.5,42,0,5.0,69
2025-01-26T20:00,24.1,47,0,4.5,157
2025-01-26T21:00,23.5,50,0,5.7,238
2025-01-26T22:00,22.4,54,0,8.4,349
2025-01-26T23:00,21.4,58,0,5.0,2
2025-01-27T00:00,20.6,62,0,9.1,7
2025-01-27T01:00,19.7,62,0,7.7,21
2025-01-27T02:00,18.8,63,0,7.9,4
2025-01-27T03:00,18.1,64,0,8.4,353
2025-01-27T04:00,17.2,66,0,7.6,346
2025-01-27T05:00,16.4,69,0,5.7,342
2025-01-27T06:00,16.1,74,0,5.7,347
2025-01-27T07:00,16.3,74,0,7.1,350
2025-01-27T08:00,18.7,63,0,5.2,348
2025-01-27T09:00,22.4,49,0,4.9,2
2025-01-27T10:00,25.8,37,0,4.6,26
2025-01-27T11:00,27.9,33,0,3.6,20
2025-01-27T12:00,29.3,32,0,3.2,333
2025-01-27T13:00,30.1,30,0,5.9,308
2025-01-27T14:00,30.5,28,0,7.4,315
2025-01-27T15:00,30.6,28,2,7.5,327
2025-01-27T16:00,30.2,29,0,7.5,333
2025-01-27T17:00,29.2,32,0,8.3,349
2025-01-27T18:00,27.3,39,0,1.2,27
2025-01-27T19:00,25.3,44,0,2.8,162
2025-01-27T20:00,24.0,50,0,3.9,156
2025-01-27T21:00,22.6,56,0,3.3,279
2025-01-27T22:00,22.1,56,0,7.8,326
2025-01-27T23:00,21.2,54,0,8.3,340
2025-01-28T00:00,20.3,58,0,7.1,354
2025-01-28T01:00,19.0,61,0,4.0,352
2025-01-28T02:00,18.5,60,0,6.2,348
2025-01-28T03:00,17.9,59,0,6.7,346
2025-01-28T04:00,17.3,59,0,6.5,355
2025-01-28T05:00,16.8,60,0,5.6,360
2025-01-28T06:00,16.5,63,0,3.7,349
2025-01-28T07:00,17.1,62,0,6.1,360
2025-01-28T08:00,19.7,52,0,4.7,9
2025-01-28T09:00,23.1,40,0,5.2,27
2025-01-28T10:00,26.2,32,0,4.8,56
2025-01-28T11:00,28.3,30,0,3.4,93
2025-01-28T12:00,29.7,30,0,2.4,132
2025-01-28T13:00,30.7,29,0,2.5,180
2025-01-28T14:00,31.1,28,0,2.7,203
2025-01-28T15:00,31.1,29,0,2.8,191
2025-01-28T16:00,30.6,30,0,3.6,174
2025-01-28T17:00,29.6,32,1,4.7,187
2025-01-28T18:00,27.6,40,0,5.4,165
2025-01-28T19:00,26.6,44,3,6.6,147
2025-01-28T20:00,25.8,46,1,7.1,146
2025-01-28T21:00,25.0,49,0,6.4,142
2025-01-28T22:00,23.8,53,1,5.4,154
2025-01-28T23:00,23.5,54,1,2.5,180
2025-01-29T00:00,22.3,58,2,3.1,350
2025-01-29T01:00,21.3,62,3,4.5,346
2025-01-29T02:00,20.2,68,3,1.5,324
2025-01-29T03:00,19.4,72,3,3.1,353
2025-01-29T04:00,18.9,74,3,4.2,18
2025-01-29T05:00,18.7,74,3,4.4,27
2025-01-29T06:00,18.6,76,3,4.0,36
2025-01-29T07:00,19.1,73,3,5.1,36
2025-01-29T08:00,21.4,59,1,2.1,70
2025-01-29T09:00,24.4,47,2,2.9,112
2025-01-29T10:00,26.9,43,0,4.5,130
2025-01-29T11:00,28.7,41,2,5.0,161
2025-01-29T12:00,30.3,38,1,6.4,190
2025-01-29T13:00,31.4,35,1,8.1,205
2025-01-29T14:00,31.9,34,0,8.9,214
2025-01-29T15:00,31.8,34,1,8.9,218
2025-01-29T16:00,31.3,35,0,8.1,219
2025-01-29T17:00,30.2,37,0,6.8,217
2025-01-29T18:00,28.6,43,0,5.2,205
2025-01-29T19:00,27.7,46,0,6.7,174
2025-01-29T20:00,26.8,49,0,9.8,160
2025-01-29T21:00,26.0,51,0,8.3,169
2025-01-29T22:00,25.0,54,0,6.1,168
2025-01-29T23:00,24.3,57,0,6.9,163
2025-01-30T00:00,23.4,62,0,10.0,188
2025-01-30T01:00,22.7,64,0,8.7,204
2025-01-30T02:00,21.7,68,0,4.8,233
2025-01-30T03:00,21.0,71,0,3.9,283
2025-01-30T04:00,20.4,74,0,3.8,301
2025-01-30T05:00,20.1,76,0,3.2,289
2025-01-30T06:00,20.0,77,2,2.6,258
2025-01-30T07:00,20.6,78,2,2.6,258
2025-01-30T08:00,23.1,64,2,1.9,229
2025-01-30T09:00,25.9,54,2,3.2,223
2025-01-30T10:00,28.6,46,2,7.6,214
2025-01-30T11:00,30.6,39,2,12.5,219
2025-01-30T12:00,31.6,36,3,13.4,221
2025-01-30T13:00,32.4,35,1,12.6,222
2025-01-30T14:00,32.9,33,1,12.2,221
2025-01-30T15:00,33.0,32,0,11.7,221
2025-01-30T16:00,32.8,31,0,10.2,225
2025-01-30T17:00,31.6,33,0,6.6,225
2025-01-30T18:00,28.9,41,2,1.7,229
2025-01-30T19:00,28.0,44,0,1.9,229
2025-01-30T20:00,27.1,47,0,3.3,241
2025-01-30T21:00,26.0,49,0,5.9,227
2025-01-30T22:00,24.8,53,0,5.1,280
2025-01-30T23:00,23.2,59,0,3.2,286
2025-01-31T00:00,22.6,61,0,0.6,304
2025-01-31T01:00,21.8,62,0,3.1,329
2025-01-31T02:00,21.3,61,0,4.8,340
2025-01-31T03:00,20.7,61,0,4.5,344
2025-01-31T04:00,20.3,63,0,5.5,343
2025-01-31T05:00,19.4,67,0,4.0,352
2025-01-31T06:00,18.9,74,0,3.1,336
2025-01-31T07:00,19.4,73,0,4.4,330
2025-01-31T08:00,21.9,62,0,2.5,352
2025-01-31T09:00,24.9,51,0,0.8,45
2025-01-31T10:00,27.7,43,0,0.9,79
2025-01-31T11:00,30.0,36,0,0.7,90
2025-01-31T12:00,31.5,33,0,2.2,185
2025-01-31T13:00,32.4,33,0,5.3,204
2025-01-31T14:00,32.9,31,0,8.8,213
2025-01-31T15:00,33.1,29,1,11.4,217
2025-01-31T16:00,32.5,30,0,13.6,212
2025-01-31T17:00,31.1,32,0,14.9,203
2025-01-31T18:00,29.3,37,0,13.8,194
2025-01-31T19:00,28.5,38,0,10.4,189
2025-01-31T20:00,28.1,38,0,7.6,188
2025-01-31T21:00,26.6,43,0,3.6,198
2025-01-31T22:00,25.6,46,0,0.5,270
2025-01-31T23:00,24.2,51,2,7.3,330
2025-02-01T00:00,22.9,58,3,4.9,324
2025-02-01T01:00,21.8,63,3,3.2,297
2025-02-01T02:00,21.1,65,3,3.3,324
2025-02-01T03:00,20.5,65,3,3.4,342
2025-02-01T04:00,19.9,65,3,3.0,335
2025-02-01T05:00,19.3,67,3,2.6,326
2025-02-01T06:00,19.7,75,3,1.5,234
2025-02-01T07:00,20.6,74,2,2.7,233
2025-02-01T08:00,23.4,61,2,1.9,197
2025-02-01T09:00,26.4,51,2,3.1,204
2025-02-01T10:00,29.0,44,0,7.7,204
2025-02-01T11:00,30.9,38,0,12.3,205
2025-02-01T12:00,31.9,34,3,14.3,205
2025-02-01T13:00,32.6,32,2,14.7,207
2025-02-01T14:00,32.8,30,3,14.2,210
2025-02-01T15:00,32.8,30,3,13.1,216
2025-02-01T16:00,32.4,30,2,12.0,227
2025-02-01T17:00,31.4,31,0,9.4,234
2025-02-01T18:00,29.2,37,0,4.1,203
2025-02-01T19:00,28.3,38,0,7.0,136
2025-02-01T20:00,27.5,43,0,9.0,150
2025-02-01T21:00,25.9,47,0,5.0,178
2025-02-01T22:00,24.7,51,1,2.9,263
2025-02-01T23:00,24.2,52,2,4.2,290
2025-02-02T00:00,22.8,57,1,4.5,313
2025-02-02T01:00,21.7,61,0,4.8,331
2025-02-02T02:00,21.0,65,0,6.3,323
2025-02-02T03:00,20.3,70,0,5.6,331
2025-02-02T04:00,19.7,73,0,5.1,333
2025-02-02T05:00,19.2,76,1,5.0,339
2025-02-02T06:00,19.4,77,3,4.9,360
2025-02-02T07:00,20.1,73,3,5.2,16
2025-02-02T08:00,22.5,62,2,3.5,78
2025-02-02T09:00,25.7,51,1,3.6,93
2025-02-02T10:00,28.4,42,1,3.6,123
2025-02-02T11:00,30.6,36,0,5.1,184
2025-02-02T12:00,32.2,31,0,10.2,206
2025-02-02T13:00,32.9,29,0,12.9,212
2025-02-02T14:00,33.0,29,0,12.6,218
2025-02-02T15:00,32.8,29,0,10.9,224
2025-02-02T16:00,32.4,29,0,8.3,224
2025-02-02T17:00,31.3,31,0,6.8,198
2025-02-02T18:00,29.4,37,0,8.8,181
2025-02-02T19:00,28.1,40,0,5.5,193
2025-02-02T20:00,27.1,43,0,4.5,247
2025-02-02T21:00,25.9,47,0,4.2,280
2025-02-02T22:00,24.2,55,0,3.8,329
2025-02-02T23:00,23.3,58,0,4.0,339
2025-02-03T00:00,23.1,59,0,4.3,358
2025-02-03T01:00,22.9,60,0,8.5,5
2025-02-03T02:00,22.3,62,0,8.3,4
2025-02-03T03:00,21.7,63,0,6.3,7
2025-02-03T04:00,21.1,65,0,6.3,5
2025-02-03T05:00,20.4,68,0,4.3,345
2025-02-03T06:00,20.4,71,0,4.6,334
2025-02-03T07:00,20.7,70,0,6.8,338
2025-02-03T08:00,23.4,59,0,4.3,358
2025-02-03T09:00,26.8,47,0,2.8,35
2025-02-03T10:00,29.8,38,0,2.3,108
2025-02-03T11:00,31.8,34,0,3.8,175
2025-02-03T12:00,33.1,30,0,5.8,200
2025-02-03T13:00,33.9,28,0,6.1,210
2025-02-03T14:00,34.2,27,0,6.3,215
2025-02-03T15:00,34.1,27,0,7.2,212
2025-02-03T16:00,33.7,28,0,8.6,210
2025-02-03T17:00,32.5,30,0,9.8,210
2025-02-03T18:00,30.7,34,0,10.8,213
2025-02-03T19:00,29.4,37,0,7.5,217
2025-02-03T20:00,27.7,42,0,4.9,219
2025-02-03T21:00,27.1,45,0,1.5,194
2025-02-03T22:00,26.4,46,0,1.2,51
2025-02-03T23:00,25.2,49,1,2.7,356
2025-02-04T00:00,24.1,54,3,3.2,317
2025-02-04T01:00,22.9,59,3,3.4,354
2025-02-04T02:00,22.6,62,3,8.0,352
2025-02-04T03:00,21.6,65,2,6.0,297
2025-02-04T04:00,21.0,67,3,5.6,338
2025-02-04T05:00,20.7,69,3,4.7,2
2025-02-04T06:00,20.2,76,0,3.6,354
2025-02-04T07:00,21.0,73,3,3.8,8
2025-02-04T08:00,23.7,62,3,2.8,305
2025-02-04T09:00,27.3,49,3,0.0,270
2025-02-04T10:00,30.0,40,3,2.4,193
2025-02-04T11:00,31.9,34,3,5.2,207
2025-02-04T12:00,33.4,29,3,7.8,209
2025-02-04T13:00,34.1,26,2,10.5,209
2025-02-04T14:00,34.3,25,2,11.9,212
2025-02-04T15:00,34.0,23,3,13.0,211
2025-02-04T16:00,33.3,23,3,12.6,216
2025-02-04T17:00,32.1,25,3,9.5,213
2025-02-04T18:00,30.4,28,2,6.8,207
2025-02-04T19:00,29.4,31,3,6.6,163
2025-02-04T20:00,28.5,36,3,9.3,153
2025-02-04T21:00,27.4,37,3,6.3,175
2025-02-04T22:00,26.6,39,3,1.0,248
2025-02-04T23:00,25.9,40,2,6.7,357
2025-02-05T00:00,24.8,44,2,7.7,319
2025-02-05T01:00,23.6,49,3,6.2,306
2025-02-05T02:00,22.8,52,2,6.8,320
2025-02-05T03:00,22.1,56,2,7.8,312
2025-02-05T04:00,21.3,64,3,8.1,321
2025-02-05T05:00,20.9,70,3,9.3,316
2025-02-05T06:00,21.3,71,0,9.1,333
2025-02-05T07:00,21.8,69,0,9.9,331
2025-02-05T08:00,24.1,59,0,7.9,340
2025-02-05T09:00,26.6,49,0,8.1,357
2025-02-05T10:00,29.3,40,0,6.3,18
2025-02-05T11:00,31.3,33,0,4.7,47
2025-02-05T12:00,32.6,30,0,2.3,86
2025-02-05T13:00,33.4,27,1,2.7,188
2025-02-05T14:00,33.9,25,1,5.8,214
2025-02-05T15:00,34.1,23,1,7.6,225
2025-02-05T16:00,33.6,23,1,8.8,223
2025-02-05T17:00,32.3,24,0,9.8,226
2025-02-05T18:00,30.4,29,0,8.1,242
2025-02-05T19:00,28.9,32,0,5.0,270
2025-02-05T20:00,27.8,37,0,1.5,284
2025-02-05T21:00,26.3,40,0,3.2,357
2025-02-05T22:00,25.3,49,0,11.2,345
2025-02-05T23:00,24.2,54,0,12.1,359
2025-02-06T00:00,23.7,57,0,12.5,5
2025-02-06T01:00,23.3,59,0,12.5,7
2025-02-06T02:00,22.6,62,0,9.9,12
2025-02-06T03:00,22.0,65,0,10.9,13
2025-02-06T04:00,21.4,68,0,11.4,19
2025-02-06T05:00,20.9,69,0,12.0,22
2025-02-06T06:00,20.3,76,0,12.4,16
2025-02-06T07:00,20.4,74,0,11.1,20
2025-02-06T08:00,21.8,65,0,12.3,29
2025-02-06T09:00,24.0,54,0,11.0,35
2025-02-06T10:00,26.4,44,0,11.9,39
2025-02-06T11:00,28.5,37,0,11.2,48
2025-02-06T12:00,30.0,33,0,9.5,57
2025-02-06T13:00,31.0,31,0,7.3,67
2025-02-06T14:00,31.6,30,0,5.8,60
2025-02-06T15:00,31.6,29,0,4.9,54
2025-02-06T16:00,31.4,29,0,4.6,36
2025-02-06T17:00,30.5,30,0,5.8,20
2025-02-06T18:00,28.1,34,0,7.3,10
2025-02-06T19:00,26.9,32,0,10.1,19
2025-02-06T20:00,25.4,32,0,10.4,37
2025-02-06T21:00,24.1,32,0,11.7,31
2025-02-06T22:00,22.8,34,0,11.8,21
2025-02-06T23:00,21.8,35,0,11.0,21
2025-02-07T00:00,21.0,36,0,10.9,20
2025-02-07T01:00,20.4,36,0,10.6,24
2025-02-07T02:00,19.9,37,0,10.3,23
2025-02-07T03:00,19.5,38,0,10.9,20
2025-02-07T04:00,19.1,39,0,10.4,20
2025-02-07T05:00,18.6,40,0,9.5,22
2025-02-07T06:00,18.6,42,0,9.0,23
2025-02-07T07:00,18.9,42,0,8.9,27
2025-02-07T08:00,20.7,37,0,9.7,35
2025-02-07T09:00,23.1,31,0,9.5,32
2025-02-07T10:00,25.8,25,0,10.9,31
2025-02-07T11:00,28.1,22,0,10.3,36
2025-02-07T12:00,29.7,21,0,7.7,49
2025-02-07T13:00,30.8,21,0,5.1,58
2025-02-07T14:00,31.3,22,0,3.1,59
2025-02-07T15:00,31.4,23,0,1.9,34
2025-02-07T16:00,31.0,24,0,2.2,351
2025-02-07T17:00,30.1,27,0,2.5,330
2025-02-07T18:00,27.3,37,0,3.3,338
2025-02-07T19:00,26.4,39,0,1.2,63
2025-02-07T20:00,25.5,40,0,2.7,110
2025-02-07T21:00,25.2,39,0,1.5,76
2025-02-07T22:00,24.6,39,0,7.7,49
2025-02-07T23:00,23.1,42,0,9.1,32
2025-02-08T00:00,21.6,44,0,7.4,14
2025-02-08T01:00,20.5,47,0,7.0,12
2025-02-08T02:00,19.9,46,0,9.4,18
2025-02-08T03:00,19.3,46,0,7.2,12
2025-02-08T04:00,18.3,50,0,3.8,357
2025-02-08T05:00,18.1,51,0,4.9,8
2025-02-08T06:00,18.1,54,0,4.8,29
2025-02-08T07:00,18.9,49,0,7.6,31
2025-02-08T08:00,21.0,40,0,8.0,31
2025-02-08T09:00,23.7,33,0,8.9,34
2025-02-08T10:00,26.7,27,0,8.1,47
2025-02-08T11:00,29.0,26,0,6.5,56
2025-02-08T12:00,30.6,25,0,4.3,66
2025-02-08T13:00,31.6,25,0,1.7,77
2025-02-08T14:00,32.0,25,0,2.0,333
2025-02-08T15:00,32.2,26,1,6.9,323
2025-02-08T16:00,31.7,27,3,13.0,323
2025-02-08T17:00,30.4,29,2,14.3,323
2025-02-08T18:00,29.1,32,2,8.0,333
2025-02-08T19:00,27.5,36,1,2.2,90
2025-02-08T20:00,26.2,39,0,4.5,173
2025-02-08T21:00,25.7,42,0,1.7,238
2025-02-08T22:00,25.2,42,0,11.4,31
2025-02-08T23:00,24.2,41,0,8.9,32
2025-02-09T00:00,23.0,39,0,9.7,45
2025-02-09T01:00,22.2,37,1,8.7,45
2025-02-09T02:00,21.3,38,0,7.1,19
2025-02-09T03:00,20.7,38,0,8.2,14
2025-02-09T04:00,19.9,41,0,7.8,9
2025-02-09T05:00,19.3,45,0,7.1,9
2025-02-09T06:00,19.0,50,0,6.5,8
2025-02-09T07:00,19.4,49,0,7.3,9
2025-02-09T08:00,21.9,40,0,5.6,22
2025-02-09T09:00,25.1,29,0,6.4,40
2025-02-09T10:00,28.0,21,0,5.8,64
2025-02-09T11:00,30.1,19,0,5.0,90
2025-02-09T12:00,31.5,20,0,3.2,106
2025-02-09T13:00,32.5,21,0,0.4,90
2025-02-09T14:00,32.8,23,0,3.6,315
2025-02-09T15:00,32.8,24,0,8.0,316
2025-02-09T16:00,32.2,25,0,11.0,319
2025-02-09T17:00,31.3,26,0,10.9,321
2025-02-09T18:00,29.2,32,0,4.0,339
2025-02-09T19:00,27.6,35,0,2.6,164
2025-02-09T20:00,26.5,38,0,3.8,183
2025-02-09T21:00,25.3,41,0,4.1,203
2025-02-09T22:00,24.9,41,0,5.4,220
2025-02-09T23:00,24.3,43,0,1.1,342
2025-02-10T00:00,23.6,45,0,8.5,12
2025-02-10T01:00,22.4,49,0,4.4,12
2025-02-10T02:00,21.7,52,0,4.9,2
2025-02-10T03:00,20.7,57,0,4.6,9
2025-02-10T04:00,20.1,62,0,2.8,333
2025-02-10T05:00,19.6,65,0,3.6,340
2025-02-10T06:00,19.3,73,0,0.6,304
2025-02-10T07:00,20.2,70,0,1.9,331
2025-02-10T08:00,23.3,56,0,1.7,41
2025-02-10T09:00,26.8,40,0,2.6,74
2025-02-10T10:00,29.6,31,0,2.4,117
2025-02-10T11:00,31.7,27,0,3.6,186
2025-02-10T12:00,33.1,26,0,6.6,213
2025-02-10T13:00,33.8,25,1,8.7,230
2025-02-10T14:00,33.9,24,1,9.4,246
2025-02-10T15:00,33.9,24,0,9.6,258
2025-02-10T16:00,33.4,25,0,10.2,278
2025-02-10T17:00,32.3,27,0,10.7,300
2025-02-10T18:00,30.5,32,0,6.4,310
2025-02-10T19:00,29.1,38,0,0.8,207
2025-02-10T20:00,27.5,41,0,3.6,177
2025-02-10T21:00,27.1,42,0,3.7,219
2025-02-10T22:00,26.3,43,0,4.5,313
2025-02-10T23:00,25.7,47,0,11.0,334
2025-02-11T00:00,24.8,48,0,10.0,342
2025-02-11T01:00,23.6,51,0,5.2,319
2025-02-11T02:00,22.5,55,0,4.3,312
2025-02-11T03:00,22.0,58,0,5.2,333
2025-02-11T04:00,21.4,61,0,4.7,332
2025-02-11T05:00,21.2,62,0,7.3,353
2025-02-11T06:00,21.3,68,0,6.2,338
2025-02-11T07:00,21.9,66,0,6.4,335
2025-02-11T08:00,24.6,57,0,4.6,334
2025-02-11T09:00,27.9,46,0,2.7,356
2025-02-11T10:00,30.5,38,0,1.5,256
2025-02-11T11:00,32.5,33,0,6.3,235
2025-02-11T12:00,33.9,28,0,8.9,236
2025-02-11T13:00,34.8,25,0,10.4,236
2025-02-11T14:00,35.1,23,1,10.5,241
2025-02-11T15:00,35.2,21,1,9.8,265
2025-02-11T16:00,34.4,22,3,13.6,293
2025-02-11T17:00,32.8,25,1,14.8,302
2025-02-11T18:00,30.6,27,0,6.5,302
2025-02-11T19:00,28.5,32,0,4.2,234
2025-02-11T20:00,28.1,33,0,6.3,233
2025-02-11T21:00,27.1,36,0,10.9,297
2025-02-11T22:00,25.9,39,0,10.0,326
2025-02-11T23:00,24.9,40,0,9.4,325
2025-02-12T00:00,23.8,44,0,11.9,335
2025-02-12T01:00,23.1,47,0,10.2,336
2025-02-12T02:00,21.7,53,0,4.5,16
2025-02-12T03:00,21.0,55,0,4.4,35
2025-02-12T04:00,20.5,58,0,4.2,10
2025-02-12T05:00,20.5,59,0,1.5,324
2025-02-12T06:00,19.7,66,0,3.7,284
2025-02-12T07:00,20.5,63,0,6.5,293
2025-02-12T08:00,23.7,50,0,4.5,299
2025-02-12T09:00,27.1,34,0,6.6,311
2025-02-12T10:00,29.3,26,0,7.8,316
2025-02-12T11:00,31.0,21,0,8.9,318
2025-02-12T12:00,32.1,18,0,9.7,313
2025-02-12T13:00,32.9,18,0,9.8,302
2025-02-12T14:00,33.4,16,0,11.2,288
2025-02-12T15:00,33.3,15,0,13.2,287
2025-02-12T16:00,32.7,15,0,12.2,294
2025-02-12T17:00,31.4,17,0,9.2,298
2025-02-12T18:00,29.4,20,0,8.8,290
2025-02-12T19:00,27.2,24,0,5.2,297
2025-02-12T20:00,26.3,27,0,12.3,339
2025-02-12T21:00,25.0,29,0,11.9,331
2025-02-12T22:00,23.9,31,0,13.1,342
2025-02-12T23:00,23.0,35,0,12.1,342
2025-02-13T00:00,22.0,37,0,11.4,339
2025-02-13T01:00,21.1,40,0,10.2,343
2025-02-13T02:00,20.5,42,0,9.4,343
2025-02-13T03:00,20.0,45,0,8.4,344
2025-02-13T04:00,19.7,47,0,8.2,350
2025-02-13T05:00,19.3,50,0,8.8,348
2025-02-13T06:00,18.9,59,0,10.6,350
2025-02-13T07:00,19.3,60,0,11.4,356
2025-02-13T08:00,21.6,52,0,10.8,10
2025-02-13T09:00,23.8,41,0,10.8,21
2025-02-13T10:00,26.4,31,0,11.1,25
2025-02-13T11:00,28.5,24,0,10.4,20
2025-02-13T12:00,30.0,20,0,8.7,7
2025-02-13T13:00,31.0,17,0,7.4,347
2025-02-13T14:00,31.5,15,0,7.9,327
2025-02-13T15:00,31.3,15,0,9.2,320
2025-02-13T16:00,30.7,15,0,9.9,323
2025-02-13T17:00,29.4,17,0,7.8,328
2025-02-13T18:00,26.2,23,0,4.2,353
2025-02-13T19:00,26.0,22,0,6.7,38
2025-02-13T20:00,25.0,24,0,5.9,50
2025-02-13T21:00,24.3,26,0,8.1,336
2025-02-13T22:00,22.3,32,0,13.0,338
2025-02-13T23:00,21.0,34,0,12.0,348
2025-02-14T00:00,20.1,36,0,11.8,353
2025-02-14T01:00,19.5,36,0,10.7,353
2025-02-14T02:00,19.0,38,0,9.5,351
2025-02-14T03:00,18.5,41,0,8.5,355
2025-02-14T04:00,17.8,45,0,7.0,357
2025-02-14T05:00,17.0,49,0,5.1,350
2025-02-14T06:00,16.3,57,0,5.0,347
2025-02-14T07:00,17.5,54,0,6.2,350
2025-02-14T08:00,20.5,44,0,5.6,356
2025-02-14T09:00,23.6,35,0,6.8,12
2025-02-14T10:00,26.3,28,0,7.0,21
2025-02-14T11:00,28.5,20,0,5.5,17
2025-02-14T12:00,30.1,16,0,4.6,351
2025-02-14T13:00,31.2,14,0,6.4,331
2025-02-14T14:00,31.6,13,0,9.3,326
2025-02-14T15:00,31.4,15,0,8.9,322
2025-02-14T16:00,31.1,16,0,5.2,316
2025-02-14T17:00,30.0,32,0,1.6,270
2025-02-14T18:00,27.8,22,0,1.5,240
2025-02-14T19:00,26.7,24,0,2.2,284
2025-02-14T20:00,25.0,26,0,6.1,317
2025-02-14T21:00,23.7,28,0,6.5,347
2025-02-14T22:00,22.9,29,0,8.1,331
2025-02-14T23:00,21.7,32,0,9.2,6
2025-02-15T00:00,21.0,34,0,8.8,332
2025-02-15T01:00,20.2,36,0,7.8,334
2025-02-15T02:00,19.1,39,0,5.6,338
2025-02-15T03:00,17.9,43,0,4.5,331
2025-02-15T04:00,17.2,46,0,4.4,339
2025-02-15T05:00,16.8,47,0,4.7,342
2025-02-15T06:00,16.0,55,0,4.1,345
2025-02-15T07:00,17.2,51,0,5.5,341
2025-02-15T08:00,20.6,41,0,2.1,308
2025-02-15T09:00,24.6,30,0,1.3,352
2025-02-15T10:00,27.9,23,0,1.4,50
2025-02-15T11:00,30.0,19,0,0.8,333
2025-02-15T12:00,31.5,18,0,3.3,311
2025-02-15T13:00,32.8,17,0,6.6,317
2025-02-15T14:00,33.2,17,0,11.3,321
2025-02-15T15:00,32.9,18,0,10.4,309
2025-02-15T16:00,32.6,19,0,7.6,308
2025-02-15T17:00,31.3,21,0,4.9,324
2025-02-15T18:00,29.3,36,0,0.2,90
2025-02-15T19:00,28.7,25,0,1.3,214
2025-02-15T20:00,27.5,27,0,2.8,220
2025-02-15T21:00,24.8,32,0,4.3,237
2025-02-15T22:00,23.4,35,0,3.1,270
2025-02-15T23:00,22.2,39,0,1.8,270
2025-02-16T00:00,20.8,45,0,3.5,305
2025-02-16T01:00,20.1,50,0,3.3,354
2025-02-16T02:00,19.9,51,0,1.5,339
2025-02-16T03:00,19.0,53,0,4.1,331
2025-02-16T04:00,18.7,49,0,6.9,329
2025-02-16T05:00,17.7,52,0,5.2,329
2025-02-16T06:00,17.6,56,0,6.1,326
2025-02-16T07:00,18.6,51,0,7.0,331
2025-02-16T08:00,22.0,42,0,5.6,329
2025-02-16T09:00,26.4,31,0,4.8,345
2025-02-16T10:00,30.0,24,0,5.7,336
2025-02-16T11:00,31.9,21,0,6.8,307
2025-02-16T12:00,33.1,19,0,6.1,284
2025-02-16T13:00,34.1,18,0,6.7,265
2025-02-16T14:00,34.6,16,0,8.1,257
2025-02-16T15:00,34.6,15,0,10.0,263
2025-02-16T16:00,34.2,13,0,12.5,276
2025-02-16T17:00,32.6,15,0,14.3,293
2025-02-16T18:00,30.1,19,0,8.9,277
2025-02-16T19:00,28.6,22,0,2.7,242
2025-02-16T20:00,27.0,23,0,5.4,200
2025-02-16T21:00,25.2,26,0,4.8,290
2025-02-16T22:00,24.4,31,0,9.4,330
2025-02-16T23:00,23.7,37,0,10.3,322
2025-02-17T00:00,23.0,41,0,8.7,333
2025-02-17T01:00,21.7,46,0,5.8,360
2025-02-17T02:00,20.8,51,0,1.8,37
2025-02-17T03:00,20.3,52,0,2.2,351
2025-02-17T04:00,20.2,52,0,5.7,349
2025-02-17T05:00,19.3,57,0,3.2,3
2025-02-17T06:00,19.1,59,0,4.9,350
2025-02-17T07:00,20.5,53,0,7.3,349
2025-02-17T08:00,23.5,43,0,5.8,358
2025-02-17T09:00,26.7,34,0,5.6,15
2025-02-17T10:00,29.5,27,0,3.6,41
2025-02-17T11:00,31.5,24,0,2.3,67
2025-02-17T12:00,32.7,22,0,1.7,49
2025-02-17T13:00,33.6,21,0,0.8,27
2025-02-17T14:00,34.1,20,0,0.4,90
2025-02-17T15:00,34.1,20,0,1.0,121
2025-02-17T16:00,34.0,20,0,3.1,118
2025-02-17T17:00,33.1,38,0,0.9,127
2025-02-17T18:00,30.1,26,0,4.7,171
2025-02-17T19:00,29.0,30,0,1.2,243
2025-02-17T20:00,28.2,31,0,0.8,117
2025-02-17T21:00,26.9,34,0,4.3,163
2025-02-17T22:00,25.2,36,0,4.7,298
2025-02-17T23:00,24.3,38,0,6.3,309
2025-02-18T00:00,23.4,41,0,9.4,324
2025-02-18T01:00,22.7,42,0,8.8,345
2025-02-18T02:00,21.8,45,0,8.9,341
2025-02-18T03:00,21.0,47,0,7.9,347
2025-02-18T04:00,20.1,52,0,4.9,2
2025-02-18T05:00,19.6,55,0,4.4,348
2025-02-18T06:00,20.0,57,0,7.3,344
2025-02-18T07:00,20.5,56,0,8.9,347
2025-02-18T08:00,23.1,48,0,6.3,347
2025-02-18T09:00,26.6,38,0,4.8,15
2025-02-18T10:00,29.5,31,0,3.1,50
2025-02-18T11:00,31.7,25,0,0.9,101
2025-02-18T12:00,33.1,22,0,2.1,290
2025-02-18T13:00,33.8,21,0,4.7,310
2025-02-18T14:00,34.4,20,0,7.9,315
2025-02-18T15:00,34.2,19,0,14.9,318
2025-02-18T16:00,32.9,21,0,16.3,315
2025-02-18T17:00,32.8,22,0,9.7,273
2025-02-18T18:00,31.0,24,0,8.5,276
2025-02-18T19:00,29.4,27,0,6.4,207
2025-02-18T20:00,27.7,33,0,2.3,108
2025-02-18T21:00,26.7,33,0,3.2,341
2025-02-18T22:00,26.2,36,0,7.9,311
2025-02-18T23:00,25.3,39,0,8.9,333
2025-02-19T00:00,24.6,42,0,9.8,352
2025-02-19T01:00,23.8,44,0,8.3,355
2025-02-19T02:00,23.1,46,0,8.7,355
2025-02-19T03:00,22.7,46,0,8.5,4
2025-02-19T04:00,22.2,47,0,8.8,5
2025-02-19T05:00,21.5,50,0,8.1,356
2025-02-19T06:00,21.0,55,0,6.5,3
2025-02-19T07:00,21.7,53,0,9.4,360
2025-02-19T08:00,24.3,45,0,7.6,8
2025-02-19T09:00,27.4,35,0,7.0,29
2025-02-19T10:00,30.2,29,0,6.7,63
2025-02-19T11:00,31.9,26,0,6.5,87
2025-02-19T12:00,33.0,24,0,4.1,92
2025-02-19T13:00,33.8,22,0,1.5,111
2025-02-19T14:00,34.1,21,0,2.4,297
2025-02-19T15:00,34.2,20,0,7.7,329
2025-02-19T16:00,33.6,21,0,14.8,337
2025-02-19T17:00,32.4,23,0,15.8,331
2025-02-19T18:00,30.2,29,0,3.0,245
2025-02-19T19:00,29.2,31,0,1.1,261
2025-02-19T20:00,27.8,34,0,2.6,258
2025-02-19T21:00,26.4,36,0,5.0,270
2025-02-19T22:00,26.0,37,0,11.6,289
2025-02-19T23:00,25.3,39,0,12.6,335
2025-02-20T00:00,24.6,44,0,11.6,338
2025-02-20T01:00,23.6,49,0,9.1,343
2025-02-20T02:00,22.7,53,0,7.0,348
2025-02-20T03:00,21.9,56,0,6.1,357
2025-02-20T04:00,21.4,57,0,6.4,344
2025-02-20T05:00,20.9,58,0,6.9,335
2025-02-20T06:00,20.7,62,1,6.7,336
2025-02-20T07:00,21.3,60,1,9.3,341
2025-02-20T08:00,24.1,50,1,7.4,346
2025-02-20T09:00,27.6,39,0,7.8,347
2025-02-20T10:00,30.5,31,0,7.2,354
2025-02-20T11:00,32.3,24,1,7.9,344
2025-02-20T12:00,33.3,22,1,8.4,325
2025-02-20T13:00,33.9,20,2,8.8,313
2025-02-20T14:00,34.3,18,3,9.5,299
2025-02-20T15:00,34.1,18,3,10.6,296
2025-02-20T16:00,33.5,18,3,11.7,290
2025-02-20T17:00,32.7,18,2,8.7,287
2025-02-20T18:00,31.0,21,2,10.5,323
2025-02-20T19:00,30.0,23,1,13.8,309
2025-02-20T20:00,28.3,27,1,14.1,335
2025-02-20T21:00,26.8,30,2,12.3,329
2025-02-20T22:00,25.8,32,0,12.2,333
2025-02-20T23:00,25.0,33,0,12.6,329
2025-02-21T00:00,24.3,34,0,12.3,330
2025-02-21T01:00,23.3,35,0,7.6,348
2025-02-21T02:00,21.8,39,0,4.9,8
2025-02-21T03:00,21.1,41,0,4.3,28
2025-02-21T04:00,20.6,42,0,4.7,16
2025-02-21T05:00,20.2,44,0,5.4,354
2025-02-21T06:00,20.0,49,0,7.0,334
2025-02-21T07:00,20.6,48,0,8.4,340
2025-02-21T08:00,23.6,41,0,5.8,344
2025-02-21T09:00,27.4,32,0,5.8,2
2025-02-21T10:00,30.5,24,0,7.2,28
2025-02-21T11:00,32.2,17,0,6.3,5
2025-02-21T12:00,33.1,15,0,6.8,331
2025-02-21T13:00,33.6,15,0,8.7,313
2025-02-21T14:00,34.0,15,0,10.7,303
2025-02-21T15:00,33.9,15,0,14.5,291
2025-02-21T16:00,33.3,15,0,13.9,280
2025-02-21T17:00,32.4,16,0,9.0,286
2025-02-21T18:00,30.6,19,0,11.3,283
2025-02-21T19:00,29.1,21,0,9.4,288
2025-02-21T20:00,27.8,23,0,11.8,336
2025-02-21T21:00,26.6,29,0,13.0,336
2025-02-21T22:00,25.8,31,0,10.8,330
2025-02-21T23:00,24.5,34,0,10.7,312
2025-02-22T00:00,23.6,36,0,8.6,345
2025-02-22T01:00,22.6,38,0,8.2,341
2025-02-22T02:00,21.9,40,0,9.1,330
2025-02-22T03:00,21.3,41,0,9.3,341
2025-02-22T04:00,20.9,42,0,8.3,336
2025-02-22T05:00,20.4,44,0,7.8,326
2025-02-22T06:00,20.3,49,0,8.4,329
2025-02-22T07:00,21.0,48,0,9.5,333
2025-02-22T08:00,23.5,41,0,7.1,353
2025-02-22T09:00,26.3,34,0,5.8,20
2025-02-22T10:00,29.2,28,0,5.1,27
2025-02-22T11:00,31.2,24,0,5.4,2
2025-02-22T12:00,32.7,19,0,8.3,338
2025-02-22T13:00,33.5,17,0,12.3,333
2025-02-22T14:00,33.6,18,0,12.9,335
2025-02-22T15:00,33.6,17,0,10.6,341
2025-02-22T16:00,33.2,17,0,14.3,332
2025-02-22T17:00,31.3,20,0,18.6,326
2025-02-22T18:00,29.8,23,0,13.8,302
2025-02-22T19:00,28.5,24,0,9.3,324
2025-02-22T20:00,27.8,25,0,12.6,355
2025-02-22T21:00,26.0,30,0,11.0,337
2025-02-22T22:00,24.4,34,0,8.9,333
2025-02-22T23:00,23.4,37,0,9.1,338
2025-02-23T00:00,22.7,40,0,9.9,344
2025-02-23T01:00,22.1,42,0,9.2,359
2025-02-23T02:00,21.6,45,0,10.1,358
2025-02-23T03:00,21.0,46,0,8.9,6
2025-02-23T04:00,20.4,47,0,6.8,18
2025-02-23T05:00,20.0,46,0,7.1,27
2025-02-23T06:00,19.9,48,0,7.9,24
2025-02-23T07:00,20.8,44,0,9.7,31
2025-02-23T08:00,23.4,36,0,7.8,37
2025-02-23T09:00,26.6,29,0,7.9,47
2025-02-23T10:00,29.8,22,0,9.5,61
2025-02-23T11:00,31.8,17,0,8.9,48
2025-02-23T12:00,33.0,14,0,8.6,348
2025-02-23T13:00,33.4,13,0,11.2,325
2025-02-23T14:00,33.4,13,0,11.7,316
2025-02-23T15:00,33.0,15,0,9.4,312
2025-02-23T16:00,32.5,16,0,5.9,305
2025-02-23T17:00,31.5,26,0,1.3,326
2025-02-23T18:00,29.2,19,0,7.3,31
2025-02-23T19:00,28.8,21,0,8.9,54
2025-02-23T20:00,28.0,21,0,9.1,65
2025-02-23T21:00,26.4,23,0,6.8,90
2025-02-23T22:00,24.9,25,0,9.2,140
2025-02-23T23:00,23.9,27,0,8.2,33
2025-02-24T00:00,23.6,28,0,10.1,27
2025-02-24T01:00,22.9,31,0,9.4,30
2025-02-24T02:00,22.1,32,0,8.3,41
2025-02-24T03:00,21.4,34,0,8.7,27
2025-02-24T04:00,20.4,37,0,8.2,22
2025-02-24T05:00,20.0,39,0,9.3,19
2025-02-24T06:00,20.0,42,0,8.8,28
2025-02-24T07:00,20.7,41,0,9.9,33
2025-02-24T08:00,23.2,35,0,8.0,40
2025-02-24T09:00,26.2,29,0,9.7,66
2025-02-24T10:00,28.8,25,0,10.3,86
2025-02-24T11:00,30.8,22,0,10.5,106
2025-02-24T12:00,32.0,19,0,8.8,121
2025-02-24T13:00,32.8,18,0,4.4,122
2025-02-24T14:00,33.1,17,0,1.5,111
2025-02-24T15:00,33.0,17,0,0.9,360
2025-02-24T16:00,32.6,17,0,4.3,355
2025-02-24T17:00,31.7,18,0,5.2,4
2025-02-24T18:00,28.6,23,1,4.1,347
2025-02-24T19:00,27.7,30,1,0.5,270
2025-02-24T20:00,26.3,27,0,2.1,165
2025-02-24T21:00,25.6,29,1,3.8,149
2025-02-24T22:00,26.0,30,0,0.6,304
2025-02-24T23:00,24.2,30,0,13.2,15
2025-02-25T00:00,23.3,34,0,12.3,7
2025-02-25T01:00,22.7,35,0,11.3,14
2025-02-25T02:00,22.1,36,0,11.7,18
2025-02-25T03:00,21.6,37,0,10.7,29
2025-02-25T04:00,21.1,39,0,11.4,23
2025-02-25T05:00,20.6,42,0,10.1,19
2025-02-25T06:00,20.6,45,1,9.3,18
2025-02-25T07:00,21.3,44,1,9.6,33
2025-02-25T08:00,23.4,39,0,10.6,47
2025-02-25T09:00,26.2,33,0,11.1,59
2025-02-25T10:00,28.7,28,0,11.9,80
2025-02-25T11:00,30.4,24,0,12.5,97
2025-02-25T12:00,31.6,22,0,10.7,103
2025-02-25T13:00,32.4,21,0,7.5,101
2025-02-25T14:00,32.8,20,0,4.5,92
2025-02-25T15:00,32.8,19,0,1.9,68
2025-02-25T16:00,32.6,19,0,2.0,350
2025-02-25T17:00,31.8,20,0,2.8,349
2025-02-25T18:00,29.3,26,0,0.8,333
2025-02-25T19:00,28.1,29,0,0.4,333
2025-02-25T20:00,27.1,30,0,1.4,40
2025-02-25T21:00,26.1,32,0,3.6,57
2025-02-25T22:00,25.6,33,0,2.9,22
2025-02-25T23:00,24.5,35,0,8.1,3
2025-02-26T00:00,23.3,38,0,9.3,9
2025-02-26T01:00,22.5,40,0,9.1,17
2025-02-26T02:00,22.1,39,0,9.1,17
2025-02-26T03:00,21.6,38,0,8.9,27
2025-02-26T04:00,21.3,37,0,9.7,29
2025-02-26T05:00,20.9,38,0,10.4,26
2025-02-26T06:00,20.6,41,0,10.7,25
2025-02-26T07:00,21.3,41,0,10.7,25
2025-02-26T08:00,23.7,36,0,9.4,31
2025-02-26T09:00,26.5,30,0,9.5,44
2025-02-26T10:00,29.3,25,0,10.6,58
2025-02-26T11:00,31.3,22,0,9.4,61
2025-02-26T12:00,32.6,20,0,6.8,55
2025-02-26T13:00,33.4,18,0,5.9,40
2025-02-26T14:00,34.0,16,0,5.8,20
2025-02-26T15:00,34.2,14,0,6.9,7
2025-02-26T16:00,34.0,14,0,7.9,4
2025-02-26T17:00,33.0,15,0,8.7,7
2025-02-26T18:00,29.8,20,0,4.0,39
2025-02-26T19:00,28.6,22,0,2.7,98
2025-02-26T20:00,27.0,24,0,5.2,139
2025-02-26T21:00,26.9,25,0,1.8,135
2025-02-26T22:00,26.2,25,0,1.1,342
2025-02-26T23:00,24.9,27,0,8.1,5
2025-02-27T00:00,23.5,32,3,6.1,358
2025-02-27T01:00,22.8,36,0,6.4,352
2025-02-27T02:00,22.7,37,0,7.6,1
2025-02-27T03:00,22.2,39,0,8.7,4
2025-02-27T04:00,21.6,40,0,10.6,9
2025-02-27T05:00,21.1,42,0,8.9,9
2025-02-27T06:00,20.6,47,0,7.4,7
2025-02-27T07:00,21.5,45,0,8.5,7
2025-02-27T08:00,24.4,37,0,6.1,24
2025-02-27T09:00,27.5,30,0,6.2,78
2025-02-27T10:00,29.9,25,0,10.4,110
2025-02-27T11:00,31.7,21,0,10.6,118
2025-02-27T12:00,33.0,18,0,8.1,119
2025-02-27T13:00,34.0,17,0,5.8,116
2025-02-27T14:00,34.5,16,0,4.6,116
2025-02-27T15:00,34.6,15,0,3.7,113
2025-02-27T16:00,34.3,15,1,3.7,119
2025-02-27T17:00,33.3,16,1,4.3,123
2025-02-27T18:00,30.8,19,3,8.1,125
2025-02-27T19:00,29.5,20,1,6.9,131
2025-02-27T20:00,27.4,24,1,5.8,150
2025-02-27T21:00,26.6,26,2,6.5,174
2025-02-27T22:00,25.7,29,0,6.1,180
2025-02-27T23:00,25.2,31,0,4.9,174
2025-02-28T00:00,25.6,29,0,1.8,191
2025-02-28T01:00,24.0,32,0,2.1,340
2025-02-28T02:00,22.4,35,0,6.1,2
2025-02-28T03:00,21.1,40,0,3.8,19
2025-02-28T04:00,21.2,47,0,0.9,11
2025-02-28T05:00,21.0,40,0,2.0,45
2025-02-28T06:00,20.3,47,2,1.1,360
2025-02-28T07:00,21.7,44,3,1.3,352
2025-02-28T08:00,24.9,35,3,3.0,123
2025-02-28T09:00,28.1,28,3,5.4,146
2025-02-28T10:00,30.7,24,3,6.4,169
2025-02-28T11:00,33.0,21,3,7.6,187
2025-02-28T12:00,34.4,18,3,7.4,203
2025-02-28T13:00,35.2,17,3,7.6,211
2025-02-28T14:00,35.5,16,3,8.2,209
2025-02-28T15:00,35.5,16,3,7.3,203
2025-02-28T16:00,35.2,16,2,7.8,189
2025-02-28T17:00,34.2,17,3,9.2,181
2025-02-28T18:00,32.1,20,3,9.4,193
2025-02-28T19:00,30.8,22,3,9.8,186
2025-02-28T20:00,29.2,25,2,6.6,163
2025-02-28T21:00,27.8,28,2,6.5,150
2025-02-28T22:00,26.8,29,1,5.9,169
2025-02-28T23:00,26.4,29,3,6.0,170
2025-03-01T00:00,25.6,32,0,4.8,165
2025-03-01T01:00,23.9,34,0,4.7,310
2025-03-01T02:00,23.0,38,0,5.7,311
2025-03-01T03:00,21.3,45,0,3.2,308
2025-03-01T04:00,20.7,49,0,3.1,298
2025-03-01T05:00,20.4,51,0,3.8,301
2025-03-01T06:00,21.8,47,0,5.6,237
2025-03-01T07:00,23.3,44,0,1.9,131
2025-03-01T08:00,25.9,38,1,3.6,147
2025-03-01T09:00,28.7,35,2,7.8,206
2025-03-01T10:00,31.0,33,1,10.9,218
2025-03-01T11:00,32.8,31,0,13.8,215
2025-03-01T12:00,34.3,26,0,13.0,221
2025-03-01T13:00,35.3,22,0,11.6,222
2025-03-01T14:00,35.6,21,0,11.9,221
2025-03-01T15:00,35.5,20,0,12.1,217
2025-03-01T16:00,35.3,20,0,9.9,215
2025-03-01T17:00,34.6,20,1,8.1,223
2025-03-01T18:00,32.4,25,0,9.1,187
2025-03-01T19:00,31.1,27,0,6.1,183
2025-03-01T20:00,29.2,32,0,4.5,178
2025-03-01T21:00,27.7,36,0,4.7,184
2025-03-01T22:00,26.7,38,0,4.5,247
2025-03-01T23:00,26.4,37,0,11.6,314
2025-03-02T00:00,25.6,38,0,7.1,315
2025-03-02T01:00,24.4,42,0,2.0,315
2025-03-02T02:00,24.0,43,0,1.3,344
2025-03-02T03:00,23.2,43,0,4.9,332
2025-03-02T04:00,22.3,47,0,4.3,312
2025-03-02T05:00,21.7,52,0,1.9,343
2025-03-02T06:00,22.0,54,0,4.4,351
2025-03-02T07:00,23.2,51,0,5.9,349
2025-03-02T08:00,26.0,43,2,5.2,14
2025-03-02T09:00,28.8,36,3,2.7,28
2025-03-02T10:00,31.3,31,3,1.4,360
2025-03-02T11:00,33.4,26,3,2.0,333
2025-03-02T12:00,34.8,23,3,1.5,330
2025-03-02T13:00,35.9,21,3,4.5,320
2025-03-02T14:00,36.5,19,3,13.3,312
2025-03-02T15:00,35.1,20,3,18.9,307
2025-03-02T16:00,35.1,19,3,15.1,298
2025-03-02T17:00,34.5,19,3,12.2,289
2025-03-02T18:00,31.9,26,1,3.1,260
2025-03-02T19:00,30.3,28,1,4.3,208
2025-03-02T20:00,29.4,29,3,5.9,215
2025-03-02T21:00,28.8,30,3,6.8,282
2025-03-02T22:00,28.2,32,0,11.4,331
2025-03-02T23:00,27.4,32,0,12.1,345
2025-03-03T00:00,26.1,34,0,10.5,331
2025-03-03T01:00,24.9,35,2,8.8,337
2025-03-03T02:00,24.1,36,3,7.2,325
2025-03-03T03:00,23.0,38,2,5.2,335
2025-03-03T04:00,22.3,41,1,3.3,9
2025-03-03T05:00,21.8,41,3,5.6,333
2025-03-03T06:00,21.0,47,0,4.4,348
2025-03-03T07:00,22.3,44,0,6.1,336
2025-03-03T08:00,25.4,36,0,3.8,335
2025-03-03T09:00,28.8,30,1,4.2,31
2025-03-03T10:00,31.3,26,2,5.3,38
2025-03-03T11:00,33.2,22,3,3.8,11
2025-03-03T12:00,34.4,20,3,5.1,328
2025-03-03T13:00,35.3,16,3,8.1,325
2025-03-03T14:00,35.5,16,3,10.3,333
2025-03-03T15:00,35.4,16,2,8.1,347
2025-03-03T16:00,35.0,16,2,8.3,14
2025-03-03T17:00,33.7,18,0,11.1,31
2025-03-03T18:00,32.1,21,0,9.7,59
2025-03-03T19:00,30.4,24,1,5.2,16
2025-03-03T20:00,30.3,24,0,1.8,315
2025-03-03T21:00,28.4,27,1,3.8,341
2025-03-03T22:00,27.2,29,1,5.8,356
2025-03-03T23:00,25.7,34,1,5.9,340
2025-03-04T00:00,24.8,37,1,6.3,15
2025-03-04T01:00,24.0,39,0,5.5,9
2025-03-04T02:00,23.4,41,0,5.7,347
2025-03-04T03:00,22.4,43,0,5.1,343
2025-03-04T04:00,21.9,45,2,6.1,348
2025-03-04T05:00,21.5,47,0,6.3,336
2025-03-04T06:00,21.3,50,0,6.6,323
2025-03-04T07:00,22.4,47,0,8.6,323
2025-03-04T08:00,25.9,38,1,6.2,339
2025-03-04T09:00,30.2,28,2,7.4,342
2025-03-04T10:00,32.8,23,3,10.9,329
2025-03-04T11:00,34.2,21,2,10.2,324
2025-03-04T12:00,35.4,19,3,9.5,316
2025-03-04T13:00,36.2,18,3,10.1,311
2025-03-04T14:00,36.6,17,0,11.6,307
2025-03-04T15:00,36.4,17,0,13.2,301
2025-03-04T16:00,35.9,16,0,13.3,291
2025-03-04T17:00,34.9,17,0,13.3,286
2025-03-04T18:00,32.7,20,0,9.2,301
2025-03-04T19:00,30.8,24,0,14.3,335
2025-03-04T20:00,29.5,28,0,16.7,339
2025-03-04T21:00,28.5,30,1,17.0,338
2025-03-04T22:00,27.4,32,0,16.2,343
2025-03-04T23:00,26.5,33,0,15.5,342
2025-03-05T00:00,25.4,34,0,14.6,340
2025-03-05T01:00,24.7,34,0,13.8,345
2025-03-05T02:00,23.8,33,0,13.5,346
2025-03-05T03:00,22.9,32,0,13.6,354
2025-03-05T04:00,22.1,33,0,13.1,358
2025-03-05T05:00,21.2,34,0,13.3,358
2025-03-05T06:00,20.7,37,0,16.3,354
2025-03-05T07:00,21.2,36,0,13.8,354
2025-03-05T08:00,23.0,30,0,15.1,1
2025-03-05T09:00,25.0,22,0,14.6,5
2025-03-05T10:00,27.1,15,0,12.4,3
2025-03-05T11:00,28.7,11,0,9.2,3
2025-03-05T12:00,30.0,10,0,8.0,354
2025-03-05T13:00,31.0,9,0,8.4,341
2025-03-05T14:00,31.7,9,0,10.5,338
2025-03-05T15:00,31.8,10,0,10.4,340
2025-03-05T16:00,32.0,9,0,8.1,342
2025-03-05T17:00,31.3,9,0,10.2,328
2025-03-05T18:00,27.7,14,0,5.3,315
2025-03-05T19:00,27.6,14,0,11.8,347
2025-03-05T20:00,25.9,18,0,12.6,318
2025-03-05T21:00,24.1,22,0,13.6,311
2025-03-05T22:00,23.0,25,0,14.1,326
2025-03-05T23:00,22.2,26,0,14.0,332
2025-03-06T00:00,21.3,27,0,12.9,337
2025-03-06T01:00,20.3,28,0,12.1,337
2025-03-06T02:00,19.6,30,0,13.0,336
2025-03-06T03:00,19.2,30,0,13.8,334
2025-03-06T04:00,18.7,30,0,13.2,340
2025-03-06T05:00,17.9,31,0,11.8,349
2025-03-06T06:00,17.2,34,0,9.0,350
2025-03-06T07:00,18.2,33,0,8.5,348
2025-03-06T08:00,21.3,25,0,6.0,357
2025-03-06T09:00,24.4,20,0,6.1,14
2025-03-06T10:00,27.1,15,0,7.0,26
2025-03-06T11:00,29.2,12,0,6.2,30
2025-03-06T12:00,30.9,11,0,4.4,35
2025-03-06T13:00,32.1,10,0,3.5,12
2025-03-06T14:00,33.0,9,0,4.6,347
2025-03-06T15:00,33.3,9,0,8.2,341
2025-03-06T16:00,32.9,9,0,10.8,345
2025-03-06T17:00,31.8,10,0,9.0,360
2025-03-06T18:00,29.2,23,0,1.0,329
2025-03-06T19:00,27.7,15,0,2.3,288
2025-03-06T20:00,27.2,15,0,8.9,312
2025-03-06T21:00,25.5,18,0,10.1,338
2025-03-06T22:00,23.9,19,0,10.7,347
2025-03-06T23:00,22.7,20,0,8.8,341
2025-03-07T00:00,20.7,23,0,5.2,338
2025-03-07T01:00,20.1,24,0,5.9,337
2025-03-07T02:00,19.7,24,0,6.9,340
2025-03-07T03:00,19.1,25,0,7.3,337
2025-03-07T04:00,18.6,27,0,7.4,342
2025-03-07T05:00,18.2,28,0,7.9,349
2025-03-07T06:00,17.2,34,0,6.8,348
2025-03-07T07:00,18.5,32,0,7.5,352
2025-03-07T08:00,22.0,27,0,3.5,12
2025-03-07T09:00,26.0,20,0,3.4,32
2025-03-07T10:00,29.5,15,0,3.6,27
2025-03-07T11:00,31.8,11,0,6.0,5
2025-03-07T12:00,33.4,11,0,6.1,2
2025-03-07T13:00,34.5,11,0,5.7,349
2025-03-07T14:00,35.0,10,0,8.0,326
2025-03-07T15:00,34.8,10,0,10.2,316
2025-03-07T16:00,34.2,10,0,8.4,315
2025-03-07T17:00,33.0,25,0,2.0,315
2025-03-07T18:00,30.2,22,0,0.4,180
2025-03-07T19:00,29.1,16,0,1.7,131
2025-03-07T20:00,28.1,17,0,3.5,351
2025-03-07T21:00,25.8,20,0,5.5,297
2025-03-07T22:00,24.6,23,0,1.8,315
2025-03-07T23:00,23.4,24,0,5.4,352
2025-03-08T00:00,22.6,26,0,3.9,323
2025-03-08T01:00,21.1,29,0,5.2,333
2025-03-08T02:00,20.6,31,0,6.0,327
2025-03-08T03:00,20.4,31,0,7.5,343
2025-03-08T04:00,20.1,32,0,7.9,343
2025-03-08T05:00,19.5,34,0,7.5,336
2025-03-08T06:00,19.1,37,0,5.6,331
2025-03-08T07:00,20.8,34,0,6.1,336
2025-03-08T08:00,24.5,27,0,3.0,17
2025-03-08T09:00,28.6,20,0,3.0,57
2025-03-08T10:00,31.7,15,0,2.7,82
2025-03-08T11:00,33.6,13,0,1.7,18
2025-03-08T12:00,34.9,12,0,3.8,341
2025-03-08T13:00,36.0,12,0,4.7,332
2025-03-08T14:00,36.7,11,0,6.5,314
2025-03-08T15:00,36.7,10,0,11.1,306
2025-03-08T16:00,35.7,11,0,15.0,300
2025-03-08T17:00,34.9,12,0,13.7,275
2025-03-08T18:00,31.6,15,0,5.9,220
2025-03-08T19:00,30.0,19,0,1.2,219
2025-03-08T20:00,27.9,20,0,4.5,2
2025-03-08T21:00,27.9,20,0,7.8,7
2025-03-08T22:00,27.7,21,0,10.3,5
2025-03-08T23:00,26.8,23,0,9.6,6
2025-03-09T00:00,25.4,25,0,7.4,13
2025-03-09T01:00,24.6,27,0,7.7,3
2025-03-09T02:00,23.4,30,0,9.0,10
2025-03-09T03:00,22.8,32,0,10.5,4
2025-03-09T04:00,22.4,33,0,10.1,3
2025-03-09T05:00,21.9,34,0,8.5,355
2025-03-09T06:00,21.9,37,0,6.7,360
2025-03-09T07:00,23.2,35,0,6.7,24
2025-03-09T08:00,26.2,28,0,5.7,49
2025-03-09T09:00,29.3,22,0,7.0,55
2025-03-09T10:00,32.3,18,0,8.3,79
2025-03-09T11:00,34.4,15,0,8.9,97
2025-03-09T12:00,35.4,14,0,6.8,108
2025-03-09T13:00,36.0,13,0,4.5,104
2025-03-09T14:00,36.3,13,0,3.0,107
2025-03-09T15:00,36.3,13,0,2.2,99
2025-03-09T16:00,35.8,13,0,1.6,63
2025-03-09T17:00,34.7,15,0,1.9,61
2025-03-09T18:00,32.0,20,0,0.3,315
2025-03-09T19:00,31.2,19,0,1.5,120
2025-03-09T20:00,28.8,21,0,5.2,146
2025-03-09T21:00,27.5,24,0,3.3,174
2025-03-09T22:00,27.1,25,0,1.4,230
2025-03-09T23:00,26.3,25,0,11.9,345
2025-03-10T00:00,25.6,26,0,13.7,21
2025-03-10T01:00,25.6,21,0,14.8,18
2025-03-10T02:00,25.0,21,0,12.3,18
2025-03-10T03:00,24.2,22,0,9.6,16
2025-03-10T04:00,22.9,25,0,6.1,28
2025-03-10T05:00,22.8,25,0,7.5,73
2025-03-10T06:00,23.1,25,0,8.0,48
2025-03-10T07:00,24.1,25,0,10.7,85
2025-03-10T08:00,26.4,23,0,8.2,80
2025-03-10T09:00,28.9,24,0,10.4,89
2025-03-10T10:00,31.2,23,0,10.3,95
2025-03-10T11:00,33.2,23,0,7.5,110
2025-03-10T12:00,34.8,21,0,5.6,123
2025-03-10T13:00,35.8,18,0,3.1,118
2025-03-10T14:00,36.3,17,0,1.8,37
2025-03-10T15:00,36.4,16,0,4.4,351
2025-03-10T16:00,36.1,15,0,5.4,345
2025-03-10T17:00,35.1,16,0,5.4,6
2025-03-10T18:00,32.0,21,0,5.0,41
2025-03-10T19:00,31.1,23,0,4.8,45
2025-03-10T20:00,30.3,25,0,4.3,57
2025-03-10T21:00,29.9,26,0,1.5,30
2025-03-10T22:00,27.7,29,0,3.5,321
2025-03-10T23:00,26.3,31,0,3.5,321
2025-03-11T00:00,26.0,31,0,8.8,4
2025-03-11T01:00,26.2,25,0,9.7,35
2025-03-11T02:00,25.1,25,0,7.9,17
2025-03-11T03:00,23.9,27,0,7.1,6
2025-03-11T04:00,23.5,28,0,8.1,4
2025-03-11T05:00,23.4,28,0,8.6,11
2025-03-11T06:00,22.8,33,0,6.6,11
2025-03-11T07:00,24.1,31,0,6.8,68
2025-03-11T08:00,26.7,25,0,4.8,63
2025-03-11T09:00,29.7,24,0,6.9,81
2025-03-11T10:00,32.2,23,0,7.8,105
2025-03-11T11:00,34.3,21,0,7.9,106
2025-03-11T12:00,35.7,18,0,5.0,92
2025-03-11T13:00,36.6,16,0,3.3,45
2025-03-11T14:00,37.1,15,0,3.6,18
2025-03-11T15:00,37.2,14,0,4.5,14
2025-03-11T16:00,36.9,13,0,6.6,11
2025-03-11T17:00,36.0,13,0,8.3,11
2025-03-11T18:00,32.8,20,0,3.1,66
2025-03-11T19:00,31.1,22,0,5.4,160
2025-03-11T20:00,29.9,25,0,7.0,168
2025-03-11T21:00,28.7,27,0,6.1,177
2025-03-11T22:00,27.0,31,0,3.0,295
2025-03-11T23:00,26.6,30,0,7.8,312
2025-03-12T00:00,25.5,32,0,6.0,265
2025-03-12T01:00,25.0,33,0,6.5,273
2025-03-12T02:00,23.9,37,0,3.2,304
2025-03-12T03:00,23.4,39,0,1.9,56
2025-03-12T04:00,22.6,40,0,1.7,108
2025-03-12T05:00,21.4,43,0,1.8,354
2025-03-12T06:00,22.7,43,0,5.6,4
2025-03-12T07:00,24.3,39,0,6.2,339
2025-03-12T08:00,28.6,31,0,3.1,315
2025-03-12T09:00,32.6,26,0,5.4,296
2025-03-12T10:00,35.6,19,0,7.6,269
2025-03-12T11:00,37.3,16,0,7.8,261
2025-03-12T12:00,38.3,14,0,8.2,279
2025-03-12T13:00,38.9,13,0,9.4,305
2025-03-12T14:00,39.0,12,0,13.1,326
2025-03-12T15:00,38.4,12,0,13.5,324
2025-03-12T16:00,37.9,13,0,10.6,293
2025-03-12T17:00,36.8,15,0,7.6,267
2025-03-12T18:00,34.1,20,0,2.8,198
2025-03-12T19:00,33.8,20,0,1.9,253
2025-03-12T20:00,31.3,24,0,2.3,274
2025-03-12T21:00,30.4,25,0,1.9,253
2025-03-12T22:00,28.9,27,0,6.4,225
2025-03-12T23:00,29.4,26,0,11.4,211
2025-03-13T00:00,29.0,26,0,10.5,207
2025-03-13T01:00,28.7,27,0,14.7,200
2025-03-13T02:00,26.1,31,0,5.9,290
2025-03-13T03:00,24.5,35,0,5.1,247
2025-03-13T04:00,24.2,36,0,5.4,278
2025-03-13T05:00,23.7,37,0,5.6,274
2025-03-13T06:00,22.1,49,0,4.2,290
2025-03-13T07:00,24.0,45,0,4.5,268
2025-03-13T08:00,28.3,33,0,1.8,336
2025-03-13T09:00,32.9,24,0,2.5,330
2025-03-13T10:00,35.7,16,0,6.3,333
2025-03-13T11:00,37.4,14,0,7.9,333
2025-03-13T12:00,38.7,13,0,8.7,304
2025-03-13T13:00,39.3,12,0,14.6,294
2025-03-13T14:00,39.0,12,0,16.0,293
2025-03-13T15:00,39.1,12,0,12.8,267
2025-03-13T16:00,38.8,12,0,13.3,249
2025-03-13T17:00,38.0,12,0,11.5,214
2025-03-13T18:00,34.3,14,0,4.5,254
2025-03-13T19:00,32.3,17,0,5.9,340
2025-03-13T20:00,31.7,19,0,6.5,6
2025-03-13T21:00,30.0,23,0,4.4,305
2025-03-13T22:00,28.6,25,0,3.8,311
2025-03-13T23:00,28.2,26,0,1.5,256
2025-03-14T00:00,27.1,29,0,1.0,301
2025-03-14T01:00,25.7,29,0,6.3,231
2025-03-14T02:00,25.9,28,0,8.8,258
2025-03-14T03:00,26.2,28,0,10.3,286
2025-03-14T04:00,24.3,32,0,6.0,277
2025-03-14T05:00,23.2,35,0,5.0,270
2025-03-14T06:00,22.6,43,0,3.2,270
2025-03-14T07:00,25.0,35,0,4.7,270
2025-03-14T08:00,29.1,23,0,2.8,285
2025-03-14T09:00,32.1,17,0,3.4,328
2025-03-14T10:00,34.6,14,0,5.3,332
2025-03-14T11:00,36.6,13,0,6.6,325
2025-03-14T12:00,38.0,12,0,7.1,304
2025-03-14T13:00,38.9,12,0,8.7,294
2025-03-14T14:00,39.2,13,0,12.6,290
2025-03-14T15:00,38.9,13,0,14.7,299
2025-03-14T16:00,38.4,12,0,16.8,283
2025-03-14T17:00,37.1,11,0,15.1,278
2025-03-14T18:00,34.9,15,0,11.9,288
2025-03-14T19:00,32.3,18,0,5.5,243
2025-03-14T20:00,30.5,21,0,5.4,228
2025-03-14T21:00,29.7,22,0,9.7,329
2025-03-14T22:00,29.8,23,0,8.6,359
2025-03-14T23:00,29.1,23,0,8.3,346
2025-03-15T00:00,27.6,25,0,7.3,312
2025-03-15T01:00,25.8,28,0,4.9,298
2025-03-15T02:00,25.3,30,0,8.4,326
2025-03-15T03:00,23.9,34,0,4.8,329
2025-03-15T04:00,23.5,35,0,4.9,356
2025-03-15T05:00,22.9,37,0,4.7,189
2025-03-15T06:00,23.7,38,0,7.1,330
2025-03-15T07:00,25.4,35,0,5.4,352
2025-03-15T08:00,29.1,28,0,1.8,24
2025-03-15T09:00,33.0,21,0,2.3,231
2025-03-15T10:00,36.0,17,0,6.3,195
2025-03-15T11:00,37.3,19,0,9.7,191
2025-03-15T12:00,38.0,18,1,11.9,202
2025-03-15T13:00,38.4,18,0,11.9,203
2025-03-15T14:00,38.8,17,1,10.1,211
2025-03-15T15:00,38.4,18,1,8.8,221
2025-03-15T16:00,37.7,18,0,8.0,239
2025-03-15T17:00,37.0,17,1,3.9,323
2025-03-15T18:00,35.1,20,1,0.6,214
2025-03-15T19:00,33.2,22,0,2.5,188
2025-03-15T20:00,32.1,24,0,1.6,243
2025-03-15T21:00,31.1,25,0,1.1,270
2025-03-15T22:00,29.9,27,0,4.8,214
2025-03-15T23:00,29.4,28,0,6.8,217
2025-03-16T00:00,28.8,29,0,6.2,237
2025-03-16T01:00,27.5,31,0,6.1,315
2025-03-16T02:00,26.6,35,0,1.3,254
2025-03-16T03:00,25.5,37,0,4.0,280
2025-03-16T04:00,24.1,40,0,4.0,357
2025-03-16T05:00,23.6,41,0,0.7,284
2025-03-16T06:00,26.7,37,0,7.5,233
2025-03-16T07:00,28.4,34,3,8.7,223
2025-03-16T08:00,30.6,31,1,6.0,189
2025-03-16T09:00,34.0,26,0,11.0,221
2025-03-16T10:00,36.7,19,0,19.0,237
2025-03-16T11:00,37.6,17,0,20.2,240
2025-03-16T12:00,38.5,16,0,18.2,240
2025-03-16T13:00,38.9,15,1,17.4,232
2025-03-16T14:00,38.9,16,1,17.1,228
2025-03-16T15:00,38.2,16,1,17.0,236
2025-03-16T16:00,38.1,16,1,12.7,247
2025-03-16T17:00,37.1,17,1,10.6,244
2025-03-16T18:00,34.2,22,1,4.0,280
2025-03-16T19:00,32.8,24,2,4.8,340
2025-03-16T20:00,33.0,24,3,2.3,293
2025-03-16T21:00,32.0,24,3,5.4,268
2025-03-16T22:00,30.8,26,1,13.1,326
2025-03-16T23:00,29.4,27,0,11.2,328
2025-03-17T00:00,28.0,29,0,6.1,332
2025-03-17T01:00,26.7,32,1,4.4,353
2025-03-17T02:00,27.0,31,0,7.7,336
2025-03-17T03:00,25.9,33,0,6.2,263
2025-03-17T04:00,24.6,37,0,3.6,297
2025-03-17T05:00,24.7,35,1,7.1,344
2025-03-17T06:00,24.5,38,0,7.8,320
2025-03-17T07:00,26.2,35,0,8.7,328
2025-03-17T08:00,29.6,28,1,7.5,330
2025-03-17T09:00,32.3,22,1,10.5,340
2025-03-17T10:00,34.1,19,0,11.0,350
2025-03-17T11:00,35.5,17,0,9.0,344
2025-03-17T12:00,36.8,16,1,7.1,324
2025-03-17T13:00,37.7,16,2,7.3,298
2025-03-17T14:00,38.3,15,3,16.1,292
2025-03-17T15:00,37.0,16,3,19.2,312
2025-03-17T16:00,37.7,14,3,15.2,300
2025-03-17T17:00,36.4,16,3,15.8,305
2025-03-17T18:00,34.2,19,3,14.7,311
2025-03-17T19:00,32.9,20,2,9.5,323
2025-03-17T20:00,31.2,25,1,17.6,346
2025-03-17T21:00,30.2,27,2,13.7,341
2025-03-17T22:00,29.3,28,2,12.4,339
2025-03-17T23:00,28.5,29,2,11.4,333
2025-03-18T00:00,27.6,31,2,11.1,335
2025-03-18T01:00,26.8,33,2,9.7,342
2025-03-18T02:00,25.7,36,3,6.9,7
2025-03-18T03:00,25.1,38,3,8.5,25
2025-03-18T04:00,24.9,39,3,9.1,27
2025-03-18T05:00,24.4,41,3,7.2,35
2025-03-18T06:00,24.2,46,3,7.2,28
2025-03-18T07:00,25.5,44,2,7.9,20
2025-03-18T08:00,27.8,39,3,8.5,35
2025-03-18T09:00,30.7,33,3,9.4,50
2025-03-18T10:00,33.4,26,3,9.9,61
2025-03-18T11:00,35.2,21,2,6.4,68
2025-03-18T12:00,36.6,19,1,2.3,90
2025-03-18T13:00,37.4,18,0,2.5,201
2025-03-18T14:00,37.8,17,0,2.5,210
2025-03-18T15:00,38.1,16,0,2.2,104
2025-03-18T16:00,38.0,16,1,6.9,121
2025-03-18T17:00,37.2,16,1,11.3,160
2025-03-18T18:00,34.9,19,0,7.8,195
2025-03-18T19:00,34.0,20,0,8.3,229
2025-03-18T20:00,32.8,21,0,7.1,263
2025-03-18T21:00,30.5,26,0,4.9,274
2025-03-18T22:00,30.3,25,0,10.3,322
2025-03-18T23:00,29.8,25,0,13.1,360
2025-03-19T00:00,28.6,27,0,6.3,24
2025-03-19T01:00,27.0,30,0,4.7,356
2025-03-19T02:00,26.1,33,0,3.6,49
2025-03-19T03:00,26.1,31,0,7.7,25
2025-03-19T04:00,25.4,33,0,5.0,35
2025-03-19T05:00,24.7,34,0,5.0,49
2025-03-19T06:00,25.3,36,1,7.3,20
2025-03-19T07:00,26.5,33,3,8.0,38
2025-03-19T08:00,28.6,29,0,5.9,45
2025-03-19T09:00,31.6,25,0,4.2,97
2025-03-19T10:00,34.2,24,0,4.2,149
2025-03-19T11:00,36.0,23,0,7.8,185
2025-03-19T12:00,37.6,20,1,10.7,194
2025-03-19T13:00,38.0,19,0,14.1,195
2025-03-19T14:00,38.5,19,0,14.8,198
2025-03-19T15:00,38.4,19,0,13.3,196
2025-03-19T16:00,37.9,19,1,12.2,193
2025-03-19T17:00,37.0,20,1,10.7,185
2025-03-19T18:00,35.3,20,0,8.7,132
2025-03-19T19:00,34.0,23,0,12.4,140
2025-03-19T20:00,32.7,25,0,11.3,149
2025-03-19T21:00,31.8,27,0,14.5,163
2025-03-19T22:00,31.0,29,0,13.1,164
2025-03-19T23:00,30.1,31,0,9.0,175
2025-03-20T00:00,29.2,33,0,7.2,208
2025-03-20T01:00,28.3,36,0,6.9,225
2025-03-20T02:00,27.6,39,1,6.2,249
2025-03-20T03:00,27.2,43,0,0.9,323
2025-03-20T04:00,26.2,44,1,1.2,27
2025-03-20T05:00,25.9,45,3,1.8,96
2025-03-20T06:00,26.5,47,0,4.2,155
2025-03-20T07:00,28.0,44,0,8.5,148
2025-03-20T08:00,30.5,38,0,11.4,162
2025-03-20T09:00,32.8,32,0,14.1,186
2025-03-20T10:00,34.5,29,0,16.0,188
2025-03-20T11:00,36.2,24,0,17.7,189
2025-03-20T12:00,37.1,21,1,19.0,198
2025-03-20T13:00,37.8,20,1,17.2,198
2025-03-20T14:00,38.3,20,1,15.1,192
2025-03-20T15:00,38.5,19,1,16.3,191
2025-03-20T16:00,37.9,19,2,15.1,200
2025-03-20T17:00,37.1,20,3,14.6,201
2025-03-20T18:00,33.3,29,1,6.5,251
2025-03-20T19:00,32.7,29,2,4.7,162
2025-03-20T20:00,33.5,26,1,13.2,186
2025-03-20T21:00,32.3,27,1,8.6,172
2025-03-20T22:00,31.7,26,0,16.1,174
2025-03-20T23:00,30.9,27,1,17.1,188
2025-03-21T00:00,29.8,30,0,9.1,205
2025-03-21T01:00,28.3,34,0,5.2,254
2025-03-21T02:00,26.9,37,0,3.9,283
2025-03-21T03:00,26.1,39,1,4.7,313
2025-03-21T04:00,25.4,44,1,3.2,16
2025-03-21T05:00,25.1,44,1,1.5,330
2025-03-21T06:00,25.2,50,0,5.6,268
2025-03-21T07:00,26.9,42,0,4.5,223
2025-03-21T08:00,29.9,31,0,5.8,210
2025-03-21T09:00,32.6,20,0,6.1,212
2025-03-21T10:00,34.4,16,0,5.0,221
2025-03-21T11:00,35.5,16,0,5.2,224
2025-03-21T12:00,36.5,16,0,6.3,207
2025-03-21T13:00,37.3,15,0,9.0,202
2025-03-21T14:00,37.7,15,0,12.8,212
2025-03-21T15:00,37.6,15,0,16.4,222
2025-03-21T16:00,37.1,15,0,16.2,229
2025-03-21T17:00,36.5,15,1,11.9,229
2025-03-21T18:00,33.3,17,1,3.7,191
2025-03-21T19:00,30.6,40,2,15.2,166
2025-03-21T20:00,29.5,43,1,8.6,178
2025-03-21T21:00,28.6,47,1,6.5,180
2025-03-21T22:00,27.2,53,0,3.4,245
2025-03-21T23:00,26.4,56,0,3.5,219
2025-03-22T00:00,25.6,59,0,3.8,225
2025-03-22T01:00,25.2,60,0,5.6,207
2025-03-22T02:00,24.5,63,0,6.7,189
2025-03-22T03:00,23.8,67,1,1.5,194
2025-03-22T04:00,23.5,67,0,4.1,347
2025-03-22T05:00,22.6,72,0,1.5,249
2025-03-22T06:00,21.8,82,0,2.7,356
2025-03-22T07:00,23.8,72,0,3.3,36
2025-03-22T08:00,26.5,58,0,5.1,23
2025-03-22T09:00,29.1,48,0,5.2,74
2025-03-22T10:00,31.7,35,0,5.1,94
2025-03-22T11:00,33.6,24,0,4.3,68
2025-03-22T12:00,34.8,20,0,1.7,49
2025-03-22T13:00,35.7,18,0,3.0,295
2025-03-22T14:00,36.1,17,0,3.5,325
2025-03-22T15:00,36.6,14,0,6.9,5
2025-03-22T16:00,36.8,10,0,12.5,337
2025-03-22T17:00,35.3,11,0,18.1,302
2025-03-22T18:00,32.7,15,0,5.4,272
2025-03-22T19:00,30.5,20,0,3.8,161
2025-03-22T20:00,29.9,23,0,5.9,153
2025-03-22T21:00,29.3,22,0,11.6,344
2025-03-22T22:00,29.3,21,0,11.9,10
2025-03-22T23:00,28.0,23,0,9.9,344
2025-03-23T00:00,25.9,40,0,0.4,153
2025-03-23T01:00,25.2,30,0,2.8,195
2025-03-23T02:00,24.5,32,0,3.5,332
2025-03-23T03:00,23.8,34,0,3.7,331
2025-03-23T04:00,24.1,32,0,10.1,349
2025-03-23T05:00,22.4,36,0,5.2,76
2025-03-23T06:00,22.9,45,0,4.5,76
2025-03-23T07:00,24.5,43,0,0.6,342
2025-03-23T08:00,27.3,40,0,3.2,357
2025-03-23T09:00,30.1,39,0,3.0,17
2025-03-23T10:00,32.7,32,0,3.1,45
2025-03-23T11:00,34.6,21,0,4.0,21
2025-03-23T12:00,35.7,17,0,5.6,343
2025-03-23T13:00,36.5,15,0,7.7,332
2025-03-23T14:00,36.9,13,0,9.6,330
2025-03-23T15:00,36.6,13,0,7.1,341
2025-03-23T16:00,36.5,12,0,3.6,110
2025-03-23T17:00,36.0,11,0,6.3,129
2025-03-23T18:00,32.3,18,0,5.0,165
2025-03-23T19:00,31.1,20,0,1.3,225
2025-03-23T20:00,29.4,20,0,3.6,340
2025-03-23T21:00,28.8,19,0,2.5,356
2025-03-23T22:00,27.5,19,0,4.9,2
2025-03-23T23:00,27.6,18,0,8.3,349
2025-03-24T00:00,27.2,19,0,14.6,359
2025-03-24T01:00,26.0,22,0,11.6,15
2025-03-24T02:00,25.1,25,0,9.8,31
2025-03-24T03:00,24.5,27,0,10.0,33
2025-03-24T04:00,23.9,30,0,9.6,34
2025-03-24T05:00,23.1,32,0,7.7,28
2025-03-24T06:00,23.5,38,0,7.5,27
2025-03-24T07:00,25.0,35,0,7.6,22
2025-03-24T08:00,27.8,30,0,6.6,45
2025-03-24T09:00,30.4,27,0,7.2,71
2025-03-24T10:00,32.5,26,0,7.7,91
2025-03-24T11:00,34.2,22,0,6.9,104
2025-03-24T12:00,35.4,17,0,3.0,65
2025-03-24T13:00,36.2,14,0,3.6,360
2025-03-24T14:00,36.7,12,0,5.2,346
2025-03-24T15:00,36.9,10,0,6.9,345
2025-03-24T16:00,36.5,10,0,11.4,344
2025-03-24T17:00,35.1,11,0,16.7,334
2025-03-24T18:00,33.5,13,0,12.2,352
2025-03-24T19:00,31.9,15,0,6.5,32
2025-03-24T20:00,30.2,18,0,5.5,54
2025-03-24T21:00,29.1,19,0,2.5,339
2025-03-24T22:00,27.1,22,0,3.8,357
2025-03-24T23:00,26.3,23,0,5.3,348
2025-03-25T00:00,25.8,24,0,5.2,344
2025-03-25T01:00,25.5,24,0,9.6,355
2025-03-25T02:00,24.6,25,0,10.1,6
2025-03-25T03:00,24.0,26,0,10.5,17
2025-03-25T04:00,23.3,27,0,7.7,12
2025-03-25T05:00,22.7,28,0,8.0,5
2025-03-25T06:00,22.8,32,0,6.7,360
2025-03-25T07:00,24.9,29,0,7.2,4
2025-03-25T08:00,28.1,24,0,5.5,19
2025-03-25T09:00,31.2,20,0,4.6,51
2025-03-25T10:00,34.0,16,0,3.8,98
2025-03-25T11:00,35.7,12,0,2.6,102
2025-03-25T12:00,36.7,11,0,2.4,13
2025-03-25T13:00,37.3,10,0,4.5,353
2025-03-25T14:00,37.7,10,0,6.2,353
2025-03-25T15:00,37.5,10,0,7.4,357
2025-03-25T16:00,36.9,11,0,6.7,346
2025-03-25T17:00,36.3,11,0,5.6,285
2025-03-25T18:00,33.4,14,0,5.8,200
2025-03-25T19:00,31.5,17,0,3.2,164
2025-03-25T20:00,30.4,20,0,11.1,187
2025-03-25T21:00,29.2,25,0,6.7,178
2025-03-25T22:00,28.2,29,0,0.3,315
2025-03-25T23:00,26.6,30,0,4.7,293
2025-03-26T00:00,25.4,33,0,1.4,293
2025-03-26T01:00,24.2,35,0,3.5,345
2025-03-26T02:00,23.8,34,0,4.8,329
2025-03-26T03:00,23.0,34,0,4.9,2
2025-03-26T04:00,23.2,35,0,2.4,13
2025-03-26T05:00,22.7,37,0,0.9,307
2025-03-26T06:00,21.8,44,0,3.6,288
2025-03-26T07:00,24.8,36,0,4.3,303
2025-03-26T08:00,29.3,25,0,2.8,333
2025-03-26T09:00,32.8,20,0,1.0,301
2025-03-26T10:00,35.3,17,0,3.9,158
2025-03-26T11:00,37.0,14,0,3.9,152
2025-03-26T12:00,38.1,12,0,2.0,85
2025-03-26T13:00,38.7,11,0,5.2,31
2025-03-26T14:00,38.7,10,0,9.0,16
2025-03-26T15:00,38.4,10,0,12.3,3
2025-03-26T16:00,37.9,9,0,12.6,358
2025-03-26T17:00,37.4,10,0,9.9,360
2025-03-26T18:00,34.8,14,0,1.5,54
2025-03-26T19:00,32.4,16,0,6.9,139
2025-03-26T20:00,31.1,21,0,7.1,139
2025-03-26T21:00,30.8,20,0,9.5,159
2025-03-26T22:00,29.0,22,0,6.3,160
2025-03-26T23:00,28.5,23,0,6.5,199
2025-03-27T00:00,26.9,25,0,4.8,349
2025-03-27T01:00,26.7,26,0,6.1,317
2025-03-27T02:00,24.6,32,0,3.9,214
2025-03-27T03:00,24.6,34,0,1.0,292
2025-03-27T04:00,24.2,34,0,1.8,259
2025-03-27T05:00,24.0,35,0,1.1,261
2025-03-27T06:00,24.8,38,0,4.3,253
2025-03-27T07:00,28.0,30,0,6.8,281
2025-03-27T08:00,31.2,26,0,6.9,321
2025-03-27T09:00,34.2,24,0,8.9,294
2025-03-27T10:00,36.7,21,0,10.6,269
2025-03-27T11:00,38.3,17,0,9.9,275
2025-03-27T12:00,39.3,14,0,9.1,295
2025-03-27T13:00,39.9,13,0,10.9,320
2025-03-27T14:00,39.9,12,0,13.7,330
2025-03-27T15:00,39.6,11,0,14.5,330
2025-03-27T16:00,38.9,10,0,14.1,328
2025-03-27T17:00,38.0,11,0,9.1,297
2025-03-27T18:00,35.4,14,0,6.0,209
2025-03-27T19:00,34.5,15,0,9.8,284
2025-03-27T20:00,33.6,16,0,12.3,325
2025-03-27T21:00,31.2,19,0,5.8,5
2025-03-27T22:00,30.1,22,0,3.6,70
2025-03-27T23:00,30.0,21,0,1.5,97
2025-03-28T00:00,29.0,23,0,0.6,18
2025-03-28T01:00,28.0,24,0,2.3,331
2025-03-28T02:00,27.3,27,0,0.9,233
2025-03-28T03:00,26.5,27,0,1.7,288
2025-03-28T04:00,25.9,29,0,4.2,10
2025-03-28T05:00,26.0,31,0,2.8,345
2025-03-28T06:00,27.4,31,0,9.3,338
2025-03-28T07:00,28.7,30,0,7.8,304
2025-03-28T08:00,31.6,26,0,9.6,326
2025-03-28T09:00,34.5,22,0,13.2,343
2025-03-28T10:00,37.3,18,0,14.3,355
2025-03-28T11:00,39.1,14,0,10.8,1
2025-03-28T12:00,40.1,13,0,7.2,347
2025-03-28T13:00,40.6,12,0,7.8,326
2025-03-28T14:00,40.6,12,0,9.8,324
2025-03-28T15:00,40.3,12,0,9.0,331
2025-03-28T16:00,40.2,13,0,6.3,347
2025-03-28T17:00,39.3,13,1,7.7,74
2025-03-28T18:00,37.4,15,3,10.0,54
2025-03-28T19:00,35.8,17,3,4.9,343
2025-03-28T20:00,35.6,17,1,8.5,302
2025-03-28T21:00,32.9,21,1,5.4,330
2025-03-28T22:00,31.4,23,0,6.5,19
2025-03-28T23:00,30.8,23,0,7.1,333
2025-03-29T00:00,30.4,24,0,11.5,333
2025-03-29T01:00,29.3,26,0,9.2,354
2025-03-29T02:00,28.3,27,0,10.8,357
2025-03-29T03:00,27.4,29,0,11.9,2
2025-03-29T04:00,26.6,30,0,10.8,4
2025-03-29T05:00,25.9,31,0,9.9,4
2025-03-29T06:00,26.0,33,0,10.7,6
2025-03-29T07:00,27.4,30,0,9.5,11
2025-03-29T08:00,29.7,25,0,11.7,27
2025-03-29T09:00,32.5,20,0,10.9,36
2025-03-29T10:00,35.3,16,0,10.2,46
2025-03-29T11:00,37.4,14,0,8.7,56
2025-03-29T12:00,38.8,13,0,5.5,58
2025-03-29T13:00,39.5,13,0,2.2,35
2025-03-29T14:00,39.8,13,0,3.7,313
2025-03-29T15:00,39.7,13,0,9.2,318
2025-03-29T16:00,38.5,14,0,15.8,326
2025-03-29T17:00,38.0,12,1,12.8,355
2025-03-29T18:00,36.0,19,0,1.0,225
2025-03-29T19:00,36.1,14,1,13.1,254
2025-03-29T20:00,34.5,16,2,16.4,317
2025-03-29T21:00,33.3,16,0,18.4,2
2025-03-29T22:00,31.9,18,0,12.8,11
2025-03-29T23:00,30.3,19,0,13.2,353
2025-03-30T00:00,29.4,19,0,12.3,6
2025-03-30T01:00,28.4,19,0,11.0,360
2025-03-30T02:00,27.4,20,0,10.3,2
2025-03-30T03:00,26.6,21,0,9.0,5
2025-03-30T04:00,26.1,21,0,9.1,7
2025-03-30T05:00,25.6,22,0,8.3,6
2025-03-30T06:00,25.6,25,0,4.3,22
2025-03-30T07:00,27.4,21,0,5.0,55
2025-03-30T08:00,29.7,17,0,7.2,68
2025-03-30T09:00,32.5,14,0,7.8,75
2025-03-30T10:00,35.2,11,0,9.4,82
2025-03-30T11:00,37.2,10,0,8.5,89
2025-03-30T12:00,38.7,10,0,6.2,102
2025-03-30T13:00,39.5,11,0,4.4,109
2025-03-30T14:00,40.0,11,0,2.8,108
2025-03-30T15:00,40.1,11,0,0.8,27
2025-03-30T16:00,39.5,12,0,7.0,314
2025-03-30T17:00,38.4,13,0,13.0,304
2025-03-30T18:00,35.5,18,0,3.9,307
2025-03-30T19:00,34.5,19,0,3.0,52
2025-03-30T20:00,33.0,19,0,6.0,99
2025-03-30T21:00,31.3,23,0,5.6,174
2025-03-30T22:00,30.7,24,0,5.4,6
2025-03-30T23:00,31.1,18,0,13.1,32
2025-03-31T00:00,30.0,18,0,12.0,35
2025-03-31T01:00,28.9,19,0,11.6,26
2025-03-31T02:00,27.6,21,0,9.4,13
2025-03-31T03:00,26.4,23,0,4.6,339
2025-03-31T04:00,25.3,26,0,4.6,288
2025-03-31T05:00,24.9,26,0,6.0,9
2025-03-31T06:00,25.5,32,0,2.7,122
2025-03-31T07:00,28.1,20,0,6.3,5
2025-03-31T08:00,30.8,16,0,9.6,33
2025-03-31T09:00,33.4,14,0,10.7,46
2025-03-31T10:00,35.9,15,0,8.6,61
2025-03-31T11:00,37.8,16,0,6.5,85
2025-03-31T12:00,39.1,15,0,6.0,117
2025-03-31T13:00,39.7,15,0,5.6,123
2025-03-31T14:00,39.8,15,0,5.0,116
2025-03-31T15:00,39.6,15,0,7.2,96
2025-03-31T16:00,39.6,14,2,5.6,138
2025-03-31T17:00,39.0,15,3,9.6,177
2025-03-31T18:00,36.4,21,1,12.0,148
2025-03-31T19:00,34.9,22,0,10.4,136
2025-03-31T20:00,34.0,23,0,10.2,118
2025-03-31T21:00,33.5,24,1,8.3,129
2025-03-31T22:00,32.0,28,0,3.1,173
2025-03-31T23:00,31.2,29,0,2.0,265
2025-04-01T00:00,30.7,29,1,7.2,338
2025-04-01T01:00,29.8,28,1,4.4,348
2025-04-01T02:00,29.0,26,0,5.4,360
2025-04-01T03:00,28.8,22,3,11.1,25
2025-04-01T04:00,28.7,20,3,10.5,41
2025-04-01T05:00,28.6,19,1,8.0,65
2025-04-01T06:00,27.6,23,0,6.2,345
2025-04-01T07:00,29.0,21,1,12.3,346
2025-04-01T08:00,31.4,18,0,14.0,7
2025-04-01T09:00,33.0,16,1,13.8,22
2025-04-01T10:00,34.3,15,3,11.6,42
2025-04-01T11:00,35.3,15,3,9.2,62
2025-04-01T12:00,37.3,16,1,6.6,61
2025-04-01T13:00,38.2,17,2,5.1,23
2025-04-01T14:00,38.0,17,3,6.0,5
2025-04-01T15:00,37.6,17,2,8.2,351
2025-04-01T16:00,37.2,18,0,10.9,354
2025-04-01T17:00,36.5,19,1,13.9,346
2025-04-01T18:00,33.6,26,3,10.4,358
2025-04-01T19:00,32.9,29,1,11.5,346
2025-04-01T20:00,31.7,32,1,12.3,23
2025-04-01T21:00,30.9,35,2,8.2,50
2025-04-01T22:00,30.0,40,0,1.3,90
2025-04-01T23:00,29.2,40,1,2.0,297
2025-04-02T00:00,28.9,40,1,5.2,338
2025-04-02T01:00,28.1,43,0,4.2,340
2025-04-02T02:00,27.7,44,3,7.2,309
2025-04-02T03:00,26.7,48,1,2.9,86
2025-04-02T04:00,26.7,47,0,4.8,105
2025-04-02T05:00,26.5,47,0,4.9,86
2025-04-02T06:00,25.6,56,1,3.8,41
2025-04-02T07:00,26.8,46,1,13.7,3
2025-04-02T08:00,28.2,41,0,11.7,5
2025-04-02T09:00,31.2,34,0,12.7,13
2025-04-02T10:00,33.3,29,0,11.8,27
2025-04-02T11:00,34.9,26,0,11.5,45
2025-04-02T12:00,36.2,24,0,10.0,51
2025-04-02T13:00,36.7,23,0,7.2,53
2025-04-02T14:00,37.0,23,1,6.8,65
2025-04-02T15:00,37.1,22,1,6.9,73
2025-04-02T16:00,36.7,23,2,7.9,89
2025-04-02T17:00,35.5,24,3,5.8,104
2025-04-02T18:00,29.5,48,1,5.7,125
2025-04-02T19:00,29.9,51,0,0.6,236
2025-04-02T20:00,29.6,47,0,1.1,9
2025-04-02T21:00,29.6,46,1,2.6,34
2025-04-02T22:00,29.2,46,1,3.1,36
2025-04-02T23:00,28.8,48,2,1.8,11
2025-04-03T00:00,28.4,49,2,2.6,25
2025-04-03T01:00,28.0,49,3,3.8,19
2025-04-03T02:00,28.0,49,3,6.3,358
2025-04-03T03:00,27.2,51,1,4.3,22
2025-04-03T04:00,26.7,55,3,1.7,32
2025-04-03T05:00,26.6,53,0,7.5,60
2025-04-03T06:00,25.1,57,51,7.7,53
2025-04-03T07:00,23.9,69,61,10.2,60
2025-04-03T08:00,25.3,59,2,10.9,24
2025-04-03T09:00,28.4,48,2,8.3,33
2025-04-03T10:00,29.2,44,1,7.7,25
2025-04-03T11:00,31.9,37,2,8.1,77
2025-04-03T12:00,33.0,33,3,8.5,107
2025-04-03T13:00,33.2,32,3,11.1,121
2025-04-03T14:00,33.4,32,1,9.4,113
2025-04-03T15:00,33.4,33,1,8.4,105
2025-04-03T16:00,32.9,34,3,8.4,109
2025-04-03T17:00,31.6,37,3,2.1,20
2025-04-03T18:00,30.0,49,2,6.4,320
2025-04-03T19:00,28.5,58,1,2.3,331
2025-04-03T20:00,27.8,63,0,1.7,103
2025-04-03T21:00,27.3,66,0,4.2,110
2025-04-03T22:00,26.8,69,2,6.3,117
2025-04-03T23:00,26.3,70,1,4.1,135
2025-04-04T00:00,25.5,73,1,3.3,135
2025-04-04T01:00,25.4,72,3,1.4,180
2025-04-04T02:00,25.2,72,3,1.9,151
2025-04-04T03:00,25.1,72,3,3.0,163
2025-04-04T04:00,24.8,74,3,2.2,132
2025-04-04T05:00,24.3,75,2,4.8,146
2025-04-04T06:00,24.0,78,2,0.6,34
2025-04-04T07:00,25.5,69,2,2.6,231
2025-04-04T08:00,27.2,62,0,3.1,220
2025-04-04T09:00,29.6,54,0,3.5,231
2025-04-04T10:00,31.8,46,0,4.0,262
2025-04-04T11:00,33.8,39,0,4.0,297
2025-04-04T12:00,35.4,31,0,7.3,330
2025-04-04T13:00,36.3,26,0,9.5,333
2025-04-04T14:00,36.7,23,0,8.5,339
2025-04-04T15:00,36.9,20,0,8.8,348
2025-04-04T16:00,36.6,19,0,8.9,7
2025-04-04T17:00,35.9,19,0,7.3,30
2025-04-04T18:00,32.9,29,1,6.3,37
2025-04-04T19:00,31.3,36,1,3.6,87
2025-04-04T20:00,30.2,40,1,9.3,189
2025-04-04T21:00,29.4,51,1,0.5,270
2025-04-04T22:00,28.4,49,0,2.4,54
2025-04-04T23:00,27.8,48,0,1.2,297
2025-04-05T00:00,26.8,50,0,6.0,229
2025-04-05T01:00,26.8,52,0,6.9,240
2025-04-05T02:00,25.4,57,0,1.1,351
2025-04-05T03:00,24.1,65,0,2.3,90
2025-04-05T04:00,23.6,69,0,0.0,270
2025-04-05T05:00,23.0,71,0,0.4,333
2025-04-05T06:00,23.7,70,0,4.2,78
2025-04-05T07:00,26.3,63,0,1.5,126
2025-04-05T08:00,29.7,49,0,2.8,207
2025-04-05T09:00,32.7,40,0,7.1,214
2025-04-05T10:00,35.2,32,0,9.8,221
2025-04-05T11:00,36.7,25,1,7.7,231
2025-04-05T12:00,37.8,20,0,4.3,253
2025-04-05T13:00,38.8,18,1,3.7,293
2025-04-05T14:00,38.9,17,1,6.3,305
2025-04-05T15:00,38.6,16,0,9.7,310
2025-04-05T16:00,37.8,14,0,7.6,288
2025-04-05T17:00,37.3,15,1,4.6,228
2025-04-05T18:00,34.3,18,0,3.1,187
2025-04-05T19:00,32.2,26,0,7.6,208
2025-04-05T20:00,29.5,32,0,5.3,288
2025-04-05T21:00,28.2,34,0,6.0,245
2025-04-05T22:00,27.8,33,0,7.7,219
2025-04-05T23:00,28.7,30,0,10.7,213
2025-04-06T00:00,26.5,35,0,6.7,264
2025-04-06T01:00,25.6,39,0,6.3,250
2025-04-06T02:00,24.0,45,0,5.0,308
2025-04-06T03:00,22.8,50,0,5.9,315
2025-04-06T04:00,22.7,45,0,7.0,316
2025-04-06T05:00,23.0,40,0,7.8,318
2025-04-06T06:00,24.2,42,0,5.3,332
2025-04-06T07:00,27.5,34,0,3.9,323
2025-04-06T08:00,31.1,26,0,3.0,343
2025-04-06T09:00,34.0,21,0,1.9,29
2025-04-06T10:00,36.2,17,0,2.3,72
2025-04-06T11:00,37.9,15,0,2.6,51
2025-04-06T12:00,39.2,13,0,6.0,357
2025-04-06T13:00,40.0,11,0,8.1,336
2025-04-06T14:00,40.4,10,0,11.5,333
2025-04-06T15:00,40.0,10,0,14.8,354
2025-04-06T16:00,39.8,9,0,14.1,25
2025-04-06T17:00,39.0,10,1,15.0,44
2025-04-06T18:00,35.4,14,0,1.0,248
2025-04-06T19:00,32.5,19,0,6.8,215
2025-04-06T20:00,32.2,20,0,8.5,268
2025-04-06T21:00,30.3,25,0,1.3,74
2025-04-06T22:00,29.4,23,0,5.3,82
2025-04-06T23:00,29.0,23,0,1.2,231
2025-04-07T00:00,27.3,29,0,3.6,273
2025-04-07T01:00,27.1,41,0,0.5,315
2025-04-07T02:00,26.2,34,0,1.7,108
2025-04-07T03:00,25.2,36,0,2.1,345
2025-04-07T04:00,23.8,40,0,4.9,6
2025-04-07T05:00,23.6,39,0,7.8,40
2025-04-07T06:00,23.4,53,0,1.0,315
2025-04-07T07:00,26.6,42,0,5.2,304
2025-04-07T08:00,30.7,29,0,4.0,330
2025-04-07T09:00,34.3,23,0,4.2,97
2025-04-07T10:00,36.7,19,0,5.1,135
2025-04-07T11:00,38.9,15,0,2.9,187
2025-04-07T12:00,40.2,12,1,2.7,4
2025-04-07T13:00,40.7,11,0,7.6,18
2025-04-07T14:00,40.8,11,0,10.3,16
2025-04-07T15:00,40.6,11,0,10.0,6
2025-04-07T16:00,40.4,11,0,7.5,339
2025-04-07T17:00,39.7,11,0,11.1,321
2025-04-07T18:00,36.0,14,0,5.4,244
2025-04-07T19:00,33.5,19,0,6.4,164
2025-04-07T20:00,33.3,21,0,9.8,172
2025-04-07T21:00,31.5,23,0,4.9,234
2025-04-07T22:00,30.3,27,0,1.1,288
2025-04-07T23:00,28.8,30,0,3.2,270
2025-04-08T00:00,27.5,31,0,5.2,256
2025-04-08T01:00,26.4,36,0,3.3,36
2025-04-08T02:00,27.3,32,0,2.4,36
2025-04-08T03:00,27.1,32,0,1.2,207
2025-04-08T04:00,26.4,33,0,4.0,212
2025-04-08T05:00,26.5,32,0,6.2,224
2025-04-08T06:00,26.9,41,0,11.2,186
2025-04-08T07:00,28.6,40,0,7.0,183
2025-04-08T08:00,31.0,38,0,9.9,179
2025-04-08T09:00,33.0,34,0,12.8,182
2025-04-08T10:00,35.2,30,0,12.0,189
2025-04-08T11:00,37.3,26,0,11.4,203
2025-04-08T12:00,38.9,21,1,9.7,215
2025-04-08T13:00,39.7,18,1,6.4,223
2025-04-08T14:00,40.4,16,1,1.7,288
2025-04-08T15:00,40.2,15,1,2.7,138
2025-04-08T16:00,39.9,15,2,2.5,150
2025-04-08T17:00,38.9,16,2,4.2,115
2025-04-08T18:00,36.1,18,0,5.4,150
2025-04-08T19:00,33.7,25,0,13.1,178
2025-04-08T20:00,32.4,28,0,10.3,174
2025-04-08T21:00,32.0,27,0,7.4,176
2025-04-08T22:00,30.6,30,0,5.5,193
2025-04-08T23:00,29.6,32,0,5.1,222
2025-04-09T00:00,30.0,31,0,12.5,207
2025-04-09T01:00,28.4,36,0,3.8,177
2025-04-09T02:00,28.0,36,0,6.4,27
2025-04-09T03:00,26.9,41,0,1.6,297
2025-04-09T04:00,26.1,46,0,1.0,315
2025-04-09T05:00,26.3,43,0,7.1,150
2025-04-09T06:00,27.0,58,1,5.2,180
2025-04-09T07:00,28.6,53,0,5.9,160
2025-04-09T08:00,30.8,47,0,9.4,178
2025-04-09T09:00,32.8,42,0,8.9,204
2025-04-09T10:00,34.9,36,0,8.8,213
2025-04-09T11:00,37.0,30,0,11.0,222
2025-04-09T12:00,38.6,24,2,9.2,239
2025-04-09T13:00,39.6,20,2,12.8,356
2025-04-09T14:00,36.6,21,3,15.9,351
2025-04-09T15:00,37.6,19,3,11.7,335
2025-04-09T16:00,38.0,16,2,11.7,347
2025-04-09T17:00,37.7,16,0,5.6,329
2025-04-09T18:00,35.4,20,0,7.6,27
2025-04-09T19:00,33.7,23,0,4.4,30
2025-04-09T20:00,33.7,23,0,1.5,346
2025-04-09T21:00,32.0,26,0,0.6,252
2025-04-09T22:00,30.9,27,0,3.8,267
2025-04-09T23:00,29.6,30,0,3.8,185
2025-04-10T00:00,29.0,31,1,8.1,204
2025-04-10T01:00,29.6,30,1,9.1,198
2025-04-10T02:00,29.4,34,0,10.5,196
2025-04-10T03:00,28.8,36,0,11.2,204
2025-04-10T04:00,28.2,40,1,11.7,209
2025-04-10T05:00,27.2,45,0,5.5,293
2025-04-10T06:00,26.1,51,0,3.5,246
2025-04-10T07:00,28.7,42,0,3.0,322
2025-04-10T08:00,31.7,36,0,5.3,258
2025-04-10T09:00,34.4,33,0,13.9,246
2025-04-10T10:00,36.7,27,0,16.9,247
2025-04-10T11:00,38.5,21,0,14.9,253
2025-04-10T12:00,39.8,17,1,13.5,271
2025-04-10T13:00,39.2,16,2,18.0,296
2025-04-10T14:00,39.9,14,0,13.2,301
2025-04-10T15:00,40.6,13,0,10.1,309
2025-04-10T16:00,40.2,13,2,12.4,319
2025-04-10T17:00,39.3,14,3,8.6,330
2025-04-10T18:00,32.7,25,1,11.5,104
2025-04-10T19:00,31.9,28,1,4.6,99
2025-04-10T20:00,31.4,31,1,3.5,152
2025-04-10T21:00,31.1,30,1,3.0,197
2025-04-10T22:00,30.2,32,0,4.5,270
2025-04-10T23:00,29.2,34,1,5.2,272
2025-04-11T00:00,29.3,31,1,8.1,238
2025-04-11T01:00,29.8,29,1,12.9,224
2025-04-11T02:00,28.2,34,0,2.8,230
2025-04-11T03:00,26.7,37,0,4.0,32
2025-04-11T04:00,26.0,41,3,3.3,354
2025-04-11T05:00,26.3,40,2,4.5,43
2025-04-11T06:00,25.9,46,0,5.5,17
2025-04-11T07:00,28.0,40,0,5.0,52
2025-04-11T08:00,30.5,35,0,5.0,71
2025-04-11T09:00,33.2,30,0,3.8,107
2025-04-11T10:00,36.0,24,0,0.6,162
2025-04-11T11:00,38.3,17,1,7.1,330
2025-04-11T12:00,39.4,13,0,8.2,338
2025-04-11T13:00,40.9,10,1,4.4,9
2025-04-11T14:00,41.7,9,1,12.0,310
2025-04-11T15:00,40.6,9,3,20.1,302
2025-04-11T16:00,39.4,10,1,18.5,291
2025-04-11T17:00,38.4,11,0,17.7,287
2025-04-11T18:00,36.8,12,1,15.0,286
2025-04-11T19:00,35.8,13,0,15.2,294
2025-04-11T20:00,33.6,16,0,12.5,303
2025-04-11T21:00,31.4,19,0,7.4,317
2025-04-11T22:00,30.2,21,0,5.6,320
2025-04-11T23:00,29.5,22,0,7.7,300
2025-04-12T00:00,29.0,23,0,8.2,292
2025-04-12T01:00,27.4,26,0,5.8,300
2025-04-12T02:00,27.1,27,1,2.0,270
2025-04-12T03:00,26.9,29,3,2.8,198
2025-04-12T04:00,27.2,28,1,5.2,274
2025-04-12T05:00,26.9,27,0,10.3,305
2025-04-12T06:00,28.5,30,0,12.0,288
2025-04-12T07:00,30.8,28,0,6.8,299
2025-04-12T08:00,32.5,29,0,11.0,296
2025-04-12T09:00,34.1,29,0,12.2,301
2025-04-12T10:00,36.1,25,0,10.2,319
2025-04-12T11:00,35.2,21,51,18.1,229
2025-04-12T12:00,36.0,21,1,8.8,293
2025-04-12T13:00,37.9,17,1,12.9,263
2025-04-12T14:00,38.9,15,1,15.5,274
2025-04-12T15:00,38.4,14,1,22.5,280
2025-04-12T16:00,37.1,17,1,15.9,286
2025-04-12T17:00,36.8,18,1,6.9,263
2025-04-12T18:00,35.6,16,0,20.3,291
2025-04-12T19:00,34.2,19,1,12.7,288
2025-04-12T20:00,32.7,21,0,8.8,296
2025-04-12T21:00,31.4,23,0,8.1,305
2025-04-12T22:00,30.0,25,0,6.4,313
2025-04-12T23:00,29.2,26,0,6.5,312
2025-04-13T00:00,28.0,29,0,5.3,282
2025-04-13T01:00,27.3,32,0,6.5,328
2025-04-13T02:00,26.5,34,0,8.7,333
2025-04-13T03:00,25.9,37,0,10.1,333
2025-04-13T04:00,25.5,38,0,12.1,325
2025-04-13T05:00,25.3,39,0,9.8,343
2025-04-13T06:00,26.1,40,0,8.1,342
2025-04-13T07:00,28.4,35,0,5.1,342
2025-04-13T08:00,31.9,27,0,5.7,11
2025-04-13T09:00,34.7,22,0,6.2,75
2025-04-13T10:00,36.8,19,0,6.1,122
2025-04-13T11:00,38.4,16,0,5.2,149
2025-04-13T12:00,39.2,13,1,2.8,145
2025-04-13T13:00,39.7,12,0,1.7,162
2025-04-13T14:00,40.4,11,1,2.9,317
2025-04-13T15:00,39.9,11,0,10.4,314
2025-04-13T16:00,39.2,10,0,16.3,295
2025-04-13T17:00,38.0,10,1,17.7,283
2025-04-13T18:00,36.3,16,2,2.5,262
2025-04-13T19:00,34.6,17,1,5.1,157
2025-04-13T20:00,33.0,23,3,5.5,153
2025-04-13T21:00,32.0,25,0,2.3,266
2025-04-13T22:00,30.6,27,1,3.8,265
2025-04-13T23:00,29.4,31,1,2.9,227
2025-04-14T00:00,28.3,32,0,5.2,256
2025-04-14T01:00,27.3,36,0,3.1,273
2025-04-14T02:00,26.8,37,0,1.6,6
2025-04-14T03:00,26.1,38,0,5.8,324
2025-04-14T04:00,24.9,39,0,4.1,41
2025-04-14T05:00,25.1,41,0,0.4,270
2025-04-14T06:00,26.0,39,0,7.2,305
2025-04-14T07:00,28.5,33,0,3.8,5
2025-04-14T08:00,31.6,25,0,4.4,38
2025-04-14T09:00,34.2,21,0,3.2,71
2025-04-14T10:00,36.3,18,0,1.7,18
2025-04-14T11:00,37.8,16,0,2.7,328
2025-04-14T12:00,39.0,15,1,5.5,306
2025-04-14T13:00,39.6,14,0,10.8,298
2025-04-14T14:00,40.0,14,1,14.6,299
2025-04-14T15:00,40.0,13,1,12.6,294
2025-04-14T16:00,39.6,13,1,13.3,308
2025-04-14T17:00,38.2,14,0,16.3,319
2025-04-14T18:00,33.9,25,1,18.7,121
2025-04-14T19:00,33.1,24,0,5.4,154
2025-04-14T20:00,31.6,28,0,4.3,163
2025-04-14T21:00,30.6,30,0,4.6,154
2025-04-14T22:00,29.7,35,0,4.1,139
2025-04-14T23:00,28.9,37,0,4.7,140
2025-04-15T00:00,28.8,37,0,8.1,185
2025-04-15T01:00,28.8,36,1,8.0,190
2025-04-15T02:00,28.2,38,0,6.7,194
2025-04-15T03:00,27.6,40,1,7.8,167
2025-04-15T04:00,27.2,42,0,9.8,198
2025-04-15T05:00,26.3,45,1,1.9,197
2025-04-15T06:00,27.9,41,0,7.3,97
2025-04-15T07:00,29.6,38,0,9.4,116
2025-04-15T08:00,31.3,36,0,8.9,138
2025-04-15T09:00,33.5,32,0,9.1,158
2025-04-15T10:00,36.1,26,0,7.5,172
2025-04-15T11:00,38.2,20,0,6.2,170
2025-04-15T12:00,39.3,17,0,3.6,150
2025-04-15T13:00,40.5,15,0,1.5,83
2025-04-15T14:00,40.9,14,1,2.0,333
2025-04-15T15:00,40.7,14,1,7.6,295
2025-04-15T16:00,39.8,15,1,12.6,294
2025-04-15T17:00,39.0,15,0,11.6,285
2025-04-15T18:00,36.8,18,0,4.0,243
2025-04-15T19:00,34.5,22,0,3.4,148
2025-04-15T20:00,33.9,23,0,6.1,152
2025-04-15T21:00,32.2,28,0,4.4,102
2025-04-15T22:00,31.3,31,0,1.4,270
2025-04-15T23:00,30.7,32,0,3.1,173
2025-04-16T00:00,30.5,32,0,10.6,138
2025-04-16T01:00,29.4,38,0,11.0,174
2025-04-16T02:00,28.0,46,0,7.9,168
2025-04-16T03:00,27.2,53,0,9.5,155
2025-04-16T04:00,26.6,58,0,8.1,155
2025-04-16T05:00,26.0,63,0,11.1,151
2025-04-16T06:00,25.8,63,0,6.3,160
2025-04-16T07:00,27.1,60,0,7.2,177
2025-04-16T08:00,29.2,55,0,8.7,187
2025-04-16T09:00,31.7,47,0,8.0,196
2025-04-16T10:00,34.2,39,0,7.6,198
2025-04-16T11:00,36.5,31,0,8.5,198
2025-04-16T12:00,38.1,27,0,8.4,200
2025-04-16T13:00,39.2,23,2,4.0,262
2025-04-16T14:00,39.1,22,1,5.9,301
2025-04-16T15:00,39.0,20,0,7.8,323
2025-04-16T16:00,39.0,19,1,9.7,335
2025-04-16T17:00,38.3,18,1,10.6,328
2025-04-16T18:00,36.5,23,1,3.3,319
2025-04-16T19:00,35.6,26,1,0.2,90
2025-04-16T20:00,34.3,28,0,7.8,105
2025-04-16T21:00,33.2,33,0,6.9,110
2025-04-16T22:00,31.5,37,0,3.4,177
2025-04-16T23:00,30.8,39,0,5.5,203
2025-04-17T00:00,30.7,38,0,9.3,188
2025-04-17T01:00,30.2,39,0,12.4,194
2025-04-17T02:00,29.4,42,1,12.2,202
2025-04-17T03:00,29.1,45,3,13.1,203
2025-04-17T04:00,29.0,47,1,10.9,204
2025-04-17T05:00,27.8,53,1,2.0,117
2025-04-17T06:00,28.3,60,0,8.8,169
2025-04-17T07:00,29.5,57,0,9.1,188
2025-04-17T08:00,31.5,49,0,11.5,194
2025-04-17T09:00,33.8,42,0,14.0,196
2025-04-17T10:00,35.7,36,0,13.4,202
2025-04-17T11:00,37.8,30,1,11.1,210
2025-04-17T12:00,38.9,23,1,5.5,281
2025-04-17T13:00,39.7,20,1,6.2,306
2025-04-17T14:00,40.5,18,1,6.5,337
2025-04-17T15:00,40.3,17,0,9.2,6
2025-04-17T16:00,39.9,17,0,8.2,33
2025-04-17T17:00,39.5,18,0,3.1,36
2025-04-17T18:00,37.0,21,1,3.9,246
2025-04-17T19:00,35.5,25,0,2.6,219
2025-04-17T20:00,34.5,25,0,7.3,197
2025-04-17T21:00,33.1,30,0,2.7,203
2025-04-17T22:00,32.6,30,0,1.7,283
2025-04-17T23:00,31.4,31,0,4.5,265
2025-04-18T00:00,31.0,31,0,7.5,215
2025-04-18T01:00,29.6,35,0,4.6,191
2025-04-18T02:00,29.5,35,0,2.2,256
2025-04-18T03:00,28.4,36,0,4.0,185
2025-04-18T04:00,27.5,40,0,4.8,195
2025-04-18T05:00,27.3,41,1,5.3,198
2025-04-18T06:00,28.6,44,0,8.1,212
2025-04-18T07:00,30.8,39,0,5.2,202
2025-04-18T08:00,33.8,34,0,6.6,197
2025-04-18T09:00,36.5,29,0,8.4,208
2025-04-18T10:00,38.7,23,0,8.0,222
2025-04-18T11:00,40.4,18,1,4.8,228
2025-04-18T12:00,41.4,16,0,1.6,207
2025-04-18T13:00,42.0,15,2,4.4,330
2025-04-18T14:00,42.1,14,1,8.0,335
2025-04-18T15:00,41.4,15,1,8.7,322
2025-04-18T16:00,41.2,15,1,6.8,288
2025-04-18T17:00,40.2,16,1,7.6,269
2025-04-18T18:00,39.1,17,0,9.8,306
2025-04-18T19:00,37.1,21,0,4.2,275
2025-04-18T20:00,35.5,23,0,1.4,220
2025-04-18T21:00,33.8,25,0,4.9,186
2025-04-18T22:00,32.7,29,0,8.4,196
2025-04-18T23:00,31.7,30,0,7.8,199
2025-04-19T00:00,31.0,32,0,8.3,222
2025-04-19T01:00,30.5,32,0,7.7,216
2025-04-19T02:00,30.0,33,0,10.2,198
2025-04-19T03:00,29.3,35,0,9.7,209
2025-04-19T04:00,28.7,37,1,11.5,215
2025-04-19T05:00,28.4,39,0,11.1,223
2025-04-19T06:00,29.4,41,2,8.4,215
2025-04-19T07:00,31.2,37,0,8.0,216
2025-04-19T08:00,34.5,27,0,7.9,231
2025-04-19T09:00,37.3,19,0,6.9,263
2025-04-19T10:00,39.6,15,0,8.0,295
2025-04-19T11:00,40.9,14,0,12.4,311
2025-04-19T12:00,42.7,11,0,11.8,320
2025-04-19T13:00,43.4,11,0,13.8,332
2025-04-19T14:00,43.1,11,2,15.4,315
2025-04-19T15:00,42.4,11,0,16.7,295
2025-04-19T16:00,42.4,11,0,14.8,306
2025-04-19T17:00,41.5,11,1,13.6,319
2025-04-19T18:00,39.3,12,0,10.1,303
2025-04-19T19:00,37.6,14,0,16.5,305
2025-04-19T20:00,36.3,16,0,9.0,329
2025-04-19T21:00,34.8,18,0,9.4,79
2025-04-19T22:00,33.4,23,0,0.3,315
2025-04-19T23:00,31.9,25,0,3.5,102
2025-04-20T00:00,31.0,30,0,6.4,151
2025-04-20T01:00,29.2,36,0,4.2,160
2025-04-20T02:00,28.9,37,0,1.9,326
2025-04-20T03:00,28.4,34,0,4.8,333
2025-04-20T04:00,28.1,31,0,5.3,342
2025-04-20T05:00,28.0,30,0,6.8,357
2025-04-20T06:00,29.5,29,0,7.1,333
2025-04-20T07:00,32.3,24,0,6.3,301
2025-04-20T08:00,35.3,18,0,9.9,339
2025-04-20T09:00,37.4,15,0,11.4,348
2025-04-20T10:00,39.0,14,0,10.2,353
2025-04-20T11:00,40.5,13,0,7.2,347
2025-04-20T12:00,41.5,12,0,5.7,328
2025-04-20T13:00,42.3,12,0,7.0,314
2025-04-20T14:00,43.0,11,2,11.9,304
2025-04-20T15:00,42.1,12,1,19.1,300
2025-04-20T16:00,40.9,12,1,15.5,299
2025-04-20T17:00,41.2,12,0,7.3,295
2025-04-20T18:00,38.4,17,0,0.4,207
2025-04-20T19:00,35.8,17,0,4.8,153
2025-04-20T20:00,35.2,19,0,1.3,286
2025-04-20T21:00,33.4,20,0,5.6,292
2025-04-20T22:00,33.5,21,0,9.5,307
2025-04-20T23:00,32.5,23,0,6.4,313
2025-04-21T00:00,31.4,26,0,6.2,291
2025-04-21T01:00,30.5,28,0,6.4,297
2025-04-21T02:00,29.3,31,0,5.0,296
2025-04-21T03:00,28.5,33,0,3.2,267
2025-04-21T04:00,27.6,34,0,4.9,287
2025-04-21T05:00,27.8,31,0,7.0,291
2025-04-21T06:00,28.6,35,0,3.2,251
2025-04-21T07:00,31.4,26,0,2.2,256
2025-04-21T08:00,34.1,21,0,4.1,315
2025-04-21T09:00,36.8,17,0,6.5,341
2025-04-21T10:00,38.9,14,0,7.1,351
2025-04-21T11:00,40.5,13,0,5.6,345
2025-04-21T12:00,41.7,12,0,5.2,326
2025-04-21T13:00,42.5,11,2,7.8,312
2025-04-21T14:00,42.7,11,0,12.1,313
2025-04-21T15:00,42.1,11,0,16.8,315
2025-04-21T16:00,41.3,11,0,16.8,315
2025-04-21T17:00,40.8,10,0,9.8,300
2025-04-21T18:00,38.9,12,0,10.3,277
2025-04-21T19:00,37.5,14,0,10.0,284
2025-04-21T20:00,34.8,16,0,5.6,292
2025-04-21T21:00,33.4,19,0,4.9,332
2025-04-21T22:00,32.3,21,0,5.1,312
2025-04-21T23:00,31.3,24,0,5.0,334
2025-04-22T00:00,30.6,25,0,5.6,327
2025-04-22T01:00,29.7,26,0,4.6,301
2025-04-22T02:00,28.9,26,0,5.5,341
2025-04-22T03:00,29.2,23,0,8.6,344
2025-04-22T04:00,28.1,24,0,7.1,341
2025-04-22T05:00,27.5,25,0,6.2,330
2025-04-22T06:00,28.5,30,0,3.5,279
2025-04-22T07:00,31.2,23,0,1.8,246
2025-04-22T08:00,34.3,19,0,1.3,146
2025-04-22T09:00,37.4,14,0,5.2,78
2025-04-22T10:00,39.7,10,0,6.4,65
2025-04-22T11:00,41.1,9,0,4.4,63
2025-04-22T12:00,42.1,9,0,1.3,56
2025-04-22T13:00,42.8,9,0,2.6,348
2025-04-22T14:00,43.3,9,0,5.1,343
2025-04-22T15:00,43.3,9,0,8.7,330
2025-04-22T16:00,42.6,9,0,14.4,323
2025-04-22T17:00,41.4,9,0,16.5,314
2025-04-22T18:00,38.3,14,0,3.6,221
2025-04-22T19:00,36.1,15,0,5.3,170
2025-04-22T20:00,34.9,18,0,5.1,212
2025-04-22T21:00,33.6,20,0,4.8,292
2025-04-22T22:00,33.7,17,0,7.5,336
2025-04-22T23:00,32.3,19,0,6.2,300
2025-04-23T00:00,30.2,23,0,5.0,289
2025-04-23T01:00,29.0,25,0,4.4,300
2025-04-23T02:00,28.1,27,0,4.7,328
2025-04-23T03:00,27.8,28,0,4.0,300
2025-04-23T04:00,27.0,30,0,5.0,240
2025-04-23T05:00,26.5,33,0,2.0,27
2025-04-23T06:00,28.5,30,0,6.1,242
2025-04-23T07:00,31.8,23,0,7.5,246
2025-04-23T08:00,35.4,16,0,5.8,270
2025-04-23T09:00,38.2,13,0,2.7,233
2025-04-23T10:00,40.2,10,0,3.4,164
2025-04-23T11:00,41.6,9,0,3.9,167
2025-04-23T12:00,42.6,9,0,4.2,185
2025-04-23T13:00,43.4,8,0,4.8,233
2025-04-23T14:00,43.6,8,0,11.5,284
2025-04-23T15:00,42.3,9,0,23.4,305
2025-04-23T16:00,41.6,9,0,22.1,309
2025-04-23T17:00,41.3,9,0,14.5,295
2025-04-23T18:00,39.8,10,0,9.5,272
2025-04-23T19:00,36.9,13,0,7.1,189
2025-04-23T20:00,35.7,14,0,7.5,290
2025-04-23T21:00,33.9,17,0,3.3,354
2025-04-23T22:00,33.0,17,0,6.2,330
2025-04-23T23:00,32.1,16,0,6.2,291
2025-04-24T00:00,30.8,18,0,2.6,282
2025-04-24T01:00,29.6,20,0,3.0,295
2025-04-24T02:00,28.2,23,0,3.7,309
2025-04-24T03:00,27.8,23,0,2.2,275
2025-04-24T04:00,26.3,26,0,4.6,222
2025-04-24T05:00,25.9,26,0,4.7,272
2025-04-24T06:00,28.5,27,0,4.0,273
2025-04-24T07:00,32.2,19,0,3.9,298
2025-04-24T08:00,35.8,12,0,3.0,287
2025-04-24T09:00,38.2,11,0,2.4,63
2025-04-24T10:00,40.3,8,0,5.9,90
2025-04-24T11:00,41.5,7,0,4.5,95
2025-04-24T12:00,42.4,7,0,2.4,99
2025-04-24T13:00,43.4,7,0,2.8,11
2025-04-24T14:00,43.7,8,1,13.4,320
2025-04-24T15:00,42.7,8,0,22.0,306
2025-04-24T16:00,41.1,9,0,22.0,303
2025-04-24T17:00,41.2,8,0,14.1,276
2025-04-24T18:00,38.3,12,1,3.7,227
2025-04-24T19:00,36.3,12,3,4.6,54
2025-04-24T20:00,36.6,12,0,6.2,327
2025-04-24T21:00,34.9,14,0,10.5,297
2025-04-24T22:00,32.6,17,0,5.2,292
2025-04-24T23:00,32.0,18,0,5.9,297
2025-04-25T00:00,30.5,22,0,3.9,246
2025-04-25T01:00,29.1,25,0,3.9,167
2025-04-25T02:00,29.3,27,0,1.3,254
2025-04-25T03:00,28.2,27,0,4.8,283
2025-04-25T04:00,27.4,29,0,5.0,272
2025-04-25T05:00,27.3,32,0,0.8,243
2025-04-25T06:00,29.2,41,0,1.7,221
2025-04-25T07:00,31.6,30,0,3.5,165
2025-04-25T08:00,34.1,32,0,4.9,213
2025-04-25T09:00,36.9,26,0,6.5,222
2025-04-25T10:00,39.6,17,0,4.0,260
2025-04-25T11:00,41.6,11,0,2.4,347
2025-04-25T12:00,42.5,10,0,5.7,13
2025-04-25T13:00,43.4,9,1,10.6,1
2025-04-25T14:00,42.5,10,2,12.6,329
2025-04-25T15:00,42.0,9,3,16.2,291
2025-04-25T16:00,41.6,10,1,17.3,283
2025-04-25T17:00,41.4,9,1,14.8,271
2025-04-25T18:00,39.0,12,1,4.1,358
2025-04-25T19:00,37.1,14,0,4.0,330
2025-04-25T20:00,35.1,16,1,5.6,315
2025-04-25T21:00,35.1,26,0,1.0,315
2025-04-25T22:00,32.9,20,0,2.7,203
2025-04-25T23:00,32.8,20,0,13.9,179
2025-04-26T00:00,33.3,24,0,13.7,194
2025-04-26T01:00,32.2,26,2,14.1,205
2025-04-26T02:00,32.2,28,0,15.8,206
2025-04-26T03:00,31.1,31,0,14.6,214
2025-04-26T04:00,30.3,32,0,13.4,230
2025-04-26T05:00,29.8,30,0,9.1,253
2025-04-26T06:00,31.1,36,0,8.6,281
2025-04-26T07:00,33.1,30,0,4.7,288
2025-04-26T08:00,35.8,25,0,4.7,274
2025-04-26T09:00,38.4,19,0,4.6,306
2025-04-26T10:00,39.8,16,0,5.2,316
2025-04-26T11:00,40.7,15,1,6.4,328
2025-04-26T12:00,41.3,15,1,6.8,310
2025-04-26T13:00,41.0,15,1,9.2,310
2025-04-26T14:00,41.1,15,2,10.0,308
2025-04-26T15:00,39.6,16,1,15.4,317
2025-04-26T16:00,39.1,17,0,13.4,320
2025-04-26T17:00,39.2,16,1,8.3,318
2025-04-26T18:00,35.7,20,2,5.3,66
2025-04-26T19:00,35.1,25,2,11.8,144
2025-04-26T20:00,34.7,25,3,6.4,142
2025-04-26T21:00,34.2,29,2,1.3,225
2025-04-26T22:00,33.5,28,2,9.1,333
2025-04-26T23:00,32.9,32,3,0.9,270
2025-04-27T00:00,32.2,31,2,4.0,170
2025-04-27T01:00,31.6,31,1,4.6,141
2025-04-27T02:00,31.1,32,1,11.6,138
2025-04-27T03:00,29.9,36,2,11.2,169
2025-04-27T04:00,30.1,38,1,14.8,179
2025-04-27T05:00,29.7,39,1,13.8,196
2025-04-27T06:00,25.9,60,51,5.2,63
2025-04-27T07:00,27.8,51,0,9.1,128
2025-04-27T08:00,30.3,44,0,12.7,121
2025-04-27T09:00,32.5,39,0,12.1,142
2025-04-27T10:00,34.5,35,0,10.9,156
2025-04-27T11:00,36.0,31,0,12.6,166
2025-04-27T12:00,37.3,27,1,11.5,177
2025-04-27T13:00,38.1,24,2,9.1,210
2025-04-27T14:00,38.2,22,1,10.6,236
2025-04-27T15:00,37.7,23,3,16.8,254
2025-04-27T16:00,28.8,52,63,8.9,138
2025-04-27T17:00,30.9,50,1,6.2,107
2025-04-27T18:00,35.6,25,1,0.4,360
2025-04-27T19:00,33.3,26,0,5.1,135
2025-04-27T20:00,32.1,31,0,14.0,102
2025-04-27T21:00,31.7,32,0,12.9,134
2025-04-27T22:00,31.1,32,0,12.9,160
2025-04-27T23:00,30.0,36,0,11.0,169
2025-04-28T00:00,29.3,40,1,8.3,202
2025-04-28T01:00,28.6,46,0,6.4,188
2025-04-28T02:00,28.2,50,0,8.7,185
2025-04-28T03:00,27.9,54,0,9.7,205
2025-04-28T04:00,27.5,57,0,9.5,213
2025-04-28T05:00,27.2,60,0,9.2,228
2025-04-28T06:00,28.0,60,0,6.6,215
2025-04-28T07:00,29.8,57,0,6.2,206
2025-04-28T08:00,32.0,50,0,12.9,215
2025-04-28T09:00,34.0,43,0,16.6,217
2025-04-28T10:00,36.4,34,0,16.5,226
2025-04-28T11:00,38.5,26,1,13.1,247
2025-04-28T12:00,40.0,19,1,13.6,285
2025-04-28T13:00,40.0,15,1,17.7,308
2025-04-28T14:00,40.5,13,0,9.1,321
2025-04-28T15:00,40.9,12,1,7.6,315
2025-04-28T16:00,40.7,11,3,11.1,323
2025-04-28T17:00,39.2,10,0,20.2,338
2025-04-28T18:00,37.8,11,1,15.2,350
2025-04-28T19:00,36.5,12,0,15.6,354
2025-04-28T20:00,35.3,13,0,9.9,327
2025-04-28T21:00,32.7,19,0,0.7,256
2025-04-28T22:00,31.8,20,0,8.7,114
2025-04-28T23:00,31.2,24,0,2.5,201
2025-04-29T00:00,29.7,28,0,7.4,173
2025-04-29T01:00,28.6,36,0,6.5,141
2025-04-29T02:00,27.9,43,0,9.5,147
2025-04-29T03:00,27.6,47,2,7.4,154
2025-04-29T04:00,27.5,48,0,7.7,120
2025-04-29T05:00,26.6,50,0,5.3,114
2025-04-29T06:00,27.8,55,1,8.5,136
2025-04-29T07:00,29.4,54,0,11.3,160
2025-04-29T08:00,31.7,50,0,12.6,180
2025-04-29T09:00,34.1,41,0,14.6,193
2025-04-29T10:00,36.3,35,0,16.3,205
2025-04-29T11:00,38.2,28,0,16.2,218
2025-04-29T12:00,39.6,21,0,14.2,232
2025-04-29T13:00,40.6,17,1,12.0,256
2025-04-29T14:00,41.1,14,1,13.6,285
2025-04-29T15:00,40.9,12,0,18.4,297
2025-04-29T16:00,40.5,12,1,13.9,287
2025-04-29T17:00,40.3,11,1,10.8,259
2025-04-29T18:00,37.3,20,0,1.2,231
2025-04-29T19:00,35.8,22,0,1.7,162
2025-04-29T20:00,34.0,27,0,6.2,350
2025-04-29T21:00,32.5,31,0,1.2,333
2025-04-29T22:00,31.8,30,1,7.5,156
2025-04-29T23:00,31.5,31,2,13.2,169
2025-04-30T00:00,30.9,33,0,13.1,192
2025-04-30T01:00,30.0,38,2,13.4,192
2025-04-30T02:00,30.1,41,2,13.4,207
2025-04-30T03:00,29.8,42,1,13.6,209
2025-04-30T04:00,28.3,48,0,1.3,164
2025-04-30T05:00,27.7,50,0,7.7,114
2025-04-30T06:00,26.8,56,0,6.9,137
2025-04-30T07:00,28.8,52,0,6.6,137
2025-04-30T08:00,31.5,47,0,7.3,189
2025-04-30T09:00,34.2,40,0,8.2,202
2025-04-30T10:00,36.8,31,0,8.5,215
2025-04-30T11:00,38.7,24,0,7.1,225
2025-04-30T12:00,40.5,18,1,5.8,286
2025-04-30T13:00,41.0,13,1,14.3,333
2025-04-30T14:00,41.0,13,0,10.6,360
2025-04-30T15:00,41.5,12,0,3.6,41
2025-04-30T16:00,41.3,11,0,3.8,155
2025-04-30T17:00,41.1,8,0,4.7,302
2025-04-30T18:00,38.0,11,0,10.4,328
2025-04-30T19:00,36.5,12,0,12.9,342
2025-04-30T20:00,33.7,15,0,5.5,17
2025-04-30T21:00,33.3,19,0,13.1,81
2025-04-30T22:00,32.8,24,0,14.8,126
2025-04-30T23:00,31.1,28,0,12.0,108
2025-05-01T00:00,29.2,38,0,10.7,84
2025-05-01T01:00,28.4,48,1,13.7,90
2025-05-01T02:00,28.0,52,0,13.5,88
2025-05-01T03:00,27.4,52,0,9.8,104
2025-05-01T04:00,27.1,52,0,12.0,133
2025-05-01T05:00,26.6,59,0,13.0,142
2025-05-01T06:00,28.2,62,0,9.7,151
2025-05-01T07:00,29.6,62,0,13.4,163
2025-05-01T08:00,31.6,54,0,11.1,168
2025-05-01T09:00,33.8,45,0,11.8,186
2025-05-01T10:00,36.0,37,0,13.1,193
2025-05-01T11:00,37.6,32,0,12.2,202
2025-05-01T12:00,38.9,26,0,8.5,207
2025-05-01T13:00,39.9,22,0,6.1,230
2025-05-01T14:00,40.3,19,1,2.2,318
2025-05-01T15:00,40.5,18,1,4.3,336
2025-05-01T16:00,40.1,17,1,8.4,312
2025-05-01T17:00,39.6,15,0,9.3,324
2025-05-01T18:00,37.6,18,1,9.0,185
2025-05-01T19:00,36.1,18,1,10.4,169
2025-05-01T20:00,34.4,24,0,6.6,133
2025-05-01T21:00,32.8,29,0,5.0,90
2025-05-01T22:00,31.5,35,0,13.5,69
2025-05-01T23:00,29.2,47,0,12.3,72
2025-05-02T00:00,28.1,52,0,8.5,107
2025-05-02T01:00,27.7,52,0,7.2,91
2025-05-02T02:00,27.1,55,0,8.6,61
2025-05-02T03:00,26.6,57,0,7.6,65
2025-05-02T04:00,26.2,58,0,7.7,78
2025-05-02T05:00,25.9,60,0,5.2,92
2025-05-02T06:00,25.7,59,0,5.7,167
2025-05-02T07:00,27.7,51,0,5.5,136
2025-05-02T08:00,30.1,46,0,7.9,147
2025-05-02T09:00,32.2,43,0,7.2,168
2025-05-02T10:00,34.5,37,0,6.0,183
2025-05-02T11:00,36.6,30,0,4.7,182
2025-05-02T12:00,38.3,26,0,3.8,177
2025-05-02T13:00,39.7,23,0,1.8,204
2025-05-02T14:00,41.0,18,2,3.5,298
2025-05-02T15:00,39.0,21,0,15.4,306
2025-05-02T16:00,39.2,18,0,8.8,332
2025-05-02T17:00,38.5,19,1,9.5,46
2025-05-02T18:00,35.7,25,0,5.6,48
2025-05-02T19:00,34.4,25,0,4.2,130
2025-05-02T20:00,34.0,25,0,9.4,87
2025-05-02T21:00,33.1,30,0,8.6,121
2025-05-02T22:00,31.9,33,0,5.5,117
2025-05-02T23:00,31.2,36,0,1.2,141
2025-05-03T00:00,30.4,37,0,1.0,158
2025-05-03T01:00,29.1,41,0,1.8,45
2025-05-03T02:00,28.0,47,0,1.6,6
2025-05-03T03:00,27.0,53,0,3.3,36
2025-05-03T04:00,26.4,58,0,2.8,63
2025-05-03T05:00,26.4,57,0,1.2,63
2025-05-03T06:00,29.4,57,0,6.7,171
2025-05-03T07:00,31.1,54,0,9.5,180
2025-05-03T08:00,33.0,49,0,10.8,198
2025-05-03T09:00,35.2,41,0,9.8,211
2025-05-03T10:00,37.3,33,0,8.9,222
2025-05-03T11:00,36.7,23,51,15.5,312
2025-05-03T12:00,39.3,14,0,4.7,277
2025-05-03T13:00,41.0,14,0,8.4,293
2025-05-03T14:00,41.6,14,0,7.4,299
2025-05-03T15:00,41.9,13,3,9.6,340
2025-05-03T16:00,40.5,13,2,13.6,320
2025-05-03T17:00,39.5,14,1,10.9,7
2025-05-03T18:00,32.5,34,0,16.4,86
2025-05-03T19:00,32.1,34,0,12.4,90
2025-05-03T20:00,31.3,33,0,10.4,100
2025-05-03T21:00,30.6,36,0,10.3,86
2025-05-03T22:00,29.9,41,0,8.1,103
2025-05-03T23:00,29.1,45,0,7.7,78
2025-05-04T00:00,27.9,49,0,4.2,144
2025-05-04T01:00,27.3,53,0,0.6,18
2025-05-04T02:00,26.8,55,0,5.9,23
2025-05-04T03:00,26.2,59,0,1.9,49
2025-05-04T04:00,26.5,56,3,9.0,211
2025-05-04T05:00,26.9,49,0,8.7,133
2025-05-04T06:00,25.4,65,0,5.4,174
2025-05-04T07:00,27.5,55,0,9.0,185
2025-05-04T08:00,30.2,46,0,9.3,195
2025-05-04T09:00,32.6,41,0,9.6,203
2025-05-04T10:00,35.1,34,0,10.9,199
2025-05-04T11:00,37.0,28,0,11.2,196
2025-05-04T12:00,38.1,24,1,11.6,202
2025-05-04T13:00,39.0,22,2,9.9,195
2025-05-04T14:00,38.4,22,1,10.2,216
2025-05-04T15:00,38.5,20,2,6.4,190
2025-05-04T16:00,35.3,29,51,12.1,46
2025-05-04T17:00,33.8,30,1,11.5,104
2025-05-04T18:00,30.0,41,0,8.0,82
2025-05-04T19:00,30.5,38,1,4.5,106
2025-05-04T20:00,30.7,36,0,5.2,149
2025-05-04T21:00,30.0,39,0,3.5,156
2025-05-04T22:00,29.1,41,0,2.2,355
2025-05-04T23:00,28.3,44,0,3.1,306
2025-05-05T00:00,27.4,50,0,4.2,313
2025-05-05T01:00,26.7,55,0,7.7,323
2025-05-05T02:00,26.3,55,0,9.4,340
2025-05-05T03:00,25.9,57,0,2.3,342
2025-05-05T04:00,25.9,57,0,0.7,90
2025-05-05T05:00,25.5,59,0,2.3,148
2025-05-05T06:00,25.6,58,3,11.0,159
2025-05-05T07:00,28.0,49,1,3.9,217
2025-05-05T08:00,30.3,42,0,5.0,105
2025-05-05T09:00,32.3,37,0,3.1,114
2025-05-05T10:00,34.4,32,0,2.8,165
2025-05-05T11:00,36.3,27,0,3.9,217
2025-05-05T12:00,37.9,22,1,4.5,263
2025-05-05T13:00,39.0,19,1,6.6,303
2025-05-05T14:00,38.9,17,2,11.5,310
2025-05-05T15:00,38.7,16,2,13.4,307
2025-05-05T16:00,38.3,17,0,10.4,293
2025-05-05T17:00,38.0,16,1,8.5,242
2025-05-05T18:00,33.5,28,1,12.0,300
2025-05-05T19:00,32.7,30,3,8.4,293
2025-05-05T20:00,32.1,32,3,8.9,283
2025-05-05T21:00,31.4,33,0,11.8,303
2025-05-05T22:00,30.8,35,0,12.0,310
2025-05-05T23:00,29.6,39,0,11.6,300
2025-05-06T00:00,28.8,41,0,10.9,316
2025-05-06T01:00,27.8,45,0,5.4,345
2025-05-06T02:00,27.3,47,0,8.7,322
2025-05-06T03:00,26.0,51,0,3.9,16
2025-05-06T04:00,25.7,52,0,3.5,24
2025-05-06T05:00,25.4,52,0,5.6,312
2025-05-06T06:00,24.8,63,3,2.2,270
2025-05-06T07:00,26.8,54,3,3.7,299
2025-05-06T08:00,29.5,43,0,4.8,331
2025-05-06T09:00,32.0,35,0,3.1,315
2025-05-06T10:00,34.0,31,0,4.3,182
2025-05-06T11:00,35.8,26,0,8.3,185
2025-05-06T12:00,37.0,23,0,12.0,204
2025-05-06T13:00,37.6,20,0,14.2,220
2025-05-06T14:00,37.5,19,0,14.0,232
2025-05-06T15:00,37.3,19,0,14.0,224
2025-05-06T16:00,37.1,18,0,13.0,211
2025-05-06T17:00,36.6,19,0,13.1,209
2025-05-06T18:00,34.4,24,0,10.4,159
2025-05-06T19:00,33.0,26,1,8.0,160
2025-05-06T20:00,31.5,31,1,6.5,178
2025-05-06T21:00,30.5,34,1,12.6,289
2025-05-06T22:00,29.7,38,0,10.7,327
2025-05-06T23:00,28.3,44,0,5.7,332
2025-05-07T00:00,27.4,49,0,8.2,345
2025-05-07T01:00,26.7,53,0,9.8,354
2025-05-07T02:00,26.0,56,0,8.6,330
2025-05-07T03:00,25.6,59,1,6.5,304
2025-05-07T04:00,25.1,62,0,1.4,230
2025-05-07T05:00,24.6,65,1,2.5,291
2025-05-07T06:00,25.6,60,0,6.3,267
2025-05-07T07:00,27.3,55,0,6.5,302
2025-05-07T08:00,29.1,49,0,5.9,315
2025-05-07T09:00,31.1,42,0,3.7,284
2025-05-07T10:00,33.1,35,0,4.4,240
2025-05-07T11:00,35.3,27,1,8.5,222
2025-05-07T12:00,36.3,22,0,16.1,220
2025-05-07T13:00,36.5,21,0,18.5,218
2025-05-07T14:00,36.6,22,0,17.1,224
2025-05-07T15:00,36.5,22,0,16.3,228
2025-05-07T16:00,36.2,21,0,15.7,225
2025-05-07T17:00,35.3,22,0,17.8,219
2025-05-07T18:00,34.0,26,0,12.3,205
2025-05-07T19:00,32.3,31,0,7.4,264
2025-05-07T20:00,30.9,36,1,16.4,282
2025-05-07T21:00,28.0,47,0,13.4,282
2025-05-07T22:00,27.7,50,1,11.1,284
2025-05-07T23:00,27.1,53,2,9.6,293
2025-05-08T00:00,26.8,54,3,7.3,290
2025-05-08T01:00,26.4,57,0,5.9,290
2025-05-08T02:00,26.0,59,0,7.1,294
2025-05-08T03:00,25.5,61,0,7.7,298
2025-05-08T04:00,24.8,66,0,1.6,243
2025-05-08T05:00,24.1,70,0,3.1,152
2025-05-08T06:00,26.1,63,2,3.6,233
2025-05-08T07:00,27.9,57,0,5.8,279
2025-05-08T08:00,30.1,49,1,6.8,295
2025-05-08T09:00,32.3,39,2,6.0,291
2025-05-08T10:00,34.2,32,2,5.8,275
2025-05-08T11:00,35.6,27,0,5.1,252
2025-05-08T12:00,37.0,24,1,7.1,221
2025-05-08T13:00,37.8,22,0,11.7,209
2025-05-08T14:00,37.1,23,0,15.3,211
2025-05-08T15:00,36.8,24,0,14.1,224
2025-05-08T16:00,36.4,25,1,13.2,241
2025-05-08T17:00,35.4,26,2,14.3,250
2025-05-08T18:00,34.5,27,0,10.5,202
2025-05-08T19:00,33.3,29,1,10.9,171
2025-05-08T20:00,32.4,33,0,4.7,203
2025-05-08T21:00,30.9,38,1,8.4,293
2025-05-08T22:00,29.9,40,1,6.7,340
2025-05-08T23:00,29.0,42,1,3.8,352
2025-05-09T00:00,28.5,42,1,5.3,348
2025-05-09T01:00,28.1,42,2,4.8,345
2025-05-09T02:00,27.6,44,1,2.6,348
2025-05-09T03:00,27.4,47,3,0.4,270
2025-05-09T04:00,26.6,48,2,0.8,297
2025-05-09T05:00,26.3,51,3,5.2,311
2025-05-09T06:00,27.4,56,0,3.4,212
2025-05-09T07:00,29.2,49,0,3.7,299
2025-05-09T08:00,31.7,39,0,5.4,312
2025-05-09T09:00,33.6,33,0,5.4,310
2025-05-09T10:00,35.2,30,1,4.1,326
2025-05-09T11:00,36.3,28,1,3.5,332
2025-05-09T12:00,37.2,26,1,1.9,343
2025-05-09T13:00,38.1,23,1,1.7,212
2025-05-09T14:00,38.3,22,1,6.0,205
2025-05-09T15:00,38.0,23,1,11.1,205
2025-05-09T16:00,37.0,24,1,14.0,208
2025-05-09T17:00,36.1,25,1,11.4,218
2025-05-09T18:00,36.1,23,1,10.9,171
2025-05-09T19:00,33.7,32,0,15.2,190
2025-05-09T20:00,32.7,35,1,9.4,181
2025-05-09T21:00,32.3,35,0,8.3,179
2025-05-09T22:00,32.2,35,0,6.2,173
2025-05-09T23:00,31.1,38,0,5.1,163
2025-05-10T00:00,30.0,42,0,4.4,187
2025-05-10T01:00,29.2,46,0,3.9,227
2025-05-10T02:00,28.7,50,0,2.9,248
2025-05-10T03:00,28.4,50,0,1.0,292
2025-05-10T04:00,27.6,52,0,3.9,336
2025-05-10T05:00,27.1,55,0,3.8,335
2025-05-10T06:00,29.9,49,0,3.8,301
2025-05-10T07:00,31.8,42,0,1.6,264
2025-05-10T08:00,33.8,36,0,1.5,14
2025-05-10T09:00,35.7,30,0,0.8,315
2025-05-10T10:00,37.1,28,0,0.8,243
2025-05-10T11:00,38.6,25,0,0.2,180
2025-05-10T12:00,39.7,24,1,1.0,211
2025-05-10T13:00,40.2,23,3,3.5,192
2025-05-10T14:00,40.3,22,3,9.0,181
2025-05-10T15:00,39.0,24,1,11.8,203
2025-05-10T16:00,38.6,24,1,10.5,221
2025-05-10T17:00,37.8,25,1,7.6,195
2025-05-10T18:00,28.5,57,53,18.8,208
2025-05-10T19:00,30.3,47,1,3.2,223
2025-05-10T20:00,30.2,49,3,6.1,268
2025-05-10T21:00,30.1,51,1,6.6,283
2025-05-10T22:00,30.0,53,1,3.2,297
2025-05-10T23:00,29.7,54,1,2.5,262
2025-05-11T00:00,29.2,58,1,2.4,283
2025-05-11T01:00,29.3,54,1,8.3,1
2025-05-11T02:00,29.2,51,1,9.3,323
2025-05-11T03:00,28.4,54,1,4.6,301
2025-05-11T04:00,28.1,56,1,4.1,322
2025-05-11T05:00,28.0,57,1,5.7,332
2025-05-11T06:00,28.4,60,3,7.1,322
2025-05-11T07:00,29.4,54,2,11.4,357
2025-05-11T08:00,31.6,44,2,12.0,352
2025-05-11T09:00,34.0,38,1,10.3,347
2025-05-11T10:00,36.0,32,1,8.4,335
2025-05-11T11:00,37.3,29,1,6.9,319
2025-05-11T12:00,37.6,28,3,7.0,316
2025-05-11T13:00,37.9,28,2,9.6,320
2025-05-11T14:00,37.9,27,2,13.0,319
2025-05-11T15:00,37.9,27,0,13.0,323
2025-05-11T16:00,37.6,26,0,14.0,318
2025-05-11T17:00,37.1,26,0,13.4,320
2025-05-11T18:00,35.8,28,0,9.4,5
2025-05-11T19:00,34.7,30,0,5.7,332
2025-05-11T20:00,33.8,33,0,7.8,310
2025-05-11T21:00,32.7,39,0,6.2,314
2025-05-11T22:00,31.6,43,1,4.0,265
2025-05-11T23:00,31.2,44,2,7.7,279
2025-05-12T00:00,31.2,43,2,9.4,290
2025-05-12T01:00,30.6,45,1,10.0,324
2025-05-12T02:00,30.0,48,1,7.5,305
2025-05-12T03:00,29.3,51,1,4.2,260
2025-05-12T04:00,28.9,52,1,4.9,280
2025-05-12T05:00,28.6,55,0,6.6,291
2025-05-12T06:00,27.0,76,51,6.8,163
2025-05-12T07:00,28.3,68,3,5.9,215
2025-05-12T08:00,30.8,56,3,5.4,310
2025-05-12T09:00,33.3,46,3,6.4,335
2025-05-12T10:00,33.0,44,3,1.5,83
2025-05-12T11:00,34.5,40,2,4.2,340
2025-05-12T12:00,37.6,32,1,1.7,41
2025-05-12T13:00,35.3,36,51,14.2,321
2025-05-12T14:00,34.3,39,51,5.3,260
2025-05-12T15:00,35.7,34,2,5.8,279
2025-05-12T16:00,36.2,33,1,6.5,273
2025-05-12T17:00,35.6,35,0,10.5,294
2025-05-12T18:00,34.0,36,2,10.4,334
2025-05-12T19:00,32.8,40,3,5.4,318
2025-05-12T20:00,32.0,44,3,3.4,295
2025-05-12T21:00,31.5,47,3,3.1,291
2025-05-12T22:00,31.0,50,1,1.5,240
2025-05-12T23:00,30.3,52,0,5.4,249
2025-05-13T00:00,29.8,50,3,6.4,260
2025-05-13T01:00,30.1,47,3,4.9,270
2025-05-13T02:00,30.5,46,3,5.8,275
2025-05-13T03:00,30.0,48,0,6.8,288
2025-05-13T04:00,28.7,53,0,4.7,266
2025-05-13T05:00,28.4,54,1,7.5,246
2025-05-13T06:00,29.9,55,3,8.5,318
2025-05-13T07:00,30.5,54,3,4.4,328
2025-05-13T08:00,31.9,47,51,11.3,343
2025-05-13T09:00,33.8,40,3,9.7,342
2025-05-13T10:00,34.3,38,1,10.7,347
2025-05-13T11:00,35.9,34,2,7.4,346
2025-05-13T12:00,36.8,31,1,7.4,319
2025-05-13T13:00,37.7,29,1,4.2,320
2025-05-13T14:00,37.9,29,0,4.3,318
2025-05-13T15:00,38.3,28,1,7.6,301
2025-05-13T16:00,33.1,45,3,19.9,248
2025-05-13T17:00,32.4,46,51,8.2,244
2025-05-13T18:00,33.8,37,0,12.3,310
2025-05-13T19:00,32.9,39,1,9.1,326
2025-05-13T20:00,32.2,41,1,7.6,306
2025-05-13T21:00,31.6,43,0,7.0,305
2025-05-13T22:00,30.9,45,1,7.6,308
2025-05-13T23:00,30.5,47,0,8.5,316
2025-05-14T00:00,29.9,49,0,8.8,313
2025-05-14T01:00,29.5,49,0,8.8,311
2025-05-14T02:00,29.0,50,0,8.6,323
2025-05-14T03:00,28.4,51,1,6.5,321
2025-05-14T04:00,28.0,53,0,5.9,317
2025-05-14T05:00,27.5,55,0,6.9,315
2025-05-14T06:00,28.9,52,0,9.6,296
2025-05-14T07:00,30.9,45,0,5.8,263
2025-05-14T08:00,32.9,41,0,6.0,287
2025-05-14T09:00,34.9,37,0,5.0,314
2025-05-14T10:00,36.7,31,0,2.4,324
2025-05-14T11:00,38.0,29,1,1.6,276
2025-05-14T12:00,39.1,27,2,1.7,302
2025-05-14T13:00,39.5,27,3,4.3,327
2025-05-14T14:00,39.0,27,3,7.0,228
2025-05-14T15:00,34.8,40,51,16.8,208
2025-05-14T16:00,36.5,33,3,3.2,214
2025-05-14T17:00,34.7,39,2,17.5,261
2025-05-14T18:00,35.9,30,0,8.7,248
2025-05-14T19:00,34.4,34,0,8.8,272
2025-05-14T20:00,33.0,40,0,11.1,236
2025-05-14T21:00,32.3,43,1,7.2,256
2025-05-14T22:00,31.3,46,0,7.2,269
2025-05-14T23:00,30.6,48,0,8.8,293
2025-05-15T00:00,30.2,50,1,8.3,284
2025-05-15T01:00,29.8,53,2,8.7,294
2025-05-15T02:00,29.5,55,1,6.9,284
2025-05-15T03:00,29.3,56,1,6.6,292
2025-05-15T04:00,28.9,57,0,7.8,299
2025-05-15T05:00,28.5,59,1,8.0,306
2025-05-15T06:00,30.3,54,3,5.7,224
2025-05-15T07:00,31.0,53,3,6.6,248
2025-05-15T08:00,30.8,55,3,15.3,292
2025-05-15T09:00,30.7,51,3,11.0,310
2025-05-15T10:00,33.0,42,3,9.8,325
2025-05-15T11:00,34.8,37,3,9.9,322
2025-05-15T12:00,35.8,35,2,9.5,321
2025-05-15T13:00,35.9,34,2,10.4,318
2025-05-15T14:00,36.6,33,3,9.4,278
2025-05-15T15:00,36.5,35,3,8.6,259
2025-05-15T16:00,36.6,35,2,5.5,289
2025-05-15T17:00,36.3,35,1,6.0,316
2025-05-15T18:00,34.9,35,1,8.8,332
2025-05-15T19:00,33.8,42,2,2.4,324
2025-05-15T20:00,33.1,44,1,2.9,300
2025-05-15T21:00,32.4,47,3,4.0,280
2025-05-15T22:00,31.7,50,0,3.2,270
2025-05-15T23:00,31.0,54,0,4.0,260
2025-05-16T00:00,30.5,53,0,8.3,246
2025-05-16T01:00,30.0,54,0,6.3,263
2025-05-16T02:00,29.4,57,0,8.4,261
2025-05-16T03:00,29.1,58,0,7.7,281
2025-05-16T04:00,28.7,60,0,6.8,295
2025-05-16T05:00,28.3,62,0,5.7,319
2025-05-16T06:00,29.7,60,3,4.5,263
2025-05-16T07:00,31.5,54,3,4.8,259
2025-05-16T08:00,33.8,46,3,6.5,262
2025-05-16T09:00,35.5,40,3,6.7,250
2025-05-16T10:00,36.7,38,1,6.1,242
2025-05-16T11:00,37.6,37,2,6.9,240
2025-05-16T12:00,38.7,35,2,7.3,234
2025-05-16T13:00,39.4,32,3,6.4,205
2025-05-16T14:00,31.6,62,65,18.9,212
2025-05-16T15:00,30.1,67,63,11.0,300
2025-05-16T16:00,28.9,72,51,4.6,306
2025-05-16T17:00,29.8,69,3,7.3,330
2025-05-16T18:00,33.8,45,1,4.3,327
2025-05-16T19:00,32.3,52,2,2.5,352
2025-05-16T20:00,31.5,59,2,0.6,108
2025-05-16T21:00,31.2,59,3,3.1,204
2025-05-16T22:00,30.6,63,1,3.2,71
2025-05-16T23:00,29.0,68,1,5.7,131
2025-05-17T00:00,27.6,75,51,10.3,161
2025-05-17T01:00,27.9,72,3,10.3,216
2025-05-17T02:00,27.9,71,3,12.5,224
2025-05-17T03:00,27.8,72,3,8.6,221
2025-05-17T04:00,27.5,74,3,10.4,200
2025-05-17T05:00,27.3,75,3,7.7,219
2025-05-17T06:00,26.8,77,2,9.2,179
2025-05-17T07:00,28.0,71,2,8.9,207
2025-05-17T08:00,29.9,64,3,11.0,235
2025-05-17T09:00,32.5,57,2,8.8,269
2025-05-17T10:00,34.6,50,1,8.7,297
2025-05-17T11:00,35.8,46,1,7.2,321
2025-05-17T12:00,36.9,41,2,4.7,342
2025-05-17T13:00,37.7,36,2,2.6,25
2025-05-17T14:00,38.3,33,1,3.0,73
2025-05-17T15:00,38.0,32,1,7.7,152
2025-05-17T16:00,37.1,34,2,6.1,43
2025-05-17T17:00,35.0,44,51,5.1,80
2025-05-17T18:00,31.9,56,3,11.7,304
2025-05-17T19:00,30.0,65,3,10.8,316
2025-05-17T20:00,29.6,67,3,6.5,312
2025-05-17T21:00,29.7,66,3,6.0,335
2025-05-17T22:00,29.8,64,3,6.7,306
2025-05-17T23:00,29.6,66,3,3.6,297
2025-05-18T00:00,29.2,70,3,5.4,360
2025-05-18T01:00,28.7,76,3,0.4,153
2025-05-18T02:00,28.1,79,51,3.5,105
2025-05-18T03:00,27.7,78,1,6.7,106
2025-05-18T04:00,26.8,85,2,2.3,86
2025-05-18T05:00,26.6,85,1,4.8,101
2025-05-18T06:00,28.1,78,3,4.2,18
2025-05-18T07:00,30.1,66,1,8.8,17
2025-05-18T08:00,31.1,61,0,6.6,41
2025-05-18T09:00,32.6,54,0,6.5,58
2025-05-18T10:00,34.2,48,0,5.4,60
2025-05-18T11:00,35.6,44,0,4.0,60
2025-05-18T12:00,36.6,40,2,1.9,49
2025-05-18T13:00,37.3,36,3,2.7,32
2025-05-18T14:00,37.6,33,3,2.6,51
2025-05-18T15:00,37.8,31,3,2.7,86
2025-05-18T16:00,37.0,34,1,5.6,63
2025-05-18T17:00,36.9,35,2,6.9,73
2025-05-18T18:00,34.6,47,3,10.3,87
2025-05-18T19:00,32.8,54,3,6.9,115
2025-05-18T20:00,32.0,56,3,7.1,173
2025-05-18T21:00,31.6,58,3,6.9,175
2025-05-18T22:00,30.4,64,3,4.6,189
2025-05-18T23:00,30.0,65,3,5.0,224
2025-05-19T00:00,29.4,68,0,4.2,223
2025-05-19T01:00,29.0,70,1,3.6,139
2025-05-19T02:00,28.5,74,3,4.2,126
2025-05-19T03:00,28.3,75,3,6.5,132
2025-05-19T04:00,28.2,74,3,4.4,109
2025-05-19T05:00,27.7,75,3,5.2,153
2025-05-19T06:00,26.4,76,51,5.2,153
2025-05-19T07:00,27.6,74,51,0.6,108
2025-05-19T08:00,30.5,64,3,1.9,287
2025-05-19T09:00,32.4,58,3,2.5,150
2025-05-19T10:00,34.4,50,3,3.3,151
2025-05-19T11:00,35.9,44,3,3.5,129
2025-05-19T12:00,37.0,38,3,4.2,126
2025-05-19T13:00,37.4,35,1,3.8,121
2025-05-19T14:00,37.8,31,3,2.7,94
2025-05-19T15:00,37.7,31,3,1.4,50
2025-05-19T16:00,37.6,32,2,2.0,5
2025-05-19T17:00,37.1,33,3,2.0,90
2025-05-19T18:00,35.2,46,3,3.6,117
2025-05-19T19:00,34.1,45,3,9.4,148
2025-05-19T20:00,33.0,50,3,4.9,208
2025-05-19T21:00,29.5,61,3,14.9,1
2025-05-19T22:00,29.1,66,3,4.4,9
2025-05-19T23:00,28.8,65,1,9.0,355
2025-05-20T00:00,28.4,65,1,7.2,14
2025-05-20T01:00,28.0,68,3,4.9,360
2025-05-20T02:00,27.6,71,3,3.8,41
2025-05-20T03:00,27.3,74,3,3.2,27
2025-05-20T04:00,27.1,76,3,1.5,339
2025-05-20T05:00,26.7,79,3,2.2,312
2025-05-20T06:00,28.3,66,3,5.9,315
2025-05-20T07:00,30.6,59,3,1.5,339
2025-05-20T08:00,33.2,49,3,3.8,85
2025-05-20T09:00,35.0,42,3,6.1,95
2025-05-20T10:00,36.3,37,3,3.8,93
2025-05-20T11:00,37.5,34,3,1.7,58
2025-05-20T12:00,38.3,32,3,1.8,45
2025-05-20T13:00,39.2,30,3,2.7,278
2025-05-20T14:00,39.1,31,3,1.4,320
2025-05-20T15:00,38.0,34,51,7.7,54
2025-05-20T16:00,36.3,37,51,5.5,117
2025-05-20T17:00,36.7,36,1,3.6,162
2025-05-20T18:00,35.2,43,1,3.3,96
2025-05-20T19:00,33.9,46,2,5.4,75
2025-05-20T20:00,33.2,49,3,6.8,87
2025-05-20T21:00,31.3,57,51,6.4,238
2025-05-20T22:00,31.3,57,3,6.7,270
2025-05-20T23:00,31.2,57,3,5.7,252
2025-05-21T00:00,30.8,60,3,5.6,310
2025-05-21T01:00,30.4,63,3,4.7,261
2025-05-21T02:00,29.9,66,3,2.2,55
2025-05-21T03:00,29.7,73,3,0.5,180
2025-05-21T04:00,28.8,73,3,3.2,243
2025-05-21T05:00,28.8,73,3,3.6,189
2025-05-21T06:00,27.6,70,51,8.5,238
2025-05-21T07:00,28.5,66,3,2.2,351
2025-05-21T08:00,31.3,55,3,2.9,274
2025-05-21T09:00,31.4,55,3,1.5,216
2025-05-21T10:00,34.1,45,3,2.0,355
2025-05-21T11:00,35.3,41,3,4.6,9
2025-05-21T12:00,36.8,38,3,2.7,42
2025-05-21T13:00,37.1,37,3,1.8,217
2025-05-21T14:00,37.7,35,3,7.3,230
2025-05-21T15:00,37.5,34,2,7.4,219
2025-05-21T16:00,37.3,34,2,2.3,247
2025-05-21T17:00,36.2,36,3,4.2,190
2025-05-21T18:00,32.2,53,61,22.1,155
2025-05-21T19:00,27.9,76,53,12.8,182
2025-05-21T20:00,26.9,80,53,9.1,190
2025-05-21T21:00,26.1,92,61,4.3,222
2025-05-21T22:00,26.2,93,53,6.2,218
2025-05-21T23:00,26.1,94,51,3.6,213
2025-05-22T00:00,25.9,95,53,7.7,233
2025-05-22T01:00,25.6,94,51,8.0,228
2025-05-22T02:00,25.5,94,51,6.0,219
2025-05-22T03:00,25.5,94,3,6.8,198
2025-05-22T04:00,25.5,95,3,6.0,190
2025-05-22T05:00,25.4,95,3,6.5,186
2025-05-22T06:00,24.6,85,51,2.2,55
2025-05-22T07:00,25.4,80,51,9.8,14
2025-05-22T08:00,27.1,71,3,7.8,46
2025-05-22T09:00,28.1,67,3,5.7,72
2025-05-22T10:00,28.1,67,3,5.2,94
2025-05-22T11:00,28.7,64,3,5.3,108
2025-05-22T12:00,28.7,64,3,5.3,102
2025-05-22T13:00,29.2,61,3,6.4,79
2025-05-22T14:00,29.0,61,3,6.5,67
2025-05-22T15:00,28.6,62,3,7.6,98
2025-05-22T16:00,29.3,59,3,8.5,128
2025-05-22T17:00,28.9,62,3,6.4,130
2025-05-22T18:00,29.1,68,3,1.0,121
2025-05-22T19:00,28.1,73,3,2.1,105
2025-05-22T20:00,28.1,73,3,4.1,119
2025-05-22T21:00,27.9,73,3,8.7,133
2025-05-22T22:00,27.4,76,3,8.7,150
2025-05-22T23:00,27.0,79,3,7.2,166
2025-05-23T00:00,26.6,82,2,6.5,174
2025-05-23T01:00,26.1,85,3,6.8,183
2025-05-23T02:00,25.9,85,3,8.2,189
2025-05-23T03:00,25.7,84,3,8.5,186
2025-05-23T04:00,25.3,85,3,7.4,184
2025-05-23T05:00,25.0,87,3,5.2,184
2025-05-23T06:00,25.2,82,2,6.4,140
2025-05-23T07:00,26.4,77,0,7.9,159
2025-05-23T08:00,28.2,69,1,10.0,147
2025-05-23T09:00,30.0,61,2,9.9,132
2025-05-23T10:00,31.7,53,3,10.3,123
2025-05-23T11:00,32.4,51,3,9.0,127
2025-05-23T12:00,33.1,48,3,9.0,125
2025-05-23T13:00,34.3,45,2,7.0,116
2025-05-23T14:00,34.6,44,3,6.2,105
2025-05-23T15:00,34.7,43,3,6.8,88
2025-05-23T16:00,34.3,43,3,6.4,101
2025-05-23T17:00,33.8,44,3,6.1,87
2025-05-23T18:00,31.2,59,3,5.4,138
2025-05-23T19:00,30.4,61,3,8.5,155
2025-05-23T20:00,29.9,63,3,7.4,162
2025-05-23T21:00,29.6,66,3,6.6,145
2025-05-23T22:00,29.0,69,3,6.2,150
2025-05-23T23:00,27.9,75,51,8.8,192
2025-05-24T00:00,27.5,76,3,6.5,188
2025-05-24T01:00,27.3,77,3,4.6,206
2025-05-24T02:00,26.5,83,51,7.0,203
2025-05-24T03:00,26.2,82,3,9.6,192
2025-05-24T04:00,25.1,92,55,7.4,198
2025-05-24T05:00,24.8,95,61,4.9,176
2025-05-24T06:00,26.5,84,3,8.5,201
2025-05-24T07:00,26.7,82,51,7.9,192
2025-05-24T08:00,27.1,80,51,7.7,191
2025-05-24T09:00,27.5,76,51,6.4,191
2025-05-24T10:00,28.3,71,3,6.0,171
2025-05-24T11:00,29.1,67,3,8.3,169
2025-05-24T12:00,30.7,60,3,5.1,153
2025-05-24T13:00,32.4,53,3,2.2,66
2025-05-24T14:00,33.0,51,1,3.3,29
2025-05-24T15:00,33.1,50,1,5.7,24
2025-05-24T16:00,32.6,52,2,4.7,43
2025-05-24T17:00,32.3,53,2,6.2,52
2025-05-24T18:00,29.8,65,1,8.1,84
2025-05-24T19:00,29.0,68,3,4.7,94
2025-05-24T20:00,28.8,70,3,4.5,113
2025-05-24T21:00,27.7,77,3,9.8,221
2025-05-24T22:00,26.2,85,51,7.5,224
2025-05-24T23:00,25.5,90,3,5.6,248
2025-05-25T00:00,25.4,93,51,2.7,53
2025-05-25T01:00,25.1,93,51,12.0,77
2025-05-25T02:00,24.7,90,3,7.8,82
2025-05-25T03:00,24.9,92,3,3.1,24
2025-05-25T04:00,24.7,93,51,7.6,18
2025-05-25T05:00,24.8,93,1,6.6,45
2025-05-25T06:00,25.6,90,51,9.8,73
2025-05-25T07:00,26.4,85,2,6.5,46
2025-05-25T08:00,28.3,78,1,9.6,57
2025-05-25T09:00,30.5,68,51,8.7,69
2025-05-25T10:00,31.5,62,3,8.6,88
2025-05-25T11:00,32.5,58,3,10.1,96
2025-05-25T12:00,33.3,55,3,8.5,95
2025-05-25T13:00,33.0,54,3,9.7,78
2025-05-25T14:00,32.0,62,63,11.2,60
2025-05-25T15:00,32.4,59,3,7.2,87
2025-05-25T16:00,32.6,56,3,6.3,85
2025-05-25T17:00,32.1,58,3,6.7,114
2025-05-25T18:00,30.6,65,3,8.5,97
2025-05-25T19:00,29.3,71,3,7.1,100
2025-05-25T20:00,28.9,73,3,6.9,84
2025-05-25T21:00,28.3,76,51,12.4,28
2025-05-25T22:00,26.4,86,3,9.0,44
2025-05-25T23:00,26.0,88,3,5.1,42
2025-05-26T00:00,25.9,90,3,3.7,14
2025-05-26T01:00,25.8,91,3,6.8,3
2025-05-26T02:00,25.7,92,3,5.5,11
2025-05-26T03:00,25.6,93,3,5.6,15
2025-05-26T04:00,25.3,94,2,5.2,25
2025-05-26T05:00,25.2,95,2,5.1,58
2025-05-26T06:00,27.2,91,3,4.0,63
2025-05-26T07:00,28.9,80,3,5.6,84
2025-05-26T08:00,29.8,72,51,6.2,82
2025-05-26T09:00,31.0,66,51,5.6,63
2025-05-26T10:00,32.3,61,3,6.2,46
2025-05-26T11:00,33.5,57,3,6.1,47
2025-05-26T12:00,34.6,53,3,7.1,49
2025-05-26T13:00,35.1,51,3,5.5,54
2025-05-26T14:00,35.2,49,2,4.1,67
2025-05-26T15:00,35.2,48,2,9.1,60
2025-05-26T16:00,33.1,57,2,13.0,70
2025-05-26T17:00,32.9,57,3,8.6,105
2025-05-26T18:00,32.4,62,3,5.2,41
2025-05-26T19:00,30.9,70,3,8.0,23
2025-05-26T20:00,30.0,73,3,7.5,17
2025-05-26T21:00,29.1,77,3,2.7,318
2025-05-26T22:00,27.1,90,63,5.3,204
2025-05-26T23:00,26.6,93,51,8.8,185
2025-05-27T00:00,26.4,95,51,5.0,201
2025-05-27T01:00,26.2,96,53,5.1,253
2025-05-27T02:00,26.1,95,53,1.9,41
2025-05-27T03:00,26.0,96,51,4.8,331
2025-05-27T04:00,25.9,97,51,4.8,318
2025-05-27T05:00,25.9,96,51,3.4,342
2025-05-27T06:00,27.6,93,2,2.6,321
2025-05-27T07:00,28.9,84,3,5.1,312
2025-05-27T08:00,30.5,74,51,2.7,293
2025-05-27T09:00,31.5,66,51,3.0,287
2025-05-27T10:00,32.8,60,51,1.0,239
2025-05-27T11:00,34.0,55,3,2.1,165
2025-05-27T12:00,35.3,51,3,1.1,252
2025-05-27T13:00,35.7,49,3,3.5,351
2025-05-27T14:00,35.7,47,3,2.6,335
2025-05-27T15:00,36.1,45,3,5.0,88
2025-05-27T16:00,32.4,61,61,10.7,103
2025-05-27T17:00,32.2,59,3,4.2,108
2025-05-27T18:00,27.2,87,63,17.1,221
2025-05-27T19:00,26.7,91,55,10.3,247
2025-05-27T20:00,25.8,96,53,11.2,242
2025-05-27T21:00,26.1,95,53,9.8,240
2025-05-27T22:00,26.2,94,51,8.8,268
2025-05-27T23:00,26.1,94,3,5.4,278
2025-05-28T00:00,26.2,93,3,3.6,279
2025-05-28T01:00,26.0,92,3,3.2,273
2025-05-28T02:00,26.1,91,3,6.2,277
2025-05-28T03:00,26.2,87,3,6.8,282
2025-05-28T04:00,26.3,84,3,6.4,281
2025-05-28T05:00,26.1,85,3,4.5,275
2025-05-28T06:00,25.9,89,61,10.3,324
2025-05-28T07:00,26.7,87,53,12.1,314
2025-05-28T08:00,28.3,76,51,11.3,316
2025-05-28T09:00,29.3,67,3,12.2,313
2025-05-28T10:00,31.6,58,2,10.2,314
2025-05-28T11:00,33.4,53,3,7.5,316
2025-05-28T12:00,34.7,50,3,6.6,323
2025-05-28T13:00,35.1,50,3,6.1,310
2025-05-28T14:00,35.5,47,3,7.3,290
2025-05-28T15:00,32.5,57,53,5.0,35
2025-05-28T16:00,30.1,76,61,10.2,144
2025-05-28T17:00,30.0,69,2,10.1,163
2025-05-28T18:00,31.3,64,3,7.1,234
2025-05-28T19:00,30.1,70,3,4.3,248
2025-05-28T20:00,29.0,73,55,3.9,338
2025-05-28T21:00,27.1,85,63,7.6,326
2025-05-28T22:00,26.9,83,3,8.0,320
2025-05-28T23:00,26.5,87,51,6.5,273
2025-05-29T00:00,26.3,93,53,6.9,263
2025-05-29T01:00,26.8,89,51,8.7,265
2025-05-29T02:00,27.1,87,3,8.1,265
2025-05-29T03:00,27.1,84,3,7.5,255
2025-05-29T04:00,27.2,82,3,5.3,260
2025-05-29T05:00,27.4,79,3,9.3,297
2025-05-29T06:00,27.1,80,3,9.5,302
2025-05-29T07:00,28.9,71,3,10.9,303
2025-05-29T08:00,30.2,62,3,10.6,309
2025-05-29T09:00,31.5,58,3,8.9,310
2025-05-29T10:00,33.4,53,3,9.3,307
2025-05-29T11:00,35.3,46,3,9.8,317
2025-05-29T12:00,36.2,41,3,7.8,337
2025-05-29T13:00,36.5,38,3,5.6,6
2025-05-29T14:00,34.1,45,3,8.8,281
2025-05-29T15:00,30.1,64,51,11.1,73
2025-05-29T16:00,29.2,71,51,4.6,99
2025-05-29T17:00,30.8,64,3,7.2,235
2025-05-29T18:00,30.4,71,3,2.9,223
2025-05-29T19:00,29.6,73,3,7.3,232
2025-05-29T20:00,29.4,72,3,9.4,223
2025-05-29T21:00,29.7,64,3,13.5,236
2025-05-29T22:00,29.1,66,3,14.7,245
2025-05-29T23:00,28.3,70,3,14.2,244
2025-05-30T00:00,27.9,73,3,11.9,250
2025-05-30T01:00,27.7,73,3,9.9,241
2025-05-30T02:00,27.4,75,3,7.3,250
2025-05-30T03:00,27.0,77,3,5.1,243
2025-05-30T04:00,27.0,78,3,6.0,245
2025-05-30T05:00,27.0,79,3,6.7,267
2025-05-30T06:00,28.4,76,3,9.7,260
2025-05-30T07:00,29.9,69,3,10.1,276
2025-05-30T08:00,31.5,62,3,13.7,293
2025-05-30T09:00,32.8,57,3,13.5,289
2025-05-30T10:00,34.0,54,3,12.5,291
2025-05-30T11:00,35.3,50,3,12.0,294
2025-05-30T12:00,36.3,47,3,11.5,292
2025-05-30T13:00,36.6,44,3,11.9,285
2025-05-30T14:00,34.3,49,51,7.6,269
2025-05-30T15:00,28.8,73,63,10.9,331
2025-05-30T16:00,29.6,72,51,4.1,358
2025-05-30T17:00,30.4,67,3,5.6,27
2025-05-30T18:00,30.0,78,3,2.4,347
2025-05-30T19:00,29.2,79,3,1.4,320
2025-05-30T20:00,28.9,80,3,1.0,211
2025-05-30T21:00,28.1,83,3,3.6,210
2025-05-30T22:00,27.9,82,3,3.9,233
2025-05-30T23:00,28.1,80,3,3.7,241
2025-05-31T00:00,28.0,78,3,4.3,265
2025-05-31T01:00,28.2,74,3,4.9,270
2025-05-31T02:00,28.2,68,0,8.9,279
2025-05-31T03:00,28.1,66,0,9.4,283
2025-05-31T04:00,27.9,68,0,10.6,280
2025-05-31T05:00,27.7,69,0,11.5,284
2025-05-31T06:00,28.4,70,3,14.8,302
2025-05-31T07:00,29.3,64,3,15.0,300
2025-05-31T08:00,30.5,60,3,14.7,296
2025-05-31T09:00,32.0,55,3,14.2,296
2025-05-31T10:00,33.4,52,0,13.5,301
2025-05-31T11:00,34.7,48,0,12.6,298
2025-05-31T12:00,35.8,41,1,13.5,289
2025-05-31T13:00,36.5,32,2,13.7,289
2025-05-31T14:00,37.0,30,2,15.2,283
2025-05-31T15:00,36.8,31,3,17.0,280
2025-05-31T16:00,36.0,33,2,17.6,276
2025-05-31T17:00,35.0,34,2,15.5,265
2025-05-31T18:00,33.2,37,3,12.5,250
2025-05-31T19:00,31.6,41,3,13.0,242
2025-05-31T20:00,30.7,44,3,12.8,255
2025-05-31T21:00,29.5,48,3,10.8,267
2025-05-31T22:00,29.1,48,3,12.5,263
2025-05-31T23:00,28.9,48,3,12.8,269
2025-06-01T00:00,28.5,50,3,12.9,277
2025-06-01T01:00,28.6,49,3,15.7,279
2025-06-01T02:00,27.9,52,3,14.5,287
2025-06-01T03:00,27.1,57,3,13.9,287
2025-06-01T04:00,26.7,59,3,14.0,288
2025-06-01T05:00,26.3,62,3,14.1,286
2025-06-01T06:00,27.7,66,3,14.7,285
2025-06-01T07:00,28.9,63,3,13.2,285
2025-06-01T08:00,30.3,57,3,14.2,288
2025-06-01T09:00,31.9,50,3,13.6,287
2025-06-01T10:00,33.7,42,3,13.2,282
2025-06-01T11:00,35.2,35,3,13.8,277
2025-06-01T12:00,36.0,30,3,14.6,270
2025-06-01T13:00,36.1,30,3,14.5,259
2025-06-01T14:00,36.7,26,3,14.9,255
2025-06-01T15:00,36.6,26,3,15.3,258
2025-06-01T16:00,35.9,29,3,15.3,257
2025-06-01T17:00,34.6,32,3,11.2,249
2025-06-01T18:00,32.5,34,1,13.9,240
2025-06-01T19:00,31.2,37,0,12.5,231
2025-06-01T20:00,30.1,40,0,12.3,239
2025-06-01T21:00,29.3,43,2,11.3,252
2025-06-01T22:00,28.6,46,2,10.9,261
2025-06-01T23:00,27.9,48,2,9.4,259
2025-06-02T00:00,27.0,52,2,9.6,232
2025-06-02T01:00,27.4,50,3,11.3,243
2025-06-02T02:00,27.8,51,0,11.0,246
2025-06-02T03:00,26.9,57,2,10.7,256
2025-06-02T04:00,26.4,61,3,9.9,251
2025-06-02T05:00,26.2,65,3,9.7,242
2025-06-02T06:00,28.6,65,2,11.6,242
2025-06-02T07:00,29.8,61,2,13.7,254
2025-06-02T08:00,30.7,57,1,13.9,265
2025-06-02T09:00,32.4,50,0,13.4,274
2025-06-02T10:00,33.4,48,1,12.6,269
2025-06-02T11:00,34.4,44,3,11.2,258
2025-06-02T12:00,34.8,41,3,11.6,238
2025-06-02T13:00,32.2,50,53,14.1,238
2025-06-02T14:00,34.7,43,51,11.5,240
2025-06-02T15:00,34.7,42,1,13.9,239
2025-06-02T16:00,34.1,43,1,15.8,238
2025-06-02T17:00,33.1,44,0,13.9,243
2025-06-02T18:00,32.0,44,2,10.5,200
2025-06-02T19:00,30.6,48,2,10.1,204
2025-06-02T20:00,29.5,51,0,9.6,206
2025-06-02T21:00,28.6,55,1,9.5,201
2025-06-02T22:00,28.3,56,1,10.9,207
2025-06-02T23:00,27.5,58,2,9.8,229
2025-06-03T00:00,27.0,60,3,8.3,236
2025-06-03T01:00,26.3,61,3,7.2,264
2025-06-03T02:00,25.5,64,3,5.6,270
2025-06-03T03:00,25.7,62,3,6.7,301
2025-06-03T04:00,25.2,64,2,6.2,291
2025-06-03T05:00,24.7,69,2,5.4,278
2025-06-03T06:00,28.4,61,0,12.1,267
2025-06-03T07:00,29.7,58,0,13.7,269
2025-06-03T08:00,30.9,52,0,14.5,277
2025-06-03T09:00,32.4,46,0,13.5,272
2025-06-03T10:00,33.9,38,0,14.8,269
2025-06-03T11:00,34.8,34,1,16.4,268
2025-06-03T12:00,34.9,33,1,18.7,271
2025-06-03T13:00,34.7,34,3,18.8,277
2025-06-03T14:00,33.7,40,3,14.4,272
2025-06-03T15:00,34.5,39,3,11.6,286
2025-06-03T16:00,34.5,39,1,11.0,280
2025-06-03T17:00,33.9,41,0,9.6,261
2025-06-03T18:00,32.4,38,0,8.0,250
2025-06-03T19:00,30.7,41,0,8.1,242
2025-06-03T20:00,29.3,45,1,7.7,245
2025-06-03T21:00,28.8,47,0,9.1,252
2025-06-03T22:00,28.6,47,1,10.1,289
2025-06-03T23:00,28.2,48,1,10.6,313
2025-06-04T00:00,27.8,52,2,9.8,308
2025-06-04T01:00,27.8,54,3,10.1,309
2025-06-04T02:00,26.9,59,3,5.4,285
2025-06-04T03:00,26.5,64,3,4.0,260
2025-06-04T04:00,26.1,66,2,4.1,272
2025-06-04T05:00,25.4,69,0,5.2,299
2025-06-04T06:00,27.0,68,3,11.2,311
2025-06-04T07:00,27.2,68,3,11.6,316
2025-06-04T08:00,29.0,60,1,9.7,321
2025-06-04T09:00,30.8,52,1,10.2,311
2025-06-04T10:00,32.5,46,1,8.9,304
2025-06-04T11:00,34.2,42,1,6.9,298
2025-06-04T12:00,35.3,38,3,8.2,284
2025-06-04T13:00,35.5,35,1,11.4,274
2025-06-04T14:00,35.7,33,0,10.2,293
2025-06-04T15:00,35.8,32,1,7.4,283
2025-06-04T16:00,35.7,31,0,6.3,285
2025-06-04T17:00,34.3,34,1,7.1,345
2025-06-04T18:00,28.4,57,51,12.4,9
2025-06-04T19:00,28.4,61,1,8.8,19
2025-06-04T20:00,27.4,65,1,4.3,24
2025-06-04T21:00,27.4,65,3,4.2,18
2025-06-04T22:00,27.4,66,3,4.1,345
2025-06-04T23:00,27.9,62,3,7.3,340
2025-06-05T00:00,27.7,63,3,7.8,353
2025-06-05T01:00,27.1,68,3,2.5,360
2025-06-05T02:00,26.2,75,51,4.5,254
2025-06-05T03:00,25.7,80,3,3.2,214
2025-06-05T04:00,25.6,83,3,3.0,25
2025-06-05T05:00,25.7,81,3,0.3,225
2025-06-05T06:00,27.2,67,3,7.2,264
2025-06-05T07:00,27.9,65,3,4.2,290
2025-06-05T08:00,29.4,58,3,4.3,303
2025-06-05T09:00,31.0,50,0,6.1,293
2025-06-05T10:00,33.3,43,0,5.4,307
2025-06-05T11:00,34.6,37,0,5.0,334
2025-06-05T12:00,35.6,33,0,5.3,342
2025-06-05T13:00,36.1,32,0,4.7,344
2025-06-05T14:00,36.4,32,1,4.1,337
2025-06-05T15:00,36.1,32,1,5.8,277
2025-06-05T16:00,35.5,32,0,8.8,235
2025-06-05T17:00,34.5,36,1,7.6,225
2025-06-05T18:00,33.6,44,1,1.7,288
2025-06-05T19:00,31.8,45,1,14.0,244
2025-06-05T20:00,30.3,49,1,9.9,268
2025-06-05T21:00,29.7,51,0,6.4,230
2025-06-05T22:00,28.7,55,1,5.9,243
2025-06-05T23:00,28.2,58,0,3.0,287
2025-06-06T00:00,27.3,61,0,3.9,283
2025-06-06T01:00,26.7,61,0,6.3,325
2025-06-06T02:00,26.0,65,0,5.9,333
2025-06-06T03:00,25.7,67,0,6.7,290
2025-06-06T04:00,24.6,73,1,5.3,308
2025-06-06T05:00,24.3,75,0,5.4,304
2025-06-06T06:00,26.9,69,3,5.4,266
2025-06-06T07:00,29.2,61,3,4.2,301
2025-06-06T08:00,32.2,47,0,4.0,328
2025-06-06T09:00,34.4,36,0,2.9,356
2025-06-06T10:00,35.7,32,0,2.9,7
2025-06-06T11:00,36.7,28,0,4.0,350
2025-06-06T12:00,37.4,26,0,5.4,334
2025-06-06T13:00,37.9,24,1,7.4,334
2025-06-06T14:00,38.1,22,1,5.8,326
2025-06-06T15:00,38.1,22,1,3.1,357
2025-06-06T16:00,37.9,23,2,3.5,24
2025-06-06T17:00,36.9,33,1,1.8,53
2025-06-06T18:00,35.1,28,0,6.6,49
2025-06-06T19:00,33.7,30,3,1.3,225
2025-06-06T20:00,31.9,44,3,3.7,247
2025-06-06T21:00,32.2,45,0,0.6,18
2025-06-06T22:00,30.2,48,0,3.6,297
2025-06-06T23:00,29.3,50,0,5.7,314
2025-06-07T00:00,28.5,51,2,5.3,332
2025-06-07T01:00,27.9,53,3,5.4,310
2025-06-07T02:00,27.9,51,0,7.7,342
2025-06-07T03:00,27.7,51,0,7.4,359
2025-06-07T04:00,26.4,57,0,5.0,314
2025-06-07T05:00,26.1,59,0,5.7,307
2025-06-07T06:00,29.4,50,2,8.1,325
2025-06-07T07:00,30.8,47,1,13.5,335
2025-06-07T08:00,32.0,44,3,17.7,345
2025-06-07T09:00,31.4,46,3,14.4,340
2025-06-07T10:00,32.2,44,3,9.8,343
2025-06-07T11:00,33.9,40,3,11.2,325
2025-06-07T12:00,35.4,34,3,10.8,317
2025-06-07T13:00,36.0,32,3,11.6,305
2025-06-07T14:00,36.0,32,3,12.0,303
2025-06-07T15:00,36.5,30,3,8.8,303
2025-06-07T16:00,36.7,30,1,6.1,294
2025-06-07T17:00,36.4,31,3,3.4,252
2025-06-07T18:00,34.3,39,3,6.2,232
2025-06-07T19:00,31.8,47,2,5.3,235
2025-06-07T20:00,31.1,50,0,7.4,231
2025-06-07T21:00,30.8,49,0,9.2,253
2025-06-07T22:00,30.2,48,0,6.3,288
2025-06-07T23:00,30.0,46,1,6.3,301
2025-06-08T00:00,30.4,44,1,7.7,295
2025-06-08T01:00,30.9,42,1,11.0,294
2025-06-08T02:00,30.0,45,2,9.2,303
2025-06-08T03:00,29.8,47,3,12.3,316
2025-06-08T04:00,29.7,49,3,15.0,312
2025-06-08T05:00,29.2,51,0,14.6,309
2025-06-08T06:00,30.4,50,1,13.1,291
2025-06-08T07:00,31.6,48,1,14.3,295
2025-06-08T08:00,33.3,43,0,18.1,300
2025-06-08T09:00,35.1,38,0,18.6,305
2025-06-08T10:00,36.8,36,0,18.1,310
2025-06-08T11:00,38.8,29,0,16.6,312
2025-06-08T12:00,39.9,25,0,14.8,320
2025-06-08T13:00,40.5,22,1,13.1,335
2025-06-08T14:00,40.1,22,3,14.9,352
2025-06-08T15:00,39.0,23,3,9.7,326
2025-06-08T16:00,39.7,21,51,9.7,266
2025-06-08T17:00,38.3,25,51,10.5,283
2025-06-08T18:00,37.7,27,1,9.4,313
2025-06-08T19:00,36.5,30,0,10.5,305
2025-06-08T20:00,34.9,34,0,10.9,276
2025-06-08T21:00,34.1,35,0,11.9,264
2025-06-08T22:00,33.3,40,0,14.4,271
2025-06-08T23:00,33.1,41,0,14.4,271
2025-06-09T00:00,33.0,39,1,16.7,282
2025-06-09T01:00,32.4,40,0,16.8,297
2025-06-09T02:00,31.6,42,0,17.1,306
2025-06-09T03:00,31.2,43,0,19.8,311
2025-06-09T04:00,30.8,45,1,20.2,315
2025-06-09T05:00,30.5,47,0,20.5,319
2025-06-09T06:00,30.8,52,1,8.2,280
2025-06-09T07:00,32.3,48,0,9.1,287
2025-06-09T08:00,34.2,43,0,12.1,295
2025-06-09T09:00,36.0,40,0,8.2,310
2025-06-09T10:00,38.0,35,0,9.3,314
2025-06-09T11:00,39.8,28,1,13.3,325
2025-06-09T12:00,40.5,25,2,12.1,1
2025-06-09T13:00,40.6,25,0,9.6,340
2025-06-09T14:00,41.8,23,1,15.2,353
2025-06-09T15:00,41.3,23,1,13.9,347
2025-06-09T16:00,40.8,22,2,14.1,356
2025-06-09T17:00,39.8,23,1,14.8,4
2025-06-09T18:00,38.4,23,2,6.5,309
2025-06-09T19:00,35.9,28,3,4.7,254
2025-06-09T20:00,34.9,28,3,5.8,236
2025-06-09T21:00,33.9,32,1,7.1,223
2025-06-09T22:00,33.4,33,2,7.8,263
2025-06-09T23:00,32.1,40,2,3.8,251
2025-06-10T00:00,30.8,43,3,4.3,213
2025-06-10T01:00,30.7,44,3,5.0,235
2025-06-10T02:00,30.6,44,3,8.7,257
2025-06-10T03:00,30.2,45,3,11.1,292
2025-06-10T04:00,30.1,48,3,13.2,298
2025-06-10T05:00,29.9,49,1,13.7,305
2025-06-10T06:00,30.1,59,3,13.4,278
2025-06-10T07:00,31.7,54,3,14.1,286
2025-06-10T08:00,33.6,47,1,16.4,299
2025-06-10T09:00,35.8,41,1,16.7,312
2025-06-10T10:00,38.1,36,2,16.9,320
2025-06-10T11:00,40.4,27,1,14.8,339
2025-06-10T12:00,39.5,25,51,9.9,350
2025-06-10T13:00,40.9,24,1,14.5,306
2025-06-10T14:00,41.6,22,2,12.7,27
2025-06-10T15:00,42.0,20,1,16.2,357
2025-06-10T16:00,40.8,21,0,10.8,38
2025-06-10T17:00,39.5,23,3,17.6,359
2025-06-10T18:00,37.5,28,3,10.6,122
2025-06-10T19:00,33.9,43,3,12.3,175
2025-06-10T20:00,32.4,48,3,11.9,166
2025-06-10T21:00,31.6,52,3,8.9,193
2025-06-10T22:00,30.7,58,0,10.2,198
2025-06-10T23:00,30.1,61,0,8.5,178
2025-06-11T00:00,29.7,63,3,6.5,194
2025-06-11T01:00,29.3,65,2,4.9,231
2025-06-11T02:00,29.0,68,2,3.1,294
2025-06-11T03:00,28.8,68,1,5.1,352
2025-06-11T04:00,28.7,68,0,4.2,36
2025-06-11T05:00,28.7,68,1,5.6,45
2025-06-11T06:00,27.8,73,1,7.5,190
2025-06-11T07:00,28.9,71,1,5.6,186
2025-06-11T08:00,30.9,62,2,3.3,193
2025-06-11T09:00,32.8,54,1,1.0,225
2025-06-11T10:00,34.6,47,2,1.9,29
2025-06-11T11:00,36.3,41,1,4.4,55
2025-06-11T12:00,37.4,37,3,6.7,66
2025-06-11T13:00,38.0,36,3,10.0,64
2025-06-11T14:00,37.8,37,3,8.9,54
2025-06-11T15:00,38.1,36,3,7.7,57
2025-06-11T16:00,36.2,40,3,11.4,106
2025-06-11T17:00,35.7,41,3,10.5,125
2025-06-11T18:00,35.8,37,3,11.8,102
2025-06-11T19:00,34.3,44,3,9.1,142
2025-06-11T20:00,33.3,49,3,7.8,161
2025-06-11T21:00,32.3,53,3,6.7,196
2025-06-11T22:00,31.6,56,3,3.8,205
2025-06-11T23:00,31.0,59,3,3.7,209
2025-06-12T00:00,30.6,65,3,2.1,200
2025-06-12T01:00,30.4,64,3,0.4,333
2025-06-12T02:00,29.9,67,3,2.0,350
2025-06-12T03:00,29.8,67,3,1.5,45
2025-06-12T04:00,29.7,65,3,7.5,98
2025-06-12T05:00,28.9,68,2,8.6,113
2025-06-12T06:00,29.9,66,3,2.4,257
2025-06-12T07:00,31.8,58,3,1.6,96
2025-06-12T08:00,33.4,51,3,4.9,54
2025-06-12T09:00,33.7,50,3,5.9,63
2025-06-12T10:00,35.2,45,0,7.7,57
2025-06-12T11:00,36.4,42,1,9.1,60
2025-06-12T12:00,37.1,41,1,9.7,66
2025-06-12T13:00,37.4,39,1,11.8,74
2025-06-12T14:00,37.4,38,1,11.4,74
2025-06-12T15:00,37.5,39,1,11.4,77
2025-06-12T16:00,36.8,40,51,14.1,79
2025-06-12T17:00,35.9,40,51,8.7,85
2025-06-12T18:00,35.8,40,51,11.5,94
2025-06-12T19:00,34.3,46,51,9.2,157
2025-06-12T20:00,32.0,61,0,11.9,209
2025-06-12T21:00,31.3,64,0,9.0,213
2025-06-12T22:00,30.8,68,0,8.3,213
2025-06-12T23:00,30.3,70,0,5.9,203
2025-06-13T00:00,29.8,72,0,4.3,202
2025-06-13T01:00,29.4,74,0,4.5,185
2025-06-13T02:00,28.9,78,0,1.6,180
2025-06-13T03:00,28.8,81,1,0.6,198
2025-06-13T04:00,28.5,80,1,1.6,180
2025-06-13T05:00,28.2,82,0,2.8,162
2025-06-13T06:00,29.1,73,0,4.3,182
2025-06-13T07:00,30.3,67,0,6.2,170
2025-06-13T08:00,31.2,64,51,7.9,168
2025-06-13T09:00,32.4,59,51,6.8,163
2025-06-13T10:00,33.8,54,0,6.8,153
2025-06-13T11:00,34.8,49,51,6.6,137
2025-06-13T12:00,35.6,47,1,6.6,125
2025-06-13T13:00,36.3,44,1,6.5,118
2025-06-13T14:00,37.0,42,1,6.5,118
2025-06-13T15:00,36.9,42,0,6.6,131
2025-06-13T16:00,36.6,43,2,8.6,127
2025-06-13T17:00,34.2,49,51,8.5,83
2025-06-13T18:00,34.0,49,1,9.2,149
2025-06-13T19:00,33.3,52,0,6.7,186
2025-06-13T20:00,32.4,58,0,8.7,214
2025-06-13T21:00,32.0,59,0,6.3,215
2025-06-13T22:00,31.5,61,0,5.6,205
2025-06-13T23:00,30.9,64,0,7.3,200
2025-06-14T00:00,30.4,66,1,8.2,199
2025-06-14T01:00,29.9,67,1,8.4,200
2025-06-14T02:00,29.5,69,3,8.1,179
2025-06-14T03:00,27.2,80,51,15.7,179
2025-06-14T04:00,26.2,86,51,9.8,187
2025-06-14T05:00,26.0,87,3,7.4,146
2025-06-14T06:00,29.6,70,0,2.8,191
2025-06-14T07:00,30.5,66,0,4.5,157
2025-06-14T08:00,32.0,61,0,6.6,191
2025-06-14T09:00,33.5,55,0,7.6,198
2025-06-14T10:00,35.0,50,0,7.3,190
2025-06-14T11:00,36.0,47,1,8.6,182
2025-06-14T12:00,36.7,44,3,9.7,180
2025-06-14T13:00,37.1,42,3,9.2,178
2025-06-14T14:00,37.0,41,3,9.8,193
2025-06-14T15:00,36.5,43,1,8.5,182
2025-06-14T16:00,36.5,42,1,6.6,154
2025-06-14T17:00,35.8,44,0,11.0,140
2025-06-14T18:00,34.7,50,2,9.3,151
2025-06-14T19:00,33.6,54,2,9.8,162
2025-06-14T20:00,33.0,56,2,4.4,201
2025-06-14T21:00,31.6,63,51,1.7,283
2025-06-14T22:00,29.4,73,61,9.8,221
2025-06-14T23:00,28.3,80,53,5.2,248
2025-06-15T00:00,28.1,77,3,10.0,221
2025-06-15T01:00,27.6,79,3,9.8,226
2025-06-15T02:00,27.3,81,2,5.6,220
2025-06-15T03:00,27.1,82,1,4.4,212
2025-06-15T04:00,26.8,84,3,2.5,176
2025-06-15T05:00,26.6,85,1,4.3,138
2025-06-15T06:00,28.0,80,0,5.7,101
2025-06-15T07:00,29.3,74,1,6.1,130
2025-06-15T08:00,30.9,66,2,7.4,167
2025-06-15T09:00,32.5,59,3,6.7,174
2025-06-15T10:00,33.8,54,1,6.4,158
2025-06-15T11:00,35.0,50,0,7.6,155
2025-06-15T12:00,35.6,48,1,8.3,156
2025-06-15T13:00,36.3,46,1,8.4,171
2025-06-15T14:00,36.7,45,1,8.9,174
2025-06-15T15:00,36.6,45,0,9.7,164
2025-06-15T16:00,36.1,46,0,9.7,165
2025-06-15T17:00,33.3,56,55,12.5,203
2025-06-15T18:00,33.7,49,1,14.8,185
2025-06-15T19:00,32.5,55,0,13.0,191
2025-06-15T20:00,31.6,59,0,14.9,180
2025-06-15T21:00,31.0,61,0,11.2,175
2025-06-15T22:00,30.5,63,0,9.6,175
2025-06-15T23:00,30.1,65,2,11.1,172
2025-06-16T00:00,29.6,66,0,11.5,176
2025-06-16T01:00,29.1,68,1,10.4,180
2025-06-16T02:00,28.7,70,3,10.3,187
2025-06-16T03:00,28.4,72,3,9.4,188
2025-06-16T04:00,28.1,74,3,10.3,192
2025-06-16T05:00,27.8,75,3,9.7,196
2025-06-16T06:00,28.1,74,2,11.4,183
2025-06-16T07:00,29.1,69,3,12.3,187
2025-06-16T08:00,30.2,64,2,11.5,183
2025-06-16T09:00,31.0,61,51,11.3,178
2025-06-16T10:00,32.2,58,51,11.2,174
2025-06-16T11:00,33.7,53,3,9.0,160
2025-06-16T12:00,34.7,50,1,9.7,158
2025-06-16T13:00,35.0,49,0,10.5,156
2025-06-16T14:00,35.7,46,3,12.8,164
2025-06-16T15:00,31.3,63,53,21.4,178
2025-06-16T16:00,31.4,63,53,14.8,185
2025-06-16T17:00,31.9,59,1,12.9,189
2025-06-16T18:00,31.6,59,3,15.8,163
2025-06-16T19:00,31.0,61,3,13.8,168
2025-06-16T20:00,29.8,67,3,17.7,182
2025-06-16T21:00,28.7,69,3,19.6,206
2025-06-16T22:00,26.8,81,51,11.7,198
2025-06-16T23:00,25.8,90,61,6.3,177
2025-06-17T00:00,25.9,91,3,7.7,201
2025-06-17T01:00,25.7,91,3,7.4,198
2025-06-17T02:00,25.6,91,3,7.9,196
2025-06-17T03:00,25.6,91,3,9.0,196
2025-06-17T04:00,25.6,91,2,8.3,202
2025-06-17T05:00,25.6,92,2,8.6,219
2025-06-17T06:00,26.2,84,0,7.8,203
2025-06-17T07:00,27.9,75,2,9.4,222
2025-06-17T08:00,29.7,65,3,16.6,251
2025-06-17T09:00,30.8,59,3,16.1,260
2025-06-17T10:00,31.7,56,3,13.1,261
2025-06-17T11:00,29.8,68,53,15.1,235
2025-06-17T12:00,31.1,62,2,8.3,231
2025-06-17T13:00,33.1,54,51,13.5,233
2025-06-17T14:00,33.9,49,3,15.9,252
2025-06-17T15:00,33.9,48,3,15.8,238
2025-06-17T16:00,33.2,50,3,16.0,241
2025-06-17T17:00,32.8,52,3,10.8,234
2025-06-17T18:00,31.3,61,3,2.7,222
2025-06-17T19:00,29.9,62,3,4.2,162
2025-06-17T20:00,29.6,64,3,4.1,167
2025-06-17T21:00,29.6,62,3,5.0,178
2025-06-17T22:00,29.3,63,3,8.1,208
2025-06-17T23:00,28.8,65,3,9.6,214
2025-06-18T00:00,28.7,64,3,10.9,234
2025-06-18T01:00,28.5,63,3,10.9,239
2025-06-18T02:00,28.6,61,3,13.2,241
2025-06-18T03:00,28.3,62,3,14.4,242
2025-06-18T04:00,28.0,63,3,14.6,246
2025-06-18T05:00,27.6,65,3,14.4,247
2025-06-18T06:00,28.1,64,3,15.5,248
2025-06-18T07:00,28.6,61,3,16.9,248
2025-06-18T08:00,29.6,58,3,16.7,245
2025-06-18T09:00,30.5,56,3,15.1,239
2025-06-18T10:00,32.6,50,1,17.7,245
2025-06-18T11:00,32.9,50,51,16.6,244
2025-06-18T12:00,33.4,49,51,17.1,242
2025-06-18T13:00,34.7,47,3,16.1,240
2025-06-18T14:00,33.2,51,53,19.6,238
2025-06-18T15:00,33.0,52,51,16.8,227
2025-06-18T16:00,33.2,52,51,18.5,238
2025-06-18T17:00,30.0,66,51,19.1,229
2025-06-18T18:00,31.4,59,3,14.5,228
2025-06-18T19:00,30.0,68,3,12.0,223
2025-06-18T20:00,29.3,71,3,12.2,226
2025-06-18T21:00,28.8,74,3,11.3,227
2025-06-18T22:00,28.5,74,3,17.3,241
2025-06-18T23:00,27.3,78,3,12.2,241
2025-06-19T00:00,26.9,80,3,11.5,240
2025-06-19T01:00,26.7,82,3,10.9,232
2025-06-19T02:00,26.7,82,3,13.2,238
2025-06-19T03:00,26.6,82,3,13.2,236
2025-06-19T04:00,26.5,81,3,13.2,236
2025-06-19T05:00,26.5,80,3,11.9,232
2025-06-19T06:00,27.7,73,3,13.9,231
2025-06-19T07:00,27.7,73,51,16.9,232
2025-06-19T08:00,27.0,80,61,15.1,244
2025-06-19T09:00,26.8,84,63,13.7,230
2025-06-19T10:00,28.8,72,51,13.3,235
2025-06-19T11:00,30.1,64,3,15.0,240
2025-06-19T12:00,32.4,57,3,14.2,237
2025-06-19T13:00,33.3,53,3,14.7,233
2025-06-19T14:00,34.2,49,3,18.1,227
2025-06-19T15:00,33.7,51,3,17.9,234
2025-06-19T16:00,28.0,78,61,20.8,224
2025-06-19T17:00,29.3,76,51,9.5,226
2025-06-19T18:00,27.1,79,51,17.4,244
2025-06-19T19:00,26.6,84,51,15.2,241
2025-06-19T20:00,26.0,88,51,15.3,240
2025-06-19T21:00,25.4,89,51,16.7,240
2025-06-19T22:00,24.8,90,51,16.2,243
2025-06-19T23:00,24.5,91,51,15.3,248
2025-06-20T00:00,24.3,88,51,13.7,251
2025-06-20T01:00,24.0,88,51,12.0,248
2025-06-20T02:00,24.0,92,51,12.4,230
2025-06-20T03:00,24.1,94,51,12.4,222
2025-06-20T04:00,24.2,96,53,12.0,223
2025-06-20T05:00,24.3,96,53,12.8,222
2025-06-20T06:00,25.3,89,51,14.0,234
2025-06-20T07:00,26.1,84,3,13.0,235
2025-06-20T08:00,27.0,78,3,14.1,235
2025-06-20T09:00,27.9,72,3,15.5,243
2025-06-20T10:00,29.6,63,2,16.3,256
2025-06-20T11:00,30.8,58,3,18.6,267
2025-06-20T12:00,32.1,52,3,20.2,268
2025-06-20T13:00,32.9,47,3,21.0,263
2025-06-20T14:00,33.6,47,3,20.5,268
2025-06-20T15:00,34.1,46,3,19.5,272
2025-06-20T16:00,33.1,47,3,17.9,276
2025-06-20T17:00,32.7,51,3,14.5,262
2025-06-20T18:00,31.2,56,3,9.5,289
2025-06-20T19:00,29.3,65,3,3.6,288
2025-06-20T20:00,28.5,68,3,4.4,289
2025-06-20T21:00,28.1,69,3,5.0,240
2025-06-20T22:00,27.7,72,3,7.8,222
2025-06-20T23:00,27.3,74,3,8.0,226
2025-06-21T00:00,27.2,73,3,10.3,223
2025-06-21T01:00,27.8,66,3,13.8,254
2025-06-21T02:00,27.7,67,3,13.5,261
2025-06-21T03:00,27.5,69,3,12.6,259
2025-06-21T04:00,27.0,71,3,13.3,254
2025-06-21T05:00,26.6,72,3,14.7,259
2025-06-21T06:00,27.3,70,3,15.7,261
2025-06-21T07:00,28.1,66,3,16.2,262
2025-06-21T08:00,29.5,62,1,18.3,263
2025-06-21T09:00,31.0,55,1,19.1,268
2025-06-21T10:00,32.5,50,1,19.1,272
2025-06-21T11:00,33.3,46,51,19.1,267
2025-06-21T12:00,34.3,43,51,19.1,270
2025-06-21T13:00,35.1,41,51,19.4,269
2025-06-21T14:00,34.8,41,51,19.4,272
2025-06-21T15:00,34.7,41,51,19.4,269
2025-06-21T16:00,33.8,46,53,18.4,261
2025-06-21T17:00,32.7,50,51,16.2,271
2025-06-21T18:00,31.1,56,3,13.9,272
2025-06-21T19:00,30.1,61,3,12.6,294
2025-06-21T20:00,27.3,78,51,10.7,325
2025-06-21T21:00,26.3,90,63,6.5,300
2025-06-21T22:00,25.5,92,63,10.4,304
2025-06-21T23:00,25.0,94,61,10.7,283
2025-06-22T00:00,25.3,92,51,11.1,245
2025-06-22T01:00,25.3,92,51,10.2,252
2025-06-22T02:00,25.2,92,51,12.6,260
2025-06-22T03:00,25.1,89,51,15.0,260
2025-06-22T04:00,24.5,93,53,14.1,255
2025-06-22T05:00,24.3,93,55,14.2,258
2025-06-22T06:00,25.5,87,51,14.3,251
2025-06-22T07:00,26.6,79,3,12.2,245
2025-06-22T08:00,27.6,72,3,14.2,244
2025-06-22T09:00,29.5,63,3,20.4,261
2025-06-22T10:00,28.6,67,3,20.7,263
2025-06-22T11:00,29.1,66,51,20.1,263
2025-06-22T12:00,30.3,62,51,18.4,267
2025-06-22T13:00,32.3,55,3,17.5,273
2025-06-22T14:00,32.7,52,3,18.9,267
2025-06-22T15:00,29.8,69,63,9.3,261
2025-06-22T16:00,30.4,63,51,11.4,258
2025-06-22T17:00,29.4,69,51,7.4,231
2025-06-22T18:00,29.4,65,3,7.1,263
2025-06-22T19:00,28.6,70,3,4.7,270
2025-06-22T20:00,27.9,76,3,1.3,225
2025-06-22T21:00,27.7,75,3,6.4,212
2025-06-22T22:00,27.4,76,3,6.9,223
2025-06-22T23:00,27.4,75,3,10.7,250
2025-06-23T00:00,26.3,82,51,14.6,248
2025-06-23T01:00,25.2,91,61,13.2,235
2025-06-23T02:00,25.1,91,51,14.0,244
2025-06-23T03:00,25.3,89,51,14.5,251
2025-06-23T04:00,25.6,85,3,14.5,259
2025-06-23T05:00,25.7,82,3,13.3,252
2025-06-23T06:00,26.7,76,3,16.5,259
2025-06-23T07:00,27.6,71,3,15.0,260
2025-06-23T08:00,28.8,66,3,17.2,263
2025-06-23T09:00,30.2,59,3,21.1,266
2025-06-23T10:00,31.1,55,3,20.4,265
2025-06-23T11:00,32.0,53,3,20.5,259
2025-06-23T12:00,32.3,54,51,20.7,255
2025-06-23T13:00,32.6,51,51,22.5,259
2025-06-23T14:00,31.4,61,53,26.1,252
2025-06-23T15:00,30.1,67,51,16.0,232
2025-06-23T16:00,29.1,71,53,22.0,265
2025-06-23T17:00,27.1,84,63,12.3,252
2025-06-23T18:00,28.1,78,61,14.8,248
2025-06-23T19:00,26.5,85,3,11.2,232
2025-06-23T20:00,26.5,85,3,11.6,229
2025-06-23T21:00,26.0,87,53,15.9,225
2025-06-23T22:00,25.3,93,53,14.1,232
2025-06-23T23:00,25.0,95,53,12.7,232
2025-06-24T00:00,25.1,94,51,12.6,244
2025-06-24T01:00,25.2,93,3,13.1,243
2025-06-24T02:00,25.1,91,3,14.5,245
2025-06-24T03:00,25.1,89,3,14.8,247
2025-06-24T04:00,25.0,90,51,13.9,243
2025-06-24T05:00,24.9,90,51,13.7,249
2025-06-24T06:00,26.0,80,51,13.3,252
2025-06-24T07:00,26.6,77,3,12.1,245
2025-06-24T08:00,28.1,70,51,17.6,257
2025-06-24T09:00,28.8,68,3,17.9,261
2025-06-24T10:00,29.4,66,51,14.5,262
2025-06-24T11:00,31.1,59,51,13.3,261
2025-06-24T12:00,32.0,56,51,12.6,253
2025-06-24T13:00,31.2,62,61,13.6,248
2025-06-24T14:00,30.6,66,53,17.3,255
2025-06-24T15:00,27.6,83,61,15.5,273
2025-06-24T16:00,26.9,93,63,15.3,273
2025-06-24T17:00,26.8,92,61,9.7,268
2025-06-24T18:00,27.1,86,61,8.4,242
2025-06-24T19:00,27.0,83,51,11.0,264
2025-06-24T20:00,26.5,83,3,6.5,294
2025-06-24T21:00,26.2,85,51,5.7,259
2025-06-24T22:00,25.7,88,61,5.9,223
2025-06-24T23:00,25.1,93,53,7.9,237
2025-06-25T00:00,24.9,92,53,12.6,256
2025-06-25T01:00,24.3,94,51,10.1,265
2025-06-25T02:00,24.2,93,55,10.4,262
2025-06-25T03:00,24.0,94,53,10.1,260
2025-06-25T04:00,24.1,94,51,10.8,252
2025-06-25T05:00,24.2,94,3,10.6,252
2025-06-25T06:00,24.8,93,53,9.7,266
2025-06-25T07:00,25.4,91,61,9.1,256
2025-06-25T08:00,26.0,87,61,8.6,248
2025-06-25T09:00,26.5,85,51,8.5,245
2025-06-25T10:00,27.4,81,51,8.5,249
2025-06-25T11:00,28.8,74,51,8.6,259
2025-06-25T12:00,30.8,65,51,8.1,271
2025-06-25T13:00,31.5,61,3,8.5,257
2025-06-25T14:00,29.4,71,63,13.0,217
2025-06-25T15:00,28.2,78,61,9.8,194
2025-06-25T16:00,27.3,85,63,11.2,272
2025-06-25T17:00,26.2,90,63,13.6,250
2025-06-25T18:00,28.5,76,3,9.7,242
2025-06-25T19:00,26.8,85,61,11.0,238
2025-06-25T20:00,25.6,92,63,9.5,217
2025-06-25T21:00,25.2,95,63,6.6,196
2025-06-25T22:00,25.3,96,51,4.9,216
2025-06-25T23:00,25.4,96,51,8.1,242
2025-06-26T00:00,25.2,97,51,7.2,235
2025-06-26T01:00,25.0,95,51,8.3,222
2025-06-26T02:00,24.9,97,51,7.3,245
2025-06-26T03:00,24.8,98,51,7.2,245
2025-06-26T04:00,24.7,97,51,8.1,242
2025-06-26T05:00,24.7,97,3,7.5,243
2025-06-26T06:00,25.1,95,3,5.3,242
2025-06-26T07:00,25.8,91,3,6.3,283
2025-06-26T08:00,26.8,85,51,7.8,292
2025-06-26T09:00,26.9,83,51,7.0,288
2025-06-26T10:00,27.7,80,51,5.6,292
2025-06-26T11:00,28.3,77,51,5.0,255
2025-06-26T12:00,29.5,73,51,6.4,198
2025-06-26T13:00,26.3,88,63,12.4,196
2025-06-26T14:00,25.9,92,61,9.3,208
2025-06-26T15:00,26.2,89,55,13.6,220
2025-06-26T16:00,26.9,85,51,11.6,242
2025-06-26T17:00,26.1,88,61,13.3,232
2025-06-26T18:00,25.7,89,51,12.7,237
2025-06-26T19:00,25.2,93,53,12.1,237
2025-06-26T20:00,25.0,93,51,12.7,230
2025-06-26T21:00,24.7,94,3,12.8,231
2025-06-26T22:00,24.7,93,51,14.6,231
2025-06-26T23:00,24.7,93,3,14.3,224
2025-06-27T00:00,24.7,92,3,13.4,235
2025-06-27T01:00,24.7,91,51,12.2,232
2025-06-27T02:00,24.7,92,3,11.6,234
2025-06-27T03:00,24.7,92,3,11.6,226
2025-06-27T04:00,24.4,94,51,11.7,227
2025-06-27T05:00,24.3,94,51,11.6,221
2025-06-27T06:00,25.3,87,3,13.0,239
2025-06-27T07:00,25.9,85,3,10.7,228
2025-06-27T08:00,26.9,80,3,14.9,243
2025-06-27T09:00,28.4,74,3,15.0,254
2025-06-27T10:00,28.8,70,3,14.2,261
2025-06-27T11:00,29.1,67,3,13.4,253
2025-06-27T12:00,29.2,67,3,13.2,250
2025-06-27T13:00,30.8,62,3,13.8,241
2025-06-27T14:00,31.4,58,3,16.7,248
2025-06-27T15:00,31.9,56,3,17.4,257
2025-06-27T16:00,29.9,67,51,15.5,245
2025-06-27T17:00,29.9,66,3,13.2,248
2025-06-27T18:00,28.9,70,3,9.4,246
2025-06-27T19:00,28.7,71,3,7.6,255
2025-06-27T20:00,28.2,73,3,5.2,245
2025-06-27T21:00,27.5,77,51,4.6,244
2025-06-27T22:00,26.5,87,55,6.0,233
2025-06-27T23:00,25.7,90,53,9.1,219
2025-06-28T00:00,24.9,93,61,15.4,214
2025-06-28T01:00,24.6,94,61,12.6,236
2025-06-28T02:00,24.5,94,53,13.5,243
2025-06-28T03:00,24.7,91,51,13.0,248
2025-06-28T04:00,25.0,87,3,12.9,264
2025-06-28T05:00,25.4,84,3,11.5,259
2025-06-28T06:00,25.8,85,51,12.7,263
2025-06-28T07:00,26.9,79,3,11.0,266
2025-06-28T08:00,28.0,71,3,14.5,262
2025-06-28T09:00,28.9,67,3,17.2,265
2025-06-28T10:00,30.4,62,3,15.1,267
2025-06-28T11:00,31.1,59,3,12.7,263
2025-06-28T12:00,31.3,58,3,13.5,266
2025-06-28T13:00,31.1,59,51,14.0,271
2025-06-28T14:00,31.4,56,3,13.7,273
2025-06-28T15:00,31.7,55,3,12.6,270
2025-06-28T16:00,31.6,56,3,12.1,269
2025-06-28T17:00,30.9,58,3,11.9,260
2025-06-28T18:00,26.5,80,61,14.5,281
2025-06-28T19:00,26.2,85,53,9.6,300
2025-06-28T20:00,26.2,80,3,13.8,277
2025-06-28T21:00,26.5,75,3,14.8,273
2025-06-28T22:00,26.8,71,3,11.5,274
2025-06-28T23:00,26.7,69,3,11.1,278
2025-06-29T00:00,26.4,70,3,10.5,263
2025-06-29T01:00,25.8,73,51,10.6,274
2025-06-29T02:00,25.2,79,3,7.8,275
2025-06-29T03:00,25.5,77,51,10.8,255
2025-06-29T04:00,25.1,80,51,12.6,248
2025-06-29T05:00,24.3,85,61,13.3,243
2025-06-29T06:00,23.4,93,61,12.8,238
2025-06-29T07:00,23.6,94,55,11.8,243
2025-06-29T08:00,23.8,94,55,14.5,238
2025-06-29T09:00,25.1,86,51,16.7,233
2025-06-29T10:00,26.8,80,51,18.4,248
2025-06-29T11:00,26.1,83,51,15.6,247
2025-06-29T12:00,29.0,69,51,20.5,269
2025-06-29T13:00,28.7,66,3,22.7,277
2025-06-29T14:00,27.7,72,51,17.8,259
2025-06-29T15:00,26.1,83,63,14.3,252
2025-06-29T16:00,25.8,87,61,15.3,250
2025-06-29T17:00,25.9,85,51,16.2,253
2025-06-29T18:00,26.6,78,3,13.5,258
2025-06-29T19:00,25.6,83,53,13.2,258
2025-06-29T20:00,24.5,93,61,9.0,237
2025-06-29T21:00,24.3,95,63,10.7,241
2025-06-29T22:00,24.2,92,55,15.6,262
2025-06-29T23:00,24.0,91,51,15.1,258
2025-06-30T00:00,24.0,92,51,15.3,258
2025-06-30T01:00,24.1,92,3,12.3,258
2025-06-30T02:00,24.3,91,3,13.0,260
2025-06-30T03:00,24.4,88,3,14.9,261
2025-06-30T04:00,24.4,88,3,14.7,259
2025-06-30T05:00,24.4,87,3,13.1,261
2025-06-30T06:00,24.8,85,51,15.5,261
2025-06-30T07:00,25.4,83,51,14.9,258
2025-06-30T08:00,25.9,83,55,15.1,269
2025-06-30T09:00,27.8,71,3,21.6,281
2025-06-30T10:00,29.1,67,3,20.0,281
2025-06-30T11:00,29.7,67,61,19.6,280
2025-06-30T12:00,28.4,76,63,16.2,278
2025-06-30T13:00,28.1,76,63,14.1,295
2025-06-30T14:00,27.8,83,65,13.3,279
2025-06-30T15:00,26.7,83,63,18.6,275
2025-06-30T16:00,26.5,87,61,10.6,255
2025-06-30T17:00,27.6,82,3,13.1,251
2025-06-30T18:00,25.8,93,61,12.6,256
2025-06-30T19:00,25.5,95,53,11.3,250
2025-06-30T20:00,25.3,95,53,12.3,240
2025-06-30T21:00,25.3,91,51,13.4,259
2025-06-30T22:00,25.1,92,51,11.7,255
2025-06-30T23:00,24.8,94,53,9.2,263
2025-07-01T00:00,24.5,94,55,10.8,271
2025-07-01T01:00,24.2,95,61,12.4,262
2025-07-01T02:00,24.1,96,55,11.6,264
2025-07-01T03:00,24.1,96,55,11.2,266
2025-07-01T04:00,24.1,95,55,11.7,267
2025-07-01T05:00,24.1,95,51,11.6,275
2025-07-01T06:00,24.8,93,53,13.8,262
2025-07-01T07:00,25.2,92,51,14.0,270
2025-07-01T08:00,25.8,87,53,14.0,269
2025-07-01T09:00,25.1,93,61,11.3,262
2025-07-01T10:00,25.1,94,61,12.2,261
2025-07-01T11:00,26.6,86,51,13.3,261
2025-07-01T12:00,26.9,83,51,14.6,271
2025-07-01T13:00,27.3,81,51,15.5,273
2025-07-01T14:00,27.8,78,51,15.9,283
2025-07-01T15:00,27.7,79,51,16.1,274
2025-07-01T16:00,27.7,78,51,16.2,268
2025-07-01T17:00,27.5,78,51,15.1,270
2025-07-01T18:00,26.3,89,53,14.6,271
2025-07-01T19:00,25.5,86,51,14.7,276
2025-07-01T20:00,24.4,89,53,13.2,274
2025-07-01T21:00,24.5,90,53,12.3,264
2025-07-01T22:00,24.8,91,61,10.6,255
2025-07-01T23:00,24.5,94,53,11.3,248
2025-07-02T00:00,24.4,94,53,14.9,261
2025-07-02T01:00,24.4,93,53,16.3,264
2025-07-02T02:00,24.5,93,61,15.1,267
2025-07-02T03:00,24.5,92,3,15.1,267
2025-07-02T04:00,24.4,92,3,13.5,266
2025-07-02T05:00,24.3,92,51,13.7,259
2025-07-02T06:00,25.1,87,3,14.8,267
2025-07-02T07:00,25.7,84,3,15.0,273
2025-07-02T08:00,26.4,80,3,10.3,255
2025-07-02T09:00,27.1,77,3,14.1,275
2025-07-02T10:00,27.5,76,51,11.3,271
2025-07-02T11:00,27.4,80,51,8.5,274
2025-07-02T12:00,29.0,71,51,10.4,271
2025-07-02T13:00,30.6,62,3,12.8,266
2025-07-02T14:00,31.1,60,3,11.2,264
2025-07-02T15:00,30.3,63,3,16.1,250
2025-07-02T16:00,29.2,70,51,12.4,251
2025-07-02T17:00,28.9,73,51,10.1,250
2025-07-02T18:00,27.0,88,61,8.5,216
2025-07-02T19:00,25.8,93,61,9.5,251
2025-07-02T20:00,25.4,94,51,8.2,234
2025-07-02T21:00,25.1,94,51,11.0,221
2025-07-02T22:00,24.9,93,3,13.7,232
2025-07-02T23:00,24.9,93,3,11.9,241
2025-07-03T00:00,24.9,93,3,12.5,243
2025-07-03T01:00,24.8,92,3,12.2,244
2025-07-03T02:00,24.7,92,51,11.1,256
2025-07-03T03:00,24.5,92,3,11.1,253
2025-07-03T04:00,24.4,92,3,11.4,249
2025-07-03T05:00,24.4,92,51,11.6,252
2025-07-03T06:00,25.6,88,3,10.7,245
2025-07-03T07:00,26.7,82,3,12.4,251
2025-07-03T08:00,27.7,76,3,14.7,263
2025-07-03T09:00,28.8,72,3,13.7,271
2025-07-03T10:00,30.1,66,3,13.2,265
2025-07-03T11:00,31.2,61,3,14.1,272
2025-07-03T12:00,31.5,58,3,15.7,273
2025-07-03T13:00,31.3,59,3,14.4,266
2025-07-03T14:00,28.9,74,53,13.8,227
2025-07-03T15:00,30.0,67,3,12.2,250
2025-07-03T16:00,30.1,66,3,14.0,258
2025-07-03T17:00,29.0,72,3,11.8,250
2025-07-03T18:00,26.5,88,61,6.9,211
2025-07-03T19:00,26.1,90,3,8.7,223
2025-07-03T20:00,26.1,88,51,14.4,242
2025-07-03T21:00,25.5,89,53,11.5,235
2025-07-03T22:00,24.9,96,55,10.9,220
2025-07-03T23:00,24.9,96,55,10.5,229
2025-07-04T00:00,24.8,96,53,11.6,233
2025-07-04T01:00,24.9,93,51,12.9,245
2025-07-04T02:00,24.9,93,51,12.2,246
2025-07-04T03:00,24.9,93,51,12.7,245
2025-07-04T04:00,24.8,93,51,12.2,246
2025-07-04T05:00,24.5,94,53,13.7,248
2025-07-04T06:00,25.2,86,51,15.8,253
2025-07-04T07:00,25.1,88,53,14.7,252
2025-07-04T08:00,25.0,89,61,16.7,256
2025-07-04T09:00,25.6,89,53,16.2,256
2025-07-04T10:00,26.4,85,53,15.5,261
2025-07-04T11:00,26.1,86,53,14.3,260
2025-07-04T12:00,26.1,88,55,14.7,253
2025-07-04T13:00,26.5,86,53,14.1,251
2025-07-04T14:00,27.3,81,51,15.5,252
2025-07-04T15:00,27.3,81,51,13.8,249
2025-07-04T16:00,27.6,79,3,14.6,254
2025-07-04T17:00,27.7,77,3,12.6,250
2025-07-04T18:00,26.6,85,3,12.2,241
2025-07-04T19:00,26.5,83,3,11.7,245
2025-07-04T20:00,26.5,82,3,12.6,237
2025-07-04T21:00,26.3,83,3,11.7,241
2025-07-04T22:00,26.3,83,3,12.3,241
2025-07-04T23:00,26.1,82,3,11.8,243
2025-07-05T00:00,25.7,84,3,10.1,245
2025-07-05T01:00,25.4,86,3,10.5,233
2025-07-05T02:00,25.2,88,3,10.1,231
2025-07-05T03:00,25.2,88,3,10.3,235
2025-07-05T04:00,25.2,88,3,12.4,249
2025-07-05T05:00,25.3,86,3,11.7,259
2025-07-05T06:00,26.0,81,3,16.9,263
2025-07-05T07:00,26.4,78,3,14.1,260
2025-07-05T08:00,27.5,74,3,17.3,258
2025-07-05T09:00,28.5,69,3,18.7,262
2025-07-05T10:00,29.4,64,3,18.5,269
2025-07-05T11:00,29.9,62,3,16.9,277
2025-07-05T12:00,30.4,61,3,17.3,272
2025-07-05T13:00,30.3,64,3,16.8,267
2025-07-05T14:00,30.5,60,51,17.1,271
2025-07-05T15:00,29.6,67,53,15.8,271
2025-07-05T16:00,28.6,75,53,14.9,245
2025-07-05T17:00,28.7,73,3,13.9,246
2025-07-05T18:00,28.0,75,53,13.8,262
2025-07-05T19:00,26.6,83,53,14.8,252
2025-07-05T20:00,26.2,83,3,16.2,255
2025-07-05T21:00,26.1,83,3,15.4,256
2025-07-05T22:00,25.9,85,3,14.9,255
2025-07-05T23:00,25.6,86,51,14.8,254
2025-07-06T00:00,25.3,89,51,14.8,254
2025-07-06T01:00,25.0,90,51,15.5,255
2025-07-06T02:00,24.9,90,51,16.1,260
2025-07-06T03:00,24.7,90,3,15.6,255
2025-07-06T04:00,24.6,90,3,15.3,255
2025-07-06T05:00,24.5,90,51,15.5,252
2025-07-06T06:00,24.3,94,51,12.6,260
2025-07-06T07:00,24.8,92,51,13.1,257
2025-07-06T08:00,25.9,86,51,19.1,256
2025-07-06T09:00,27.6,77,51,19.1,267
2025-07-06T10:00,27.8,76,51,17.1,272
2025-07-06T11:00,28.2,73,51,18.6,274
2025-07-06T12:00,27.6,74,51,18.7,278
2025-07-06T13:00,27.0,80,51,15.6,263
2025-07-06T14:00,26.6,85,51,12.8,260
2025-07-06T15:00,27.5,80,51,16.9,269
2025-07-06T16:00,27.1,81,51,15.9,266
2025-07-06T17:00,26.6,84,51,16.9,258
2025-07-06T18:00,26.0,90,51,13.2,259
2025-07-06T19:00,25.5,91,51,13.2,267
2025-07-06T20:00,25.0,94,55,12.5,262
2025-07-06T21:00,24.8,94,61,12.7,262
2025-07-06T22:00,24.7,94,61,12.9,258
2025-07-06T23:00,24.5,95,63,15.2,263
2025-07-07T00:00,24.3,95,63,17.2,263
2025-07-07T01:00,24.1,95,63,17.7,258
2025-07-07T02:00,24.0,95,63,18.0,267
2025-07-07T03:00,23.9,95,63,16.7,263
2025-07-07T04:00,23.8,96,61,15.5,267
2025-07-07T05:00,23.8,95,63,16.2,267
2025-07-07T06:00,23.8,94,55,16.6,279
2025-07-07T07:00,23.8,94,61,14.6,274
2025-07-07T08:00,24.2,94,61,19.1,272
2025-07-07T09:00,24.4,93,61,18.8,273
2025-07-07T10:00,24.3,92,61,17.6,276
2025-07-07T11:00,23.9,93,63,22.3,273
2025-07-07T12:00,23.9,93,63,21.0,265
2025-07-07T13:00,23.7,92,63,20.1,265
2025-07-07T14:00,24.4,92,63,20.2,266
2025-07-07T15:00,24.1,92,63,19.3,262
2025-07-07T16:00,24.0,93,63,19.7,266
2025-07-07T17:00,24.0,93,63,21.3,265
2025-07-07T18:00,24.3,88,53,21.3,284
2025-07-07T19:00,23.8,92,55,22.7,269
2025-07-07T20:00,23.5,93,61,22.3,264
2025-07-07T21:00,23.7,94,55,19.7,266
2025-07-07T22:00,23.7,94,61,20.7,262
2025-07-07T23:00,23.6,94,63,17.6,271
2025-07-08T00:00,23.5,94,63,15.7,261
2025-07-08T01:00,23.4,94,63,16.9,262
2025-07-08T02:00,23.2,95,63,14.4,261
2025-07-08T03:00,23.0,94,63,14.9,269
2025-07-08T04:00,22.8,93,61,13.7,291
2025-07-08T05:00,22.7,94,61,16.1,276
2025-07-08T06:00,23.2,93,61,17.4,278
2025-07-08T07:00,23.2,93,55,15.9,276
2025-07-08T08:00,23.5,93,61,16.6,268
2025-07-08T09:00,23.8,92,63,16.8,264
2025-07-08T10:00,23.7,93,65,17.7,267
2025-07-08T11:00,23.6,93,65,18.7,269
2025-07-08T12:00,23.6,92,65,21.7,275
2025-07-08T13:00,23.6,92,63,16.4,265
2025-07-08T14:00,24.6,89,55,15.3,250
2025-07-08T15:00,25.1,89,53,16.1,264
2025-07-08T16:00,25.3,83,51,16.5,259
2025-07-08T17:00,25.3,84,51,17.3,268
2025-07-08T18:00,23.9,88,51,18.0,282
2025-07-08T19:00,23.3,92,61,20.4,284
2025-07-08T20:00,23.2,93,55,17.4,289
2025-07-08T21:00,23.1,94,61,14.1,295
2025-07-08T22:00,23.0,94,61,8.7,253
2025-07-08T23:00,23.0,95,61,9.0,268
2025-07-09T00:00,23.0,95,63,7.4,263
2025-07-09T01:00,23.0,96,63,6.5,222
2025-07-09T02:00,22.9,97,63,7.8,230
2025-07-09T03:00,23.0,97,63,8.7,257
2025-07-09T04:00,23.1,95,63,10.1,275
2025-07-09T05:00,23.0,96,63,8.6,262
2025-07-09T06:00,23.4,93,63,16.9,291
2025-07-09T07:00,23.2,94,63,16.6,279
2025-07-09T08:00,23.2,94,55,14.8,276
2025-07-09T09:00,23.8,90,61,15.5,280
2025-07-09T10:00,24.3,89,61,13.7,267
2025-07-09T11:00,24.1,93,61,16.1,266
2025-07-09T12:00,25.5,88,55,13.0,264
2025-07-09T13:00,24.9,92,61,15.9,266
2025-07-09T14:00,24.9,93,61,14.9,259
2025-07-09T15:00,25.5,91,53,13.6,252
2025-07-09T16:00,25.7,90,51,12.7,263
2025-07-09T17:00,25.5,90,51,15.3,257
2025-07-09T18:00,25.6,84,51,13.7,284
2025-07-09T19:00,25.0,85,3,15.1,282
2025-07-09T20:00,24.8,85,3,14.0,285
2025-07-09T21:00,24.0,91,53,8.8,206
2025-07-09T22:00,23.7,95,53,8.9,241
2025-07-09T23:00,23.7,95,51,10.7,258
2025-07-10T00:00,23.7,94,3,9.8,265
2025-07-10T01:00,23.6,94,3,7.8,261
2025-07-10T02:00,23.5,95,3,8.3,284
2025-07-10T03:00,23.5,96,51,8.1,287
2025-07-10T04:00,23.3,97,63,5.7,288
2025-07-10T05:00,23.6,96,51,11.1,300
2025-07-10T06:00,24.7,93,3,13.6,296
2025-07-10T07:00,25.9,88,3,16.6,304
2025-07-10T08:00,27.4,79,3,17.7,313
2025-07-10T09:00,28.5,73,3,16.4,315
2025-07-10T10:00,29.2,69,3,16.6,311
2025-07-10T11:00,30.1,65,3,16.3,312
2025-07-10T12:00,30.8,61,3,16.3,315
2025-07-10T13:00,30.9,62,3,15.6,306
2025-07-10T14:00,31.4,59,51,15.1,295
2025-07-10T15:00,30.3,65,51,12.5,321
2025-07-10T16:00,30.2,64,3,8.3,321
2025-07-10T17:00,29.9,66,3,8.7,307
2025-07-10T18:00,28.5,68,3,9.0,267
2025-07-10T19:00,27.4,72,3,10.0,257
2025-07-10T20:00,26.7,76,3,9.9,266
2025-07-10T21:00,26.1,80,3,8.9,261
2025-07-10T22:00,25.7,82,3,9.8,264
2025-07-10T23:00,25.5,82,3,9.5,270
2025-07-11T00:00,25.3,83,3,9.4,272
2025-07-11T01:00,25.0,84,3,9.9,282
2025-07-11T02:00,24.9,84,3,10.4,288
2025-07-11T03:00,24.7,85,3,9.6,282
2025-07-11T04:00,24.3,87,3,8.7,292
2025-07-11T05:00,24.3,87,3,10.7,290
2025-07-11T06:00,25.8,80,3,13.5,299
2025-07-11T07:00,26.9,78,3,11.1,300
2025-07-11T08:00,28.1,74,3,14.6,300
2025-07-11T09:00,29.6,69,3,16.4,306
2025-07-11T10:00,30.5,66,3,15.9,309
2025-07-11T11:00,31.6,63,2,15.1,308
2025-07-11T12:00,32.2,59,3,14.3,298
2025-07-11T13:00,32.8,56,3,15.3,291
2025-07-11T14:00,31.4,63,63,11.0,311
2025-07-11T15:00,31.5,61,3,9.6,278
2025-07-11T16:00,31.8,59,3,8.1,267
2025-07-11T17:00,27.4,84,63,10.5,303
2025-07-11T18:00,29.0,76,3,5.0,314
2025-07-11T19:00,27.3,82,51,2.8,305
2025-07-11T20:00,24.5,94,65,13.4,154
2025-07-11T21:00,24.2,93,63,13.5,214
2025-07-11T22:00,24.6,92,53,10.6,289
2025-07-11T23:00,24.6,93,53,9.0,235
2025-07-12T00:00,24.5,92,51,12.2,246
2025-07-12T01:00,24.6,91,3,13.9,253
2025-07-12T02:00,24.7,91,3,12.5,254
2025-07-12T03:00,24.7,91,3,10.4,272
2025-07-12T04:00,24.7,91,3,11.0,273
2025-07-12T05:00,24.7,91,3,10.4,278
2025-07-12T06:00,26.5,80,3,12.2,284
2025-07-12T07:00,27.3,79,3,12.8,286
2025-07-12T08:00,28.1,73,3,16.1,292
2025-07-12T09:00,29.1,68,3,16.2,296
2025-07-12T10:00,30.0,64,3,16.3,299
2025-07-12T11:00,30.9,62,3,15.2,299
2025-07-12T12:00,32.1,58,3,13.4,294
2025-07-12T13:00,32.3,56,3,14.7,287
2025-07-12T14:00,31.8,60,51,12.6,287
2025-07-12T15:00,32.3,59,51,12.0,279
2025-07-12T16:00,29.7,71,53,12.6,275
2025-07-12T17:00,29.8,71,3,11.2,266
2025-07-12T18:00,29.2,72,3,8.7,243
2025-07-12T19:00,28.2,77,3,6.9,264
2025-07-12T20:00,27.7,79,3,8.1,266
2025-07-12T21:00,27.2,80,3,7.5,260
2025-07-12T22:00,27.0,81,3,9.0,272
2025-07-12T23:00,26.7,81,3,9.5,268
2025-07-13T00:00,26.5,82,3,9.8,276
2025-07-13T01:00,26.2,83,3,9.0,276
2025-07-13T02:00,26.1,84,3,8.7,274
2025-07-13T03:00,25.9,84,3,7.7,258
2025-07-13T04:00,25.7,84,3,10.3,259
2025-07-13T05:00,25.6,83,3,10.1,266
2025-07-13T06:00,26.3,80,3,11.6,264
2025-07-13T07:00,27.0,79,3,10.7,263
2025-07-13T08:00,28.0,74,3,15.4,275
2025-07-13T09:00,29.2,71,3,13.9,276
2025-07-13T10:00,30.3,66,3,13.2,274
2025-07-13T11:00,31.0,63,51,13.4,278
2025-07-13T12:00,31.0,62,3,12.7,263
2025-07-13T13:00,31.1,61,3,12.1,264
2025-07-13T14:00,31.5,60,3,14.1,266
2025-07-13T15:00,30.0,72,61,13.0,295
2025-07-13T16:00,29.8,72,51,8.2,251
2025-07-13T17:00,28.9,77,55,9.9,235
2025-07-13T18:00,28.8,76,3,9.4,223
2025-07-13T19:00,28.1,78,3,8.9,232
2025-07-13T20:00,27.4,81,3,9.5,231
2025-07-13T21:00,27.2,81,3,10.4,242
2025-07-13T22:00,27.1,80,3,10.7,245
2025-07-13T23:00,26.8,81,3,10.4,247
2025-07-14T00:00,26.4,83,3,8.5,235
2025-07-14T01:00,25.9,86,3,8.7,233
2025-07-14T02:00,25.8,85,3,11.0,256
2025-07-14T03:00,25.7,84,3,11.5,256
2025-07-14T04:00,25.5,85,3,11.3,253
2025-07-14T05:00,25.4,85,3,12.5,259
2025-07-14T06:00,26.0,84,3,12.5,252
2025-07-14T07:00,26.7,81,3,12.2,253
2025-07-14T08:00,27.9,75,3,15.4,265
2025-07-14T09:00,29.1,69,51,12.5,265
2025-07-14T10:00,30.2,67,51,12.4,261
2025-07-14T11:00,30.9,64,3,12.1,249
2025-07-14T12:00,31.8,62,3,11.1,243
2025-07-14T13:00,32.2,59,0,10.7,243
2025-07-14T14:00,32.6,57,3,12.8,235
2025-07-14T15:00,32.4,57,3,13.9,240
2025-07-14T16:00,30.1,69,55,14.5,238
2025-07-14T17:00,26.3,88,63,6.5,284
2025-07-14T18:00,29.6,73,3,5.9,243
2025-07-14T19:00,28.4,77,51,8.7,246
2025-07-14T20:00,27.7,80,3,7.5,249
2025-07-14T21:00,27.2,81,3,7.1,264
2025-07-14T22:00,26.9,80,3,8.4,259
2025-07-14T23:00,26.5,82,3,7.5,250
2025-07-15T00:00,26.3,82,3,6.8,238
2025-07-15T01:00,26.0,84,3,6.8,233
2025-07-15T02:00,25.8,85,3,8.2,238
2025-07-15T03:00,25.5,87,3,8.3,250
2025-07-15T04:00,25.3,88,3,8.2,247
2025-07-15T05:00,25.2,89,3,9.2,244
2025-07-15T06:00,26.5,84,2,12.0,257
2025-07-15T07:00,27.4,80,3,10.0,261
2025-07-15T08:00,28.5,76,2,11.2,264
2025-07-15T09:00,29.7,71,2,9.6,265
2025-07-15T10:00,30.7,67,1,8.6,262
2025-07-15T11:00,31.7,63,3,8.2,262
2025-07-15T12:00,32.2,61,51,7.4,266
2025-07-15T13:00,32.6,60,3,7.2,258
2025-07-15T14:00,32.9,59,3,7.1,249
2025-07-15T15:00,30.9,67,63,8.2,241
2025-07-15T16:00,31.3,64,51,6.6,206
2025-07-15T17:00,27.7,82,63,11.8,294
2025-07-15T18:00,26.6,91,51,3.8,71
2025-07-15T19:00,26.4,94,3,0.7,90
2025-07-15T20:00,26.4,92,51,2.7,262
2025-07-15T21:00,26.4,93,3,2.8,345
2025-07-15T22:00,26.4,92,3,0.9,323
2025-07-15T23:00,26.0,94,3,2.6,192
2025-07-16T00:00,25.9,96,3,3.6,225
2025-07-16T01:00,25.8,96,3,5.3,252
2025-07-16T02:00,25.6,96,3,4.8,239
2025-07-16T03:00,25.6,95,3,6.4,252
2025-07-16T04:00,25.5,93,3,6.6,279
2025-07-16T05:00,25.4,93,3,7.0,291
2025-07-16T06:00,26.2,90,3,6.2,287
2025-07-16T07:00,26.5,88,3,8.1,288
2025-07-16T08:00,27.0,85,51,9.0,300
2025-07-16T09:00,27.5,82,51,9.1,308
2025-07-16T10:00,28.5,79,51,10.7,307
2025-07-16T11:00,29.5,75,51,9.6,300
2025-07-16T12:00,30.5,71,51,9.0,300
2025-07-16T13:00,30.4,70,51,9.3,294
2025-07-16T14:00,31.0,68,51,8.4,289
2025-07-16T15:00,30.9,68,3,8.4,298
2025-07-16T16:00,30.3,70,3,9.5,297
2025-07-16T17:00,29.2,77,51,7.9,305
2025-07-16T18:00,27.7,84,3,3.5,255
2025-07-16T19:00,27.3,85,3,6.6,225
2025-07-16T20:00,27.0,87,3,5.3,246
2025-07-16T21:00,26.5,89,3,3.6,270
2025-07-16T22:00,26.1,91,3,2.8,297
2025-07-16T23:00,25.8,93,3,1.7,252
2025-07-17T00:00,25.4,94,3,3.7,256
2025-07-17T01:00,25.3,94,3,4.3,292
2025-07-17T02:00,25.0,94,3,2.5,278
2025-07-17T03:00,24.8,94,3,3.4,276
2025-07-17T04:00,24.9,93,3,5.0,232
2025-07-17T05:00,24.8,93,3,4.3,237
2025-07-17T06:00,26.2,88,51,7.1,227
2025-07-17T07:00,27.1,88,3,8.6,231
2025-07-17T08:00,27.9,83,61,8.3,254
2025-07-17T09:00,28.9,78,51,8.1,270
2025-07-17T10:00,29.5,75,51,5.6,266
2025-07-17T11:00,30.7,69,51,6.4,278
2025-07-17T12:00,31.2,66,51,6.7,294
2025-07-17T13:00,30.6,66,51,10.3,292
2025-07-17T14:00,27.2,85,63,7.4,274
2025-07-17T15:00,28.0,81,51,1.5,284
2025-07-17T16:00,28.9,77,3,4.1,285
2025-07-17T17:00,28.3,78,53,6.2,292
2025-07-17T18:00,27.7,84,3,3.4,198
2025-07-17T19:00,26.7,91,3,2.9,191
2025-07-17T20:00,26.4,92,3,6.4,198
2025-07-17T21:00,26.2,91,3,5.4,195
2025-07-17T22:00,26.0,91,3,5.6,195
2025-07-17T23:00,25.9,91,3,5.2,194
2025-07-18T00:00,25.7,92,3,4.4,215
2025-07-18T01:00,25.4,94,3,6.2,216
2025-07-18T02:00,25.3,94,3,6.9,221
2025-07-18T03:00,25.1,95,3,6.7,232
2025-07-18T04:00,25.1,95,3,5.7,235
2025-07-18T05:00,25.0,95,3,4.2,239
2025-07-18T06:00,25.8,95,3,4.3,248
2025-07-18T07:00,27.0,90,3,2.3,212
2025-07-18T08:00,28.6,81,51,4.0,219
2025-07-18T09:00,29.9,74,51,4.6,216
2025-07-18T10:00,30.1,71,51,5.0,215
2025-07-18T11:00,31.2,65,51,6.9,227
2025-07-18T12:00,30.7,65,51,6.9,195
2025-07-18T13:00,31.0,67,3,7.2,174
2025-07-18T14:00,30.9,68,51,6.8,178
2025-07-18T15:00,30.9,67,51,4.4,212
2025-07-18T16:00,31.3,61,3,5.2,243
2025-07-18T17:00,31.1,62,3,5.0,235
2025-07-18T18:00,27.1,86,3,3.1,135
2025-07-18T19:00,26.6,89,3,4.6,126
2025-07-18T20:00,26.4,89,3,4.5,143
2025-07-18T21:00,26.1,90,2,4.6,167
2025-07-18T22:00,26.0,91,1,7.1,196
2025-07-18T23:00,25.8,90,2,6.4,218
2025-07-19T00:00,25.5,91,3,5.2,229
2025-07-19T01:00,25.2,92,2,5.6,237
2025-07-19T02:00,24.7,94,2,4.4,243
2025-07-19T03:00,24.3,96,2,3.3,241
2025-07-19T04:00,24.0,96,1,2.7,270
2025-07-19T05:00,23.9,97,0,3.5,305
2025-07-19T06:00,25.6,93,3,2.4,333
2025-07-19T07:00,26.8,88,3,2.2,336
2025-07-19T08:00,28.3,82,3,3.2,16
2025-07-19T09:00,29.8,69,51,2.6,25
2025-07-19T10:00,30.3,63,51,0.8,225
2025-07-19T11:00,30.5,62,3,3.0,194
2025-07-19T12:00,31.3,60,3,3.5,204
2025-07-19T13:00,32.1,57,1,5.4,210
2025-07-19T14:00,31.6,59,51,11.8,253
2025-07-19T15:00,31.6,61,1,8.6,270
2025-07-19T16:00,31.9,59,1,8.8,271
2025-07-19T17:00,31.2,62,1,7.3,281
2025-07-19T18:00,29.6,74,3,3.4,227
2025-07-19T19:00,28.5,79,2,5.4,201
2025-07-19T20:00,28.1,80,2,5.9,203
2025-07-19T21:00,27.7,81,3,5.7,224
2025-07-19T22:00,27.3,82,2,6.1,236
2025-07-19T23:00,26.6,85,1,4.5,256
2025-07-20T00:00,26.2,85,3,4.5,275
2025-07-20T01:00,25.8,85,2,4.9,268
2025-07-20T02:00,25.7,81,3,5.6,297
2025-07-20T03:00,25.7,78,3,7.1,297
2025-07-20T04:00,25.8,78,3,7.4,299
2025-07-20T05:00,25.2,81,3,5.9,315
2025-07-20T06:00,26.4,80,3,6.2,306
2025-07-20T07:00,27.1,80,3,6.2,324
2025-07-20T08:00,28.5,71,3,8.7,328
2025-07-20T09:00,28.3,71,51,8.3,347
2025-07-20T10:00,27.7,77,51,7.0,10
2025-07-20T11:00,28.0,77,51,5.6,7
2025-07-20T12:00,28.6,74,3,6.2,322
2025-07-20T13:00,29.4,69,3,5.8,304
2025-07-20T14:00,29.6,68,3,4.9,272
2025-07-20T15:00,29.4,68,3,5.5,253
2025-07-20T16:00,29.8,67,3,6.0,260
2025-07-20T17:00,29.7,68,3,6.0,260
2025-07-20T18:00,29.6,77,3,2.5,201
2025-07-20T19:00,28.0,80,3,3.6,210
2025-07-20T20:00,27.4,83,3,7.3,211
2025-07-20T21:00,26.9,86,3,5.5,224
2025-07-20T22:00,26.3,90,3,3.8,225
2025-07-20T23:00,26.1,91,3,3.9,242
2025-07-21T00:00,26.2,91,3,3.5,282
2025-07-21T01:00,26.0,93,3,3.1,357
2025-07-21T02:00,25.8,94,51,4.2,54
2025-07-21T03:00,25.2,95,51,9.8,83
2025-07-21T04:00,24.7,96,51,4.1,92
2025-07-21T05:00,24.5,96,51,5.1,73
2025-07-21T06:00,25.7,92,3,4.0,350
2025-07-21T07:00,26.5,87,3,4.0,352
2025-07-21T08:00,27.8,81,3,5.1,342
2025-07-21T09:00,29.4,72,3,6.2,339
2025-07-21T10:00,30.6,64,3,7.2,325
2025-07-21T11:00,31.5,61,51,7.8,331
2025-07-21T12:00,32.2,60,3,7.7,351
2025-07-21T13:00,32.5,61,3,7.6,353
2025-07-21T14:00,32.5,61,3,6.9,345
2025-07-21T15:00,32.4,62,3,6.3,340
2025-07-21T16:00,30.2,74,61,8.8,35
2025-07-21T17:00,29.7,77,3,4.2,47
2025-07-21T18:00,29.5,77,3,1.7,229
2025-07-21T19:00,28.3,84,3,6.9,319
2025-07-21T20:00,27.7,87,3,2.6,16
2025-07-21T21:00,27.3,87,3,3.6,307
2025-07-21T22:00,26.9,88,3,4.6,309
2025-07-21T23:00,26.4,89,2,5.6,291
2025-07-22T00:00,25.6,91,63,1.5,36
2025-07-22T01:00,25.1,94,61,7.3,335
2025-07-22T02:00,24.6,95,63,6.7,360
2025-07-22T03:00,24.5,95,51,7.8,334
2025-07-22T04:00,24.3,95,63,12.5,297
2025-07-22T05:00,24.4,96,63,7.5,330
2025-07-22T06:00,26.1,92,3,10.6,273
2025-07-22T07:00,26.8,88,2,7.7,288
2025-07-22T08:00,28.5,82,3,8.5,322
2025-07-22T09:00,29.7,75,51,6.4,324
2025-07-22T10:00,30.2,73,51,8.3,318
2025-07-22T11:00,30.4,72,51,7.5,305
2025-07-22T12:00,31.1,70,51,7.4,315
2025-07-22T13:00,32.0,66,51,11.1,337
2025-07-22T14:00,27.5,85,65,7.4,328
2025-07-22T15:00,27.3,87,53,7.3,314
2025-07-22T16:00,28.1,83,51,7.6,329
2025-07-22T17:00,28.2,82,3,7.4,283
2025-07-22T18:00,27.7,85,3,3.4,223
2025-07-22T19:00,27.1,90,51,4.8,222
2025-07-22T20:00,26.6,95,53,7.0,226
2025-07-22T21:00,26.6,95,51,8.5,232
2025-07-22T22:00,26.2,96,51,11.8,242
2025-07-22T23:00,26.2,95,51,9.3,251
2025-07-23T00:00,26.3,95,51,9.0,265
2025-07-23T01:00,26.1,95,3,9.2,271
2025-07-23T02:00,25.8,95,3,8.1,275
2025-07-23T03:00,25.7,95,3,9.1,285
2025-07-23T04:00,25.7,95,3,9.6,287
2025-07-23T05:00,25.6,95,3,8.3,292
2025-07-23T06:00,26.2,92,3,10.0,283
2025-07-23T07:00,27.1,87,3,9.0,301
2025-07-23T08:00,28.2,81,3,14.0,302
2025-07-23T09:00,29.2,77,51,11.4,296
2025-07-23T10:00,30.3,72,51,12.2,299
2025-07-23T11:00,31.1,66,51,12.7,301
2025-07-23T12:00,26.8,88,63,12.0,324
2025-07-23T13:00,29.3,76,51,11.4,301
2025-07-23T14:00,31.1,69,51,14.2,296
2025-07-23T15:00,29.3,77,61,15.3,300
2025-07-23T16:00,28.3,77,55,11.3,301
2025-07-23T17:00,26.9,85,51,6.5,264
2025-07-23T18:00,27.5,85,51,9.6,290
2025-07-23T19:00,26.5,89,53,13.7,287
2025-07-23T20:00,25.8,93,53,12.7,295
2025-07-23T21:00,25.4,94,61,11.5,280
2025-07-23T22:00,25.2,95,63,11.0,272
2025-07-23T23:00,25.1,95,63,10.6,259
2025-07-24T00:00,25.0,95,63,11.8,264
2025-07-24T01:00,24.9,96,61,11.9,272
2025-07-24T02:00,24.9,96,53,12.3,278
2025-07-24T03:00,24.9,94,51,13.0,281
2025-07-24T04:00,24.6,94,61,14.5,291
2025-07-24T05:00,24.5,94,61,13.5,283
2025-07-24T06:00,24.6,96,53,13.0,284
2025-07-24T07:00,25.4,92,51,14.3,287
2025-07-24T08:00,25.9,89,53,12.8,284
2025-07-24T09:00,26.8,86,53,16.5,288
2025-07-24T10:00,26.8,87,55,15.4,291
2025-07-24T11:00,27.5,83,53,13.7,292
2025-07-24T12:00,27.8,84,53,12.9,288
2025-07-24T13:00,28.0,83,61,12.7,293
2025-07-24T14:00,27.6,85,53,11.7,280
2025-07-24T15:00,27.5,84,51,13.0,281
2025-07-24T16:00,27.6,83,53,12.4,269
2025-07-24T17:00,26.7,87,53,12.2,272
2025-07-24T18:00,25.5,92,53,11.4,282
2025-07-24T19:00,25.0,93,53,13.2,280
2025-07-24T20:00,24.8,94,53,11.2,270
2025-07-24T21:00,24.7,94,53,11.3,263
2025-07-24T22:00,24.5,95,55,11.4,266
2025-07-24T23:00,24.5,95,63,10.8,266
2025-07-25T00:00,24.3,95,55,10.3,274
2025-07-25T01:00,24.1,95,53,11.9,272
2025-07-25T02:00,24.0,94,51,12.7,277
2025-07-25T03:00,23.9,95,51,13.0,275
2025-07-25T04:00,23.9,95,51,11.7,281
2025-07-25T05:00,23.8,95,55,12.3,276
2025-07-25T06:00,24.3,94,55,12.1,285
2025-07-25T07:00,24.6,94,53,11.2,276
2025-07-25T08:00,25.5,90,51,13.6,281
2025-07-25T09:00,26.0,88,51,13.3,283
2025-07-25T10:00,26.1,87,53,15.5,269
2025-07-25T11:00,25.9,90,63,12.1,255
2025-07-25T12:00,26.1,90,61,14.0,255
2025-07-25T13:00,26.8,90,53,8.2,285
2025-07-25T14:00,26.3,89,55,11.5,274
2025-07-25T15:00,27.4,87,51,12.8,266
2025-07-25T16:00,27.8,84,61,13.5,268
2025-07-25T17:00,26.2,94,63,8.7,248
2025-07-25T18:00,26.6,89,51,12.1,250
2025-07-25T19:00,26.0,89,51,13.0,264
2025-07-25T20:00,25.8,90,51,13.1,254
2025-07-25T21:00,25.5,92,51,12.5,259
2025-07-25T22:00,25.1,92,53,11.5,259
2025-07-25T23:00,24.8,96,61,8.6,248
2025-07-26T00:00,24.8,97,61,10.4,278
2025-07-26T01:00,24.6,97,63,10.7,286
2025-07-26T02:00,24.5,96,63,12.1,267
2025-07-26T03:00,24.4,96,63,12.1,267
2025-07-26T04:00,24.3,96,61,14.9,269
2025-07-26T05:00,24.2,96,63,9.6,266
2025-07-26T06:00,25.2,93,51,14.8,268
2025-07-26T07:00,25.1,94,61,12.8,271
2025-07-26T08:00,25.0,95,63,13.9,266
2025-07-26T09:00,25.2,95,63,13.9,266
2025-07-26T10:00,25.1,95,63,16.3,263
2025-07-26T11:00,25.3,94,61,18.4,266
2025-07-26T12:00,25.3,95,61,16.9,271
2025-07-26T13:00,25.7,95,55,13.0,271
2025-07-26T14:00,26.2,93,53,12.8,266
2025-07-26T15:00,26.0,89,61,17.8,250
2025-07-26T16:00,24.9,96,61,15.2,246
2025-07-26T17:00,25.0,95,55,17.7,249
2025-07-26T18:00,25.0,94,51,19.1,242
2025-07-26T19:00,24.8,93,51,19.8,248
2025-07-26T20:00,24.6,95,53,18.7,251
2025-07-26T21:00,24.6,94,51,17.1,249
2025-07-26T22:00,24.4,95,51,16.6,254
2025-07-26T23:00,24.4,94,51,15.6,254
2025-07-27T00:00,24.2,94,3,14.2,248
2025-07-27T01:00,24.2,94,3,16.5,243
2025-07-27T02:00,24.2,94,3,17.0,244
2025-07-27T03:00,24.4,92,3,16.7,246
2025-07-27T04:00,24.3,92,3,16.4,238
2025-07-27T05:00,24.4,91,3,18.1,238
2025-07-27T06:00,24.6,90,3,15.7,227
2025-07-27T07:00,24.8,89,3,16.4,230
2025-07-27T08:00,25.2,88,3,15.4,223
2025-07-27T09:00,25.9,84,3,19.2,234
2025-07-27T10:00,27.6,75,2,24.1,247
2025-07-27T11:00,28.9,70,51,22.9,246
2025-07-27T12:00,29.7,70,3,19.8,240
2025-07-27T13:00,30.5,63,2,22.7,245
2025-07-27T14:00,29.4,68,51,24.8,234
2025-07-27T15:00,29.3,71,3,22.8,240
2025-07-27T16:00,29.2,70,2,22.9,240
2025-07-27T17:00,28.2,74,2,20.3,238
2025-07-27T18:00,26.5,80,3,16.4,234
2025-07-27T19:00,25.9,82,3,15.8,235
2025-07-27T20:00,26.0,80,3,18.0,236
2025-07-27T21:00,26.0,80,3,16.8,239
2025-07-27T22:00,25.6,83,3,14.7,233
2025-07-27T23:00,25.2,86,3,15.3,236
2025-07-28T00:00,25.0,87,3,16.5,240
2025-07-28T01:00,24.8,87,3,16.3,239
2025-07-28T02:00,24.6,87,3,16.7,237
2025-07-28T03:00,24.5,87,3,16.7,242
2025-07-28T04:00,24.3,87,3,15.8,240
2025-07-28T05:00,24.3,86,3,14.6,238
2025-07-28T06:00,25.1,82,3,14.0,242
2025-07-28T07:00,25.4,81,3,13.8,241
2025-07-28T08:00,26.1,80,51,13.5,232
2025-07-28T09:00,27.1,76,51,20.2,249
2025-07-28T10:00,27.2,74,3,21.7,253
2025-07-28T11:00,27.6,76,51,16.4,251
2025-07-28T12:00,28.7,71,53,23.8,262
2025-07-28T13:00,27.8,80,61,16.2,253
2025-07-28T14:00,28.2,74,51,17.0,260
2025-07-28T15:00,28.6,74,51,17.7,251
2025-07-28T16:00,27.9,76,3,15.4,249
2025-07-28T17:00,27.1,79,3,17.3,247
2025-07-28T18:00,26.3,82,3,16.0,239
2025-07-28T19:00,25.9,83,3,14.9,250
2025-07-28T20:00,26.1,82,3,15.7,248
2025-07-28T21:00,26.1,82,3,17.2,247
2025-07-28T22:00,26.1,81,3,16.8,251
2025-07-28T23:00,25.8,82,3,17.0,251
2025-07-29T00:00,25.4,83,3,17.2,252
2025-07-29T01:00,25.3,83,51,18.4,251
2025-07-29T02:00,25.3,82,3,19.0,247
2025-07-29T03:00,25.2,85,51,19.0,245
2025-07-29T04:00,24.6,88,61,18.6,247
2025-07-29T05:00,24.3,90,53,20.1,245
2025-07-29T06:00,24.3,90,51,19.2,250
2025-07-29T07:00,24.7,89,51,19.1,247
2025-07-29T08:00,25.7,85,51,20.2,254
2025-07-29T09:00,26.2,83,51,19.0,252
2025-07-29T10:00,26.1,87,61,18.1,253
2025-07-29T11:00,25.9,91,63,15.6,264
2025-07-29T12:00,25.5,92,63,16.2,271
2025-07-29T13:00,25.6,92,63,15.6,277
2025-07-29T14:00,25.2,93,63,14.3,284
2025-07-29T15:00,25.6,89,61,14.1,274
2025-07-29T16:00,25.9,88,53,13.3,269
2025-07-29T17:00,25.9,86,51,14.5,265
2025-07-29T18:00,26.9,78,3,11.5,248
2025-07-29T19:00,25.9,82,3,12.2,245
2025-07-29T20:00,25.6,84,3,11.7,257
2025-07-29T21:00,25.3,85,3,11.2,252
2025-07-29T22:00,24.9,86,3,12.3,245
2025-07-29T23:00,24.7,86,3,13.3,247
2025-07-30T00:00,24.4,86,3,13.9,245
2025-07-30T01:00,24.4,86,51,14.4,247
2025-07-30T02:00,23.8,91,61,15.2,249
2025-07-30T03:00,23.8,92,61,16.3,247
2025-07-30T04:00,23.6,92,53,14.2,246
2025-07-30T05:00,23.6,93,51,13.6,242
2025-07-30T06:00,24.1,92,51,13.4,248
2025-07-30T07:00,25.1,88,51,13.0,251
2025-07-30T08:00,26.4,82,51,16.1,250
2025-07-30T09:00,27.6,76,3,16.3,259
2025-07-30T10:00,28.7,69,3,18.2,279
2025-07-30T11:00,28.9,69,3,16.9,282
2025-07-30T12:00,29.5,67,3,17.3,285
2025-07-30T13:00,29.5,66,3,16.7,288
2025-07-30T14:00,29.0,69,3,14.3,284
2025-07-30T15:00,29.4,69,3,13.7,273
2025-07-30T16:00,29.4,69,3,13.7,275
2025-07-30T17:00,29.2,71,3,9.9,271
2025-07-30T18:00,27.3,78,1,8.0,245
2025-07-30T19:00,26.4,82,1,7.1,234
2025-07-30T20:00,26.0,84,1,9.5,233
2025-07-30T21:00,25.6,85,1,10.1,237
2025-07-30T22:00,25.4,87,0,8.8,239
2025-07-30T23:00,25.0,90,1,8.0,234
2025-07-31T00:00,24.6,92,0,8.0,236
2025-07-31T01:00,24.5,90,0,9.5,238
2025-07-31T02:00,24.2,90,1,10.9,239
2025-07-31T03:00,23.9,91,51,11.6,246
2025-07-31T04:00,23.4,89,51,12.1,258
2025-07-31T05:00,23.3,90,3,11.9,259
2025-07-31T06:00,24.6,88,3,11.6,254
2025-07-31T07:00,25.8,83,3,13.8,256
2025-07-31T08:00,27.0,77,51,17.8,263
2025-07-31T09:00,28.2,71,51,17.5,271
2025-07-31T10:00,29.6,66,51,15.8,271
2025-07-31T11:00,30.6,65,3,14.2,270
2025-07-31T12:00,31.3,61,3,14.2,273
2025-07-31T13:00,31.3,59,3,14.8,276
2025-07-31T14:00,31.7,58,3,13.8,278
2025-07-31T15:00,31.7,57,3,14.8,274
2025-07-31T16:00,31.0,59,2,14.8,268
2025-07-31T17:00,30.3,64,3,12.4,270
2025-07-31T18:00,28.7,69,1,10.4,269
2025-07-31T19:00,27.5,75,1,7.3,253
2025-07-31T20:00,26.7,79,1,6.6,237
2025-07-31T21:00,26.3,82,1,8.0,245
2025-07-31T22:00,26.0,83,0,8.7,257
2025-07-31T23:00,25.5,85,1,8.2,248
2025-08-01T00:00,25.2,87,3,7.6,252
2025-08-01T01:00,24.8,88,3,7.6,265
2025-08-01T02:00,24.6,89,0,6.7,273
2025-08-01T03:00,24.3,91,3,6.3,283
2025-08-01T04:00,24.4,90,3,9.0,271
2025-08-01T05:00,24.3,88,3,9.4,282
2025-08-01T06:00,24.9,86,3,10.1,254
2025-08-01T07:00,25.9,84,51,8.8,253
2025-08-01T08:00,27.3,80,3,9.4,262
2025-08-01T09:00,28.7,72,51,12.0,279
2025-08-01T10:00,29.7,66,1,13.0,287
2025-08-01T11:00,30.3,62,3,12.8,289
2025-08-01T12:00,31.0,59,3,12.6,287
2025-08-01T13:00,31.7,56,3,12.4,287
2025-08-01T14:00,31.7,55,3,12.8,281
2025-08-01T15:00,31.8,54,3,13.1,279
2025-08-01T16:00,31.3,56,3,13.0,272
2025-08-01T17:00,30.7,62,3,10.1,260
2025-08-01T18:00,29.0,70,3,6.9,264
2025-08-01T19:00,27.9,75,3,5.8,256
2025-08-01T20:00,27.1,78,3,5.9,247
2025-08-01T21:00,26.7,79,2,6.7,251
2025-08-01T22:00,26.5,80,3,8.0,265
2025-08-01T23:00,26.1,81,3,7.6,274
2025-08-02T00:00,25.8,83,0,9.4,275
2025-08-02T01:00,25.6,84,1,9.2,271
2025-08-02T02:00,25.4,84,3,9.4,273
2025-08-02T03:00,25.4,84,3,9.8,276
2025-08-02T04:00,25.2,84,3,9.7,288
2025-08-02T05:00,25.2,84,3,9.6,283
2025-08-02T06:00,25.9,82,3,9.2,281
2025-08-02T07:00,26.7,80,3,9.8,288
2025-08-02T08:00,27.8,75,3,11.4,288
2025-08-02T09:00,29.0,70,3,10.5,286
2025-08-02T10:00,29.8,64,3,13.0,294
2025-08-02T11:00,30.7,60,51,12.6,290
2025-08-02T12:00,31.3,57,51,12.1,287
2025-08-02T13:00,31.8,55,51,11.6,278
2025-08-02T14:00,32.3,53,51,12.1,270
2025-08-02T15:00,32.2,52,51,13.3,268
2025-08-02T16:00,31.6,56,51,12.5,259
2025-08-02T17:00,30.9,62,3,9.3,257
2025-08-02T18:00,29.3,69,3,5.4,256
2025-08-02T19:00,28.2,73,3,7.3,230
2025-08-02T20:00,27.5,74,3,7.1,264
2025-08-02T21:00,27.0,75,3,6.9,277
2025-08-02T22:00,26.6,77,3,6.9,276
2025-08-02T23:00,26.0,80,3,6.3,272
2025-08-03T00:00,25.6,82,3,7.2,276
2025-08-03T01:00,25.3,83,3,7.7,282
2025-08-03T02:00,25.0,83,3,6.3,275
2025-08-03T03:00,24.8,84,3,6.5,272
2025-08-03T04:00,24.6,84,3,6.5,276
2025-08-03T05:00,24.6,85,3,7.1,276
2025-08-03T06:00,25.6,83,3,7.8,265
2025-08-03T07:00,27.1,80,3,6.5,268
2025-08-03T08:00,28.6,74,3,9.4,290
2025-08-03T09:00,29.3,69,51,10.5,294
2025-08-03T10:00,30.1,67,3,10.3,285
2025-08-03T11:00,30.3,65,3,9.6,274
2025-08-03T12:00,30.8,64,3,8.8,272
2025-08-03T13:00,31.5,60,51,9.6,267
2025-08-03T14:00,31.8,60,3,9.9,260
2025-08-03T15:00,31.5,60,3,10.6,256
2025-08-03T16:00,31.5,59,3,11.2,271
2025-08-03T17:00,30.9,63,3,7.4,271
2025-08-03T18:00,29.3,75,3,3.6,273
2025-08-03T19:00,28.2,77,3,4.9,266
2025-08-03T20:00,27.5,78,3,5.5,259
2025-08-03T21:00,26.9,79,3,5.6,276
2025-08-03T22:00,26.3,79,3,5.6,276
2025-08-03T23:00,25.9,80,3,5.8,284
2025-08-04T00:00,25.4,82,3,5.1,293
2025-08-04T01:00,24.8,86,3,4.1,299
2025-08-04T02:00,24.5,88,3,3.8,287
2025-08-04T03:00,24.4,88,3,4.9,294
2025-08-04T04:00,24.3,88,3,4.9,298
2025-08-04T05:00,24.3,87,3,5.7,305
2025-08-04T06:00,25.5,85,3,6.0,291
2025-08-04T07:00,27.1,80,3,4.5,286
2025-08-04T08:00,29.1,72,3,4.9,303
2025-08-04T09:00,30.3,63,3,6.6,307
2025-08-04T10:00,31.1,59,3,7.4,311
2025-08-04T11:00,31.4,57,3,8.4,305
2025-08-04T12:00,31.8,56,3,6.9,295
2025-08-04T13:00,32.5,52,3,6.8,281
2025-08-04T14:00,32.8,51,1,7.5,287
2025-08-04T15:00,32.9,50,51,9.5,284
2025-08-04T16:00,32.1,54,3,9.5,281
2025-08-04T17:00,31.3,61,3,6.4,288
2025-08-04T18:00,29.6,70,3,4.2,258
2025-08-04T19:00,28.3,75,3,4.2,234
2025-08-04T20:00,27.7,78,3,5.8,234
2025-08-04T21:00,27.1,81,3,6.3,243
2025-08-04T22:00,26.7,82,3,5.4,255
2025-08-04T23:00,26.4,81,3,6.7,256
2025-08-05T00:00,26.2,80,2,6.8,267
2025-08-05T01:00,25.8,81,3,6.6,283
2025-08-05T02:00,25.3,83,3,4.9,298
2025-08-05T03:00,24.9,86,0,6.4,313
2025-08-05T04:00,24.5,88,0,6.5,318
2025-08-05T05:00,24.3,90,3,6.6,319
2025-08-05T06:00,25.7,87,3,5.0,272
2025-08-05T07:00,27.2,82,3,3.1,249
2025-08-05T08:00,28.7,74,51,2.7,290
2025-08-05T09:00,30.1,66,3,4.7,298
2025-08-05T10:00,30.8,62,51,6.5,289
2025-08-05T11:00,31.5,59,1,6.9,293
2025-08-05T12:00,32.4,55,51,6.9,290
2025-08-05T13:00,32.9,52,51,6.9,284
2025-08-05T14:00,33.3,50,51,6.8,292
2025-08-05T15:00,32.4,53,51,9.9,295
2025-08-05T16:00,32.0,58,3,8.9,299
2025-08-05T17:00,31.4,61,3,6.4,281
2025-08-05T18:00,30.5,72,3,3.2,218
2025-08-05T19:00,29.6,74,3,2.2,228
2025-08-05T20:00,28.5,79,3,4.1,232
2025-08-05T21:00,27.8,82,3,4.7,252
2025-08-05T22:00,27.2,82,1,5.0,285
2025-08-05T23:00,26.8,78,0,5.0,300
2025-08-06T00:00,26.2,80,2,4.6,309
2025-08-06T01:00,26.0,82,2,6.5,330
2025-08-06T02:00,25.8,83,3,6.6,343
2025-08-06T03:00,25.5,84,3,6.7,329
2025-08-06T04:00,25.1,84,3,6.6,327
2025-08-06T05:00,24.7,85,2,5.8,326
2025-08-06T06:00,26.4,82,2,5.4,345
2025-08-06T07:00,27.8,79,2,3.2,341
2025-08-06T08:00,29.5,72,2,6.0,357
2025-08-06T09:00,31.0,64,2,7.8,7
2025-08-06T10:00,31.8,61,1,5.8,4
2025-08-06T11:00,32.2,60,2,3.6,333
2025-08-06T12:00,32.9,56,3,5.9,325
2025-08-06T13:00,31.2,64,53,8.5,185
2025-08-06T14:00,30.2,74,3,9.9,189
2025-08-06T15:00,30.0,74,3,9.8,203
2025-08-06T16:00,30.7,68,2,8.2,229
2025-08-06T17:00,30.2,67,1,8.6,248
2025-08-06T18:00,30.9,65,2,6.0,219
2025-08-06T19:00,29.4,74,3,10.1,197
2025-08-06T20:00,28.6,78,3,9.3,205
2025-08-06T21:00,27.9,82,3,7.6,216
2025-08-06T22:00,27.7,84,2,7.2,243
2025-08-06T23:00,27.3,85,3,5.7,261
2025-08-07T00:00,26.9,85,3,5.8,277
2025-08-07T01:00,26.7,83,3,6.5,284
2025-08-07T02:00,26.4,82,3,7.4,296
2025-08-07T03:00,26.2,82,3,7.1,311
2025-08-07T04:00,25.9,82,3,6.9,323
2025-08-07T05:00,25.8,82,3,7.1,324
2025-08-07T06:00,26.8,81,3,9.2,318
2025-08-07T07:00,27.9,78,3,7.3,322
2025-08-07T08:00,29.4,70,2,8.5,332
2025-08-07T09:00,31.0,62,2,8.7,326
2025-08-07T10:00,32.0,58,3,7.7,319
2025-08-07T11:00,32.6,57,2,9.6,311
2025-08-07T12:00,32.9,57,3,7.2,305
2025-08-07T13:00,29.0,77,63,14.5,243
2025-08-07T14:00,27.5,82,63,6.1,122
2025-08-07T15:00,27.6,80,51,6.1,182
2025-08-07T16:00,27.0,81,51,9.2,182
2025-08-07T17:00,26.8,86,51,8.1,208
2025-08-07T18:00,27.0,88,51,2.5,210
2025-08-07T19:00,26.8,91,51,7.5,200
2025-08-07T20:00,26.1,95,51,9.7,198
2025-08-07T21:00,26.0,94,3,8.3,226
2025-08-07T22:00,25.7,93,3,8.0,216
2025-08-07T23:00,25.5,94,3,7.8,214
2025-08-08T00:00,25.1,95,3,6.0,229
2025-08-08T01:00,24.4,95,51,17.5,205
2025-08-08T02:00,23.9,94,51,15.6,233
2025-08-08T03:00,23.9,94,3,10.4,242
2025-08-08T04:00,23.6,95,3,8.2,279
2025-08-08T05:00,23.6,96,3,8.3,311
2025-08-08T06:00,24.7,92,3,11.6,221
2025-08-08T07:00,25.3,89,51,9.5,260
2025-08-08T08:00,26.4,82,51,10.3,267
2025-08-08T09:00,27.0,81,3,8.5,258
2025-08-08T10:00,27.8,76,3,8.4,254
2025-08-08T11:00,28.7,72,3,8.0,256
2025-08-08T12:00,28.6,72,3,8.3,259
2025-08-08T13:00,29.5,67,3,7.9,243
2025-08-08T14:00,29.3,67,3,7.0,249
2025-08-08T15:00,29.6,67,51,7.3,245
2025-08-08T16:00,29.1,68,3,9.3,220
2025-08-08T17:00,28.1,73,3,11.5,215
2025-08-08T18:00,26.9,84,3,2.0,315
2025-08-08T19:00,26.3,89,3,2.1,322
2025-08-08T20:00,26.2,88,3,0.7,194
2025-08-08T21:00,26.1,90,3,2.3,209
2025-08-08T22:00,26.0,91,3,3.7,209
2025-08-08T23:00,25.8,91,3,4.2,227
2025-08-09T00:00,25.4,93,51,5.4,230
2025-08-09T01:00,25.0,95,3,2.2,194
2025-08-09T02:00,24.7,96,3,4.6,206
2025-08-09T03:00,24.5,94,51,8.1,212
2025-08-09T04:00,24.2,95,51,5.0,229
2025-08-09T05:00,23.6,94,51,10.2,238
2025-08-09T06:00,24.8,93,3,6.6,249
2025-08-09T07:00,25.3,91,3,4.6,252
2025-08-09T08:00,25.7,90,3,4.5,223
2025-08-09T09:00,26.9,84,3,5.3,235
2025-08-09T10:00,28.0,75,51,4.6,261
2025-08-09T11:00,29.1,70,2,5.2,256
2025-08-09T12:00,30.4,66,51,5.5,247
2025-08-09T13:00,30.7,63,51,5.9,247
2025-08-09T14:00,31.2,61,2,8.4,235
2025-08-09T15:00,30.8,63,51,8.7,249
2025-08-09T16:00,30.3,62,51,6.7,265
2025-08-09T17:00,29.9,65,2,6.5,283
2025-08-09T18:00,28.4,72,2,4.7,310
2025-08-09T19:00,27.4,81,2,2.2,279
2025-08-09T20:00,26.6,84,3,2.7,262
2025-08-09T21:00,26.5,84,0,4.3,237
2025-08-09T22:00,26.0,86,1,4.8,241
2025-08-09T23:00,25.8,86,0,6.8,252
2025-08-10T00:00,25.4,87,0,6.0,263
2025-08-10T01:00,25.0,89,0,5.5,257
2025-08-10T02:00,24.7,90,0,5.4,264
2025-08-10T03:00,24.3,92,0,4.4,261
2025-08-10T04:00,23.9,94,1,7.6,214
2025-08-10T05:00,23.6,93,0,5.1,260
2025-08-10T06:00,25.0,91,0,5.5,297
2025-08-10T07:00,26.2,87,1,4.2,306
2025-08-10T08:00,27.8,79,0,5.5,308
2025-08-10T09:00,29.1,71,51,6.7,286
2025-08-10T10:00,30.0,66,51,7.4,264
2025-08-10T11:00,30.9,61,51,7.9,254
2025-08-10T12:00,31.5,61,51,6.3,252
2025-08-10T13:00,31.8,60,1,7.6,251
2025-08-10T14:00,32.0,58,3,8.1,245
2025-08-10T15:00,31.7,59,3,5.6,266
2025-08-10T16:00,30.4,65,51,11.0,270
2025-08-10T17:00,29.5,68,51,7.7,261
2025-08-10T18:00,28.5,76,3,3.6,279
2025-08-10T19:00,28.0,80,3,5.1,302
2025-08-10T20:00,27.7,83,3,3.1,306
2025-08-10T21:00,27.2,85,3,3.8,360
2025-08-10T22:00,26.6,89,3,2.2,346
2025-08-10T23:00,26.2,91,3,1.5,284
2025-08-11T00:00,25.8,94,3,2.7,262
2025-08-11T01:00,25.7,95,3,3.7,281
2025-08-11T02:00,25.4,94,3,4.4,277
2025-08-11T03:00,25.1,93,3,4.8,285
2025-08-11T04:00,24.9,92,3,5.5,281
2025-08-11T05:00,24.6,92,3,5.2,245
2025-08-11T06:00,25.9,84,51,8.9,277
2025-08-11T07:00,27.0,81,51,10.0,298
2025-08-11T08:00,28.2,77,3,10.1,294
2025-08-11T09:00,29.4,74,51,11.2,311
2025-08-11T10:00,30.4,70,51,11.2,318
2025-08-11T11:00,31.0,67,51,9.0,314
2025-08-11T12:00,32.1,62,3,8.1,291
2025-08-11T13:00,32.2,61,3,7.7,281
2025-08-11T14:00,28.8,76,63,15.9,317
2025-08-11T15:00,29.0,74,51,4.8,295
2025-08-11T16:00,29.6,73,3,4.0,273
2025-08-11T17:00,27.6,81,61,8.9,315
2025-08-11T18:00,28.6,79,3,5.1,302
2025-08-11T19:00,27.9,83,3,4.1,293
2025-08-11T20:00,27.4,84,3,4.9,276
2025-08-11T21:00,27.2,83,3,6.3,275
2025-08-11T22:00,26.7,84,3,6.2,277
2025-08-11T23:00,26.4,85,3,7.1,280
2025-08-12T00:00,26.2,85,3,8.5,291
2025-08-12T01:00,25.9,86,3,8.7,294
2025-08-12T02:00,25.6,87,3,8.2,293
2025-08-12T03:00,25.5,87,2,9.2,301
2025-08-12T04:00,25.3,88,2,8.9,289
2025-08-12T05:00,25.3,87,0,9.8,296
2025-08-12T06:00,26.3,84,3,9.8,294
2025-08-12T07:00,27.5,81,3,10.2,302
2025-08-12T08:00,28.6,76,51,14.9,312
2025-08-12T09:00,29.6,72,3,14.5,316
2025-08-12T10:00,30.2,69,3,13.9,308
2025-08-12T11:00,30.9,67,3,13.1,304
2025-08-12T12:00,32.1,62,51,12.0,309
2025-08-12T13:00,32.5,58,3,11.9,312
2025-08-12T14:00,31.6,61,51,11.2,310
2025-08-12T15:00,27.7,82,63,9.4,4
2025-08-12T16:00,27.6,83,53,10.0,276
2025-08-12T17:00,26.8,87,53,0.8,45
2025-08-12T18:00,28.9,76,3,8.3,326
2025-08-12T19:00,27.9,82,3,6.2,330
2025-08-12T20:00,27.3,85,3,5.0,330
2025-08-12T21:00,26.7,88,3,3.6,327
2025-08-12T22:00,26.6,89,3,4.1,322
2025-08-12T23:00,26.4,88,3,5.8,300
2025-08-13T00:00,26.1,88,51,8.6,282
2025-08-13T01:00,26.1,86,3,9.0,303
2025-08-13T02:00,25.8,86,3,9.5,306
2025-08-13T03:00,25.7,86,3,9.3,307
2025-08-13T04:00,25.4,87,51,9.6,322
2025-08-13T05:00,24.7,94,63,6.5,337
2025-08-13T06:00,25.0,94,63,8.6,300
2025-08-13T07:00,25.3,94,63,8.8,337
2025-08-13T08:00,25.4,94,55,8.1,325
2025-08-13T09:00,26.0,90,53,11.8,331
2025-08-13T10:00,26.1,88,55,12.9,324
2025-08-13T11:00,26.8,88,53,10.3,320
2025-08-13T12:00,28.2,82,51,13.7,337
2025-08-13T13:00,28.6,79,51,12.9,332
2025-08-13T14:00,28.6,79,53,14.5,346
2025-08-13T15:00,26.8,86,53,7.6,332
2025-08-13T16:00,27.4,84,3,6.0,321
2025-08-13T17:00,27.4,85,61,6.1,23
2025-08-13T18:00,25.3,93,51,11.1,313
2025-08-13T19:00,25.1,93,3,12.5,328
2025-08-13T20:00,25.5,93,3,10.9,338
2025-08-13T21:00,25.2,95,3,8.6,8
2025-08-13T22:00,25.2,96,3,6.0,16
2025-08-13T23:00,25.0,97,3,6.5,19
2025-08-14T00:00,24.8,97,3,7.0,32
2025-08-14T01:00,24.1,96,61,7.3,44
2025-08-14T02:00,23.3,99,63,8.4,19
2025-08-14T03:00,23.6,98,53,6.8,3
2025-08-14T04:00,23.9,97,51,4.5,355
2025-08-14T05:00,24.1,97,3,6.9,5
2025-08-14T06:00,24.4,96,2,7.1,9
2025-08-14T07:00,25.4,91,3,5.7,41
2025-08-14T08:00,26.7,87,51,5.4,69
2025-08-14T09:00,28.3,79,3,7.6,90
2025-08-14T10:00,29.0,74,3,6.2,83
2025-08-14T11:00,29.3,73,3,5.0,64
2025-08-14T12:00,29.5,73,51,3.9,66
2025-08-14T13:00,29.9,72,3,5.0,44
2025-08-14T14:00,30.0,73,51,6.1,40
2025-08-14T15:00,30.5,72,3,5.0,75
2025-08-14T16:00,29.9,73,51,2.2,125
2025-08-14T17:00,27.4,84,53,11.6,118
2025-08-14T18:00,28.5,83,3,1.8,101
2025-08-14T19:00,27.6,87,3,0.8,45
2025-08-14T20:00,27.0,91,3,1.7,257
2025-08-14T21:00,26.7,93,3,1.3,214
2025-08-14T22:00,26.2,95,3,3.2,243
2025-08-14T23:00,25.8,95,51,2.3,331
2025-08-15T00:00,25.8,96,51,4.1,358
2025-08-15T01:00,25.4,97,3,2.2,325
2025-08-15T02:00,24.8,99,3,5.8,248
2025-08-15T03:00,24.6,96,51,6.0,279
2025-08-15T04:00,23.9,97,63,9.7,271
2025-08-15T05:00,23.9,96,61,8.5,5
2025-08-15T06:00,25.1,95,61,6.3,178
2025-08-15T07:00,25.1,93,63,3.2,344
2025-08-15T08:00,25.7,88,3,3.1,306
2025-08-15T09:00,26.5,84,51,1.5,353
2025-08-15T10:00,28.0,80,51,3.1,291
2025-08-15T11:00,28.9,78,51,2.2,5
2025-08-15T12:00,28.9,79,51,4.4,351
2025-08-15T13:00,29.2,79,51,7.3,350
2025-08-15T14:00,29.5,77,51,5.9,349
2025-08-15T15:00,29.6,75,3,6.5,347
2025-08-15T16:00,29.5,75,3,7.1,16
2025-08-15T17:00,29.3,75,51,7.5,33
2025-08-15T18:00,27.0,88,3,5.6,315
2025-08-15T19:00,26.4,90,3,6.0,295
2025-08-15T20:00,26.0,91,3,5.7,307
2025-08-15T21:00,25.9,90,3,7.0,299
2025-08-15T22:00,25.8,89,3,6.9,329
2025-08-15T23:00,25.8,90,3,5.7,311
2025-08-16T00:00,25.3,93,51,6.2,278
2025-08-16T01:00,24.1,98,63,5.9,79
2025-08-16T02:00,24.1,98,53,6.9,311
2025-08-16T03:00,23.7,99,63,3.5,336
2025-08-16T04:00,23.8,100,53,0.8,225
2025-08-16T05:00,23.6,99,63,8.5,277
2025-08-16T06:00,24.7,96,63,8.9,21
2025-08-16T07:00,24.3,94,65,8.3,16
2025-08-16T08:00,25.3,90,53,10.3,5
2025-08-16T09:00,25.0,91,55,10.5,336
2025-08-16T10:00,25.9,89,61,9.8,353
2025-08-16T11:00,28.7,79,51,6.9,6
2025-08-16T12:00,30.3,71,51,8.3,14
2025-08-16T13:00,26.0,89,63,8.7,40
2025-08-16T14:00,28.2,78,51,9.5,1
2025-08-16T15:00,27.7,81,53,9.4,36
2025-08-16T16:00,27.1,87,51,7.4,64
2025-08-16T17:00,27.3,85,51,5.4,56
2025-08-16T18:00,25.7,90,1,4.5,247
2025-08-16T19:00,25.1,94,2,3.8,239
2025-08-16T20:00,24.8,96,3,3.0,287
2025-08-16T21:00,24.7,96,3,2.2,246
2025-08-16T22:00,24.7,96,3,0.8,297
2025-08-16T23:00,25.0,94,3,2.5,315
2025-08-17T00:00,25.1,94,51,2.0,315
2025-08-17T01:00,24.7,97,51,1.7,342
2025-08-17T02:00,24.6,98,51,2.4,17
2025-08-17T03:00,24.3,97,53,5.5,157
2025-08-17T04:00,23.9,98,53,4.8,214
2025-08-17T05:00,24.0,99,3,1.1,18
2025-08-17T06:00,24.2,97,51,2.2,90
2025-08-17T07:00,25.2,92,3,4.8,124
2025-08-17T08:00,26.5,86,51,6.3,127
2025-08-17T09:00,27.5,83,51,6.4,115
2025-08-17T10:00,29.1,75,51,9.1,108
2025-08-17T11:00,29.0,73,3,9.4,98
2025-08-17T12:00,29.6,72,51,7.6,97
2025-08-17T13:00,30.8,70,51,6.3,93
2025-08-17T14:00,30.9,68,1,6.0,83
2025-08-17T15:00,30.8,70,3,7.3,123
2025-08-17T16:00,28.5,79,63,6.9,81
2025-08-17T17:00,28.4,80,51,6.0,85
2025-08-17T18:00,28.1,85,3,3.8,85
2025-08-17T19:00,27.3,87,3,5.8,56
2025-08-17T20:00,26.9,88,3,5.6,68
2025-08-17T21:00,26.6,90,3,3.2,109
2025-08-17T22:00,26.3,92,3,2.8,130
2025-08-17T23:00,26.0,94,3,3.8,107
2025-08-18T00:00,25.8,95,3,4.1,92
2025-08-18T01:00,25.4,96,3,3.5,78
2025-08-18T02:00,25.3,96,3,0.6,124
2025-08-18T03:00,24.7,96,61,2.4,17
2025-08-18T04:00,24.1,96,63,1.9,49
2025-08-18T05:00,24.2,97,61,1.4,40
2025-08-18T06:00,25.0,91,61,8.9,62
2025-08-18T07:00,25.2,91,53,7.6,54
2025-08-18T08:00,26.1,88,51,4.5,23
2025-08-18T09:00,27.7,83,51,8.5,52
2025-08-18T10:00,28.8,77,51,9.9,68
2025-08-18T11:00,30.0,71,51,10.1,78
2025-08-18T12:00,30.4,68,51,8.1,78
2025-08-18T13:00,30.7,68,3,6.2,75
2025-08-18T14:00,31.5,64,51,4.1,15
2025-08-18T15:00,27.3,84,63,11.9,90
2025-08-18T16:00,26.3,91,61,4.7,130
2025-08-18T17:00,26.6,90,51,2.7,307
2025-08-18T18:00,26.7,88,51,3.7,325
2025-08-18T19:00,26.2,91,3,7.6,353
2025-08-18T20:00,26.0,92,3,4.0,324
2025-08-18T21:00,26.0,94,3,4.1,268
2025-08-18T22:00,25.7,96,3,7.4,315
2025-08-18T23:00,25.3,96,3,6.3,307
2025-08-19T00:00,25.2,95,3,6.3,288
2025-08-19T01:00,25.1,94,51,6.0,291
2025-08-19T02:00,24.4,97,55,9.5,327
2025-08-19T03:00,23.9,98,63,6.8,338
2025-08-19T04:00,23.9,99,61,8.8,340
2025-08-19T05:00,23.5,98,61,9.9,270
2025-08-19T06:00,24.4,95,51,9.6,330
2025-08-19T07:00,25.1,92,51,9.7,325
2025-08-19T08:00,26.5,85,51,7.2,356
2025-08-19T09:00,28.1,78,51,5.8,36
2025-08-19T10:00,29.4,72,51,7.2,103
2025-08-19T11:00,28.5,76,51,6.2,159
2025-08-19T12:00,28.5,79,51,5.4,222
2025-08-19T13:00,30.1,73,51,4.9,253
2025-08-19T14:00,30.0,70,3,8.0,245
2025-08-19T15:00,29.3,73,61,10.5,218
2025-08-19T16:00,24.7,97,63,5.2,211
2025-08-19T17:00,25.3,95,63,4.7,176
2025-08-19T18:00,25.2,93,51,5.3,237
2025-08-19T19:00,24.9,97,3,2.4,222
2025-08-19T20:00,24.8,98,3,4.6,252
2025-08-19T21:00,24.5,96,51,2.5,240
2025-08-19T22:00,24.5,97,3,6.1,227
2025-08-19T23:00,24.5,97,3,6.2,240
2025-08-20T00:00,24.4,96,3,7.0,249
2025-08-20T01:00,24.2,96,3,6.9,256
2025-08-20T02:00,24.2,96,51,7.4,244
2025-08-20T03:00,24.3,96,51,6.5,247
2025-08-20T04:00,24.2,97,51,8.7,240
2025-08-20T05:00,24.1,96,51,10.9,253
2025-08-20T06:00,24.4,96,51,11.1,243
2025-08-20T07:00,24.6,96,55,11.2,246
2025-08-20T08:00,25.5,92,53,12.5,243
2025-08-20T09:00,26.3,88,51,12.2,246
2025-08-20T10:00,27.3,83,51,12.0,256
2025-08-20T11:00,28.3,78,51,9.6,250
2025-08-20T12:00,29.1,73,51,9.9,237
2025-08-20T13:00,27.7,78,55,13.0,244
2025-08-20T14:00,27.2,85,61,9.4,246
2025-08-20T15:00,27.4,79,61,11.7,252
2025-08-20T16:00,25.8,88,63,6.8,248
2025-08-20T17:00,25.8,89,51,8.7,218
2025-08-20T18:00,26.1,90,55,12.2,214
2025-08-20T19:00,25.2,93,53,12.4,213
2025-08-20T20:00,24.4,96,63,16.4,225
2025-08-20T21:00,24.4,95,61,15.1,231
2025-08-20T22:00,24.3,95,53,15.7,240
2025-08-20T23:00,24.0,96,63,13.6,221
2025-08-21T00:00,24.1,96,63,13.0,236
2025-08-21T01:00,24.3,94,53,14.3,236
2025-08-21T02:00,24.0,96,63,12.4,231
2025-08-21T03:00,24.0,95,53,12.9,237
2025-08-21T04:00,23.8,95,51,11.9,241
2025-08-21T05:00,23.6,96,51,10.4,234
2025-08-21T06:00,24.3,93,51,13.9,236
2025-08-21T07:00,25.1,88,3,13.0,237
2025-08-21T08:00,26.2,83,3,12.4,237
2025-08-21T09:00,27.5,75,51,18.4,250
2025-08-21T10:00,28.9,70,3,16.8,255
2025-08-21T11:00,29.3,68,51,15.1,258
2025-08-21T12:00,29.8,67,3,14.5,238
2025-08-21T13:00,30.2,67,3,15.9,239
2025-08-21T14:00,28.0,77,63,21.3,252
2025-08-21T15:00,27.5,82,63,9.8,263
2025-08-21T16:00,27.2,83,51,12.5,258
2025-08-21T17:00,26.6,86,51,9.2,244
2025-08-21T18:00,26.9,85,3,5.6,220
2025-08-21T19:00,26.3,86,53,10.1,223
2025-08-21T20:00,25.8,90,3,11.1,223
2025-08-21T21:00,25.4,92,3,15.9,238
2025-08-21T22:00,24.5,89,51,15.3,258
2025-08-21T23:00,24.3,91,2,11.6,254
2025-08-22T00:00,24.4,91,3,11.8,247
2025-08-22T01:00,24.5,91,3,12.8,246
2025-08-22T02:00,24.5,90,3,13.2,260
2025-08-22T03:00,24.4,90,3,13.8,263
2025-08-22T04:00,24.3,90,3,13.5,261
2025-08-22T05:00,24.1,90,3,12.6,259
2025-08-22T06:00,25.2,87,3,13.8,249
2025-08-22T07:00,25.9,84,3,13.5,251
2025-08-22T08:00,26.2,82,51,17.7,253
2025-08-22T09:00,27.3,76,51,20.4,262
2025-08-22T10:00,28.3,73,51,17.7,260
2025-08-22T11:00,28.9,71,51,15.4,259
2025-08-22T12:00,28.7,69,51,20.2,266
2025-08-22T13:00,27.6,81,63,14.2,271
2025-08-22T14:00,26.6,85,53,7.8,251
2025-08-22T15:00,27.0,84,3,6.8,215
2025-08-22T16:00,27.6,81,51,11.1,224
2025-08-22T17:00,25.7,86,61,13.7,232
2025-08-22T18:00,26.4,78,3,13.7,251
2025-08-22T19:00,26.1,80,3,11.4,233
2025-08-22T20:00,26.1,83,3,12.2,242
2025-08-22T21:00,26.5,80,3,14.4,257
2025-08-22T22:00,26.4,79,3,14.8,260
2025-08-22T23:00,26.2,78,3,17.6,262
2025-08-23T00:00,26.0,78,3,17.6,256
2025-08-23T01:00,25.7,78,3,17.5,262
2025-08-23T02:00,25.4,78,3,15.7,261
2025-08-23T03:00,25.1,79,3,13.8,254
2025-08-23T04:00,24.8,81,3,13.6,247
2025-08-23T05:00,24.6,81,2,13.8,253
2025-08-23T06:00,25.0,80,3,15.1,245
2025-08-23T07:00,25.1,80,3,15.3,251
2025-08-23T08:00,25.1,80,3,15.2,249
2025-08-23T09:00,24.6,84,53,16.9,241
2025-08-23T10:00,24.3,88,61,14.0,239
2025-08-23T11:00,25.6,84,51,12.6,246
2025-08-23T12:00,27.3,75,51,14.5,259
2025-08-23T13:00,27.2,73,51,17.6,254
2025-08-23T14:00,27.4,76,51,16.2,232
2025-08-23T15:00,28.2,70,3,17.9,245
2025-08-23T16:00,28.2,71,3,17.4,250
2025-08-23T17:00,26.7,80,53,17.0,238
2025-08-23T18:00,25.9,83,51,16.5,248
2025-08-23T19:00,24.4,91,55,14.7,243
2025-08-23T20:00,24.2,91,53,16.8,245
2025-08-23T21:00,24.1,91,61,16.6,255
2025-08-23T22:00,24.2,92,53,17.3,249
2025-08-23T23:00,24.2,91,51,18.3,253
2025-08-24T00:00,23.8,93,53,16.0,258
2025-08-24T01:00,23.5,93,53,17.3,255
2025-08-24T02:00,23.5,92,51,18.1,257
2025-08-24T03:00,23.4,91,51,16.7,258
2025-08-24T04:00,23.3,90,51,16.1,254
2025-08-24T05:00,23.1,90,51,16.6,253
2025-08-24T06:00,23.8,88,3,18.6,250
2025-08-24T07:00,24.5,85,3,17.6,252
2025-08-24T08:00,25.1,84,51,15.8,244
2025-08-24T09:00,25.4,82,3,17.6,252
2025-08-24T10:00,26.6,75,51,21.2,264
2025-08-24T11:00,27.2,72,51,21.2,263
2025-08-24T12:00,28.3,68,51,23.6,263
2025-08-24T13:00,28.8,68,2,21.2,261
2025-08-24T14:00,28.5,67,3,21.5,262
2025-08-24T15:00,28.8,67,3,20.6,261
2025-08-24T16:00,28.7,68,3,19.0,252
2025-08-24T17:00,27.8,71,3,16.6,248
2025-08-24T18:00,26.5,78,3,13.4,242
2025-08-24T19:00,26.3,78,3,14.6,251
2025-08-24T20:00,26.4,78,3,15.1,250
2025-08-24T21:00,26.0,81,3,12.7,243
2025-08-24T22:00,25.6,81,3,13.1,249
2025-08-24T23:00,25.5,81,51,15.6,256
2025-08-25T00:00,25.0,84,53,15.4,256
2025-08-25T01:00,24.3,89,53,15.7,254
2025-08-25T02:00,24.2,88,51,17.0,257
2025-08-25T03:00,23.8,89,51,15.5,257
2025-08-25T04:00,23.6,89,51,13.7,248
2025-08-25T05:00,23.5,89,51,14.1,249
2025-08-25T06:00,23.9,88,51,15.3,252
2025-08-25T07:00,24.4,88,51,13.0,250
2025-08-25T08:00,24.7,87,3,12.7,245
2025-08-25T09:00,25.7,82,3,18.4,256
2025-08-25T10:00,26.2,79,3,18.4,261
2025-08-25T11:00,27.1,74,51,19.0,263
2025-08-25T12:00,27.8,72,51,19.0,264
2025-08-25T13:00,27.1,77,51,15.1,250
2025-08-25T14:00,28.2,73,3,14.8,243
2025-08-25T15:00,28.8,71,3,16.0,243
2025-08-25T16:00,28.8,70,3,16.3,244
2025-08-25T17:00,28.1,74,3,12.8,238
2025-08-25T18:00,26.8,83,3,7.5,228
2025-08-25T19:00,26.2,85,3,7.5,237
2025-08-25T20:00,25.8,86,3,8.2,241
2025-08-25T21:00,25.5,88,3,9.7,236
2025-08-25T22:00,25.4,87,3,11.1,236
2025-08-25T23:00,24.9,89,3,8.7,228
2025-08-26T00:00,24.5,91,3,7.2,233
2025-08-26T01:00,24.3,92,3,8.3,237
2025-08-26T02:00,24.1,92,3,9.0,250
2025-08-26T03:00,24.0,92,2,7.6,267
2025-08-26T04:00,23.8,93,2,8.1,273
2025-08-26T05:00,23.5,94,0,6.8,272
2025-08-26T06:00,24.3,94,3,6.5,251
2025-08-26T07:00,25.5,88,3,6.6,287
2025-08-26T08:00,26.9,81,3,11.0,302
2025-08-26T09:00,28.0,78,3,9.7,299
2025-08-26T10:00,29.2,73,51,7.0,296
2025-08-26T11:00,29.7,71,51,6.6,305
2025-08-26T12:00,29.8,70,51,8.3,304
2025-08-26T13:00,30.1,70,51,6.5,309
2025-08-26T14:00,28.6,75,61,11.7,260
2025-08-26T15:00,27.9,79,61,4.3,208
2025-08-26T16:00,27.1,83,51,7.9,287
2025-08-26T17:00,26.0,88,51,3.8,262
2025-08-26T18:00,26.5,88,3,8.6,233
2025-08-26T19:00,25.9,90,3,6.4,241
2025-08-26T20:00,25.6,91,3,5.4,266
2025-08-26T21:00,25.5,92,3,4.7,263
2025-08-26T22:00,25.1,93,3,5.4,222
2025-08-26T23:00,24.2,95,55,6.7,196
2025-08-27T00:00,24.3,97,51,5.8,250
2025-08-27T01:00,24.3,96,1,4.0,260
2025-08-27T02:00,24.4,95,1,4.5,293
2025-08-27T03:00,24.6,93,3,8.9,297
2025-08-27T04:00,24.2,94,3,7.9,321
2025-08-27T05:00,24.0,95,3,8.1,298
2025-08-27T06:00,24.8,96,3,7.0,342
2025-08-27T07:00,25.9,90,1,7.0,337
2025-08-27T08:00,27.0,86,51,7.2,356
2025-08-27T09:00,28.0,82,51,5.0,2
2025-08-27T10:00,29.0,77,51,3.2,19
2025-08-27T11:00,29.9,73,51,2.7,8
2025-08-27T12:00,30.3,72,51,3.7,349
2025-08-27T13:00,30.6,69,51,3.0,33
2025-08-27T14:00,29.3,75,53,7.1,7
2025-08-27T15:00,28.3,81,55,4.7,286
2025-08-27T16:00,27.7,81,55,9.5,237
2025-08-27T17:00,26.2,89,51,9.3,32
2025-08-27T18:00,26.8,88,61,8.0,226
2025-08-27T19:00,24.9,94,65,7.2,276
2025-08-27T20:00,24.9,97,51,6.8,297
2025-08-27T21:00,24.9,96,3,2.8,72
2025-08-27T22:00,24.7,97,3,5.2,44
2025-08-27T23:00,24.4,97,3,2.1,329
2025-08-28T00:00,24.5,98,3,6.6,351
2025-08-28T01:00,24.2,99,3,4.6,329
2025-08-28T02:00,24.1,99,1,5.4,330
2025-08-28T03:00,23.8,99,3,3.5,325
2025-08-28T04:00,23.8,98,2,7.1,322
2025-08-28T05:00,23.6,97,2,6.6,323
2025-08-28T06:00,25.2,94,3,8.9,332
2025-08-28T07:00,26.2,91,51,6.7,333
2025-08-28T08:00,26.5,79,61,10.6,10
2025-08-28T09:00,27.0,84,51,3.5,35
2025-08-28T10:00,28.5,79,51,6.2,52
2025-08-28T11:00,28.7,78,51,4.0,54
2025-08-28T12:00,26.9,83,63,12.7,36
2025-08-28T13:00,26.2,89,61,2.0,135
2025-08-28T14:00,27.9,84,51,1.7,302
2025-08-28T15:00,28.9,81,51,1.9,29
2025-08-28T16:00,29.2,79,51,0.6,162
2025-08-28T17:00,27.8,83,63,2.8,135
2025-08-28T18:00,26.4,90,3,2.7,312
2025-08-28T19:00,26.0,93,3,0.6,214
2025-08-28T20:00,25.5,96,3,4.1,270
2025-08-28T21:00,25.1,97,51,3.1,242
2025-08-28T22:00,24.7,97,53,1.4,180
2025-08-28T23:00,24.4,98,51,4.3,285
2025-08-29T00:00,24.4,99,51,2.5,330
2025-08-29T01:00,24.2,99,3,2.9,349
2025-08-29T02:00,24.0,99,3,1.7,139
2025-08-29T03:00,23.9,99,3,1.3,98
2025-08-29T04:00,23.8,99,1,5.0,44
2025-08-29T05:00,23.6,99,1,4.5,61
2025-08-29T06:00,24.3,97,51,6.1,85
2025-08-29T07:00,24.0,98,65,5.6,112
2025-08-29T08:00,25.2,89,53,6.1,357
2025-08-29T09:00,26.6,82,53,3.0,33
2025-08-29T10:00,28.0,79,51,0.9,169
2025-08-29T11:00,29.1,74,51,1.5,249
2025-08-29T12:00,29.7,71,51,1.3,180
2025-08-29T13:00,30.1,72,51,4.6,167
2025-08-29T14:00,30.4,71,3,4.5,182
2025-08-29T15:00,29.8,73,55,9.1,166
2025-08-29T16:00,27.0,87,61,4.4,125
2025-08-29T17:00,27.3,84,51,2.0,185
2025-08-29T18:00,27.3,84,3,2.9,202
2025-08-29T19:00,26.7,89,3,3.1,230
2025-08-29T20:00,26.4,90,3,5.4,214
2025-08-29T21:00,26.2,91,3,5.6,213
2025-08-29T22:00,25.5,95,3,4.1,221
2025-08-29T23:00,25.0,97,3,2.7,188
2025-08-30T00:00,24.8,97,3,3.6,252
2025-08-30T01:00,24.5,97,3,5.8,275
2025-08-30T02:00,24.4,97,3,0.4,207
2025-08-30T03:00,24.0,99,1,2.3,122
2025-08-30T04:00,23.9,99,1,2.4,207
2025-08-30T05:00,23.7,99,3,2.7,228
2025-08-30T06:00,24.7,96,51,4.7,196
2025-08-30T07:00,25.5,93,3,4.1,229
2025-08-30T08:00,26.6,89,3,4.9,213
2025-08-30T09:00,27.8,83,51,5.5,199
2025-08-30T10:00,29.0,76,51,4.7,220
2025-08-30T11:00,29.8,73,51,4.2,211
2025-08-30T12:00,30.6,70,3,7.2,202
2025-08-30T13:00,30.6,69,51,8.9,201
2025-08-30T14:00,30.2,71,51,9.6,208
2025-08-30T15:00,29.0,77,53,10.1,235
2025-08-30T16:00,29.4,76,51,7.6,236
2025-08-30T17:00,28.7,79,51,10.9,216
2025-08-30T18:00,27.4,86,3,6.8,205
2025-08-30T19:00,26.9,89,3,7.6,207
2025-08-30T20:00,26.5,91,3,5.7,204
2025-08-30T21:00,26.1,93,3,5.1,225
2025-08-30T22:00,25.7,94,3,4.5,217
2025-08-30T23:00,25.4,95,3,6.3,207
2025-08-31T00:00,25.2,95,3,6.9,210
2025-08-31T01:00,24.9,96,3,6.8,228
2025-08-31T02:00,24.8,96,1,7.0,238
2025-08-31T03:00,24.6,96,0,6.9,255
2025-08-31T04:00,24.3,97,3,4.2,263
2025-08-31T05:00,24.1,97,2,3.5,261
2025-08-31T06:00,25.3,94,3,5.2,221
2025-08-31T07:00,26.1,90,3,4.8,236
2025-08-31T08:00,27.2,84,51,6.0,253
2025-08-31T09:00,28.3,78,51,4.5,247
2025-08-31T10:00,28.9,78,51,3.9,223
2025-08-31T11:00,30.0,73,51,5.8,236
2025-08-31T12:00,30.0,72,51,8.1,235
2025-08-31T13:00,26.9,84,65,10.7,253
2025-08-31T14:00,28.2,81,51,10.7,292
2025-08-31T15:00,28.1,78,51,12.2,271
2025-08-31T16:00,28.0,77,3,12.0,278
2025-08-31T17:00,27.8,79,3,9.4,283
2025-08-31T18:00,27.1,85,3,6.1,270
2025-08-31T19:00,26.6,86,3,9.2,270
2025-08-31T20:00,26.0,88,3,7.1,255
2025-08-31T21:00,25.7,89,3,5.4,262
2025-08-31T22:00,25.6,90,3,6.0,277
2025-08-31T23:00,25.4,91,3,6.9,264
2025-09-01T00:00,24.7,93,53,11.1,236
2025-09-01T01:00,24.5,94,53,7.1,263
2025-09-01T02:00,24.1,96,51,6.5,278
2025-09-01T03:00,24.2,96,51,6.9,263
2025-09-01T04:00,24.0,96,3,7.1,260
2025-09-01T05:00,24.0,97,3,8.1,264
2025-09-01T06:00,24.7,94,3,10.1,253
2025-09-01T07:00,25.7,90,3,10.8,269
2025-09-01T08:00,26.0,89,51,9.4,277
2025-09-01T09:00,27.7,82,51,9.2,282
2025-09-01T10:00,28.5,78,51,9.7,281
2025-09-01T11:00,29.3,73,51,9.8,288
2025-09-01T12:00,29.7,71,51,10.6,288
2025-09-01T13:00,30.0,68,51,9.0,280
2025-09-01T14:00,29.2,73,53,7.3,318
2025-09-01T15:00,28.0,76,61,4.3,228
2025-09-01T16:00,25.5,88,61,10.7,277
2025-09-01T17:00,25.1,90,51,2.2,265
2025-09-01T18:00,26.2,94,61,4.6,261
2025-09-01T19:00,25.8,96,63,6.4,234
2025-09-01T20:00,25.5,94,61,9.8,264
2025-09-01T21:00,25.1,96,63,9.0,271
2025-09-01T22:00,24.8,96,63,6.2,280
2025-09-01T23:00,24.6,96,63,7.0,291
2025-09-02T00:00,24.5,96,61,7.3,286
2025-09-02T01:00,24.3,97,63,10.1,266
2025-09-02T02:00,24.0,96,61,10.9,276
2025-09-02T03:00,23.8,97,61,8.7,291
2025-09-02T04:00,23.8,97,55,6.4,306
2025-09-02T05:00,23.6,97,51,5.9,297
2025-09-02T06:00,24.4,96,3,8.9,306
2025-09-02T07:00,25.2,91,3,12.0,311
2025-09-02T08:00,26.4,86,3,9.9,308
2025-09-02T09:00,27.5,82,51,10.7,312
2025-09-02T10:00,28.5,78,51,9.7,326
2025-09-02T11:00,29.0,77,51,10.7,320
2025-09-02T12:00,29.1,76,51,9.8,314
2025-09-02T13:00,28.7,75,51,9.5,327
2025-09-02T14:00,28.1,77,61,11.5,319
2025-09-02T15:00,28.2,79,55,7.2,271
2025-09-02T16:00,29.0,71,51,9.1,287
2025-09-02T17:00,28.0,77,3,8.6,285
2025-09-02T18:00,26.6,86,3,5.6,243
2025-09-02T19:00,26.1,89,3,7.9,235
2025-09-02T20:00,25.8,89,51,10.1,275
2025-09-02T21:00,25.6,89,3,11.1,299
2025-09-02T22:00,25.1,91,51,9.6,308
2025-09-02T23:00,24.9,90,51,10.4,302
2025-09-03T00:00,24.6,91,51,8.2,311
2025-09-03T01:00,24.2,94,51,7.9,309
2025-09-03T02:00,24.0,95,51,7.6,277
2025-09-03T03:00,23.5,96,61,6.5,8
2025-09-03T04:00,23.6,97,61,7.2,332
2025-09-03T05:00,23.6,97,61,6.9,327
2025-09-03T06:00,24.8,92,3,12.4,304
2025-09-03T07:00,25.4,90,3,11.7,315
2025-09-03T08:00,25.6,89,51,9.4,305
2025-09-03T09:00,26.2,84,61,11.4,329
2025-09-03T10:00,25.3,92,61,10.2,302
2025-09-03T11:00,26.2,87,55,11.7,308
2025-09-03T12:00,27.7,82,51,11.0,308
2025-09-03T13:00,28.8,76,3,9.8,316
2025-09-03T14:00,29.2,71,3,9.0,308
2025-09-03T15:00,28.6,74,3,11.0,293
2025-09-03T16:00,28.1,77,53,12.1,288
2025-09-03T17:00,26.0,89,61,5.8,263
2025-09-03T18:00,25.8,89,3,9.6,254
2025-09-03T19:00,25.3,91,3,7.3,239
2025-09-03T20:00,25.0,92,3,9.9,232
2025-09-03T21:00,24.7,92,3,10.2,244
2025-09-03T22:00,24.4,93,3,8.8,255
2025-09-03T23:00,24.1,95,3,6.9,253
2025-09-04T00:00,23.9,95,3,5.8,254
2025-09-04T01:00,23.6,96,3,4.0,249
2025-09-04T02:00,23.4,97,3,5.7,246
2025-09-04T03:00,23.6,96,3,4.9,266
2025-09-04T04:00,23.8,95,3,4.4,235
2025-09-04T05:00,24.0,94,3,6.2,229
2025-09-04T06:00,24.3,94,3,7.5,235
2025-09-04T07:00,25.1,90,3,8.7,236
2025-09-04T08:00,26.1,87,51,8.6,237
2025-09-04T09:00,27.2,81,51,8.6,229
2025-09-04T10:00,27.6,77,3,11.1,224
2025-09-04T11:00,27.6,77,51,12.0,229
2025-09-04T12:00,29.0,71,51,11.7,234
2025-09-04T13:00,29.2,70,51,12.7,240
2025-09-04T14:00,29.3,70,51,12.2,236
2025-09-04T15:00,28.2,77,53,13.9,247
2025-09-04T16:00,27.9,79,55,11.0,238
2025-09-04T17:00,27.6,82,3,10.0,232
2025-09-04T18:00,27.0,79,3,8.7,243
2025-09-04T19:00,26.4,82,3,8.7,223
2025-09-04T20:00,26.1,83,3,10.6,220
2025-09-04T21:00,25.9,82,3,10.0,232
2025-09-04T22:00,25.3,85,3,9.0,223
2025-09-04T23:00,25.1,86,3,8.9,220
2025-09-05T00:00,24.6,87,3,10.2,221
2025-09-05T01:00,24.2,89,3,9.5,224
2025-09-05T02:00,23.9,91,3,8.3,210
2025-09-05T03:00,23.5,94,3,7.5,190
2025-09-05T04:00,23.3,95,3,7.0,192
2025-09-05T05:00,23.3,96,3,8.0,196
2025-09-05T06:00,24.3,92,3,9.1,219
2025-09-05T07:00,25.2,86,3,8.4,205
2025-09-05T08:00,26.4,79,3,11.1,211
2025-09-05T09:00,27.7,72,3,14.5,217
2025-09-05T10:00,28.3,70,3,15.5,209
2025-09-05T11:00,28.7,68,3,17.0,204
2025-09-05T12:00,29.7,64,51,17.8,200
2025-09-05T13:00,30.1,62,2,17.0,202
2025-09-05T14:00,30.1,63,51,15.9,195
2025-09-05T15:00,30.1,63,1,16.0,194
2025-09-05T16:00,29.6,65,51,14.1,197
2025-09-05T17:00,28.8,70,3,11.5,215
2025-09-05T18:00,27.4,78,3,7.0,220
2025-09-05T19:00,26.6,82,51,7.7,204
2025-09-05T20:00,25.8,87,51,7.8,212
2025-09-05T21:00,25.5,90,51,7.4,223
2025-09-05T22:00,25.3,92,51,9.3,217
2025-09-05T23:00,25.1,92,1,8.6,211
2025-09-06T00:00,24.9,92,1,8.6,209
2025-09-06T01:00,24.6,92,51,8.5,208
2025-09-06T02:00,24.3,94,51,8.1,215
2025-09-06T03:00,24.0,94,51,7.7,211
2025-09-06T04:00,23.8,96,3,5.5,216
2025-09-06T05:00,23.5,97,1,4.6,191
2025-09-06T06:00,24.6,92,2,6.9,187
2025-09-06T07:00,25.7,88,3,6.3,200
2025-09-06T08:00,26.4,84,51,9.4,212
2025-09-06T09:00,27.2,80,51,8.3,210
2025-09-06T10:00,28.2,76,51,8.5,204
2025-09-06T11:00,28.9,73,51,10.0,201
2025-09-06T12:00,27.6,78,61,15.6,207
2025-09-06T13:00,27.5,82,61,8.3,200
2025-09-06T14:00,26.5,86,51,11.1,220
2025-09-06T15:00,27.7,81,51,9.5,217
2025-09-06T16:00,27.8,80,51,11.1,226
2025-09-06T17:00,27.0,84,51,10.2,217
2025-09-06T18:00,25.9,90,3,3.9,204
2025-09-06T19:00,25.5,91,3,5.8,214
2025-09-06T20:00,25.2,93,2,4.6,222
2025-09-06T21:00,25.1,94,1,5.0,215
2025-09-06T22:00,25.0,95,1,6.3,217
2025-09-06T23:00,24.8,95,3,6.1,230
2025-09-07T00:00,24.6,96,1,5.8,236
2025-09-07T01:00,24.4,95,51,6.5,238
2025-09-07T02:00,24.0,95,1,5.1,243
2025-09-07T03:00,23.5,96,51,2.1,239
2025-09-07T04:00,23.5,96,53,0.7,346
2025-09-07T05:00,23.2,97,0,3.2,270
2025-09-07T06:00,24.8,93,51,5.1,219
2025-09-07T07:00,25.5,90,3,3.5,208
2025-09-07T08:00,26.8,82,3,5.9,252
2025-09-07T09:00,28.0,74,3,8.6,271
2025-09-07T10:00,28.9,69,3,8.3,271
2025-09-07T11:00,29.6,66,3,6.3,263
2025-09-07T12:00,29.9,66,3,6.4,243
2025-09-07T13:00,30.1,66,3,7.5,237
2025-09-07T14:00,30.2,66,51,7.1,229
2025-09-07T15:00,27.0,84,61,11.0,265
2025-09-07T16:00,27.6,80,51,5.9,225
2025-09-07T17:00,27.1,83,3,8.0,224
2025-09-07T18:00,26.5,86,3,3.6,252
2025-09-07T19:00,26.3,88,3,5.6,274
2025-09-07T20:00,25.4,92,1,3.8,281
2025-09-07T21:00,25.0,94,2,3.6,243
2025-09-07T22:00,24.7,94,1,5.1,264
2025-09-07T23:00,24.6,93,3,6.7,284
2025-09-08T00:00,24.3,94,0,5.7,283
2025-09-08T01:00,24.1,94,0,6.6,287
2025-09-08T02:00,23.9,95,0,6.3,294
2025-09-08T03:00,23.8,95,0,7.5,297
2025-09-08T04:00,23.8,95,2,7.9,300
2025-09-08T05:00,23.6,95,0,6.2,311
2025-09-08T06:00,24.9,93,3,5.7,307
2025-09-08T07:00,25.8,90,3,5.6,338
2025-09-08T08:00,27.0,86,3,6.2,339
2025-09-08T09:00,28.4,78,51,6.2,350
2025-09-08T10:00,29.5,74,51,2.8,333
2025-09-08T11:00,30.3,70,51,2.7,312
2025-09-08T12:00,30.7,69,51,1.6,270
2025-09-08T13:00,30.8,69,51,3.1,246
2025-09-08T14:00,30.5,70,51,4.3,225
2025-09-08T15:00,28.1,78,63,3.4,174
2025-09-08T16:00,25.6,88,65,4.3,336
2025-09-08T17:00,25.9,89,55,2.8,105
2025-09-08T18:00,27.1,88,3,1.1,189
2025-09-08T19:00,26.5,90,3,1.5,234
2025-09-08T20:00,25.9,93,3,4.0,321
2025-09-08T21:00,25.8,90,2,5.8,330
2025-09-08T22:00,25.4,88,3,6.1,320
2025-09-08T23:00,25.1,89,3,6.7,314
2025-09-09T00:00,24.9,90,3,6.4,322
2025-09-09T01:00,24.7,92,3,6.7,324
2025-09-09T02:00,24.5,92,3,6.5,326
2025-09-09T03:00,24.2,93,3,6.6,325
2025-09-09T04:00,24.1,92,3,6.6,327
2025-09-09T05:00,23.8,94,3,6.1,358
2025-09-09T06:00,24.9,92,3,5.2,329
2025-09-09T07:00,26.0,88,3,5.4,345
2025-09-09T08:00,27.6,81,3,5.0,341
2025-09-09T09:00,29.1,74,2,4.7,342
2025-09-09T10:00,30.1,69,51,5.0,358
2025-09-09T11:00,30.7,68,51,4.2,7
2025-09-09T12:00,31.3,66,51,2.2,355
2025-09-09T13:00,31.4,66,51,2.7,312
2025-09-09T14:00,31.3,67,51,3.1,283
2025-09-09T15:00,31.0,68,51,5.3,332
2025-09-09T16:00,27.7,78,63,6.9,317
2025-09-09T17:00,26.8,85,61,7.6,360
2025-09-09T18:00,26.8,83,3,9.3,320
2025-09-09T19:00,26.2,86,3,6.7,322
2025-09-09T20:00,26.1,87,1,8.0,318
2025-09-09T21:00,26.0,86,2,9.4,322
2025-09-09T22:00,25.9,87,0,8.5,335
2025-09-09T23:00,25.7,88,3,8.7,336
2025-09-10T00:00,25.3,89,51,8.3,330
2025-09-10T01:00,24.9,91,3,8.8,334
2025-09-10T02:00,24.7,91,3,8.9,324
2025-09-10T03:00,24.4,93,51,5.5,9
2025-09-10T04:00,24.2,93,3,6.9,337
2025-09-10T05:00,24.0,92,3,7.1,330
2025-09-10T06:00,25.2,87,3,10.0,339
2025-09-10T07:00,26.2,84,3,7.9,339
2025-09-10T08:00,27.7,79,3,7.2,347
2025-09-10T09:00,29.2,74,3,8.1,355
2025-09-10T10:00,30.4,70,51,6.9,7
2025-09-10T11:00,31.0,67,51,6.4,10
2025-09-10T12:00,31.5,66,51,4.7,342
2025-09-10T13:00,31.6,66,2,4.1,337
2025-09-10T14:00,29.1,76,55,12.8,15
2025-09-10T15:00,28.3,77,53,13.5,304
2025-09-10T16:00,28.5,77,3,7.4,293
2025-09-10T17:00,28.4,77,3,5.2,299
2025-09-10T18:00,28.1,82,3,6.9,335
2025-09-10T19:00,27.2,88,53,1.5,60
2025-09-10T20:00,27.0,89,3,4.6,334
2025-09-10T21:00,26.6,88,3,4.6,315
2025-09-10T22:00,26.3,86,3,8.0,312
2025-09-10T23:00,25.9,86,3,8.1,315
2025-09-11T00:00,25.6,87,3,7.6,313
2025-09-11T01:00,25.4,87,3,8.1,317
2025-09-11T02:00,25.1,88,3,8.2,322
2025-09-11T03:00,24.9,87,3,8.6,330
2025-09-11T04:00,24.8,87,3,8.8,325
2025-09-11T05:00,24.5,87,3,5.7,332
2025-09-11T06:00,25.9,81,3,7.9,344
2025-09-11T07:00,26.4,81,3,6.5,358
2025-09-11T08:00,27.5,78,51,10.0,337
2025-09-11T09:00,28.9,73,3,9.4,343
2025-09-11T10:00,29.9,70,51,7.9,333
2025-09-11T11:00,30.6,69,51,9.6,348
2025-09-11T12:00,31.1,68,51,9.4,342
2025-09-11T13:00,29.4,75,61,7.1,350
2025-09-11T14:00,27.8,78,63,6.6,16
2025-09-11T15:00,27.4,81,53,1.0,135
2025-09-11T16:00,27.4,81,55,5.0,341
2025-09-11T17:00,26.7,85,51,6.3,290
2025-09-11T18:00,25.2,94,63,5.6,297
2025-09-11T19:00,25.4,94,55,5.7,307
2025-09-11T20:00,25.4,95,55,9.1,291
2025-09-11T21:00,25.2,93,3,8.8,303
2025-09-11T22:00,24.4,94,63,4.0,275
2025-09-11T23:00,24.4,95,3,6.3,273
2025-09-12T00:00,24.4,96,3,8.3,290
2025-09-12T01:00,24.5,95,3,8.2,306
2025-09-12T02:00,24.5,95,3,10.6,316
2025-09-12T03:00,24.5,94,3,11.4,329
2025-09-12T04:00,24.4,94,3,9.9,339
2025-09-12T05:00,24.2,94,3,8.4,345
2025-09-12T06:00,24.7,92,3,10.0,334
2025-09-12T07:00,25.5,90,3,9.0,1
2025-09-12T08:00,26.6,86,3,8.6,8
2025-09-12T09:00,27.6,82,51,8.9,19
2025-09-12T10:00,28.9,78,51,9.3,22
2025-09-12T11:00,30.1,72,51,10.8,28
2025-09-12T12:00,30.8,66,51,11.4,25
2025-09-12T13:00,26.9,85,63,17.1,12
2025-09-12T14:00,28.9,75,53,6.0,16
2025-09-12T15:00,28.6,75,53,8.7,7
2025-09-12T16:00,28.3,76,51,1.5,83
2025-09-12T17:00,27.2,83,51,3.1,353
2025-09-12T18:00,26.4,90,51,5.8,292
2025-09-12T19:00,25.3,95,61,6.7,329
2025-09-12T20:00,24.9,95,3,9.4,324
2025-09-12T21:00,24.7,96,63,3.6,311
2025-09-12T22:00,24.6,96,51,3.4,317
2025-09-12T23:00,24.5,96,3,6.4,320
2025-09-13T00:00,24.4,96,3,7.3,324
2025-09-13T01:00,24.3,97,55,6.4,349
2025-09-13T02:00,24.1,96,61,11.5,335
2025-09-13T03:00,23.9,95,3,12.2,346
2025-09-13T04:00,23.8,94,3,9.7,2
2025-09-13T05:00,23.8,95,3,9.9,16
2025-09-13T06:00,24.0,92,3,10.6,356
2025-09-13T07:00,25.2,90,3,8.6,1
2025-09-13T08:00,26.9,84,3,8.4,9
2025-09-13T09:00,28.4,78,51,9.3,22
2025-09-13T10:00,29.6,76,51,9.4,42
2025-09-13T11:00,30.1,74,51,9.4,50
2025-09-13T12:00,30.5,72,51,8.7,56
2025-09-13T13:00,30.6,72,53,7.6,59
2025-09-13T14:00,30.3,74,51,8.1,65
2025-09-13T15:00,27.8,83,61,6.7,357
2025-09-13T16:00,27.6,85,51,6.2,17
2025-09-13T17:00,27.4,84,3,4.1,347
2025-09-13T18:00,27.0,89,3,3.6,354
2025-09-13T19:00,26.7,91,3,3.4,3
2025-09-13T20:00,26.3,93,3,5.0,322
2025-09-13T21:00,26.1,94,3,5.4,340
2025-09-13T22:00,25.5,96,3,2.9,11
2025-09-13T23:00,25.4,97,51,0.7,346
2025-09-14T00:00,24.1,97,63,2.7,266
2025-09-14T01:00,23.9,98,51,6.5,273
2025-09-14T02:00,23.5,99,63,6.1,328
2025-09-14T03:00,23.7,98,51,6.2,21
2025-09-14T04:00,23.6,98,3,5.6,2
2025-09-14T05:00,23.5,98,3,2.4,81
2025-09-14T06:00,24.7,96,3,6.7,134
2025-09-14T07:00,25.6,92,3,2.9,86
2025-09-14T08:00,27.2,84,3,7.2,72
2025-09-14T09:00,28.5,82,3,6.3,55
2025-09-14T10:00,29.2,79,51,5.7,72
2025-09-14T11:00,30.0,74,51,6.7,82
2025-09-14T12:00,30.6,70,51,6.5,95
2025-09-14T13:00,30.5,71,3,4.2,97
2025-09-14T14:00,30.6,71,51,4.4,83
2025-09-14T15:00,30.0,74,51,3.2,34
2025-09-14T16:00,29.8,74,51,3.2,117
2025-09-14T17:00,28.1,83,3,6.3,145
2025-09-14T18:00,26.8,89,3,2.1,200
2025-09-14T19:00,26.6,92,3,0.0,270
2025-09-14T20:00,26.3,94,3,1.9,287
2025-09-14T21:00,26.2,95,3,2.6,12
2025-09-14T22:00,26.4,93,3,5.2,49
2025-09-14T23:00,25.8,95,3,5.4,53
2025-09-15T00:00,25.4,96,3,4.4,35
2025-09-15T01:00,25.1,96,3,3.2,56
2025-09-15T02:00,24.7,96,3,9.0,43
2025-09-15T03:00,24.4,95,51,6.1,355
2025-09-15T04:00,24.2,97,3,2.0,63
2025-09-15T05:00,24.2,96,51,1.9,139
2025-09-15T06:00,25.0,96,3,1.7,221
2025-09-15T07:00,25.9,94,3,0.8,243
2025-09-15T08:00,27.2,89,3,0.9,259
2025-09-15T09:00,28.5,83,3,0.6,214
2025-09-15T10:00,29.5,78,51,1.2,231
2025-09-15T11:00,29.9,74,51,3.0,218
2025-09-15T12:00,30.4,72,51,2.3,209
2025-09-15T13:00,30.6,73,51,4.1,232
2025-09-15T14:00,30.7,71,3,2.5,172
2025-09-15T15:00,28.6,78,55,4.2,70
2025-09-15T16:00,27.6,85,51,1.8,24
2025-09-15T17:00,27.0,86,51,7.0,40
2025-09-15T18:00,26.9,88,51,6.4,16
2025-09-15T19:00,26.2,95,53,5.5,46
2025-09-15T20:00,26.0,96,55,3.6,41
2025-09-15T21:00,25.9,97,55,3.1,24
2025-09-15T22:00,25.7,98,53,3.7,61
2025-09-15T23:00,25.5,99,51,2.1,59
2025-09-16T00:00,25.4,99,51,4.5,137
2025-09-16T01:00,25.1,99,3,5.7,171
2025-09-16T02:00,25.0,99,3,6.1,192
2025-09-16T03:00,24.5,97,51,9.7,215
2025-09-16T04:00,24.2,98,51,5.2,209
2025-09-16T05:00,24.1,98,51,4.9,178
2025-09-16T06:00,23.9,97,51,4.6,244
2025-09-16T07:00,25.2,95,3,2.6,231
2025-09-16T08:00,26.9,88,51,3.7,284
2025-09-16T09:00,28.1,83,51,2.8,310
2025-09-16T10:00,29.0,78,51,3.0,322
2025-09-16T11:00,29.8,73,51,2.3,293
2025-09-16T12:00,29.2,77,51,3.7,227
2025-09-16T13:00,28.9,78,63,7.9,207
2025-09-16T14:00,27.6,81,63,6.5,336
2025-09-16T15:00,26.6,86,51,5.1,318
2025-09-16T16:00,26.2,89,3,2.2,175
2025-09-16T17:00,26.3,88,51,2.8,18
2025-09-16T18:00,25.8,90,51,1.5,339
2025-09-16T19:00,25.8,93,53,2.3,72
2025-09-16T20:00,25.8,94,53,2.4,144
2025-09-16T21:00,25.6,95,53,2.1,239
2025-09-16T22:00,25.5,96,51,1.9,214
2025-09-16T23:00,25.0,97,3,3.6,221
2025-09-17T00:00,25.0,98,55,4.3,222
2025-09-17T01:00,24.9,98,53,3.9,217
2025-09-17T02:00,24.6,98,61,4.1,218
2025-09-17T03:00,24.4,98,53,4.8,222
2025-09-17T04:00,24.1,97,53,3.1,220
2025-09-17T05:00,23.4,98,61,5.4,159
2025-09-17T06:00,24.4,99,3,3.8,253
2025-09-17T07:00,25.4,94,3,2.7,262
2025-09-17T08:00,26.7,90,3,3.3,283
2025-09-17T09:00,28.0,82,3,1.7,212
2025-09-17T10:00,29.0,77,3,3.7,191
2025-09-17T11:00,30.0,73,51,3.6,198
2025-09-17T12:00,30.4,69,51,3.4,212
2025-09-17T13:00,30.6,68,3,4.5,173
2025-09-17T14:00,30.6,69,3,5.0,229
2025-09-17T15:00,28.7,75,55,8.0,265
2025-09-17T16:00,28.7,75,51,4.8,25
2025-09-17T17:00,27.6,81,3,2.0,80
2025-09-17T18:00,27.0,86,51,1.9,131
2025-09-17T19:00,26.4,91,3,2.3,337
2025-09-17T20:00,26.1,93,3,3.5,12
2025-09-17T21:00,25.8,94,3,4.3,360
2025-09-17T22:00,25.3,95,3,2.7,352
2025-09-17T23:00,24.9,96,61,0.4,270
2025-09-18T00:00,24.7,97,3,2.4,167
2025-09-18T01:00,24.5,98,3,3.2,196
2025-09-18T02:00,24.5,98,53,4.9,190
2025-09-18T03:00,24.3,97,3,1.0,225
2025-09-18T04:00,23.7,98,53,8.7,218
2025-09-18T05:00,23.7,98,51,3.3,202
2025-09-18T06:00,24.6,96,3,1.2,333
2025-09-18T07:00,25.5,94,3,2.7,118
2025-09-18T08:00,26.6,91,51,2.3,113
2025-09-18T09:00,28.1,83,51,2.6,164
2025-09-18T10:00,29.3,77,51,3.3,209
2025-09-18T11:00,30.2,70,3,3.9,204
2025-09-18T12:00,30.5,68,3,5.0,180
2025-09-18T13:00,30.5,68,3,6.0,170
2025-09-18T14:00,30.4,67,51,5.2,178
2025-09-18T15:00,29.6,70,2,4.4,289
2025-09-18T16:00,29.6,73,1,4.9,321
2025-09-18T17:00,29.1,76,3,3.1,353
2025-09-18T18:00,28.0,82,3,3.1,62
2025-09-18T19:00,27.2,89,3,3.1,54
2025-09-18T20:00,26.9,92,3,2.2,66
2025-09-18T21:00,26.4,94,3,3.8,107
2025-09-18T22:00,26.0,94,3,3.2,128
2025-09-18T23:00,25.7,95,3,1.5,126
2025-09-19T00:00,25.5,96,51,0.4,207
2025-09-19T01:00,25.2,97,51,3.6,279
2025-09-19T02:00,24.8,99,3,4.2,43
2025-09-19T03:00,24.1,100,51,7.0,201
2025-09-19T04:00,24.2,99,51,1.7,229
2025-09-19T05:00,23.8,99,3,0.9,281
2025-09-19T06:00,25.5,94,3,2.8,288
2025-09-19T07:00,26.8,89,3,2.9,338
2025-09-19T08:00,28.3,81,2,2.7,352
2025-09-19T09:00,29.5,74,2,1.4,220
2025-09-19T10:00,30.3,71,1,4.8,191
2025-09-19T11:00,30.8,70,51,6.2,195
2025-09-19T12:00,31.2,69,1,5.7,226
2025-09-19T13:00,31.4,69,51,5.4,240
2025-09-19T14:00,31.5,68,51,5.3,218
2025-09-19T15:00,31.4,66,1,6.1,204
2025-09-19T16:00,30.7,67,3,6.1,227
2025-09-19T17:00,29.8,74,3,6.5,316
2025-09-19T18:00,28.9,80,3,1.8,233
2025-09-19T19:00,28.1,85,3,2.4,312
2025-09-19T20:00,27.4,89,3,2.7,318
2025-09-19T21:00,26.8,92,3,3.6,323
2025-09-19T22:00,26.4,92,3,2.4,324
2025-09-19T23:00,26.0,93,3,3.2,289
2025-09-20T00:00,25.8,93,3,8.4,255
2025-09-20T01:00,25.2,92,3,3.9,254
2025-09-20T02:00,24.7,94,3,5.4,266
2025-09-20T03:00,24.3,97,3,4.8,295
2025-09-20T04:00,24.1,97,3,4.0,330
2025-09-20T05:00,24.0,96,3,6.3,329
2025-09-20T06:00,25.2,94,3,6.5,316
2025-09-20T07:00,26.2,92,3,5.4,326
2025-09-20T08:00,27.9,84,3,4.8,323
2025-09-20T09:00,29.3,77,3,4.0,321
2025-09-20T10:00,30.5,69,51,4.5,304
2025-09-20T11:00,31.3,64,51,4.4,300
2025-09-20T12:00,31.7,62,51,6.0,303
2025-09-20T13:00,31.8,65,2,4.8,304
2025-09-20T14:00,31.9,65,0,4.0,297
2025-09-20T15:00,31.1,69,53,6.4,292
2025-09-20T16:00,31.1,69,3,5.2,299
2025-09-20T17:00,27.7,87,63,4.9,309
2025-09-20T18:00,27.3,83,3,4.6,349
2025-09-20T19:00,26.9,86,3,3.6,319
2025-09-20T20:00,26.7,85,3,6.6,307
2025-09-20T21:00,26.2,87,3,5.2,329
2025-09-20T22:00,25.7,89,1,4.4,322
2025-09-20T23:00,25.5,90,1,6.7,324
2025-09-21T00:00,25.3,90,3,7.9,319
2025-09-21T01:00,24.9,89,3,8.1,325
2025-09-21T02:00,24.6,88,3,8.2,324
2025-09-21T03:00,24.3,88,3,7.6,317
2025-09-21T04:00,24.2,88,3,7.8,320
2025-09-21T05:00,24.0,90,3,6.7,329
2025-09-21T06:00,25.2,90,3,7.6,326
2025-09-21T07:00,26.4,87,2,6.9,330
2025-09-21T08:00,28.2,81,2,7.9,344
2025-09-21T09:00,29.7,73,51,7.6,3
2025-09-21T10:00,30.8,66,51,7.6,19
2025-09-21T11:00,31.2,64,3,6.5,19
2025-09-21T12:00,31.4,64,3,5.7,11
2025-09-21T13:00,31.8,65,51,5.6,6
2025-09-21T14:00,29.9,72,61,11.7,1
2025-09-21T15:00,28.2,81,53,7.4,292
2025-09-21T16:00,28.7,80,61,6.2,324
2025-09-21T17:00,26.5,89,65,8.5,246
2025-09-21T18:00,28.2,83,3,1.3,278
2025-09-21T19:00,27.9,83,3,5.1,293
2025-09-21T20:00,27.5,85,3,7.4,296
2025-09-21T21:00,26.8,86,3,6.5,272
2025-09-21T22:00,26.4,87,3,5.4,278
2025-09-21T23:00,26.1,87,3,6.7,294
2025-09-22T00:00,26.0,88,3,5.7,305
2025-09-22T01:00,25.7,88,51,5.3,315
2025-09-22T02:00,24.3,95,61,4.0,87
2025-09-22T03:00,24.3,96,51,8.1,323
2025-09-22T04:00,24.1,92,51,9.8,310
2025-09-22T05:00,23.6,96,61,13.6,212
2025-09-22T06:00,25.0,95,3,6.0,197
2025-09-22T07:00,26.0,92,3,2.8,305
2025-09-22T08:00,27.9,85,3,4.8,329
2025-09-22T09:00,29.6,75,3,5.7,342
2025-09-22T10:00,31.1,64,2,8.0,6
2025-09-22T11:00,31.8,59,1,8.5,18
2025-09-22T12:00,32.7,53,0,7.1,24
2025-09-22T13:00,33.3,48,3,8.1,21
2025-09-22T14:00,33.4,46,3,9.3,8
2025-09-22T15:00,33.2,46,3,8.5,4
2025-09-22T16:00,32.6,52,3,7.1,7
2025-09-22T17:00,31.5,67,3,2.8,342
2025-09-22T18:00,28.9,69,3,4.9,84
2025-09-22T19:00,28.7,72,3,3.3,171
2025-09-22T20:00,27.5,76,3,4.8,202
2025-09-22T21:00,27.0,79,3,6.5,212
2025-09-22T22:00,26.5,81,3,11.0,201
2025-09-22T23:00,26.0,87,3,11.9,228
2025-09-23T00:00,25.6,89,3,10.1,250
2025-09-23T01:00,25.3,90,3,8.3,257
2025-09-23T02:00,25.0,90,3,7.7,279
2025-09-23T03:00,24.7,90,3,7.5,303
2025-09-23T04:00,24.4,91,3,8.7,307
2025-09-23T05:00,24.2,91,3,11.4,311
2025-09-23T06:00,25.1,92,3,9.0,313
2025-09-23T07:00,26.7,81,3,11.3,326
2025-09-23T08:00,27.5,80,3,11.3,326
2025-09-23T09:00,29.1,77,3,11.2,327
2025-09-23T10:00,30.8,68,2,10.9,333
2025-09-23T11:00,31.7,60,51,11.4,336
2025-09-23T12:00,31.7,59,51,11.4,348
2025-09-23T13:00,32.0,54,2,11.2,354
2025-09-23T14:00,32.0,53,1,10.3,348
2025-09-23T15:00,31.8,52,3,9.3,336
2025-09-23T16:00,31.5,55,3,7.4,334
2025-09-23T17:00,30.3,62,3,7.1,313
2025-09-23T18:00,29.1,63,3,8.0,310
2025-09-23T19:00,28.2,68,3,11.2,314
2025-09-23T20:00,27.2,69,3,9.8,313
2025-09-23T21:00,26.8,71,3,9.8,308
2025-09-23T22:00,26.4,73,1,10.1,299
2025-09-23T23:00,26.1,74,3,10.0,296
2025-09-24T00:00,25.8,75,3,10.6,294
2025-09-24T01:00,25.8,72,3,12.3,299
2025-09-24T02:00,25.7,71,3,13.4,306
2025-09-24T03:00,25.3,74,2,14.2,311
2025-09-24T04:00,25.2,75,3,14.5,311
2025-09-24T05:00,24.7,78,3,14.9,313
2025-09-24T06:00,25.3,81,2,16.1,312
2025-09-24T07:00,26.2,81,2,15.4,313
2025-09-24T08:00,27.6,77,0,16.1,310
2025-09-24T09:00,29.3,73,2,15.2,313
2025-09-24T10:00,30.8,67,3,16.2,314
2025-09-24T11:00,31.8,60,3,16.6,317
2025-09-24T12:00,32.0,56,3,17.0,332
2025-09-24T13:00,31.7,56,51,18.0,331
2025-09-24T14:00,31.7,55,3,16.5,325
2025-09-24T15:00,31.6,54,3,15.3,315
2025-09-24T16:00,30.7,59,3,13.6,313
2025-09-24T17:00,29.2,67,3,14.5,281
2025-09-24T18:00,27.8,72,3,11.3,288
2025-09-24T19:00,27.6,71,3,12.2,283
2025-09-24T20:00,27.5,71,3,14.4,290
2025-09-24T21:00,27.2,73,3,14.8,294
2025-09-24T22:00,26.8,74,3,15.9,299
2025-09-24T23:00,26.7,75,3,15.3,307
2025-09-25T00:00,26.6,76,3,15.2,313
2025-09-25T01:00,26.3,77,3,16.8,312
2025-09-25T02:00,26.2,76,3,15.5,312
2025-09-25T03:00,26.0,76,3,15.2,318
2025-09-25T04:00,25.8,77,3,15.7,317
2025-09-25T05:00,25.5,77,3,16.6,321
2025-09-25T06:00,24.9,89,61,12.5,342
2025-09-25T07:00,24.6,92,61,13.7,337
2025-09-25T08:00,24.9,93,55,10.3,345
2025-09-25T09:00,25.5,93,61,8.1,342
2025-09-25T10:00,27.0,86,53,9.1,326
2025-09-25T11:00,28.3,75,51,13.2,332
2025-09-25T12:00,29.1,70,51,15.9,335
2025-09-25T13:00,28.4,77,63,13.0,334
2025-09-25T14:00,29.6,71,51,13.8,324
2025-09-25T15:00,27.7,82,61,13.0,346
2025-09-25T16:00,28.0,80,51,8.1,348
2025-09-25T17:00,27.7,81,3,8.7,315
2025-09-25T18:00,26.9,83,3,8.4,313
2025-09-25T19:00,26.6,84,3,8.6,324
2025-09-25T20:00,26.4,86,1,8.1,335
2025-09-25T21:00,26.2,88,2,7.2,338
2025-09-25T22:00,25.9,88,2,8.6,338
2025-09-25T23:00,25.8,86,1,10.1,341
2025-09-26T00:00,25.6,84,1,10.8,342
2025-09-26T01:00,25.4,83,1,11.5,350
2025-09-26T02:00,25.1,83,55,9.8,346
2025-09-26T03:00,24.3,87,61,11.3,309
2025-09-26T04:00,24.1,90,3,12.3,329
2025-09-26T05:00,24.2,91,3,8.9,336
2025-09-26T06:00,25.2,90,3,11.8,347
2025-09-26T07:00,26.4,87,2,9.0,355
2025-09-26T08:00,26.6,82,51,12.8,20
2025-09-26T09:00,28.0,79,51,8.3,4
2025-09-26T10:00,30.0,75,51,8.9,19
2025-09-26T11:00,31.3,70,51,9.6,33
2025-09-26T12:00,31.8,65,51,9.8,26
2025-09-26T13:00,31.6,65,51,10.4,18
2025-09-26T14:00,31.7,64,3,8.1,21
2025-09-26T15:00,30.2,71,55,13.2,358
2025-09-26T16:00,29.6,73,51,9.7,59
2025-09-26T17:00,27.1,84,63,1.9,73
2025-09-26T18:00,27.7,86,53,3.4,65
2025-09-26T19:00,27.4,86,51,4.1,326
2025-09-26T20:00,27.3,84,3,8.6,324
2025-09-26T21:00,26.9,85,3,10.6,342
2025-09-26T22:00,26.5,84,3,11.0,345
2025-09-26T23:00,26.2,84,3,10.9,352
2025-09-27T00:00,26.0,84,3,10.4,8
2025-09-27T01:00,25.8,85,3,10.3,12
2025-09-27T02:00,25.8,85,3,10.0,9
2025-09-27T03:00,25.3,88,51,8.1,360
2025-09-27T04:00,25.2,89,51,7.1,345
2025-09-27T05:00,24.5,93,63,5.3,24
2025-09-27T06:00,23.9,94,61,8.9,306
2025-09-27T07:00,25.0,93,51,10.7,333
2025-09-27T08:00,25.8,89,53,7.7,33
2025-09-27T09:00,26.2,90,53,6.2,33
2025-09-27T10:00,26.4,93,53,5.2,356
2025-09-27T11:00,26.2,87,63,10.8,38
2025-09-27T12:00,26.4,88,63,0.5,180
2025-09-27T13:00,25.9,93,63,1.9,326
2025-09-27T14:00,25.6,90,63,4.7,328
2025-09-27T15:00,26.4,88,51,7.8,289
2025-09-27T16:00,26.6,86,3,8.6,300
2025-09-27T17:00,26.1,91,55,7.5,327
2025-09-27T18:00,25.5,92,51,5.2,20
2025-09-27T19:00,25.0,95,3,3.4,357
2025-09-27T20:00,24.9,95,51,0.7,270
2025-09-27T21:00,24.7,96,51,2.6,344
2025-09-27T22:00,24.7,95,3,2.2,355
2025-09-27T23:00,24.9,94,51,4.8,45
2025-09-28T00:00,24.4,98,53,5.4,90
2025-09-28T01:00,24.3,96,63,7.8,146
2025-09-28T02:00,24.2,96,53,11.6,162
2025-09-28T03:00,23.9,98,3,9.2,149
2025-09-28T04:00,23.7,99,51,9.6,131
2025-09-28T05:00,23.5,99,51,10.8,127
2025-09-28T06:00,24.3,97,51,11.7,136
2025-09-28T07:00,24.8,95,3,11.1,133
2025-09-28T08:00,25.3,91,51,13.2,136
2025-09-28T09:00,26.5,87,51,13.8,141
2025-09-28T10:00,26.9,82,51,13.3,138
2025-09-28T11:00,28.3,75,3,12.7,135
2025-09-28T12:00,29.3,71,3,13.2,137
2025-09-28T13:00,29.3,70,51,12.8,130
2025-09-28T14:00,29.0,72,51,12.5,136
2025-09-28T15:00,27.8,77,61,14.4,148
2025-09-28T16:00,27.0,84,55,8.1,168
2025-09-28T17:00,26.9,85,51,8.0,115
2025-09-28T18:00,26.2,84,51,10.4,141
2025-09-28T19:00,25.6,87,2,8.4,145
2025-09-28T20:00,25.2,88,2,6.6,139
2025-09-28T21:00,24.9,90,2,7.5,134
2025-09-28T22:00,24.6,90,3,9.5,159
2025-09-28T23:00,24.1,91,3,8.5,173
2025-09-29T00:00,23.6,94,1,7.2,180
2025-09-29T01:00,23.1,96,2,4.7,173
2025-09-29T02:00,22.8,97,2,3.4,137
2025-09-29T03:00,22.9,97,3,3.7,137
2025-09-29T04:00,23.2,96,51,5.2,117
2025-09-29T05:00,23.2,96,3,4.7,106
2025-09-29T06:00,24.1,95,51,5.2,151
2025-09-29T07:00,24.9,90,2,7.0,168
2025-09-29T08:00,26.3,82,2,9.7,202
2025-09-29T09:00,27.7,74,2,9.0,210
2025-09-29T10:00,28.6,70,51,8.0,200
2025-09-29T11:00,29.3,68,51,9.0,200
2025-09-29T12:00,29.7,69,51,7.8,209
2025-09-29T13:00,29.8,69,51,7.0,226
2025-09-29T14:00,29.9,68,3,6.1,225
2025-09-29T15:00,29.8,69,2,7.7,221
2025-09-29T16:00,29.0,70,51,7.5,222
2025-09-29T17:00,28.0,77,51,2.6,295
2025-09-29T18:00,26.9,83,2,3.6,186
2025-09-29T19:00,26.5,84,3,6.5,210
2025-09-29T20:00,26.0,84,3,5.0,221
2025-09-29T21:00,25.3,87,3,4.2,227
2025-09-29T22:00,25.3,86,1,7.2,219
2025-09-29T23:00,25.0,87,0,5.9,215
2025-09-30T00:00,24.6,88,0,6.1,240
2025-09-30T01:00,24.2,90,1,5.5,259
2025-09-30T02:00,24.0,90,3,6.1,275
2025-09-30T03:00,23.8,90,2,6.0,279
2025-09-30T04:00,23.5,90,2,5.2,274
2025-09-30T05:00,23.2,92,0,4.5,284
2025-09-30T06:00,24.6,88,1,6.2,291
2025-09-30T07:00,25.8,85,2,6.5,312
2025-09-30T08:00,27.4,80,3,6.7,326
2025-09-30T09:00,28.7,72,3,7.3,335
2025-09-30T10:00,29.7,67,3,6.5,330
2025-09-30T11:00,30.2,65,51,4.7,286
2025-09-30T12:00,30.5,64,1,6.2,260
2025-09-30T13:00,30.8,63,1,7.1,264
2025-09-30T14:00,30.5,64,2,8.5,246
2025-09-30T15:00,28.5,75,61,11.4,237
2025-09-30T16:00,28.1,73,3,9.3,292
2025-09-30T17:00,27.8,77,3,3.1,283
2025-09-30T18:00,27.0,82,3,1.3,172
2025-09-30T19:00,26.8,83,3,1.5,194
2025-09-30T20:00,26.6,85,3,2.3,176
2025-09-30T21:00,25.4,90,63,2.5,225
2025-09-30T22:00,24.4,93,63,9.2,344
2025-09-30T23:00,24.3,94,1,7.5,333
2025-10-01T00:00,23.9,96,1,7.1,345
2025-10-01T01:00,23.7,96,0,6.3,333
2025-10-01T02:00,23.4,96,2,6.1,317
2025-10-01T03:00,23.2,96,2,4.4,300
2025-10-01T04:00,23.0,97,3,4.0,291
2025-10-01T05:00,24.2,88,2,7.1,285
2025-10-01T06:00,24.5,87,3,8.0,306
2025-10-01T07:00,25.8,84,3,8.2,310
2025-10-01T08:00,27.3,76,3,9.5,314
2025-10-01T09:00,28.6,70,3,11.9,319
2025-10-01T10:00,29.7,62,3,11.9,322
2025-10-01T11:00,30.4,58,3,12.1,316
2025-10-01T12:00,31.2,56,1,10.7,314
2025-10-01T13:00,31.6,55,1,6.7,308
2025-10-01T14:00,31.8,55,2,7.2,297
2025-10-01T15:00,31.5,56,3,10.1,290
2025-10-01T16:00,31.0,57,3,7.7,298
2025-10-01T17:00,29.4,70,51,4.5,277
2025-10-01T18:00,28.4,75,51,1.3,352
2025-10-01T19:00,27.2,81,51,5.9,79
2025-10-01T20:00,26.2,86,3,6.7,126
2025-10-01T21:00,25.3,90,3,1.3,90
2025-10-01T22:00,24.9,92,3,0.8,27
2025-10-01T23:00,24.7,96,3,1.7,41
2025-10-02T00:00,24.5,96,3,2.5,360
2025-10-02T01:00,24.3,96,3,2.3,315
2025-10-02T02:00,24.1,97,3,3.1,298
2025-10-02T03:00,24.1,97,2,5.1,297
2025-10-02T04:00,23.9,95,0,6.0,314
2025-10-02T05:00,24.1,91,1,7.1,294
2025-10-02T06:00,24.5,88,3,7.5,303
2025-10-02T07:00,25.8,84,3,9.0,325
2025-10-02T08:00,27.6,76,3,9.3,332
2025-10-02T09:00,29.0,70,3,10.1,348
2025-10-02T10:00,30.0,64,3,9.4,352
2025-10-02T11:00,30.7,59,3,9.5,350
2025-10-02T12:00,28.8,68,51,14.6,44
2025-10-02T13:00,28.8,68,51,6.5,360
2025-10-02T14:00,30.6,60,3,7.5,327
2025-10-02T15:00,30.6,60,3,8.1,313
2025-10-02T16:00,30.4,61,3,6.4,295
2025-10-02T17:00,28.2,77,3,6.3,275
2025-10-02T18:00,27.3,83,3,4.6,21
2025-10-02T19:00,26.7,87,3,4.4,333
2025-10-02T20:00,26.7,85,3,6.9,301
2025-10-02T21:00,26.5,83,3,8.2,299
2025-10-02T22:00,26.1,82,3,8.7,310
2025-10-02T23:00,26.3,82,3,9.0,305
2025-10-03T00:00,26.0,81,51,8.8,334
2025-10-03T01:00,24.3,89,53,12.8,310
2025-10-03T02:00,23.5,90,53,13.0,294
2025-10-03T03:00,24.1,89,3,11.0,298
2025-10-03T04:00,24.5,89,3,9.5,303
2025-10-03T05:00,25.0,85,3,12.6,313
2025-10-03T06:00,24.8,85,3,11.6,321
2025-10-03T07:00,25.6,85,3,8.4,325
2025-10-03T08:00,26.5,82,3,9.3,319
2025-10-03T09:00,27.6,79,3,10.1,319
2025-10-03T10:00,29.0,72,3,11.3,323
2025-10-03T11:00,30.7,64,3,10.3,327
2025-10-03T12:00,31.5,63,3,10.6,334
2025-10-03T13:00,31.4,63,3,9.5,333
2025-10-03T14:00,28.0,74,55,10.9,320
2025-10-03T15:00,27.2,80,51,6.5,228
2025-10-03T16:00,28.6,76,3,8.4,259
2025-10-03T17:00,27.5,84,3,10.6,251
2025-10-03T18:00,26.7,84,51,6.5,328
2025-10-03T19:00,24.9,94,51,7.0,140
2025-10-03T20:00,24.4,96,3,7.1,186
2025-10-03T21:00,24.6,93,3,8.3,240
2025-10-03T22:00,24.9,91,3,4.9,276
2025-10-03T23:00,25.8,89,3,10.5,305
2025-10-04T00:00,25.7,87,3,11.5,318
2025-10-04T01:00,25.5,85,3,12.7,320
2025-10-04T02:00,25.3,85,3,9.8,316
2025-10-04T03:00,25.0,87,51,8.4,313
2025-10-04T04:00,24.7,89,51,7.3,308
2025-10-04T05:00,25.0,85,3,9.4,312
2025-10-04T06:00,25.3,85,3,9.9,308
2025-10-04T07:00,26.0,85,3,7.9,311
2025-10-04T08:00,27.6,79,3,10.1,310
2025-10-04T09:00,28.6,76,3,10.1,305
2025-10-04T10:00,29.9,71,3,11.0,302
2025-10-04T11:00,30.5,69,2,10.5,286
2025-10-04T12:00,31.3,64,51,11.3,290
2025-10-04T13:00,31.6,61,2,12.3,295
2025-10-04T14:00,28.6,72,51,18.5,308
2025-10-04T15:00,28.6,73,3,9.8,316
2025-10-04T16:00,28.7,72,51,9.5,281
2025-10-04T17:00,27.1,83,51,6.5,236
2025-10-04T18:00,26.4,87,3,5.9,230
2025-10-04T19:00,26.3,87,3,8.7,230
2025-10-04T20:00,26.0,88,3,8.1,238
2025-10-04T21:00,26.1,86,3,9.7,281
2025-10-04T22:00,25.9,85,3,11.6,292
2025-10-04T23:00,25.5,86,3,10.7,307
2025-10-05T00:00,25.3,87,3,9.9,302
2025-10-05T01:00,24.8,88,3,9.2,298
2025-10-05T02:00,24.5,89,3,8.5,299
2025-10-05T03:00,24.2,91,3,8.0,301
2025-10-05T04:00,24.0,92,3,8.0,290
2025-10-05T05:00,24.7,90,2,8.0,290
2025-10-05T06:00,25.2,88,1,8.4,295
2025-10-05T07:00,26.3,85,1,5.7,288
2025-10-05T08:00,27.8,78,1,8.5,305
2025-10-05T09:00,28.8,74,51,9.4,320
2025-10-05T10:00,29.7,72,51,9.5,323
2025-10-05T11:00,30.4,67,51,10.4,330
2025-10-05T12:00,31.0,62,51,9.3,323
2025-10-05T13:00,31.0,61,3,10.1,311
2025-10-05T14:00,28.1,77,63,9.6,247
2025-10-05T15:00,28.5,75,53,6.8,18
2025-10-05T16:00,26.5,79,53,1.6,333
2025-10-05T17:00,27.3,80,3,5.7,316
2025-10-05T18:00,26.5,83,53,3.6,264
2025-10-05T19:00,26.0,87,51,5.1,264
2025-10-05T20:00,25.6,90,2,1.0,329
2025-10-05T21:00,25.1,91,2,1.6,297
2025-10-05T22:00,24.8,93,3,0.5,270
2025-10-05T23:00,24.8,94,3,1.9,236
2025-10-06T00:00,24.4,95,3,6.7,236
2025-10-06T01:00,24.1,92,3,7.6,242
2025-10-06T02:00,23.6,91,3,7.6,278
2025-10-06T03:00,23.2,92,3,4.4,277
2025-10-06T04:00,23.0,94,3,3.5,305
2025-10-06T05:00,23.7,96,3,4.3,242
2025-10-06T06:00,24.0,96,3,5.6,268
2025-10-06T07:00,24.7,94,51,4.5,265
2025-10-06T08:00,25.8,87,51,6.7,264
2025-10-06T09:00,27.0,81,51,6.3,272
2025-10-06T10:00,27.9,77,51,4.6,283
2025-10-06T11:00,29.2,68,51,6.8,323
2025-10-06T12:00,29.7,66,3,6.5,321
2025-10-06T13:00,26.7,75,53,20.2,335
2025-10-06T14:00,25.5,83,53,8.0,14
2025-10-06T15:00,26.9,75,3,5.2,31
2025-10-06T16:00,27.1,76,3,4.4,19
2025-10-06T17:00,26.6,80,3,2.3,321
2025-10-06T18:00,25.9,84,3,1.0,301
2025-10-06T19:00,25.5,86,1,0.3,225
2025-10-06T20:00,25.0,88,2,0.6,214
2025-10-06T21:00,24.5,92,3,2.2,228
2025-10-06T22:00,24.0,94,3,3.1,239
2025-10-06T23:00,24.2,98,2,6.4,227
2025-10-07T00:00,24.0,97,3,6.4,243
2025-10-07T01:00,24.1,94,51,7.7,246
2025-10-07T02:00,23.6,94,51,9.0,240
2025-10-07T03:00,23.1,90,51,11.8,293
2025-10-07T04:00,22.8,93,51,3.4,252
2025-10-07T05:00,22.4,96,2,1.4,130
2025-10-07T06:00,22.5,96,3,1.8,276
2025-10-07T07:00,24.1,91,3,5.2,297
2025-10-07T08:00,25.9,85,3,3.7,309
2025-10-07T09:00,27.6,74,1,5.5,324
2025-10-07T10:00,28.9,65,0,6.7,324
2025-10-07T11:00,30.0,57,1,7.1,308
2025-10-07T12:00,30.6,55,51,6.9,301
2025-10-07T13:00,31.0,52,0,6.0,291
2025-10-07T14:00,31.3,51,1,5.4,291
2025-10-07T15:00,31.2,50,0,7.3,306
2025-10-07T16:00,30.3,56,1,9.0,313
2025-10-07T17:00,28.9,64,0,8.4,323
2025-10-07T18:00,27.7,67,0,7.4,321
2025-10-07T19:00,26.6,72,1,5.9,297
2025-10-07T20:00,25.8,76,0,5.8,268
2025-10-07T21:00,25.1,79,0,5.6,270
2025-10-07T22:00,24.6,80,0,5.1,274
2025-10-07T23:00,24.3,84,0,6.1,330
2025-10-08T00:00,23.8,87,1,5.3,350
2025-10-08T01:00,23.4,89,2,5.2,333
2025-10-08T02:00,23.2,90,0,6.1,326
2025-10-08T03:00,22.9,90,0,6.5,328
2025-10-08T04:00,22.6,90,1,6.9,330
2025-10-08T05:00,22.6,87,2,8.2,319
2025-10-08T06:00,23.1,83,0,7.9,325
2025-10-08T07:00,24.5,80,0,7.0,331
2025-10-08T08:00,26.5,72,0,8.0,332
2025-10-08T09:00,28.3,65,0,9.2,337
2025-10-08T10:00,29.5,58,0,6.8,335
2025-10-08T11:00,30.2,54,0,5.1,315
2025-10-08T12:00,30.7,52,0,5.7,307
2025-10-08T13:00,30.9,52,51,5.7,305
2025-10-08T14:00,31.0,52,51,5.4,300
2025-10-08T15:00,30.8,52,0,5.9,305
2025-10-08T16:00,30.4,54,1,7.0,296
2025-10-08T17:00,28.0,68,0,4.6,279
2025-10-08T18:00,26.9,75,0,3.1,267
2025-10-08T19:00,26.4,78,0,3.3,276
2025-10-08T20:00,25.9,81,3,2.9,353
2025-10-08T21:00,25.2,82,1,4.2,350
2025-10-08T22:00,24.5,85,3,4.7,344
2025-10-08T23:00,24.3,81,3,8.2,345
2025-10-09T00:00,24.2,82,3,7.1,339
2025-10-09T01:00,23.6,86,3,7.1,333
2025-10-09T02:00,23.2,85,3,7.8,328
2025-10-09T03:00,22.9,79,1,9.6,330
2025-10-09T04:00,22.5,77,1,9.4,337
2025-10-09T05:00,22.5,80,0,9.2,337
2025-10-09T06:00,22.9,76,0,10.2,347
2025-10-09T07:00,24.3,71,0,8.8,340
2025-10-09T08:00,26.0,66,0,9.6,351
2025-10-09T09:00,27.8,65,1,8.5,5
2025-10-09T10:00,29.6,58,1,8.4,23
2025-10-09T11:00,30.5,51,0,7.1,9
2025-10-09T12:00,31.0,48,1,7.2,346
2025-10-09T13:00,31.2,46,0,7.4,326
2025-10-09T14:00,31.2,45,0,8.5,318
2025-10-09T15:00,30.9,45,0,9.2,318
2025-10-09T16:00,30.2,48,0,7.8,326
2025-10-09T17:00,28.9,60,0,4.8,312
2025-10-09T18:00,27.6,59,0,4.6,318
2025-10-09T19:00,26.4,65,0,5.6,291
2025-10-09T20:00,26.0,67,1,9.0,308
2025-10-09T21:00,25.5,66,2,10.7,337
2025-10-09T22:00,25.0,71,1,8.4,340
2025-10-09T23:00,24.5,73,0,8.9,342
2025-10-10T00:00,24.2,73,0,7.6,352
2025-10-10T01:00,23.3,76,0,5.6,354
2025-10-10T02:00,22.9,76,0,7.0,356
2025-10-10T03:00,22.3,78,0,6.5,360
2025-10-10T04:00,21.8,77,0,6.6,343
2025-10-10T05:00,22.3,78,0,6.8,338
2025-10-10T06:00,22.9,75,1,7.2,346
2025-10-10T07:00,24.4,70,0,7.4,342
2025-10-10T08:00,26.4,63,0,7.7,1
2025-10-10T09:00,27.9,60,0,8.9,36
2025-10-10T10:00,28.6,58,51,9.9,53
2025-10-10T11:00,28.9,59,51,7.3,50
2025-10-10T12:00,29.3,62,2,5.5,23
2025-10-10T13:00,29.8,59,1,5.7,349
2025-10-10T14:00,30.0,56,1,6.3,340
2025-10-10T15:00,29.9,55,0,7.8,331
2025-10-10T16:00,29.1,55,0,9.4,337
2025-10-10T17:00,28.3,59,0,7.6,5
2025-10-10T18:00,27.1,65,0,6.7,16
2025-10-10T19:00,26.3,72,0,8.0,50
2025-10-10T20:00,25.6,76,0,8.9,58
2025-10-10T21:00,25.0,77,0,9.2,50
2025-10-10T22:00,24.3,79,1,7.9,24
2025-10-10T23:00,23.9,78,2,8.8,17
2025-10-11T00:00,23.5,79,0,7.6,12
2025-10-11T01:00,23.0,80,0,7.4,357
2025-10-11T02:00,22.6,81,0,7.5,349
2025-10-11T03:00,22.2,81,0,7.2,356
2025-10-11T04:00,21.9,82,0,6.7,352
2025-10-11T05:00,21.9,83,0,6.0,351
2025-10-11T06:00,22.3,81,0,5.8,346
2025-10-11T07:00,23.9,76,0,6.3,357
2025-10-11T08:00,25.8,69,0,7.9,24
2025-10-11T09:00,27.3,63,1,9.3,37
2025-10-11T10:00,28.5,58,1,8.4,25
2025-10-11T11:00,29.3,55,0,9.9,16
2025-10-11T12:00,29.8,52,0,8.7,7
2025-10-11T13:00,30.1,50,0,8.4,351
2025-10-11T14:00,30.3,49,1,8.9,342
2025-10-11T15:00,30.4,48,0,7.5,343
2025-10-11T16:00,30.1,47,0,8.1,335
2025-10-11T17:00,29.2,53,0,3.6,354
2025-10-11T18:00,27.9,55,1,5.9,72
2025-10-11T19:00,27.3,59,0,10.0,76
2025-10-11T20:00,26.5,64,0,8.8,71
2025-10-11T21:00,25.5,69,0,5.6,48
2025-10-11T22:00,24.8,71,0,5.6,22
2025-10-11T23:00,24.2,75,0,6.0,25
2025-10-12T00:00,23.4,79,0,4.9,28
2025-10-12T01:00,22.7,82,0,4.5,16
2025-10-12T02:00,22.1,85,0,4.4,9
2025-10-12T03:00,21.7,87,0,4.9,10
2025-10-12T04:00,21.3,87,0,5.6,358
2025-10-12T05:00,21.3,87,0,6.2,352
2025-10-12T06:00,21.5,85,0,6.5,354
2025-10-12T07:00,23.0,79,0,7.1,353
2025-10-12T08:00,25.3,69,0,8.4,9
2025-10-12T09:00,27.2,59,0,9.4,24
2025-10-12T10:00,28.8,51,0,10.1,40
2025-10-12T11:00,30.2,46,0,9.3,36
2025-10-12T12:00,30.9,41,2,7.7,28
2025-10-12T13:00,31.3,40,1,7.8,13
2025-10-12T14:00,31.2,40,0,9.0,360
2025-10-12T15:00,30.7,40,0,10.1,350
2025-10-12T16:00,30.2,41,0,8.8,337
2025-10-12T17:00,29.7,44,0,6.4,349
2025-10-12T18:00,27.6,56,0,3.1,329
2025-10-12T19:00,26.8,61,0,2.0,350
2025-10-12T20:00,26.1,64,0,1.3,16
2025-10-12T21:00,25.0,70,0,3.1,7
2025-10-12T22:00,24.8,75,0,4.7,18
2025-10-12T23:00,24.2,81,0,7.6,5
2025-10-13T00:00,23.4,79,0,7.0,356
2025-10-13T01:00,22.9,73,0,7.4,356
2025-10-13T02:00,22.3,69,0,8.3,354
2025-10-13T03:00,21.7,69,0,8.7,353
2025-10-13T04:00,21.2,70,0,8.5,354
2025-10-13T05:00,21.7,73,0,8.9,347
2025-10-13T06:00,21.9,72,0,8.4,351
2025-10-13T07:00,23.5,68,0,7.6,353
2025-10-13T08:00,26.0,59,0,7.2,6
2025-10-13T09:00,28.2,56,0,7.5,27
2025-10-13T10:00,29.5,54,0,6.7,54
2025-10-13T11:00,30.6,49,0,4.8,63
2025-10-13T12:00,31.3,46,1,4.6,54
2025-10-13T13:00,31.7,43,1,5.4,30
2025-10-13T14:00,31.6,44,3,7.6,14
2025-10-13T15:00,31.2,45,3,8.9,14
2025-10-13T16:00,30.5,46,0,7.6,19
2025-10-13T17:00,30.2,45,2,6.2,33
2025-10-13T18:00,28.2,56,1,3.4,47
2025-10-13T19:00,27.8,59,0,2.1,70
2025-10-13T20:00,27.2,61,0,2.1,110
2025-10-13T21:00,26.8,64,0,1.7,58
2025-10-13T22:00,25.5,70,0,3.3,6
2025-10-13T23:00,25.1,76,3,5.8,353
2025-10-14T00:00,24.0,83,3,6.8,343
2025-10-14T01:00,23.4,81,1,7.2,348
2025-10-14T02:00,22.8,78,0,6.6,347
2025-10-14T03:00,22.5,78,1,6.9,353
2025-10-14T04:00,22.5,81,1,6.7,8
2025-10-14T05:00,23.2,84,1,7.2,27
2025-10-14T06:00,23.4,82,0,7.2,25
2025-10-14T07:00,24.3,78,0,8.1,21
2025-10-14T08:00,26.0,72,0,7.9,33
2025-10-14T09:00,27.9,65,0,8.2,57
2025-10-14T10:00,29.6,55,1,11.4,86
2025-10-14T11:00,30.9,50,1,11.4,93
2025-10-14T12:00,31.2,48,51,11.5,88
2025-10-14T13:00,31.4,49,51,11.1,83
2025-10-14T14:00,31.4,50,51,10.7,81
2025-10-14T15:00,31.3,51,51,10.8,75
2025-10-14T16:00,30.3,55,51,10.0,64
2025-10-14T17:00,29.9,54,0,9.5,61
2025-10-14T18:00,29.0,58,0,7.8,71
2025-10-14T19:00,28.3,62,0,7.9,74
2025-10-14T20:00,27.7,64,0,7.4,77
2025-10-14T21:00,27.2,65,0,7.1,69
2025-10-14T22:00,26.6,67,0,7.6,65
2025-10-14T23:00,26.2,74,0,7.4,76
2025-10-15T00:00,25.7,77,0,7.0,86
2025-10-15T01:00,25.2,81,0,5.7,72
2025-10-15T02:00,24.6,84,0,4.4,52
2025-10-15T03:00,24.2,87,0,6.4,38
2025-10-15T04:00,23.9,89,0,4.8,45
2025-10-15T05:00,24.5,85,0,7.3,52
2025-10-15T06:00,24.8,84,0,6.8,61
2025-10-15T07:00,26.0,79,0,6.0,61
2025-10-15T08:00,27.7,70,0,8.6,80
2025-10-15T09:00,29.0,63,51,10.0,96
2025-10-15T10:00,29.8,59,51,9.9,106
2025-10-15T11:00,31.7,51,51,10.0,99
2025-10-15T12:00,32.0,50,1,10.4,98
2025-10-15T13:00,32.2,49,1,9.5,99
2025-10-15T14:00,32.3,48,0,7.9,93
2025-10-15T15:00,32.0,48,1,8.3,86
2025-10-15T16:00,30.9,51,1,8.9,81
2025-10-15T17:00,30.4,52,0,7.7,66
2025-10-15T18:00,29.7,55,0,7.3,80
2025-10-15T19:00,29.2,57,0,6.2,83
2025-10-15T20:00,28.3,64,0,3.6,96
2025-10-15T21:00,27.6,65,0,4.2,97
2025-10-15T22:00,26.7,71,0,3.1,69
2025-10-15T23:00,26.2,77,0,2.2,42
2025-10-16T00:00,25.5,79,0,3.2,63
2025-10-16T01:00,25.0,81,0,3.3,41
2025-10-16T02:00,24.5,84,0,4.2,353
2025-10-16T03:00,24.0,88,0,4.5,5
2025-10-16T04:00,23.5,90,0,3.6,18
2025-10-16T05:00,23.9,88,0,4.4,9
2025-10-16T06:00,24.4,85,0,4.7,23
2025-10-16T07:00,25.9,78,0,4.7,43
2025-10-16T08:00,28.0,68,0,6.9,67
2025-10-16T09:00,29.7,58,0,8.7,83
2025-10-16T10:00,31.0,52,0,9.0,90
2025-10-16T11:00,31.5,51,1,8.5,84
2025-10-16T12:00,31.9,48,0,7.2,84
2025-10-16T13:00,32.3,45,1,7.0,80
2025-10-16T14:00,32.4,43,1,7.5,66
2025-10-16T15:00,32.0,43,0,7.7,60
2025-10-16T16:00,31.4,45,0,8.9,56
2025-10-16T17:00,30.5,50,1,6.5,82
2025-10-16T18:00,29.7,55,0,4.9,86
2025-10-16T19:00,28.9,58,0,4.7,62
2025-10-16T20:00,28.1,63,0,3.7,67
2025-10-16T21:00,27.4,68,0,3.5,62
2025-10-16T22:00,26.7,71,0,3.8,45
2025-10-16T23:00,26.0,78,0,3.4,32
2025-10-17T00:00,25.1,83,0,3.4,16
2025-10-17T01:00,24.4,88,0,3.1,7
2025-10-17T02:00,24.0,90,0,3.3,9
2025-10-17T03:00,23.8,91,0,3.8,25
2025-10-17T04:00,23.4,92,0,3.6,3
2025-10-17T05:00,24.0,83,1,1.3,315
2025-10-17T06:00,24.3,86,0,4.4,258
2025-10-17T07:00,25.4,80,0,3.0,194
2025-10-17T08:00,27.2,70,0,5.6,15
2025-10-17T09:00,29.0,60,0,7.1,63
2025-10-17T10:00,30.5,53,0,7.5,73
2025-10-17T11:00,31.3,50,1,7.6,71
2025-10-17T12:00,31.7,48,1,8.3,70
2025-10-17T13:00,31.7,46,0,7.5,70
2025-10-17T14:00,31.8,45,1,7.4,58
2025-10-17T15:00,31.3,46,1,8.5,52
2025-10-17T16:00,30.6,48,0,8.1,55
2025-10-17T17:00,29.6,50,0,5.1,80
2025-10-17T18:00,28.5,58,0,3.1,69
2025-10-17T19:00,28.1,61,0,3.4,96
2025-10-17T20:00,27.7,63,0,4.0,122
2025-10-17T21:00,26.8,68,0,3.9,124
2025-10-17T22:00,26.6,69,0,0.9,90
2025-10-17T23:00,26.1,73,0,2.2,346
2025-10-18T00:00,25.2,77,0,2.9,356
2025-10-18T01:00,24.5,82,0,3.4,357
2025-10-18T02:00,23.9,87,0,3.5,9
2025-10-18T03:00,23.5,90,0,3.3,13
2025-10-18T04:00,23.1,92,0,3.2,3
2025-10-18T05:00,23.2,91,0,3.2,360
2025-10-18T06:00,24.0,87,0,3.5,21
2025-10-18T07:00,25.3,80,0,4.1,56
2025-10-18T08:00,27.3,69,0,6.1,78
2025-10-18T09:00,29.0,58,0,7.0,86
2025-10-18T10:00,30.2,51,0,7.1,84
2025-10-18T11:00,30.9,49,0,5.9,78
2025-10-18T12:00,31.6,46,1,6.5,67
2025-10-18T13:00,31.3,46,51,8.2,58
2025-10-18T14:00,31.2,47,51,7.2,68
2025-10-18T15:00,30.8,48,51,7.4,72
2025-10-18T16:00,30.1,52,1,8.6,60
2025-10-18T17:00,29.7,48,1,6.1,60
2025-10-18T18:00,28.3,59,0,2.9,97
2025-10-18T19:00,27.6,60,0,3.7,137
2025-10-18T20:00,27.3,62,0,1.7,148
2025-10-18T21:00,26.9,65,0,0.6,162
2025-10-18T22:00,26.4,64,0,2.1,105
2025-10-18T23:00,26.2,67,0,1.7,72
2025-10-19T00:00,24.6,74,0,2.9,338
2025-10-19T01:00,23.5,84,0,3.5,332
2025-10-19T02:00,22.7,89,0,3.2,43
2025-10-19T03:00,22.5,90,0,4.1,45
2025-10-19T04:00,22.1,91,0,3.8,11
2025-10-19T05:00,22.8,81,0,5.4,42
2025-10-19T06:00,23.2,76,0,5.7,35
2025-10-19T07:00,24.3,71,0,5.7,32
2025-10-19T08:00,26.4,61,0,6.9,49
2025-10-19T09:00,28.4,52,0,7.7,74
2025-10-19T10:00,29.9,44,0,7.6,78
2025-10-19T11:00,31.1,41,0,8.4,71
2025-10-19T12:00,31.4,40,0,8.9,62
2025-10-19T13:00,31.6,40,0,9.6,56
2025-10-19T14:00,31.4,42,0,9.4,40
2025-10-19T15:00,31.3,42,0,7.4,29
2025-10-19T16:00,30.9,42,0,4.9,54
2025-10-19T17:00,30.0,44,0,4.5,83
2025-10-19T18:00,28.6,49,0,8.8,123
2025-10-19T19:00,27.8,50,0,7.4,108
2025-10-19T20:00,27.3,52,0,5.8,94
2025-10-19T21:00,26.4,60,0,2.6,56
2025-10-19T22:00,25.6,61,0,5.5,27
2025-10-19T23:00,24.7,69,0,5.1,23
2025-10-20T00:00,23.6,76,0,4.4,21
2025-10-20T01:00,23.2,76,0,5.8,353
2025-10-20T02:00,22.4,78,0,4.7,353
2025-10-20T03:00,22.3,76,0,6.1,357
2025-10-20T04:00,21.9,76,0,5.9,2
2025-10-20T05:00,22.0,75,0,7.4,1
2025-10-20T06:00,22.3,72,0,7.2,359
2025-10-20T07:00,23.7,68,0,6.7,357
2025-10-20T08:00,26.3,58,0,6.2,12
2025-10-20T09:00,28.6,49,0,6.5,44
2025-10-20T10:00,30.1,44,0,10.9,74
2025-10-20T11:00,31.4,42,0,11.5,63
2025-10-20T12:00,31.5,43,0,11.7,61
2025-10-20T13:00,31.8,42,0,12.9,54
2025-10-20T14:00,31.6,42,0,13.6,58
2025-10-20T15:00,31.3,44,0,14.1,60
2025-10-20T16:00,30.4,48,0,14.4,70
2025-10-20T17:00,29.9,52,1,10.6,76
2025-10-20T18:00,28.5,63,0,11.5,94
2025-10-20T19:00,27.7,68,0,9.9,92
2025-10-20T20:00,27.0,70,0,10.4,98
2025-10-20T21:00,26.5,71,0,8.5,86
2025-10-20T22:00,26.0,73,0,7.9,70
2025-10-20T23:00,25.8,79,0,8.3,72
2025-10-21T00:00,25.6,82,0,7.7,79
2025-10-21T01:00,25.3,85,0,7.6,63
2025-10-21T02:00,24.9,87,0,7.8,44
2025-10-21T03:00,24.7,88,0,8.0,40
2025-10-21T04:00,24.3,89,0,7.4,47
2025-10-21T05:00,24.3,89,0,7.3,30
2025-10-21T06:00,24.6,87,0,7.2,37
2025-10-21T07:00,25.9,81,0,7.5,48
2025-10-21T08:00,27.7,72,0,11.8,66
2025-10-21T09:00,29.2,64,0,13.3,77
2025-10-21T10:00,30.4,57,0,13.8,84
2025-10-21T11:00,31.1,55,1,13.6,83
2025-10-21T12:00,31.7,52,0,12.4,87
2025-10-21T13:00,32.0,51,1,11.9,87
2025-10-21T14:00,32.0,51,2,12.4,88
2025-10-21T15:00,29.2,59,53,12.5,78
2025-10-21T16:00,30.0,58,1,8.5,46
2025-10-21T17:00,29.5,56,1,9.4,66
2025-10-21T18:00,28.9,59,2,7.2,77
2025-10-21T19:00,28.6,61,3,6.9,70
2025-10-21T20:00,28.2,64,2,10.6,69
2025-10-21T21:00,27.4,66,0,11.1,73
2025-10-21T22:00,26.7,70,0,8.8,71
2025-10-21T23:00,26.5,75,1,7.8,68
2025-10-22T00:00,26.1,77,3,7.3,62
2025-10-22T01:00,25.8,79,3,7.5,60
2025-10-22T02:00,25.4,81,3,7.1,54
2025-10-22T03:00,25.1,83,3,7.0,50
2025-10-22T04:00,24.7,84,2,6.5,46
2025-10-22T05:00,24.8,84,0,8.7,50
2025-10-22T06:00,24.9,83,0,8.0,50
2025-10-22T07:00,26.1,77,0,8.4,55
2025-10-22T08:00,28.0,68,0,11.2,71
2025-10-22T09:00,29.7,60,0,12.2,82
2025-10-22T10:00,31.0,53,0,12.2,90
2025-10-22T11:00,32.1,49,0,11.5,91
2025-10-22T12:00,32.6,47,1,11.0,87
2025-10-22T13:00,32.8,46,1,11.0,85
2025-10-22T14:00,32.6,47,51,10.4,79
2025-10-22T15:00,32.6,47,0,10.5,77
2025-10-22T16:00,31.6,49,51,12.0,77
2025-10-22T17:00,31.3,45,51,10.1,84
2025-10-22T18:00,30.4,49,0,8.1,77
2025-10-22T19:00,29.6,54,0,8.1,77
2025-10-22T20:00,28.8,59,0,6.7,74
2025-10-22T21:00,28.1,63,1,7.4,84
2025-10-22T22:00,27.5,66,0,9.5,91
2025-10-22T23:00,27.0,68,1,9.7,87
2025-10-23T00:00,26.6,69,2,8.3,85
2025-10-23T01:00,26.1,70,2,7.1,74
2025-10-23T02:00,25.7,72,1,6.7,63
2025-10-23T03:00,25.3,73,0,7.4,67
2025-10-23T04:00,24.8,75,0,6.7,66
2025-10-23T05:00,24.9,77,0,6.8,50
2025-10-23T06:00,25.1,76,0,6.5,42
2025-10-23T07:00,26.2,71,0,6.4,38
2025-10-23T08:00,28.0,63,0,8.0,56
2025-10-23T09:00,29.7,56,0,9.3,77
2025-10-23T10:00,31.1,51,0,9.9,91
2025-10-23T11:00,32.2,48,0,8.3,84
2025-10-23T12:00,32.8,46,0,9.4,83
2025-10-23T13:00,32.9,46,1,10.3,89
2025-10-23T14:00,32.8,46,1,10.6,81
2025-10-23T15:00,32.2,49,2,11.5,73
2025-10-23T16:00,31.5,50,2,12.3,68
2025-10-23T17:00,31.0,51,2,10.8,72
2025-10-23T18:00,30.2,55,0,9.0,80
2025-10-23T19:00,29.6,58,0,6.5,82
2025-10-23T20:00,29.1,61,0,6.5,98
2025-10-23T21:00,28.5,63,0,7.4,93
2025-10-23T22:00,27.9,66,0,9.0,100
2025-10-23T23:00,27.5,68,1,8.8,94
2025-10-24T00:00,26.9,70,0,7.5,80
2025-10-24T01:00,26.4,71,0,8.1,66
2025-10-24T02:00,25.9,71,0,8.2,67
2025-10-24T03:00,25.4,73,0,8.2,71
2025-10-24T04:00,24.9,74,0,7.9,73
2025-10-24T05:00,24.8,77,0,7.6,72
2025-10-24T06:00,25.0,77,0,5.6,69
2025-10-24T07:00,26.0,72,0,6.0,74
2025-10-24T08:00,27.8,65,0,6.7,85
2025-10-24T09:00,29.5,58,0,9.2,93
2025-10-24T10:00,30.8,53,0,10.4,99
2025-10-24T11:00,31.3,52,1,11.2,106
2025-10-24T12:00,31.6,52,51,9.7,101
2025-10-24T13:00,32.4,50,51,8.7,104
2025-10-24T14:00,28.0,64,53,16.4,171
2025-10-24T15:00,26.3,74,53,6.5,104
2025-10-24T16:00,27.3,68,51,7.1,109
2025-10-24T17:00,28.0,66,3,7.3,107
2025-10-24T18:00,28.1,68,3,6.0,129
2025-10-24T19:00,27.8,71,3,5.3,135
2025-10-24T20:00,27.4,70,3,9.6,142
2025-10-24T21:00,26.6,75,3,8.3,146
2025-10-24T22:00,26.3,78,3,5.3,118
2025-10-24T23:00,26.2,79,2,5.0,105
2025-10-25T00:00,25.7,83,1,5.5,117
2025-10-25T01:00,25.2,87,3,5.8,129
2025-10-25T02:00,25.3,85,3,5.2,139
2025-10-25T03:00,24.9,87,3,2.3,122
2025-10-25T04:00,24.6,88,51,2.2,166
2025-10-25T05:00,24.3,94,53,4.9,186
2025-10-25T06:00,24.5,88,3,4.6,206
2025-10-25T07:00,24.2,88,55,8.5,186
2025-10-25T08:00,23.9,89,63,6.4,202
2025-10-25T09:00,24.0,89,53,3.5,215
2025-10-25T10:00,24.9,86,55,4.4,330
2025-10-25T11:00,24.9,91,53,4.3,336
2025-10-25T12:00,25.7,84,51,6.9,345
2025-10-25T13:00,26.5,78,2,9.5,350
2025-10-25T14:00,27.4,73,1,8.6,359
2025-10-25T15:00,28.6,65,3,8.1,43
2025-10-25T16:00,27.2,69,3,11.6,82
2025-10-25T17:00,25.5,81,1,4.2,25
2025-10-25T18:00,24.8,87,3,2.7,8
2025-10-25T19:00,24.9,88,2,3.6,20
2025-10-25T20:00,24.4,92,3,3.1,353
2025-10-25T21:00,24.5,92,3,2.9,4
2025-10-25T22:00,24.3,94,3,2.7,328
2025-10-25T23:00,23.7,90,51,5.1,84
2025-10-26T00:00,23.6,85,51,9.1,82
2025-10-26T01:00,23.1,88,53,8.4,55
2025-10-26T02:00,22.7,89,51,8.9,47
2025-10-26T03:00,22.4,88,3,9.5,54
2025-10-26T04:00,22.1,88,3,7.5,44
2025-10-26T05:00,21.9,87,3,8.2,49
2025-10-26T06:00,21.8,87,3,8.0,44
2025-10-26T07:00,22.5,85,1,6.5,39
2025-10-26T08:00,24.0,79,1,7.8,46
2025-10-26T09:00,25.8,75,2,10.0,83
2025-10-26T10:00,27.3,70,3,10.3,96
2025-10-26T11:00,27.4,69,3,9.2,102
2025-10-26T12:00,28.1,69,3,6.7,92
2025-10-26T13:00,28.2,68,3,5.5,81
2025-10-26T14:00,28.2,68,3,6.5,76
2025-10-26T15:00,26.7,75,51,9.6,81
2025-10-26T16:00,26.6,77,51,8.4,65
2025-10-26T17:00,25.7,88,3,5.6,6
2025-10-26T18:00,25.4,87,3,8.9,40
2025-10-26T19:00,24.8,89,2,7.7,37
2025-10-26T20:00,24.3,89,1,8.2,49
2025-10-26T21:00,23.7,91,0,6.7,46
2025-10-26T22:00,23.3,94,0,7.9,51
2025-10-26T23:00,23.2,95,0,7.5,60
2025-10-27T00:00,23.0,96,1,7.2,58
2025-10-27T01:00,22.8,96,0,7.3,57
2025-10-27T02:00,22.6,96,0,6.9,60
2025-10-27T03:00,22.4,95,0,6.4,52
2025-10-27T04:00,22.3,96,0,5.5,36
2025-10-27T05:00,22.2,96,1,5.9,40
2025-10-27T06:00,22.2,96,0,6.1,40
2025-10-27T07:00,23.6,91,1,6.5,62
2025-10-27T08:00,25.5,83,2,8.7,83
2025-10-27T09:00,27.2,76,3,9.7,89
2025-10-27T10:00,28.7,70,1,11.5,107
2025-10-27T11:00,29.2,64,51,11.5,117
2025-10-27T12:00,30.5,59,3,9.9,115
2025-10-27T13:00,31.0,57,3,9.9,117
2025-10-27T14:00,30.6,56,3,10.4,113
2025-10-27T15:00,30.3,56,3,9.4,108
2025-10-27T16:00,29.8,60,3,10.8,93
2025-10-27T17:00,27.5,72,3,4.4,63
2025-10-27T18:00,26.7,77,3,5.5,71
2025-10-27T19:00,26.1,79,3,5.2,76
2025-10-27T20:00,25.5,80,3,5.6,73
2025-10-27T21:00,25.0,81,0,6.0,69
2025-10-27T22:00,24.9,78,1,8.8,71
2025-10-27T23:00,24.5,82,3,8.3,74
2025-10-28T00:00,24.6,82,3,8.1,69
2025-10-28T01:00,24.4,83,3,7.8,58
2025-10-28T02:00,24.1,85,3,7.3,48
2025-10-28T03:00,24.0,86,3,7.8,46
2025-10-28T04:00,23.7,89,51,8.5,54
2025-10-28T05:00,23.7,88,3,8.0,42
2025-10-28T06:00,24.0,88,51,9.9,29
2025-10-28T07:00,24.5,88,51,9.6,34
2025-10-28T08:00,25.5,84,3,9.0,47
2025-10-28T09:00,26.4,80,3,11.0,56
2025-10-28T10:00,27.7,74,3,15.1,62
2025-10-28T11:00,28.6,69,3,16.0,64
2025-10-28T12:00,29.5,66,2,15.0,69
2025-10-28T13:00,29.9,65,51,18.2,60
2025-10-28T14:00,30.3,58,3,20.6,60
2025-10-28T15:00,29.7,59,3,19.3,58
2025-10-28T16:00,28.6,65,3,15.8,64
2025-10-28T17:00,27.3,72,3,10.5,57
2025-10-28T18:00,27.0,75,3,12.0,40
2025-10-28T19:00,26.7,75,3,13.7,33
2025-10-28T20:00,26.4,75,3,13.2,35
2025-10-28T21:00,26.1,77,3,13.6,46
2025-10-28T22:00,26.0,76,3,14.1,53
2025-10-28T23:00,26.1,77,2,14.4,54
2025-10-29T00:00,25.9,77,3,14.8,49
2025-10-29T01:00,25.5,79,3,15.5,45
2025-10-29T02:00,25.2,80,3,14.7,43
2025-10-29T03:00,24.9,81,3,15.3,42
2025-10-29T04:00,25.0,79,3,15.7,45
2025-10-29T05:00,24.9,82,3,15.8,40
2025-10-29T06:00,23.8,91,61,18.5,35
2025-10-29T07:00,23.4,96,63,13.1,32
2025-10-29T08:00,24.2,92,63,15.1,38
2025-10-29T09:00,25.6,86,51,14.0,53
2025-10-29T10:00,26.3,81,51,18.8,52
2025-10-29T11:00,27.2,74,51,21.0,59
2025-10-29T12:00,29.2,68,51,18.8,53
2025-10-29T13:00,29.5,66,51,20.7,55
2025-10-29T14:00,29.4,65,51,19.1,55
2025-10-29T15:00,29.0,66,3,18.2,45
2025-10-29T16:00,28.4,70,3,16.6,41
2025-10-29T17:00,27.5,73,3,14.7,39
2025-10-29T18:00,27.2,74,3,15.7,38
2025-10-29T19:00,26.8,78,3,16.6,34
2025-10-29T20:00,25.0,87,61,18.1,53
2025-10-29T21:00,24.4,92,53,16.6,31
2025-10-29T22:00,24.2,93,53,13.8,42
2025-10-29T23:00,23.6,95,63,15.5,46
2025-10-30T00:00,23.7,95,53,16.3,49
2025-10-30T01:00,23.7,94,61,17.4,46
2025-10-30T02:00,23.6,94,51,17.6,48
2025-10-30T03:00,23.8,93,51,17.4,50
2025-10-30T04:00,23.7,91,53,17.3,48
2025-10-30T05:00,23.3,94,51,12.5,63
2025-10-30T06:00,23.4,95,55,12.0,54
2025-10-30T07:00,23.5,96,61,10.9,44
2025-10-30T08:00,23.7,95,61,13.6,50
2025-10-30T09:00,24.2,91,53,13.6,41
2025-10-30T10:00,25.1,84,51,13.4,47
2025-10-30T11:00,25.7,78,51,7.0,55
2025-10-30T12:00,26.4,75,51,4.8,312
2025-10-30T13:00,26.6,75,3,6.9,307
2025-10-30T14:00,26.4,77,3,8.5,294
2025-10-30T15:00,26.3,77,3,7.6,297
2025-10-30T16:00,26.9,75,3,6.4,295
2025-10-30T17:00,26.5,80,3,6.5,246
2025-10-30T18:00,25.9,83,2,8.1,252
2025-10-30T19:00,25.4,86,3,5.9,256
2025-10-30T20:00,24.8,88,1,7.7,240
2025-10-30T21:00,24.5,90,1,10.2,226
2025-10-30T22:00,24.1,93,1,9.9,233
2025-10-30T23:00,24.0,94,1,8.5,242
2025-10-31T00:00,23.8,95,51,9.4,246
2025-10-31T01:00,23.5,96,0,7.2,252
2025-10-31T02:00,23.4,96,1,6.9,253
2025-10-31T03:00,23.3,96,1,7.7,249
2025-10-31T04:00,23.2,96,3,7.1,264
2025-10-31T05:00,23.5,96,1,6.6,281
2025-10-31T06:00,23.5,96,1,5.2,276
2025-10-31T07:00,24.6,91,1,4.2,263
2025-10-31T08:00,26.1,83,1,5.2,282
2025-10-31T09:00,27.2,76,51,5.9,252
2025-10-31T10:00,28.0,72,51,10.0,232
2025-10-31T11:00,28.4,71,51,13.0,232
2025-10-31T12:00,29.1,67,51,13.3,242
2025-10-31T13:00,29.4,64,51,13.6,244
2025-10-31T14:00,29.7,62,3,13.8,255
2025-10-31T15:00,29.4,63,51,12.1,268
2025-10-31T16:00,28.6,68,51,7.9,303
2025-10-31T17:00,26.5,81,3,7.9,348
2025-10-31T18:00,25.6,86,3,7.3,330
2025-10-31T19:00,25.3,87,3,6.5,314
2025-10-31T20:00,24.7,90,2,4.0,321
2025-10-31T21:00,24.2,93,0,4.0,328
2025-10-31T22:00,24.0,94,2,4.8,335
2025-10-31T23:00,23.7,95,0,4.5,337
2025-11-01T00:00,23.2,97,0,4.3,338
2025-11-01T01:00,23.0,97,0,4.6,342
2025-11-01T02:00,22.8,98,0,4.7,351
2025-11-01T03:00,22.5,98,0,4.0,352
2025-11-01T04:00,22.1,98,0,3.9,338
2025-11-01T05:00,22.5,99,3,5.9,348
2025-11-01T06:00,22.6,98,0,5.6,354
2025-11-01T07:00,23.8,93,0,3.3,6
2025-11-01T08:00,25.7,86,0,2.0,27
2025-11-01T09:00,27.5,77,0,1.7,148
2025-11-01T10:00,28.9,69,0,3.4,198
2025-11-01T11:00,29.6,61,0,5.1,225
2025-11-01T12:00,30.6,55,0,3.9,233
2025-11-01T13:00,31.0,53,0,3.1,270
2025-11-01T14:00,31.2,52,0,3.9,298
2025-11-01T15:00,31.0,52,0,4.1,322
2025-11-01T16:00,30.4,57,0,4.1,358
2025-11-01T17:00,28.3,71,0,3.5,159
2025-11-01T18:00,27.1,76,0,4.0,183
2025-11-01T19:00,26.3,78,0,4.2,239
2025-11-01T20:00,25.8,81,0,5.7,259
2025-11-01T21:00,25.3,83,0,5.6,303
2025-11-01T22:00,25.0,85,1,6.7,9
2025-11-01T23:00,25.3,84,1,6.2,57
2025-11-02T00:00,25.2,84,0,5.5,71
2025-11-02T01:00,24.5,88,1,4.1,52
2025-11-02T02:00,24.1,90,0,3.0,57
2025-11-02T03:00,23.6,91,1,2.5,8
2025-11-02T04:00,23.3,93,0,3.5,351
2025-11-02T05:00,23.4,97,0,3.3,354
2025-11-02T06:00,23.7,96,0,1.7,288
2025-11-02T07:00,24.9,90,0,1.7,311
2025-11-02T08:00,26.5,83,0,0.7,360
2025-11-02T09:00,28.1,75,0,0.6,162
2025-11-02T10:00,29.2,70,0,1.3,225
2025-11-02T11:00,29.4,68,51,3.1,280
2025-11-02T12:00,30.2,62,3,4.0,324
2025-11-02T13:00,29.3,65,51,8.4,277
2025-11-02T14:00,28.7,68,51,6.1,336
2025-11-02T15:00,29.1,67,51,4.5,353
2025-11-02T16:00,28.7,69,0,4.3,303
2025-11-02T17:00,27.5,81,1,1.7,229
2025-11-02T18:00,26.4,85,1,3.1,260
2025-11-02T19:00,25.7,90,0,3.2,254
2025-11-02T20:00,25.4,92,1,4.4,289
2025-11-02T21:00,25.0,91,0,3.6,307
2025-11-02T22:00,24.5,92,0,4.8,292
2025-11-02T23:00,24.3,92,0,5.9,310
2025-11-03T00:00,24.0,93,1,5.4,296
2025-11-03T01:00,23.6,95,1,5.5,302
2025-11-03T02:00,23.4,96,2,6.7,322
2025-11-03T03:00,23.1,95,0,7.5,325
2025-11-03T04:00,22.9,94,0,8.0,324
2025-11-03T05:00,23.1,95,0,7.6,322
2025-11-03T06:00,23.4,94,0,6.2,319
2025-11-03T07:00,24.5,90,0,6.3,305
2025-11-03T08:00,26.4,81,0,8.0,312
2025-11-03T09:00,28.1,73,0,8.3,321
2025-11-03T10:00,29.2,64,0,7.6,326
2025-11-03T11:00,29.7,61,51,6.9,313
2025-11-03T12:00,30.2,58,51,8.4,320
2025-11-03T13:00,30.2,58,51,10.5,322
2025-11-03T14:00,30.1,58,0,9.3,320
2025-11-03T15:00,30.1,59,0,8.2,310
2025-11-03T16:00,29.1,65,53,8.2,302
2025-11-03T17:00,27.8,69,1,7.8,285
2025-11-03T18:00,27.1,71,0,8.5,282
2025-11-03T19:00,26.3,74,0,7.3,280
2025-11-03T20:00,25.8,76,0,8.6,281
2025-11-03T21:00,25.4,78,0,7.8,307
2025-11-03T22:00,24.9,80,0,7.9,319
2025-11-03T23:00,24.3,86,0,6.8,331
2025-11-04T00:00,24.0,87,0,7.1,336
2025-11-04T01:00,23.5,89,0,6.5,321
2025-11-04T02:00,23.0,90,0,5.5,316
2025-11-04T03:00,22.7,91,0,5.5,319
2025-11-04T04:00,22.4,92,0,5.3,332
2025-11-04T05:00,22.3,88,0,7.0,318
2025-11-04T06:00,22.8,86,1,7.4,328
2025-11-04T07:00,24.1,83,3,7.3,314
2025-11-04T08:00,25.6,79,51,6.6,299
2025-11-04T09:00,27.5,73,3,6.5,321
2025-11-04T10:00,28.7,66,51,5.1,318
2025-11-04T11:00,29.0,61,51,4.7,293
2025-11-04T12:00,30.0,57,3,4.2,290
2025-11-04T13:00,30.3,55,3,5.2,297
2025-11-04T14:00,30.1,56,1,6.4,295
2025-11-04T15:00,30.2,54,0,7.0,305
2025-11-04T16:00,29.7,56,0,6.5,293
2025-11-04T17:00,27.3,73,1,3.6,180
2025-11-04T18:00,26.8,75,0,0.7,194
2025-11-04T19:00,25.8,79,0,1.9,17
2025-11-04T20:00,24.9,86,1,3.3,41
2025-11-04T21:00,24.1,90,0,4.0,54
2025-11-04T22:00,23.8,89,0,1.5,54
2025-11-04T23:00,23.3,95,0,2.3,337
2025-11-05T00:00,22.5,98,0,3.5,298
2025-11-05T01:00,22.5,96,0,5.4,290
2025-11-05T02:00,22.1,93,0,6.3,305
2025-11-05T03:00,21.6,90,2,8.0,324
2025-11-05T04:00,21.2,89,3,9.5,333
2025-11-05T05:00,21.3,85,1,11.3,333
2025-11-05T06:00,21.8,80,2,10.1,333
2025-11-05T07:00,22.9,78,2,9.8,328
2025-11-05T08:00,24.9,70,2,9.8,330
2025-11-05T09:00,26.5,65,3,10.2,343
2025-11-05T10:00,27.9,60,3,9.2,348
2025-11-05T11:00,29.0,51,3,6.9,332
2025-11-05T12:00,29.5,47,3,6.4,315
2025-11-05T13:00,29.9,46,3,6.7,306
2025-11-05T14:00,30.0,45,3,7.6,317
2025-11-05T15:00,29.9,44,3,8.3,311
2025-11-05T16:00,28.9,52,1,5.5,287
2025-11-05T17:00,27.1,63,1,4.0,249
2025-11-05T18:00,25.6,65,3,4.6,259
2025-11-05T19:00,25.8,62,3,6.9,263
2025-11-05T20:00,25.6,62,3,8.8,296
2025-11-05T21:00,24.9,65,2,8.4,312
2025-11-05T22:00,23.7,70,0,8.4,312
2025-11-05T23:00,23.3,74,0,9.1,311
2025-11-06T00:00,23.0,77,0,10.0,321
2025-11-06T01:00,22.7,77,0,12.8,329
2025-11-06T02:00,22.4,77,0,14.0,331
2025-11-06T03:00,22.1,77,0,13.9,333
2025-11-06T04:00,21.9,77,0,13.4,338
2025-11-06T05:00,21.4,80,1,9.4,337
2025-11-06T06:00,21.6,79,1,8.1,332
2025-11-06T07:00,22.9,77,0,9.1,311
2025-11-06T08:00,25.0,70,0,8.5,342
2025-11-06T09:00,27.1,62,0,9.8,8
2025-11-06T10:00,28.8,54,1,11.5,25
2025-11-06T11:00,29.4,49,3,10.1,27
2025-11-06T12:00,30.3,46,1,8.4,23
2025-11-06T13:00,30.6,43,1,6.9,9
2025-11-06T14:00,30.5,42,1,6.7,355
2025-11-06T15:00,30.3,41,1,6.6,343
2025-11-06T16:00,29.3,49,0,3.7,331
2025-11-06T17:00,26.5,58,0,5.2,314
2025-11-06T18:00,25.2,57,0,6.1,330
2025-11-06T19:00,24.6,57,0,7.0,339
2025-11-06T20:00,24.3,56,0,14.4,317
2025-11-06T21:00,23.8,52,1,13.3,339
2025-11-06T22:00,22.5,57,0,10.5,353
2025-11-06T23:00,21.4,63,0,9.3,341
2025-11-07T00:00,20.8,65,0,9.7,331
2025-11-07T01:00,20.1,67,0,9.3,333
2025-11-07T02:00,19.5,68,0,9.9,339
2025-11-07T03:00,19.0,69,0,9.7,336
2025-11-07T04:00,18.5,69,0,9.2,327
2025-11-07T05:00,18.2,71,0,7.5,339
2025-11-07T06:00,18.3,70,0,7.4,347
2025-11-07T07:00,19.4,70,0,8.8,351
2025-11-07T08:00,21.6,63,0,6.3,353
2025-11-07T09:00,24.0,55,0,7.1,9
2025-11-07T10:00,26.2,51,0,6.7,14
2025-11-07T11:00,28.1,43,0,6.4,36
2025-11-07T12:00,29.3,36,0,4.4,35
2025-11-07T13:00,29.5,35,0,4.1,2
2025-11-07T14:00,29.5,35,0,5.5,351
2025-11-07T15:00,29.1,35,0,6.3,345
2025-11-07T16:00,27.9,44,0,3.9,344
2025-11-07T17:00,26.0,52,0,1.9,319
2025-11-07T18:00,24.9,52,0,2.1,285
2025-11-07T19:00,24.6,50,0,1.2,207
2025-11-07T20:00,23.7,49,0,0.9,143
2025-11-07T21:00,22.1,60,0,2.4,77
2025-11-07T22:00,21.0,68,0,8.4,353
2025-11-07T23:00,19.9,71,0,6.0,335
2025-11-08T00:00,18.8,80,0,5.4,339
2025-11-08T01:00,18.8,79,0,6.2,350
2025-11-08T02:00,18.7,77,0,7.4,347
2025-11-08T03:00,18.1,78,0,7.1,336
2025-11-08T04:00,17.5,81,0,6.7,329
2025-11-08T05:00,17.3,83,0,6.4,335
2025-11-08T06:00,17.2,83,0,4.9,343
2025-11-08T07:00,18.9,78,0,6.3,345
2025-11-08T08:00,21.5,66,0,5.6,354
2025-11-08T09:00,23.8,58,0,5.7,9
2025-11-08T10:00,25.8,51,0,5.9,23
2025-11-08T11:00,27.3,42,0,5.8,20
2025-11-08T12:00,28.2,38,0,5.8,356
2025-11-08T13:00,28.5,36,0,5.8,351
2025-11-08T14:00,28.6,34,0,5.7,351
2025-11-08T15:00,28.3,34,0,5.2,358
2025-11-08T16:00,27.3,46,0,2.4,17
2025-11-08T17:00,25.6,52,0,0.6,72
2025-11-08T18:00,24.3,49,0,1.4,157
2025-11-08T19:00,23.2,54,0,2.7,152
2025-11-08T20:00,22.1,60,0,5.1,72
2025-11-08T21:00,21.0,67,0,5.4,352
2025-11-08T22:00,20.3,72,0,7.6,3
2025-11-08T23:00,19.7,73,0,7.1,6
2025-11-09T00:00,18.8,70,0,7.6,7
2025-11-09T01:00,18.0,70,0,7.4,359
2025-11-09T02:00,17.1,72,0,6.6,347
2025-11-09T03:00,16.4,75,0,6.3,340
2025-11-09T04:00,15.8,76,0,6.7,340
2025-11-09T05:00,15.6,78,0,7.3,340
2025-11-09T06:00,15.5,78,0,6.8,343
2025-11-09T07:00,16.9,76,0,7.9,339
2025-11-09T08:00,19.8,67,0,5.8,355
2025-11-09T09:00,22.6,56,0,6.2,17
2025-11-09T10:00,24.6,46,0,6.0,27
2025-11-09T11:00,26.0,36,0,5.6,15
2025-11-09T12:00,27.0,33,0,5.8,355
2025-11-09T13:00,27.3,32,0,6.3,347
2025-11-09T14:00,27.4,31,0,6.3,345
2025-11-09T15:00,27.1,31,0,5.4,346
2025-11-09T16:00,26.1,46,0,2.4,343
2025-11-09T17:00,24.5,46,0,0.9,307
2025-11-09T18:00,23.2,43,0,2.0,243
2025-11-09T19:00,22.3,46,0,2.3,247
2025-11-09T20:00,20.3,55,0,4.5,43
2025-11-09T21:00,19.0,67,0,3.5,9
2025-11-09T22:00,18.4,73,0,6.4,352
2025-11-09T23:00,18.0,75,0,4.5,358
2025-11-10T00:00,16.6,79,0,5.2,356
2025-11-10T01:00,15.9,78,0,5.3,352
2025-11-10T02:00,15.3,78,0,5.2,333
2025-11-10T03:00,14.8,79,0,5.2,329
2025-11-10T04:00,14.2,82,0,5.3,342
2025-11-10T05:00,14.3,82,0,5.6,356
2025-11-10T06:00,14.3,81,0,5.8,356
2025-11-10T07:00,16.3,73,0,7.2,357
2025-11-10T08:00,19.5,65,0,5.2,4
2025-11-10T09:00,22.6,51,0,5.2,22
2025-11-10T10:00,24.7,40,0,5.8,39
2025-11-10T11:00,26.2,33,0,5.4,21
2025-11-10T12:00,27.0,31,0,5.0,360
2025-11-10T13:00,27.4,31,0,4.9,350
2025-11-10T14:00,27.5,29,0,4.5,346
2025-11-10T15:00,27.2,30,0,4.7,337
2025-11-10T16:00,26.1,37,0,3.7,331
2025-11-10T17:00,23.7,45,0,1.7,342
2025-11-10T18:00,23.0,44,0,1.1,360
2025-11-10T19:00,22.5,45,0,1.1,261
2025-11-10T20:00,20.4,51,0,2.3,212
2025-11-10T21:00,18.6,64,0,4.0,216
2025-11-10T22:00,17.9,68,0,2.8,333
2025-11-10T23:00,17.1,75,0,3.9,317
2025-11-11T00:00,15.9,77,0,6.1,330
2025-11-11T01:00,15.2,79,0,5.3,336
2025-11-11T02:00,15.0,81,0,5.3,336
2025-11-11T03:00,14.4,84,0,4.4,330
2025-11-11T04:00,14.1,85,0,5.2,331
2025-11-11T05:00,14.3,83,0,5.5,333
2025-11-11T06:00,14.3,81,0,5.7,342
2025-11-11T07:00,16.2,72,0,6.8,342
2025-11-11T08:00,19.4,64,0,4.1,345
2025-11-11T09:00,22.6,51,0,3.8,11
2025-11-11T10:00,24.9,40,0,4.8,37
2025-11-11T11:00,26.2,33,0,4.1,29
2025-11-11T12:00,27.1,31,0,4.3,5
2025-11-11T13:00,27.4,31,0,4.9,350
2025-11-11T14:00,27.5,30,0,6.1,341
2025-11-11T15:00,27.1,30,0,6.8,342
2025-11-11T16:00,26.2,35,0,4.0,342
2025-11-11T17:00,23.7,44,0,2.2,5
2025-11-11T18:00,23.0,43,0,1.3,352
2025-11-11T19:00,22.4,43,0,2.6,286
2025-11-11T20:00,21.2,49,0,2.9,259
2025-11-11T21:00,19.9,57,0,1.0,22
2025-11-11T22:00,18.0,64,0,4.9,352
2025-11-11T23:00,17.5,69,0,5.4,330
2025-11-12T00:00,16.7,72,0,5.3,325
2025-11-12T01:00,15.8,76,0,5.5,349
2025-11-12T02:00,15.8,74,0,6.0,357
2025-11-12T03:00,15.2,76,0,6.0,351
2025-11-12T04:00,14.8,77,0,6.3,347
2025-11-12T05:00,14.6,78,0,7.0,342
2025-11-12T06:00,14.6,77,0,5.6,345
2025-11-12T07:00,16.5,69,0,6.6,347
2025-11-12T08:00,19.7,62,0,4.2,350
2025-11-12T09:00,22.9,50,0,4.3,17
2025-11-12T10:00,25.3,39,0,6.5,46
2025-11-12T11:00,26.8,32,0,8.3,42
2025-11-12T12:00,27.4,32,0,6.8,22
2025-11-12T13:00,27.7,34,0,5.6,4
2025-11-12T14:00,27.8,35,0,4.8,345
2025-11-12T15:00,27.6,36,0,4.3,332
2025-11-12T16:00,26.9,40,0,2.7,298
2025-11-12T17:00,24.3,51,0,3.1,257
2025-11-12T18:00,22.9,56,0,2.3,225
2025-11-12T19:00,22.0,58,0,1.9,146
2025-11-12T20:00,21.3,58,0,3.1,121
2025-11-12T21:00,21.0,57,0,2.3,135
2025-11-12T22:00,19.8,60,0,2.1,345
2025-11-12T23:00,18.5,70,0,5.7,328
2025-11-13T00:00,16.8,80,0,6.2,334
2025-11-13T01:00,16.4,77,0,7.1,341
2025-11-13T02:00,16.1,74,0,7.2,341
2025-11-13T03:00,15.6,73,0,6.7,346
2025-11-13T04:00,14.9,77,0,6.2,352
2025-11-13T05:00,14.8,78,0,6.9,355
2025-11-13T06:00,14.8,78,0,6.4,352
2025-11-13T07:00,16.7,70,0,7.8,353
2025-11-13T08:00,19.7,60,0,5.9,360
2025-11-13T09:00,22.4,47,0,7.3,17
2025-11-13T10:00,24.9,39,0,7.9,33
2025-11-13T11:00,26.7,31,0,9.2,40
2025-11-13T12:00,27.5,29,0,7.4,39
2025-11-13T13:00,28.1,27,0,6.6,47
2025-11-13T14:00,28.2,27,0,6.8,48
2025-11-13T15:00,27.8,28,0,6.8,50
2025-11-13T16:00,27.0,32,0,4.1,56
2025-11-13T17:00,24.5,38,0,3.8,101
2025-11-13T18:00,22.9,41,0,3.9,112
2025-11-13T19:00,22.2,43,0,2.4,107
2025-11-13T20:00,21.1,46,0,2.9,43
2025-11-13T21:00,19.4,55,0,5.4,14
2025-11-13T22:00,18.2,63,0,5.7,349
2025-11-13T23:00,17.6,67,0,6.0,331
2025-11-14T00:00,16.5,70,0,6.9,327
2025-11-14T01:00,15.6,72,0,5.9,346
2025-11-14T02:00,14.7,77,0,5.2,360
2025-11-14T03:00,14.6,78,0,5.5,347
2025-11-14T04:00,14.2,78,0,6.2,352
2025-11-14T05:00,14.5,77,0,7.0,348
2025-11-14T06:00,14.7,75,0,6.6,351
2025-11-14T07:00,16.7,67,0,8.7,353
2025-11-14T08:00,19.7,56,0,6.7,8
2025-11-14T09:00,22.4,46,0,7.7,30
2025-11-14T10:00,24.6,39,0,7.6,54
2025-11-14T11:00,26.4,34,0,8.2,68
2025-11-14T12:00,27.2,31,0,7.5,63
2025-11-14T13:00,27.6,31,0,6.6,57
2025-11-14T14:00,27.7,31,0,6.4,58
2025-11-14T15:00,27.5,31,0,6.2,60
2025-11-14T16:00,26.7,34,0,5.3,78
2025-11-14T17:00,24.2,42,0,5.2,110
2025-11-14T18:00,22.6,47,0,5.4,127
2025-11-14T19:00,22.2,48,0,3.0,123
2025-11-14T20:00,21.6,49,0,2.1,121
2025-11-14T21:00,20.6,51,0,1.8,37
2025-11-14T22:00,18.9,59,0,6.3,13
2025-11-14T23:00,18.3,65,0,6.0,357
2025-11-15T00:00,16.9,72,0,6.7,346
2025-11-15T01:00,15.9,76,0,5.8,358
2025-11-15T02:00,15.2,79,0,4.8,13
2025-11-15T03:00,14.8,80,0,5.2,348
2025-11-15T04:00,14.5,79,0,5.9,340
2025-11-15T05:00,14.5,79,0,7.0,348
2025-11-15T06:00,14.8,76,0,7.0,359
2025-11-15T07:00,16.9,67,0,9.2,4
2025-11-15T08:00,19.9,56,0,7.2,13
2025-11-15T09:00,22.3,46,0,8.2,33
2025-11-15T10:00,24.5,40,0,7.7,53
2025-11-15T11:00,26.4,35,0,7.2,68
2025-11-15T12:00,27.2,32,0,6.4,65
2025-11-15T13:00,27.6,31,0,5.2,65
2025-11-15T14:00,27.7,31,0,4.8,63
2025-11-15T15:00,27.4,31,0,4.5,67
2025-11-15T16:00,26.7,34,0,4.3,85
2025-11-15T17:00,24.4,40,0,5.3,123
2025-11-15T18:00,23.4,43,0,6.3,141
2025-11-15T19:00,22.5,47,0,2.6,146
2025-11-15T20:00,22.1,48,0,1.4,113
2025-11-15T21:00,21.3,50,0,1.5,45
2025-11-15T22:00,19.5,57,0,6.7,20
2025-11-15T23:00,18.8,62,0,7.2,6
2025-11-16T00:00,17.3,70,0,7.8,341
2025-11-16T01:00,16.5,68,0,8.8,345
2025-11-16T02:00,15.9,66,0,7.6,360
2025-11-16T03:00,15.2,66,0,6.1,358
2025-11-16T04:00,14.7,68,0,5.6,356
2025-11-16T05:00,14.7,69,0,6.3,3
2025-11-16T06:00,14.5,70,0,5.5,9
2025-11-16T07:00,16.7,61,0,8.8,12
2025-11-16T08:00,19.4,50,0,8.4,16
2025-11-16T09:00,21.8,41,0,8.6,22
2025-11-16T10:00,24.2,36,0,8.7,32
2025-11-16T11:00,26.1,30,0,8.8,35
2025-11-16T12:00,26.9,27,0,6.9,23
2025-11-16T13:00,27.3,26,0,6.8,11
2025-11-16T14:00,27.5,25,0,6.7,6
2025-11-16T15:00,27.1,25,0,7.2,359
2025-11-16T16:00,26.3,27,0,5.7,349
2025-11-16T17:00,24.2,36,0,1.7,328
2025-11-16T18:00,22.7,43,0,0.7,360
2025-11-16T19:00,21.6,42,0,1.3,90
2025-11-16T20:00,20.6,46,0,2.1,38
2025-11-16T21:00,19.0,55,0,5.7,13
2025-11-16T22:00,18.1,58,0,6.4,344
2025-11-16T23:00,17.6,58,0,8.0,337
2025-11-17T00:00,16.5,62,0,7.9,339
2025-11-17T01:00,15.9,64,0,9.5,339
2025-11-17T02:00,15.4,67,0,9.7,342
2025-11-17T03:00,15.0,70,0,9.1,350
2025-11-17T04:00,14.9,71,0,8.2,352
2025-11-17T05:00,15.0,70,0,7.6,360
2025-11-17T06:00,15.3,67,0,7.1,10
2025-11-17T07:00,16.8,61,0,9.1,21
2025-11-17T08:00,19.1,52,0,7.8,34
2025-11-17T09:00,21.6,45,0,8.2,49
2025-11-17T10:00,23.7,39,0,10.5,61
2025-11-17T11:00,25.4,34,0,9.5,80
2025-11-17T12:00,26.0,32,0,7.7,78
2025-11-17T13:00,26.5,31,0,6.6,69
2025-11-17T14:00,26.6,30,0,6.0,57
2025-11-17T15:00,26.3,30,0,6.2,44
2025-11-17T16:00,25.5,33,0,6.2,44
2025-11-17T17:00,23.6,41,0,2.7,32
2025-11-17T18:00,22.5,43,0,1.3,106
2025-11-17T19:00,21.6,45,0,1.5,120
2025-11-17T20:00,20.7,47,0,2.1,149
2025-11-17T21:00,20.3,53,0,0.7,90
2025-11-17T22:00,18.7,54,0,2.3,4
2025-11-17T23:00,17.7,63,0,7.5,352
2025-11-18T00:00,16.3,70,0,7.6,348
2025-11-18T01:00,15.6,73,0,7.7,344
2025-11-18T02:00,15.0,75,0,7.1,351
2025-11-18T03:00,14.5,78,0,7.0,3
2025-11-18T04:00,14.2,79,0,6.8,358
2025-11-18T05:00,14.2,77,0,6.8,360
2025-11-18T06:00,14.4,76,0,6.8,360
2025-11-18T07:00,16.1,69,0,8.1,6
2025-11-18T08:00,18.8,59,0,6.2,21
2025-11-18T09:00,21.2,50,0,6.7,44
2025-11-18T10:00,23.2,43,0,6.9,67
2025-11-18T11:00,25.1,36,0,5.8,74
2025-11-18T12:00,26.0,34,0,4.0,63
2025-11-18T13:00,26.6,33,0,2.5,45
2025-11-18T14:00,26.8,32,0,2.1,15
2025-11-18T15:00,26.7,32,0,3.0,346
2025-11-18T16:00,25.9,35,0,4.3,336
2025-11-18T17:00,24.0,45,0,1.4,310
2025-11-18T18:00,22.4,49,0,0.9,191
2025-11-18T19:00,20.9,52,0,4.6,149
2025-11-18T20:00,20.5,54,0,3.8,131
2025-11-18T21:00,20.7,53,0,2.3,90
2025-11-18T22:00,19.5,57,0,3.5,351
2025-11-18T23:00,18.6,64,0,6.6,339
2025-11-19T00:00,16.9,74,0,6.2,334
2025-11-19T01:00,15.9,79,0,5.0,322
2025-11-19T02:00,14.9,85,0,4.1,345
2025-11-19T03:00,14.8,85,0,4.5,353
2025-11-19T04:00,14.9,83,0,5.1,350
2025-11-19T05:00,14.3,85,0,4.9,356
2025-11-19T06:00,14.0,85,0,4.9,352
2025-11-19T07:00,16.0,75,0,6.5,355
2025-11-19T08:00,19.1,62,0,4.8,15
2025-11-19T09:00,21.7,51,0,6.2,36
2025-11-19T10:00,23.8,45,0,5.9,43
2025-11-19T11:00,25.6,39,0,5.1,39
2025-11-19T12:00,26.8,34,0,4.8,34
2025-11-19T13:00,27.3,33,0,4.4,21
2025-11-19T14:00,27.5,33,0,4.9,10
2025-11-19T15:00,27.2,33,0,5.6,2
2025-11-19T16:00,26.4,34,0,6.2,352
2025-11-19T17:00,24.5,43,0,3.7,346
2025-11-19T18:00,23.6,51,0,0.5,360
2025-11-19T19:00,22.3,51,0,3.3,135
2025-11-19T20:00,21.2,55,0,5.4,127
2025-11-19T21:00,21.3,55,0,3.2,117
2025-11-19T22:00,21.3,56,0,1.1,72
2025-11-19T23:00,20.5,58,0,1.2,321
2025-11-20T00:00,17.7,71,0,6.0,353
2025-11-20T01:00,16.2,81,0,4.2,12
2025-11-20T02:00,15.6,85,0,4.4,353
2025-11-20T03:00,15.2,86,0,4.2,340
2025-11-20T04:00,14.9,87,0,4.7,344
2025-11-20T05:00,15.0,83,0,6.5,358
2025-11-20T06:00,14.7,84,0,5.6,360
2025-11-20T07:00,16.3,76,0,7.3,7
2025-11-20T08:00,19.2,63,0,5.1,10
2025-11-20T09:00,22.2,51,0,5.3,18
2025-11-20T10:00,24.5,44,0,4.5,37
2025-11-20T11:00,26.0,40,0,4.1,41
2025-11-20T12:00,27.1,36,0,4.4,30
2025-11-20T13:00,27.7,35,0,5.2,16
2025-11-20T14:00,28.0,33,0,5.9,11
2025-11-20T15:00,27.8,33,0,5.8,9
2025-11-20T16:00,27.1,35,0,4.7,9
2025-11-20T17:00,25.5,43,0,0.9,11
2025-11-20T18:00,23.6,48,0,3.7,151
2025-11-20T19:00,22.5,51,0,5.2,149
2025-11-20T20:00,21.7,54,0,5.0,139
2025-11-20T21:00,21.8,53,0,2.6,164
2025-11-20T22:00,21.6,58,0,0.5,315
2025-11-20T23:00,20.1,61,0,3.5,21
2025-11-21T00:00,18.2,72,0,5.3,10
2025-11-21T01:00,17.1,80,0,4.2,348
2025-11-21T02:00,16.6,83,0,5.4,354
2025-11-21T03:00,16.3,84,0,6.6,347
2025-11-21T04:00,15.8,85,0,6.2,345
2025-11-21T05:00,15.6,83,0,7.8,352
2025-11-21T06:00,15.4,82,0,7.2,354
2025-11-21T07:00,16.7,75,0,7.7,349
2025-11-21T08:00,19.8,63,0,4.1,13
2025-11-21T09:00,22.9,52,0,4.6,42
2025-11-21T10:00,25.4,44,0,5.1,63
2025-11-21T11:00,26.9,40,0,4.8,79
2025-11-21T12:00,28.1,37,0,3.3,112
2025-11-21T13:00,28.8,35,0,2.3,135
2025-11-21T14:00,29.1,35,0,0.9,101
2025-11-21T15:00,28.8,35,0,1.0,31
2025-11-21T16:00,28.2,36,0,3.1,7
2025-11-21T17:00,26.2,47,0,2.8,11
2025-11-21T18:00,24.4,52,0,4.6,31
2025-11-21T19:00,23.7,56,0,3.8,65
2025-11-21T20:00,23.3,56,0,2.9,120
2025-11-21T21:00,22.8,58,0,1.1,189
2025-11-21T22:00,21.0,64,0,3.1,239
2025-11-21T23:00,20.1,70,0,3.1,263
2025-11-22T00:00,18.8,76,0,7.2,338
2025-11-22T01:00,18.2,77,0,6.0,303
2025-11-22T02:00,17.1,82,0,4.7,317
2025-11-22T03:00,16.6,84,0,4.6,349
2025-11-22T04:00,16.6,84,0,6.7,357
2025-11-22T05:00,15.8,87,0,4.5,344
2025-11-22T06:00,15.5,88,0,4.4,341
2025-11-22T07:00,17.2,80,0,6.7,355
2025-11-22T08:00,20.5,66,0,4.1,15
2025-11-22T09:00,23.7,54,0,4.6,45
2025-11-22T10:00,26.0,46,0,4.3,62
2025-11-22T11:00,27.2,40,0,2.3,86
2025-11-22T12:00,28.6,35,0,0.9,101
2025-11-22T13:00,29.2,32,0,0.7,270
2025-11-22T14:00,29.3,32,0,1.7,311
2025-11-22T15:00,29.2,32,0,2.7,340
2025-11-22T16:00,28.6,33,0,2.9,349
2025-11-22T17:00,26.3,41,0,3.1,28
2025-11-22T18:00,24.8,43,0,2.0,63
2025-11-22T19:00,23.5,48,2,3.4,148
2025-11-22T20:00,22.5,52,3,4.2,192
2025-11-22T21:00,21.6,57,3,4.7,203
2025-11-22T22:00,20.6,61,3,5.1,198
2025-11-22T23:00,20.5,63,2,5.2,196
2025-11-23T00:00,18.9,69,3,5.2,214
2025-11-23T01:00,18.6,71,3,0.9,307
2025-11-23T02:00,17.4,78,2,5.2,333
2025-11-23T03:00,16.8,80,0,5.5,328
2025-11-23T04:00,16.6,79,3,6.5,336
2025-11-23T05:00,16.3,80,2,5.0,341
2025-11-23T06:00,15.8,83,3,3.3,9
2025-11-23T07:00,17.5,73,3,4.2,18
2025-11-23T08:00,21.0,59,3,3.0,33
2025-11-23T09:00,24.2,49,3,4.4,63
2025-11-23T10:00,26.3,43,3,5.0,75
2025-11-23T11:00,27.8,40,3,4.2,85
2025-11-23T12:00,29.1,36,3,2.6,74
2025-11-23T13:00,29.7,36,0,2.3,18
2025-11-23T14:00,29.8,37,0,4.7,358
2025-11-23T15:00,29.5,38,0,6.9,25
2025-11-23T16:00,28.9,40,0,7.5,50
2025-11-23T17:00,27.2,43,0,6.0,115
2025-11-23T18:00,25.9,48,0,6.2,128
2025-11-23T19:00,25.0,52,0,6.1,133
2025-11-23T20:00,23.7,57,0,4.2,144
2025-11-23T21:00,23.4,59,0,1.6,180
2025-11-23T22:00,22.8,61,0,0.7,346
2025-11-23T23:00,21.9,65,0,2.8,11
2025-11-24T00:00,20.9,70,2,2.0,10
2025-11-24T01:00,20.7,71,2,0.4,333
2025-11-24T02:00,20.1,73,0,1.1,342
2025-11-24T03:00,19.0,79,0,4.1,13
2025-11-24T04:00,18.6,81,0,4.5,2
2025-11-24T05:00,18.3,83,0,4.2,355
2025-11-24T06:00,18.3,82,2,4.2,7
2025-11-24T07:00,19.8,74,2,6.6,16
2025-11-24T08:00,22.4,61,2,4.9,36
2025-11-24T09:00,24.9,50,0,6.3,59
2025-11-24T10:00,26.9,43,2,6.9,70
2025-11-24T11:00,28.3,40,0,6.5,82
2025-11-24T12:00,29.3,38,1,5.5,77
2025-11-24T13:00,29.8,37,2,5.2,56
2025-11-24T14:00,30.0,38,3,5.6,31
2025-11-24T15:00,29.8,39,1,5.7,24
2025-11-24T16:00,29.1,41,0,6.1,50
2025-11-24T17:00,27.3,45,0,9.4,94
2025-11-24T18:00,26.5,49,0,8.7,108
2025-11-24T19:00,25.8,51,1,5.1,113
2025-11-24T20:00,24.8,56,0,4.5,95
2025-11-24T21:00,24.0,60,1,3.9,106
2025-11-24T22:00,23.4,62,0,5.4,104
2025-11-24T23:00,22.8,65,0,5.1,72
2025-11-25T00:00,21.8,69,0,5.9,55
2025-11-25T01:00,20.9,72,0,4.6,59
2025-11-25T02:00,20.1,76,0,4.2,31
2025-11-25T03:00,19.7,77,0,4.7,9
2025-11-25T04:00,19.2,79,0,5.4,6
2025-11-25T05:00,19.0,82,0,4.1,29
2025-11-25T06:00,19.0,82,0,3.8,41
2025-11-25T07:00,20.1,76,0,5.3,28
2025-11-25T08:00,22.2,67,0,5.6,40
2025-11-25T09:00,24.6,57,0,6.4,61
2025-11-25T10:00,26.6,49,0,6.2,80
2025-11-25T11:00,28.0,45,0,6.2,98
2025-11-25T12:00,29.0,42,0,5.8,92
2025-11-25T13:00,29.6,41,0,5.7,79
2025-11-25T14:00,30.0,39,1,6.6,57
2025-11-25T15:00,29.7,39,3,6.1,45
2025-11-25T16:00,28.8,41,1,6.0,51
2025-11-25T17:00,27.4,47,0,7.8,94
2025-11-25T18:00,26.4,51,0,7.3,107
2025-11-25T19:00,25.7,54,0,5.5,128
2025-11-25T20:00,25.0,58,0,5.2,134
2025-11-25T21:00,23.9,64,0,3.9,118
2025-11-25T22:00,23.5,67,0,1.0,135
2025-11-25T23:00,22.9,70,0,1.8,53
2025-11-26T00:00,21.8,73,0,2.4,27
2025-11-26T01:00,21.0,76,0,3.7,14
2025-11-26T02:00,20.5,78,0,5.8,36
2025-11-26T03:00,19.7,82,0,4.3,42
2025-11-26T04:00,19.5,81,0,4.6,26
2025-11-26T05:00,19.5,84,0,5.1,23
2025-11-26T06:00,19.3,83,0,4.7,28
2025-11-26T07:00,20.1,78,0,5.2,41
2025-11-26T08:00,22.3,67,0,4.8,53
2025-11-26T09:00,24.7,57,0,5.4,69
2025-11-26T10:00,26.6,50,0,5.7,72
2025-11-26T11:00,27.6,47,1,4.5,85
2025-11-26T12:00,28.8,44,1,4.8,75
2025-11-26T13:00,29.7,41,1,5.6,48
2025-11-26T14:00,29.8,40,2,6.6,35
2025-11-26T15:00,29.0,42,3,6.9,45
2025-11-26T16:00,28.5,44,1,6.8,73
2025-11-26T17:00,27.5,47,0,8.3,110
2025-11-26T18:00,26.3,53,0,7.2,122
2025-11-26T19:00,25.5,56,0,6.0,131
2025-11-26T20:00,24.6,60,0,4.5,124
2025-11-26T21:00,24.0,64,0,2.4,103
2025-11-26T22:00,23.2,67,0,4.5,92
2025-11-26T23:00,22.7,70,0,3.6,72
2025-11-27T00:00,21.7,73,0,5.3,45
2025-11-27T01:00,21.3,74,0,6.4,63
2025-11-27T02:00,20.8,75,0,5.6,50
2025-11-27T03:00,20.1,79,0,6.2,21
2025-11-27T04:00,19.4,81,0,6.7,9
2025-11-27T05:00,19.3,83,0,6.7,14
2025-11-27T06:00,19.3,80,0,5.9,20
2025-11-27T07:00,20.1,75,0,6.4,32
2025-11-27T08:00,22.2,65,0,6.4,52
2025-11-27T09:00,24.5,54,0,7.3,65
2025-11-27T10:00,26.4,47,0,7.7,74
2025-11-27T11:00,27.4,46,0,7.2,68
2025-11-27T12:00,28.4,43,1,11.7,38
2025-11-27T13:00,28.9,40,3,8.4,37
2025-11-27T14:00,29.7,36,1,8.4,31
2025-11-27T15:00,29.8,34,1,9.5,32
2025-11-27T16:00,29.5,34,1,11.5,30
2025-11-27T17:00,27.1,44,0,11.1,43
2025-11-27T18:00,25.4,50,0,4.3,66
2025-11-27T19:00,24.2,54,0,4.7,72
2025-11-27T20:00,23.8,55,0,6.5,46
2025-11-27T21:00,23.2,55,0,10.7,33
2025-11-27T22:00,22.3,58,0,12.6,25
2025-11-27T23:00,21.4,63,0,10.7,23
2025-11-28T00:00,20.5,66,0,10.4,18
2025-11-28T01:00,19.6,69,0,10.1,17
2025-11-28T02:00,18.9,69,1,10.5,12
2025-11-28T03:00,18.2,67,1,10.4,9
2025-11-28T04:00,17.5,65,1,10.3,11
2025-11-28T05:00,17.1,64,3,9.9,21
2025-11-28T06:00,16.8,64,1,8.3,24
2025-11-28T07:00,17.5,61,0,8.4,28
2025-11-28T08:00,19.5,52,0,7.2,35
2025-11-28T09:00,21.6,45,0,7.9,45
2025-11-28T10:00,23.5,38,0,8.6,53
2025-11-28T11:00,25.0,32,2,8.3,48
2025-11-28T12:00,25.9,30,0,7.9,45
2025-11-28T13:00,26.5,29,0,7.6,43
2025-11-28T14:00,26.6,29,0,7.0,42
2025-11-28T15:00,26.4,31,0,5.9,40
2025-11-28T16:00,26.0,32,0,4.6,54
2025-11-28T17:00,24.3,38,0,7.3,120
2025-11-28T18:00,23.1,42,0,6.8,108
2025-11-28T19:00,22.1,44,0,5.6,105
2025-11-28T20:00,20.9,48,0,5.2,90
2025-11-28T21:00,20.3,50,2,6.1,45
2025-11-28T22:00,19.2,56,0,9.4,4
2025-11-28T23:00,18.0,61,0,10.4,351
2025-11-29T00:00,16.5,67,2,5.4,6
2025-11-29T01:00,15.4,73,2,3.7,35
2025-11-29T02:00,15.2,72,1,4.7,356
2025-11-29T03:00,15.0,73,0,5.2,348
2025-11-29T04:00,14.9,74,0,6.2,348
2025-11-29T05:00,14.9,76,1,7.4,359
2025-11-29T06:00,14.5,79,2,6.5,360
2025-11-29T07:00,15.9,72,3,8.0,9
2025-11-29T08:00,18.5,60,1,6.0,25
2025-11-29T09:00,21.0,50,0,6.1,40
2025-11-29T10:00,23.2,44,3,5.7,55
2025-11-29T11:00,24.9,38,3,6.2,75
2025-11-29T12:00,26.0,35,2,6.0,63
2025-11-29T13:00,26.6,33,1,6.3,59
2025-11-29T14:00,26.7,33,3,6.4,54
2025-11-29T15:00,26.4,35,3,6.1,43
2025-11-29T16:00,25.8,37,2,4.2,43
2025-11-29T17:00,23.7,45,2,3.5,114
2025-11-29T18:00,22.4,47,3,4.6,111
2025-11-29T19:00,21.8,49,3,3.1,121
2025-11-29T20:00,21.5,49,3,1.5,126
2025-11-29T21:00,20.8,51,3,1.1,18
2025-11-29T22:00,19.0,57,3,5.2,4
2025-11-29T23:00,18.7,61,3,9.4,358
2025-11-30T00:00,17.1,67,3,8.4,349
2025-11-30T01:00,16.5,67,3,8.0,351
2025-11-30T02:00,16.1,66,3,7.1,353
2025-11-30T03:00,15.8,68,3,5.4,354
2025-11-30T04:00,15.2,71,3,5.8,356
2025-11-30T05:00,15.4,73,3,7.9,4
2025-11-30T06:00,15.5,73,3,9.2,359
2025-11-30T07:00,16.5,70,3,9.4,356
2025-11-30T08:00,19.1,59,3,7.2,359
2025-11-30T09:00,21.6,50,3,7.9,17
2025-11-30T10:00,24.0,42,3,7.8,52
2025-11-30T11:00,25.5,37,3,8.9,72
2025-11-30T12:00,26.2,35,3,6.9,73
2025-11-30T13:00,26.5,33,3,5.4,82
2025-11-30T14:00,26.7,32,3,5.5,73
2025-11-30T15:00,26.4,33,3,5.0,55
2025-11-30T16:00,25.9,35,3,5.1,54
2025-11-30T17:00,24.6,39,3,7.4,93
2025-11-30T18:00,23.8,42,3,7.4,97
2025-11-30T19:00,23.0,45,3,4.7,94
2025-11-30T20:00,22.0,49,3,2.7,98
2025-11-30T21:00,20.9,51,2,4.6,42
2025-11-30T22:00,19.6,58,2,4.9,17
2025-11-30T23:00,19.1,61,0,7.1,7
2025-12-01T00:00,17.2,67,2,5.1,343
2025-12-01T01:00,16.5,70,3,5.4,339
2025-12-01T02:00,16.2,71,0,6.0,353
2025-12-01T03:00,15.7,71,0,6.0,344
2025-12-01T04:00,15.6,71,3,6.6,349
2025-12-01T05:00,15.6,72,3,8.0,352
2025-12-01T06:00,15.3,73,1,6.3,353
2025-12-01T07:00,16.4,69,0,8.5,356
2025-12-01T08:00,19.1,58,1,6.2,7
2025-12-01T09:00,22.0,49,3,6.5,28
2025-12-01T10:00,24.2,43,3,7.2,51
2025-12-01T11:00,26.1,38,0,7.9,66
2025-12-01T12:00,27.1,35,0,7.2,65
2025-12-01T13:00,27.6,33,0,5.8,56
2025-12-01T14:00,27.8,32,0,4.6,48
2025-12-01T15:00,27.6,32,0,3.3,49
2025-12-01T16:00,27.0,34,0,3.5,75
2025-12-01T17:00,24.7,42,1,4.7,99
2025-12-01T18:00,23.9,44,3,6.9,120
2025-12-01T19:00,23.1,47,3,5.1,117
2025-12-01T20:00,22.9,50,3,1.0,68
2025-12-01T21:00,22.5,54,1,0.4,243
2025-12-01T22:00,21.6,52,0,0.6,342
2025-12-01T23:00,20.1,58,0,3.9,28
2025-12-02T00:00,18.0,68,0,6.5,6
2025-12-02T01:00,16.8,76,0,5.4,358
2025-12-02T02:00,16.1,79,0,7.0,356
2025-12-02T03:00,15.6,82,0,6.2,348
2025-12-02T04:00,15.2,83,0,7.0,347
2025-12-02T05:00,14.8,82,0,9.7,348
2025-12-02T06:00,14.9,80,0,8.8,359
2025-12-02T07:00,15.8,76,0,9.4,4
2025-12-02T08:00,18.8,62,1,6.5,14
2025-12-02T09:00,21.9,49,0,6.9,30
2025-12-02T10:00,24.6,41,0,7.6,47
2025-12-02T11:00,26.3,38,0,9.5,54
2025-12-02T12:00,27.3,35,0,7.3,50
2025-12-02T13:00,27.9,33,1,6.0,46
2025-12-02T14:00,28.2,32,0,5.1,45
2025-12-02T15:00,28.1,32,1,4.2,54
2025-12-02T16:00,27.4,34,1,5.0,90
2025-12-02T17:00,24.8,42,0,5.2,117
2025-12-02T18:00,23.4,47,2,5.5,117
2025-12-02T19:00,22.6,51,2,2.2,104
2025-12-02T20:00,21.9,54,0,1.5,126
2025-12-02T21:00,21.2,56,0,1.2,51
2025-12-02T22:00,20.3,59,1,2.4,27
2025-12-02T23:00,19.4,64,0,4.6,21
2025-12-03T00:00,17.7,72,1,5.8,360
2025-12-03T01:00,16.6,77,0,6.2,353
2025-12-03T02:00,15.8,79,0,7.4,357
2025-12-03T03:00,15.3,78,0,9.3,347
2025-12-03T04:00,14.9,79,0,9.1,345
2025-12-03T05:00,14.6,81,0,9.3,352
2025-12-03T06:00,14.6,80,0,6.5,358
2025-12-03T07:00,15.9,73,2,8.0,5
2025-12-03T08:00,18.8,59,0,6.5,19
2025-12-03T09:00,21.5,48,0,7.5,35
2025-12-03T10:00,24.0,42,0,7.8,42
2025-12-03T11:00,25.8,38,0,9.6,53
2025-12-03T12:00,27.0,35,0,8.2,57
2025-12-03T13:00,27.6,34,0,7.2,62
2025-12-03T14:00,27.7,34,0,7.0,61
2025-12-03T15:00,27.4,35,0,7.6,59
2025-12-03T16:00,26.6,38,0,8.3,77
2025-12-03T17:00,24.5,45,0,10.1,107
2025-12-03T18:00,23.5,48,0,8.9,104
2025-12-03T19:00,22.9,49,0,7.7,102
2025-12-03T20:00,22.2,50,0,6.3,92
2025-12-03T21:00,21.0,54,0,6.5,34
2025-12-03T22:00,19.6,61,0,5.5,13
2025-12-03T23:00,18.8,65,0,4.5,358
2025-12-04T00:00,17.5,69,0,5.2,2
2025-12-04T01:00,17.4,66,0,7.6,360
2025-12-04T02:00,17.0,66,0,8.1,355
2025-12-04T03:00,16.4,69,0,8.9,354
2025-12-04T04:00,15.9,72,0,8.8,355
2025-12-04T05:00,15.8,72,0,8.3,355
2025-12-04T06:00,15.4,74,0,6.7,355
2025-12-04T07:00,16.3,70,0,7.8,356
2025-12-04T08:00,19.0,60,0,5.2,12
2025-12-04T09:00,21.8,48,0,5.7,49
2025-12-04T10:00,24.2,39,0,8.1,69
2025-12-04T11:00,25.7,34,0,9.7,74
2025-12-04T12:00,26.7,31,0,9.1,76
2025-12-04T13:00,27.2,29,0,8.0,67
2025-12-04T14:00,27.4,28,0,7.5,55
2025-12-04T15:00,27.1,29,0,6.7,52
2025-12-04T16:00,26.5,31,0,6.1,62
2025-12-04T17:00,24.4,38,0,2.7,62
2025-12-04T18:00,22.9,41,0,2.8,105
2025-12-04T19:00,21.6,46,0,4.4,120
2025-12-04T20:00,21.0,48,0,2.2,156
2025-12-04T21:00,20.2,51,0,1.8,84
2025-12-04T22:00,19.0,55,0,5.1,27
2025-12-04T23:00,18.8,59,0,8.5,4
2025-12-05T00:00,17.2,67,3,7.1,354
2025-12-05T01:00,16.2,73,3,6.1,14
2025-12-05T02:00,15.9,74,3,8.1,5
2025-12-05T03:00,15.7,74,3,9.0,3
2025-12-05T04:00,15.6,74,3,10.3,360
2025-12-05T05:00,15.2,76,3,10.3,360
2025-12-05T06:00,15.0,77,3,7.8,9
2025-12-05T07:00,16.0,73,0,8.8,12
2025-12-05T08:00,18.5,62,0,7.2,27
2025-12-05T09:00,21.2,52,0,8.3,41
2025-12-05T10:00,23.6,44,0,9.2,51
2025-12-05T11:00,25.2,39,0,9.4,64
2025-12-05T12:00,26.2,36,0,8.3,66
2025-12-05T13:00,26.9,34,0,7.8,61
2025-12-05T14:00,27.2,34,0,7.2,58
2025-12-05T15:00,27.1,34,3,6.6,55
2025-12-05T16:00,26.6,35,2,5.5,58
2025-12-05T17:00,24.1,40,0,3.4,25
2025-12-05T18:00,22.1,46,0,3.4,74
2025-12-05T19:00,20.9,52,3,4.6,101
2025-12-05T20:00,20.2,57,3,4.6,79
2025-12-05T21:00,19.9,54,3,5.9,35
2025-12-05T22:00,19.1,51,3,8.9,8
2025-12-05T23:00,18.0,55,3,9.2,360
2025-12-06T00:00,16.8,59,2,8.5,348
2025-12-06T01:00,15.8,62,3,8.5,347
2025-12-06T02:00,15.2,65,3,8.4,351
2025-12-06T03:00,14.7,68,3,8.5,356
2025-12-06T04:00,14.2,71,3,8.3,358
2025-12-06T05:00,14.1,70,3,8.7,356
2025-12-06T06:00,13.8,70,3,7.8,356
2025-12-06T07:00,14.7,64,3,8.5,7
2025-12-06T08:00,17.2,50,3,6.7,19
2025-12-06T09:00,19.7,38,3,7.4,26
2025-12-06T10:00,22.1,31,3,6.9,31
2025-12-06T11:00,24.1,29,3,6.9,47
2025-12-06T12:00,25.5,26,3,5.1,42
2025-12-06T13:00,26.3,25,3,3.5,24
2025-12-06T14:00,26.6,25,3,4.0,5
2025-12-06T15:00,26.4,26,3,5.3,352
2025-12-06T16:00,25.6,28,3,6.1,341
2025-12-06T17:00,23.2,36,3,2.6,321
2025-12-06T18:00,21.3,41,0,0.9,281
2025-12-06T19:00,20.4,48,2,0.4,297
2025-12-06T20:00,19.8,50,2,0.5,315
2025-12-06T21:00,18.5,50,2,3.1,353
2025-12-06T22:00,17.0,58,3,5.2,358
2025-12-06T23:00,16.8,59,3,7.6,352
2025-12-07T00:00,15.5,63,3,7.2,348
2025-12-07T01:00,15.1,60,3,9.5,350
2025-12-07T02:00,14.3,59,3,7.4,356
2025-12-07T03:00,13.5,63,3,5.7,351
2025-12-07T04:00,13.1,66,3,4.9,343
2025-12-07T05:00,13.3,67,3,3.9,336
2025-12-07T06:00,12.6,71,3,4.3,336
2025-12-07T07:00,14.0,66,3,7.6,348
2025-12-07T08:00,17.1,53,3,5.4,8
2025-12-07T09:00,20.2,44,3,6.5,23
2025-12-07T10:00,22.6,37,3,6.5,28
2025-12-07T11:00,24.7,31,3,6.5,42
2025-12-07T12:00,26.4,25,2,6.1,47
2025-12-07T13:00,27.5,22,2,6.2,57
2025-12-07T14:00,28.0,20,3,6.4,63
2025-12-07T15:00,27.7,21,3,5.8,64
2025-12-07T16:00,26.9,23,1,4.5,95
2025-12-07T17:00,24.8,29,3,6.5,124
2025-12-07T18:00,22.7,37,3,5.1,138
2025-12-07T19:00,22.2,40,3,1.7,148
2025-12-07T20:00,21.8,45,3,0.8,45
2025-12-07T21:00,20.4,44,3,2.4,9
2025-12-07T22:00,18.7,49,3,5.9,358
2025-12-07T23:00,17.8,54,2,8.1,359
2025-12-08T00:00,15.8,62,0,6.9,6
2025-12-08T01:00,15.3,63,0,6.5,360
2025-12-08T02:00,14.5,64,0,5.9,348
2025-12-08T03:00,13.7,66,1,5.9,340
2025-12-08T04:00,13.5,65,2,7.4,342
2025-12-08T05:00,13.6,63,1,10.2,351
2025-12-08T06:00,13.6,62,2,9.8,352
2025-12-08T07:00,14.6,57,0,10.3,356
2025-12-08T08:00,17.7,46,0,6.9,5
2025-12-08T09:00,21.0,36,0,6.5,19
2025-12-08T10:00,23.6,30,0,6.6,26
2025-12-08T11:00,26.0,23,0,6.1,56
2025-12-08T12:00,27.8,18,0,7.1,71
2025-12-08T13:00,28.6,17,0,7.2,63
2025-12-08T14:00,28.8,18,0,5.9,55
2025-12-08T15:00,28.6,20,0,4.1,45
2025-12-08T16:00,27.9,22,0,1.5,76
2025-12-08T17:00,24.8,29,0,3.7,141
2025-12-08T18:00,23.4,33,0,2.2,125
2025-12-08T19:00,22.8,34,3,1.2,27
2025-12-08T20:00,21.5,37,1,4.0,8
2025-12-08T21:00,20.4,41,1,6.9,355
2025-12-08T22:00,19.3,42,2,8.4,349
2025-12-08T23:00,18.6,44,0,8.7,353
2025-12-09T00:00,17.1,49,0,7.6,352
2025-12-09T01:00,16.2,54,0,8.1,347
2025-12-09T02:00,15.3,58,0,8.2,346
2025-12-09T03:00,14.6,61,0,8.3,346
2025-12-09T04:00,14.0,64,0,7.5,349
2025-12-09T05:00,13.8,66,0,8.8,351
2025-12-09T06:00,13.9,64,0,7.5,352
2025-12-09T07:00,15.1,59,0,8.8,359
2025-12-09T08:00,18.2,49,0,6.2,12
2025-12-09T09:00,21.3,39,0,7.7,28
2025-12-09T10:00,24.1,33,0,9.0,33
2025-12-09T11:00,26.3,28,0,9.1,39
2025-12-09T12:00,27.9,24,0,9.8,38
2025-12-09T13:00,29.2,20,0,10.5,33
2025-12-09T14:00,29.6,18,0,10.6,32
2025-12-09T15:00,29.5,17,0,10.0,30
2025-12-09T16:00,28.5,18,0,8.6,30
2025-12-09T17:00,25.3,26,0,5.1,23
2025-12-09T18:00,23.0,31,0,5.5,38
2025-12-09T19:00,22.7,32,0,6.9,47
2025-12-09T20:00,22.4,32,0,9.8,32
2025-12-09T21:00,20.7,36,0,9.9,9
2025-12-09T22:00,19.2,41,0,9.2,348
2025-12-09T23:00,18.2,45,0,10.8,342
2025-12-10T00:00,16.9,50,0,10.1,340
2025-12-10T01:00,16.2,52,0,10.3,344
2025-12-10T02:00,15.6,55,0,10.3,348
2025-12-10T03:00,14.9,58,0,9.0,357
2025-12-10T04:00,14.1,61,0,7.9,4
2025-12-10T05:00,14.0,61,0,8.1,5
2025-12-10T06:00,13.5,63,0,5.1,6
2025-12-10T07:00,14.8,59,0,4.1,2
2025-12-10T08:00,17.6,48,0,3.1,21
2025-12-10T09:00,20.6,37,0,5.5,36
2025-12-10T10:00,23.3,30,0,6.6,43
2025-12-10T11:00,25.8,24,0,7.9,47
2025-12-10T12:00,27.1,21,0,6.5,39
2025-12-10T13:00,27.8,18,0,4.8,22
2025-12-10T14:00,28.1,18,0,4.7,360
2025-12-10T15:00,27.9,19,0,4.5,358
2025-12-10T16:00,27.2,21,0,2.9,330
2025-12-10T17:00,23.7,29,0,3.5,294
2025-12-10T18:00,21.3,38,0,3.5,285
2025-12-10T19:00,20.4,42,0,1.1,342
2025-12-10T20:00,20.0,47,0,0.9,127
2025-12-10T21:00,19.2,43,0,1.7,13
2025-12-10T22:00,17.8,46,0,7.0,359
2025-12-10T23:00,16.8,50,0,9.4,348
2025-12-11T00:00,15.3,55,0,8.2,341
2025-12-11T01:00,14.7,57,0,8.0,344
2025-12-11T02:00,14.1,58,0,6.8,343
2025-12-11T03:00,13.6,60,0,6.7,352
2025-12-11T04:00,13.1,62,0,6.5,355
2025-12-11T05:00,13.2,64,0,6.3,353
2025-12-11T06:00,12.2,69,0,5.2,356
2025-12-11T07:00,13.8,64,0,6.7,360
2025-12-11T08:00,16.8,53,0,5.2,16
2025-12-11T09:00,20.0,43,0,5.8,30
2025-12-11T10:00,22.7,36,0,6.4,40
2025-12-11T11:00,25.0,31,0,6.5,56
2025-12-11T12:00,26.5,25,0,3.7,79
2025-12-11T13:00,27.3,22,0,1.0,59
2025-12-11T14:00,27.6,21,0,1.2,309
2025-12-11T15:00,27.5,21,0,2.9,317
2025-12-11T16:00,26.7,23,0,5.9,322
2025-12-11T17:00,24.0,32,0,3.8,319
2025-12-11T18:00,22.7,43,0,0.2,270
2025-12-11T19:00,20.8,40,0,5.2,158
2025-12-11T20:00,20.3,44,0,3.8,169
2025-12-11T21:00,19.5,46,0,2.3,238
2025-12-11T22:00,17.7,52,0,3.7,281
2025-12-11T23:00,17.1,56,0,5.6,312
2025-12-12T00:00,15.5,61,0,5.9,322
2025-12-12T01:00,15.0,64,0,5.3,342
2025-12-12T02:00,14.8,65,0,6.3,336
2025-12-12T03:00,14.2,69,0,6.7,340
2025-12-12T04:00,13.4,74,0,5.7,342
2025-12-12T05:00,13.1,76,0,6.4,344
2025-12-12T06:00,12.9,77,0,5.5,351
2025-12-12T07:00,13.8,72,0,7.1,354
2025-12-12T08:00,17.0,59,0,5.3,352
2025-12-12T09:00,20.7,47,0,5.2,6
2025-12-12T10:00,23.7,38,0,6.5,30
2025-12-12T11:00,25.7,29,0,5.4,53
2025-12-12T12:00,27.1,24,0,3.7,43
2025-12-12T13:00,27.7,22,0,2.7,28
2025-12-12T14:00,28.0,22,0,2.6,348
2025-12-12T15:00,27.7,23,0,4.4,330
2025-12-12T16:00,26.9,26,0,6.9,323
2025-12-12T17:00,24.6,33,0,6.7,308
2025-12-12T18:00,22.3,40,0,3.5,282
2025-12-12T19:00,21.6,40,0,1.5,150
2025-12-12T20:00,20.8,43,0,5.6,115
2025-12-12T21:00,20.6,43,0,1.3,360
2025-12-12T22:00,18.9,51,0,5.2,344
2025-12-12T23:00,18.3,56,0,6.4,350
2025-12-13T00:00,16.5,64,0,6.2,353
2025-12-13T01:00,15.7,68,0,5.8,351
2025-12-13T02:00,15.4,68,0,6.5,352
2025-12-13T03:00,14.6,71,0,5.2,358
2025-12-13T04:00,13.9,74,0,4.7,344
2025-12-13T05:00,14.0,71,0,6.4,349
2025-12-13T06:00,13.6,72,0,6.0,353
2025-12-13T07:00,14.6,69,0,8.3,2
2025-12-13T08:00,17.6,58,0,6.1,5
2025-12-13T09:00,20.8,46,0,5.9,23
2025-12-13T10:00,23.6,36,0,6.4,40
2025-12-13T11:00,25.6,31,0,5.1,48
2025-12-13T12:00,27.2,26,0,3.5,28
2025-12-13T13:00,27.9,23,0,3.6,360
2025-12-13T14:00,28.1,22,0,4.4,348
2025-12-13T15:00,27.9,22,0,5.6,338
2025-12-13T16:00,27.1,24,0,7.4,328
2025-12-13T17:00,25.1,30,0,4.9,324
2025-12-13T18:00,23.5,34,0,1.8,294
2025-12-13T19:00,22.4,42,0,0.6,108
2025-12-13T20:00,21.2,41,0,1.9,61
2025-12-13T21:00,19.6,47,0,4.0,3
2025-12-13T22:00,18.9,50,0,6.5,3
2025-12-13T23:00,18.3,53,0,9.0,355
2025-12-14T00:00,17.1,57,0,8.5,358
2025-12-14T01:00,16.3,59,0,7.4,354
2025-12-14T02:00,15.6,61,0,6.7,352
2025-12-14T03:00,14.7,65,0,6.2,350
2025-12-14T04:00,14.2,68,0,6.1,348
2025-12-14T05:00,13.8,70,0,6.5,347
2025-12-14T06:00,13.3,73,0,5.4,346
2025-12-14T07:00,14.5,68,0,7.8,352
2025-12-14T08:00,17.6,56,0,6.7,360
2025-12-14T09:00,20.8,46,0,6.9,15
2025-12-14T10:00,23.4,39,0,7.5,30
2025-12-14T11:00,25.4,32,0,7.0,35
2025-12-14T12:00,26.8,26,0,5.4,26
2025-12-14T13:00,27.6,24,0,5.4,8
2025-12-14T14:00,27.8,23,0,6.0,3
2025-12-14T15:00,27.6,24,0,5.9,2
2025-12-14T16:00,26.9,26,0,6.3,353
2025-12-14T17:00,24.6,35,0,3.4,328
2025-12-14T18:00,23.0,40,0,1.8,323
2025-12-14T19:00,21.2,44,0,4.5,83
2025-12-14T20:00,20.2,47,0,5.1,73
2025-12-14T21:00,19.8,48,0,6.9,25
2025-12-14T22:00,18.9,51,0,9.9,2
2025-12-14T23:00,17.9,55,0,9.9,351
2025-12-15T00:00,16.7,59,0,8.3,347
2025-12-15T01:00,15.9,63,0,7.8,347
2025-12-15T02:00,15.3,67,0,7.8,352
2025-12-15T03:00,14.6,72,0,7.1,351
2025-12-15T04:00,14.1,76,0,6.7,344
2025-12-15T05:00,13.9,77,0,7.7,344
2025-12-15T06:00,13.8,79,0,6.0,350
2025-12-15T07:00,14.7,75,0,8.1,355
2025-12-15T08:00,17.4,63,0,7.2,1
2025-12-15T09:00,20.1,52,0,7.0,26
2025-12-15T10:00,22.6,44,0,6.6,43
2025-12-15T11:00,24.4,39,0,4.8,63
2025-12-15T12:00,26.1,33,0,2.9,94
2025-12-15T13:00,27.0,31,0,1.8,101
2025-12-15T14:00,27.3,29,0,1.3,56
2025-12-15T15:00,27.2,29,0,2.7,20
2025-12-15T16:00,26.5,31,0,3.4,16
2025-12-15T17:00,23.9,40,0,3.1,353
2025-12-15T18:00,22.3,44,0,2.0,350
2025-12-15T19:00,21.6,47,0,0.9,53
2025-12-15T20:00,20.7,50,0,2.1,105
2025-12-15T21:00,20.0,53,0,2.9,112
2025-12-15T22:00,19.1,57,0,2.6,51
2025-12-15T23:00,17.8,63,0,4.7,4
2025-12-16T00:00,16.2,69,0,7.0,348
2025-12-16T01:00,15.2,73,0,7.2,348
2025-12-16T02:00,14.5,75,0,7.3,349
2025-12-16T03:00,14.0,77,0,7.1,351
2025-12-16T04:00,13.5,78,0,6.4,349
2025-12-16T05:00,13.2,77,0,6.2,352
2025-12-16T06:00,12.2,81,0,4.6,351
2025-12-16T07:00,13.7,74,0,6.5,357
2025-12-16T08:00,16.8,61,0,5.6,17
2025-12-16T09:00,19.7,52,0,6.2,38
2025-12-16T10:00,22.3,44,0,5.7,55
2025-12-16T11:00,24.3,38,0,5.6,75
2025-12-16T12:00,25.9,34,0,4.0,100
2025-12-16T13:00,26.8,32,0,2.8,125
2025-12-16T14:00,27.4,30,0,1.3,106
2025-12-16T15:00,27.3,30,0,1.1,9
2025-12-16T16:00,26.7,31,0,2.7,337
2025-12-16T17:00,24.3,40,0,3.1,339
2025-12-16T18:00,22.4,47,0,3.8,349
2025-12-16T19:00,21.7,50,0,2.3,4
2025-12-16T20:00,21.0,52,0,1.5,60
2025-12-16T21:00,20.5,55,0,0.9,127
2025-12-16T22:00,19.4,58,0,0.4,333
2025-12-16T23:00,17.8,64,0,3.1,332
2025-12-17T00:00,15.5,73,0,4.8,333
2025-12-17T01:00,14.7,76,0,5.0,339
2025-12-17T02:00,14.3,78,0,7.0,347
2025-12-17T03:00,13.6,79,0,7.3,340
2025-12-17T04:00,13.0,80,0,6.7,336
2025-12-17T05:00,12.7,80,0,7.6,345
2025-12-17T06:00,12.2,82,0,5.4,352
2025-12-17T07:00,12.8,80,0,7.0,357
2025-12-17T08:00,15.7,65,0,4.2,7
2025-12-17T09:00,19.3,49,0,4.0,27
2025-12-17T10:00,22.6,36,0,4.3,33
2025-12-17T11:00,24.9,28,0,3.3,29
2025-12-17T12:00,27.0,21,0,2.2,360
2025-12-17T13:00,28.0,19,0,2.3,337
2025-12-17T14:00,28.6,18,0,3.1,332
2025-12-17T15:00,28.5,18,0,4.1,322
2025-12-17T16:00,27.6,19,0,5.4,307
2025-12-17T17:00,24.9,27,0,2.8,281
2025-12-17T18:00,23.4,28,0,1.5,225
2025-12-17T19:00,22.1,31,0,1.9,202
2025-12-17T20:00,20.5,35,0,1.8,246
2025-12-17T21:00,18.6,40,0,4.8,318
2025-12-17T22:00,17.8,46,0,5.6,327
2025-12-17T23:00,17.4,52,0,7.8,337
2025-12-18T00:00,15.8,62,0,6.9,353
2025-12-18T01:00,15.1,66,0,7.8,355
2025-12-18T02:00,14.4,68,0,7.5,349
2025-12-18T03:00,13.8,68,0,8.3,349
2025-12-18T04:00,13.4,68,0,9.5,349
2025-12-18T05:00,13.7,69,0,9.8,353
2025-12-18T06:00,13.8,71,0,9.4,358
2025-12-18T07:00,14.6,69,0,10.4,1
2025-12-18T08:00,17.5,60,0,9.0,2
2025-12-18T09:00,20.9,50,0,7.6,7
2025-12-18T10:00,23.9,39,0,8.1,18
2025-12-18T11:00,26.2,29,0,7.7,33
2025-12-18T12:00,27.7,23,0,5.9,35
2025-12-18T13:00,28.5,22,0,5.1,23
2025-12-18T14:00,28.7,22,0,5.4,360
2025-12-18T15:00,28.6,24,0,6.9,343
2025-12-18T16:00,28.4,23,0,7.7,330
2025-12-18T17:00,25.5,30,0,4.8,283
2025-12-18T18:00,22.8,39,0,3.2,304
2025-12-18T19:00,21.9,39,0,6.2,17
2025-12-18T20:00,21.2,39,0,6.8,22
2025-12-18T21:00,19.3,43,0,5.4,358
2025-12-18T22:00,19.0,41,0,7.1,350
2025-12-18T23:00,18.8,45,0,8.6,360
2025-12-19T00:00,17.1,53,0,8.8,351
2025-12-19T01:00,16.0,59,0,9.7,349
2025-12-19T02:00,15.0,64,0,9.0,350
2025-12-19T03:00,14.1,67,0,7.6,346
2025-12-19T04:00,13.3,71,0,7.2,342
2025-12-19T05:00,13.2,69,0,7.6,342
2025-12-19T06:00,12.7,74,0,6.5,346
2025-12-19T07:00,13.5,72,0,8.0,350
2025-12-19T08:00,16.3,60,0,5.9,358
2025-12-19T09:00,19.7,47,0,5.9,11
2025-12-19T10:00,22.4,39,0,7.1,19
2025-12-19T11:00,24.7,31,0,6.8,2
2025-12-19T12:00,26.1,27,0,7.1,344
2025-12-19T13:00,26.8,26,0,8.4,341
2025-12-19T14:00,27.2,26,0,8.7,346
2025-12-19T15:00,27.2,27,0,8.1,347
2025-12-19T16:00,26.8,29,0,6.7,333
2025-12-19T17:00,24.4,35,0,4.9,306
2025-12-19T18:00,22.7,41,0,5.4,358
2025-12-19T19:00,22.2,37,0,8.0,42
2025-12-19T20:00,20.8,41,0,9.1,32
2025-12-19T21:00,19.7,48,0,11.6,26
2025-12-19T22:00,18.5,55,0,8.9,19
2025-12-19T23:00,17.6,60,0,8.9,13
2025-12-20T00:00,16.2,68,0,7.6,15
2025-12-20T01:00,15.3,74,0,8.1,3
2025-12-20T02:00,14.4,80,0,8.3,356
2025-12-20T03:00,13.7,84,0,10.8,357
2025-12-20T04:00,13.2,85,0,11.5,360
2025-12-20T05:00,12.7,85,0,10.3,360
2025-12-20T06:00,12.2,86,0,8.1,354
2025-12-20T07:00,12.7,81,0,8.7,354
2025-12-20T08:00,15.4,67,0,6.5,358
2025-12-20T09:00,18.4,54,0,6.7,16
2025-12-20T10:00,21.3,42,0,7.1,30
2025-12-20T11:00,23.7,33,0,6.5,42
2025-12-20T12:00,25.6,28,0,6.2,41
2025-12-20T13:00,26.8,26,0,6.2,44
2025-12-20T14:00,27.4,24,0,6.0,49
2025-12-20T15:00,27.6,22,0,6.3,53
2025-12-20T16:00,27.1,22,0,6.8,65
2025-12-20T17:00,24.4,29,0,5.0,90
2025-12-20T18:00,22.0,38,0,5.2,88
2025-12-20T19:00,20.6,44,0,5.5,77
2025-12-20T20:00,19.9,43,0,6.0,61
2025-12-20T21:00,18.5,42,0,5.6,29
2025-12-20T22:00,17.8,43,0,6.4,352
2025-12-20T23:00,16.9,47,0,8.3,344
2025-12-21T00:00,15.1,51,0,7.5,349
2025-12-21T01:00,14.6,53,1,7.8,355
2025-12-21T02:00,14.0,57,3,6.7,357
2025-12-21T03:00,13.8,62,1,7.4,359
2025-12-21T04:00,13.4,67,0,8.5,7
2025-12-21T05:00,13.2,71,0,8.9,9
2025-12-21T06:00,12.9,75,0,6.7,8
2025-12-21T07:00,13.4,73,1,7.4,6
2025-12-21T08:00,16.2,61,3,6.0,10
2025-12-21T09:00,19.1,49,3,6.7,20
2025-12-21T10:00,21.6,41,3,6.5,32
2025-12-21T11:00,23.5,37,3,6.1,43
2025-12-21T12:00,25.4,30,3,5.0,52
2025-12-21T13:00,26.5,26,3,4.5,53
2025-12-21T14:00,26.9,26,3,4.9,57
2025-12-21T15:00,26.7,26,3,4.5,67
2025-12-21T16:00,26.1,29,2,4.4,81
2025-12-21T17:00,23.7,38,1,3.9,118
2025-12-21T18:00,22.3,42,1,5.8,144
2025-12-21T19:00,20.8,47,3,5.2,158
2025-12-21T20:00,20.6,48,0,2.8,153
2025-12-21T21:00,20.3,49,1,0.3,315
2025-12-21T22:00,18.7,54,3,7.0,347
2025-12-21T23:00,17.8,57,1,9.8,354
2025-12-22T00:00,16.4,58,3,7.8,351
2025-12-22T01:00,15.9,57,3,7.9,349
2025-12-22T02:00,15.4,57,3,7.4,353
2025-12-22T03:00,14.6,62,3,6.5,352
2025-12-22T04:00,13.9,66,3,5.8,353
2025-12-22T05:00,13.6,69,3,7.2,359
2025-12-22T06:00,13.5,71,3,7.0,3
2025-12-22T07:00,14.2,69,3,8.4,7
2025-12-22T08:00,16.8,59,3,7.2,18
2025-12-22T09:00,19.5,49,3,8.2,29
2025-12-22T10:00,22.5,39,3,8.6,37
2025-12-22T11:00,25.1,31,3,8.9,38
2025-12-22T12:00,26.5,27,1,7.6,38
2025-12-22T13:00,27.5,26,0,6.8,37
2025-12-22T14:00,28.1,25,0,6.3,39
2025-12-22T15:00,28.1,26,0,6.1,40
2025-12-22T16:00,27.6,28,0,4.8,48
2025-12-22T17:00,25.3,34,0,2.5,98
2025-12-22T18:00,22.8,41,0,4.2,126
2025-12-22T19:00,21.5,47,0,3.8,109
2025-12-22T20:00,20.3,52,0,4.2,40
2025-12-22T21:00,19.8,53,0,5.8,16
2025-12-22T22:00,18.9,53,0,7.2,6
2025-12-22T23:00,18.2,56,0,9.4,5
2025-12-23T00:00,17.0,62,0,9.0,1
2025-12-23T01:00,16.2,66,0,8.8,360
2025-12-23T02:00,15.6,70,0,9.5,358
2025-12-23T03:00,15.0,73,0,9.4,360
2025-12-23T04:00,14.4,76,0,8.8,355
2025-12-23T05:00,13.8,77,0,8.6,358
2025-12-23T06:00,13.8,77,0,7.0,4
2025-12-23T07:00,14.4,74,0,7.8,8
2025-12-23T08:00,17.0,63,0,6.0,16
2025-12-23T09:00,20.1,52,0,7.4,29
2025-12-23T10:00,22.8,42,0,8.5,32
2025-12-23T11:00,24.9,36,0,8.8,46
2025-12-23T12:00,26.5,32,0,8.6,51
2025-12-23T13:00,27.6,29,0,7.9,51
2025-12-23T14:00,28.2,28,0,6.6,55
2025-12-23T15:00,28.3,27,0,5.9,63
2025-12-23T16:00,28.0,27,0,5.8,74
2025-12-23T17:00,25.3,32,0,3.5,66
2025-12-23T18:00,22.9,37,0,4.1,67
2025-12-23T19:00,21.4,42,0,5.4,56
2025-12-23T20:00,20.5,41,1,6.1,28
2025-12-23T21:00,20.5,41,1,8.9,7
2025-12-23T22:00,19.3,48,0,9.7,360
2025-12-23T23:00,18.7,54,0,9.4,1
2025-12-24T00:00,17.3,61,0,8.7,355
2025-12-24T01:00,16.6,66,0,9.2,353
2025-12-24T02:00,15.9,70,0,9.6,352
2025-12-24T03:00,15.3,74,0,9.6,351
2025-12-24T04:00,14.8,77,0,9.2,354
2025-12-24T05:00,14.7,77,0,8.8,2
2025-12-24T06:00,14.7,76,0,7.4,4
2025-12-24T07:00,15.3,73,0,8.5,7
2025-12-24T08:00,18.0,61,0,7.1,15
2025-12-24T09:00,20.8,50,0,7.5,30
2025-12-24T10:00,23.5,42,1,9.0,46
2025-12-24T11:00,25.7,33,3,10.1,55
2025-12-24T12:00,26.9,27,3,8.5,63
2025-12-24T13:00,27.5,24,3,7.2,76
2025-12-24T14:00,27.6,24,3,6.8,78
2025-12-24T15:00,27.4,25,3,6.2,82
2025-12-24T16:00,26.8,27,3,6.0,99
2025-12-24T17:00,24.6,31,3,5.3,135
2025-12-24T18:00,23.1,35,3,7.2,145
2025-12-24T19:00,21.6,40,2,3.1,149
2025-12-24T20:00,20.6,43,0,4.1,165
2025-12-24T21:00,20.2,44,0,1.5,159
2025-12-24T22:00,18.6,48,0,4.5,7
2025-12-24T23:00,18.4,51,1,6.9,351
2025-12-25T00:00,16.8,60,1,5.4,354
2025-12-25T01:00,15.9,66,0,5.2,29
2025-12-25T02:00,15.5,70,2,5.0,358
2025-12-25T03:00,14.9,73,1,5.1,343
2025-12-25T04:00,14.6,74,0,6.7,344
2025-12-25T05:00,14.2,78,0,8.1,348
2025-12-25T06:00,14.3,79,0,7.4,353
2025-12-25T07:00,15.0,78,0,8.8,2
2025-12-25T08:00,17.5,67,0,6.4,11
2025-12-25T09:00,20.3,56,0,6.8,29
2025-12-25T10:00,22.8,47,0,7.4,49
2025-12-25T11:00,24.9,39,0,7.4,67
2025-12-25T12:00,26.2,34,0,5.1,72
2025-12-25T13:00,26.9,31,0,3.6,72
2025-12-25T14:00,27.2,30,0,2.4,63
2025-12-25T15:00,27.0,30,0,1.2,27
2025-12-25T16:00,26.5,31,0,0.5,315
2025-12-25T17:00,24.4,39,0,1.9,151
2025-12-25T18:00,22.3,42,0,5.1,144
2025-12-25T19:00,21.5,44,0,5.5,144
2025-12-25T20:00,20.2,48,0,4.8,167
2025-12-25T21:00,19.1,53,0,3.9,196
2025-12-25T22:00,18.3,57,0,3.1,225
2025-12-25T23:00,18.2,59,0,1.5,330
2025-12-26T00:00,16.8,65,0,8.7,343
2025-12-26T01:00,16.1,68,0,6.9,343
2025-12-26T02:00,15.2,73,0,6.6,347
2025-12-26T03:00,14.5,77,0,6.8,2
2025-12-26T04:00,14.1,79,0,6.2,10
2025-12-26T05:00,13.9,81,0,6.0,357
2025-12-26T06:00,13.5,83,0,4.5,358
2025-12-26T07:00,14.2,79,0,7.0,3
2025-12-26T08:00,16.8,66,0,4.9,10
2025-12-26T09:00,19.8,54,0,5.6,25
2025-12-26T10:00,22.7,44,0,6.1,43
2025-12-26T11:00,24.5,38,0,5.1,58
2025-12-26T12:00,25.8,34,0,3.1,36
2025-12-26T13:00,26.5,33,0,3.1,3
2025-12-26T14:00,26.8,31,0,4.0,350
2025-12-26T15:00,26.8,30,0,5.5,337
2025-12-26T16:00,26.2,30,0,6.8,331
2025-12-26T17:00,24.4,36,0,4.1,326
2025-12-26T18:00,23.3,42,0,0.8,315
2025-12-26T19:00,22.1,44,0,1.0,158
2025-12-26T20:00,20.7,49,0,5.7,127
2025-12-26T21:00,19.9,54,0,2.6,78
2025-12-26T22:00,18.6,59,0,4.3,360
2025-12-26T23:00,18.5,61,0,7.7,18
2025-12-27T00:00,17.0,64,0,6.7,16
2025-12-27T01:00,16.0,65,0,6.0,7
2025-12-27T02:00,15.4,67,0,6.5,5
2025-12-27T03:00,14.7,71,0,6.9,5
2025-12-27T04:00,14.0,75,0,5.8,4
2025-12-27T05:00,13.6,78,0,5.8,353
2025-12-27T06:00,13.1,80,0,5.1,356
2025-12-27T07:00,13.9,77,0,7.7,357
2025-12-27T08:00,16.5,64,0,5.9,360
2025-12-27T09:00,19.5,50,0,5.9,12
2025-12-27T10:00,22.4,37,0,6.0,27
2025-12-27T11:00,24.2,33,0,4.3,22
2025-12-27T12:00,25.7,32,0,2.9,349
2025-12-27T13:00,26.5,31,0,4.1,331
2025-12-27T14:00,26.9,30,0,5.6,333
2025-12-27T15:00,26.8,29,0,6.6,338
2025-12-27T16:00,26.3,29,0,5.9,349
2025-12-27T17:00,24.4,37,0,3.1,7
2025-12-27T18:00,23.1,40,0,2.2,9
2025-12-27T19:00,22.2,42,0,1.3,45
2025-12-27T20:00,21.1,45,0,1.3,164
2025-12-27T21:00,19.4,50,0,2.3,108
2025-12-27T22:00,17.7,57,0,4.7,23
2025-12-27T23:00,17.6,59,0,5.1,39
2025-12-28T00:00,16.1,64,0,5.4,30
2025-12-28T01:00,15.6,65,0,5.6,22
2025-12-28T02:00,14.9,68,0,5.8,22
2025-12-28T03:00,14.4,71,0,6.2,10
2025-12-28T04:00,13.8,74,0,6.1,5
2025-12-28T05:00,13.4,79,0,6.3,357
2025-12-28T06:00,12.9,80,0,5.2,360
2025-12-28T07:00,13.6,77,0,7.7,360
2025-12-28T08:00,16.1,64,0,6.7,3
2025-12-28T09:00,19.0,52,0,5.9,14
2025-12-28T10:00,22.1,40,0,6.1,30
2025-12-28T11:00,24.1,32,0,5.0,38
2025-12-28T12:00,25.7,30,0,3.6,9
2025-12-28T13:00,26.6,29,0,4.8,340
2025-12-28T14:00,27.0,29,0,5.6,339
2025-12-28T15:00,27.0,28,0,5.6,338
2025-12-28T16:00,26.4,28,0,5.5,341
2025-12-28T17:00,24.4,36,0,2.9,338
2025-12-28T18:00,23.1,38,0,1.0,31
2025-12-28T19:00,21.7,41,0,1.4,130
2025-12-28T20:00,19.6,47,0,4.7,189
2025-12-28T21:00,18.5,54,0,3.7,209
2025-12-28T22:00,17.9,56,0,1.1,342
2025-12-28T23:00,17.2,59,0,5.1,352
2025-12-29T00:00,15.8,65,0,5.1,350
2025-12-29T01:00,15.2,67,0,5.6,358
2025-12-29T02:00,14.7,66,0,7.0,3
2025-12-29T03:00,14.2,64,0,6.5,8
2025-12-29T04:00,13.6,66,0,6.0,5
2025-12-29T05:00,13.4,70,0,5.8,4
2025-12-29T06:00,12.8,74,0,5.8,356
2025-12-29T07:00,13.5,72,0,7.8,355
2025-12-29T08:00,16.2,62,0,6.5,360
2025-12-29T09:00,19.2,52,0,6.5,13
2025-12-29T10:00,22.2,40,0,6.5,24
2025-12-29T11:00,24.3,31,0,5.0,35
2025-12-29T12:00,26.1,25,0,4.5,16
2025-12-29T13:00,27.0,23,0,4.3,5
2025-12-29T14:00,27.4,22,0,4.7,358
2025-12-29T15:00,27.3,21,0,4.7,356
2025-12-29T16:00,26.8,22,0,4.2,348
2025-12-29T17:00,24.6,30,0,1.2,321
2025-12-29T18:00,22.7,37,0,0.3,225
2025-12-29T19:00,21.1,36,0,2.6,164
2025-12-29T20:00,20.1,41,0,3.2,133
2025-12-29T21:00,19.3,44,0,2.4,153
2025-12-29T22:00,18.4,47,0,1.0,211
2025-12-29T23:00,17.5,50,0,1.5,284
2025-12-30T00:00,15.1,59,0,4.7,313
2025-12-30T01:00,13.9,65,0,5.8,340
2025-12-30T02:00,13.6,65,0,6.1,348
2025-12-30T03:00,12.8,67,0,5.4,346
2025-12-30T04:00,12.2,68,0,6.1,346
2025-12-30T05:00,12.0,70,0,7.4,347
2025-12-30T06:00,11.7,71,0,5.6,353
2025-12-30T07:00,12.2,70,0,6.5,355
2025-12-30T08:00,15.0,59,0,4.7,358
2025-12-30T09:00,18.7,47,0,3.4,16
2025-12-30T10:00,22.2,34,0,3.7,43
2025-12-30T11:00,24.5,28,0,2.3,58
2025-12-30T12:00,26.4,24,0,0.6,72
2025-12-30T13:00,27.2,22,0,0.4,90
2025-12-30T14:00,27.6,21,0,0.5,90
2025-12-30T15:00,27.5,21,1,0.4,90
2025-12-30T16:00,26.9,22,1,0.7,104
2025-12-30T17:00,24.6,29,2,3.0,166
2025-12-30T18:00,22.0,32,1,4.5,194
2025-12-30T19:00,20.4,40,2,3.8,221
2025-12-30T20:00,19.4,44,1,2.9,191
2025-12-30T21:00,18.5,48,1,3.9,196
2025-12-30T22:00,17.5,52,2,4.8,207
2025-12-30T23:00,17.3,53,2,5.6,213
2025-12-31T00:00,16.2,56,0,3.4,238
2025-12-31T01:00,15.1,60,0,2.4,343
2025-12-31T02:00,14.2,65,0,8.1,356
2025-12-31T03:00,13.0,70,0,5.8,324
2025-12-31T04:00,12.6,73,0,5.2,335
2025-12-31T05:00,12.8,74,0,5.2,335
2025-12-31T06:00,11.8,78,0,4.5,337
2025-12-31T07:00,12.9,73,0,5.4,339
2025-12-31T08:00,16.1,60,0,3.4,354
2025-12-31T09:00,20.1,46,0,2.9,22
2025-12-31T10:00,23.1,36,0,2.3,61
2025-12-31T11:00,24.8,31,0,3.1,156
2025-12-31T12:00,26.7,26,0,4.0,177
2025-12-31T13:00,27.6,24,0,4.2,200
2025-12-31T14:00,27.9,24,0,4.5,209
2025-12-31T15:00,27.8,24,0,4.9,216
2025-12-31T16:00,27.1,25,0,6.2,218
2025-12-31T17:00,25.1,30,0,8.1,208
2025-12-31T18:00,23.0,35,0,7.0,215
2025-12-31T19:00,21.3,41,0,5.4,240
2025-12-31T20:00,20.7,44,0,1.7,229
2025-12-31T21:00,19.6,47,0,1.5,135
2025-12-31T22:00,18.7,49,0,2.9,83
2025-12-31T23:00,18.5,51,0,3.7,101
